date,unit_nav,cum_nav,ret_pct
2012-06-14,1.0,1.0,0.0
2012-06-15,1.0,1.0,0.0
2012-06-21,0.999,0.999,-0.1
2012-06-29,0.9995,0.9995,0.05
2012-06-30,0.9996,0.9996,0.01
2012-07-06,0.9999,0.9999,0.03
2012-07-12,0.9992,0.9992,-0.07
2012-07-13,1.0013,1.0013,0.21
2012-07-16,1.001,1.001,-0.03
2012-07-17,1.0046,1.0046,0.36
2012-07-18,1.0078,1.0078,0.32
2012-07-19,1.0095,1.0095,0.17
2012-07-20,0.9973,0.9973,-1.21
2012-07-23,0.9906,0.9906,-0.67
2012-07-24,0.9827,0.9827,-0.8
2012-07-25,0.9856,0.9856,0.3
2012-07-26,0.9987,0.9987,1.33
2012-07-27,1.0158,1.0158,1.71
2012-07-30,1.0147,1.0147,-0.11
2012-07-31,1.0109,1.0109,-0.37
2012-08-01,1.0085,1.0085,-0.24
2012-08-02,1.0027,1.0027,-0.58
2012-08-03,1.0237,1.0237,2.09
2012-08-06,1.0246,1.0246,0.09
2012-08-07,1.0296,1.0296,0.49
2012-08-08,1.0312,1.0312,0.16
2012-08-09,1.0324,1.0324,0.12
2012-08-10,1.0361,1.0361,0.36
2012-08-13,1.0351,1.0351,-0.1
2012-08-14,1.0352,1.0352,0.01
2012-08-15,1.0371,1.0371,0.18
2012-08-16,1.0448,1.0448,0.74
2012-08-17,1.0456,1.0456,0.08
2012-08-20,1.0466,1.0466,0.1
2012-08-21,1.0424,1.0424,-0.4
2012-08-22,1.0415,1.0415,-0.09
2012-08-23,1.0318,1.0318,-0.93
2012-08-24,1.0387,1.0387,0.67
2012-08-27,1.0393,1.0393,0.06
2012-08-28,1.0388,1.0388,-0.05
2012-08-29,1.0393,1.0393,0.05
2012-08-30,1.0319,1.0319,-0.71
2012-08-31,1.0374,1.0374,0.53
2012-09-04,1.0354,1.0354,-0.19
2012-09-05,1.0351,1.0351,-0.03
2012-09-06,1.056,1.056,2.02
2012-09-07,1.06,1.06,0.38
2012-09-10,1.0523,1.0523,-0.73
2012-09-11,1.0557,1.0557,0.32
2012-09-12,1.0581,1.0581,0.23
2012-09-13,1.0746,1.0746,1.56
2012-09-14,1.0787,1.0787,0.38
2012-09-17,1.0747,1.0747,-0.37
2012-09-18,1.0742,1.0742,-0.05
2012-09-19,1.0759,1.0759,0.16
2012-09-20,1.0472,1.0752,-0.07
2012-09-21,1.0476,1.0756,0.04
2012-09-24,1.0451,1.0731,-0.24
2012-09-25,1.0346,1.0626,-1.0
2012-09-26,1.0288,1.0568,-0.56
2012-09-27,1.0388,1.0668,0.97
2012-09-28,1.0333,1.0613,-0.53
2012-09-30,1.0331,1.0611,-0.02
2012-10-08,1.0437,1.0717,1.03
2012-10-09,1.0336,1.0616,-0.97
2012-10-10,1.0272,1.0552,-0.62
2012-10-11,1.0266,1.0546,-0.06
2012-10-12,1.0212,1.0492,-0.53
2012-10-15,1.0274,1.0554,0.61
2012-10-16,1.0375,1.0655,0.98
2012-10-17,1.0419,1.0699,0.42
2012-10-18,1.0389,1.0669,-0.29
2012-10-19,1.022,1.05,-1.63
2012-10-22,1.0234,1.0514,0.14
2012-10-23,1.0088,1.0368,-1.43
2012-10-24,1.0069,1.0349,-0.19
2012-10-25,1.0102,1.0382,0.33
2012-10-26,1.009,1.037,-0.12
2012-10-31,1.0092,1.0372,0.02
2012-11-01,1.0206,1.0486,1.13
2012-11-02,1.0109,1.0389,-0.95
2012-11-05,1.0146,1.0426,0.37
2012-11-06,1.0229,1.0509,0.82
2012-11-07,0.9991,1.0271,-2.33
2012-11-08,0.9869,1.0149,-1.22
2012-11-09,0.9876,1.0156,0.07
2012-11-12,0.9857,1.0137,-0.19
2012-11-13,0.9814,1.0094,-0.44
2012-11-14,0.9679,0.9959,-1.38
2012-11-15,0.9668,0.9948,-0.11
2012-11-16,0.9718,0.9998,0.52
2012-11-19,0.9913,1.0193,2.01
2012-11-20,0.9914,1.0194,0.01
2012-11-21,0.9933,1.0213,0.19
2012-11-23,1.006,1.034,1.28
2012-11-26,1.0035,1.0315,-0.25
2012-11-27,0.9979,1.0259,-0.56
2012-11-28,1.0066,1.0346,0.87
2012-11-29,1.0112,1.0392,0.46
2012-11-30,1.0109,1.0389,-0.03
2012-12-03,1.007,1.035,-0.39
2012-12-04,1.005,1.033,-0.2
2012-12-05,1.007,1.035,0.2
2012-12-06,1.0111,1.0391,0.41
2012-12-07,1.0143,1.0423,0.32
2012-12-10,1.0146,1.0426,0.03
2012-12-11,1.02,1.048,0.53
2012-12-12,1.02,1.048,0.0
2012-12-13,1.0136,1.0416,-0.63
2012-12-14,1.0102,1.0382,-0.34
2012-12-17,1.021,1.049,1.07
2012-12-18,1.0324,1.0604,1.12
2012-12-19,1.0244,1.0524,-0.77
2012-12-20,1.0304,1.0584,0.59
2012-12-21,1.0201,1.0481,-1.0
2012-12-24,1.0179,1.0459,-0.22
2012-12-26,1.0134,1.0414,-0.44
2012-12-27,1.0121,1.0401,-0.13
2012-12-28,0.9994,1.0274,-1.25
2012-12-31,1.0158,1.0438,1.64
2013-01-04,1.0451,1.0731,2.88
2013-01-07,1.0413,1.0693,-0.36
2013-01-08,1.0371,1.0651,-0.4
2013-01-09,1.04,1.068,0.28
2013-01-10,1.0476,1.0756,0.73
2013-01-11,1.0462,1.0742,-0.13
2013-01-14,1.0446,1.0726,-0.15
2013-01-15,1.0458,1.0738,0.11
2013-01-16,1.0469,1.0749,0.11
2013-01-17,1.0533,1.0813,0.61
2013-01-18,1.0564,1.0844,0.29
2013-01-22,1.0619,1.0899,0.52
2013-01-23,1.0628,1.0908,0.08
2013-01-24,1.0633,1.0913,0.05
2013-01-25,1.069,1.097,0.54
2013-01-28,1.0675,1.0955,-0.14
2013-01-29,1.0735,1.1015,0.56
2013-01-30,1.0683,1.0963,-0.48
2013-01-31,1.0655,1.0935,-0.26
2013-02-01,1.0765,1.1045,1.03
2013-02-04,1.0648,1.0928,-1.09
2013-02-05,1.0756,1.1036,1.01
2013-02-06,1.0768,1.1048,0.11
2013-02-07,1.0754,1.1034,-0.13
2013-02-08,1.0796,1.1076,0.39
2013-02-19,1.0895,1.1175,0.92
2013-02-20,1.0756,1.1036,-1.28
2013-02-21,1.0699,1.0979,-0.53
2013-02-22,1.0799,1.1079,0.93
2013-02-25,1.0602,1.0882,-1.82
2013-02-26,1.066,1.094,0.55
2013-02-27,1.0798,1.1078,1.29
2013-02-28,1.0771,1.1051,-0.25
2013-03-01,1.0798,1.1078,0.25
2013-03-04,1.0851,1.1131,0.49
2013-03-05,1.0949,1.1229,0.9
2013-03-06,1.0954,1.1234,0.05
2013-03-07,1.0981,1.1261,0.25
2013-03-08,1.1019,1.1299,0.35
2013-03-11,1.1062,1.1342,0.39
2013-03-12,1.1032,1.1312,-0.27
2013-03-13,1.1045,1.1325,0.12
2013-03-14,1.111,1.139,0.59
2013-03-15,1.1087,1.1367,-0.21
2013-03-18,1.1044,1.1324,-0.39
2013-03-19,1.1017,1.1297,-0.24
2013-03-20,1.1079,1.1359,0.56
2013-03-21,1.0999,1.1279,-0.72
2013-03-22,1.1074,1.1354,0.68
2013-03-25,1.1032,1.1312,-0.38
2013-03-26,1.1124,1.1404,0.83
2013-03-27,1.112,1.14,-0.04
2013-03-28,1.1167,1.1447,0.42
2013-04-01,1.1103,1.1383,-0.57
2013-04-02,1.1148,1.1428,0.41
2013-04-03,1.1038,1.1318,-0.99
2013-04-08,1.1112,1.1392,0.67
2013-04-09,1.1148,1.1428,0.32
2013-04-10,1.1269,1.1549,1.09
2013-04-11,1.1314,1.1594,0.4
2013-04-12,1.1269,1.1549,-0.4
2013-04-15,1.0997,1.1277,-2.41
2013-04-16,1.1148,1.1428,1.37
2013-04-17,1.098,1.126,-1.51
2013-04-18,1.0918,1.1198,-0.56
2013-04-19,1.101,1.129,0.84
2013-04-22,1.1064,1.1344,0.49
2013-04-23,1.1174,1.1454,0.99
2013-04-24,1.118,1.146,0.05
2013-04-25,1.121,1.149,0.27
2013-04-26,1.1176,1.1456,-0.3
2013-05-02,1.1261,1.1541,0.76
2013-05-03,1.1391,1.1671,1.15
2013-05-06,1.1408,1.1688,0.15
2013-05-07,1.1461,1.1741,0.46
2013-05-08,1.1494,1.1774,0.29
2013-05-09,1.1447,1.1727,-0.41
2013-05-10,1.151,1.179,0.55
2013-05-13,1.1524,1.1804,0.12
2013-05-14,1.1639,1.1919,1.0
2013-05-15,1.1705,1.1985,0.57
2013-05-16,1.1656,1.1936,-0.42
2013-05-17,1.1757,1.2037,0.87
2013-05-20,1.1749,1.2029,-0.07
2013-05-21,1.1752,1.2032,0.03
2013-05-22,1.1657,1.1937,-0.81
2013-05-23,1.1624,1.1904,-0.28
2013-05-24,1.1604,1.1884,-0.17
2013-05-28,1.1663,1.1943,0.51
2013-05-29,1.1596,1.1876,-0.57
2013-05-30,1.1637,1.1917,0.35
2013-05-31,1.1468,1.1748,-1.45
2013-06-03,1.1538,1.1818,0.61
2013-06-04,1.1464,1.1744,-0.64
2013-06-05,1.1311,1.1591,-1.33
2013-06-06,1.1405,1.1685,0.83
2013-06-07,1.153,1.181,1.1
2013-06-13,1.1483,1.1763,-0.41
2013-06-14,1.1412,1.1692,-0.62
2013-06-17,1.1497,1.1777,0.74
2013-06-18,1.1594,1.1874,0.84
2013-06-19,1.1438,1.1718,-1.35
2013-06-20,1.1158,1.1438,-2.45
2013-06-21,1.1198,1.1478,0.36
2013-06-24,1.1067,1.1347,-1.17
2013-06-25,1.1167,1.1447,0.9
2013-06-26,1.1283,1.1563,1.04
2013-06-27,1.1356,1.1636,0.65
2013-06-28,1.1305,1.1585,-0.45
2013-06-30,1.1304,1.1584,-0.01
2013-07-01,1.1367,1.1647,0.56
2013-07-02,1.1357,1.1637,-0.09
2013-07-03,1.1372,1.1652,0.13
2013-07-05,1.1485,1.1765,0.99
2013-07-08,1.1549,1.1829,0.56
2013-07-09,1.1619,1.1899,0.61
2013-07-10,1.1609,1.1889,-0.09
2013-07-11,1.1756,1.2036,1.27
2013-07-12,1.1793,1.2073,0.31
2013-07-15,1.1819,1.2099,0.22
2013-07-16,1.1779,1.2059,-0.34
2013-07-17,1.1805,1.2085,0.22
2013-07-18,1.1878,1.2158,0.62
2013-07-19,1.1905,1.2185,0.23
2013-07-22,1.1921,1.2201,0.13
2013-07-23,1.1895,1.2175,-0.22
2013-07-24,1.1847,1.2127,-0.4
2013-07-25,1.1885,1.2165,0.32
2013-07-26,1.1889,1.2169,0.03
2013-07-29,1.1845,1.2125,-0.37
2013-07-30,1.1861,1.2141,0.14
2013-07-31,1.1863,1.2143,0.02
2013-08-01,1.2009,1.2289,1.23
2013-08-02,1.2036,1.2316,0.22
2013-08-05,1.2009,1.2289,-0.22
2013-08-06,1.1943,1.2223,-0.55
2013-08-07,1.1894,1.2174,-0.41
2013-08-08,1.1936,1.2216,0.35
2013-08-09,1.1888,1.2168,-0.4
2013-08-12,1.1878,1.2158,-0.08
2013-08-13,1.192,1.22,0.35
2013-08-14,1.1862,1.2142,-0.49
2013-08-15,1.1687,1.1967,-1.48
2013-08-16,1.1643,1.1923,-0.38
2013-08-19,1.158,1.186,-0.54
2013-08-20,1.1625,1.1905,0.39
2013-08-21,1.1551,1.1831,-0.64
2013-08-22,1.1656,1.1936,0.91
2013-08-23,1.1709,1.1989,0.45
2013-08-26,1.1654,1.1934,-0.47
2013-08-27,1.1472,1.1752,-1.56
2013-08-28,1.1501,1.1781,0.25
2013-08-29,1.1529,1.1809,0.24
2013-08-30,1.1496,1.1776,-0.29
2013-09-03,1.1544,1.1824,0.42
2013-09-04,1.1642,1.1922,0.85
2013-09-05,1.1648,1.1928,0.05
2013-09-06,1.1657,1.1937,0.08
2013-09-09,1.1756,1.2036,0.85
2013-09-10,1.1837,1.2117,0.69
2013-09-11,1.1873,1.2153,0.3
2013-09-12,1.1832,1.2112,-0.35
2013-09-13,1.1863,1.2143,0.26
2013-09-16,1.1924,1.2204,0.51
2013-09-17,1.1977,1.2257,0.44
2013-09-18,1.212,1.24,1.19
2013-09-23,1.1937,1.2217,-1.51
2013-09-24,1.1912,1.2192,-0.21
2013-09-25,1.188,1.216,-0.27
2013-09-26,1.192,1.22,0.34
2013-09-27,1.1876,1.2156,-0.37
2013-09-30,1.1799,1.2079,-0.65
2013-10-08,1.1607,1.1887,-1.63
2013-10-09,1.1616,1.1896,0.08
2013-10-10,1.1875,1.2155,2.23
2013-10-11,1.1953,1.2233,0.66
2013-10-15,1.1905,1.2185,-0.4
2013-10-16,1.2069,1.2349,1.38
2013-10-17,1.2157,1.2437,0.73
2013-10-18,1.2224,1.2504,0.55
2013-10-21,1.2221,1.2501,-0.02
2013-10-22,1.2299,1.2579,0.64
2013-10-23,1.2228,1.2508,-0.58
2013-10-24,1.2269,1.2549,0.34
2013-10-25,1.2322,1.2602,0.43
2013-10-28,1.2338,1.2618,0.13
2013-10-29,1.2414,1.2694,0.62
2013-10-30,1.2362,1.2642,-0.42
2013-10-31,1.2317,1.2597,-0.36
2013-11-01,1.2357,1.2637,0.32
2013-11-04,1.2401,1.2681,0.36
2013-11-05,1.2364,1.2644,-0.3
2013-11-06,1.2428,1.2708,0.52
2013-11-07,1.2262,1.2542,-1.34
2013-11-08,1.2406,1.2686,1.17
2013-11-12,1.2385,1.2665,-0.17
2013-11-13,1.2486,1.2766,0.82
2013-11-14,1.2541,1.2821,0.44
2013-11-15,1.26,1.288,0.47
2013-11-18,1.255,1.283,-0.4
2013-11-19,1.2523,1.2803,-0.22
2013-11-20,1.2478,1.2758,-0.36
2013-11-21,1.2593,1.2873,0.92
2013-11-22,1.2659,1.2939,0.52
2013-11-25,1.2634,1.2914,-0.2
2013-11-26,1.2628,1.2908,-0.05
2013-11-27,1.2655,1.2935,0.21
2013-11-29,1.2644,1.2924,-0.09
2013-12-02,1.2609,1.2889,-0.28
2013-12-03,1.2571,1.2851,-0.3
2013-12-04,1.255,1.283,-0.17
2013-12-05,1.2497,1.2777,-0.42
2013-12-06,1.2623,1.2903,1.01
2013-12-09,1.2626,1.2906,0.02
2013-12-10,1.2583,1.2863,-0.34
2013-12-11,1.2437,1.2717,-1.16
2013-12-12,1.2396,1.2676,-0.33
2013-12-13,1.2401,1.2681,0.04
2013-12-16,1.2473,1.2753,0.58
2013-12-17,1.243,1.271,-0.34
2013-12-18,1.2637,1.2917,1.67
2013-12-19,1.2644,1.2924,0.06
2013-12-20,1.2709,1.2989,0.51
2013-12-23,1.2768,1.3048,0.46
2013-12-24,1.2803,1.3083,0.27
2013-12-26,1.2864,1.3144,0.48
2013-12-27,1.2841,1.3121,-0.18
2013-12-30,1.2832,1.3112,-0.07
2013-12-31,1.2872,1.3152,0.31
2014-01-02,1.2765,1.3045,-0.83
2014-01-03,1.2769,1.3049,0.03
2014-01-06,1.2742,1.3022,-0.21
2014-01-07,1.2812,1.3092,0.55
2014-01-08,1.2819,1.3099,0.05
2014-01-09,1.2759,1.3105,0.05
2014-01-10,1.2769,1.3115,0.08
2014-01-13,1.2653,1.2999,-0.91
2014-01-14,1.2744,1.309,0.72
2014-01-15,1.2811,1.3157,0.53
2014-01-16,1.2805,1.3151,-0.05
2014-01-17,1.2785,1.3131,-0.16
2014-01-21,1.2826,1.3172,0.32
2014-01-22,1.2843,1.3189,0.13
2014-01-23,1.2745,1.3091,-0.76
2014-01-24,1.2482,1.2828,-2.06
2014-01-27,1.2432,1.2778,-0.4
2014-01-28,1.2514,1.286,0.66
2014-01-29,1.2402,1.2748,-0.9
2014-01-30,1.2498,1.2844,0.77
2014-02-07,1.256,1.2906,0.5
2014-02-10,1.2586,1.2932,0.21
2014-02-11,1.272,1.3066,1.06
2014-02-12,1.2728,1.3074,0.06
2014-02-13,1.28,1.3146,0.57
2014-02-14,1.2857,1.3203,0.45
2014-02-18,1.2875,1.3221,0.14
2014-02-20,1.2885,1.3231,0.0
2014-02-21,1.2871,1.3217,-0.11
2014-02-24,1.2945,1.3291,0.57
2014-02-25,1.2933,1.3279,-0.09
2014-02-26,1.2931,1.3277,-0.02
2014-02-27,1.3001,1.3347,0.54
2014-02-28,1.3033,1.3379,0.25
2014-03-03,1.2936,1.3282,-0.74
2014-03-04,1.3134,1.348,1.53
2014-03-05,1.314,1.3486,0.05
2014-03-06,1.3163,1.3509,0.18
2014-03-07,1.3162,1.3508,-0.01
2014-03-10,1.3176,1.3522,0.11
2014-03-11,1.3114,1.346,-0.47
2014-03-12,1.3125,1.3471,0.08
2014-03-13,1.2977,1.3323,-1.13
2014-03-14,1.2945,1.3291,-0.25
2014-03-17,1.3057,1.3403,0.87
2014-03-18,1.315,1.3496,0.71
2014-03-19,1.3075,1.3421,-0.57
2014-03-20,1.3176,1.3522,0.77
2014-03-21,1.3138,1.3484,-0.29
2014-03-24,1.3072,1.3418,-0.5
2014-03-25,1.3124,1.347,0.4
2014-03-26,1.3041,1.3387,-0.63
2014-03-27,1.3025,1.3371,-0.12
2014-03-28,1.3088,1.3434,0.48
2014-03-31,1.3191,1.3537,0.79
2014-04-01,1.3276,1.3622,0.64
2014-04-02,1.3309,1.3655,0.25
2014-04-03,1.3302,1.3648,-0.05
2014-04-04,1.315,1.3496,-1.14
2014-04-08,1.3058,1.3404,-0.7
2014-04-09,1.3186,1.3532,0.98
2014-04-10,1.293,1.3276,-1.94
2014-04-11,1.2814,1.316,-0.9
2014-04-14,1.2917,1.3263,0.8
2014-04-15,1.3009,1.3355,0.71
2014-04-16,1.3135,1.3481,0.97
2014-04-17,1.3153,1.3499,0.14
2014-04-18,1.315,1.3496,-0.02
2014-04-21,1.3197,1.3543,0.36
2014-04-22,1.3253,1.3599,0.42
2014-04-23,1.3227,1.3573,-0.2
2014-04-24,1.3244,1.359,0.13
2014-04-25,1.3142,1.3488,-0.77
2014-04-28,1.3179,1.3525,0.28
2014-04-29,1.3235,1.3581,0.42
2014-04-30,1.3278,1.3624,0.32
2014-05-05,1.3276,1.3622,-0.02
2014-05-06,1.3167,1.3513,-0.82
2014-05-07,1.3237,1.3583,0.53
2014-05-08,1.3225,1.3571,-0.09
2014-05-09,1.3248,1.3594,0.17
2014-05-12,1.3378,1.3724,0.98
2014-05-13,1.3387,1.3733,0.07
2014-05-14,1.3333,1.3679,-0.4
2014-05-15,1.3212,1.3558,-0.91
2014-05-16,1.3254,1.36,0.32
2014-05-19,1.3304,1.365,0.38
2014-05-20,1.3218,1.3564,-0.65
2014-05-21,1.3326,1.3672,0.82
2014-05-22,1.336,1.3706,0.26
2014-05-23,1.3417,1.3763,0.43
2014-05-27,1.3493,1.3839,0.0
2014-05-28,1.3483,1.3829,-0.07
2014-05-29,1.3553,1.3899,0.52
2014-05-30,1.3575,1.3921,0.16
2014-06-03,1.3583,1.3929,0.06
2014-06-04,1.3605,1.3951,0.16
2014-06-05,1.3691,1.4037,0.63
2014-06-06,1.3738,1.4084,0.34
2014-06-09,1.3723,1.4069,-0.11
2014-06-10,1.3714,1.406,-0.07
2014-06-11,1.368,1.4026,-0.25
2014-06-12,1.3592,1.3938,-0.64
2014-06-13,1.3629,1.3975,0.27
2014-06-16,1.3644,1.399,0.11
2014-06-17,1.3662,1.4008,0.13
2014-06-18,1.3768,1.4114,0.78
2014-06-19,1.378,1.4126,0.09
2014-06-20,1.38,1.4146,0.15
2014-06-23,1.381,1.4156,0.07
2014-06-24,1.3729,1.4075,-0.59
2014-06-25,1.3798,1.4144,0.5
2014-06-26,1.3779,1.4125,-0.14
2014-06-27,1.3804,1.415,0.18
2014-06-30,1.3792,1.4138,-0.09
2014-07-01,1.3875,1.4221,0.6
2014-07-02,1.3878,1.4224,0.02
2014-07-03,1.3959,1.4305,0.58
2014-07-07,1.3925,1.4271,0.0
2014-07-08,1.3831,1.4177,-0.68
2014-07-09,1.3878,1.4224,0.34
2014-07-10,1.3798,1.4144,-0.58
2014-07-11,1.3825,1.4171,0.2
2014-07-14,1.3888,1.4234,0.46
2014-07-15,1.3863,1.4209,-0.18
2014-07-16,1.3928,1.4274,0.47
2014-07-17,1.3779,1.4125,-1.07
2014-07-18,1.3912,1.4258,0.97
2014-07-21,1.3876,1.4222,-0.26
2014-07-22,1.394,1.4286,0.46
2014-07-23,1.397,1.4316,0.22
2014-07-24,1.3976,1.4322,0.04
2014-07-25,1.3916,1.4262,-0.43
2014-07-28,1.3925,1.4271,0.06
2014-07-29,1.3863,1.4209,-0.45
2014-07-30,1.3873,1.4219,0.07
2014-07-31,1.3614,1.396,-1.87
2014-08-01,1.3577,1.3923,-0.27
2014-08-04,1.3665,1.4011,0.65
2014-08-05,1.3538,1.3884,-0.93
2014-08-06,1.3547,1.3893,0.07
2014-08-07,1.3477,1.3823,-0.52
2014-08-08,1.3602,1.3948,0.93
2014-08-11,1.3633,1.3979,0.23
2014-08-12,1.3612,1.3958,-0.15
2014-08-13,1.3705,1.4051,0.68
2014-08-14,1.3764,1.411,0.43
2014-08-15,1.3763,1.4109,-0.01
2014-08-18,1.3871,1.4217,0.78
2014-08-19,1.3943,1.4289,0.52
2014-08-20,1.3982,1.4328,0.28
2014-08-21,1.4033,1.4379,0.36
2014-08-22,1.4005,1.4351,-0.2
2014-08-25,1.4076,1.4422,0.51
2014-08-26,1.4093,1.4439,0.12
2014-08-27,1.4093,1.4439,0.0
2014-08-28,1.4069,1.4415,-0.17
2014-08-29,1.4116,1.4462,0.33
2014-09-02,1.4115,1.4461,0.0
2014-09-03,1.411,1.4456,-0.04
2014-09-04,1.4084,1.443,-0.18
2014-09-05,1.4158,1.4504,0.53
2014-09-09,1.3993,1.4339,-1.17
2014-09-10,1.4022,1.4368,0.21
2014-09-11,1.4043,1.4389,0.15
2014-09-12,1.3964,1.431,-0.56
2014-09-15,1.3951,1.4297,-0.09
2014-09-16,1.4053,1.4399,0.73
2014-09-17,1.4067,1.4413,0.1
2014-09-18,1.4143,1.4489,0.54
2014-09-19,1.413,1.4476,-0.09
2014-09-22,1.4026,1.4372,-0.74
2014-09-23,1.3946,1.4292,-0.57
2014-09-24,1.4049,1.4395,0.74
2014-09-25,1.3842,1.4188,-1.47
2014-09-26,1.3957,1.4303,0.83
2014-09-29,1.3929,1.4275,-0.2
2014-09-30,1.3891,1.4237,0.0
2014-10-08,1.3863,1.4209,-0.2
2014-10-09,1.3584,1.393,-2.01
2014-10-10,1.3436,1.3782,-1.09
2014-10-13,1.3218,1.3564,-1.62
2014-10-14,1.3233,1.3579,0.11
2014-10-15,1.3133,1.3479,-0.76
2014-10-16,1.3125,1.3471,-0.06
2014-10-17,1.3289,1.3635,1.25
2014-10-20,1.341,1.3756,0.91
2014-10-21,1.3654,1.4,1.82
2014-10-22,1.3566,1.3912,-0.64
2014-10-23,1.3728,1.4074,1.19
2014-10-24,1.3821,1.4167,0.68
2014-10-27,1.3797,1.4143,-0.17
2014-10-28,1.3947,1.4293,1.09
2014-10-29,1.3923,1.4269,-0.17
2014-10-30,1.4021,1.4367,0.7
2014-10-31,1.4179,1.4525,1.13
2014-11-03,1.419,1.4536,0.08
2014-11-04,1.4155,1.4501,-0.25
2014-11-05,1.4229,1.4575,0.52
2014-11-06,1.4299,1.4645,0.49
2014-11-07,1.4312,1.4658,0.09
2014-11-10,1.4306,1.4652,-0.04
2014-11-11,1.4323,1.4669,0.12
2014-11-12,1.4321,1.4667,-0.01
2014-11-13,1.4324,1.467,0.02
2014-11-14,1.4325,1.4671,0.01
2014-11-17,1.4337,1.4683,0.08
2014-11-18,1.4413,1.4759,0.53
2014-11-19,1.4387,1.4733,-0.18
2014-11-20,1.4419,1.4765,0.22
2014-11-21,1.4484,1.483,0.45
2014-11-24,1.453,1.4876,0.32
2014-11-25,1.451,1.4856,-0.14
2014-11-26,1.4543,1.4889,0.23
2014-11-28,1.4507,1.4853,0.0
2014-12-01,1.4417,1.4763,-0.62
2014-12-02,1.4497,1.4843,0.55
2014-12-03,1.4563,1.4909,0.46
2014-12-04,1.4555,1.4901,-0.05
2014-12-05,1.4571,1.4917,0.11
2014-12-08,1.445,1.4796,-0.83
2014-12-09,1.4439,1.4785,-0.08
2014-12-10,1.4206,1.4552,-1.61
2014-12-11,1.4259,1.4605,0.37
2014-12-12,1.4044,1.439,-1.51
2014-12-15,1.3959,1.4305,-0.61
2014-12-16,1.3851,1.4197,-0.77
2014-12-17,1.4113,1.4459,1.89
2014-12-18,1.4455,1.4801,2.42
2014-12-19,1.4519,1.4865,0.44
2014-12-22,1.4573,1.4919,0.37
2014-12-23,1.4603,1.4949,0.21
2014-12-24,1.4605,1.4951,0.01
2014-12-26,1.4636,1.4982,0.0
2014-12-29,1.4663,1.5009,0.18
2014-12-30,1.46,1.4946,-0.43
2014-12-31,1.4445,1.4791,-1.06
2015-01-05,1.4201,1.4547,-1.69
2015-01-06,1.4079,1.4425,-0.86
2015-01-07,1.4242,1.4588,1.16
2015-01-08,1.4495,1.4841,1.78
2015-01-09,1.413,1.472,-0.83
2015-01-12,1.4005,1.4595,-0.88
2015-01-13,1.3963,1.4553,-0.3
2015-01-14,1.389,1.448,-0.52
2015-01-15,1.3764,1.4354,-0.91
2015-01-16,1.3936,1.4526,1.25
2015-01-20,1.3968,1.4558,0.0
2015-01-21,1.4041,1.4631,0.52
2015-01-22,1.424,1.483,1.42
2015-01-23,1.4185,1.4775,-0.39
2015-01-26,1.423,1.482,0.32
2015-01-27,1.4048,1.4638,-1.28
2015-01-28,1.3844,1.4434,-1.45
2015-01-29,1.3987,1.4577,1.03
2015-01-30,1.3818,1.4408,-1.21
2015-02-02,1.3992,1.4582,1.26
2015-02-03,1.4178,1.4768,1.33
2015-02-04,1.4111,1.4701,-0.47
2015-02-05,1.4264,1.4854,1.08
2015-02-06,1.4202,1.4792,-0.43
2015-02-09,1.4152,1.4742,-0.35
2015-02-10,1.4292,1.4882,0.99
2015-02-11,1.4301,1.4891,0.06
2015-02-12,1.4438,1.5028,0.96
2015-02-13,1.4485,1.5075,0.33
2015-02-16,1.4485,1.5075,0.0
2015-02-17,1.4515,1.5105,0.21
2015-02-25,1.4617,1.5207,0.7
2015-02-26,1.4599,1.5189,-0.12
2015-02-27,1.4577,1.5167,-0.15
2015-03-02,1.467,1.526,0.64
2015-03-03,1.4613,1.5203,-0.39
2015-03-04,1.4548,1.5138,-0.44
2015-03-05,1.4566,1.5156,0.12
2015-03-06,1.4372,1.4962,-1.33
2015-03-09,1.4432,1.5022,0.42
2015-03-10,1.4203,1.4793,-1.59
2015-03-11,1.4184,1.4774,-0.13
2015-03-12,1.4363,1.4953,1.26
2015-03-13,1.4272,1.4862,-0.63
2015-03-16,1.4463,1.5053,1.34
2015-03-17,1.4411,1.5001,-0.36
2015-03-18,1.4571,1.5161,1.11
2015-03-19,1.448,1.507,-0.62
2015-03-20,1.4614,1.5204,0.93
2015-03-23,1.4578,1.5168,-0.25
2015-03-24,1.4484,1.5074,-0.64
2015-03-25,1.4285,1.4875,-1.37
2015-03-26,1.4245,1.4835,-0.28
2015-03-27,1.4284,1.4874,0.27
2015-03-30,1.4452,1.5042,1.18
2015-03-31,1.4336,1.4926,-0.8
2015-04-01,1.4286,1.4876,-0.35
2015-04-02,1.4326,1.4916,0.28
2015-04-07,1.4366,1.4956,0.0
2015-04-08,1.442,1.501,0.38
2015-04-09,1.4481,1.5071,0.42
2015-04-10,1.4559,1.5149,0.54
2015-04-13,1.4505,1.5095,-0.37
2015-04-14,1.4531,1.5121,0.18
2015-04-15,1.4587,1.5177,0.39
2015-04-16,1.4573,1.5163,-0.1
2015-04-17,1.4408,1.4998,-1.13
2015-04-20,1.4529,1.5119,0.84
2015-04-21,1.4526,1.5116,-0.02
2015-04-22,1.4598,1.5188,0.5
2015-04-23,1.4632,1.5222,0.23
2015-04-24,1.4653,1.5243,0.14
2015-04-27,1.4589,1.5179,-0.44
2015-04-28,1.4628,1.5218,0.27
2015-04-29,1.4568,1.5158,-0.41
2015-04-30,1.4423,1.5013,-1.0
2015-05-04,1.4623,1.5213,1.39
2015-05-05,1.4462,1.5052,-1.1
2015-05-06,1.4399,1.4989,-0.44
2015-05-07,1.4445,1.5035,0.32
2015-05-08,1.4637,1.5227,1.33
2015-05-11,1.4563,1.5153,-0.51
2015-05-12,1.4528,1.5118,-0.24
2015-05-13,1.452,1.511,-0.06
2015-05-14,1.4664,1.5254,0.99
2015-05-15,1.4672,1.5262,0.05
2015-05-18,1.4711,1.5301,0.27
2015-05-19,1.471,1.53,-0.01
2015-05-20,1.4704,1.5294,-0.04
2015-05-21,1.474,1.533,0.24
2015-05-22,1.4708,1.5298,-0.22
2015-05-26,1.4583,1.5173,0.0
2015-05-27,1.4717,1.5307,0.92
2015-05-28,1.4703,1.5293,-0.1
2015-05-29,1.4612,1.5202,-0.62
2015-06-01,1.4643,1.5233,0.21
2015-06-02,1.4633,1.5223,-0.07
2015-06-03,1.4661,1.5251,0.19
2015-06-04,1.454,1.513,-0.83
2015-06-05,1.4522,1.5112,-0.12
2015-06-08,1.4445,1.5035,-0.53
2015-06-09,1.4446,1.5036,0.01
2015-06-10,1.4611,1.5201,1.14
2015-06-11,1.4635,1.5225,0.16
2015-06-12,1.454,1.513,-0.65
2015-06-15,1.4476,1.5066,-0.44
2015-06-16,1.4553,1.5143,0.53
2015-06-17,1.4579,1.5169,0.18
2015-06-18,1.4711,1.5301,0.91
2015-06-19,1.463,1.522,-0.55
2015-06-23,1.4727,1.5317,0.66
2015-06-24,1.4633,1.5223,-0.64
2015-06-25,1.4593,1.5183,-0.27
2015-06-26,1.4587,1.5177,-0.04
2015-06-29,1.4302,1.4892,-1.95
2015-06-30,1.4331,1.4921,0.2
2015-07-01,1.4431,1.5021,0.7
2015-07-02,1.4429,1.5019,-0.01
2015-07-06,1.438,1.497,0.0
2015-07-07,1.4459,1.5049,0.55
2015-07-08,1.4234,1.4824,-1.56
2015-07-09,1.4259,1.4849,0.18
2015-07-10,1.4436,1.5026,1.24
2015-07-13,1.4626,1.5216,1.32
2015-07-14,1.4693,1.5283,0.46
2015-07-15,1.4695,1.5285,0.01
2015-07-16,1.4808,1.5398,0.77
2015-07-17,1.4827,1.5417,0.13
2015-07-20,1.4842,1.5432,0.1
2015-07-21,1.4783,1.5373,-0.4
2015-07-22,1.4743,1.5333,-0.27
2015-07-23,1.4666,1.5256,-0.52
2015-07-24,1.4516,1.5106,-1.02
2015-07-27,1.4435,1.5025,-0.56
2015-07-28,1.4598,1.5188,1.13
2015-07-29,1.4701,1.5291,0.71
2015-07-30,1.4706,1.5296,0.03
2015-07-31,1.4675,1.5265,-0.21
2015-08-03,1.4633,1.5223,-0.29
2015-08-04,1.4601,1.5191,-0.22
2015-08-05,1.4653,1.5243,0.36
2015-08-06,1.4547,1.5137,-0.72
2015-08-07,1.4506,1.5096,-0.28
2015-08-10,1.4679,1.5269,1.19
2015-08-11,1.4791,1.5381,0.76
2015-08-12,1.5024,1.5614,1.58
2015-08-13,1.5157,1.5747,0.89
2015-08-14,1.5206,1.5796,0.32
2015-08-17,1.5279,1.5869,0.48
2015-08-18,1.5243,1.5833,-0.24
2015-08-19,1.5121,1.5711,-0.8
2015-08-20,1.4804,1.5394,-2.1
2015-08-21,1.4356,1.4946,-3.03
2015-08-24,1.3808,1.4398,-3.82
2015-08-25,1.3671,1.4261,-0.99
2015-08-26,1.42,1.479,3.87
2015-08-27,1.4544,1.5134,2.42
2015-08-28,1.4532,1.5122,-0.08
2015-08-31,1.4398,1.4988,-0.92
2015-09-01,1.3973,1.4563,-2.95
2015-09-02,1.4186,1.4776,1.52
2015-09-08,1.433,1.492,0.0
2015-09-09,1.4141,1.4731,-1.32
2015-09-10,1.424,1.483,0.7
2015-09-11,1.4293,1.4883,0.37
2015-09-14,1.4235,1.4825,-0.41
2015-09-15,1.4398,1.4988,1.15
2015-09-16,1.4526,1.5116,0.89
2015-09-17,1.4481,1.5071,-0.31
2015-09-18,1.4248,1.4838,-1.61
2015-09-21,1.4323,1.4913,0.53
2015-09-22,1.4164,1.4754,-1.11
2015-09-23,1.4146,1.4736,-0.13
2015-09-24,1.4105,1.4695,-0.29
2015-09-25,1.4097,1.4687,-0.06
2015-09-28,1.3745,1.4335,-2.5
2015-09-29,1.3747,1.4337,0.01
2015-09-30,1.3985,1.4575,1.73
2015-10-08,1.4607,1.5197,4.45
2015-10-09,1.4615,1.5205,0.05
2015-10-12,1.4612,1.5202,-0.02
2015-10-13,1.4479,1.5069,-0.91
2015-10-14,1.4452,1.5042,-0.19
2015-10-15,1.4656,1.5246,1.41
2015-10-16,1.4726,1.5316,0.48
2015-10-19,1.4748,1.5338,0.15
2015-10-20,1.4746,1.5336,-0.01
2015-10-21,1.4634,1.5224,-0.76
2015-10-22,1.4874,1.5464,1.64
2015-10-23,1.5049,1.5639,1.18
2015-10-26,1.501,1.56,-0.26
2015-10-27,1.4961,1.5551,-0.33
2015-10-28,1.5139,1.5729,1.19
2015-10-29,1.5146,1.5736,0.05
2015-10-30,1.5054,1.5644,-0.61
2015-11-02,1.5144,1.5734,0.6
2015-11-03,1.5219,1.5809,0.5
2015-11-04,1.5179,1.5769,-0.26
2015-11-05,1.5173,1.5763,-0.04
2015-11-06,1.5187,1.5777,0.09
2015-11-09,1.5071,1.5661,-0.76
2015-11-10,1.5103,1.5693,0.21
2015-11-11,1.5058,1.5648,-0.3
2015-11-12,1.4862,1.5452,-1.3
2015-11-13,1.4709,1.5299,-1.03
2015-11-16,1.4939,1.5529,1.56
2015-11-17,1.4923,1.5513,-0.11
2015-11-18,1.5163,1.5753,1.61
2015-11-19,1.5146,1.5736,-0.11
2015-11-20,1.5201,1.5791,0.36
2015-11-23,1.5201,1.5791,0.0
2015-11-24,1.5224,1.5814,0.15
2015-11-25,1.522,1.581,-0.03
2015-11-27,1.5239,1.5829,0.0
2015-11-30,1.5181,1.5771,-0.38
2015-12-01,1.5338,1.5928,1.03
2015-12-02,1.5179,1.5769,-1.04
2015-12-03,1.4976,1.5566,-1.34
2015-12-04,1.5236,1.5826,1.74
2015-12-07,1.5166,1.5756,-0.46
2015-12-08,1.5092,1.5682,-0.49
2015-12-09,1.4994,1.5584,-0.65
2015-12-10,1.5048,1.5638,0.36
2015-12-11,1.48,1.539,-1.65
2015-12-14,1.4894,1.5484,0.64
2015-12-15,1.506,1.565,1.11
2015-12-16,1.5281,1.5871,1.47
2015-12-17,1.509,1.568,-1.25
2015-12-18,1.4848,1.5438,-1.6
2015-12-21,1.4947,1.5537,0.67
2015-12-22,1.5072,1.5662,0.84
2015-12-23,1.5244,1.5834,1.14
2015-12-24,1.5227,1.5817,-0.11
2015-12-28,1.5193,1.5783,0.0
2015-12-29,1.5369,1.5959,1.16
2015-12-30,1.5271,1.5861,-0.64
2015-12-31,1.5144,1.5734,-0.83
2016-01-04,1.4949,1.5539,-1.29
2016-01-05,1.5005,1.5595,0.37
2016-01-06,1.4854,1.5444,-1.01
2016-01-07,1.4588,1.5178,-1.79
2016-01-08,1.4438,1.5028,-1.03
2016-01-11,1.4446,1.5036,0.06
2016-01-12,1.4549,1.5139,0.71
2016-01-13,1.4215,1.4805,-2.3
2016-01-14,1.4435,1.5025,1.55
2016-01-15,1.4147,1.4737,-2.0
2016-01-19,1.4142,1.4732,0.0
2016-01-20,1.3986,1.4576,-1.1
2016-01-21,1.4054,1.4644,0.49
2016-01-22,1.432,1.491,1.89
2016-01-25,1.4102,1.4692,-1.52
2016-01-26,1.4289,1.4879,1.33
2016-01-27,1.414,1.473,-1.04
2016-01-28,1.4212,1.4802,0.51
2016-01-29,1.4543,1.5133,2.33
2016-02-01,1.454,1.513,-0.02
2016-02-02,1.4278,1.4868,-1.8
2016-02-03,1.435,1.494,0.5
2016-02-04,1.4349,1.4939,-0.01
2016-02-05,1.408,1.467,-1.87
2016-02-16,1.416,1.475,0.0
2016-02-17,1.4405,1.4995,1.73
2016-02-18,1.4325,1.4915,-0.56
2016-02-19,1.4332,1.4922,0.05
2016-02-22,1.4521,1.5111,1.32
2016-02-23,1.4373,1.4963,-1.02
2016-02-24,1.4442,1.5032,0.48
2016-02-25,1.4603,1.5193,1.11
2016-02-26,1.458,1.517,-0.16
2016-02-29,1.4492,1.5082,-0.6
2016-03-01,1.4808,1.5398,2.18
2016-03-02,1.4888,1.5478,0.54
2016-03-03,1.4921,1.5511,0.22
2016-03-04,1.4941,1.5531,0.13
2016-03-07,1.4916,1.5506,-0.17
2016-03-08,1.4744,1.5334,-1.15
2016-03-09,1.4829,1.5419,0.58
2016-03-10,1.4836,1.5426,0.05
2016-03-11,1.5021,1.5611,1.25
2016-03-14,1.5004,1.5594,-0.11
2016-03-15,1.5014,1.5604,0.07
2016-03-16,1.5114,1.5704,0.67
2016-03-17,1.5162,1.5752,0.32
2016-03-18,1.5151,1.5741,-0.07
2016-03-21,1.5209,1.5799,0.38
2016-03-22,1.523,1.582,0.14
2016-03-23,1.513,1.572,-0.66
2016-03-24,1.517,1.576,0.26
2016-03-28,1.5193,1.5783,0.0
2016-03-29,1.5284,1.5874,0.6
2016-03-30,1.53,1.589,0.1
2016-03-31,1.5218,1.5808,-0.54
2016-04-01,1.5305,1.5895,0.57
2016-04-05,1.513,1.572,-1.14
2016-04-06,1.5304,1.5894,1.15
2016-04-07,1.5119,1.5709,-1.21
2016-04-08,1.5164,1.5754,0.3
2016-04-11,1.5104,1.5694,-0.4
2016-04-12,1.5235,1.5825,0.87
2016-04-13,1.5377,1.5967,0.93
2016-04-14,1.5448,1.6038,0.46
2016-04-15,1.5438,1.6028,-0.06
2016-04-18,1.5504,1.6094,0.43
2016-04-19,1.553,1.612,0.17
2016-04-20,1.5514,1.6104,-0.1
2016-04-21,1.5487,1.6077,-0.17
2016-04-22,1.551,1.61,0.15
2016-04-25,1.5533,1.6123,0.15
2016-04-26,1.5506,1.6096,-0.17
2016-04-27,1.552,1.611,0.09
2016-04-28,1.5411,1.6001,-0.7
2016-04-29,1.5254,1.5844,-1.02
2016-05-03,1.5233,1.5823,-0.14
2016-05-04,1.5233,1.5823,0.0
2016-05-05,1.5271,1.5861,0.25
2016-05-06,1.5335,1.5925,0.42
2016-05-09,1.5323,1.5913,-0.08
2016-05-10,1.5532,1.6122,1.36
2016-05-11,1.5393,1.5983,-0.89
2016-05-12,1.5335,1.5925,-0.38
2016-05-13,1.5276,1.5866,-0.38
2016-05-16,1.5438,1.6028,1.06
2016-05-17,1.5273,1.5863,-1.07
2016-05-18,1.528,1.587,0.05
2016-05-19,1.5296,1.5886,0.1
2016-05-20,1.538,1.597,0.55
2016-05-23,1.5336,1.5926,-0.29
2016-05-24,1.5537,1.6127,1.31
2016-05-25,1.569,1.628,0.98
2016-05-26,1.5658,1.6248,-0.2
2016-05-27,1.5709,1.6299,0.33
2016-05-31,1.5759,1.6349,0.0
2016-06-01,1.5801,1.6391,0.27
2016-06-02,1.5799,1.6389,-0.01
2016-06-03,1.5778,1.6368,-0.13
2016-06-06,1.5783,1.6373,0.03
2016-06-07,1.5829,1.6419,0.29
2016-06-08,1.5875,1.6465,0.29
2016-06-13,1.5638,1.6228,-1.49
2016-06-14,1.5609,1.6199,-0.19
2016-06-15,1.5629,1.6219,0.13
2016-06-16,1.5618,1.6208,-0.07
2016-06-17,1.558,1.617,-0.24
2016-06-20,1.5646,1.6236,0.42
2016-06-21,1.5673,1.6263,0.17
2016-06-22,1.5709,1.6299,0.23
2016-06-23,1.5847,1.6437,0.88
2016-06-24,1.5328,1.5918,-3.28
2016-06-27,1.5191,1.5781,-0.89
2016-06-28,1.5485,1.6075,1.94
2016-06-29,1.5691,1.6281,1.33
2016-06-30,1.5884,1.6474,1.23
2016-07-01,1.5956,1.6546,0.45
2016-07-05,1.5875,1.6465,0.0
2016-07-06,1.6015,1.6605,0.88
2016-07-07,1.5995,1.6585,-0.12
2016-07-08,1.623,1.682,1.47
2016-07-11,1.628,1.687,0.31
2016-07-12,1.6413,1.7003,0.82
2016-07-13,1.6402,1.6992,-0.07
2016-07-14,1.6473,1.7063,0.43
2016-07-15,1.6448,1.7038,-0.15
2016-07-18,1.652,1.711,0.44
2016-07-19,1.6501,1.7091,-0.12
2016-07-20,1.6563,1.7153,0.38
2016-07-21,1.6488,1.7078,-0.45
2016-07-22,1.6512,1.7102,0.15
2016-07-25,1.6507,1.7097,-0.03
2016-07-26,1.6493,1.7083,-0.08
2016-07-27,1.6449,1.7039,-0.27
2016-07-28,1.6458,1.7048,0.05
2016-07-29,1.6463,1.7053,0.03
2016-08-01,1.6386,1.6976,-0.47
2016-08-02,1.6329,1.6919,-0.35
2016-08-03,1.632,1.691,-0.06
2016-08-04,1.6385,1.6975,0.4
2016-08-05,1.6509,1.7099,0.76
2016-08-08,1.6542,1.7132,0.2
2016-08-09,1.6543,1.7133,0.01
2016-08-10,1.6488,1.7078,-0.33
2016-08-11,1.6499,1.7089,0.07
2016-08-12,1.6553,1.7143,0.33
2016-08-15,1.6571,1.7161,0.11
2016-08-16,1.646,1.705,-0.67
2016-08-17,1.6434,1.7024,-0.16
2016-08-18,1.6517,1.7107,0.51
2016-08-19,1.6481,1.7071,-0.22
2016-08-22,1.6574,1.7164,0.56
2016-08-23,1.659,1.718,0.1
2016-08-24,1.6469,1.7059,-0.73
2016-08-25,1.649,1.708,0.13
2016-08-26,1.6438,1.7028,-0.32
2016-08-29,1.6605,1.7195,1.02
2016-08-30,1.6565,1.7155,-0.24
2016-08-31,1.6552,1.7142,-0.08
2016-09-01,1.6521,1.7111,-0.19
2016-09-02,1.6574,1.7164,0.32
2016-09-06,1.6599,1.7189,0.0
2016-09-07,1.6572,1.7162,-0.16
2016-09-08,1.6554,1.7144,-0.11
2016-09-09,1.618,1.677,-2.26
2016-09-12,1.6458,1.7048,1.72
2016-09-13,1.619,1.678,-1.63
2016-09-14,1.6217,1.6807,0.17
2016-09-19,1.6292,1.6882,0.46
2016-09-20,1.625,1.684,-0.26
2016-09-21,1.6449,1.7039,1.22
2016-09-22,1.6495,1.7085,0.28
2016-09-23,1.6441,1.7031,-0.33
2016-09-26,1.6322,1.6912,-0.72
2016-09-27,1.64,1.699,0.48
2016-09-28,1.6493,1.7083,0.57
2016-09-29,1.6353,1.6943,-0.85
2016-09-30,1.6493,1.7083,0.86
2016-10-10,1.6516,1.7106,0.14
2016-10-11,1.6342,1.6932,-1.05
2016-10-12,1.6395,1.6985,0.32
2016-10-13,1.6355,1.6945,-0.24
2016-10-14,1.6326,1.6916,-0.18
2016-10-17,1.6329,1.6919,0.02
2016-10-18,1.6405,1.6995,0.47
2016-10-19,1.6442,1.7032,0.23
2016-10-20,1.6419,1.7009,-0.14
2016-10-21,1.6473,1.7063,0.33
2016-10-24,1.6577,1.7167,0.63
2016-10-25,1.6529,1.7119,-0.29
2016-10-26,1.6492,1.7082,-0.22
2016-10-27,1.6451,1.7041,-0.25
2016-10-28,1.6432,1.7022,-0.12
2016-10-31,1.6377,1.6967,-0.33
2016-11-01,1.629,1.688,-0.53
2016-11-02,1.6153,1.6743,-0.84
2016-11-03,1.6073,1.6663,-0.5
2016-11-04,1.6053,1.6643,-0.12
2016-11-07,1.6442,1.7032,2.42
2016-11-08,1.6528,1.7118,0.52
2016-11-09,1.6708,1.7298,1.09
2016-11-10,1.6755,1.7345,0.28
2016-11-11,1.6785,1.7375,0.18
2016-11-14,1.6824,1.7414,0.23
2016-11-15,1.6999,1.7589,1.04
2016-11-16,1.6999,1.7589,0.0
2016-11-17,1.71,1.769,0.59
2016-11-18,1.7088,1.7678,-0.07
2016-11-21,1.7251,1.7841,0.95
2016-11-22,1.724,1.783,-0.06
2016-11-23,1.7283,1.7873,0.25
2016-11-25,1.7409,1.7999,0.0
2016-11-28,1.7292,1.7882,-0.67
2016-11-29,1.728,1.787,-0.07
2016-11-30,1.7233,1.7823,-0.27
2016-12-01,1.7197,1.7787,-0.21
2016-12-02,1.7164,1.7754,-0.19
2016-12-05,1.7277,1.7867,0.66
2016-12-06,1.7261,1.7851,-0.09
2016-12-07,1.7535,1.8125,1.59
2016-12-08,1.7556,1.8146,0.12
2016-12-09,1.7714,1.8304,0.9
2016-12-12,1.7719,1.8309,0.03
2016-12-13,1.7795,1.8385,0.43
2016-12-14,1.7682,1.8272,-0.64
2016-12-15,1.7811,1.8401,0.73
2016-12-16,1.7833,1.8423,0.12
2016-12-19,1.7819,1.8409,-0.08
2016-12-20,1.7922,1.8512,0.58
2016-12-21,1.7884,1.8474,-0.21
2016-12-22,1.7841,1.8431,-0.24
2016-12-23,1.7869,1.8459,0.16
2016-12-27,1.7903,1.8493,0.0
2016-12-28,1.7768,1.8358,-0.75
2016-12-29,1.7762,1.8352,-0.03
2016-12-30,1.7653,1.8243,-0.61
2016-12-31,1.7653,1.8243,0.0
2017-01-03,1.7812,1.8402,0.9
2017-01-04,1.7915,1.8505,0.58
2017-01-05,1.7851,1.8441,-0.36
2017-01-06,1.7757,1.8347,-0.53
2017-01-09,1.7836,1.8426,0.44
2017-01-10,1.7827,1.8417,-0.05
2017-01-11,1.7877,1.8467,0.28
2017-01-12,1.7819,1.8409,-0.32
2017-01-13,1.7801,1.8391,-0.1
2017-01-17,1.7768,1.8358,0.0
2017-01-18,1.7697,1.8287,-0.4
2017-01-19,1.7649,1.8239,-0.27
2017-01-20,1.7731,1.8321,0.46
2017-01-23,1.7661,1.8251,-0.39
2017-01-24,1.7715,1.8305,0.31
2017-01-25,1.7908,1.8498,1.09
2017-01-26,1.7896,1.8486,-0.07
2017-02-03,1.7894,1.8484,-0.01
2017-02-06,1.7865,1.8455,-0.16
2017-02-07,1.7866,1.8456,0.01
2017-02-08,1.7941,1.8531,0.42
2017-02-09,1.8008,1.8598,0.37
2017-02-10,1.8097,1.8687,0.49
2017-02-13,1.8208,1.8798,0.61
2017-02-14,1.8259,1.8849,0.28
2017-02-15,1.8306,1.8896,0.26
2017-02-16,1.8289,1.8879,-0.09
2017-02-17,1.8274,1.8864,-0.08
2017-02-21,1.8455,1.9045,0.0
2017-02-22,1.8449,1.9039,-0.03
2017-02-23,1.8424,1.9014,-0.14
2017-02-24,1.8443,1.9033,0.1
2017-02-27,1.8502,1.9092,0.32
2017-02-28,1.844,1.903,-0.34
2017-03-01,1.8696,1.9286,1.39
2017-03-02,1.8596,1.9186,-0.53
2017-03-03,1.8625,1.9215,0.16
2017-03-06,1.8539,1.9129,-0.46
2017-03-07,1.8528,1.9118,-0.06
2017-03-08,1.8512,1.9102,-0.09
2017-03-09,1.8549,1.9139,0.2
2017-03-10,1.8603,1.9193,0.29
2017-03-13,1.858,1.917,-0.12
2017-03-14,1.8551,1.9141,-0.16
2017-03-15,1.8696,1.9286,0.78
2017-03-16,1.8605,1.9195,-0.49
2017-03-17,1.8584,1.9174,-0.11
2017-03-20,1.8577,1.9167,-0.04
2017-03-21,1.8381,1.8971,-1.06
2017-03-22,1.8366,1.8956,-0.08
2017-03-23,1.8339,1.8929,-0.15
2017-03-24,1.8325,1.8915,-0.08
2017-03-27,1.8269,1.8859,-0.31
2017-03-28,1.8411,1.9001,0.78
2017-03-29,1.8466,1.9056,0.3
2017-03-30,1.851,1.91,0.24
2017-03-31,1.8497,1.9087,-0.07
2017-04-05,1.8402,1.8992,-0.51
2017-04-06,1.8446,1.9036,0.24
2017-04-07,1.8436,1.9026,-0.05
2017-04-10,1.847,1.906,0.18
2017-04-11,1.8426,1.9016,-0.24
2017-04-12,1.8355,1.8945,-0.39
2017-04-13,1.8165,1.8755,-1.04
2017-04-17,1.8342,1.8932,0.0
2017-04-18,1.8309,1.8899,-0.18
2017-04-19,1.8233,1.8823,-0.42
2017-04-20,1.8394,1.8984,0.88
2017-04-21,1.8352,1.8942,-0.23
2017-04-24,1.8499,1.9089,0.8
2017-04-25,1.8647,1.9237,0.8
2017-04-26,1.8641,1.9231,-0.03
2017-04-27,1.8666,1.9256,0.13
2017-04-28,1.864,1.923,-0.14
2017-05-02,1.8694,1.9284,0.29
2017-05-03,1.8658,1.9248,-0.19
2017-05-04,1.8686,1.9276,0.15
2017-05-05,1.874,1.933,0.29
2017-05-08,1.8754,1.9344,0.07
2017-05-09,1.8761,1.9351,0.04
2017-05-10,1.8793,1.9383,0.17
2017-05-11,1.8755,1.9345,-0.2
2017-05-12,1.8702,1.9292,-0.28
2017-05-15,1.876,1.935,0.31
2017-05-16,1.8733,1.9323,-0.14
2017-05-17,1.8378,1.8968,-1.9
2017-05-18,1.8434,1.9024,0.3
2017-05-19,1.8597,1.9187,0.88
2017-05-22,1.8657,1.9247,0.32
2017-05-23,1.8686,1.9276,0.16
2017-05-24,1.8754,1.9344,0.36
2017-05-25,1.8818,1.9408,0.34
2017-05-26,1.8826,1.9416,0.04
2017-05-31,1.878,1.937,-0.24
2017-06-01,1.8774,1.9364,-0.03
2017-06-02,1.8833,1.9423,0.31
2017-06-05,1.8774,1.9364,-0.31
2017-06-06,1.8726,1.9316,-0.26
2017-06-07,1.8734,1.9324,0.04
2017-06-08,1.8759,1.9349,0.13
2017-06-09,1.8754,1.9344,-0.03
2017-06-12,1.873,1.932,-0.13
2017-06-13,1.8816,1.9406,0.46
2017-06-14,1.8793,1.9383,-0.12
2017-06-15,1.8734,1.9324,-0.31
2017-06-16,1.8775,1.9365,0.22
2017-06-19,1.8914,1.9504,0.74
2017-06-20,1.883,1.942,-0.44
2017-06-21,1.8846,1.9436,0.09
2017-06-22,1.8838,1.9428,-0.04
2017-06-23,1.8875,1.9465,0.2
2017-06-26,1.8875,1.9465,0.0
2017-06-27,1.8751,1.9341,-0.66
2017-06-28,1.8845,1.9435,0.5
2017-06-29,1.8662,1.9252,-0.97
2017-06-30,1.8635,1.9225,-0.14
2017-07-03,1.8683,1.9273,0.26
2017-07-05,1.8749,1.9339,0.0
2017-07-06,1.8597,1.9187,-0.81
2017-07-07,1.8699,1.9289,0.55
2017-07-10,1.8727,1.9317,0.15
2017-07-11,1.8719,1.9309,-0.04
2017-07-12,1.8818,1.9408,0.53
2017-07-13,1.8834,1.9424,0.09
2017-07-14,1.8909,1.9499,0.4
2017-07-17,1.885,1.944,-0.31
2017-07-18,1.8873,1.9463,0.12
2017-07-19,1.8927,1.9517,0.29
2017-07-20,1.8928,1.9518,0.01
2017-07-21,1.8908,1.9498,-0.11
2017-07-24,1.8886,1.9476,-0.12
2017-07-25,1.8958,1.9548,0.38
2017-07-26,1.8973,1.9563,0.08
2017-07-27,1.8897,1.9487,-0.4
2017-07-28,1.889,1.948,-0.04
2017-07-31,1.8851,1.9441,-0.21
2017-08-01,1.8857,1.9447,0.03
2017-08-02,1.8884,1.9474,0.14
2017-08-03,1.8851,1.9441,-0.17
2017-08-04,1.8861,1.9451,0.05
2017-08-07,1.8916,1.9506,0.29
2017-08-08,1.8862,1.9452,-0.29
2017-08-09,1.8827,1.9417,-0.19
2017-08-10,1.8492,1.9082,-1.78
2017-08-11,1.848,1.907,-0.06
2017-08-14,1.8642,1.9232,0.88
2017-08-15,1.866,1.925,0.1
2017-08-16,1.8713,1.9303,0.28
2017-08-17,1.8424,1.9014,-1.54
2017-08-18,1.8402,1.8992,-0.12
2017-08-21,1.841,1.9,0.04
2017-08-22,1.8552,1.9142,0.77
2017-08-23,1.8502,1.9092,-0.27
2017-08-24,1.8437,1.9027,-0.35
2017-08-25,1.8481,1.9071,0.24
2017-08-28,1.8428,1.9018,-0.29
2017-08-29,1.8429,1.9019,0.01
2017-08-30,1.8459,1.9049,0.16
2017-08-31,1.8533,1.9123,0.4
2017-09-01,1.8541,1.9131,0.04
2017-09-05,1.8263,1.8853,0.0
2017-09-06,1.83,1.889,0.2
2017-09-07,1.8288,1.8878,-0.07
2017-09-08,1.8199,1.8789,-0.49
2017-09-11,1.8372,1.8962,0.95
2017-09-12,1.8508,1.9098,0.74
2017-09-13,1.855,1.914,0.23
2017-09-14,1.8558,1.9148,0.04
2017-09-15,1.858,1.917,0.12
2017-09-18,1.8603,1.9193,0.12
2017-09-19,1.8652,1.9242,0.26
2017-09-20,1.8703,1.9293,0.27
2017-09-21,1.8704,1.9294,0.01
2017-09-22,1.8713,1.9303,0.05
2017-09-25,1.8698,1.9288,-0.08
2017-09-26,1.8735,1.9325,0.2
2017-09-27,1.8838,1.9428,0.55
2017-09-28,1.8887,1.9477,0.26
2017-09-29,1.8976,1.9566,0.47
2017-10-09,1.9193,1.9783,1.14
2017-10-10,1.9173,1.9763,-0.1
2017-10-11,1.9081,1.9671,-0.48
2017-10-12,1.9043,1.9633,-0.2
2017-10-13,1.9075,1.9665,0.17
2017-10-16,1.9098,1.9688,0.12
2017-10-17,1.9121,1.9711,0.12
2017-10-18,1.9165,1.9755,0.23
2017-10-19,1.9199,1.9789,0.18
2017-10-20,1.9292,1.9882,0.48
2017-10-23,1.925,1.984,-0.22
2017-10-24,1.9297,1.9887,0.24
2017-10-25,1.9228,1.9818,-0.36
2017-10-26,1.924,1.983,0.06
2017-10-27,1.9437,2.0027,1.02
2017-10-30,1.938,1.997,-0.29
2017-10-31,1.9372,1.9962,-0.04
2017-11-01,1.9373,1.9963,0.01
2017-11-02,1.9347,1.9937,-0.13
2017-11-03,1.937,1.996,0.12
2017-11-06,1.944,2.003,0.36
2017-11-07,1.9427,2.0017,-0.07
2017-11-08,1.947,2.006,0.22
2017-11-09,1.9418,2.0008,-0.27
2017-11-10,1.9394,1.9984,-0.12
2017-11-13,1.9428,2.0018,0.18
2017-11-14,1.9402,1.9992,-0.13
2017-11-15,1.9269,1.9859,-0.69
2017-11-16,1.9429,2.0019,0.83
2017-11-17,1.9377,1.9967,-0.27
2017-11-20,1.9399,1.9989,0.11
2017-11-21,1.9541,2.0131,0.73
2017-11-22,1.9509,2.0099,-0.16
2017-11-24,1.9414,2.0004,0.0
2017-11-27,1.9424,2.0014,0.05
2017-11-28,1.9625,2.0215,1.03
2017-11-29,1.9641,2.0231,0.08
2017-11-30,1.9805,2.0395,0.84
2017-12-01,1.9776,2.0366,-0.15
2017-12-04,1.9767,2.0357,-0.05
2017-12-05,1.9702,2.0292,-0.33
2017-12-06,1.9713,2.0303,0.06
2017-12-07,1.9777,2.0367,0.32
2017-12-08,1.9884,2.0474,0.54
2017-12-11,1.9921,2.0511,0.19
2017-12-12,1.9952,2.0542,0.16
2017-12-13,1.9967,2.0557,0.08
2017-12-14,1.9833,2.0423,-0.67
2017-12-15,2.0021,2.0611,0.95
2017-12-18,2.0132,2.0722,0.55
2017-12-19,2.0053,2.0643,-0.39
2017-12-20,2.0031,2.0621,-0.11
2017-12-21,1.9996,2.0586,-0.17
2017-12-22,1.9994,2.0584,-0.01
2017-12-26,1.9869,2.0459,0.0
2017-12-27,1.9883,2.0473,0.07
2017-12-28,1.9913,2.0503,0.15
2017-12-29,1.98,2.039,-0.57
2017-12-31,1.98,2.039,0.0
2018-01-02,1.9876,2.0466,0.38
2018-01-03,1.9953,2.0543,0.39
2018-01-04,2.0066,2.0656,0.57
2018-01-05,2.0162,2.0752,0.48
2018-01-08,2.0169,2.0759,0.03
2018-01-09,2.0237,2.0827,0.34
2018-01-10,2.0282,2.0872,0.22
2018-01-11,2.04,2.099,0.58
2018-01-12,2.0469,2.1059,0.34
2018-01-16,2.024,2.083,0.0
2018-01-17,2.0404,2.0994,0.81
2018-01-18,2.0392,2.0982,-0.06
2018-01-19,2.041,2.1,0.09
2018-01-22,2.0545,2.1135,0.66
2018-01-23,2.0556,2.1146,0.05
2018-01-24,2.0519,2.1109,-0.18
2018-01-25,2.0473,2.1063,-0.22
2018-01-26,2.0614,2.1204,0.69
2018-01-29,2.0435,2.1025,-0.87
2018-01-30,2.0229,2.0819,-1.01
2018-01-31,2.0249,2.0839,0.1
2018-02-01,2.0146,2.0736,-0.51
2018-02-02,1.9686,2.0276,-2.28
2018-02-05,1.894,1.953,-3.79
2018-02-06,1.9285,1.9875,1.82
2018-02-07,1.9132,1.9722,-0.79
2018-02-08,1.8421,1.9011,-3.72
2018-02-09,1.8789,1.9379,2.0
2018-02-12,1.8977,1.9567,1.0
2018-02-13,1.9097,1.9687,0.63
2018-02-14,1.9394,1.9984,1.56
2018-02-22,1.9468,2.0058,0.38
2018-02-23,1.9743,2.0333,1.41
2018-02-26,1.9931,2.0521,0.95
2018-02-27,1.9628,2.0218,-1.52
2018-02-28,1.9463,2.0053,-0.84
2018-03-01,1.9236,1.9826,-1.17
2018-03-02,1.9323,1.9913,0.45
2018-03-05,1.9549,2.0139,1.17
2018-03-06,1.9585,2.0175,0.18
2018-03-07,1.9551,2.0141,-0.17
2018-03-08,1.9623,2.0213,0.37
2018-03-09,2.0004,2.0594,1.94
2018-03-12,1.9945,2.0535,-0.29
2018-03-13,1.9794,2.0384,-0.76
2018-03-14,1.9685,2.0275,-0.55
2018-03-15,1.9655,2.0245,-0.15
2018-03-16,1.974,2.033,0.43
2018-03-19,1.9472,2.0062,-1.36
2018-03-20,1.9477,2.0067,0.03
2018-03-21,1.9485,2.0075,0.04
2018-03-22,1.9006,1.9596,-2.46
2018-03-23,1.866,1.925,-1.82
2018-03-26,1.911,1.97,2.41
2018-03-27,1.8691,1.9281,-2.19
2018-03-28,1.8632,1.9222,-0.32
2018-03-29,1.8948,1.9538,1.7
2018-04-02,1.8466,1.9056,0.0
2018-04-03,1.8706,1.9296,1.3
2018-04-04,1.8938,1.9528,1.24
2018-04-09,1.878,1.937,-0.83
2018-04-10,1.9062,1.9652,1.5
2018-04-11,1.8919,1.9509,-0.75
2018-04-12,1.9047,1.9637,0.68
2018-04-13,1.9013,1.9603,-0.18
2018-04-16,1.9155,1.9745,0.75
2018-04-17,1.9313,1.9903,0.82
2018-04-18,1.9342,1.9932,0.15
2018-04-19,1.9241,1.9831,-0.52
2018-04-20,1.9104,1.9694,-0.71
2018-04-23,1.9141,1.9731,0.19
2018-04-24,1.8954,1.9544,-0.98
2018-04-25,1.8942,1.9532,-0.06
2018-04-26,1.9189,1.9779,1.3
2018-04-27,1.9238,1.9828,0.26
2018-05-02,1.9075,1.9665,-0.85
2018-05-03,1.9056,1.9646,-0.1
2018-05-04,1.9228,1.9818,0.9
2018-05-07,1.9306,1.9896,0.41
2018-05-08,1.9325,1.9915,0.1
2018-05-09,1.9519,2.0109,1.0
2018-05-10,1.9704,2.0294,0.95
2018-05-11,1.9673,2.0263,-0.16
2018-05-14,1.9638,2.0228,-0.18
2018-05-15,1.955,2.014,-0.45
2018-05-16,1.9703,2.0293,0.78
2018-05-17,1.9672,2.0262,-0.16
2018-05-18,1.9648,2.0238,-0.12
2018-05-21,1.9809,2.0399,0.82
2018-05-22,1.9736,2.0326,-0.37
2018-05-23,1.9788,2.0378,0.26
2018-05-24,1.9762,2.0352,-0.13
2018-05-25,1.9733,2.0323,-0.15
2018-05-29,1.9562,2.0152,0.0
2018-05-30,1.985,2.044,1.47
2018-05-31,1.9706,2.0296,-0.73
2018-06-01,1.989,2.048,0.93
2018-06-04,2.001,2.06,0.6
2018-06-05,2.0011,2.0601,0.01
2018-06-06,2.0138,2.0728,0.63
2018-06-07,2.0092,2.0682,-0.23
2018-06-08,2.0175,2.0765,0.41
2018-06-11,2.0212,2.0802,0.18
2018-06-12,2.0258,2.0848,0.23
2018-06-13,2.019,2.078,-0.34
2018-06-14,2.0186,2.0776,-0.02
2018-06-15,2.0263,2.0853,0.38
2018-06-19,2.0126,2.0716,-0.68
2018-06-20,2.0257,2.0847,0.65
2018-06-21,2.0172,2.0762,-0.42
2018-06-22,2.0235,2.0825,0.31
2018-06-25,1.9996,2.0586,-1.18
2018-06-26,2.0118,2.0708,0.61
2018-06-27,2.0061,2.0651,-0.28
2018-06-28,2.0287,2.0877,1.13
2018-06-29,2.0358,2.0948,0.35
2018-06-30,2.0358,2.0948,0.0
2018-07-02,2.0412,2.1002,0.27
2018-07-03,2.041,2.1,-0.01
2018-07-05,2.0491,2.1081,0.0
2018-07-06,2.0699,2.1289,1.02
2018-07-09,2.0893,2.1483,0.94
2018-07-10,2.0922,2.1512,0.14
2018-07-11,2.0771,2.1361,-0.72
2018-07-12,2.1088,2.1678,1.53
2018-07-13,2.1109,2.1699,0.1
2018-07-16,2.1095,2.1685,-0.07
2018-07-17,2.1194,2.1784,0.47
2018-07-18,2.1263,2.1853,0.33
2018-07-19,2.1228,2.1818,-0.16
2018-07-20,2.1383,2.1973,0.73
2018-07-23,2.1397,2.1987,0.07
2018-07-24,2.1577,2.2167,0.84
2018-07-25,2.1802,2.2392,1.04
2018-07-26,2.1631,2.2221,-0.78
2018-07-27,2.1577,2.2167,-0.25
2018-07-30,2.1518,2.2108,-0.27
2018-07-31,2.1625,2.2215,0.5
2018-08-01,2.1639,2.2229,0.06
2018-08-02,2.1636,2.2226,-0.01
2018-08-03,2.1848,2.2438,0.98
2018-08-06,2.1976,2.2566,0.59
2018-08-07,2.2008,2.2598,0.15
2018-08-08,2.1964,2.2554,-0.2
2018-08-09,2.1939,2.2529,-0.11
2018-08-10,2.1823,2.2413,-0.53
2018-08-13,2.1811,2.2401,-0.06
2018-08-14,2.196,2.255,0.68
2018-08-15,2.1854,2.2444,-0.48
2018-08-16,2.2047,2.2637,0.88
2018-08-17,2.2099,2.2689,0.24
2018-08-20,2.2095,2.2685,-0.02
2018-08-21,2.2027,2.2617,-0.31
2018-08-22,2.1991,2.2581,-0.16
2018-08-23,2.1986,2.2576,-0.02
2018-08-24,2.2222,2.2812,1.07
2018-08-27,2.2319,2.2909,0.44
2018-08-28,2.2181,2.2771,-0.62
2018-08-29,2.2308,2.2898,0.57
2018-08-30,2.2229,2.2819,-0.35
2018-08-31,2.2275,2.2865,0.21
2018-09-04,2.222,2.281,0.0
2018-09-05,2.2187,2.2777,-0.15
2018-09-06,2.2102,2.2692,-0.38
2018-09-07,2.2057,2.2647,-0.2
2018-09-10,2.2148,2.2738,0.41
2018-09-11,2.2257,2.2847,0.49
2018-09-12,2.2281,2.2871,0.11
2018-09-13,2.2378,2.2968,0.44
2018-09-14,2.2347,2.2937,-0.14
2018-09-17,2.2274,2.2864,-0.33
2018-09-18,2.2399,2.2989,0.56
2018-09-19,2.2429,2.3019,0.13
2018-09-20,2.2584,2.3174,0.69
2018-09-21,2.2523,2.3113,-0.27
2018-09-25,2.2448,2.3038,-0.33
2018-09-26,2.2418,2.3008,-0.13
2018-09-27,2.25,2.309,0.37
2018-09-28,2.2545,2.3135,0.2
2018-10-08,2.2382,2.2972,-0.72
2018-10-09,2.2375,2.2965,-0.03
2018-10-10,2.1712,2.2302,-2.96
2018-10-11,2.1311,2.1901,-1.85
2018-10-12,2.1602,2.2192,1.37
2018-10-15,2.1483,2.2073,-0.55
2018-10-16,2.1922,2.2512,2.04
2018-10-17,2.1911,2.2501,-0.05
2018-10-18,2.1663,2.2253,-1.13
2018-10-19,2.1689,2.2279,0.12
2018-10-22,2.1553,2.2143,-0.63
2018-10-23,2.1474,2.2064,-0.37
2018-10-24,2.0848,2.1438,-2.92
2018-10-25,2.1224,2.1814,1.8
2018-10-26,2.0909,2.1499,-1.48
2018-10-29,2.0734,2.1324,-0.84
2018-10-30,2.1104,2.1694,1.78
2018-10-31,2.1342,2.1932,1.13
2018-11-01,2.1563,2.2153,1.04
2018-11-02,2.1347,2.1937,-1.0
2018-11-05,2.1343,2.1933,-0.02
2018-11-06,2.1491,2.2081,0.69
2018-11-07,2.1918,2.2508,1.99
2018-11-08,2.1903,2.2493,-0.07
2018-11-09,2.1759,2.2349,-0.66
2018-11-12,2.1394,2.1984,-1.68
2018-11-13,2.1409,2.1999,0.07
2018-11-14,2.1189,2.1779,-1.03
2018-11-15,2.1408,2.1998,1.03
2018-11-16,2.145,2.204,0.2
2018-11-19,2.1072,2.1662,-1.76
2018-11-20,2.0717,2.1307,-1.68
2018-11-21,2.0825,2.1415,0.52
2018-11-23,2.0654,2.1244,0.0
2018-11-26,2.101,2.16,1.72
2018-11-27,2.1077,2.1667,0.32
2018-11-28,2.1551,2.2141,2.25
2018-11-29,2.1469,2.2059,-0.38
2018-11-30,2.1635,2.2225,0.77
2018-12-03,2.1878,2.2468,1.12
2018-12-04,2.1066,2.1656,-3.71
2018-12-06,2.0941,2.1531,0.0
2018-12-07,2.0482,2.1072,-2.19
2018-12-10,2.0524,2.1114,0.21
2018-12-11,2.0604,2.1194,0.39
2018-12-12,2.0727,2.1317,0.6
2018-12-13,2.0641,2.1231,-0.41
2018-12-14,2.0275,2.0865,-1.77
2018-12-17,1.9921,2.0511,-1.75
2018-12-18,1.9901,2.0491,-0.1
2018-12-19,1.9616,2.0206,-1.43
2018-12-20,1.9348,1.9938,-1.37
2018-12-21,1.8947,1.9537,-2.07
2018-12-24,1.8501,1.9091,-2.35
2018-12-26,1.9316,1.9906,0.0
2018-12-27,1.9491,2.0081,0.91
2018-12-28,1.94,1.999,-0.47
2018-12-31,1.9554,2.0144,0.0
2019-01-02,1.9538,2.0128,0.71
2019-01-03,1.9123,1.9713,-2.12
2019-01-04,1.9739,2.0329,3.22
2019-01-07,1.9846,2.0436,0.54
2019-01-08,1.999,2.058,0.73
2019-01-09,2.0103,2.0693,0.57
2019-01-10,2.0091,2.0681,-0.06
2019-01-11,2.0022,2.0612,-0.34
2019-01-14,1.9829,2.0419,-0.96
2019-01-15,2.0027,2.0617,1.0
2019-01-16,2.0089,2.0679,0.31
2019-01-17,2.0228,2.0818,0.69
2019-01-18,2.0502,2.1092,1.35
2019-01-22,2.0277,2.0867,0.0
2019-01-23,2.0352,2.0942,0.37
2019-01-24,2.0331,2.0921,-0.1
2019-01-25,2.0533,2.1123,0.99
2019-01-28,2.025,2.084,-1.38
2019-01-29,2.0192,2.0782,-0.29
2019-01-30,2.0486,2.1076,1.46
2019-01-31,2.0566,2.1156,0.39
2019-02-01,2.06,2.119,0.17
2019-02-11,2.0744,2.1334,0.7
2019-02-12,2.1073,2.1663,1.59
2019-02-13,2.1107,2.1697,0.16
2019-02-14,2.108,2.167,-0.13
2019-02-15,2.1268,2.1858,0.89
2019-02-19,2.1302,2.1892,0.0
2019-02-20,2.1315,2.1905,0.06
2019-02-21,2.1145,2.1735,-0.8
2019-02-22,2.1252,2.1842,0.51
2019-02-25,2.1272,2.1862,0.09
2019-02-26,2.1202,2.1792,-0.33
2019-02-27,2.1167,2.1757,-0.17
2019-02-28,2.1126,2.1716,-0.19
2019-03-01,2.1281,2.1871,0.73
2019-03-04,2.1226,2.1816,-0.26
2019-03-05,2.1191,2.1781,-0.16
2019-03-06,2.1076,2.1666,-0.54
2019-03-07,2.0937,2.1527,-0.66
2019-03-08,2.0928,2.1518,-0.04
2019-03-11,2.1206,2.1796,1.33
2019-03-12,2.1244,2.1834,0.18
2019-03-13,2.1382,2.1972,0.65
2019-03-14,2.1337,2.1927,-0.21
2019-03-15,2.1487,2.2077,0.7
2019-03-18,2.1538,2.2128,0.24
2019-03-19,2.1527,2.2117,-0.05
2019-03-20,2.1478,2.2068,-0.23
2019-03-21,2.1623,2.2213,0.68
2019-03-22,2.1265,2.1855,-1.66
2019-03-25,2.1293,2.1883,0.13
2019-03-26,2.1419,2.2009,0.59
2019-03-27,2.1355,2.1945,-0.3
2019-03-28,2.1467,2.2057,0.52
2019-03-29,2.1623,2.2213,0.73
2019-04-01,2.1814,2.2404,0.88
2019-04-02,2.1803,2.2393,-0.05
2019-04-03,2.1859,2.2449,0.26
2019-04-04,2.1862,2.2452,0.01
2019-04-08,2.2024,2.2614,0.74
2019-04-09,2.1887,2.2477,-0.62
2019-04-10,2.195,2.254,0.29
2019-04-11,2.1943,2.2533,-0.03
2019-04-12,2.2123,2.2713,0.82
2019-04-15,2.2076,2.2666,-0.21
2019-04-16,2.2081,2.2671,0.02
2019-04-17,2.2039,2.2629,-0.19
2019-04-18,2.2015,2.2605,-0.11
2019-04-22,2.2069,2.2659,0.0
2019-04-23,2.2268,2.2858,0.9
2019-04-24,2.2259,2.2849,-0.04
2019-04-25,2.228,2.287,0.09
2019-04-26,2.238,2.297,0.45
2019-04-29,2.2402,2.2992,0.1
2019-04-30,2.2416,2.3006,0.06
2019-05-06,2.234,2.293,-0.34
2019-05-07,2.2071,2.2661,-1.2
2019-05-08,2.2033,2.2623,-0.17
2019-05-09,2.1995,2.2585,-0.17
2019-05-10,2.2154,2.2744,0.72
2019-05-13,2.1659,2.2249,-2.23
2019-05-14,2.1945,2.2535,1.32
2019-05-15,2.2162,2.2752,0.99
2019-05-16,2.2362,2.2952,0.9
2019-05-17,2.2286,2.2876,-0.34
2019-05-20,2.2184,2.2774,-0.46
2019-05-21,2.2357,2.2947,0.78
2019-05-22,2.2297,2.2887,-0.27
2019-05-23,2.2046,2.2636,-1.13
2019-05-24,2.2079,2.2669,0.15
2019-05-28,2.1895,2.2485,0.0
2019-05-29,2.1753,2.2343,-0.65
2019-05-30,2.1801,2.2391,0.22
2019-05-31,2.1528,2.2118,-1.25
2019-06-03,2.144,2.203,-0.41
2019-06-04,2.1864,2.2454,1.98
2019-06-05,2.2064,2.2654,0.91
2019-06-06,2.2213,2.2803,0.68
2019-06-10,2.2531,2.3121,1.43
2019-06-11,2.2523,2.3113,-0.04
2019-06-12,2.248,2.307,-0.19
2019-06-13,2.2574,2.3164,0.42
2019-06-14,2.2543,2.3133,-0.14
2019-06-17,2.2561,2.3151,0.08
2019-06-18,2.2771,2.3361,0.93
2019-06-19,2.2819,2.3409,0.21
2019-06-20,2.2996,2.3586,0.78
2019-06-21,2.286,2.345,-0.59
2019-06-24,2.2834,2.3424,-0.11
2019-06-25,2.265,2.324,-0.81
2019-06-26,2.2662,2.3252,0.05
2019-06-27,2.2771,2.3361,0.48
2019-06-28,2.2883,2.3473,0.49
2019-06-30,2.2883,2.3473,0.0
2019-07-01,2.3037,2.3627,0.67
2019-07-02,2.3036,2.3626,0.0
2019-07-03,2.325,2.384,0.93
2019-07-05,2.3227,2.3817,0.0
2019-07-08,2.318,2.377,-0.2
2019-07-09,2.3205,2.3795,0.11
2019-07-10,2.3306,2.3896,0.44
2019-07-11,2.3298,2.3888,-0.03
2019-07-12,2.3395,2.3985,0.42
2019-07-15,2.3402,2.3992,0.03
2019-07-16,2.3339,2.3929,-0.27
2019-07-17,2.3231,2.3821,-0.46
2019-07-18,2.329,2.388,0.25
2019-07-19,2.3114,2.3704,-0.76
2019-07-22,2.3215,2.3805,0.44
2019-07-23,2.3383,2.3973,0.72
2019-07-24,2.35,2.409,0.5
2019-07-25,2.3345,2.3935,-0.66
2019-07-26,2.3523,2.4113,0.76
2019-07-29,2.3495,2.4085,-0.12
2019-07-30,2.345,2.404,-0.19
2019-07-31,2.3203,2.3793,-1.05
2019-08-01,2.3037,2.3627,-0.72
2019-08-02,2.2901,2.3491,-0.59
2019-08-05,2.2321,2.2911,-2.53
2019-08-06,2.2735,2.3325,1.85
2019-08-07,2.2844,2.3434,0.48
2019-08-08,2.327,2.386,1.86
2019-08-09,2.3153,2.3743,-0.5
2019-08-12,2.2916,2.3506,-1.02
2019-08-13,2.3269,2.3859,1.54
2019-08-14,2.2637,2.3227,-2.72
2019-08-15,2.2678,2.3268,0.18
2019-08-16,2.3002,2.3592,1.43
2019-08-19,2.3276,2.3866,1.19
2019-08-20,2.313,2.372,-0.63
2019-08-21,2.3307,2.3897,0.77
2019-08-22,2.3311,2.3901,0.02
2019-08-23,2.2768,2.3358,-2.33
2019-08-26,2.3003,2.3593,1.03
2019-08-27,2.2999,2.3589,-0.02
2019-08-28,2.3152,2.3742,0.67
2019-08-29,2.3438,2.4028,1.24
2019-08-30,2.3452,2.4042,0.06
2019-09-03,2.33,2.389,0.0
2019-09-04,2.354,2.413,1.03
2019-09-05,2.3827,2.4417,1.22
2019-09-06,2.3852,2.4442,0.1
2019-09-09,2.3847,2.4437,-0.02
2019-09-10,2.3852,2.4442,0.02
2019-09-11,2.4014,2.4604,0.68
2019-09-12,2.4084,2.4674,0.29
2019-09-16,2.3939,2.4529,-0.6
2019-09-17,2.402,2.461,0.34
2019-09-18,2.4026,2.4616,0.03
2019-09-19,2.4028,2.4618,0.01
2019-09-20,2.3915,2.4505,-0.47
2019-09-23,2.3917,2.4507,0.01
2019-09-24,2.3727,2.4317,-0.79
2019-09-25,2.3862,2.4452,0.57
2019-09-26,2.3809,2.4399,-0.22
2019-09-27,2.3692,2.4282,-0.49
2019-09-30,2.3803,2.4393,0.47
2019-10-08,2.3173,2.3763,-2.65
2019-10-09,2.3378,2.3968,0.88
2019-10-10,2.3522,2.4112,0.62
2019-10-11,2.3762,2.4352,1.02
2019-10-14,2.3728,2.4318,-0.14
2019-10-15,2.3944,2.4534,0.91
2019-10-16,2.391,2.45,-0.14
2019-10-17,2.3985,2.4575,0.31
2019-10-18,2.3864,2.4454,-0.5
2019-10-21,2.4015,2.4605,0.63
2019-10-22,2.3929,2.4519,-0.36
2019-10-23,2.4023,2.4613,0.39
2019-10-24,2.4055,2.4645,0.13
2019-10-25,2.4156,2.4746,0.42
2019-10-28,2.4286,2.4876,0.54
2019-10-29,2.4219,2.4809,-0.28
2019-10-30,2.4286,2.4876,0.28
2019-10-31,2.4198,2.4788,-0.36
2019-11-01,2.4387,2.4977,0.78
2019-11-04,2.4452,2.5042,0.27
2019-11-05,2.4425,2.5015,-0.11
2019-11-06,2.4344,2.4934,-0.33
2019-11-07,2.4392,2.4982,0.2
2019-11-08,2.4431,2.5021,0.16
2019-11-11,2.4381,2.4971,-0.2
2019-11-12,2.4436,2.5026,0.23
2019-11-13,2.4466,2.5056,0.12
2019-11-14,2.4508,2.5098,0.17
2019-11-15,2.4696,2.5286,0.77
2019-11-18,2.469,2.528,-0.02
2019-11-19,2.4674,2.5264,-0.06
2019-11-20,2.4619,2.5209,-0.22
2019-11-21,2.4616,2.5206,-0.01
2019-11-22,2.4694,2.5284,0.32
2019-11-25,2.4898,2.5488,0.83
2019-11-26,2.4933,2.5523,0.14
2019-11-27,2.5029,2.5619,0.39
2019-11-29,2.4923,2.5513,0.0
2019-12-02,2.4707,2.5297,-0.87
2019-12-03,2.4544,2.5134,-0.66
2019-12-04,2.4734,2.5324,0.77
2019-12-05,2.482,2.541,0.35
2019-12-06,2.4988,2.5578,0.68
2019-12-09,2.4919,2.5509,-0.28
2019-12-10,2.4895,2.5485,-0.1
2019-12-11,2.4957,2.5547,0.25
2019-12-12,2.5115,2.5705,0.63
2019-12-13,2.5092,2.5682,-0.09
2019-12-16,2.5171,2.5761,0.31
2019-12-17,2.5193,2.5783,0.09
2019-12-18,2.5186,2.5776,-0.03
2019-12-19,2.5309,2.5899,0.49
2019-12-20,2.5423,2.6013,0.45
2019-12-23,2.5474,2.6064,0.2
2019-12-24,2.5471,2.6061,-0.01
2019-12-26,2.5486,2.6076,0.0
2019-12-27,2.551,2.61,0.09
2019-12-30,2.5349,2.5939,-0.63
2019-12-31,2.5403,2.5993,0.21
2020-01-02,2.5556,2.6146,0.6
2020-01-03,2.5411,2.6001,-0.57
2020-01-06,2.5504,2.6094,0.37
2020-01-07,2.543,2.602,-0.29
2020-01-08,2.547,2.606,0.16
2020-01-09,2.565,2.624,0.71
2020-01-10,2.5529,2.6119,-0.47
2020-01-13,2.5666,2.6256,0.54
2020-01-14,2.5526,2.6116,-0.55
2020-01-15,2.5531,2.6121,0.02
2020-01-16,2.5714,2.6304,0.72
2020-01-17,2.5831,2.6421,0.46
2020-01-21,2.5668,2.6258,0.0
2020-01-22,2.5763,2.6353,0.37
2020-01-23,2.5801,2.6391,0.0
2020-02-03,2.5368,2.5958,-1.68
2020-02-04,2.5921,2.6511,2.18
2020-02-05,2.6213,2.6803,1.13
2020-02-06,2.6358,2.6948,0.55
2020-02-07,2.6146,2.6736,-0.8
2020-02-10,2.6368,2.6958,0.85
2020-02-11,2.6421,2.7011,0.2
2020-02-12,2.6521,2.7111,0.38
2020-02-13,2.6511,2.7101,-0.04
2020-02-14,2.6579,2.7169,0.26
2020-02-18,2.6496,2.7086,0.0
2020-02-19,2.6681,2.7271,0.7
2020-02-20,2.6584,2.7174,-0.36
2020-02-21,2.6376,2.6966,-0.78
2020-02-24,2.5545,2.6135,-3.15
2020-02-25,2.4803,2.5393,-2.9
2020-02-26,2.4673,2.5263,-0.52
2020-02-27,2.3651,2.4241,-4.14
2020-02-28,2.3402,2.3992,-1.05
2020-03-02,2.448,2.507,4.61
2020-03-03,2.3772,2.4362,-2.89
2020-03-04,2.4731,2.5321,4.03
2020-03-05,2.3899,2.4489,-3.36
2020-03-06,2.3491,2.4081,-1.71
2020-03-09,2.1782,2.2372,-7.28
2020-03-10,2.2795,2.3385,4.65
2020-03-11,2.1897,2.2487,-3.94
2020-03-12,2.0056,2.0646,-8.41
2020-03-13,2.1778,2.2368,8.59
2020-03-16,1.9124,1.9714,-12.19
2020-03-17,2.0224,2.0814,5.75
2020-03-18,1.9309,1.9899,-4.52
2020-03-19,1.9434,2.0024,0.65
2020-03-20,1.8835,1.9425,-3.08
2020-03-23,1.8364,1.8954,-2.5
2020-03-24,2.001,2.06,8.96
2020-03-25,2.0067,2.0657,0.28
2020-03-26,2.1226,2.1816,5.78
2020-03-27,2.0443,2.1033,-3.69
2020-03-30,2.1122,2.1712,3.32
2020-03-31,2.0922,2.1512,-0.95
2020-04-01,2.0009,2.0599,-4.36
2020-04-02,2.0522,2.1112,2.56
2020-04-03,2.0261,2.0851,-1.27
2020-04-07,2.1532,2.2122,6.27
2020-04-08,2.2098,2.2688,2.63
2020-04-09,2.2429,2.3019,1.5
2020-04-13,2.2142,2.2732,0.0
2020-04-14,2.2827,2.3417,3.09
2020-04-15,2.2341,2.2931,-2.13
2020-04-16,2.2562,2.3152,0.99
2020-04-17,2.3145,2.3735,2.58
2020-04-20,2.2721,2.3311,-1.83
2020-04-21,2.2093,2.2683,-2.76
2020-04-22,2.262,2.321,2.39
2020-04-23,2.26,2.319,-0.09
2020-04-24,2.2878,2.3468,1.23
2020-04-27,2.3164,2.3754,1.25
2020-04-28,2.3057,2.3647,-0.46
2020-04-29,2.3638,2.4228,2.52
2020-04-30,2.3382,2.3972,-1.08
2020-05-06,2.2928,2.3518,-1.94
2020-05-07,2.3272,2.3862,1.5
2020-05-08,2.3606,2.4196,1.44
2020-05-11,2.3599,2.4189,-0.03
2020-05-12,2.3182,2.3772,-1.77
2020-05-13,2.2789,2.3379,-1.7
2020-05-14,2.3068,2.3658,1.22
2020-05-15,2.3142,2.3732,0.32
2020-05-18,2.3877,2.4467,3.18
2020-05-19,2.3582,2.4172,-1.24
2020-05-20,2.3988,2.4578,1.72
2020-05-21,2.3775,2.4365,-0.89
2020-05-22,2.3859,2.4449,0.35
2020-05-26,2.4257,2.4847,0.0
2020-05-27,2.4531,2.5121,1.13
2020-05-28,2.455,2.514,0.08
2020-05-29,2.4674,2.5264,0.51
2020-06-01,2.4763,2.5353,0.36
2020-06-02,2.4906,2.5496,0.58
2020-06-03,2.5206,2.5796,1.2
2020-06-04,2.5106,2.5696,-0.4
2020-06-05,2.5717,2.6307,2.43
2020-06-08,2.5985,2.6575,1.04
2020-06-09,2.5729,2.6319,-0.99
2020-06-10,2.5594,2.6184,-0.52
2020-06-11,2.4126,2.4716,-5.74
2020-06-12,2.4515,2.5105,1.61
2020-06-15,2.4728,2.5318,0.87
2020-06-16,2.5127,2.5717,1.61
2020-06-17,2.5076,2.5666,-0.2
2020-06-18,2.5096,2.5686,0.08
2020-06-19,2.4955,2.5545,-0.56
2020-06-22,2.5107,2.5697,0.61
2020-06-23,2.5141,2.5731,0.14
2020-06-24,2.4485,2.5075,-2.61
2020-06-29,2.4593,2.5183,0.44
2020-06-30,2.4949,2.5539,1.45
2020-07-01,2.5037,2.5627,0.35
2020-07-02,2.5104,2.5694,0.27
2020-07-06,2.5509,2.6099,0.0
2020-07-07,2.5118,2.5708,-1.53
2020-07-08,2.5272,2.5862,0.61
2020-07-09,2.5094,2.5684,-0.7
2020-07-10,2.5302,2.5892,0.83
2020-07-13,2.5075,2.5665,-0.9
2020-07-14,2.5409,2.5999,1.33
2020-07-15,2.5627,2.6217,0.86
2020-07-16,2.5513,2.6103,-0.44
2020-07-17,2.5633,2.6223,0.47
2020-07-20,2.5796,2.6386,0.64
2020-07-21,2.5813,2.6403,0.07
2020-07-22,2.5898,2.6488,0.33
2020-07-23,2.5669,2.6259,-0.88
2020-07-24,2.5524,2.6114,-0.56
2020-07-27,2.5737,2.6327,0.83
2020-07-28,2.5532,2.6122,-0.8
2020-07-29,2.586,2.645,1.28
2020-07-30,2.5749,2.6339,-0.43
2020-07-31,2.5918,2.6508,0.66
2020-08-03,2.6141,2.6731,0.86
2020-08-04,2.6165,2.6755,0.09
2020-08-05,2.6301,2.6891,0.52
2020-08-06,2.6344,2.6934,0.16
2020-08-07,2.6353,2.6943,0.03
2020-08-10,2.6509,2.7099,0.59
2020-08-11,2.6334,2.6924,-0.66
2020-08-12,2.6643,2.7233,1.17
2020-08-13,2.6536,2.7126,-0.4
2020-08-14,2.6521,2.7111,-0.06
2020-08-17,2.6572,2.7162,0.19
2020-08-18,2.6619,2.7209,0.18
2020-08-19,2.6456,2.7046,-0.61
2020-08-20,2.6572,2.7162,0.44
2020-08-21,2.6598,2.7188,0.1
2020-08-24,2.6883,2.7473,1.07
2020-08-25,2.6973,2.7563,0.33
2020-08-26,2.7194,2.7784,0.82
2020-08-27,2.7172,2.7762,-0.08
2020-08-28,2.7339,2.7929,0.61
2020-08-31,2.7178,2.7768,-0.59
2020-09-01,2.7331,2.7921,0.56
2020-09-02,2.7678,2.8268,1.27
2020-09-03,2.675,2.734,-3.35
2020-09-04,2.6548,2.7138,-0.76
2020-09-08,2.5857,2.6447,0.0
2020-09-09,2.6372,2.6962,1.99
2020-09-10,2.5895,2.6485,-1.81
2020-09-11,2.5923,2.6513,0.11
2020-09-14,2.6234,2.6824,1.2
2020-09-15,2.6316,2.6906,0.31
2020-09-16,2.6053,2.6643,-1.0
2020-09-17,2.579,2.638,-1.01
2020-09-18,2.5485,2.6075,-1.18
2020-09-21,2.5203,2.5793,-1.11
2020-09-22,2.5549,2.6139,1.37
2020-09-23,2.502,2.561,-2.07
2020-09-24,2.5105,2.5695,0.34
2020-09-25,2.5514,2.6104,1.63
2020-09-28,2.5953,2.6543,1.72
2020-09-29,2.5807,2.6397,-0.56
2020-09-30,2.5979,2.6569,0.67
2020-10-09,2.6713,2.7303,2.83
2020-10-12,2.6869,2.7459,0.58
2020-10-13,2.6771,2.7361,-0.36
2020-10-14,2.6673,2.7263,-0.37
2020-10-15,2.6599,2.7189,-0.28
2020-10-16,2.658,2.717,-0.07
2020-10-19,2.6052,2.6642,-1.99
2020-10-20,2.6136,2.6726,0.32
2020-10-21,2.6031,2.6621,-0.4
2020-10-22,2.6074,2.6664,0.17
2020-10-23,2.6211,2.6801,0.53
2020-10-26,2.5758,2.6348,-1.73
2020-10-27,2.5781,2.6371,0.09
2020-10-28,2.4991,2.5581,-3.06
2020-10-29,2.5296,2.5886,1.22
2020-10-30,2.5002,2.5592,-1.16
2020-11-02,2.5225,2.5815,0.89
2020-11-03,2.5615,2.6205,1.55
2020-11-04,2.6076,2.6666,1.8
2020-11-05,2.6605,2.7195,2.03
2020-11-06,2.6372,2.6962,-0.88
2020-11-09,2.6601,2.7191,0.87
2020-11-10,2.6482,2.7072,-0.45
2020-11-11,2.6742,2.7332,0.98
2020-11-12,2.6554,2.7144,-0.7
2020-11-13,2.692,2.751,1.38
2020-11-16,2.7124,2.7714,0.76
2020-11-17,2.6893,2.7483,-0.85
2020-11-18,2.6535,2.7125,-1.33
2020-11-19,2.6594,2.7184,0.22
2020-11-20,2.6535,2.7125,-0.22
2020-11-23,2.6653,2.7243,0.44
2020-11-24,2.7099,2.7689,1.67
2020-11-25,2.7034,2.7624,-0.24
2020-11-27,2.7099,2.7689,0.0
2020-11-30,2.6994,2.7584,-0.39
2020-12-01,2.734,2.793,1.28
2020-12-02,2.7264,2.7854,-0.28
2020-12-03,2.7243,2.7833,-0.08
2020-12-04,2.7439,2.8029,0.72
2020-12-07,2.7328,2.7918,-0.4
2020-12-08,2.7385,2.7975,0.21
2020-12-09,2.7174,2.7764,-0.77
2020-12-10,2.72,2.779,0.1
2020-12-11,2.7138,2.7728,-0.23
2020-12-14,2.7013,2.7603,-0.46
2020-12-15,2.7368,2.7958,1.31
2020-12-16,2.7383,2.7973,0.05
2020-12-17,2.7534,2.8124,0.55
2020-12-18,2.7429,2.8019,-0.38
2020-12-21,2.7409,2.7999,-0.07
2020-12-22,2.7309,2.7899,-0.36
2020-12-23,2.7395,2.7985,0.31
2020-12-24,2.7414,2.8004,0.07
2020-12-28,2.7589,2.8179,0.0
2020-12-29,2.7615,2.8205,0.09
2020-12-30,2.7601,2.8191,-0.05
2020-12-31,2.7742,2.8332,0.51
2021-01-04,2.7411,2.8001,-1.19
2021-01-05,2.7345,2.7935,-0.24
2021-01-06,2.7432,2.8022,0.32
2021-01-07,2.7829,2.8419,1.45
2021-01-08,2.8018,2.8608,0.68
2021-01-11,2.7862,2.8452,-0.56
2021-01-12,2.7896,2.8486,0.12
2021-01-13,2.787,2.846,-0.09
2021-01-14,2.7828,2.8418,-0.15
2021-01-15,2.7594,2.8184,-0.84
2021-01-19,2.7903,2.8493,0.0
2021-01-20,2.8255,2.8845,1.26
2021-01-21,2.8207,2.8797,-0.17
2021-01-22,2.8092,2.8682,-0.41
2021-01-25,2.8272,2.8862,0.64
2021-01-26,2.8242,2.8832,-0.11
2021-01-27,2.7473,2.8063,-2.72
2021-01-28,2.7805,2.8395,1.21
2021-01-29,2.7239,2.7829,-2.04
2021-02-01,2.762,2.821,1.4
2021-02-02,2.8034,2.8624,1.5
2021-02-03,2.8033,2.8623,0.0
2021-02-04,2.8302,2.8892,0.96
2021-02-05,2.8455,2.9045,0.54
2021-02-08,2.8638,2.9228,0.64
2021-02-09,2.8552,2.9142,-0.3
2021-02-10,2.8482,2.9072,-0.25
2021-02-18,2.8581,2.9171,0.35
2021-02-19,2.8568,2.9158,-0.05
2021-02-22,2.8331,2.8921,-0.83
2021-02-23,2.8346,2.8936,0.05
2021-02-24,2.8693,2.9283,1.22
2021-02-25,2.799,2.858,-2.45
2021-02-26,2.7942,2.8532,-0.17
2021-03-01,2.8588,2.9178,2.31
2021-03-02,2.8316,2.8906,-0.95
2021-03-03,2.7942,2.8532,-1.32
2021-03-04,2.7669,2.8259,-0.98
2021-03-05,2.8239,2.8829,2.06
2021-03-08,2.805,2.864,-0.67
2021-03-09,2.8649,2.9239,2.14
2021-03-10,2.8719,2.9309,0.24
2021-03-11,2.8948,2.9538,0.8
2021-03-12,2.8931,2.9521,-0.06
2021-03-15,2.917,2.976,0.83
2021-03-16,2.9134,2.9724,-0.12
2021-03-17,2.9188,2.9778,0.19
2021-03-18,2.8733,2.9323,-1.56
2021-03-19,2.8812,2.9402,0.27
2021-03-22,2.9042,2.9632,0.8
2021-03-23,2.8772,2.9362,-0.93
2021-03-24,2.8704,2.9294,-0.24
2021-03-25,2.8862,2.9452,0.55
2021-03-26,2.9343,2.9933,1.67
2021-03-29,2.9331,2.9921,-0.04
2021-03-30,2.9339,2.9929,0.03
2021-03-31,2.9472,3.0062,0.45
2021-04-01,2.9744,3.0334,0.92
2021-04-06,3.0098,3.0688,0.0
2021-04-07,3.0079,3.0669,-0.06
2021-04-08,3.0237,3.0827,0.53
2021-04-09,3.0432,3.1022,0.64
2021-04-12,3.0499,3.1089,0.22
2021-04-13,3.0539,3.1129,0.13
2021-04-14,3.041,3.1,-0.42
2021-04-15,3.0656,3.1246,0.81
2021-04-16,3.0745,3.1335,0.29
2021-04-19,3.0565,3.1155,-0.59
2021-04-20,3.0314,3.0904,-0.82
2021-04-21,3.0556,3.1146,0.8
2021-04-22,3.023,3.082,-1.07
2021-04-23,3.0555,3.1145,1.08
2021-04-26,3.0596,3.1186,0.13
2021-04-27,3.0594,3.1184,-0.01
2021-04-28,3.054,3.113,-0.18
2021-04-29,3.0675,3.1265,0.44
2021-04-30,3.0448,3.1038,-0.74
2021-05-06,3.0685,3.1275,0.78
2021-05-07,3.0808,3.1398,0.4
2021-05-10,3.0396,3.0986,-1.34
2021-05-11,3.0076,3.0666,-1.05
2021-05-12,2.9468,3.0058,-2.02
2021-05-13,2.9959,3.0549,1.67
2021-05-14,3.0346,3.0936,1.29
2021-05-17,3.0176,3.0766,-0.56
2021-05-18,2.9956,3.0546,-0.73
2021-05-19,2.9832,3.0422,-0.41
2021-05-20,3.0221,3.0811,1.3
2021-05-21,3.0129,3.0719,-0.3
2021-05-24,3.046,3.105,1.1
2021-05-25,3.0346,3.0936,-0.37
2021-05-26,3.0319,3.0909,-0.09
2021-05-27,3.0326,3.0916,0.02
2021-05-28,3.0275,3.0865,-0.17
2021-06-01,3.0134,3.0724,0.0
2021-06-02,3.0266,3.0856,0.44
2021-06-03,3.0182,3.0772,-0.28
2021-06-04,3.0548,3.1138,1.21
2021-06-07,3.0476,3.1066,-0.24
2021-06-08,3.0457,3.1047,-0.06
2021-06-09,3.0425,3.1015,-0.11
2021-06-10,3.0567,3.1157,0.47
2021-06-11,3.0572,3.1162,0.02
2021-06-15,3.0665,3.1255,0.3
2021-06-16,3.0506,3.1096,-0.52
2021-06-17,3.059,3.118,0.28
2021-06-18,3.0235,3.0825,-1.16
2021-06-21,3.0718,3.1308,1.6
2021-06-22,3.0897,3.1487,0.58
2021-06-23,3.0868,3.1458,-0.09
2021-06-24,3.1131,3.1721,0.85
2021-06-25,3.1195,3.1785,0.21
2021-06-28,3.1186,3.1776,-0.03
2021-06-29,3.1191,3.1781,0.02
2021-06-30,3.1246,3.1836,0.18
2021-07-01,3.1451,3.2041,0.66
2021-07-02,3.1679,3.2269,0.72
2021-07-06,3.1571,3.2161,0.0
2021-07-07,3.1739,3.2329,0.53
2021-07-08,3.1466,3.2056,-0.86
2021-07-09,3.1816,3.2406,1.11
2021-07-12,3.1932,3.2522,0.36
2021-07-13,3.1813,3.2403,-0.37
2021-07-14,3.1873,3.2463,0.19
2021-07-15,3.17,3.229,-0.54
2021-07-16,3.1504,3.2094,-0.62
2021-07-19,3.1035,3.1625,-1.49
2021-07-20,3.155,3.214,1.66
2021-07-21,3.1779,3.2369,0.73
2021-07-22,3.176,3.235,-0.06
2021-07-23,3.2064,3.2654,0.96
2021-07-26,3.2186,3.2776,0.38
2021-07-27,3.2028,3.2618,-0.49
2021-07-28,3.2108,3.2698,0.25
2021-07-29,3.2239,3.2829,0.41
2021-07-30,3.1922,3.2512,-0.98
2021-08-02,3.189,3.248,-0.1
2021-08-03,3.2114,3.2704,0.7
2021-08-04,3.1993,3.2583,-0.38
2021-08-05,3.2189,3.2779,0.61
2021-08-06,3.2213,3.2803,0.07
2021-08-09,3.2282,3.2872,0.21
2021-08-10,3.2311,3.2901,0.09
2021-08-11,3.2381,3.2971,0.22
2021-08-12,3.2443,3.3033,0.19
2021-08-13,3.2513,3.3103,0.22
2021-08-16,3.2555,3.3145,0.13
2021-08-17,3.236,3.295,-0.6
2021-08-18,3.2101,3.2691,-0.8
2021-08-19,3.2111,3.2701,0.03
2021-08-20,3.2419,3.3009,0.96
2021-08-23,3.2668,3.3258,0.77
2021-08-24,3.2638,3.3228,-0.09
2021-08-25,3.2671,3.3261,0.1
2021-08-26,3.2488,3.3078,-0.56
2021-08-27,3.2822,3.3412,1.03
2021-08-30,3.287,3.346,0.15
2021-08-31,3.2831,3.3421,-0.12
2021-09-01,3.2842,3.3432,0.03
2021-09-02,3.2894,3.3484,0.16
2021-09-03,3.2876,3.3466,-0.05
2021-09-07,3.2747,3.3337,0.0
2021-09-08,3.2771,3.3361,0.07
2021-09-09,3.2604,3.3194,-0.51
2021-09-10,3.2343,3.2933,-0.8
2021-09-13,3.2375,3.2965,0.1
2021-09-14,3.2206,3.2796,-0.52
2021-09-15,3.2461,3.3051,0.79
2021-09-16,3.234,3.293,-0.37
2021-09-17,3.2146,3.2736,-0.6
2021-09-22,3.196,3.255,-0.58
2021-09-23,3.2353,3.2943,1.23
2021-09-24,3.233,3.292,-0.07
2021-09-27,3.2286,3.2876,-0.14
2021-09-28,3.1624,3.2214,-2.05
2021-09-29,3.1697,3.2287,0.23
2021-09-30,3.1424,3.2014,-0.86
2021-10-08,3.1897,3.2487,1.51
2021-10-11,3.1629,3.2219,-0.84
2021-10-12,3.1543,3.2133,-0.27
2021-10-13,3.1707,3.2297,0.52
2021-10-14,3.2134,3.2724,1.35
2021-10-15,3.2349,3.2939,0.67
2021-10-18,3.241,3.3,0.19
2021-10-19,3.2641,3.3231,0.71
2021-10-20,3.2643,3.3233,0.01
2021-10-21,3.2654,3.3244,0.03
2021-10-22,3.2687,3.3277,0.1
2021-10-25,3.2781,3.3371,0.29
2021-10-26,3.2821,3.3411,0.12
2021-10-27,3.2649,3.3239,-0.52
2021-10-28,3.3,3.359,1.08
2021-10-29,3.304,3.363,0.12
2021-11-01,3.3229,3.3819,0.57
2021-11-02,3.3259,3.3849,0.09
2021-11-03,3.3494,3.4084,0.71
2021-11-04,3.3562,3.4152,0.2
2021-11-05,3.37,3.429,0.41
2021-11-08,3.3714,3.4304,0.04
2021-11-09,3.3578,3.4168,-0.4
2021-11-10,3.3342,3.3932,-0.7
2021-11-11,3.3452,3.4042,0.33
2021-11-12,3.3647,3.4237,0.58
2021-11-15,3.3565,3.4155,-0.24
2021-11-16,3.3701,3.4291,0.41
2021-11-17,3.3629,3.4219,-0.21
2021-11-18,3.3674,3.4264,0.13
2021-11-19,3.364,3.423,-0.1
2021-11-22,3.3598,3.4188,-0.12
2021-11-23,3.364,3.423,0.13
2021-11-24,3.3701,3.4291,0.18
2021-11-26,3.2993,3.3583,0.0
2021-11-29,3.3375,3.3965,1.16
2021-11-30,3.2742,3.3332,-1.9
2021-12-01,3.2326,3.2916,-1.27
2021-12-02,3.2781,3.3371,1.41
2021-12-03,3.2527,3.3117,-0.77
2021-12-06,3.2871,3.3461,1.06
2021-12-07,3.3535,3.4125,2.02
2021-12-08,3.3602,3.4192,0.2
2021-12-09,3.3293,3.3883,-0.92
2021-12-10,3.369,3.428,1.19
2021-12-13,3.3382,3.3972,-0.91
2021-12-14,3.3153,3.3743,-0.69
2021-12-15,3.3682,3.4272,1.6
2021-12-16,3.3366,3.3956,-0.94
2021-12-17,3.3048,3.3638,-0.95
2021-12-20,3.2828,3.3418,-0.67
2021-12-21,3.3283,3.3873,1.39
2021-12-22,3.3591,3.4181,0.93
2021-12-23,3.3764,3.4354,0.52
2021-12-27,3.4218,3.4808,0.0
2021-12-28,3.4207,3.4797,-0.03
2021-12-29,3.4254,3.4844,0.14
2021-12-30,3.4134,3.4724,-0.35
2021-12-31,3.4091,3.4681,-0.13
2022-01-04,3.4292,3.4882,0.59
2022-01-05,3.3655,3.4245,-1.86
2022-01-06,3.36,3.419,-0.16
2022-01-07,3.3487,3.4077,-0.34
2022-01-10,3.3395,3.3985,-0.27
2022-01-11,3.3705,3.4295,0.93
2022-01-12,3.3777,3.4367,0.21
2022-01-13,3.3266,3.3856,-1.51
2022-01-14,3.3356,3.3946,0.27
2022-01-18,3.2698,3.3288,0.0
2022-01-19,3.2447,3.3037,-0.77
2022-01-20,3.2024,3.2614,-1.3
2022-01-21,3.1448,3.2038,-1.8
2022-01-24,3.1489,3.2079,0.13
2022-01-25,3.1128,3.1718,-1.15
2022-01-26,3.1003,3.1593,-0.4
2022-01-27,3.0878,3.1468,-0.4
2022-01-28,3.1772,3.2362,2.9
2022-02-07,3.2048,3.2638,0.87
2022-02-08,3.2298,3.2888,0.78
2022-02-09,3.2789,3.3379,1.52
2022-02-10,3.2202,3.2792,-1.79
2022-02-11,3.166,3.225,-1.68
2022-02-14,3.1536,3.2126,-0.39
2022-02-15,3.1982,3.2572,1.41
2022-02-16,3.1946,3.2536,-0.11
2022-02-17,3.1241,3.1831,-2.21
2022-02-18,3.1042,3.1632,-0.64
2022-02-22,3.0806,3.1396,0.0
2022-02-23,3.0193,3.0783,-1.99
2022-02-24,3.0606,3.1196,1.37
2022-02-25,3.129,3.188,2.23
2022-02-28,3.116,3.175,-0.42
2022-03-01,3.0608,3.1198,-1.77
2022-03-02,3.1303,3.1893,2.27
2022-03-03,3.0988,3.1578,-1.01
2022-03-04,3.0885,3.1475,-0.33
2022-03-07,3.0102,3.0692,-2.54
2022-03-08,2.9758,3.0348,-1.14
2022-03-09,3.0487,3.1077,2.45
2022-03-10,3.033,3.092,-0.51
2022-03-11,3.0091,3.0681,-0.79
2022-03-14,2.9966,3.0556,-0.42
2022-03-15,3.0685,3.1275,2.4
2022-03-16,3.1291,3.1881,1.97
2022-03-17,3.1468,3.2058,0.57
2022-03-18,3.1821,3.2411,1.12
2022-03-21,3.1917,3.2507,0.3
2022-03-22,3.2255,3.2845,1.06
2022-03-23,3.183,3.242,-1.32
2022-03-24,3.228,3.287,1.41
2022-03-25,3.248,3.307,0.62
2022-03-28,3.269,3.328,0.65
2022-03-29,3.302,3.361,1.01
2022-03-30,3.2799,3.3389,-0.67
2022-03-31,3.2277,3.2867,-1.59
2022-04-01,3.2387,3.2977,0.34
2022-04-06,3.2081,3.2671,-0.94
2022-04-07,3.215,3.274,0.22
2022-04-08,3.2063,3.2653,-0.27
2022-04-11,3.1543,3.2133,-1.62
2022-04-12,3.1507,3.2097,-0.11
2022-04-13,3.1827,3.2417,1.02
2022-04-14,3.1363,3.1953,-1.46
2022-04-18,3.1451,3.2041,0.0
2022-04-19,3.1914,3.2504,1.47
2022-04-20,3.2018,3.2608,0.33
2022-04-21,3.1616,3.2206,-1.26
2022-04-22,3.0994,3.1584,-1.97
2022-04-25,3.1296,3.1886,0.97
2022-04-26,3.0742,3.1332,-1.77
2022-04-27,3.0807,3.1397,0.21
2022-04-28,3.1545,3.2135,2.4
2022-04-29,3.0687,3.1277,-2.72
2022-05-05,3.058,3.117,-0.35
2022-05-06,3.0678,3.1268,0.32
2022-05-09,2.9969,3.0559,-2.31
2022-05-10,3.0133,3.0723,0.55
2022-05-11,2.9723,3.0313,-1.36
2022-05-12,2.9697,3.0287,-0.09
2022-05-13,3.0638,3.1228,3.17
2022-05-16,3.0509,3.1099,-0.42
2022-05-17,3.1089,3.1679,1.9
2022-05-18,2.9728,3.0318,-4.38
2022-05-19,2.9604,3.0194,-0.42
2022-05-20,2.96,3.019,-0.01
2022-05-23,2.9818,3.0408,0.74
2022-05-24,2.9498,3.0088,-1.07
2022-05-25,2.9764,3.0354,0.9
2022-05-26,3.0423,3.1013,2.21
2022-05-27,3.1415,3.2005,3.26
2022-05-30,3.1253,3.1843,-0.52
2022-05-31,3.0877,3.1467,-1.2
2022-06-01,3.0675,3.1265,-0.65
2022-06-02,3.1415,3.2005,2.41
2022-06-06,3.0839,3.1429,-1.83
2022-06-07,3.1099,3.1689,0.84
2022-06-08,3.0774,3.1364,-1.05
2022-06-09,3.0152,3.0742,-2.02
2022-06-10,2.939,2.998,-2.53
2022-06-13,2.8379,2.8969,-3.44
2022-06-14,2.842,2.901,0.14
2022-06-15,2.8829,2.9419,1.44
2022-06-16,2.7771,2.8361,-3.67
2022-06-17,2.776,2.835,-0.04
2022-06-20,2.7835,2.8425,0.27
2022-06-21,2.8372,2.8962,1.93
2022-06-22,2.8436,2.9026,0.23
2022-06-23,2.8681,2.9271,0.86
2022-06-24,2.9481,3.0071,2.79
2022-06-27,2.9333,2.9923,-0.5
2022-06-28,2.8824,2.9414,-1.74
2022-06-29,2.8842,2.9432,0.06
2022-06-30,2.8638,2.9228,-0.71
2022-07-01,2.8825,2.9415,0.65
2022-07-04,2.8907,2.9497,0.28
2022-07-05,2.8922,2.9512,0.05
2022-07-06,2.9119,2.9709,0.68
2022-07-07,2.9495,3.0085,1.29
2022-07-08,2.9455,3.0045,-0.14
2022-07-11,2.9077,2.9667,-1.28
2022-07-12,2.8949,2.9539,-0.44
2022-07-13,2.8824,2.9414,-0.43
2022-07-14,2.8738,2.9328,-0.3
2022-07-15,2.9351,2.9941,2.13
2022-07-18,2.9097,2.9687,-0.87
2022-07-19,2.9862,3.0452,2.63
2022-07-20,3.0037,3.0627,0.59
2022-07-21,3.0383,3.0973,1.15
2022-07-22,3.0073,3.0663,-1.02
2022-07-25,3.0118,3.0708,0.15
2022-07-26,2.9759,3.0349,-1.19
2022-07-27,3.0606,3.1196,2.85
2022-07-28,3.0827,3.1417,0.72
2022-07-29,3.1211,3.1801,1.25
2022-08-01,3.1141,3.1731,-0.22
2022-08-02,3.0944,3.1534,-0.63
2022-08-03,3.1548,3.2138,1.95
2022-08-04,3.1448,3.2038,-0.32
2022-08-05,3.131,3.19,-0.44
2022-08-08,3.1392,3.1982,0.26
2022-08-09,3.1219,3.1809,-0.55
2022-08-10,3.1863,3.2453,2.06
2022-08-11,3.1722,3.2312,-0.44
2022-08-12,3.2287,3.2877,1.78
2022-08-15,3.2405,3.2995,0.37
2022-08-16,3.261,3.32,0.63
2022-08-17,3.2447,3.3037,-0.5
2022-08-18,3.2492,3.3082,0.14
2022-08-19,3.2212,3.2802,-0.86
2022-08-22,3.1617,3.2207,-1.85
2022-08-23,3.1691,3.2281,0.23
2022-08-24,3.1718,3.2308,0.09
2022-08-25,3.2212,3.2802,1.56
2022-08-26,3.1153,3.1743,-3.29
2022-08-29,3.1047,3.1637,-0.34
2022-08-30,3.0767,3.1357,-0.9
2022-08-31,3.0586,3.1176,-0.59
2022-09-01,3.064,3.123,0.18
2022-09-02,3.0367,3.0957,-0.89
2022-09-05,3.0399,3.0989,0.11
2022-09-06,3.0322,3.0912,-0.25
2022-09-07,3.0868,3.1458,1.8
2022-09-08,3.105,3.164,0.59
2022-09-09,3.1479,3.2069,1.38
2022-09-13,3.042,3.101,-3.36
2022-09-14,3.0598,3.1188,0.59
2022-09-15,3.0263,3.0853,-1.09
2022-09-16,3.0134,3.0724,-0.43
2022-09-19,3.0354,3.0944,0.73
2022-09-20,3.005,3.064,-1.0
2022-09-21,2.9585,3.0175,-1.55
2022-09-22,2.9436,3.0026,-0.5
2022-09-23,2.9001,2.9591,-1.48
2022-09-26,2.8858,2.9448,-0.49
2022-09-27,2.8956,2.9546,0.34
2022-09-28,2.9643,3.0233,2.37
2022-09-29,2.9045,2.9635,-2.02
2022-09-30,2.8592,2.9182,-1.56
2022-10-10,2.8793,2.9383,0.7
2022-10-11,2.8681,2.9271,-0.39
2022-10-12,2.8615,2.9205,-0.23
2022-10-13,2.9322,2.9912,2.47
2022-10-14,2.8661,2.9251,-2.25
2022-10-17,2.9378,2.9968,2.5
2022-10-18,2.9691,3.0281,1.07
2022-10-19,2.951,3.01,-0.61
2022-10-20,2.9307,2.9897,-0.69
2022-10-21,2.996,3.055,2.23
2022-10-24,3.0314,3.0904,1.18
2022-10-25,3.0956,3.1546,2.12
2022-10-26,3.0719,3.1309,-0.77
2022-10-27,3.0515,3.1105,-0.66
2022-10-28,3.1281,3.1871,2.51
2022-10-31,3.109,3.168,-0.61
2022-11-01,3.1098,3.1688,0.03
2022-11-02,3.0409,3.0999,-2.22
2022-11-03,3.0205,3.0795,-0.67
2022-11-04,3.0635,3.1225,1.42
2022-11-07,3.0802,3.1392,0.55
2022-11-08,3.0903,3.1493,0.33
2022-11-09,3.0325,3.0915,-1.87
2022-11-10,3.2013,3.2603,5.57
2022-11-11,3.2086,3.2676,0.23
2022-11-14,3.141,3.2,-2.11
2022-11-15,3.1472,3.2062,0.2
2022-11-16,3.1209,3.1799,-0.84
2022-11-17,3.1239,3.1829,0.1
2022-11-18,3.1557,3.2147,1.02
2022-11-21,3.1508,3.2098,-0.16
2022-11-22,3.2081,3.2671,1.82
2022-11-23,3.2105,3.2695,0.07
2022-11-24,3.2072,3.2662,-0.1
2022-11-25,3.212,3.271,0.15
2022-11-28,3.1757,3.2347,-1.13
2022-11-29,3.1859,3.2449,0.32
2022-11-30,3.271,3.33,2.67
2022-12-01,3.2464,3.3054,-0.75
2022-12-02,3.2149,3.2739,-0.97
2022-12-05,3.1533,3.2123,-1.92
2022-12-06,3.0847,3.1437,-2.18
2022-12-07,3.0883,3.1473,0.12
2022-12-08,3.0956,3.1546,0.24
2022-12-09,3.0733,3.1323,-0.72
2022-12-12,3.1137,3.1727,1.31
2022-12-13,3.1429,3.2019,0.94
2022-12-14,3.1165,3.1755,-0.84
2022-12-15,3.0345,3.0935,-2.63
2022-12-16,3.0203,3.0793,-0.47
2022-12-19,2.9928,3.0518,-0.91
2022-12-20,3.0002,3.0592,0.25
2022-12-21,3.0344,3.0934,1.14
2022-12-22,2.9951,3.0541,-1.3
2022-12-23,3.0155,3.0745,0.68
2022-12-26,3.016,3.075,0.02
2022-12-27,2.9932,3.0522,-0.76
2022-12-28,2.9644,3.0234,-0.96
2022-12-29,3.0183,3.0773,1.82
2022-12-30,3.0052,3.0642,-0.43
2022-12-31,3.005,3.064,-0.01
2023-01-03,2.9874,3.0464,-0.59
2023-01-04,2.9926,3.0516,0.17
2023-01-05,2.9464,3.0054,-1.54
2023-01-06,3.0152,3.0742,2.34
2023-01-09,2.9776,3.0366,-1.25
2023-01-10,2.964,3.023,-0.46
2023-01-11,3.0069,3.0659,1.45
2023-01-12,3.013,3.072,0.2
2023-01-13,3.0066,3.0656,-0.21
2023-01-16,2.9997,3.0587,-0.23
2023-01-17,2.9976,3.0566,-0.07
2023-01-18,2.9689,3.0279,-0.96
2023-01-19,2.9508,3.0098,-0.61
2023-01-20,3.0046,3.0636,1.82
2023-01-30,3.0333,3.0923,0.96
2023-01-31,3.0745,3.1335,1.36
2023-02-01,3.1,3.159,0.83
2023-02-02,3.1272,3.1862,0.88
2023-02-03,3.1074,3.1664,-0.63
2023-02-06,3.1047,3.1637,-0.09
2023-02-07,3.1528,3.2118,1.55
2023-02-08,3.1101,3.1691,-1.35
2023-02-09,3.0907,3.1497,-0.62
2023-02-10,3.0966,3.1556,0.19
2023-02-13,3.1427,3.2017,1.49
2023-02-14,3.1414,3.2004,-0.04
2023-02-15,3.1524,3.2114,0.35
2023-02-16,3.1254,3.1844,-0.86
2023-02-17,3.1235,3.1825,-0.06
2023-02-20,3.1226,3.1816,-0.03
2023-02-21,3.0592,3.1182,-2.03
2023-02-22,3.0629,3.1219,0.12
2023-02-23,3.0899,3.1489,0.88
2023-02-24,3.0553,3.1143,-1.12
2023-02-27,3.0904,3.1494,1.15
2023-02-28,3.0796,3.1386,-0.35
2023-03-01,3.0609,3.1199,-0.61
2023-03-02,3.0585,3.1175,-0.08
2023-03-03,3.1186,3.1776,1.97
2023-03-06,3.1135,3.1725,-0.16
2023-03-07,3.0766,3.1356,-1.19
2023-03-08,3.0964,3.1554,0.64
2023-03-09,3.0481,3.1071,-1.56
2023-03-10,3.0058,3.0648,-1.39
2023-03-13,2.9901,3.0491,-0.52
2023-03-14,3.0198,3.0788,0.99
2023-03-15,2.9889,3.0479,-1.02
2023-03-16,3.0586,3.1176,2.33
2023-03-17,3.0226,3.0816,-1.18
2023-03-20,3.0331,3.0921,0.35
2023-03-21,3.0739,3.1329,1.35
2023-03-22,3.0236,3.0826,-1.64
2023-03-23,3.032,3.091,0.28
2023-03-24,3.0339,3.0929,0.06
2023-03-27,3.0531,3.1121,0.63
2023-03-28,3.0499,3.1089,-0.1
2023-03-29,3.0923,3.1513,1.39
2023-03-30,3.1142,3.1732,0.71
2023-03-31,3.1499,3.2089,1.15
2023-04-03,3.1646,3.2236,0.47
2023-04-04,3.1426,3.2016,-0.7
2023-04-06,3.1485,3.2075,0.19
2023-04-07,3.1524,3.2114,0.12
2023-04-10,3.152,3.211,-0.01
2023-04-11,3.157,3.216,0.16
2023-04-12,3.1431,3.2021,-0.44
2023-04-13,3.1741,3.2331,0.99
2023-04-14,3.1656,3.2246,-0.27
2023-04-17,3.1786,3.2376,0.41
2023-04-18,3.1871,3.2461,0.27
2023-04-19,3.1831,3.2421,-0.13
2023-04-20,3.1762,3.2352,-0.22
2023-04-21,3.1687,3.2277,-0.24
2023-04-24,3.1747,3.2337,0.19
2023-04-25,3.1275,3.1865,-1.49
2023-04-26,3.1328,3.1918,0.17
2023-04-27,3.1896,3.2486,1.81
2023-04-28,3.2164,3.2754,0.84
2023-05-04,3.1288,3.1878,-2.72
2023-05-05,3.1864,3.2454,1.84
2023-05-08,3.1895,3.2485,0.1
2023-05-09,3.1798,3.2388,-0.3
2023-05-10,3.1954,3.2544,0.49
2023-05-11,3.1819,3.2409,-0.42
2023-05-12,3.1944,3.2534,0.39
2023-05-15,3.211,3.27,0.52
2023-05-16,3.1851,3.2441,-0.81
2023-05-17,3.2321,3.2911,1.48
2023-05-18,3.2712,3.3302,1.21
2023-05-19,3.2836,3.3426,0.38
2023-05-22,3.2756,3.3346,-0.24
2023-05-23,3.2478,3.3068,-0.85
2023-05-24,3.235,3.294,-0.39
2023-05-25,3.2606,3.3196,0.79
2023-05-26,3.3111,3.3701,1.55
2023-05-29,3.303,3.362,-0.24
2023-05-30,3.3135,3.3725,0.32
2023-05-31,3.2951,3.3541,-0.56
2023-06-01,3.3327,3.3917,1.14
2023-06-02,3.3778,3.4368,1.35
2023-06-05,3.3697,3.4287,-0.24
2023-06-06,3.3845,3.4435,0.44
2023-06-07,3.3776,3.4366,-0.2
2023-06-08,3.4014,3.4604,0.7
2023-06-09,3.3978,3.4568,-0.11
2023-06-12,3.4319,3.4909,1.0
2023-06-13,3.467,3.526,1.02
2023-06-14,3.473,3.532,0.17
2023-06-15,3.5102,3.5692,1.07
2023-06-16,3.4886,3.5476,-0.62
2023-06-19,3.4844,3.5434,-0.12
2023-06-20,3.4867,3.5457,0.07
2023-06-21,3.4784,3.5374,-0.24
2023-06-26,3.462,3.521,-0.47
2023-06-27,3.5015,3.5605,1.14
2023-06-28,3.5003,3.5593,-0.03
2023-06-29,3.5203,3.5793,0.57
2023-06-30,3.5639,3.6229,1.24
2023-07-03,3.563,3.622,-0.03
2023-07-04,3.5578,3.6168,-0.15
2023-07-05,3.548,3.607,-0.28
2023-07-06,3.5271,3.5861,-0.59
2023-07-07,3.516,3.575,-0.31
2023-07-10,3.5181,3.5771,0.06
2023-07-11,3.5389,3.5979,0.59
2023-07-12,3.5582,3.6172,0.55
2023-07-13,3.5762,3.6352,0.51
2023-07-14,3.563,3.622,-0.37
2023-07-17,3.576,3.635,0.36
2023-07-18,3.6059,3.6649,0.84
2023-07-19,3.6157,3.6747,0.27
2023-07-20,3.592,3.651,-0.66
2023-07-21,3.5922,3.6512,0.01
2023-07-24,3.6057,3.6647,0.38
2023-07-25,3.613,3.672,0.2
2023-07-26,3.6072,3.6662,-0.16
2023-07-27,3.584,3.643,-0.64
2023-07-28,3.6204,3.6794,1.02
2023-07-31,3.6238,3.6828,0.09
2023-08-01,3.6135,3.6725,-0.28
2023-08-02,3.5701,3.6291,-1.2
2023-08-03,3.5671,3.6261,-0.08
2023-08-04,3.5458,3.6048,-0.6
2023-08-07,3.574,3.633,0.8
2023-08-08,3.5682,3.6272,-0.16
2023-08-09,3.5455,3.6045,-0.64
2023-08-10,3.546,3.605,0.01
2023-08-11,3.5433,3.6023,-0.08
2023-08-14,3.5673,3.6263,0.68
2023-08-15,3.5322,3.5912,-0.98
2023-08-16,3.5172,3.5762,-0.42
2023-08-17,3.4958,3.5548,-0.61
2023-08-18,3.492,3.551,-0.11
2023-08-21,3.5158,3.5748,0.68
2023-08-22,3.5065,3.5655,-0.26
2023-08-23,3.5433,3.6023,1.05
2023-08-24,3.4936,3.5526,-1.4
2023-08-25,3.516,3.575,0.64
2023-08-28,3.5355,3.5945,0.55
2023-08-29,3.584,3.643,1.37
2023-08-30,3.5955,3.6545,0.32
2023-08-31,3.5904,3.6494,-0.14
2023-09-01,3.5955,3.6545,0.14
2023-09-04,3.595,3.654,-0.01
2023-09-05,3.5807,3.6397,-0.4
2023-09-06,3.5657,3.6247,-0.42
2023-09-07,3.5559,3.6149,-0.27
2023-09-08,3.5684,3.6274,0.35
2023-09-11,3.5902,3.6492,0.61
2023-09-12,3.5635,3.6225,-0.74
2023-09-13,3.5631,3.6221,-0.01
2023-09-14,3.591,3.65,0.78
2023-09-15,3.5455,3.6045,-1.27
2023-09-18,3.5458,3.6048,0.01
2023-09-19,3.5382,3.5972,-0.21
2023-09-20,3.5065,3.5655,-0.9
2023-09-21,3.452,3.511,-1.55
2023-09-22,3.4442,3.5032,-0.23
2023-09-25,3.4569,3.5159,0.37
2023-09-26,3.4086,3.4676,-1.4
2023-09-27,3.4088,3.4678,0.01
2023-09-28,3.4315,3.4905,0.67
2023-10-09,3.4579,3.5169,0.77
2023-10-10,3.4743,3.5333,0.47
2023-10-11,3.4883,3.5473,0.4
2023-10-12,3.4675,3.5265,-0.6
2023-10-13,3.4496,3.5086,-0.52
2023-10-16,3.4852,3.5442,1.03
2023-10-17,3.4846,3.5436,-0.02
2023-10-18,3.4404,3.4994,-1.27
2023-10-19,3.4126,3.4716,-0.81
2023-10-20,3.3715,3.4305,-1.2
2023-10-23,3.3657,3.4247,-0.17
2023-10-24,3.3886,3.4476,0.68
2023-10-25,3.342,3.401,-1.38
2023-10-26,3.304,3.363,-1.14
2023-10-27,3.289,3.348,-0.45
2023-10-30,3.3267,3.3857,1.15
2023-10-31,3.3469,3.4059,0.61
2023-11-01,3.3803,3.4393,1.0
2023-11-02,3.4417,3.5007,1.82
2023-11-03,3.4725,3.5315,0.89
2023-11-06,3.4771,3.5361,0.13
2023-11-07,3.4859,3.5449,0.25
2023-11-08,3.4891,3.5481,0.09
2023-11-09,3.4625,3.5215,-0.76
2023-11-10,3.5151,3.5741,1.52
2023-11-13,3.5119,3.5709,-0.09
2023-11-14,3.5764,3.6354,1.84
2023-11-15,3.5816,3.6406,0.15
2023-11-16,3.5847,3.6437,0.09
2023-11-17,3.5893,3.6483,0.13
2023-11-20,3.6093,3.6683,0.56
2023-11-21,3.5924,3.6514,-0.47
2023-11-22,3.5991,3.6581,0.19
2023-11-23,3.5969,3.6559,-0.06
2023-11-24,3.596,3.655,-0.03
2023-11-27,3.5895,3.6485,-0.18
2023-11-28,3.5913,3.6503,0.05
2023-11-29,3.5838,3.6428,-0.21
2023-11-30,3.5965,3.6555,0.35
2023-12-01,3.6208,3.6798,0.68
2023-12-04,3.5976,3.6566,-0.64
2023-12-05,3.6013,3.6603,0.1
2023-12-06,3.5886,3.6476,-0.35
2023-12-07,3.6182,3.6772,0.82
2023-12-08,3.6295,3.6885,0.31
2023-12-11,3.6447,3.7037,0.42
2023-12-12,3.6612,3.7202,0.45
2023-12-13,3.7059,3.7649,1.22
2023-12-14,3.7146,3.7736,0.23
2023-12-15,3.7079,3.7669,-0.18
2023-12-18,3.7221,3.7811,0.38
2023-12-19,3.7454,3.8044,0.63
2023-12-20,3.6925,3.7515,-1.41
2023-12-21,3.7303,3.7893,1.02
2023-12-22,3.7329,3.7919,0.07
2023-12-25,3.7354,3.7944,0.07
2023-12-26,3.7479,3.8069,0.33
2023-12-27,3.7546,3.8136,0.18
2023-12-28,3.7545,3.8135,0.0
2023-12-29,3.7371,3.7961,-0.46
2023-12-31,3.7369,3.7959,-0.01
2024-01-02,3.7134,3.7724,-0.63
2024-01-03,3.6965,3.7555,-0.46
2024-01-04,3.6843,3.7433,-0.33
2024-01-05,3.69,3.749,0.15
2024-01-08,3.7349,3.7939,1.22
2024-01-09,3.7296,3.7886,-0.14
2024-01-10,3.7521,3.8111,0.6
2024-01-11,3.7512,3.8102,-0.02
2024-01-12,3.7516,3.8106,0.01
2024-01-15,3.7531,3.8121,0.04
2024-01-16,3.7425,3.8015,-0.28
2024-01-17,3.7242,3.7832,-0.49
2024-01-18,3.7552,3.8142,0.83
2024-01-19,3.7992,3.8582,1.17
2024-01-22,3.8039,3.8629,0.12
2024-01-23,3.8144,3.8734,0.28
2024-01-24,3.8129,3.8719,-0.04
2024-01-25,3.8312,3.8902,0.48
2024-01-26,3.83,3.889,-0.03
2024-01-29,3.8586,3.9176,0.75
2024-01-30,3.854,3.913,-0.12
2024-01-31,3.7938,3.8528,-1.56
2024-02-01,3.839,3.898,1.19
2024-02-02,3.8761,3.9351,0.97
2024-02-05,3.8672,3.9262,-0.23
2024-02-06,3.8756,3.9346,0.22
2024-02-07,3.9035,3.9625,0.72
2024-02-08,3.9064,3.9654,0.07
2024-02-19,3.912,3.971,0.14
2024-02-20,3.8916,3.9506,-0.52
2024-02-21,3.8937,3.9527,0.05
2024-02-22,3.9706,4.0296,1.97
2024-02-23,3.9742,4.0332,0.09
2024-02-26,3.9608,4.0198,-0.34
2024-02-27,3.9649,4.0239,0.1
2024-02-28,3.959,4.018,-0.15
2024-02-29,3.9754,4.0344,0.41
2024-03-01,4.0065,4.0655,0.78
2024-03-04,3.9978,4.0568,-0.22
2024-03-05,3.9585,4.0175,-0.98
2024-03-06,3.9763,4.0353,0.45
2024-03-07,4.0136,4.0726,0.94
2024-03-08,3.9867,4.0457,-0.67
2024-03-11,3.9806,4.0396,-0.15
2024-03-12,4.022,4.081,1.04
2024-03-13,4.0122,4.0712,-0.24
2024-03-14,4.0041,4.0631,-0.2
2024-03-15,3.9785,4.0375,-0.64
2024-03-18,4.0003,4.0593,0.55
2024-03-19,4.0232,4.0822,0.57
2024-03-20,4.0563,4.1153,0.82
2024-03-21,4.0669,4.1259,0.26
2024-03-22,4.0642,4.1232,-0.07
2024-03-25,4.0504,4.1094,-0.34
2024-03-26,4.0365,4.0955,-0.34
2024-03-27,4.068,4.127,0.78
2024-03-28,4.0706,4.1296,0.06
2024-03-29,4.0687,4.1277,-0.05
2024-04-01,4.0594,4.1184,-0.23
2024-04-02,4.0307,4.0897,-0.71
2024-04-03,4.0342,4.0932,0.09
2024-04-08,4.0244,4.0834,-0.24
2024-04-09,4.0297,4.0887,0.13
2024-04-10,3.9928,4.0518,-0.92
2024-04-11,4.0215,4.0805,0.72
2024-04-12,3.9657,4.0247,-1.39
2024-04-15,3.9204,3.9794,-1.14
2024-04-16,3.9148,3.9738,-0.14
2024-04-17,3.8932,3.9522,-0.55
2024-04-18,3.8848,3.9438,-0.22
2024-04-19,3.8533,3.9123,-0.81
2024-04-22,3.8851,3.9441,0.83
2024-04-23,3.931,3.99,1.18
2024-04-24,3.9312,3.9902,0.01
2024-04-25,3.9141,3.9731,-0.43
2024-04-26,3.952,4.011,0.97
2024-04-29,3.964,4.023,0.3
2024-04-30,3.905,3.964,-1.49
2024-05-06,4.006,4.065,2.59
2024-05-07,4.0115,4.0705,0.14
2024-05-08,4.0118,4.0708,0.01
2024-05-09,4.0321,4.0911,0.51
2024-05-10,4.0377,4.0967,0.14
2024-05-13,4.0379,4.0969,0.0
2024-05-14,4.0581,4.1171,0.5
2024-05-15,4.1039,4.1629,1.13
2024-05-16,4.0931,4.1521,-0.26
2024-05-17,4.0993,4.1583,0.15
2024-05-20,4.1026,4.1616,0.08
2024-05-21,4.1132,4.1722,0.26
2024-05-22,4.1028,4.1618,-0.25
2024-05-23,4.0754,4.1344,-0.67
2024-05-24,4.1017,4.1607,0.65
2024-05-27,4.1009,4.1599,-0.02
2024-05-28,4.103,4.162,0.05
2024-05-29,4.0749,4.1339,-0.68
2024-05-30,4.0517,4.1107,-0.57
2024-05-31,4.0811,4.1401,0.73
2024-06-03,4.0855,4.1445,0.11
2024-06-04,4.0906,4.1496,0.12
2024-06-05,4.1375,4.1965,1.15
2024-06-06,4.1371,4.1961,-0.01
2024-06-07,4.1325,4.1915,-0.11
2024-06-11,4.1556,4.2146,0.56
2024-06-12,4.1879,4.2469,0.78
2024-06-13,4.1965,4.2555,0.21
2024-06-14,4.1968,4.2558,0.01
2024-06-17,4.2264,4.2854,0.71
2024-06-18,4.2358,4.2948,0.22
2024-06-19,4.2363,4.2953,0.01
2024-06-20,4.2272,4.2862,-0.21
2024-06-21,4.2199,4.2789,-0.17
2024-06-24,4.2083,4.2673,-0.27
2024-06-25,4.2243,4.2833,0.38
2024-06-26,4.2319,4.2909,0.18
2024-06-27,4.2354,4.2944,0.08
2024-06-28,4.2177,4.2767,-0.42
2024-06-30,4.2177,4.2767,0.0
2024-07-01,4.2273,4.2863,0.23
2024-07-02,4.2527,4.3117,0.6
2024-07-03,4.2732,4.3322,0.48
2024-07-04,4.2725,4.3315,-0.02
2024-07-05,4.2945,4.3535,0.51
2024-07-08,4.2986,4.3576,0.1
2024-07-09,4.3033,4.3623,0.11
2024-07-10,4.3468,4.4058,1.01
2024-07-11,4.3104,4.3694,-0.84
2024-07-12,4.3302,4.3892,0.46
2024-07-15,4.3421,4.4011,0.27
2024-07-16,4.3689,4.4279,0.62
2024-07-17,4.3107,4.3697,-1.33
2024-07-18,4.277,4.336,-0.78
2024-07-19,4.2503,4.3093,-0.62
2024-07-22,4.2947,4.3537,1.04
2024-07-23,4.2868,4.3458,-0.18
2024-07-24,4.1932,4.2522,-2.18
2024-07-25,4.169,4.228,-0.58
2024-07-26,4.21,4.269,0.98
2024-07-29,4.2158,4.2748,0.14
2024-07-30,4.198,4.257,-0.42
2024-07-31,4.2601,4.3191,1.48
2024-08-01,4.203,4.262,-1.34
2024-08-02,4.1324,4.1914,-1.68
2024-08-05,4.0133,4.0723,-2.88
2024-08-06,4.0538,4.1128,1.01
2024-08-07,4.0284,4.0874,-0.63
2024-08-08,4.1214,4.1804,2.31
2024-08-09,4.1396,4.1986,0.44
2024-08-12,4.1403,4.1993,0.02
2024-08-13,4.2079,4.2669,1.63
2024-08-14,4.2193,4.2783,0.27
2024-08-15,4.2846,4.3436,1.55
2024-08-16,4.297,4.356,0.29
2024-08-19,4.3341,4.3931,0.86
2024-08-20,4.3206,4.3796,-0.31
2024-08-21,4.3371,4.3961,0.38
2024-08-22,4.2959,4.3549,-0.95
2024-08-23,4.3507,4.4097,1.28
2024-08-26,4.3243,4.3833,-0.61
2024-08-27,4.3375,4.3965,0.31
2024-08-28,4.3104,4.3694,-0.62
2024-08-29,4.3152,4.3742,0.11
2024-08-30,4.3464,4.4054,0.72
2024-09-02,4.3404,4.3994,-0.14
2024-09-03,4.2581,4.3171,-1.9
2024-09-04,4.2536,4.3126,-0.11
2024-09-05,4.2322,4.2912,-0.5
2024-09-06,4.1591,4.2181,-1.73
2024-09-09,4.2085,4.2675,1.19
2024-09-10,4.2356,4.2946,0.64
2024-09-11,4.2818,4.3408,1.09
2024-09-12,4.3143,4.3733,0.76
2024-09-13,4.3258,4.3848,0.27
2024-09-18,4.3114,4.3704,-0.33
2024-09-19,4.3884,4.4474,1.79
2024-09-20,4.3598,4.4188,-0.65
2024-09-23,4.3637,4.4227,0.09
2024-09-24,4.3729,4.4319,0.21
2024-09-25,4.3462,4.4052,-0.61
2024-09-26,4.3726,4.4316,0.61
2024-09-27,4.3516,4.4106,-0.48
2024-09-30,4.3676,4.4266,0.37
2024-10-08,4.398,4.457,0.7
2024-10-09,4.4189,4.4779,0.48
2024-10-10,4.4219,4.4809,0.07
2024-10-11,4.4462,4.5052,0.55
2024-10-14,4.4782,4.5372,0.72
2024-10-15,4.4524,4.5114,-0.58
2024-10-16,4.4942,4.5532,0.94
2024-10-17,4.4954,4.5544,0.03
2024-10-18,4.5148,4.5738,0.43
2024-10-21,4.4888,4.5478,-0.58
2024-10-22,4.5019,4.5609,0.29
2024-10-23,4.4636,4.5226,-0.85
2024-10-24,4.475,4.534,0.26
2024-10-25,4.4615,4.5205,-0.3
2024-10-28,4.4861,4.5451,0.55
2024-10-29,4.4916,4.5506,0.12
2024-10-30,4.4841,4.5431,-0.17
2024-10-31,4.3956,4.4546,-1.97
2024-11-01,4.4061,4.4651,0.24
2024-11-04,4.3982,4.4572,-0.18
2024-11-05,4.4377,4.4967,0.9
2024-11-06,4.5426,4.6016,2.36
2024-11-07,4.6164,4.6754,1.62
2024-11-08,4.6186,4.6776,0.05
2024-11-11,4.6444,4.7034,0.56
2024-11-12,4.6403,4.6993,-0.09
2024-11-13,4.6452,4.7042,0.11
2024-11-14,4.6176,4.6766,-0.59
2024-11-15,4.5608,4.6198,-1.23
2024-11-18,4.5727,4.6317,0.26
2024-11-19,4.5897,4.6487,0.37
2024-11-20,4.5913,4.6503,0.03
2024-11-21,4.6148,4.6738,0.51
2024-11-22,4.6304,4.6894,0.34
2024-11-25,4.6427,4.7017,0.27
2024-11-26,4.6674,4.7264,0.53
2024-11-27,4.655,4.714,-0.27
2024-11-28,4.6495,4.7085,-0.12
2024-11-29,4.6735,4.7325,0.52
2024-12-02,4.6834,4.7424,0.21
2024-12-03,4.6937,4.7527,0.22
2024-12-04,4.7165,4.7755,0.49
2024-12-05,4.7051,4.7641,-0.24
2024-12-06,4.7147,4.7737,0.2
2024-12-09,4.6892,4.7482,-0.54
2024-12-10,4.6773,4.7363,-0.25
2024-12-11,4.7103,4.7693,0.71
2024-12-12,4.687,4.746,-0.49
2024-12-13,4.6881,4.7471,0.02
2024-12-16,4.706,4.765,0.38
2024-12-17,4.6889,4.7479,-0.36
2024-12-18,4.5558,4.6148,-2.84
2024-12-19,4.5496,4.6086,-0.14
2024-12-20,4.5946,4.6536,0.99
2024-12-23,4.6221,4.6811,0.6
2024-12-24,4.6708,4.7298,1.05
2024-12-25,4.6701,4.7291,-0.01
2024-12-26,4.6705,4.7295,0.01
2024-12-27,4.6211,4.6801,-1.06
2024-12-30,4.5732,4.6322,-1.04
2024-12-31,4.5545,4.6135,-0.41
2025-01-02,4.5442,4.6032,-0.23
2025-01-03,4.5991,4.6581,1.21
2025-01-06,4.6238,4.6828,0.54
2025-01-07,4.5759,4.6349,-1.04
2025-01-08,4.5826,4.6416,0.15
2025-01-09,4.5824,4.6414,0.0
2025-01-10,4.5164,4.5754,-1.44
2025-01-13,4.5226,4.5816,0.14
2025-01-14,4.5268,4.5858,0.09
2025-01-15,4.6064,4.6654,1.76
2025-01-16,4.5967,4.6557,-0.21
2025-01-17,4.6407,4.6997,0.96
2025-01-20,4.6404,4.6994,-0.01
2025-01-21,4.6663,4.7253,0.56
2025-01-22,4.6934,4.7524,0.58
2025-01-23,4.7177,4.7767,0.52
2025-01-24,4.7051,4.7641,-0.27
2025-01-27,4.639,4.698,-1.4
2025-02-05,4.6752,4.7342,0.78
2025-02-06,4.6911,4.7501,0.34
2025-02-07,4.6499,4.7089,-0.88
2025-02-10,4.68,4.739,0.65
2025-02-11,4.6821,4.7411,0.04
2025-02-12,4.6701,4.7291,-0.26
2025-02-13,4.7173,4.7763,1.01
2025-02-14,4.7176,4.7766,0.01
2025-02-17,4.717,4.776,-0.01
2025-02-18,4.7279,4.7869,0.23
2025-02-19,4.7393,4.7983,0.24
2025-02-20,4.7202,4.7792,-0.4
2025-02-21,4.6421,4.7011,-1.65
2025-02-24,4.6214,4.6804,-0.45
2025-02-25,4.601,4.66,-0.44
2025-02-26,4.6021,4.6611,0.02
2025-02-27,4.5324,4.5914,-1.51
2025-02-28,4.6007,4.6597,1.51
2025-03-03,4.5238,4.5828,-1.67
2025-03-04,4.4714,4.5304,-1.16
2025-03-05,4.5168,4.5758,1.02
2025-03-06,4.4388,4.4978,-1.73
2025-03-07,4.4632,4.5222,0.55
2025-03-10,4.3498,4.4088,-2.54
2025-03-11,4.3193,4.3783,-0.7
2025-03-12,4.3378,4.3968,0.43
2025-03-13,4.2824,4.3414,-1.28
2025-03-14,4.3706,4.4296,2.06
2025-03-17,4.395,4.454,0.56
2025-03-18,4.3527,4.4117,-0.96
2025-03-19,4.3951,4.4541,0.97
2025-03-20,4.3899,4.4489,-0.12
2025-03-21,4.3945,4.4535,0.1
2025-03-24,4.4689,4.5279,1.69
2025-03-25,4.476,4.535,0.16
2025-03-26,4.4261,4.4851,-1.11
2025-03-27,4.4126,4.4716,-0.31
2025-03-28,4.3292,4.3882,-1.89
2025-03-31,4.3541,4.4131,0.58
2025-04-01,4.3697,4.4287,0.36
2025-04-02,4.3986,4.4576,0.66
2025-04-03,4.1999,4.2589,-4.52
2025-04-07,3.9588,4.0178,-5.74
2025-04-08,3.9033,3.9623,-1.4
2025-04-09,4.2589,4.3179,9.11
2025-04-10,4.1196,4.1786,-3.27
2025-04-11,4.1904,4.2494,1.72
2025-04-14,4.2234,4.2824,0.79
2025-04-15,4.2161,4.2751,-0.17
2025-04-16,4.1273,4.1863,-2.11
2025-04-17,4.1303,4.1893,0.07
2025-04-18,4.1294,4.1884,-0.02
2025-04-21,4.0361,4.0951,-2.26
2025-04-22,4.1367,4.1957,2.49
2025-04-23,4.2061,4.2651,1.68
2025-04-24,4.2863,4.3453,1.91
2025-04-25,4.3142,4.3732,0.65
2025-04-28,4.3152,4.3742,0.02
2025-04-29,4.3381,4.3971,0.53
2025-04-30,4.3434,4.4024,0.12
2025-05-06,4.3716,4.4306,0.65
2025-05-07,4.3895,4.4485,0.41
2025-05-08,4.4179,4.4769,0.65
2025-05-09,4.4171,4.4761,-0.02
2025-05-12,4.5525,4.6115,3.07
2025-05-13,4.5798,4.6388,0.6
2025-05-14,4.5823,4.6413,0.05
2025-05-15,4.6008,4.6598,0.4
2025-05-16,4.6303,4.6893,0.64
2025-05-19,4.633,4.692,0.06
2025-05-20,4.6168,4.6758,-0.35
2025-05-21,4.5464,4.6054,-1.52
2025-05-22,4.5421,4.6011,-0.09
2025-05-23,4.5143,4.5733,-0.61
2025-05-26,4.5087,4.5677,-0.12
2025-05-27,4.5995,4.6585,2.01
2025-05-28,4.5763,4.6353,-0.5
2025-05-29,4.5943,4.6533,0.39
2025-05-30,4.5898,4.6488,-0.1
2025-06-03,4.6349,4.6939,0.98
2025-06-04,4.6363,4.6953,0.03
2025-06-05,4.6117,4.6707,-0.53
2025-06-06,4.656,4.715,0.96
2025-06-09,4.6606,4.7196,0.1
2025-06-10,4.6845,4.7435,0.51
2025-06-11,4.6706,4.7296,-0.3
2025-06-12,4.6866,4.7456,0.34
2025-06-13,4.6338,4.6928,-1.13
2025-06-16,4.6773,4.7363,0.94
2025-06-17,4.6367,4.6957,-0.87
2025-06-18,4.6368,4.6958,0.0
2025-06-19,4.6348,4.6938,-0.04
2025-06-20,4.6228,4.6818,-0.26
2025-06-23,4.6661,4.7251,0.94
2025-06-24,4.7131,4.7721,1.01
2025-06-25,4.7138,4.7728,0.01
2025-06-26,4.7465,4.8055,0.69
2025-06-27,4.7706,4.8296,0.51
2025-06-30,4.7911,4.8501,0.43
2025-07-01,4.7828,4.8418,-0.17
2025-07-02,4.8054,4.8644,0.47
2025-07-03,4.8422,4.9012,0.77
2025-07-04,4.8428,4.9018,0.01
2025-07-07,4.804,4.863,-0.8
2025-07-08,4.8027,4.8617,-0.03
2025-07-09,4.8309,4.8899,0.59
2025-07-10,4.8419,4.9009,0.23
2025-07-11,4.824,4.883,-0.37
2025-07-14,4.8308,4.8898,0.14
2025-07-15,4.8134,4.8724,-0.36
2025-07-16,4.8296,4.8886,0.34
2025-07-17,4.8497,4.9087,0.42
2025-07-18,4.8521,4.9111,0.05
2025-07-21,4.8601,4.9191,0.16
2025-07-22,4.8593,4.9183,-0.02
2025-07-23,4.8913,4.9503,0.66
2025-07-24,4.8927,4.9517,0.03
2025-07-25,4.9132,4.9722,0.42
2025-07-28,4.9167,4.9757,0.07
2025-07-29,4.9055,4.9645,-0.23
2025-07-30,4.8945,4.9535,-0.22
2025-07-31,4.8804,4.9394,-0.29
2025-08-01,4.8054,4.8644,-1.54
2025-08-04,4.8661,4.9251,1.26
2025-08-05,4.8417,4.9007,-0.5
2025-08-06,4.8781,4.9371,0.75
2025-08-07,4.8702,4.9292,-0.16
2025-08-08,4.9093,4.9683,0.8
2025-08-11,4.8991,4.9581,-0.21
2025-08-12,4.9528,5.0118,1.1
2025-08-13,4.9633,5.0223,0.21
2025-08-14,4.964,5.023,0.01
2025-08-15,4.9531,5.0121,-0.22
2025-08-18,4.9492,5.0082,-0.08
2025-08-19,4.9245,4.9835,-0.5
2025-08-20,4.9141,4.9731,-0.21
2025-08-21,4.8894,4.9484,-0.5
2025-08-22,4.9625,5.0215,1.5
2025-08-25,4.9314,4.9904,-0.63
2025-08-26,4.9525,5.0115,0.43
2025-08-27,4.9582,5.0172,0.12
2025-08-28,4.9701,5.0291,0.24
2025-08-29,4.9377,4.9967,-0.65
2025-09-01,4.9404,4.9994,0.05
2025-09-02,4.9094,4.9684,-0.63
2025-09-03,4.9348,4.9938,0.52
2025-09-04,4.9703,5.0293,0.72
2025-09-05,4.9567,5.0157,-0.27
2025-09-08,4.9649,5.0239,0.17
2025-09-09,4.9765,5.0355,0.23
2025-09-10,4.9937,5.0527,0.35
2025-09-11,5.0318,5.0908,0.76
2025-09-12,5.0288,5.0878,-0.06
2025-09-15,5.0544,5.1134,0.51
2025-09-16,5.0462,5.1052,-0.16
2025-09-17,5.0399,5.0989,-0.12
2025-09-18,5.0682,5.1272,0.56
2025-09-19,5.0947,5.1537,0.52
2025-09-22,5.1148,5.1738,0.39
2025-09-23,5.0841,5.1431,-0.6
2025-09-24,5.0713,5.1303,-0.25
2025-09-25,5.05,5.109,-0.42
2025-09-26,5.0802,5.1392,0.6
2025-09-29,5.0884,5.1474,0.16
2025-09-30,5.1053,5.1643,0.33
2025-10-09,5.1427,5.2017,0.73
2025-10-10,5.008,5.067,-2.62
2025-10-13,5.0786,5.1376,1.41
2025-10-14,5.0718,5.1308,-0.13
2025-10-15,5.0902,5.1492,0.36
2025-10-16,5.0579,5.1169,-0.63
2025-10-17,5.082,5.141,0.48
2025-10-20,5.1343,5.1933,1.03
2025-10-21,5.1304,5.1894,-0.08
2025-10-22,5.1055,5.1645,-0.49
2025-10-23,5.1311,5.1901,0.5
2025-10-24,5.1706,5.2296,0.77
2025-10-27,5.2277,5.2867,1.1
2025-10-28,5.2374,5.2964,0.19
2025-10-29,5.2365,5.2955,-0.02
2025-10-30,5.1882,5.2472,-0.92
2025-10-31,5.2023,5.2613,0.27
2025-11-03,5.2104,5.2694,0.16
2025-11-04,5.154,5.213,-1.08
2025-11-05,5.1735,5.2325,0.38
2025-11-06,5.1161,5.1751,-1.11
2025-11-07,5.1206,5.1796,0.09
2025-11-10,5.1976,5.2566,1.5
2025-11-11,5.2084,5.2674,0.21
2025-11-12,5.2094,5.2684,0.02
2025-11-13,5.13,5.189,-1.52
2025-11-14,5.125,5.184,-0.1
2025-11-17,5.0802,5.1392,-0.87
2025-11-18,5.0431,5.1021,-0.73
2025-11-19,5.0625,5.1215,0.38
2025-11-20,4.9899,5.0489,-1.43
2025-11-21,5.0352,5.0942,0.91
2025-11-24,5.1076,5.1666,1.44
2025-11-25,5.1511,5.2101,0.85
2025-11-26,5.1829,5.2419,0.62
2025-11-27,5.1825,5.2415,-0.01
2025-11-28,5.2093,5.2683,0.52
2025-12-01,5.1825,5.2415,-0.51
2025-12-02,5.1968,5.2558,0.28
2025-12-03,5.2091,5.2681,0.24
2025-12-04,5.2142,5.2732,0.1
2025-12-05,5.2286,5.2876,0.28
2025-12-08,5.2122,5.2712,-0.31
2025-12-09,5.2083,5.2673,-0.07
2025-12-10,5.24,5.299,0.61
2025-12-11,5.2451,5.3041,0.1
2025-12-12,5.1883,5.2473,-1.08
2025-12-15,5.182,5.241,-0.12
2025-12-16,5.1666,5.2256,-0.3
2025-12-17,5.1082,5.1672,-1.13
2025-12-18,5.1473,5.2063,0.77
2025-12-19,5.1874,5.2464,0.78
2025-12-22,5.2199,5.2789,0.63
2025-12-23,5.2388,5.2978,0.36
2025-12-24,5.2511,5.3101,0.23
2025-12-25,5.2452,5.3042,-0.11
2025-12-26,5.2418,5.3008,-0.06
2025-12-29,5.2222,5.2812,-0.37
2025-12-30,5.2166,5.2756,-0.11
2025-12-31,5.1758,5.2348,-0.78
2026-01-05,5.2114,5.2704,0.69
2026-01-06,5.2382,5.2972,0.51
2026-01-07,5.2231,5.2821,-0.29
2026-01-08,5.2236,5.2826,0.01
2026-01-09,5.2501,5.3091,0.51
2026-01-12,5.256,5.315,0.11
2026-01-13,5.2461,5.3051,-0.19
2026-01-14,5.22,5.279,-0.5
2026-01-15,5.2286,5.2876,0.16
2026-01-16,5.2262,5.2852,-0.05
2026-01-19,5.224,5.283,-0.04
2026-01-20,5.1184,5.1774,-2.02
2026-01-21,5.1753,5.2343,1.11
2026-01-22,5.2032,5.2622,0.54
2026-01-23,5.1985,5.2575,-0.09
2026-01-26,5.2175,5.2765,0.37
2026-01-27,5.2381,5.2971,0.39
2026-01-28,5.2301,5.2891,-0.15
2026-01-29,5.2242,5.2832,-0.11
2026-01-30,5.196,5.255,-0.54
2026-02-02,5.2269,5.2859,0.59
2026-02-03,5.1806,5.2396,-0.89
2026-02-04,5.1512,5.2102,-0.57
2026-02-05,5.0933,5.1523,-1.12
2026-02-06,5.1898,5.2488,1.89
2026-02-09,5.2099,5.2689,0.39
2026-02-10,5.1892,5.2482,-0.4
2026-02-11,5.1874,5.2464,-0.03
2026-02-12,5.1105,5.1695,-1.48
2026-02-13,5.1091,5.1681,-0.03
2026-02-24,5.1493,5.2083,0.79
2026-02-25,5.1836,5.2426,0.67
2026-02-26,5.1498,5.2088,-0.65
2026-02-27,5.1278,5.1868,-0.43
2026-03-02,5.1285,5.1875,0.01
2026-03-03,5.0724,5.1314,-1.09
2026-03-04,5.1126,5.1716,0.79
2026-03-05,5.0773,5.1363,-0.69
2026-03-06,5.0135,5.0725,-1.26
2026-03-09,5.0633,5.1223,0.99
2026-03-10,5.0415,5.1005,-0.43
2026-03-11,5.033,5.092,-0.17
2026-03-12,4.9628,5.0218,-1.39
2026-03-13,4.9377,4.9967,-0.51
2026-03-16,4.9895,5.0485,1.05
2026-03-17,4.9954,5.0544,0.12
2026-03-18,4.9261,4.9851,-1.39
2026-03-19,4.9186,4.9776,-0.15
2026-03-20,4.8433,4.9023,-1.53
2026-03-23,4.9074,4.9664,1.32
2026-03-24,4.8817,4.9407,-0.52
2026-03-25,4.9061,4.9651,0.5
2026-03-26,4.8358,4.8948,-1.43
2026-03-27,4.7641,4.8231,-1.48
2026-03-30,4.7532,4.8122,-0.23
2026-03-31,4.8829,4.9419,2.73
2026-04-01,4.9038,4.9628,0.43
2026-04-02,4.8983,4.9573,-0.11
2026-04-03,4.9016,4.9606,0.07
2026-04-07,4.9207,4.9797,0.39
2026-04-08,5.0251,5.0841,2.12
2026-04-09,5.0527,5.1117,0.55
2026-04-10,5.0477,5.1067,-0.1
2026-04-13,5.0973,5.1563,0.98
2026-04-14,5.1501,5.2091,1.04
2026-04-15,5.1892,5.2482,0.76
2026-04-16,5.2048,5.2638,0.3
2026-04-17,5.2654,5.3244,1.16
2026-04-20,5.2556,5.3146,-0.19
2026-04-21,5.221,5.28,-0.66
2026-04-22,5.2772,5.3362,1.08
2026-04-23,5.2581,5.3171,-0.36
2026-04-24,5.3006,5.3596,0.81
2026-04-27,5.2999,5.3589,-0.01
2026-04-28,5.2755,5.3345,-0.46
2026-04-29,5.2751,5.3341,-0.01
2026-04-30,5.3278,5.3868,1.0
2026-05-06,5.4323,5.4913,1.96
2026-05-07,5.4072,5.4662,-0.46
2026-05-08,5.4523,5.5113,0.83
2026-05-11,5.4595,5.5185,0.13
2026-05-12,5.4478,5.5068,-0.21
2026-05-13,5.479,5.538,0.57
2026-05-14,5.517,5.576,0.69
2026-05-15,5.454,5.513,-1.14
2026-05-18,5.4508,5.5098,-0.06
2026-05-19,5.4119,5.4709,-0.71
2026-05-20,5.4693,5.5283,1.06
2026-05-21,5.4748,5.5338,0.1
2026-05-22,5.4958,5.5548,0.38
2026-05-25,5.4915,5.5505,-0.08
2026-05-26,5.5211,5.5801,0.54
2026-05-27,5.5228,5.5818,0.03
2026-05-28,5.5486,5.6076,0.47
2026-05-29,5.5552,5.6142,0.12
2026-06-01,5.5693,5.6283,0.25
2026-06-02,5.578,5.637,0.16
2026-06-03,5.5387,5.5977,-0.7
2026-06-04,5.5614,5.6204,0.41
2026-06-05,5.4177,5.4767,-2.58
2026-06-08,5.436,5.495,0.34
2026-06-09,5.4182,5.4772,-0.33
2026-06-10,5.334,5.393,-1.55
2026-06-11,5.4229,5.4819,1.67
2026-06-12,5.4463,5.5053,0.43
2026-06-15,5.5316,5.5906,1.57
2026-06-16,5.5027,5.5617,-0.52
2026-06-17,5.4365,5.4955,-1.2
2026-06-18,5.4965,5.5555,1.1
2026-06-22,5.4788,5.5378,-0.32
2026-06-23,5.4049,5.4639,-1.35
2026-06-24,5.4019,5.4609,-0.06
2026-06-25,5.402,5.461,0.0
2026-06-26,5.3952,5.4542,-0.13
2026-06-29,5.4571,5.5161,1.15
2026-06-30,5.4925,5.5515,0.65
2026-07-01,5.478,5.537,-0.26
2026-07-02,5.4778,5.5368,0.0
2026-07-03,5.4745,5.5335,-0.06
2026-07-06,5.5143,5.5733,0.73
2026-07-07,5.4895,5.5485,-0.45
2026-07-08,5.4772,5.5362,-0.22
2026-07-09,5.5169,5.5759,0.72
2026-07-10,5.5357,5.5947,0.34
2026-07-13,5.4921,5.5511,-0.79
2026-07-14,5.5137,5.5727,0.39
2026-07-15,5.5274,5.5864,0.25
2026-07-16,5.5006,5.5596,-0.48
2026-07-17,5.4493,5.5083,-0.93
2026-07-20,5.44,5.499,-0.17
2026-07-21,5.4837,5.5427,0.8
2026-07-22,5.4775,5.5365,-0.11
2026-07-23,5.4095,5.4685,-1.24
2026-07-24,5.4141,5.4731,0.09
2026-07-27,5.4119,5.4709,-0.04
2026-07-28,5.4241,5.4831,0.23
2026-07-29,5.3435,5.4025,-1.49
2026-07-30,5.4281,5.4871,1.58
2026-07-31,5.4644,5.5234,0.67
2026-08-03,5.5419,5.6009,1.42
2026-08-04,5.6384,5.6974,1.74
