date,unit_nav,cum_nav,ret_pct
2005-02-23,0.079,0.079,0.0
2005-02-24,0.079,0.079,0.0
2005-02-25,0.083,0.083,5.063291139240511
2005-02-28,0.075,0.075,-9.63855421686748
2005-03-01,0.07,0.07,-6.666666666666654
2005-03-02,0.062,0.062,-11.428571428571432
2005-03-03,0.062,0.062,0.0
2005-03-04,0.063,0.063,1.6129032258064502
2005-03-07,0.065,0.065,3.1746031746031855
2005-03-08,0.077,0.077,18.461538461538463
2005-03-09,0.076,0.076,-1.2987012987012991
2005-03-10,0.056,0.056,-26.315789473684205
2005-03-11,0.058,0.058,3.571428571428581
2005-03-14,0.06,0.06,3.44827586206895
2005-03-15,0.046,0.046,-23.33333333333333
2005-03-16,0.037,0.037,-19.565217391304344
2005-03-17,0.031,0.031,-16.216216216216218
2005-03-18,0.027,0.027,-12.903225806451612
2005-03-21,0.027,0.027,0.0
2005-03-22,0.011,0.011,-59.25925925925925
2005-03-23,0.007,0.007,-36.36363636363635
2005-03-24,0.009,0.009,28.57142857142856
2005-03-25,0.008,0.008,-11.111111111111105
2005-03-28,0.005,0.005,-37.5
2005-03-29,0.008,0.008,60.00000000000001
2005-03-30,-0.004,-0.004,-150.0
2005-03-31,-0.003,-0.003,-25.0
2005-04-01,0.032,0.032,-1166.6666666666665
2005-04-04,0.013,0.013,-59.375
2005-04-05,0.008,0.008,-38.46153846153846
2005-04-06,0.021,0.021,162.5
2005-04-07,0.027,0.027,28.57142857142856
2005-04-08,0.039,0.039,44.44444444444444
2005-04-11,0.033,0.033,-15.384615384615385
2005-04-12,0.024,0.024,-27.27272727272727
2005-04-13,0.043,0.043,79.16666666666666
2005-04-14,0.031,0.031,-27.90697674418604
2005-04-15,0.021,0.021,-32.258064516129025
2005-04-18,0.011,0.011,-47.61904761904763
2005-04-19,0.014,0.014,27.272727272727295
2005-04-20,0.0,0.0,-100.0
2005-04-21,0.0,0.0,0.0
2005-04-22,0.001,0.001,inf
2005-04-25,-0.007,-0.007,-800.0
2005-04-26,-0.004,-0.004,-42.85714285714286
2005-04-27,-0.009,-0.009,125.0
2005-04-28,0.0,0.0,-100.0
2005-04-29,-0.009,-0.009,-inf
2005-05-09,-0.017,-0.017,88.8888888888889
2005-05-10,-0.014,-0.014,-17.647058823529417
2005-05-11,-0.02,-0.02,42.85714285714286
2005-05-12,-0.037,-0.037,84.99999999999999
2005-05-13,-0.035,-0.035,-5.405405405405395
2005-05-16,-0.047,-0.047,34.28571428571428
2005-05-17,-0.043,-0.043,-8.510638297872353
2005-05-18,-0.042,-0.042,-2.325581395348819
2005-05-19,-0.042,-0.042,0.0
2005-05-20,-0.04,-0.04,-4.761904761904767
2005-05-23,-0.054,-0.054,34.999999999999986
2005-05-24,-0.056,-0.056,3.703703703703698
2005-05-25,-0.054,-0.054,-3.57142857142857
2005-05-26,-0.061,-0.061,12.962962962962955
2005-05-27,-0.067,-0.067,9.836065573770503
2005-05-30,-0.061,-0.061,-8.955223880597018
2005-05-31,-0.059,-0.059,-3.2786885245901676
2005-06-01,-0.071,-0.071,20.338983050847446
2005-06-02,-0.09,-0.09,26.7605633802817
2005-06-03,-0.092,-0.092,2.2222222222222143
2005-06-06,-0.077,-0.077,-16.30434782608695
2005-06-07,-0.077,-0.077,0.0
2005-06-08,-0.016,-0.016,-79.2207792207792
2005-06-09,-0.008,-0.008,-50.0
2005-06-10,-0.022,-0.022,175.0
2005-06-13,-0.023,-0.023,4.545454545454541
2005-06-14,-0.029,-0.029,26.086956521739136
2005-06-15,-0.042,-0.042,44.827586206896555
2005-06-16,-0.031,-0.031,-26.190476190476197
2005-06-17,-0.025,-0.025,-19.354838709677413
2005-06-20,0.007,0.007,-128.0
2005-06-21,-0.003,-0.003,-142.85714285714286
2005-06-22,0.001,0.001,-133.33333333333331
2005-06-23,-0.003,-0.003,-400.0
2005-06-24,-0.003,-0.003,0.0
2005-06-27,0.011,0.011,-466.66666666666663
2005-06-28,0.005,0.005,-54.54545454545454
2005-06-29,-0.006,-0.006,-220.00000000000003
2005-06-30,-0.028,-0.028,366.6666666666667
2005-07-01,-0.03,-0.03,7.14285714285714
2005-07-04,-0.036,-0.036,19.999999999999996
2005-07-05,-0.043,-0.043,19.444444444444443
2005-07-06,-0.047,-0.047,9.302325581395365
2005-07-07,-0.047,-0.047,0.0
2005-07-08,-0.054,-0.054,14.893617021276583
2005-07-11,-0.056,-0.056,3.703703703703698
2005-07-12,-0.025,-0.025,-55.35714285714286
2005-07-13,-0.032,-0.032,28.000000000000004
2005-07-14,-0.029,-0.029,-9.375
2005-07-15,-0.031,-0.031,6.896551724137923
2005-07-18,-0.033,-0.033,6.451612903225823
2005-07-19,-0.034,-0.034,3.0303030303030276
2005-07-20,-0.025,-0.025,-26.470588235294123
2005-07-21,-0.022,-0.022,-12.00000000000001
2005-07-22,-0.01,-0.01,-54.54545454545454
2005-07-25,-0.013,-0.013,29.999999999999982
2005-07-26,-0.001,-0.001,-92.3076923076923
2005-07-27,0.006,0.006,-700.0
2005-07-28,0.002,0.002,-66.66666666666667
2005-07-29,0.0,0.0,-100.0
2005-08-01,0.001,0.001,inf
2005-08-02,0.008,0.008,700.0
2005-08-03,0.01,0.01,25.0
2005-08-04,0.008,0.008,-19.999999999999996
2005-08-05,0.03,0.03,275.0
2005-08-08,0.031,0.031,3.3333333333333437
2005-08-09,0.032,0.032,3.2258064516129004
2005-08-10,0.033,0.033,3.125
2005-08-11,0.043,0.043,30.303030303030276
2005-08-12,0.039,0.039,-9.302325581395344
2005-08-15,0.057,0.057,46.15384615384617
2005-08-16,0.042,0.042,-26.315789473684205
2005-08-17,0.053,0.053,26.190476190476186
2005-08-18,0.027,0.027,-49.056603773584904
2005-08-19,0.033,0.033,22.222222222222232
2005-08-22,0.039,0.039,18.181818181818166
2005-08-23,0.033,0.033,-15.384615384615385
2005-08-24,0.043,0.043,30.303030303030276
2005-08-25,0.043,0.043,0.0
2005-08-26,0.043,0.043,0.0
2005-08-29,0.033,0.033,-23.255813953488357
2005-08-30,0.029,0.029,-12.121212121212121
2005-08-31,0.038,0.038,31.034482758620683
2005-09-01,0.047,0.047,23.684210526315795
2005-09-02,0.048,0.048,2.127659574468077
2005-09-05,0.048,0.048,0.0
2005-09-06,0.037,0.037,-22.916666666666675
2005-09-07,0.042,0.042,13.51351351351353
2005-09-08,0.044,0.044,4.761904761904745
2005-09-09,0.044,0.044,0.0
2005-09-12,0.043,0.043,-2.2727272727272707
2005-09-13,0.048,0.048,11.627906976744207
2005-09-14,0.053,0.053,10.416666666666652
2005-09-15,0.051,0.051,-3.7735849056603765
2005-09-16,0.049,0.049,-3.9215686274509665
2005-09-19,0.048,0.048,-2.0408163265306145
2005-09-20,0.042,0.042,-12.5
2005-09-21,0.033,0.033,-21.42857142857143
2005-09-22,0.016,0.016,-51.515151515151516
2005-09-23,0.011,0.011,-31.25
2005-09-26,0.015,0.015,36.363636363636374
2005-09-27,0.003,0.003,-80.0
2005-09-28,0.005,0.005,66.66666666666667
2005-09-29,0.012,0.012,140.0
2005-09-30,0.011,0.011,-8.333333333333337
2005-10-10,0.002,0.002,-81.81818181818181
2005-10-11,0.01,0.01,400.0
2005-10-12,0.009,0.009,-10.000000000000009
2005-10-13,0.002,0.002,-77.77777777777779
2005-10-14,-0.013,-0.013,-750.0
2005-10-17,-0.016,-0.016,23.076923076923084
2005-10-18,-0.015,-0.015,-6.25
2005-10-19,-0.016,-0.016,6.666666666666665
2005-10-20,-0.007,-0.007,-56.25
2005-10-21,-0.008,-0.008,14.28571428571428
2005-10-24,-0.01,-0.01,25.0
2005-10-25,-0.017,-0.017,70.00000000000001
2005-10-26,-0.034,-0.034,100.0
2005-10-27,-0.032,-0.032,-5.882352941176472
2005-10-28,-0.037,-0.037,15.625
2005-10-31,-0.027,-0.027,-27.027027027027028
2005-11-01,-0.03,-0.03,11.111111111111116
2005-11-02,-0.024,-0.024,-19.999999999999996
2005-11-03,-0.031,-0.031,29.166666666666675
2005-11-04,-0.027,-0.027,-12.903225806451612
2005-11-07,-0.031,-0.031,14.814814814814813
2005-11-08,-0.025,-0.025,-19.354838709677413
2005-11-09,-0.031,-0.031,24.0
2005-11-10,-0.042,-0.042,35.48387096774195
2005-11-11,-0.041,-0.041,-2.3809523809523836
2005-11-14,-0.045,-0.045,9.756097560975597
2005-11-15,-0.045,-0.045,0.0
2005-11-16,-0.042,-0.042,-6.666666666666654
2005-11-17,-0.04,-0.04,-4.761904761904767
2005-11-18,-0.023,-0.023,-42.50000000000001
2005-11-21,-0.022,-0.022,-4.34782608695653
2005-11-22,-0.036,-0.036,63.636363636363626
2005-11-23,-0.031,-0.031,-13.888888888888884
2005-11-24,-0.021,-0.021,-32.258064516129025
2005-11-25,-0.014,-0.014,-33.333333333333336
2005-11-28,-0.019,-0.019,35.7142857142857
2005-11-29,-0.027,-0.027,42.10526315789473
2005-11-30,-0.023,-0.023,-14.814814814814813
2005-12-01,-0.024,-0.024,4.347826086956519
2005-12-02,-0.025,-0.025,4.166666666666674
2005-12-05,-0.031,-0.031,24.0
2005-12-06,-0.022,-0.022,-29.032258064516135
2005-12-07,-0.016,-0.016,-27.27272727272727
2005-12-08,-0.018,-0.018,12.5
2005-12-09,-0.005,-0.005,-72.22222222222221
2005-12-12,-0.007,-0.007,39.99999999999999
2005-12-13,-0.009,-0.009,28.57142857142856
2005-12-14,-0.003,-0.003,-66.66666666666666
2005-12-15,-0.003,-0.003,0.0
2005-12-16,0.001,0.001,-133.33333333333331
2005-12-19,0.001,0.001,0.0
2005-12-20,0.004,0.004,300.0
2005-12-21,0.005,0.005,25.0
2005-12-22,0.008,0.008,60.00000000000001
2005-12-23,0.013,0.013,62.5
2005-12-26,0.016,0.016,23.076923076923084
2005-12-27,0.012,0.012,-25.0
2005-12-28,0.012,0.012,0.0
2005-12-29,0.02,0.02,66.66666666666667
2005-12-30,0.015,0.015,-25.0
2006-01-04,0.032,0.032,113.33333333333333
2006-01-05,0.051,0.051,59.37499999999998
2006-01-06,0.057,0.057,11.764705882352944
2006-01-09,0.061,0.061,7.017543859649122
2006-01-10,0.058,0.058,-4.91803278688524
2006-01-11,0.051,0.051,-12.068965517241391
2006-01-12,0.057,0.057,11.764705882352944
2006-01-13,0.049,0.049,-14.035087719298245
2006-01-16,0.036,0.036,-26.530612244897966
2006-01-17,0.042,0.042,16.666666666666675
2006-01-18,0.059,0.059,40.47619047619047
2006-01-19,0.061,0.061,3.3898305084745894
2006-01-20,0.059,0.059,-3.2786885245901676
2006-01-23,0.063,0.063,6.779661016949157
2006-01-24,0.057,0.057,-9.523809523809524
2006-01-25,0.066,0.066,15.789473684210531
2006-02-06,0.081,0.081,22.72727272727273
2006-02-07,0.076,0.076,-6.172839506172845
2006-02-08,0.08,0.08,5.263157894736836
2006-02-09,0.068,0.068,-14.999999999999991
2006-02-10,0.082,0.082,20.58823529411764
2006-02-13,0.079,0.079,-3.658536585365857
2006-02-14,0.08,0.08,1.2658227848101333
2006-02-15,0.088,0.088,9.999999999999986
2006-02-16,0.078,0.078,-11.363636363636353
2006-02-17,0.078,0.078,0.0
2006-02-20,0.075,0.075,-3.8461538461538547
2006-02-21,0.09,0.09,19.999999999999996
2006-02-22,0.085,0.085,-5.5555555555555465
2006-02-23,0.093,0.093,9.41176470588234
2006-02-24,0.101,0.101,8.602150537634422
2006-02-27,0.104,0.104,2.9702970297029507
2006-02-28,0.114,0.114,9.615384615384626
2006-03-01,0.122,0.122,7.017543859649122
2006-03-02,0.104,0.104,-14.754098360655743
2006-03-03,0.105,0.105,0.9615384615384581
2006-03-06,0.1,0.1,-4.761904761904756
2006-03-07,0.084,0.084,-16.000000000000004
2006-03-08,0.08,0.08,-4.761904761904767
2006-03-09,0.075,0.075,-6.25
2006-03-10,0.077,0.077,2.6666666666666616
2006-03-13,0.085,0.085,10.389610389610393
2006-03-14,0.081,0.081,-4.705882352941182
2006-03-15,0.088,0.088,8.64197530864197
2006-03-16,0.085,0.085,-3.409090909090895
2006-03-17,0.084,0.084,-1.17647058823529
2006-03-20,0.094,0.094,11.904761904761907
2006-03-21,0.095,0.095,1.0638297872340496
2006-03-22,0.1,0.1,5.263157894736836
2006-03-23,0.097,0.097,-3.0000000000000027
2006-03-24,0.098,0.098,1.0309278350515427
2006-03-27,0.1,0.1,2.0408163265306145
2006-03-28,0.107,0.107,6.999999999999984
2006-03-29,0.115,0.115,7.476635514018692
2006-03-30,0.109,0.109,-5.21739130434783
2006-03-31,0.113,0.113,3.669724770642202
2006-04-03,0.123,0.123,8.849557522123884
2006-04-04,0.128,0.128,4.065040650406515
2006-04-05,0.135,0.135,5.46875
2006-04-06,0.133,0.133,-1.4814814814814836
2006-04-07,0.122,0.122,-8.270676691729328
2006-04-10,0.135,0.135,10.655737704918034
2006-04-11,0.139,0.139,2.9629629629629672
2006-04-12,0.136,0.136,-2.1582733812949617
2006-04-13,0.123,0.123,-9.558823529411775
2006-04-14,0.141,0.141,14.634146341463406
2006-04-17,0.15,0.15,6.382978723404253
2006-04-18,0.153,0.153,2.0000000000000018
2006-04-19,0.155,0.155,1.3071895424836555
2006-04-20,0.142,0.142,-8.387096774193559
2006-04-21,0.165,0.165,16.197183098591573
2006-04-24,0.164,0.164,-0.60606060606061
2006-04-25,0.145,0.145,-11.585365853658548
2006-04-26,0.166,0.166,14.482758620689662
2006-04-27,0.167,0.167,0.6024096385542244
2006-04-28,0.195,0.195,16.766467065868262
2006-05-08,0.229,0.229,17.43589743589744
2006-05-09,0.249,0.249,8.733624454148469
2006-05-10,0.255,0.255,2.4096385542168752
2006-05-11,0.246,0.246,-3.529411764705881
2006-05-12,0.283,0.283,15.040650406504064
2006-05-15,0.342,0.342,20.848056537102487
2006-05-16,0.307,0.307,-10.233918128654985
2006-05-17,0.31,0.31,0.9771986970684043
2006-05-18,0.308,0.308,-0.6451612903225823
2006-05-19,0.328,0.328,6.493506493506507
2006-05-22,0.327,0.327,-0.3048780487804881
2006-05-23,0.291,0.291,-11.009174311926618
2006-05-24,0.293,0.293,0.6872852233676952
2006-05-25,0.292,0.292,-0.34129692832765013
2006-05-26,0.317,0.317,8.56164383561644
2006-05-29,0.335,0.335,5.6782334384858135
2006-05-30,0.341,0.341,1.7910447761193993
2006-05-31,0.337,0.337,-1.1730205278592365
2006-06-01,0.365,0.365,8.308605341246288
2006-06-02,0.364,0.364,-0.2739726027397249
2006-06-05,0.351,0.351,-3.57142857142857
2006-06-06,0.349,0.349,-0.5698005698005715
2006-06-07,0.3,0.3,-14.04011461318051
2006-06-08,0.306,0.306,2.0000000000000018
2006-06-09,0.288,0.288,-5.882352941176472
2006-06-12,0.288,0.288,0.0
2006-06-13,0.285,0.285,-1.041666666666663
2006-06-14,0.279,0.279,-2.105263157894721
2006-06-15,0.28,0.28,0.35842293906809264
2006-06-16,0.303,0.303,8.214285714285708
2006-06-19,0.31,0.31,2.310231023102305
2006-06-20,0.315,0.315,1.6129032258064502
2006-06-21,0.314,0.314,-0.31746031746031633
2006-06-22,0.311,0.311,-0.9554140127388533
2006-06-23,0.319,0.319,2.5723472668810254
2006-06-26,0.344,0.344,7.836990595611271
2006-06-27,0.344,0.344,0.0
2006-06-28,0.344,0.344,0.0
2006-06-29,0.365,0.365,6.1046511627907085
2006-06-30,0.363,0.363,-0.5479452054794498
2006-07-03,0.388,0.388,6.88705234159781
2006-07-04,0.377,0.377,-2.8350515463917536
2006-07-05,0.35,0.35,-7.161803713527859
2006-07-06,0.367,0.367,4.857142857142871
2006-07-07,0.355,0.355,-3.2697547683923744
2006-07-10,0.354,0.354,-0.28169014084507005
2006-07-11,0.357,0.357,0.8474576271186418
2006-07-12,0.359,0.359,0.5602240896358524
2006-07-13,0.312,0.312,-13.091922005571032
2006-07-14,0.318,0.318,1.9230769230769162
2006-07-17,0.324,0.324,1.8867924528301883
2006-07-18,0.321,0.321,-0.92592592592593
2006-07-19,0.297,0.297,-7.476635514018703
2006-07-20,0.303,0.303,2.020202020202011
2006-07-21,0.315,0.315,3.960396039603964
2006-07-24,0.315,0.315,0.0
2006-07-25,0.327,0.327,3.809523809523818
2006-07-26,0.327,0.327,0.0
2006-07-27,0.319,0.319,-2.4464831804281384
2006-07-28,0.307,0.307,-3.7617554858934255
2006-07-31,0.279,0.279,-9.12052117263843
2006-08-01,0.27,0.27,-3.2258064516129004
2006-08-02,0.262,0.262,-2.9629629629629672
2006-08-03,0.266,0.266,1.526717557251911
2006-08-04,0.251,0.251,-5.63909774436091
2006-08-07,0.235,0.235,-6.3745019920318775
2006-08-08,0.251,0.251,6.808510638297882
2006-08-09,0.255,0.255,1.5936254980079667
2006-08-10,0.269,0.269,5.490196078431375
2006-08-11,0.267,0.267,-0.743494423791824
2006-08-14,0.253,0.253,-5.243445692883897
2006-08-15,0.265,0.265,4.743083003952564
2006-08-16,0.275,0.275,3.7735849056603765
2006-08-17,0.266,0.266,-3.2727272727272716
2006-08-18,0.269,0.269,1.1278195488721776
2006-08-21,0.27,0.27,0.3717472118959009
2006-08-22,0.279,0.279,3.3333333333333437
2006-08-23,0.282,0.282,1.075268817204278
2006-08-24,0.287,0.287,1.773049645390068
2006-08-25,0.291,0.291,1.3937282229965264
2006-08-28,0.312,0.312,7.216494845360821
2006-08-29,0.308,0.308,-1.2820512820512886
2006-08-30,0.305,0.305,-0.9740259740259716
2006-08-31,0.304,0.304,-0.3278688524590123
2006-09-01,0.291,0.291,-4.276315789473683
2006-09-04,0.303,0.303,4.123711340206193
2006-09-05,0.308,0.308,1.650165016501659
2006-09-06,0.317,0.317,2.922077922077926
2006-09-07,0.305,0.305,-3.785488958990535
2006-09-08,0.308,0.308,0.9836065573770592
2006-09-11,0.314,0.314,1.9480519480519431
2006-09-12,0.328,0.328,4.458598726114649
2006-09-13,0.331,0.331,0.9146341463414531
2006-09-14,0.329,0.329,-0.6042296072507503
2006-09-15,0.357,0.357,8.51063829787233
2006-09-18,0.375,0.375,5.042016806722693
2006-09-19,0.36,0.36,-4.0000000000000036
2006-09-20,0.356,0.356,-1.1111111111111072
2006-09-21,0.371,0.371,4.2134831460674205
2006-09-22,0.359,0.359,-3.2345013477088957
2006-09-25,0.354,0.354,-1.392757660167132
2006-09-26,0.341,0.341,-3.6723163841807738
2006-09-27,0.352,0.352,3.2258064516129004
2006-09-28,0.369,0.369,4.829545454545459
2006-09-29,0.383,0.383,3.7940379403794022
2006-10-09,0.413,0.413,7.8328981723237545
2006-10-10,0.418,0.418,1.2106537530266248
2006-10-11,0.417,0.417,-0.23923444976076125
2006-10-12,0.414,0.414,-0.7194244604316502
2006-10-13,0.413,0.413,-0.24154589371980784
2006-10-16,0.396,0.396,-4.116222760290544
2006-10-17,0.388,0.388,-2.020202020202022
2006-10-18,0.412,0.412,6.185567010309279
2006-10-19,0.416,0.416,0.9708737864077666
2006-10-20,0.419,0.419,0.7211538461538547
2006-10-23,0.4,0.4,-4.534606205250591
2006-10-24,0.421,0.421,5.249999999999999
2006-10-25,0.428,0.428,1.6627078384798155
2006-10-26,0.444,0.444,3.738317757009346
2006-10-27,0.428,0.428,-3.603603603603611
2006-10-30,0.44,0.44,2.8037383177570208
2006-10-31,0.46,0.46,4.545454545454541
2006-11-01,0.478,0.478,3.913043478260869
2006-11-02,0.473,0.473,-1.0460251046025104
2006-11-03,0.494,0.494,4.439746300211422
2006-11-06,0.512,0.512,3.6437246963562764
2006-11-07,0.53,0.53,3.515625
2006-11-08,0.51,0.51,-3.7735849056603765
2006-11-09,0.539,0.539,5.686274509803924
2006-11-10,0.535,0.535,-0.7421150278293154
2006-11-13,0.513,0.513,-4.112149532710285
2006-11-14,0.527,0.527,2.729044834308003
2006-11-15,0.56,0.56,6.261859582542706
2006-11-16,0.566,0.566,1.0714285714285454
2006-11-17,0.591,0.591,4.416961130742059
2006-11-20,0.628,0.628,6.260575296108306
2006-11-21,0.634,0.634,0.9554140127388644
2006-11-22,0.644,0.644,1.5772870662460692
2006-11-23,0.653,0.653,1.3975155279503104
2006-11-24,0.647,0.647,-0.9188361408882129
2006-11-27,0.639,0.639,-1.2364760432766575
2006-11-28,0.624,0.624,-2.3474178403755874
2006-11-29,0.644,0.644,3.205128205128216
2006-11-30,0.68,0.68,5.590062111801242
2006-12-01,0.685,0.685,0.7352941176470562
2006-12-04,0.745,0.745,8.75912408759123
2006-12-05,0.751,0.751,0.8053691275167862
2006-12-06,0.747,0.747,-0.5326231691078598
2006-12-07,0.762,0.762,2.008032128514059
2006-12-08,0.702,0.702,-7.874015748031504
2006-12-11,0.784,0.784,11.680911680911699
2006-12-12,0.791,0.791,0.8928571428571397
2006-12-13,0.784,0.784,-0.8849557522123908
2006-12-14,0.811,0.811,3.4438775510204023
2006-12-15,0.838,0.838,3.329223181257701
2006-12-18,0.872,0.872,4.057279236276856
2006-12-19,0.879,0.879,0.8027522935779796
2006-12-20,0.905,0.905,2.9579067121729308
2006-12-21,0.881,0.881,-2.6519337016574607
2006-12-22,0.852,0.852,-3.291713961407494
2006-12-25,0.891,0.891,4.577464788732399
2006-12-26,0.9,0.9,1.0101010101010166
2006-12-27,0.954,0.954,5.999999999999983
2006-12-28,0.963,0.963,0.9433962264151052
2006-12-29,1.052,1.052,9.241952232606444
2007-01-04,1.065,1.065,1.2357414448669113
2007-01-05,1.04,1.04,-2.3474178403755763
2007-01-08,1.093,1.093,5.09615384615385
2007-01-09,1.168,1.168,6.861848124428183
2007-01-10,1.188,1.188,1.7123287671232834
2007-01-11,1.162,1.162,-2.1885521885521952
2007-01-12,1.101,1.101,-5.249569707401025
2007-01-15,1.181,1.181,7.2661217075385975
2007-01-16,1.208,1.208,2.28619813717188
2007-01-17,1.174,1.174,-2.814569536423839
2007-01-18,1.17,1.17,-0.34071550255536653
2007-01-19,1.232,1.232,5.2991452991453025
2007-01-22,1.317,1.317,6.899350649350655
2007-01-23,1.349,1.349,2.4297646165527764
2007-01-24,1.374,1.374,1.8532246108228456
2007-01-25,1.334,1.334,-2.911208151382827
2007-01-26,1.415,1.415,6.071964017990994
2007-01-29,1.464,1.464,3.4628975265017514
2007-01-30,1.441,1.441,-1.5710382513661192
2007-01-31,1.299,1.299,-9.85426786953505
2007-02-01,1.289,1.289,-0.7698229407236301
2007-02-02,1.196,1.196,-7.214895267649335
2007-02-05,1.148,1.148,-4.013377926421413
2007-02-06,1.21,1.21,5.400696864111509
2007-02-07,1.251,1.251,3.388429752066102
2007-02-08,1.269,1.269,1.4388489208633004
2007-02-09,1.244,1.244,-1.970055161544515
2007-02-12,1.332,1.332,7.0739549839228255
2007-02-13,1.349,1.349,1.276276276276267
2007-02-14,1.419,1.419,5.189028910303928
2007-02-15,1.482,1.482,4.439746300211422
2007-02-16,1.476,1.476,-0.4048582995951455
2007-02-26,1.479,1.479,0.2032520325203402
2007-02-27,1.285,1.285,-13.116970926301564
2007-02-28,1.338,1.338,4.12451361867705
2007-03-01,1.28,1.28,-4.33482810164425
2007-03-02,1.307,1.307,2.109374999999991
2007-03-05,1.26,1.26,-3.5960214231063437
2007-03-06,1.315,1.315,4.36507936507935
2007-03-07,1.367,1.367,3.9543726235741428
2007-03-08,1.377,1.377,0.7315288953913646
2007-03-09,1.375,1.375,-0.1452432824981864
2007-03-12,1.365,1.365,-0.727272727272732
2007-03-13,1.374,1.374,0.659340659340657
2007-03-14,1.331,1.331,-3.129548762736545
2007-03-15,1.371,1.371,3.005259203606303
2007-03-16,1.338,1.338,-2.4070021881838044
2007-03-19,1.416,1.416,5.829596412556048
2007-03-20,1.411,1.411,-0.3531073446327637
2007-03-21,1.437,1.437,1.8426647767540771
2007-03-22,1.444,1.444,0.4871259568545616
2007-03-23,1.44,1.44,-0.27700831024930483
2007-03-26,1.471,1.471,2.1527777777777812
2007-03-27,1.474,1.474,0.20394289598910653
2007-03-28,1.515,1.515,2.7815468113975506
2007-03-29,1.538,1.538,1.5181518151815343
2007-03-30,1.523,1.523,-0.9752925877763441
2007-04-02,1.574,1.574,3.348653972422855
2007-04-03,1.596,1.596,1.3977128335451061
2007-04-04,1.606,1.606,0.6265664160401085
2007-04-05,1.612,1.612,0.37359900373599153
2007-04-06,1.617,1.617,0.31017369727046606
2007-04-09,1.669,1.669,3.2158317872603703
2007-04-10,1.691,1.691,1.3181545835829755
2007-04-11,1.725,1.725,2.0106445890005986
2007-04-12,1.762,1.762,2.1449275362318776
2007-04-13,1.735,1.735,-1.53234960272417
2007-04-16,1.806,1.806,4.092219020172916
2007-04-17,1.795,1.795,-0.609080841638987
2007-04-18,1.779,1.779,-0.8913649025069637
2007-04-19,1.676,1.676,-5.789769533445755
2007-04-20,1.767,1.767,5.429594272076366
2007-04-23,1.876,1.876,6.168647425014151
2007-04-24,1.873,1.873,-0.15991471215350828
2007-04-25,1.902,1.902,1.5483182060864964
2007-04-26,1.92,1.92,0.9463722397476282
2007-04-27,1.899,1.899,-1.0937499999999933
2007-04-30,1.939,1.939,2.106371774618232
2007-05-08,2.027,2.027,4.538421866941733
2007-05-09,2.049,2.049,1.0853478046373821
2007-05-10,2.074,2.074,1.2201073694485087
2007-05-11,2.052,2.052,-1.060752169720336
2007-05-14,2.085,2.085,1.6081871345029253
2007-05-15,1.984,1.984,-4.844124700239805
2007-05-16,2.032,2.032,2.4193548387096753
2007-05-17,2.072,2.072,1.9685039370078705
2007-05-18,2.052,2.052,-0.9652509652509633
2007-05-21,2.057,2.057,0.2436647173489126
2007-05-22,2.084,2.084,1.312591152163356
2007-05-23,2.121,2.121,1.775431861804222
2007-05-24,2.094,2.094,-1.2729844413012836
2007-05-25,2.133,2.133,1.8624641833810962
2007-05-28,2.19,2.19,2.672292545710264
2007-05-29,2.244,2.244,2.4657534246575574
2007-05-30,2.001,2.001,-10.828877005347604
2007-05-31,2.143,2.143,7.096451774112933
2007-06-01,2.123,2.123,-0.9332711152589601
2007-06-04,1.961,1.961,-7.630711257654266
2007-06-05,1.98,1.98,0.9688934217236156
2007-06-06,1.971,1.971,-0.4545454545454519
2007-06-07,2.053,2.053,4.160324708269902
2007-06-08,2.065,2.065,0.5845104724792938
2007-06-11,2.114,2.114,2.3728813559322104
2007-06-12,2.179,2.179,3.0747398297067186
2007-06-13,2.263,2.263,3.8549793483249273
2007-06-14,2.226,2.226,-1.6349977905435242
2007-06-15,2.248,2.248,0.9883198562443907
2007-06-18,2.344,2.344,4.2704626334519435
2007-06-19,2.33,2.33,-0.5972696245733711
2007-06-20,2.287,2.287,-1.8454935622317703
2007-06-21,2.312,2.312,1.0931351114997767
2007-06-22,2.25,2.25,-2.6816608996539704
2007-06-25,2.181,2.181,-3.066666666666662
2007-06-26,2.204,2.204,1.0545621274644645
2007-06-27,2.302,2.302,4.446460980036293
2007-06-28,2.225,2.225,-3.3449174630755807
2007-06-29,2.155,2.155,-3.146067415730347
2007-07-02,2.189,2.189,1.5777262180974638
2007-07-03,2.204,2.204,0.6852444038373706
2007-07-04,2.137,2.137,-3.039927404718701
2007-07-05,2.033,2.033,-4.866635470285452
2007-07-06,2.101,2.101,3.3448106246925846
2007-07-09,2.194,2.194,4.42646358876726
2007-07-10,2.178,2.178,-0.7292616226071136
2007-07-11,2.18,2.18,0.09182736455464191
2007-07-12,2.218,2.218,1.7431192660550376
2007-07-13,2.222,2.222,0.18034265103696878
2007-07-16,2.124,2.124,-4.410441044104408
2007-07-17,2.207,2.207,3.9077212806026163
2007-07-18,2.222,2.222,0.6796556411418297
2007-07-19,2.211,2.211,-0.4950495049504955
2007-07-20,2.353,2.353,6.422433288104945
2007-07-23,2.466,2.466,4.802379940501478
2007-07-24,2.467,2.467,0.040551500405516805
2007-07-25,2.551,2.551,3.4049452776651723
2007-07-26,2.541,2.541,-0.3920031360250986
2007-07-27,2.508,2.508,-1.2987012987012991
2007-07-30,2.6,2.6,3.6682615629983983
2007-07-31,2.626,2.626,1.0000000000000009
2007-08-01,2.52,2.52,-4.036557501904037
2007-08-02,2.605,2.605,3.373015873015861
2007-08-03,2.764,2.764,6.103646833013432
2007-08-06,2.814,2.814,1.808972503617956
2007-08-07,2.824,2.824,0.3553660270078085
2007-08-08,2.801,2.801,-0.8144475920679795
2007-08-09,2.92,2.92,4.248482684755439
2007-08-10,2.913,2.913,-0.239726027397269
2007-08-13,2.933,2.933,0.686577411603162
2007-08-14,2.97,2.97,1.2615069894306385
2007-08-15,2.983,2.983,0.43771043771043683
2007-08-16,2.905,2.905,-2.614817298022132
2007-08-17,2.818,2.818,-2.99483648881238
2007-08-20,3.054,3.054,8.37473385379701
2007-08-21,3.083,3.083,0.9495743287492031
2007-08-22,3.134,3.134,1.6542328900421621
2007-08-23,3.181,3.181,1.4996809189534277
2007-08-24,3.29,3.29,3.4265954102483454
2007-08-27,3.305,3.305,0.4559270516717451
2007-08-28,3.304,3.304,-0.0302571860817058
2007-08-29,3.254,3.254,-1.5133171912832921
2007-08-30,3.284,3.284,0.9219422249538978
2007-08-31,3.324,3.324,1.218026796589533
2007-09-03,3.419,3.419,2.85800240673888
2007-09-05,3.347,3.347,-2.1058789119625665
2007-09-06,3.39,3.39,1.2847325963549538
2007-09-07,3.324,3.324,-1.9469026548672663
2007-09-10,3.374,3.374,1.5042117930204713
2007-09-11,3.218,3.218,-4.623592175459401
2007-09-12,3.23,3.23,0.3729024238657619
2007-09-13,3.32,3.32,2.786377708978316
2007-09-14,3.333,3.333,0.3915662650602503
2007-09-17,3.439,3.439,3.1803180318031865
2007-09-18,3.404,3.404,-1.0177377144518829
2007-09-19,3.354,3.354,-1.4688601645123311
2007-09-20,3.402,3.402,1.4311270125223707
2007-09-21,3.359,3.359,-1.2639623750734907
2007-09-24,3.403,3.403,1.3099136647811926
2007-09-25,3.373,3.373,-0.8815750808110479
2007-09-26,3.313,3.313,-1.7788319003854136
2007-09-27,3.367,3.367,1.6299426501660053
2007-09-28,3.507,3.507,4.158004158004158
2007-10-08,3.559,3.559,1.4827487881380108
2007-10-09,3.578,3.578,0.5338578252317872
2007-10-10,3.616,3.616,1.062045835662384
2007-10-11,3.739,3.739,3.401548672566368
2007-10-12,3.721,3.721,-0.4814121422840323
2007-10-15,3.851,3.851,3.4936844934157385
2007-10-16,3.863,3.863,0.31160737470787847
2007-10-17,3.81,3.81,-1.3719906808180138
2007-10-18,3.644,3.644,-4.356955380577421
2007-10-19,3.612,3.612,-0.8781558726673966
2007-10-22,3.519,3.519,-2.574750830564787
2007-10-23,3.624,3.624,2.983802216538778
2007-10-24,3.668,3.668,1.2141280353200834
2007-10-25,3.504,3.504,-4.471101417666312
2007-10-26,3.572,3.572,1.9406392694063967
2007-10-29,3.656,3.656,2.3516237402015694
2007-10-30,3.706,3.706,1.3676148796498921
2007-10-31,3.709,3.709,0.08094981111710364
2007-11-01,3.671,3.671,-1.0245349150714511
2007-11-02,3.575,3.575,-2.615091255788604
2007-11-05,3.492,3.492,-2.321678321678322
2007-11-06,3.468,3.468,-0.6872852233676952
2007-11-07,3.49,3.49,0.6343713956170838
2007-11-08,3.298,3.298,-5.5014326647564555
2007-11-09,3.263,3.263,-1.0612492419648345
2007-11-12,3.216,3.216,-1.4403922770456545
2007-11-13,3.188,3.188,-0.8706467661691586
2007-11-14,3.372,3.372,5.771643663739012
2007-11-15,3.293,3.293,-2.342823250296555
2007-11-16,3.235,3.235,-1.761311873671434
2007-11-19,3.218,3.218,-0.5255023183925789
2007-11-20,3.26,3.26,1.3051584835301444
2007-11-21,3.224,3.224,-1.1042944785275899
2007-11-22,3.068,3.068,-4.838709677419361
2007-11-23,3.126,3.126,1.890482398956972
2007-11-26,3.048,3.048,-2.4952015355086288
2007-11-27,3.038,3.038,-0.32808398950131545
2007-11-28,2.986,2.986,-1.711652402896624
2007-11-29,3.177,3.177,6.396517079705277
2007-11-30,3.084,3.084,-2.9272898961284266
2007-12-03,3.12,3.12,1.1673151750972721
2007-12-04,3.154,3.154,1.0897435897435859
2007-12-05,3.264,3.264,3.487634749524404
2007-12-06,3.249,3.249,-0.4595588235294046
2007-12-07,3.324,3.324,2.308402585410896
2007-12-10,3.378,3.378,1.6245487364620947
2007-12-11,3.348,3.348,-0.8880994671403242
2007-12-12,3.267,3.267,-2.4193548387096753
2007-12-13,3.129,3.129,-4.2240587695133165
2007-12-14,3.206,3.206,2.460850111856816
2007-12-17,3.103,3.103,-3.2127261384903183
2007-12-18,3.074,3.074,-0.9345794392523477
2007-12-19,3.165,3.165,2.960312296681855
2007-12-20,3.239,3.239,2.338072669826219
2007-12-21,3.291,3.291,1.6054337758567572
2007-12-24,3.35,3.35,1.792768155575808
2007-12-25,3.346,3.346,-0.11940298507462366
2007-12-26,3.369,3.369,0.6873879258816551
2007-12-27,3.448,3.448,2.3449094686850636
2007-12-28,3.415,3.415,-0.9570765661252922
2008-01-02,3.405,3.405,-0.2928257686676483
2008-01-03,3.42,3.42,0.4405286343612369
2008-01-04,3.467,3.467,1.3742690058479612
2008-01-07,3.517,3.517,1.4421690222093941
2008-01-08,3.53,3.53,0.3696332101222666
2008-01-09,3.592,3.592,1.7563739376770693
2008-01-10,3.607,3.607,0.4175946547884113
2008-01-11,3.666,3.666,1.635708344884934
2008-01-14,3.701,3.701,0.9547190398254246
2008-01-15,3.634,3.634,-1.8103215347203494
2008-01-16,3.499,3.499,-3.714914694551452
2008-01-17,3.415,3.415,-2.400685910260081
2008-01-18,3.429,3.429,0.40995607613469875
2008-01-21,3.233,3.233,-5.715952172645078
2008-01-22,2.962,2.962,-8.382307454376736
2008-01-23,3.109,3.109,4.962862930452383
2008-01-24,3.089,3.089,-0.6432936635574094
2008-01-25,3.145,3.145,1.812884428617667
2008-01-28,2.885,2.885,-8.267090620031803
2008-01-29,2.899,2.899,0.4852686308492338
2008-01-30,2.816,2.816,-2.8630562262849324
2008-01-31,2.776,2.776,-1.4204545454545414
2008-02-01,2.765,2.765,-0.396253602305463
2008-02-04,3.115,3.115,12.658227848101266
2008-02-05,3.041,3.041,-2.3756019261637285
2008-02-13,2.947,2.947,-3.091088457744162
2008-02-14,2.985,2.985,1.2894468951476057
2008-02-15,2.917,2.917,-2.2780569514237903
2008-02-18,2.979,2.979,2.1254713747000498
2008-02-19,3.062,3.062,2.786169855656251
2008-02-20,2.958,2.958,-3.396472893533631
2008-02-21,2.909,2.909,-1.656524678837068
2008-02-22,2.764,2.764,-4.9845307665864595
2008-02-25,2.648,2.648,-4.196816208393617
2008-02-26,2.673,2.673,0.9441087613293098
2008-02-27,2.757,2.757,3.142536475869817
2008-02-28,2.733,2.733,-0.8705114254624613
2008-02-29,2.765,2.765,1.1708744968898621
2008-03-03,2.844,2.844,2.857142857142847
2008-03-04,2.723,2.723,-4.254571026722931
2008-03-05,2.687,2.687,-1.322071244950429
2008-03-06,2.722,2.722,1.3025679196129625
2008-03-07,2.685,2.685,-1.3592946362968372
2008-03-10,2.558,2.558,-4.729981378026082
2008-03-11,2.558,2.558,0.0
2008-03-12,2.471,2.471,-3.401094605160271
2008-03-13,2.4,2.4,-2.873330635370297
2008-03-14,2.379,2.379,-0.8749999999999925
2008-03-17,2.291,2.291,-3.6990332072299292
2008-03-18,2.176,2.176,-5.019642077695319
2008-03-19,2.258,2.258,3.7683823529411686
2008-03-20,2.316,2.316,2.5686448184233823
2008-03-21,2.321,2.321,0.21588946459414338
2008-03-24,2.178,2.178,-6.161137440758302
2008-03-25,2.188,2.188,0.45913682277318735
2008-03-26,2.204,2.204,0.7312614259597838
2008-03-27,2.084,2.084,-5.444646098003636
2008-03-28,2.222,2.222,6.621880998080609
2008-03-31,2.13,2.13,-4.140414041404139
2008-04-01,2.027,2.027,-4.835680751173699
2008-04-02,2.052,2.052,1.2333497779970282
2008-04-03,2.136,2.136,4.093567251461994
2008-04-07,2.253,2.253,5.47752808988764
2008-04-08,2.246,2.246,-0.31069684864625247
2008-04-09,2.108,2.108,-6.144256455921637
2008-04-10,2.137,2.137,1.375711574952554
2008-04-11,2.146,2.146,0.4211511464670137
2008-04-14,1.982,1.982,-7.642124883504186
2008-04-15,2.004,2.004,1.1099899091826515
2008-04-16,1.944,1.944,-2.9940119760479056
2008-04-17,1.87,1.87,-3.8065843621399087
2008-04-18,1.803,1.803,-3.582887700534765
2008-04-21,1.839,1.839,1.9966722129783676
2008-04-22,1.874,1.874,1.9032082653616111
2008-04-23,1.982,1.982,5.763073639274263
2008-04-24,2.254,2.254,13.723511604439963
2008-04-25,2.249,2.249,-0.22182786157940448
2008-04-28,2.176,2.176,-3.245887060915964
2008-04-29,2.207,2.207,1.4246323529411686
2008-04-30,2.375,2.375,7.6121431807884
2008-05-05,2.399,2.399,1.010526315789484
2008-05-06,2.351,2.351,-2.000833680700298
2008-05-07,2.227,2.227,-5.274351339855388
2008-05-08,2.284,2.284,2.5594970812752527
2008-05-09,2.225,2.225,-2.583187390542896
2008-05-12,2.237,2.237,0.5393258426966252
2008-05-13,2.189,2.189,-2.145730889584263
2008-05-14,2.278,2.278,4.06578346276838
2008-05-15,2.261,2.261,-0.746268656716409
2008-05-16,2.254,2.254,-0.3095975232198178
2008-05-19,2.228,2.228,-1.153504880212941
2008-05-20,2.1,2.1,-5.745062836624781
2008-05-21,2.151,2.151,2.4285714285714244
2008-05-22,2.105,2.105,-2.138540213854012
2008-05-23,2.109,2.109,0.19002375296912621
2008-05-26,2.023,2.023,-4.077761972498806
2008-05-27,2.028,2.028,0.24715768660403814
2008-05-28,2.103,2.103,3.698224852071008
2008-05-29,2.038,2.038,-3.0908226343319245
2008-05-30,2.071,2.071,1.6192345436702782
2008-06-02,2.086,2.086,0.7242877836793671
2008-06-03,2.075,2.075,-0.527325023969305
2008-06-04,2.018,2.018,-2.746987951807245
2008-06-05,1.989,1.989,-1.4370664023785729
2008-06-06,1.976,1.976,-0.6535947712418388
2008-06-10,1.746,1.746,-11.63967611336032
2008-06-11,1.725,1.725,-1.2027491408934665
2008-06-12,1.67,1.67,-3.1884057971014568
2008-06-13,1.631,1.631,-2.3353293413173604
2008-06-16,1.633,1.633,0.12262415695891704
2008-06-17,1.581,1.581,-3.184323331292105
2008-06-18,1.672,1.672,5.755850727387735
2008-06-19,1.514,1.514,-9.44976076555023
2008-06-20,1.594,1.594,5.284015852047563
2008-06-23,1.533,1.533,-3.826850690087835
2008-06-24,1.57,1.57,2.41356816699283
2008-06-25,1.645,1.645,4.777070063694255
2008-06-26,1.642,1.642,-0.18237082066869803
2008-06-27,1.52,1.52,-7.429963459196099
2008-06-30,1.496,1.496,-1.5789473684210575
2008-07-01,1.407,1.407,-5.949197860962563
2008-07-02,1.397,1.397,-0.7107320540156392
2008-07-03,1.424,1.424,1.932712956334992
2008-07-04,1.404,1.404,-1.4044943820224698
2008-07-07,1.527,1.527,8.76068376068375
2008-07-08,1.526,1.526,-0.06548788474131095
2008-07-09,1.632,1.632,6.946264744429875
2008-07-10,1.6,1.6,-1.9607843137254832
2008-07-11,1.584,1.584,-1.0000000000000009
2008-07-14,1.595,1.595,0.694444444444442
2008-07-15,1.49,1.49,-6.583072100313481
2008-07-16,1.421,1.421,-4.630872483221471
2008-07-17,1.406,1.406,-1.0555946516537684
2008-07-18,1.502,1.502,6.827880512091045
2008-07-21,1.566,1.566,4.260985352862856
2008-07-22,1.553,1.553,-0.8301404853129024
2008-07-23,1.543,1.543,-0.6439150032195751
2008-07-24,1.626,1.626,5.379131561892425
2008-07-25,1.601,1.601,-1.5375153751537418
2008-07-28,1.614,1.614,0.8119925046845777
2008-07-29,1.564,1.564,-3.0978934324659257
2008-07-30,1.559,1.559,-0.31969309462915874
2008-07-31,1.501,1.501,-3.7203335471456045
2008-08-01,1.537,1.537,2.398401065956035
2008-08-04,1.488,1.488,-3.188028627195827
2008-08-05,1.454,1.454,-2.2849462365591378
2008-08-06,1.481,1.481,1.8569463548830933
2008-08-07,1.484,1.484,0.2025658338960179
2008-08-08,1.376,1.376,-7.277628032345018
2008-08-11,1.305,1.305,-5.159883720930225
2008-08-12,1.295,1.295,-0.7662835249042099
2008-08-13,1.283,1.283,-0.9266409266409315
2008-08-14,1.276,1.276,-0.5455962587684993
2008-08-15,1.291,1.291,1.1755485893416795
2008-08-18,1.199,1.199,-7.126258714175049
2008-08-19,1.218,1.218,1.5846538782318564
2008-08-20,1.383,1.383,13.546798029556651
2008-08-21,1.313,1.313,-5.061460592913958
2008-08-22,1.273,1.273,-3.0464584920030457
2008-08-25,1.285,1.285,0.9426551453260101
2008-08-26,1.246,1.246,-3.0350194552529075
2008-08-27,1.252,1.252,0.48154093097914075
2008-08-28,1.267,1.267,1.1980830670926368
2008-08-29,1.302,1.302,2.7624309392265234
2008-09-01,1.239,1.239,-4.8387096774193505
2008-09-02,1.212,1.212,-2.1791767554479535
2008-09-03,1.172,1.172,-3.300330033003307
2008-09-04,1.174,1.174,0.17064846416381396
2008-09-05,1.124,1.124,-4.25894378194206
2008-09-08,1.096,1.096,-2.491103202846978
2008-09-09,1.106,1.106,0.9124087591240837
2008-09-10,1.103,1.103,-0.2712477396021762
2008-09-11,1.035,1.035,-6.165004533091578
2008-09-12,1.038,1.038,0.28985507246377384
2008-09-16,0.913,0.913,-12.042389210019266
2008-09-17,0.865,0.865,-5.257393209200445
2008-09-18,0.833,0.833,-3.6994219653179172
2008-09-19,0.99,0.99,18.84753901560625
2008-09-22,1.163,1.163,17.47474747474749
2008-09-23,1.041,1.041,-10.49011177987963
2008-09-24,1.062,1.062,2.017291066282434
2008-09-25,1.136,1.136,6.967984934086613
2008-09-26,1.13,1.13,-0.5281690140845119
2008-10-06,1.026,1.026,-9.203539823008844
2008-10-07,0.995,0.995,-3.021442495126714
2008-10-08,0.914,0.914,-8.140703517587934
2008-10-09,0.898,0.898,-1.7505470459518668
2008-10-10,0.836,0.836,-6.9042316258352
2008-10-13,0.927,0.927,10.885167464114854
2008-10-14,0.876,0.876,-5.501618122977348
2008-10-15,0.846,0.846,-3.424657534246578
2008-10-16,0.767,0.767,-9.338061465721037
2008-10-17,0.777,0.777,1.303780964797907
2008-10-20,0.832,0.832,7.078507078507079
2008-10-21,0.807,0.807,-3.004807692307687
2008-10-22,0.766,0.766,-5.080545229244116
2008-10-23,0.758,0.758,-1.0443864229765065
2008-10-24,0.71,0.71,-6.33245382585752
2008-10-27,0.587,0.587,-17.323943661971832
2008-10-28,0.653,0.653,11.243611584327095
2008-10-29,0.611,0.611,-6.431852986217468
2008-10-30,0.655,0.655,7.201309328968919
2008-10-31,0.623,0.623,-4.885496183206106
2008-11-03,0.624,0.624,0.16051364365972098
2008-11-04,0.619,0.619,-0.8012820512820484
2008-11-05,0.679,0.679,9.693053311793221
2008-11-06,0.636,0.636,-6.332842415316642
2008-11-07,0.663,0.663,4.245283018867929
2008-11-10,0.793,0.793,19.6078431372549
2008-11-11,0.755,0.755,-4.791929382093318
2008-11-12,0.769,0.769,1.8543046357615944
2008-11-13,0.818,0.818,6.371911573472033
2008-11-14,0.853,0.853,4.278728606356963
2008-11-17,0.866,0.866,1.5240328253223856
2008-11-18,0.759,0.759,-12.355658198614316
2008-11-19,0.859,0.859,13.175230566534912
2008-11-20,0.814,0.814,-5.238649592549482
2008-11-21,0.809,0.809,-0.6142506142505999
2008-11-24,0.748,0.748,-7.540173053152044
2008-11-25,0.744,0.744,-0.5347593582887722
2008-11-26,0.746,0.746,0.26881720430107503
2008-11-27,0.772,0.772,3.4852546916890104
2008-11-28,0.721,0.721,-6.606217616580312
2008-12-01,0.736,0.736,2.0804438280166426
2008-12-02,0.731,0.731,-0.6793478260869623
2008-12-03,0.8,0.8,9.439124487004102
2008-12-04,0.827,0.827,3.3749999999999947
2008-12-05,0.844,0.844,2.055622732769047
2008-12-08,0.907,0.907,7.464454976303325
2008-12-09,0.862,0.862,-4.961411245865499
2008-12-10,0.909,0.909,5.4524361948955935
2008-12-11,0.867,0.867,-4.62046204620462
2008-12-12,0.802,0.802,-7.497116493656275
2008-12-15,0.81,0.81,0.9975062344139696
2008-12-16,0.819,0.819,1.1111111111111072
2008-12-17,0.818,0.818,-0.12210012210012167
2008-12-18,0.854,0.854,4.400977995110034
2008-12-19,0.852,0.852,-0.23419203747072626
2008-12-22,0.823,0.823,-3.4037558685446
2008-12-23,0.758,0.758,-7.897934386391247
2008-12-24,0.735,0.735,-3.034300791556732
2008-12-25,0.723,0.723,-1.6326530612244872
2008-12-26,0.722,0.722,-0.13831258644536604
2008-12-29,0.715,0.715,-0.969529085872578
2008-12-30,0.697,0.697,-2.5174825174825166
2008-12-31,0.689,0.689,-1.147776183644189
2009-01-05,0.741,0.741,7.547169811320753
2009-01-06,0.781,0.781,5.3981106612685625
2009-01-07,0.772,0.772,-1.1523687580025643
2009-01-08,0.731,0.731,-5.310880829015552
2009-01-09,0.752,0.752,2.8727770177838563
2009-01-12,0.744,0.744,-1.0638297872340385
2009-01-13,0.721,0.721,-3.091397849462363
2009-01-14,0.784,0.784,8.737864077669922
2009-01-15,0.771,0.771,-1.658163265306123
2009-01-16,0.813,0.813,5.447470817120603
2009-01-19,0.832,0.832,2.337023370233715
2009-01-20,0.842,0.842,1.2019230769230838
2009-01-21,0.835,0.835,-0.8313539192399078
2009-01-22,0.85,0.85,1.7964071856287456
2009-01-23,0.842,0.842,-0.9411764705882342
2009-02-02,0.844,0.844,0.23752969121140222
2009-02-03,0.883,0.883,4.620853080568721
2009-02-04,0.93,0.93,5.3227633069082625
2009-02-05,0.924,0.924,-0.6451612903225823
2009-02-06,0.992,0.992,7.359307359307343
2009-02-09,1.016,1.016,2.4193548387096753
2009-02-10,1.021,1.021,0.49212598425196763
2009-02-11,1.024,1.024,0.2938295788442735
2009-02-12,0.999,0.999,-2.44140625
2009-02-13,1.061,1.061,6.2062062062062
2009-02-16,1.116,1.116,5.183788878416595
2009-02-17,1.072,1.072,-3.942652329749108
2009-02-18,0.992,0.992,-7.462686567164189
2009-02-19,0.984,0.984,-0.8064516129032251
2009-02-20,1.003,1.003,1.9308943089430874
2009-02-23,1.042,1.042,3.888334995014975
2009-02-24,0.953,0.953,-8.541266794625724
2009-02-25,0.969,0.969,1.6789087093389332
2009-02-26,0.917,0.917,-5.366357069143435
2009-02-27,0.898,0.898,-2.071973827699025
2009-03-02,0.9,0.9,0.22271714922048602
2009-03-03,0.877,0.877,-2.5555555555555554
2009-03-04,0.995,0.995,13.45496009122007
2009-03-05,1.013,1.013,1.8090452261306345
2009-03-06,1.0,1.0,-1.2833168805527984
2009-03-09,0.943,0.943,-5.700000000000005
2009-03-10,0.965,0.965,2.332979851537642
2009-03-11,0.95,0.95,-1.5544041450777257
2009-03-12,0.948,0.948,-0.21052631578947212
2009-03-13,0.945,0.945,-0.31645569620253333
2009-03-16,0.982,0.982,3.9153439153439162
2009-03-17,1.033,1.033,5.193482688391038
2009-03-18,1.028,1.028,-0.4840271055179035
2009-03-19,1.056,1.056,2.723735408560324
2009-03-20,1.05,1.05,-0.5681818181818232
2009-03-23,1.09,1.09,3.809523809523818
2009-03-24,1.098,1.098,0.7339449541284404
2009-03-25,1.069,1.069,-2.641165755919872
2009-03-26,1.142,1.142,6.828811973807292
2009-03-27,1.147,1.147,0.4378283712784592
2009-03-30,1.139,1.139,-0.6974716652136004
2009-03-31,1.155,1.155,1.4047410008779737
2009-04-01,1.174,1.174,1.645021645021627
2009-04-02,1.2,1.2,2.2146507666098936
2009-04-03,1.213,1.213,1.0833333333333472
2009-04-07,1.218,1.218,0.41220115416322756
2009-04-08,1.14,1.14,-6.403940886699511
2009-04-09,1.168,1.168,2.4561403508772006
2009-04-10,1.215,1.215,4.023972602739745
2009-04-13,1.262,1.262,3.8683127572016307
2009-04-14,1.266,1.266,0.31695721077653616
2009-04-15,1.259,1.259,-0.5529225908372903
2009-04-16,1.257,1.257,-0.1588562351072298
2009-04-17,1.233,1.233,-1.9093078758949722
2009-04-20,1.271,1.271,3.0819140308191217
2009-04-21,1.24,1.24,-2.4390243902438935
2009-04-22,1.191,1.191,-3.9516129032257985
2009-04-23,1.187,1.187,-0.3358522250209939
2009-04-24,1.172,1.172,-1.263689974726212
2009-04-27,1.14,1.14,-2.7303754266211677
2009-04-28,1.139,1.139,-0.0877192982456032
2009-04-29,1.211,1.211,6.321334503950848
2009-04-30,1.211,1.211,0.0
2009-05-04,1.273,1.273,5.119735755573895
2009-05-05,1.277,1.277,0.3142183817753441
2009-05-06,1.298,1.298,1.6444792482380732
2009-05-07,1.305,1.305,0.5392912172573094
2009-05-08,1.343,1.343,2.911877394636009
2009-05-11,1.314,1.314,-2.159344750558445
2009-05-12,1.348,1.348,2.5875190258751957
2009-05-13,1.367,1.367,1.4094955489614147
2009-05-14,1.334,1.334,-2.4140453547915053
2009-05-15,1.338,1.338,0.2998500749625155
2009-05-18,1.349,1.349,0.8221225710014934
2009-05-19,1.372,1.372,1.7049666419570064
2009-05-20,1.344,1.344,-2.0408163265306145
2009-05-21,1.293,1.293,-3.7946428571428714
2009-05-22,1.292,1.292,-0.07733952049496784
2009-05-25,1.299,1.299,0.541795665634659
2009-05-26,1.267,1.267,-2.4634334103156297
2009-05-27,1.314,1.314,3.709550118389915
2009-06-01,1.401,1.401,6.6210045662100425
2009-06-02,1.397,1.397,-0.2855103497501732
2009-06-03,1.479,1.479,5.869720830350755
2009-06-04,1.493,1.493,0.9465855307640325
2009-06-05,1.485,1.485,-0.5358338914936422
2009-06-08,1.505,1.505,1.3468013468013407
2009-06-09,1.521,1.521,1.0631229235880335
2009-06-10,1.538,1.538,1.1176857330703616
2009-06-11,1.527,1.527,-0.7152145643693153
2009-06-12,1.486,1.486,-2.6850032743942376
2009-06-15,1.543,1.543,3.8358008075370043
2009-06-16,1.528,1.528,-0.9721322099805474
2009-06-17,1.557,1.557,1.8979057591622883
2009-06-18,1.605,1.605,3.0828516377649384
2009-06-19,1.636,1.636,1.9314641744548222
2009-06-22,1.64,1.64,0.24449877750611915
2009-06-23,1.65,1.65,0.6097560975609762
2009-06-24,1.656,1.656,0.363636363636366
2009-06-25,1.654,1.654,-0.12077294685990392
2009-06-26,1.66,1.66,0.36275695284160303
2009-06-29,1.716,1.716,3.3734939759036076
2009-06-30,1.703,1.703,-0.7575757575757569
2009-07-02,1.806,1.806,6.048150322959489
2009-07-03,1.835,1.835,1.6057585825027587
2009-07-06,1.874,1.874,2.125340599455039
2009-07-07,1.837,1.837,-1.9743863393810068
2009-07-08,1.821,1.821,-0.8709853021230285
2009-07-09,1.855,1.855,1.8671059857221284
2009-07-10,1.839,1.839,-0.8625336927223781
2009-07-13,1.792,1.792,-2.5557368134855873
2009-07-14,1.875,1.875,4.631696428571419
2009-07-15,1.9,1.9,1.3333333333333197
2009-07-16,1.922,1.922,1.1578947368421133
2009-07-17,1.935,1.935,0.6763787721123959
2009-07-20,1.985,1.985,2.5839793281653867
2009-07-21,1.945,1.945,-2.015113350125941
2009-07-22,2.005,2.005,3.084832904884305
2009-07-23,2.04,2.04,1.7456359102244523
2009-07-24,2.069,2.069,1.4215686274509753
2009-07-27,2.133,2.133,3.093281778637036
2009-07-28,2.119,2.119,-0.6563525550867255
2009-07-29,1.987,1.987,-6.2293534686172825
2009-07-30,2.076,2.076,4.479114242576743
2009-07-31,2.143,2.143,3.227360308285143
2009-08-03,2.162,2.162,0.8866075594960332
2009-08-04,2.136,2.136,-1.2025901942645634
2009-08-05,2.087,2.087,-2.294007490636696
2009-08-06,2.024,2.024,-3.018687110685203
2009-08-07,1.961,1.961,-3.112648221343872
2009-08-10,1.942,1.942,-0.9688934217236156
2009-08-11,1.943,1.943,0.0514933058702427
2009-08-12,1.817,1.817,-6.484817292846124
2009-08-13,1.856,1.856,2.1463951568519546
2009-08-14,1.8,1.8,-3.0172413793103425
2009-08-17,1.663,1.663,-7.6111111111111125
2009-08-18,1.672,1.672,0.541190619362597
2009-08-19,1.564,1.564,-6.459330143540665
2009-08-20,1.668,1.668,6.649616368286426
2009-08-21,1.697,1.697,1.7386091127098435
2009-08-24,1.7,1.7,0.1767825574543247
2009-08-25,1.594,1.594,-6.23529411764705
2009-08-26,1.629,1.629,2.1957340025094085
2009-08-27,1.609,1.609,-1.2277470841006721
2009-08-28,1.53,1.53,-4.9098819142324395
2009-08-31,1.369,1.369,-10.522875816993471
2009-09-01,1.413,1.413,3.2140248356464562
2009-09-02,1.459,1.459,3.255484784147211
2009-09-03,1.571,1.571,7.676490747087028
2009-09-04,1.571,1.571,0.0
2009-09-07,1.583,1.583,0.7638446849140612
2009-09-08,1.631,1.631,3.032217308907148
2009-09-09,1.634,1.634,0.18393623543837556
2009-09-10,1.61,1.61,-1.4687882496939864
2009-09-11,1.685,1.685,4.658385093167694
2009-09-14,1.709,1.709,1.4243323442136413
2009-09-15,1.709,1.709,0.0
2009-09-16,1.666,1.666,-2.5160912814511494
2009-09-17,1.711,1.711,2.7010804321728754
2009-09-18,1.624,1.624,-5.0847457627118615
2009-09-21,1.625,1.625,0.06157635467980427
2009-09-22,1.566,1.566,-3.6307692307692263
2009-09-23,1.537,1.537,-1.85185185185186
2009-09-24,1.565,1.565,1.8217306441119074
2009-09-25,1.561,1.561,-0.2555910543130979
2009-09-28,1.499,1.499,-3.971812940422792
2009-09-29,1.512,1.512,0.867244829886582
2009-09-30,1.537,1.537,1.6534391534391402
2009-10-09,1.649,1.649,7.28692257644763
2009-10-12,1.628,1.628,-1.2734990903577992
2009-10-13,1.669,1.669,2.518427518427524
2009-10-14,1.682,1.682,0.7789095266626633
2009-10-15,1.696,1.696,0.832342449464929
2009-10-16,1.694,1.694,-0.1179245283018826
2009-10-19,1.753,1.753,3.482880755608031
2009-10-20,1.784,1.784,1.768397033656588
2009-10-21,1.781,1.781,-0.1681614349775873
2009-10-22,1.759,1.759,-1.2352610892756855
2009-10-23,1.807,1.807,2.7288231949971653
2009-10-26,1.813,1.813,0.3320420586607531
2009-10-27,1.742,1.742,-3.916161059018197
2009-10-28,1.735,1.735,-0.40183696900114585
2009-10-29,1.676,1.676,-3.400576368876085
2009-10-30,1.703,1.703,1.610978520286399
2009-11-02,1.792,1.792,5.226071638285368
2009-11-03,1.816,1.816,1.3392857142857206
2009-11-04,1.83,1.83,0.7709251101321701
2009-11-05,1.836,1.836,0.3278688524590123
2009-11-06,1.842,1.842,0.32679738562091387
2009-11-09,1.849,1.849,0.3800217155266017
2009-11-10,1.857,1.857,0.43266630611140666
2009-11-11,1.841,1.841,-0.8616047388260606
2009-11-12,1.833,1.833,-0.434546442151007
2009-11-13,1.854,1.854,1.1456628477905184
2009-11-16,1.932,1.932,4.207119741100307
2009-11-17,1.932,1.932,0.0
2009-11-18,1.93,1.93,-0.10351966873706209
2009-11-19,1.931,1.931,0.05181347150260418
2009-11-20,1.908,1.908,-1.1910926980839065
2009-11-23,1.92,1.92,0.6289308176100628
2009-11-24,1.855,1.855,-3.385416666666663
2009-11-25,1.892,1.892,1.994609164420491
2009-11-26,1.785,1.785,-5.655391120507403
2009-11-27,1.719,1.719,-3.6974789915966255
2009-11-30,1.795,1.795,4.421175101803354
2009-12-01,1.817,1.817,1.2256267409470833
2009-12-02,1.84,1.84,1.2658227848101333
2009-12-03,1.824,1.824,-0.8695652173913104
2009-12-04,1.918,1.918,5.153508771929816
2009-12-07,1.92,1.92,0.10427528675704956
2009-12-08,1.874,1.874,-2.3958333333333193
2009-12-09,1.82,1.82,-2.8815368196371427
2009-12-10,1.837,1.837,0.9340659340659307
2009-12-11,1.837,1.837,0.0
2009-12-14,1.882,1.882,2.4496461622210086
2009-12-15,1.849,1.849,-1.7534537725823585
2009-12-16,1.836,1.836,-0.7030827474310386
2009-12-17,1.792,1.792,-2.3965141612200425
2009-12-18,1.754,1.754,-2.1205357142857206
2009-12-21,1.739,1.739,-0.8551881413911055
2009-12-22,1.691,1.691,-2.7602070155261615
2009-12-23,1.698,1.698,0.4139562389118723
2009-12-24,1.759,1.759,3.5924617196702036
2009-12-25,1.732,1.732,-1.5349630471859
2009-12-28,1.775,1.775,2.4826789838337193
2009-12-29,1.799,1.799,1.3521126760563495
2009-12-30,1.866,1.866,3.724291272929414
2009-12-31,1.883,1.883,0.9110396570203516
2010-01-04,1.836,1.836,-2.4960169941582566
2010-01-05,1.868,1.868,1.7429193899782147
2010-01-06,1.836,1.836,-1.7130620985010725
2010-01-07,1.786,1.786,-2.7233115468409563
2010-01-08,1.786,1.786,0.0
2010-01-11,1.797,1.797,0.615901455767065
2010-01-12,1.829,1.829,1.7807456872565464
2010-01-13,1.718,1.718,-6.068890103881907
2010-01-14,1.74,1.74,1.2805587892898762
2010-01-15,1.746,1.746,0.34482758620688614
2010-01-18,1.739,1.739,-0.4009163802978222
2010-01-19,1.755,1.755,0.9200690051753835
2010-01-20,1.68,1.68,-4.273504273504269
2010-01-21,1.7,1.7,1.1904761904761862
2010-01-22,1.701,1.701,0.05882352941177782
2010-01-25,1.679,1.679,-1.293356848912408
2010-01-26,1.633,1.633,-2.73972602739726
2010-01-27,1.586,1.586,-2.8781383955909345
2010-01-28,1.574,1.574,-0.7566204287515754
2010-01-29,1.568,1.568,-0.3811944091486663
2010-02-01,1.532,1.532,-2.2959183673469385
2010-02-02,1.54,1.54,0.5221932114882533
2010-02-03,1.606,1.606,4.285714285714293
2010-02-04,1.589,1.589,-1.0585305105853093
2010-02-05,1.543,1.543,-2.8949024543738267
2010-02-08,1.536,1.536,-0.4536616979909147
2010-02-09,1.552,1.552,1.041666666666674
2010-02-10,1.587,1.587,2.2551546391752497
2010-02-11,1.592,1.592,0.3150598613736788
2010-02-12,1.611,1.611,1.193467336683418
2010-02-22,1.595,1.595,-0.9931719428926122
2010-02-23,1.554,1.554,-2.5705329153605017
2010-02-24,1.576,1.576,1.4157014157014203
2010-02-25,1.611,1.611,2.2208121827411054
2010-02-26,1.604,1.604,-0.4345127250155123
2010-03-01,1.642,1.642,2.369077306733147
2010-03-02,1.635,1.635,-0.42630937880632214
2010-03-03,1.645,1.645,0.6116207951070374
2010-03-04,1.593,1.593,-3.1610942249240104
2010-03-05,1.597,1.597,0.25109855618330457
2010-03-08,1.614,1.614,1.064495929868503
2010-03-09,1.63,1.63,0.9913258983890838
2010-03-10,1.62,1.62,-0.6134969325153228
2010-03-11,1.628,1.628,0.49382716049382047
2010-03-12,1.602,1.602,-1.5970515970515797
2010-03-15,1.563,1.563,-2.4344569288389573
2010-03-16,1.583,1.583,1.2795905310300615
2010-03-17,1.63,1.63,2.969046114971574
2010-03-18,1.618,1.618,-0.7361963190183896
2010-03-19,1.638,1.638,1.23609394313966
2010-03-22,1.639,1.639,0.06105006105006083
2010-03-23,1.613,1.613,-1.5863331299572958
2010-03-24,1.615,1.615,0.12399256044637319
2010-03-25,1.581,1.581,-2.1052631578947434
2010-03-26,1.62,1.62,2.4667931688804545
2010-03-29,1.69,1.69,4.320987654320985
2010-03-30,1.694,1.694,0.2366863905325367
2010-03-31,1.674,1.674,-1.1806375442739103
2010-04-01,1.697,1.697,1.3739545997610625
2010-04-02,1.699,1.699,0.11785503830288313
2010-04-06,1.698,1.698,-0.05885815185403542
2010-04-07,1.683,1.683,-0.8833922261484051
2010-04-08,1.645,1.645,-2.2578728461081443
2010-04-09,1.666,1.666,1.2765957446808418
2010-04-12,1.638,1.638,-1.6806722689075682
2010-04-13,1.686,1.686,2.930402930402942
2010-04-14,1.695,1.695,0.5338078291815096
2010-04-15,1.689,1.689,-0.3539823008849585
2010-04-16,1.654,1.654,-2.072232089994086
2010-04-19,1.534,1.534,-7.255139056831917
2010-04-20,1.526,1.526,-0.521512385919165
2010-04-21,1.557,1.557,2.0314547837483543
2010-04-22,1.506,1.506,-3.2755298651252374
2010-04-23,1.492,1.492,-0.9296148738379806
2010-04-26,1.474,1.474,-1.2064343163538882
2010-04-27,1.435,1.435,-2.645861601085475
2010-04-28,1.429,1.429,-0.4181184668989535
2010-04-29,1.422,1.422,-0.4898530440867854
2010-04-30,1.455,1.455,2.320675105485237
2010-05-04,1.426,1.426,-1.993127147766327
2010-05-05,1.431,1.431,0.3506311360448988
2010-05-06,1.333,1.333,-6.848357791754022
2010-05-07,1.31,1.31,-1.7254313578394576
2010-05-10,1.337,1.337,2.0610687022900587
2010-05-11,1.298,1.298,-2.916978309648466
2010-05-12,1.333,1.333,2.6964560862865916
2010-05-13,1.371,1.371,2.8507126781695424
2010-05-14,1.35,1.35,-1.5317286652078654
2010-05-17,1.259,1.259,-6.740740740740758
2010-05-18,1.301,1.301,3.3359809372517812
2010-05-19,1.29,1.29,-0.8455034588777832
2010-05-20,1.256,1.256,-2.635658914728689
2010-05-21,1.276,1.276,1.5923566878981
2010-05-24,1.34,1.34,5.0156739811912265
2010-05-25,1.287,1.287,-3.9552238805970252
2010-05-26,1.288,1.288,0.07770007770009357
2010-05-27,1.318,1.318,2.329192546583858
2010-05-28,1.307,1.307,-0.8345978755690542
2010-05-31,1.264,1.264,-3.289977046671766
2010-06-01,1.245,1.245,-1.5031645569620222
2010-06-02,1.242,1.242,-0.24096385542169418
2010-06-03,1.231,1.231,-0.8856682769726176
2010-06-04,1.23,1.23,-0.08123476848092004
2010-06-07,1.191,1.191,-3.170731707317065
2010-06-08,1.183,1.183,-0.6717044500419767
2010-06-09,1.245,1.245,5.240912933220621
2010-06-10,1.214,1.214,-2.4899598393574363
2010-06-11,1.221,1.221,0.5766062602965416
2010-06-17,1.22,1.22,-0.08190008190008813
2010-06-18,1.204,1.204,-1.3114754098360715
2010-06-21,1.272,1.272,5.6478405315614655
2010-06-22,1.269,1.269,-0.2358490566037874
2010-06-23,1.25,1.25,-1.4972419227738287
2010-06-24,1.261,1.261,0.8799999999999919
2010-06-25,1.255,1.255,-0.4758128469468659
2010-06-28,1.256,1.256,0.07968127490041166
2010-06-29,1.177,1.177,-6.289808917197448
2010-06-30,1.159,1.159,-1.5293118096856406
2010-07-01,1.147,1.147,-1.035375323554788
2010-07-02,1.161,1.161,1.2205754141237923
2010-07-05,1.143,1.143,-1.5503875968992276
2010-07-06,1.173,1.173,2.6246719160105014
2010-07-07,1.174,1.174,0.08525149190110604
2010-07-08,1.179,1.179,0.4258943781942248
2010-07-09,1.221,1.221,3.562340966921118
2010-07-12,1.232,1.232,0.9009009009008917
2010-07-13,1.203,1.203,-2.3538961038960915
2010-07-14,1.215,1.215,0.9975062344139696
2010-07-15,1.185,1.185,-2.4691358024691357
2010-07-16,1.182,1.182,-0.25316455696203777
2010-07-19,1.226,1.226,3.7225042301184397
2010-07-20,1.26,1.26,2.7732463295269127
2010-07-21,1.26,1.26,0.0
2010-07-22,1.283,1.283,1.825396825396819
2010-07-23,1.295,1.295,0.9353078721745955
2010-07-26,1.298,1.298,0.23166023166023564
2010-07-27,1.286,1.286,-0.9244992295839749
2010-07-28,1.342,1.342,4.3545878693623585
2010-07-29,1.345,1.345,0.22354694485842153
2010-07-30,1.34,1.34,-0.3717472118959009
2010-08-02,1.373,1.373,2.462686567164174
2010-08-03,1.329,1.329,-3.204661325564462
2010-08-04,1.336,1.336,0.5267118133935433
2010-08-05,1.307,1.307,-2.1706586826347407
2010-08-06,1.338,1.338,2.3718439173680217
2010-08-09,1.34,1.34,0.1494768310911887
2010-08-10,1.29,1.29,-3.731343283582089
2010-08-11,1.292,1.292,0.15503875968991832
2010-08-12,1.269,1.269,-1.7801857585139413
2010-08-13,1.285,1.285,1.2608353033884967
2010-08-16,1.328,1.328,3.3463035019455356
2010-08-17,1.338,1.338,0.7530120481927804
2010-08-18,1.329,1.329,-0.672645739910327
2010-08-19,1.35,1.35,1.5801354401806078
2010-08-20,1.322,1.322,-2.0740740740740726
2010-08-23,1.317,1.317,-0.3782148260211837
2010-08-24,1.314,1.314,-0.227790432801811
2010-08-25,1.273,1.273,-3.120243531202449
2010-08-26,1.268,1.268,-0.39277297721915794
2010-08-27,1.272,1.272,0.3154574132492094
2010-08-30,1.298,1.298,2.0440251572326984
2010-08-31,1.279,1.279,-1.4637904468413065
2010-09-01,1.272,1.272,-0.5473025801407294
2010-09-02,1.291,1.291,1.4937106918238907
2010-09-03,1.283,1.283,-0.6196746707978318
2010-09-06,1.334,1.334,3.97505845674202
2010-09-07,1.328,1.328,-0.4497751124437732
2010-09-08,1.312,1.312,-1.2048192771084376
2010-09-09,1.275,1.275,-2.820121951219523
2010-09-10,1.271,1.271,-0.31372549019608176
2010-09-13,1.28,1.28,0.7081038552321006
2010-09-14,1.28,1.28,0.0
2010-09-15,1.247,1.247,-2.578124999999998
2010-09-16,1.217,1.217,-2.4057738572574205
2010-09-17,1.215,1.215,-0.16433853738702098
2010-09-20,1.221,1.221,0.49382716049382047
2010-09-21,1.222,1.222,0.08190008190007703
2010-09-27,1.238,1.238,1.3093289689034338
2010-09-28,1.221,1.221,-1.3731825525040264
2010-09-29,1.227,1.227,0.49140049140048436
2010-09-30,1.272,1.272,3.667481662591676
2010-10-08,1.35,1.35,6.132075471698117
2010-10-11,1.425,1.425,5.555555555555558
2010-10-12,1.45,1.45,1.754385964912264
2010-10-13,1.484,1.484,2.344827586206888
2010-10-14,1.513,1.513,1.9541778975741275
2010-10-15,1.602,1.602,5.882352941176494
2010-10-18,1.588,1.588,-0.8739076154806513
2010-10-19,1.631,1.631,2.7078085642317395
2010-10-20,1.63,1.63,-0.06131207847946962
2010-10-21,1.592,1.592,-2.3312883435582687
2010-10-22,1.58,1.58,-0.7537688442211032
2010-10-25,1.648,1.648,4.303797468354409
2010-10-26,1.618,1.618,-1.8203883495145567
2010-10-27,1.57,1.57,-2.966625463535233
2010-10-28,1.571,1.571,0.06369426751591245
2010-10-29,1.538,1.538,-2.100572883513685
2010-11-01,1.592,1.592,3.5110533159947943
2010-11-02,1.58,1.58,-0.7537688442211032
2010-11-03,1.575,1.575,-0.31645569620254443
2010-11-04,1.603,1.603,1.7777777777777892
2010-11-05,1.627,1.627,1.4971927635683002
2010-11-08,1.635,1.635,0.49170251997541214
2010-11-09,1.602,1.602,-2.0183486238532056
2010-11-10,1.568,1.568,-2.122347066167296
2010-11-11,1.597,1.597,1.8494897959183687
2010-11-12,1.474,1.474,-7.701941139636814
2010-11-15,1.465,1.465,-0.6105834464043336
2010-11-16,1.37,1.37,-6.484641638225252
2010-11-17,1.351,1.351,-1.3868613138686259
2010-11-18,1.374,1.374,1.7024426350851218
2010-11-19,1.377,1.377,0.21834061135370675
2010-11-22,1.355,1.355,-1.5976761074800283
2010-11-23,1.314,1.314,-3.0258302583025753
2010-11-24,1.355,1.355,3.120243531202438
2010-11-25,1.385,1.385,2.2140221402213944
2010-11-26,1.363,1.363,-1.5884476534296033
2010-11-29,1.357,1.357,-0.44020542920029104
2010-11-30,1.327,1.327,-2.2107590272660294
2010-12-01,1.328,1.328,0.0753579502637658
2010-12-02,1.343,1.343,1.1295180722891596
2010-12-03,1.351,1.351,0.5956813104988745
2010-12-06,1.377,1.377,1.924500370096216
2010-12-07,1.388,1.388,0.7988380537400142
2010-12-08,1.363,1.363,-1.8011527377521541
2010-12-09,1.342,1.342,-1.5407190022010187
2010-12-10,1.365,1.365,1.713859910581217
2010-12-13,1.42,1.42,4.029304029304015
2010-12-14,1.413,1.413,-0.4929577464788615
2010-12-15,1.4,1.4,-0.9200283085633476
2010-12-16,1.381,1.381,-1.3571428571428457
2010-12-17,1.377,1.377,-0.2896451846488013
2010-12-20,1.343,1.343,-2.4691358024691357
2010-12-21,1.394,1.394,3.797468354430378
2010-12-22,1.365,1.365,-2.0803443328550886
2010-12-23,1.362,1.362,-0.2197802197802079
2010-12-24,1.357,1.357,-0.36710719530104186
2010-12-27,1.322,1.322,-2.5792188651436954
2010-12-28,1.298,1.298,-1.8154311649016708
2010-12-29,1.298,1.298,0.0
2010-12-30,1.287,1.287,-0.8474576271186529
2010-12-31,1.318,1.318,2.4087024087024123
2011-01-04,1.359,1.359,3.1107738998482404
2011-01-05,1.343,1.343,-1.1773362766740236
2011-01-06,1.33,1.33,-0.9679821295606739
2011-01-07,1.35,1.35,1.5037593984962516
2011-01-10,1.323,1.323,-2.000000000000013
2011-01-11,1.344,1.344,1.5873015873016039
2011-01-12,1.36,1.36,1.1904761904761862
2011-01-13,1.358,1.358,-0.14705882352941124
2011-01-14,1.326,1.326,-2.356406480117823
2011-01-17,1.262,1.262,-4.826546003016596
2011-01-18,1.27,1.27,0.6339144215530945
2011-01-19,1.298,1.298,2.2047244094488105
2011-01-20,1.243,1.243,-4.23728813559322
2011-01-21,1.268,1.268,2.011263073209979
2011-01-24,1.255,1.255,-1.0252365930599416
2011-01-25,1.257,1.257,0.1593625498008011
2011-01-26,1.273,1.273,1.2728719172633296
2011-01-27,1.293,1.293,1.5710919088766762
2011-01-28,1.288,1.288,-0.3866976024748614
2011-01-31,1.306,1.306,1.3975155279503104
2011-02-01,1.314,1.314,0.6125574272588086
2011-02-09,1.286,1.286,-2.13089802130898
2011-02-10,1.319,1.319,2.5660964230171057
2011-02-11,1.318,1.318,-0.07581501137224889
2011-02-14,1.391,1.391,5.5386949924127515
2011-02-15,1.388,1.388,-0.21567217828900587
2011-02-16,1.393,1.393,0.36023054755043304
2011-02-17,1.39,1.39,-0.2153625269203263
2011-02-18,1.373,1.373,-1.2230215827338076
2011-02-21,1.391,1.391,1.3109978150036339
2011-02-22,1.336,1.336,-3.953989935298341
2011-02-23,1.336,1.336,0.0
2011-02-24,1.343,1.343,0.5239520958083776
2011-02-25,1.347,1.347,0.29784065524944836
2011-02-28,1.36,1.36,0.9651076466221431
2011-03-01,1.374,1.374,1.0294117647058787
2011-03-02,1.381,1.381,0.5094614264919972
2011-03-03,1.392,1.392,0.7965242577842035
2011-03-04,1.424,1.424,2.298850574712641
2011-03-07,1.464,1.464,2.8089887640449396
2011-03-08,1.461,1.461,-0.2049180327868827
2011-03-09,1.459,1.459,-0.1368925393566034
2011-03-10,1.414,1.414,-3.0843043180260543
2011-03-11,1.388,1.388,-1.8387553041018356
2011-03-14,1.392,1.392,0.2881844380403509
2011-03-15,1.358,1.358,-2.4425287356321657
2011-03-16,1.389,1.389,2.2827687776141303
2011-03-17,1.363,1.363,-1.8718502519798452
2011-03-18,1.375,1.375,0.8804108584005821
2011-03-21,1.376,1.376,0.07272727272726875
2011-03-22,1.396,1.396,1.4534883720930258
2011-03-23,1.422,1.422,1.8624641833810962
2011-03-24,1.406,1.406,-1.1251758087201136
2011-03-25,1.439,1.439,2.3470839260313126
2011-03-28,1.442,1.442,0.20847810979847115
2011-03-29,1.436,1.436,-0.4160887656033285
2011-03-30,1.441,1.441,0.3481894150417997
2011-03-31,1.424,1.424,-1.179736294240119
2011-04-01,1.467,1.467,3.0196629213483206
2011-04-06,1.513,1.513,3.135650988411709
2011-04-07,1.512,1.512,-0.06609385327164263
2011-04-08,1.525,1.525,0.8597883597883493
2011-04-11,1.514,1.514,-0.7213114754098249
2011-04-12,1.501,1.501,-0.8586525759577412
2011-04-13,1.54,1.54,2.5982678214523824
2011-04-14,1.526,1.526,-0.909090909090915
2011-04-15,1.539,1.539,0.8519003931847902
2011-04-18,1.538,1.538,-0.06497725795970855
2011-04-19,1.49,1.49,-3.1209362808842678
2011-04-20,1.483,1.483,-0.46979865771811236
2011-04-21,1.498,1.498,1.011463250168565
2011-04-22,1.492,1.492,-0.4005340453938633
2011-04-25,1.466,1.466,-1.7426273458445052
2011-04-26,1.459,1.459,-0.477489768076389
2011-04-27,1.453,1.453,-0.4112405757368043
2011-04-28,1.458,1.458,0.34411562284926145
2011-04-29,1.453,1.453,-0.3429355281207025
2011-05-03,1.452,1.452,-0.06882312456986117
2011-05-04,1.392,1.392,-4.132231404958686
2011-05-05,1.387,1.387,-0.3591954022988397
2011-05-06,1.375,1.375,-0.8651766402307137
2011-05-09,1.373,1.373,-0.1454545454545486
2011-05-10,1.394,1.394,1.5294974508375692
2011-05-11,1.387,1.387,-0.5021520803443202
2011-05-12,1.358,1.358,-2.0908435472242193
2011-05-13,1.381,1.381,1.6936671575846773
2011-05-16,1.355,1.355,-1.8826937002172306
2011-05-17,1.372,1.372,1.2546125461254665
2011-05-18,1.391,1.391,1.384839650145775
2011-05-19,1.383,1.383,-0.5751258087706712
2011-05-20,1.389,1.389,0.433839479392617
2011-05-23,1.331,1.331,-4.17566594672426
2011-05-24,1.332,1.332,0.07513148009017367
2011-05-25,1.311,1.311,-1.5765765765765827
2011-05-26,1.315,1.315,0.30511060259343914
2011-05-27,1.318,1.318,0.22813688212928174
2011-05-30,1.32,1.32,0.15174506828528056
2011-05-31,1.348,1.348,2.1212121212121238
2011-06-01,1.34,1.34,-0.5934718100890191
2011-06-02,1.301,1.301,-2.910447761194046
2011-06-03,1.316,1.316,1.1529592621060791
2011-06-07,1.323,1.323,0.5319148936170137
2011-06-08,1.321,1.321,-0.15117157974300355
2011-06-09,1.292,1.292,-2.195306585919754
2011-06-10,1.297,1.297,0.38699690402475007
2011-06-13,1.291,1.291,-0.46260601387818623
2011-06-14,1.316,1.316,1.936483346243234
2011-06-15,1.303,1.303,-0.9878419452887588
2011-06-16,1.28,1.28,-1.7651573292402079
2011-06-17,1.267,1.267,-1.0156250000000089
2011-06-20,1.259,1.259,-0.6314127861089203
2011-06-21,1.275,1.275,1.2708498808578161
2011-06-22,1.274,1.274,-0.07843137254901489
2011-06-23,1.306,1.306,2.511773940345363
2011-06-24,1.351,1.351,3.4456355283307705
2011-06-27,1.347,1.347,-0.2960769800148033
2011-06-28,1.347,1.347,0.0
2011-06-29,1.314,1.314,-2.4498886414253795
2011-06-30,1.348,1.348,2.5875190258751957
2011-07-01,1.345,1.345,-0.2225519287833877
2011-07-04,1.398,1.398,3.9405204460966514
2011-07-05,1.389,1.389,-0.6437768240343256
2011-07-06,1.376,1.376,-0.9359251259899337
2011-07-07,1.368,1.368,-0.5813953488371992
2011-07-08,1.377,1.377,0.6578947368421018
2011-07-11,1.371,1.371,-0.43572984749455923
2011-07-12,1.33,1.33,-2.9905178701677526
2011-07-13,1.359,1.359,2.1804511278195493
2011-07-14,1.366,1.366,0.5150846210449034
2011-07-15,1.371,1.371,0.36603221083455484
2011-07-18,1.364,1.364,-0.5105762217359477
2011-07-19,1.35,1.35,-1.026392961876832
2011-07-20,1.345,1.345,-0.37037037037037646
2011-07-21,1.323,1.323,-1.635687732342006
2011-07-22,1.326,1.326,0.22675736961452753
2011-07-25,1.273,1.273,-3.9969834087481226
2011-07-26,1.277,1.277,0.3142183817753441
2011-07-27,1.281,1.281,0.3132341425215346
2011-07-28,1.263,1.263,-1.4051522248243575
2011-07-29,1.275,1.275,0.9501187648456089
2011-08-01,1.276,1.276,0.07843137254903709
2011-08-02,1.259,1.259,-1.3322884012539338
2011-08-03,1.257,1.257,-0.1588562351072298
2011-08-04,1.258,1.258,0.07955449482897059
2011-08-05,1.218,1.218,-3.1796502384737746
2011-08-08,1.159,1.159,-4.844006568144499
2011-08-09,1.167,1.167,0.690250215703192
2011-08-10,1.179,1.179,1.0282776349614497
2011-08-11,1.204,1.204,2.120441051738764
2011-08-12,1.198,1.198,-0.4983388704318914
2011-08-15,1.239,1.239,3.422370617696169
2011-08-16,1.225,1.225,-1.1299435028248594
2011-08-17,1.218,1.218,-0.5714285714285783
2011-08-18,1.185,1.185,-2.709359605911321
2011-08-19,1.17,1.17,-1.2658227848101333
2011-08-22,1.153,1.153,-1.4529914529914478
2011-08-23,1.185,1.185,2.7753686036426695
2011-08-24,1.171,1.171,-1.181434599156117
2011-08-25,1.242,1.242,6.063193851409054
2011-08-26,1.238,1.238,-0.32206119162641045
2011-08-29,1.201,1.201,-2.988691437802904
2011-08-30,1.196,1.196,-0.41631973355538143
2011-08-31,1.205,1.205,0.7525083612040184
2011-09-01,1.203,1.203,-0.16597510373443924
2011-09-02,1.184,1.184,-1.5793848711554537
2011-09-05,1.154,1.154,-2.533783783783783
2011-09-06,1.145,1.145,-0.7798960138648114
2011-09-07,1.177,1.177,2.7947598253275086
2011-09-08,1.165,1.165,-1.0195412064570974
2011-09-09,1.164,1.164,-0.08583690987125081
2011-09-13,1.147,1.147,-1.4604810996563522
2011-09-14,1.15,1.15,0.2615518744550904
2011-09-15,1.143,1.143,-0.6086956521739073
2011-09-16,1.147,1.147,0.34995625546807574
2011-09-19,1.116,1.116,-2.7027027027026973
2011-09-20,1.123,1.123,0.6272401433691677
2011-09-21,1.172,1.172,4.363312555654497
2011-09-22,1.119,1.119,-4.5221843003412925
2011-09-23,1.105,1.105,-1.251117068811436
2011-09-26,1.054,1.054,-4.61538461538461
2011-09-27,1.077,1.077,2.182163187855779
2011-09-28,1.06,1.06,-1.578458681522743
2011-09-29,1.057,1.057,-0.2830188679245338
2011-09-30,1.053,1.053,-0.37842951750236553
2011-10-10,1.036,1.036,-1.614434947768273
2011-10-11,1.039,1.039,0.28957528957527234
2011-10-12,1.105,1.105,6.352261790182867
2011-10-13,1.11,1.11,0.452488687782826
2011-10-14,1.111,1.111,0.09009009009008917
2011-10-17,1.125,1.125,1.2601260126012592
2011-10-18,1.073,1.073,-4.622222222222227
2011-10-19,1.074,1.074,0.09319664492080104
2011-10-20,1.037,1.037,-3.445065176908768
2011-10-21,1.042,1.042,0.48216007714563247
2011-10-24,1.093,1.093,4.894433781190011
2011-10-25,1.118,1.118,2.287282708142735
2011-10-26,1.13,1.13,1.0733452593917558
2011-10-27,1.137,1.137,0.6194690265486802
2011-10-28,1.174,1.174,3.2541776605101047
2011-10-31,1.155,1.155,-1.6183986371379855
2011-11-01,1.161,1.161,0.5194805194805197
2011-11-02,1.193,1.193,2.7562446167097354
2011-11-03,1.183,1.183,-0.83822296730931
2011-11-04,1.198,1.198,1.2679628064243387
2011-11-07,1.173,1.173,-2.086811352253748
2011-11-08,1.176,1.176,0.2557544757033181
2011-11-09,1.188,1.188,1.0204081632652962
2011-11-10,1.148,1.148,-3.367003367003374
2011-11-11,1.145,1.145,-0.261324041811839
2011-11-14,1.179,1.179,2.9694323144104917
2011-11-15,1.169,1.169,-0.8481764206955011
2011-11-16,1.119,1.119,-4.277159965782729
2011-11-17,1.112,1.112,-0.6255585344057124
2011-11-18,1.085,1.085,-2.4280575539568416
2011-11-21,1.085,1.085,0.0
2011-11-22,1.085,1.085,0.0
2011-11-23,1.067,1.067,-1.6589861751152069
2011-11-24,1.068,1.068,0.09372071227742307
2011-11-25,1.054,1.054,-1.310861423220977
2011-11-28,1.06,1.06,0.5692599620493288
2011-11-29,1.078,1.078,1.6981132075471805
2011-11-30,1.026,1.026,-4.823747680890545
2011-12-01,1.077,1.077,4.9707602339181145
2011-12-02,1.068,1.068,-0.8356545961002659
2011-12-05,1.059,1.059,-0.8426966292134908
2011-12-06,1.054,1.054,-0.47214353163360645
2011-12-07,1.067,1.067,1.2333965844402162
2011-12-08,1.066,1.066,-0.09372071227740086
2011-12-09,1.058,1.058,-0.7504690431519689
2011-12-12,1.046,1.046,-1.1342155009451793
2011-12-13,1.025,1.025,-2.007648183556421
2011-12-14,1.006,1.006,-1.8536585365853564
2011-12-15,0.974,0.974,-3.1809145129224725
2011-12-16,0.991,0.991,1.7453798767967266
2011-12-19,0.987,0.987,-0.4036326942482349
2011-12-20,0.988,0.988,0.10131712259371373
2011-12-21,0.967,0.967,-2.1255060728744946
2011-12-22,0.97,0.97,0.31023784901758056
2011-12-23,0.982,0.982,1.2371134020618513
2011-12-26,0.966,0.966,-1.6293279022403295
2011-12-27,0.956,0.956,-1.0351966873705987
2011-12-28,0.957,0.957,0.10460251046024993
2011-12-29,0.959,0.959,0.2089864158829613
2011-12-30,0.979,0.979,2.085505735140769
2012-01-04,0.96,0.96,-1.9407558733401498
2012-01-05,0.961,0.961,0.10416666666666075
2012-01-06,0.971,0.971,1.0405827263267442
2012-01-09,1.027,1.027,5.767250257466516
2012-01-10,1.071,1.071,4.284323271665058
2012-01-11,1.061,1.061,-0.9337068160597539
2012-01-12,1.067,1.067,0.5655042412818112
2012-01-13,1.05,1.05,-1.5932521087160145
2012-01-16,1.027,1.027,-2.1904761904761982
2012-01-17,1.107,1.107,7.789678675754641
2012-01-18,1.079,1.079,-2.529358626919609
2012-01-19,1.118,1.118,3.614457831325324
2012-01-20,1.144,1.144,2.325581395348819
2012-01-30,1.112,1.112,-2.79720279720278
2012-01-31,1.108,1.108,-0.3597122302158251
2012-02-01,1.078,1.078,-2.7075812274368283
2012-02-02,1.127,1.127,4.545454545454541
2012-02-03,1.135,1.135,0.709849157054121
2012-02-06,1.132,1.132,-0.2643171806167466
2012-02-07,1.096,1.096,-3.180212014134254
2012-02-08,1.149,1.149,4.835766423357657
2012-02-09,1.142,1.142,-0.6092254134029695
2012-02-10,1.143,1.143,0.08756567425569628
2012-02-13,1.132,1.132,-0.9623797025371972
2012-02-14,1.122,1.122,-0.883392226148394
2012-02-15,1.137,1.137,1.3368983957219083
2012-02-16,1.125,1.125,-1.055408970976257
2012-02-17,1.13,1.13,0.4444444444444251
2012-02-20,1.134,1.134,0.3539823008849474
2012-02-21,1.143,1.143,0.793650793650813
2012-02-22,1.158,1.158,1.3123359580052396
2012-02-23,1.162,1.162,0.3454231433505983
2012-02-24,1.191,1.191,2.495697074010339
2012-02-27,1.194,1.194,0.25188916876572875
2012-02-28,1.205,1.205,0.9212730318258089
2012-02-29,1.186,1.186,-1.576763485477184
2012-03-01,1.184,1.184,-0.1686340640809414
2012-03-02,1.206,1.206,1.858108108108114
2012-03-05,1.194,1.194,-0.995024875621886
2012-03-06,1.159,1.159,-2.9313232830820657
2012-03-07,1.14,1.14,-1.639344262295095
2012-03-08,1.16,1.16,1.7543859649122862
2012-03-09,1.173,1.173,1.1206896551724244
2012-03-12,1.158,1.158,-1.278772378516635
2012-03-13,1.175,1.175,1.4680483592400817
2012-03-14,1.142,1.142,-2.8085106382978897
2012-03-15,1.127,1.127,-1.3134851138353665
2012-03-16,1.14,1.14,1.1535048802129522
2012-03-19,1.141,1.141,0.08771929824562541
2012-03-20,1.116,1.116,-2.1910604732690575
2012-03-21,1.121,1.121,0.44802867383511025
2012-03-22,1.124,1.124,0.267618198037467
2012-03-23,1.109,1.109,-1.3345195729537518
2012-03-26,1.113,1.113,0.36068530207393756
2012-03-27,1.113,1.113,0.0
2012-03-28,1.075,1.075,-3.4141958670260597
2012-03-29,1.054,1.054,-1.9534883720930152
2012-03-30,1.069,1.069,1.4231499051233332
2012-04-05,1.095,1.095,2.4321796071094415
2012-04-06,1.099,1.099,0.36529680365295913
2012-04-09,1.085,1.085,-1.273885350318471
2012-04-10,1.097,1.097,1.105990783410138
2012-04-11,1.095,1.095,-0.1823154056517784
2012-04-12,1.133,1.133,3.4703196347031895
2012-04-13,1.139,1.139,0.5295675198587757
2012-04-16,1.13,1.13,-0.7901668129938644
2012-04-17,1.11,1.11,-1.7699115044247593
2012-04-18,1.15,1.15,3.603603603603589
2012-04-19,1.149,1.149,-0.08695652173912327
2012-04-20,1.176,1.176,2.3498694516971286
2012-04-23,1.162,1.162,-1.1904761904761862
2012-04-24,1.169,1.169,0.6024096385542244
2012-04-25,1.178,1.178,0.7698887938408783
2012-04-26,1.183,1.183,0.4244482173175079
2012-04-27,1.185,1.185,0.16906170752324368
2012-05-02,1.227,1.227,3.544303797468351
2012-05-03,1.227,1.227,0.0
2012-05-04,1.236,1.236,0.7334963325183352
2012-05-07,1.227,1.227,-0.7281553398058138
2012-05-08,1.222,1.222,-0.4074979625101949
2012-05-09,1.192,1.192,-2.454991816693941
2012-05-10,1.191,1.191,-0.0838926174496546
2012-05-11,1.179,1.179,-1.0075566750629705
2012-05-14,1.164,1.164,-1.2722646310432628
2012-05-15,1.161,1.161,-0.2577319587628746
2012-05-16,1.136,1.136,-2.1533161068044926
2012-05-17,1.164,1.164,2.464788732394374
2012-05-18,1.139,1.139,-2.1477663230240474
2012-05-21,1.147,1.147,0.7023705004389758
2012-05-22,1.174,1.174,2.3539668700959027
2012-05-23,1.164,1.164,-0.8517887563884163
2012-05-24,1.154,1.154,-0.8591065292096189
2012-05-25,1.138,1.138,-1.3864818024263426
2012-05-28,1.164,1.164,2.284710017574687
2012-05-29,1.19,1.19,2.2336769759450092
2012-05-30,1.178,1.178,-1.0084033613445342
2012-05-31,1.169,1.169,-0.7640067911714676
2012-06-01,1.173,1.173,0.34217279726260763
2012-06-04,1.128,1.128,-3.8363171355498826
2012-06-05,1.128,1.128,0.0
2012-06-06,1.133,1.133,0.44326241134753364
2012-06-07,1.127,1.127,-0.5295675198587868
2012-06-08,1.11,1.11,-1.5084294587400127
2012-06-11,1.129,1.129,1.7117117117116942
2012-06-12,1.118,1.118,-0.9743135518157531
2012-06-13,1.144,1.144,2.325581395348819
2012-06-14,1.134,1.134,-0.8741258741258751
2012-06-15,1.151,1.151,1.4991181657848518
2012-06-18,1.152,1.152,0.08688097306688292
2012-06-19,1.144,1.144,-0.694444444444442
2012-06-20,1.147,1.147,0.2622377622377714
2012-06-21,1.118,1.118,-2.5283347863993
2012-06-25,1.084,1.084,-3.0411449016100156
2012-06-26,1.09,1.09,0.5535055350553542
2012-06-27,1.084,1.084,-0.5504587155963359
2012-06-28,1.074,1.074,-0.9225092250922495
2012-06-29,1.096,1.096,2.0484171322160183
2012-07-02,1.093,1.093,-0.27372262773723843
2012-07-03,1.098,1.098,0.45745654162856475
2012-07-04,1.099,1.099,0.09107468123861207
2012-07-05,1.085,1.085,-1.273885350318471
2012-07-06,1.102,1.102,1.5668202764977046
2012-07-09,1.06,1.06,-3.8112522686025385
2012-07-10,1.058,1.058,-0.18867924528301883
2012-07-11,1.064,1.064,0.5671077504725952
2012-07-12,1.073,1.073,0.8458646616541277
2012-07-13,1.077,1.077,0.37278657968313755
2012-07-16,1.054,1.054,-2.135561745589587
2012-07-17,1.062,1.062,0.7590132827324458
2012-07-18,1.057,1.057,-0.47080979284370716
2012-07-19,1.067,1.067,0.9460737937559083
2012-07-20,1.054,1.054,-1.2183692596063667
2012-07-23,1.025,1.025,-2.751423149905141
2012-07-24,1.027,1.027,0.19512195121951237
2012-07-25,1.023,1.023,-0.3894839337877265
2012-07-26,1.021,1.021,-0.19550342130987275
2012-07-27,1.028,1.028,0.6856023506366382
2012-07-30,1.025,1.025,-0.29182879377432913
2012-07-31,1.031,1.031,0.5853658536585371
2012-08-01,1.04,1.04,0.8729388942774197
2012-08-02,1.034,1.034,-0.5769230769230749
2012-08-03,1.039,1.039,0.4835589941972751
2012-08-06,1.053,1.053,1.3474494706448459
2012-08-07,1.053,1.053,0.0
2012-08-08,1.059,1.059,0.5698005698005604
2012-08-09,1.069,1.069,0.9442870632672351
2012-08-10,1.063,1.063,-0.5612722170252549
2012-08-13,1.032,1.032,-2.9162746942615114
2012-08-14,1.028,1.028,-0.3875968992248069
2012-08-15,1.007,1.007,-2.0428015564202484
2012-08-16,1.004,1.004,-0.2979145978152853
2012-08-17,1.004,1.004,0.0
2012-08-20,0.991,0.991,-1.294820717131473
2012-08-21,0.995,0.995,0.4036326942482349
2012-08-22,0.986,0.986,-0.9045226130653283
2012-08-23,0.993,0.993,0.7099391480730244
2012-08-24,0.986,0.986,-0.7049345417925457
2012-08-27,0.954,0.954,-3.2454361054766734
2012-08-28,0.966,0.966,1.2578616352201255
2012-08-29,0.951,0.951,-1.552795031055898
2012-08-30,0.953,0.953,0.2103049421661396
2012-08-31,0.953,0.953,0.0
2012-09-03,0.958,0.958,0.5246589716684236
2012-09-04,0.945,0.945,-1.3569937369519836
2012-09-05,0.934,0.934,-1.1640211640211562
2012-09-06,0.948,0.948,1.498929336188426
2012-09-07,1.022,1.022,7.805907172995785
2012-09-10,1.021,1.021,-0.09784735812133905
2012-09-11,1.008,1.008,-1.273261508325163
2012-09-12,1.009,1.009,0.09920634920634885
2012-09-13,0.998,0.998,-1.090188305252715
2012-09-14,1.013,1.013,1.503006012024044
2012-09-17,0.984,0.984,-2.8627838104639647
2012-09-18,0.966,0.966,-1.8292682926829285
2012-09-19,0.967,0.967,0.10351966873705098
2012-09-20,0.941,0.941,-2.6887280248190315
2012-09-21,0.945,0.945,0.4250797024442088
2012-09-24,0.951,0.951,0.6349206349206327
2012-09-25,0.952,0.952,0.1051524710830698
2012-09-26,0.94,0.94,-1.260504201680679
2012-09-27,0.982,0.982,4.468085106382991
2012-09-28,1.013,1.013,3.1568228105906204
2012-10-08,0.996,0.996,-1.6781836130305927
2012-10-09,1.027,1.027,3.1124497991967814
2012-10-10,1.024,1.024,-0.2921129503407838
2012-10-11,1.016,1.016,-0.78125
2012-10-12,1.016,1.016,0.0
2012-10-15,1.011,1.011,-0.49212598425197873
2012-10-16,1.012,1.012,0.09891196834819205
2012-10-17,1.017,1.017,0.49407114624504533
2012-10-18,1.039,1.039,2.163225172074723
2012-10-19,1.038,1.038,-0.09624639076033503
2012-10-22,1.044,1.044,0.5780346820809301
2012-10-23,1.027,1.027,-1.6283524904214697
2012-10-24,1.024,1.024,-0.2921129503407838
2012-10-25,1.012,1.012,-1.171875
2012-10-26,0.98,0.98,-3.1620553359683834
2012-10-29,0.968,0.968,-1.224489795918371
2012-10-30,0.972,0.972,0.4132231404958775
2012-10-31,0.986,0.986,1.4403292181069949
2012-11-01,1.016,1.016,3.0425963488843744
2012-11-02,1.025,1.025,0.8858267716535417
2012-11-05,1.021,1.021,-0.39024390243902474
2012-11-06,1.016,1.016,-0.48971596474044476
2012-11-07,1.016,1.016,0.0
2012-11-08,0.99,0.99,-2.5590551181102428
2012-11-09,0.988,0.988,-0.20202020202020332
2012-11-12,0.997,0.997,0.9109311740890691
2012-11-13,0.975,0.975,-2.20661985957874
2012-11-14,0.981,0.981,0.6153846153846176
2012-11-15,0.962,0.962,-1.936799184505611
2012-11-16,0.948,0.948,-1.455301455301461
2012-11-19,0.946,0.946,-0.21097046413501852
2012-11-20,0.938,0.938,-0.8456659619450302
2012-11-21,0.959,0.959,2.238805970149249
2012-11-22,0.954,0.954,-0.5213764337851923
2012-11-23,0.964,0.964,1.048218029350112
2012-11-26,0.96,0.96,-0.4149377593360981
2012-11-27,0.951,0.951,-0.9375000000000022
2012-11-28,0.94,0.94,-1.1566771819137789
2012-11-29,0.934,0.934,-0.6382978723404098
2012-11-30,0.942,0.942,0.8565310492505196
2012-12-03,0.931,0.931,-1.1677282377919207
2012-12-04,0.945,0.945,1.5037593984962294
2012-12-05,0.997,0.997,5.502645502645498
2012-12-06,0.997,0.997,0.0
2012-12-07,1.031,1.031,3.4102306920762215
2012-12-10,1.048,1.048,1.6488845780795458
2012-12-11,1.042,1.042,-0.5725190839694694
2012-12-12,1.055,1.055,1.24760076775432
2012-12-13,1.036,1.036,-1.8009478672985746
2012-12-14,1.123,1.123,8.397683397683387
2012-12-17,1.134,1.134,0.9795191451469121
2012-12-18,1.139,1.139,0.44091710758378255
2012-12-19,1.138,1.138,-0.08779631255487752
2012-12-20,1.146,1.146,0.7029876977152849
2012-12-21,1.133,1.133,-1.1343804537521707
2012-12-24,1.145,1.145,1.0591350397175736
2012-12-25,1.191,1.191,4.017467248908302
2012-12-26,1.197,1.197,0.5037783375314797
2012-12-27,1.184,1.184,-1.0860484544695126
2012-12-28,1.212,1.212,2.3648648648648685
2012-12-31,1.252,1.252,3.300330033003296
2013-01-04,1.265,1.265,1.0383386581469534
2013-01-07,1.274,1.274,0.7114624505929035
2013-01-08,1.251,1.251,-1.8053375196232402
2013-01-09,1.246,1.246,-0.3996802557953538
2013-01-10,1.247,1.247,0.08025682182986049
2013-01-11,1.215,1.215,-2.566158781074579
2013-01-14,1.284,1.284,5.679012345679002
2013-01-15,1.291,1.291,0.5451713395638658
2013-01-16,1.269,1.269,-1.7041053446940402
2013-01-17,1.25,1.25,-1.4972419227738287
2013-01-18,1.28,1.28,2.400000000000002
2013-01-21,1.29,1.29,0.78125
2013-01-22,1.291,1.291,0.07751937984494806
2013-01-23,1.299,1.299,0.6196746707978207
2013-01-24,1.293,1.293,-0.46189376443418473
2013-01-25,1.283,1.283,-0.7733952049497339
2013-01-28,1.347,1.347,4.988308651597828
2013-01-29,1.373,1.373,1.9302152932442418
2013-01-30,1.379,1.379,0.43699927166787056
2013-01-31,1.385,1.385,0.435097897026826
2013-02-01,1.446,1.446,4.404332129963895
2013-02-04,1.453,1.453,0.48409405255878113
2013-02-05,1.457,1.457,0.2752924982794225
2013-02-06,1.47,1.47,0.8922443376801592
2013-02-07,1.444,1.444,-1.7687074829932037
2013-02-08,1.433,1.433,-0.7617728531855938
2013-02-18,1.409,1.409,-1.6748080949057886
2013-02-19,1.376,1.376,-2.3420865862313844
2013-02-20,1.371,1.371,-0.3633720930232509
2013-02-21,1.291,1.291,-5.835156819839538
2013-02-22,1.278,1.278,-1.0069713400464697
2013-02-25,1.286,1.286,0.6259780907668322
2013-02-26,1.26,1.26,-2.021772939346811
2013-02-27,1.283,1.283,1.825396825396819
2013-02-28,1.35,1.35,5.222135619641488
2013-03-01,1.342,1.342,-0.592592592592589
2013-03-04,1.239,1.239,-7.675111773472432
2013-03-05,1.311,1.311,5.811138014527839
2013-03-06,1.33,1.33,1.449275362318847
2013-03-07,1.297,1.297,-2.4812030075188063
2013-03-08,1.298,1.298,0.07710100231304029
2013-03-11,1.277,1.277,-1.6178736517719616
2013-03-12,1.251,1.251,-2.036021926389975
2013-03-13,1.232,1.232,-1.51878497202238
2013-03-14,1.237,1.237,0.40584415584417055
2013-03-15,1.243,1.243,0.48504446240904553
2013-03-18,1.21,1.21,-2.6548672566371834
2013-03-19,1.228,1.228,1.4876033057851235
2013-03-20,1.301,1.301,5.944625407166115
2013-03-21,1.299,1.299,-0.1537279016141424
2013-03-22,1.301,1.301,0.15396458814471714
2013-03-25,1.299,1.299,-0.1537279016141424
2013-03-26,1.258,1.258,-3.15627405696689
2013-03-27,1.263,1.263,0.39745627980920517
2013-03-28,1.186,1.186,-6.096595407759297
2013-03-29,1.186,1.186,0.0
2013-04-01,1.181,1.181,-0.4215851602023535
2013-04-02,1.184,1.184,0.2540220152413175
2013-04-03,1.186,1.186,0.16891891891892552
2013-04-08,1.168,1.168,-1.5177065767285058
2013-04-09,1.185,1.185,1.4554794520547976
2013-04-10,1.186,1.186,0.08438818565399409
2013-04-11,1.185,1.185,-0.0843170320404596
2013-04-12,1.174,1.174,-0.9282700421941015
2013-04-15,1.16,1.16,-1.1925042589437829
2013-04-16,1.168,1.168,0.6896551724137945
2013-04-17,1.159,1.159,-0.7705479452054687
2013-04-18,1.164,1.164,0.4314063848144922
2013-04-19,1.224,1.224,5.154639175257736
2013-04-22,1.221,1.221,-0.2450980392156743
2013-04-23,1.161,1.161,-4.914004914004922
2013-04-24,1.188,1.188,2.325581395348819
2013-04-25,1.175,1.175,-1.094276094276081
2013-04-26,1.163,1.163,-1.02127659574468
2013-05-02,1.163,1.163,0.0
2013-05-03,1.194,1.194,2.665520206362837
2013-05-06,1.211,1.211,1.4237855946398703
2013-05-07,1.215,1.215,0.3303055326176807
2013-05-08,1.22,1.22,0.411522633744843
2013-05-09,1.206,1.206,-1.1475409836065542
2013-05-10,1.217,1.217,0.9121061359867344
2013-05-13,1.207,1.207,-0.8216926869350827
2013-05-14,1.183,1.183,-1.988400994200501
2013-05-15,1.184,1.184,0.08453085376161074
2013-05-16,1.217,1.217,2.787162162162171
2013-05-17,1.241,1.241,1.9720624486442073
2013-05-20,1.259,1.259,1.4504431909750037
2013-05-21,1.25,1.25,-0.714853057982523
2013-05-22,1.254,1.254,0.32000000000000917
2013-05-23,1.221,1.221,-2.631578947368418
2013-05-24,1.227,1.227,0.49140049140048436
2013-05-27,1.223,1.223,-0.32599837000815146
2013-05-28,1.269,1.269,3.761242845461954
2013-05-29,1.259,1.259,-0.7880220646178104
2013-05-30,1.253,1.253,-0.4765687053216894
2013-05-31,1.238,1.238,-1.1971268954509062
2013-06-03,1.242,1.242,0.3231017770597644
2013-06-04,1.224,1.224,-1.449275362318847
2013-06-05,1.211,1.211,-1.06209150326797
2013-06-06,1.192,1.192,-1.56895127993395
2013-06-07,1.168,1.168,-2.0134228187919434
2013-06-13,1.123,1.123,-3.8527397260273877
2013-06-14,1.124,1.124,0.08904719501336977
2013-06-17,1.109,1.109,-1.3345195729537518
2013-06-18,1.12,1.12,0.9918845807033394
2013-06-19,1.105,1.105,-1.3392857142857206
2013-06-20,1.051,1.051,-4.8868778280543035
2013-06-21,1.048,1.048,-0.2854424357754404
2013-06-24,0.943,0.943,-10.019083969465658
2013-06-25,0.948,0.948,0.5302226935312904
2013-06-26,0.927,0.927,-2.215189873417711
2013-06-27,0.933,0.933,0.6472491909385036
2013-06-28,0.978,0.978,4.8231511254019255
2013-07-01,0.973,0.973,-0.5112474437627856
2013-07-02,0.966,0.966,-0.7194244604316502
2013-07-03,0.952,0.952,-1.449275362318847
2013-07-04,0.964,0.964,1.2605042016806678
2013-07-05,0.972,0.972,0.8298755186721962
2013-07-08,0.943,0.943,-2.9835390946502116
2013-07-09,0.939,0.939,-0.42417815482502785
2013-07-10,0.982,0.982,4.579339723109688
2013-07-11,1.082,1.082,10.183299389002043
2013-07-12,1.03,1.03,-4.805914972273573
2013-07-15,1.046,1.046,1.553398058252431
2013-07-16,1.046,1.046,0.0
2013-07-17,1.025,1.025,-2.007648183556421
2013-07-18,0.991,0.991,-3.317073170731699
2013-07-19,0.953,0.953,-3.8345105953582315
2013-07-22,0.955,0.955,0.20986358866736943
2013-07-23,0.998,0.998,4.502617801047126
2013-07-24,0.978,0.978,-2.004008016032066
2013-07-25,0.977,0.977,-0.10224948875255935
2013-07-26,0.968,0.968,-0.92118730808598
2013-07-29,0.93,0.93,-3.9256198347107363
2013-07-30,0.947,0.947,1.8279569892472924
2013-07-31,0.949,0.949,0.21119324181626542
2013-08-01,0.986,0.986,3.898840885142252
2013-08-02,0.984,0.984,-0.20283975659228792
2013-08-05,1.001,1.001,1.7276422764227473
2013-08-06,1.003,1.003,0.19980019980019303
2013-08-07,0.996,0.996,-0.697906281156524
2013-08-08,0.993,0.993,-0.3012048192771122
2013-08-09,1.002,1.002,0.9063444108761365
2013-08-12,1.061,1.061,5.888223552894201
2013-08-13,1.068,1.068,0.6597549481621279
2013-08-14,1.061,1.061,-0.655430711610494
2013-08-15,1.044,1.044,-1.602262016965117
2013-08-16,1.044,1.044,0.0
2013-08-19,1.055,1.055,1.0536398467432928
2013-08-20,1.044,1.044,-1.0426540284360075
2013-08-21,1.037,1.037,-0.6704980842911934
2013-08-22,1.032,1.032,-0.48216007714559916
2013-08-23,1.016,1.016,-1.5503875968992276
2013-08-26,1.053,1.053,3.6417322834645605
2013-08-27,1.051,1.051,-0.18993352326686086
2013-08-28,1.045,1.045,-0.570884871550903
2013-08-29,1.039,1.039,-0.5741626794258381
2013-08-30,1.043,1.043,0.38498556304138454
2013-09-02,1.046,1.046,0.2876318312559967
2013-09-03,1.066,1.066,1.9120458891013437
2013-09-04,1.068,1.068,0.18761726078799779
2013-09-05,1.063,1.063,-0.46816479400749733
2013-09-06,1.081,1.081,1.6933207902163794
2013-09-09,1.17,1.17,8.23311748381128
2013-09-10,1.197,1.197,2.3076923076923217
2013-09-11,1.201,1.201,0.3341687552213868
2013-09-12,1.231,1.231,2.497918401332222
2013-09-13,1.209,1.209,-1.7871649065800188
2013-09-16,1.195,1.195,-1.1579818031430933
2013-09-17,1.155,1.155,-3.347280334728031
2013-09-18,1.157,1.157,0.17316017316018062
2013-09-23,1.167,1.167,0.8643042350907626
2013-09-24,1.129,1.129,-3.2562125107112316
2013-09-25,1.115,1.115,-1.240035429583708
2013-09-26,1.087,1.087,-2.511210762331839
2013-09-27,1.093,1.093,0.5519779208831732
2013-09-30,1.095,1.095,0.18298261665141702
2013-10-08,1.115,1.115,1.82648401826484
2013-10-09,1.121,1.121,0.5381165919282616
2013-10-10,1.092,1.092,-2.5869759143621662
2013-10-11,1.123,1.123,2.8388278388278287
2013-10-14,1.116,1.116,-0.6233303650934885
2013-10-15,1.108,1.108,-0.7168458781361964
2013-10-16,1.087,1.087,-1.895306859205792
2013-10-17,1.079,1.079,-0.7359705611775569
2013-10-18,1.091,1.091,1.1121408711770142
2013-10-21,1.112,1.112,1.9248395967002896
2013-10-22,1.092,1.092,-1.7985611510791366
2013-10-23,1.091,1.091,-0.09157509157510235
2013-10-24,1.072,1.072,-1.741521539871671
2013-10-25,1.061,1.061,-1.0261194029850818
2013-10-28,1.063,1.063,0.18850141376061114
2013-10-29,1.084,1.084,1.9755409219191167
2013-10-30,1.106,1.106,2.029520295202958
2013-10-31,1.083,1.083,-2.079566003616651
2013-11-01,1.098,1.098,1.3850415512465464
2013-11-04,1.091,1.091,-0.6375227686703178
2013-11-05,1.085,1.085,-0.5499541704857891
2013-11-06,1.067,1.067,-1.6589861751152069
2013-11-07,1.062,1.062,-0.46860356138705983
2013-11-08,1.037,1.037,-2.354048964218469
2013-11-11,1.039,1.039,0.192864030858253
2013-11-12,1.061,1.061,2.117420596727615
2013-11-13,1.019,1.019,-3.9585296889726673
2013-11-14,1.02,1.02,0.09813542688912325
2013-11-15,1.051,1.051,3.039215686274499
2013-11-18,1.126,1.126,7.136060894386298
2013-11-19,1.107,1.107,-1.687388987566596
2013-11-20,1.111,1.111,0.3613369467027949
2013-11-21,1.095,1.095,-1.4401440144014455
2013-11-22,1.09,1.09,-0.45662100456620447
2013-11-25,1.081,1.081,-0.8256880733945038
2013-11-26,1.078,1.078,-0.27752081406104967
2013-11-27,1.094,1.094,1.4842300556586308
2013-11-28,1.11,1.11,1.4625228519195677
2013-11-29,1.107,1.107,-0.2702702702702786
2013-12-02,1.126,1.126,1.7163504968382925
2013-12-03,1.127,1.127,0.0888099467140524
2013-12-04,1.147,1.147,1.7746228926353247
2013-12-05,1.141,1.141,-0.5231037489102031
2013-12-06,1.123,1.123,-1.5775635407537236
2013-12-09,1.117,1.117,-0.5342831700801409
2013-12-10,1.119,1.119,0.1790510295434311
2013-12-11,1.09,1.09,-2.5915996425379673
2013-12-12,1.08,1.08,-0.9174311926605561
2013-12-13,1.078,1.078,-0.18518518518518823
2013-12-16,1.054,1.054,-2.226345083487946
2013-12-17,1.046,1.046,-0.7590132827324458
2013-12-18,1.05,1.05,0.3824091778202643
2013-12-19,1.032,1.032,-1.7142857142857126
2013-12-20,0.994,0.994,-3.6821705426356655
2013-12-23,0.993,0.993,-0.1006036217303774
2013-12-24,0.991,0.991,-0.20140986908359082
2013-12-25,0.997,0.997,0.6054490413723412
2013-12-26,0.978,0.978,-1.905717151454367
2013-12-27,1.0,1.0,2.249488752556239
2013-12-30,0.999,0.999,-0.10000000000000009
2013-12-31,1.022,1.022,2.302302302302306
2014-01-02,1.009,1.009,-1.2720156555773077
2014-01-03,0.986,0.986,-2.279484638255691
2014-01-06,0.964,0.964,-2.2312373225152116
2014-01-07,0.963,0.963,-0.10373443983402453
2014-01-08,0.964,0.964,0.10384215991692258
2014-01-09,0.954,0.954,-1.0373443983402453
2014-01-10,0.948,0.948,-0.6289308176100628
2014-01-13,0.942,0.942,-0.6329113924050667
2014-01-14,0.946,0.946,0.424628450106157
2014-01-15,0.938,0.938,-0.8456659619450302
2014-01-16,0.941,0.941,0.31982942430703876
2014-01-17,0.924,0.924,-1.8065887353878707
2014-01-20,0.916,0.916,-0.8658008658008698
2014-01-21,0.925,0.925,0.9825327510917026
2014-01-22,0.964,0.964,4.216216216216218
2014-01-23,0.95,0.95,-1.4522821576763545
2014-01-24,0.95,0.95,0.0
2014-01-27,0.929,0.929,-2.210526315789463
2014-01-28,0.937,0.937,0.8611410118406937
2014-01-29,0.943,0.943,0.6403415154749181
2014-01-30,0.926,0.926,-1.8027571580063517
2014-02-07,0.923,0.923,-0.3239740820734305
2014-02-10,0.952,0.952,3.1419284940411574
2014-02-11,0.977,0.977,2.62605042016808
2014-02-12,0.973,0.973,-0.4094165813715467
2014-02-13,0.978,0.978,0.5138746145940454
2014-02-14,0.981,0.981,0.30674846625766694
2014-02-17,0.985,0.985,0.4077471967380175
2014-02-18,0.957,0.957,-2.8426395939086357
2014-02-19,0.98,0.98,2.4033437826541215
2014-02-20,0.969,0.969,-1.122448979591839
2014-02-21,0.953,0.953,-1.6511867905056765
2014-02-24,0.918,0.918,-3.6726128016788984
2014-02-25,0.891,0.891,-2.941176470588236
2014-02-26,0.891,0.891,0.0
2014-02-27,0.902,0.902,1.2345679012345734
2014-02-28,0.912,0.912,1.1086474501108556
2014-03-03,0.909,0.909,-0.3289473684210509
2014-03-04,0.91,0.91,0.11001100110010764
2014-03-05,0.895,0.895,-1.6483516483516536
2014-03-06,0.907,0.907,1.3407821229050265
2014-03-07,0.903,0.903,-0.4410143329658167
2014-03-10,0.859,0.859,-4.872646733111852
2014-03-11,0.861,0.861,0.2328288707799775
2014-03-12,0.865,0.865,0.4645760743321681
2014-03-13,0.885,0.885,2.3121387283236983
2014-03-14,0.873,0.873,-1.3559322033898313
2014-03-17,0.885,0.885,1.3745704467353903
2014-03-18,0.876,0.876,-1.016949152542379
2014-03-19,0.87,0.87,-0.6849315068493178
2014-03-20,0.859,0.859,-1.2643678160919603
2014-03-21,0.914,0.914,6.402793946449359
2014-03-24,0.927,0.927,1.422319474835887
2014-03-25,0.916,0.916,-1.1866235167206085
2014-03-26,0.914,0.914,-0.21834061135370675
2014-03-27,0.915,0.915,0.1094091903719896
2014-03-28,0.922,0.922,0.7650273224043769
2014-03-31,0.915,0.915,-0.7592190889370909
2014-04-01,0.92,0.92,0.5464480874316946
2014-04-02,0.939,0.939,2.0652173913043415
2014-04-03,0.926,0.926,-1.3844515441959415
2014-04-04,0.939,0.939,1.4038876889848728
2014-04-08,0.983,0.983,4.685835995740151
2014-04-09,0.979,0.979,-0.4069175991861629
2014-04-10,1.018,1.018,3.9836567926455624
2014-04-11,1.012,1.012,-0.5893909626719096
2014-04-14,1.003,1.003,-0.8893280632411238
2014-04-15,0.973,0.973,-2.991026919242268
2014-04-16,0.973,0.973,0.0
2014-04-17,0.967,0.967,-0.6166495375128478
2014-04-18,0.966,0.966,-0.10341261633919352
2014-04-21,0.94,0.94,-2.6915113871635588
2014-04-22,0.956,0.956,1.7021276595744705
2014-04-23,0.955,0.955,-0.10460251046024993
2014-04-24,0.96,0.96,0.5235602094240788
2014-04-25,0.951,0.951,-0.9375000000000022
2014-04-28,0.934,0.934,-1.7875920084121866
2014-04-29,0.944,0.944,1.070663811563155
2014-04-30,0.943,0.943,-0.10593220338983578
2014-05-05,0.934,0.934,-0.954400848356296
2014-05-06,0.932,0.932,-0.21413276231263545
2014-05-07,0.924,0.924,-0.8583690987124526
2014-05-08,0.927,0.927,0.32467532467532756
2014-05-09,0.927,0.927,0.0
2014-05-12,0.954,0.954,2.9126213592232997
2014-05-13,0.947,0.947,-0.7337526205450695
2014-05-14,0.949,0.949,0.21119324181626542
2014-05-15,0.935,0.935,-1.475237091675441
2014-05-16,0.932,0.932,-0.3208556149732589
2014-05-19,0.908,0.908,-2.5751072961373467
2014-05-20,0.906,0.906,-0.22026431718061845
2014-05-21,0.92,0.92,1.5452538631346657
2014-05-22,0.917,0.917,-0.3260869565217428
2014-05-23,0.931,0.931,1.526717557251911
2014-05-26,0.933,0.933,0.21482277121374072
2014-05-27,0.929,0.929,-0.4287245444801746
2014-05-28,0.939,0.939,1.076426264800845
2014-05-29,0.933,0.933,-0.6389776357827337
2014-05-30,0.928,0.928,-0.5359056806002127
2014-06-03,0.924,0.924,-0.4310344827586188
2014-06-04,0.915,0.915,-0.9740259740259716
2014-06-05,0.932,0.932,1.857923497267766
2014-06-06,0.92,0.92,-1.2875536480686733
2014-06-09,0.923,0.923,0.3260869565217428
2014-06-10,0.941,0.941,1.9501625135427858
2014-06-11,0.935,0.935,-0.6376195536663021
2014-06-12,0.932,0.932,-0.3208556149732589
2014-06-13,0.951,0.951,2.0386266094420513
2014-06-16,0.967,0.967,1.682439537329139
2014-06-17,0.953,0.953,-1.4477766287487093
2014-06-18,0.947,0.947,-0.6295907660020972
2014-06-19,0.929,0.929,-1.9007391763463444
2014-06-20,0.936,0.936,0.753498385360607
2014-06-23,0.931,0.931,-0.5341880341880323
2014-06-24,0.94,0.94,0.9667024704618665
2014-06-25,0.933,0.933,-0.744680851063817
2014-06-26,0.941,0.941,0.857449088960327
2014-06-27,0.937,0.937,-0.4250797024441977
2014-06-30,0.948,0.948,1.1739594450373314
2014-07-01,0.944,0.944,-0.42194092827003704
2014-07-02,0.952,0.952,0.8474576271186418
2014-07-03,0.956,0.956,0.42016806722688926
2014-07-04,0.961,0.961,0.5230125523012497
2014-07-07,0.962,0.962,0.10405827263266776
2014-07-08,0.959,0.959,-0.31185031185031464
2014-07-09,0.943,0.943,-1.6684045881126153
2014-07-10,0.942,0.942,-0.10604453870625141
2014-07-11,0.949,0.949,0.7430997876857859
2014-07-14,0.962,0.962,1.3698630136986356
2014-07-15,0.964,0.964,0.20790020790020236
2014-07-16,0.963,0.963,-0.10373443983402453
2014-07-17,0.958,0.958,-0.5192107995846351
2014-07-18,0.967,0.967,0.9394572025052117
2014-07-21,0.966,0.966,-0.10341261633919352
2014-07-22,0.984,0.984,1.8633540372670732
2014-07-23,0.996,0.996,1.2195121951219523
2014-07-24,1.031,1.031,3.5140562248995977
2014-07-25,1.047,1.047,1.5518913676042745
2014-07-28,1.098,1.098,4.871060171919783
2014-07-29,1.101,1.101,0.2732240437158362
2014-07-30,1.093,1.093,-0.7266121707538598
2014-07-31,1.117,1.117,2.1957913998170264
2014-08-01,1.1,1.1,-1.5219337511190645
2014-08-04,1.136,1.136,3.2727272727272494
2014-08-05,1.123,1.123,-1.1443661971830887
2014-08-06,1.109,1.109,-1.2466607301869992
2014-08-07,1.084,1.084,-2.254283137962121
2014-08-08,1.088,1.088,0.36900369003689537
2014-08-11,1.11,1.11,2.0220588235294157
2014-08-12,1.098,1.098,-1.0810810810810811
2014-08-13,1.102,1.102,0.36429872495447047
2014-08-14,1.088,1.088,-1.2704174228675091
2014-08-15,1.104,1.104,1.4705882352941124
2014-08-18,1.105,1.105,0.09057971014492239
2014-08-19,1.1,1.1,-0.4524886877827927
2014-08-20,1.096,1.096,-0.363636363636366
2014-08-21,1.08,1.08,-1.4598540145985384
2014-08-22,1.086,1.086,0.5555555555555536
2014-08-25,1.071,1.071,-1.3812154696132728
2014-08-26,1.068,1.068,-0.2801120448179151
2014-08-27,1.066,1.066,-0.1872659176029967
2014-08-28,1.063,1.063,-0.2814258911819967
2014-08-29,1.074,1.074,1.0348071495766886
2014-09-01,1.077,1.077,0.27932960893852776
2014-09-02,1.1,1.1,2.1355617455896203
2014-09-03,1.118,1.118,1.6363636363636358
2014-09-04,1.13,1.13,1.0733452593917558
2014-09-05,1.15,1.15,1.7699115044247815
2014-09-09,1.136,1.136,-1.2173913043478257
2014-09-10,1.122,1.122,-1.2323943661971648
2014-09-11,1.117,1.117,-0.4456327985739805
2014-09-12,1.126,1.126,0.8057296329453845
2014-09-15,1.12,1.12,-0.5328596802841701
2014-09-16,1.095,1.095,-2.2321428571428714
2014-09-17,1.099,1.099,0.36529680365295913
2014-09-18,1.103,1.103,0.36396724294813776
2014-09-19,1.116,1.116,1.1786038077969296
2014-09-22,1.079,1.079,-3.31541218637994
2014-09-23,1.091,1.091,1.1121408711770142
2014-09-24,1.123,1.123,2.933088909257564
2014-09-25,1.112,1.112,-0.9795191451469232
2014-09-26,1.113,1.113,0.08992805755394517
2014-09-29,1.118,1.118,0.449236298292921
2014-09-30,1.117,1.117,-0.08944543828265372
2014-10-08,1.127,1.127,0.8952551477171111
2014-10-09,1.128,1.128,0.08873114463174847
2014-10-10,1.115,1.115,-1.1524822695035408
2014-10-13,1.104,1.104,-0.9865470852017832
2014-10-14,1.094,1.094,-0.9057971014492794
2014-10-15,1.111,1.111,1.5539305301645268
2014-10-16,1.106,1.106,-0.4500450045004434
2014-10-17,1.101,1.101,-0.452079566003627
2014-10-20,1.106,1.106,0.4541326067211804
2014-10-21,1.097,1.097,-0.8137432188065175
2014-10-22,1.095,1.095,-0.1823154056517784
2014-10-23,1.083,1.083,-1.0958904109588996
2014-10-24,1.08,1.08,-0.27700831024929373
2014-10-27,1.055,1.055,-2.314814814814825
2014-10-28,1.08,1.08,2.369668246445511
2014-10-29,1.102,1.102,2.037037037037037
2014-10-30,1.114,1.114,1.0889292196007316
2014-10-31,1.156,1.156,3.7701974865349985
2014-11-03,1.146,1.146,-0.865051903114189
2014-11-04,1.141,1.141,-0.43630017452006564
2014-11-05,1.136,1.136,-0.4382120946538226
2014-11-06,1.133,1.133,-0.2640845070422393
2014-11-07,1.138,1.138,0.44130626654896865
2014-11-10,1.186,1.186,4.217926186291754
2014-11-11,1.208,1.208,1.8549747048903997
2014-11-12,1.227,1.227,1.572847682119205
2014-11-13,1.226,1.226,-0.08149959250204342
2014-11-14,1.225,1.225,-0.08156606851549286
2014-11-17,1.203,1.203,-1.795918367346938
2014-11-18,1.178,1.178,-2.0781379883624385
2014-11-19,1.169,1.169,-0.7640067911714676
2014-11-20,1.172,1.172,0.2566295979469446
2014-11-21,1.214,1.214,3.583617747440271
2014-11-24,1.253,1.253,3.2125205930807255
2014-11-25,1.268,1.268,1.1971268954509284
2014-11-26,1.31,1.31,3.312302839116721
2014-11-27,1.345,1.345,2.6717557251908275
2014-11-28,1.406,1.406,4.535315985130106
2014-12-01,1.412,1.412,0.42674253200569723
2014-12-02,1.517,1.517,7.436260623229463
2014-12-03,1.527,1.527,0.6591957811469928
2014-12-04,1.673,1.673,9.561231172233153
2014-12-05,1.69,1.69,1.0161386730424438
2014-12-08,1.806,1.806,6.8639053254437865
2014-12-09,1.663,1.663,-7.9180509413067535
2014-12-10,1.733,1.733,4.209260372820212
2014-12-11,1.676,1.676,-3.2890940565493465
2014-12-12,1.676,1.676,0.0
2014-12-15,1.678,1.678,0.11933174224343368
2014-12-16,1.775,1.775,5.7806912991656745
2014-12-17,1.85,1.85,4.225352112676073
2014-12-18,1.832,1.832,-0.9729729729729741
2014-12-19,1.862,1.862,1.637554585152845
2014-12-22,1.899,1.899,1.9871106337271627
2014-12-23,1.847,1.847,-2.738283307003686
2014-12-24,1.75,1.75,-5.251759610178663
2014-12-25,1.838,1.838,5.028571428571427
2014-12-26,1.946,1.946,5.875952121871597
2014-12-29,1.953,1.953,0.3597122302158251
2014-12-30,1.986,1.986,1.6897081413210335
2014-12-31,2.046,2.046,3.0211480362537735
2015-01-05,2.116,2.116,3.4213098729227953
2015-01-06,2.086,2.086,-1.417769376181488
2015-01-07,2.082,2.082,-0.19175455417066445
2015-01-08,2.012,2.012,-3.3621517771373566
2015-01-09,2.018,2.018,0.29821073558646827
2015-01-12,1.994,1.994,-1.189296333002965
2015-01-13,1.979,1.979,-0.7522567703109329
2015-01-14,1.988,1.988,0.45477513895906263
2015-01-15,2.08,2.08,4.6277665995975825
2015-01-16,2.098,2.098,0.8653846153846123
2015-01-19,1.838,1.838,-12.392755004766432
2015-01-20,1.855,1.855,0.9249183895538637
2015-01-21,1.997,1.997,7.654986522911056
2015-01-22,1.993,1.993,-0.20030045067601643
2015-01-23,2.018,2.018,1.2543903662819655
2015-01-26,2.013,2.013,-0.24777006937561907
2015-01-27,1.972,1.972,-2.03676105315449
2015-01-28,1.936,1.936,-1.8255578093306357
2015-01-29,1.894,1.894,-2.169421487603307
2015-01-30,1.861,1.861,-1.7423442449841509
2015-02-02,1.793,1.793,-3.6539494895217683
2015-02-03,1.861,1.861,3.7925264919129953
2015-02-04,1.828,1.828,-1.7732401934443809
2015-02-05,1.81,1.81,-0.9846827133479175
2015-02-06,1.785,1.785,-1.3812154696132617
2015-02-09,1.825,1.825,2.2408963585434094
2015-02-10,1.863,1.863,2.082191780821918
2015-02-11,1.874,1.874,0.5904455179817525
2015-02-12,1.878,1.878,0.2134471718249653
2015-02-13,1.884,1.884,0.31948881789136685
2015-02-16,1.888,1.888,0.2123142250530785
2015-02-17,1.905,1.905,0.9004237288135597
2015-02-25,1.864,1.864,-2.1522309711286103
2015-02-26,1.944,1.944,4.29184549356223
2015-02-27,1.932,1.932,-0.6172839506172867
2015-03-02,1.935,1.935,0.15527950310558758
2015-03-03,1.858,1.858,-3.9793281653746737
2015-03-04,1.856,1.856,-0.10764262648008671
2015-03-05,1.828,1.828,-1.5086206896551713
2015-03-06,1.833,1.833,0.273522975929974
2015-03-09,1.891,1.891,3.1642116748499705
2015-03-10,1.853,1.853,-2.00951877313591
2015-03-11,1.868,1.868,0.8094981111710808
2015-03-12,1.942,1.942,3.9614561027837114
2015-03-13,1.949,1.949,0.3604531410916545
2015-03-16,2.004,2.004,2.8219599794766514
2015-03-17,2.037,2.037,1.646706586826352
2015-03-18,2.105,2.105,3.338242513500256
2015-03-19,2.081,2.081,-1.140142517814724
2015-03-20,2.129,2.129,2.3065833733781904
2015-03-23,2.17,2.17,1.9257867543447604
2015-03-24,2.132,2.132,-1.751152073732709
2015-03-25,2.098,2.098,-1.5947467166979479
2015-03-26,2.137,2.137,1.8589132507149664
2015-03-27,2.143,2.143,0.2807674309780017
2015-03-30,2.234,2.234,4.246383574428392
2015-03-31,2.201,2.201,-1.4771709937332123
2015-04-01,2.247,2.247,2.089959109495676
2015-04-02,2.233,2.233,-0.6230529595015466
2015-04-03,2.267,2.267,1.522615315718756
2015-04-07,2.336,2.336,3.0436700485222845
2015-04-08,2.392,2.392,2.397260273972601
2015-04-09,2.371,2.371,-0.8779264214046734
2015-04-10,2.43,2.43,2.4884015183467056
2015-04-13,2.485,2.485,2.263374485596703
2015-04-14,2.493,2.493,0.32193158953721657
2015-04-15,2.505,2.505,0.48134777376653837
2015-04-16,2.639,2.639,5.349301397205575
2015-04-17,2.679,2.679,1.5157256536566965
2015-04-20,2.597,2.597,-3.0608435983575877
2015-04-21,2.635,2.635,1.4632268001540272
2015-04-22,2.735,2.735,3.7950664136622514
2015-04-23,2.706,2.706,-1.0603290676416743
2015-04-24,2.665,2.665,-1.5151515151515138
2015-04-27,2.749,2.749,3.1519699812382784
2015-04-28,2.722,2.722,-0.982175336486002
2015-04-29,2.714,2.714,-0.29390154298309934
2015-04-30,2.692,2.692,-0.8106116433308719
2015-05-04,2.705,2.705,0.4829123328380369
2015-05-05,2.59,2.59,-4.251386321626627
2015-05-06,2.577,2.577,-0.5019305019305031
2015-05-07,2.539,2.539,-1.474582848273176
2015-05-08,2.549,2.549,0.3938558487593502
2015-05-11,2.604,2.604,2.157708905453126
2015-05-12,2.623,2.623,0.7296466973886417
2015-05-13,2.578,2.578,-1.715592832634405
2015-05-14,2.567,2.567,-0.4266873545383909
2015-05-15,2.5,2.5,-2.610050642773676
2015-05-18,2.44,2.44,-2.400000000000002
2015-05-19,2.56,2.56,4.918032786885251
2015-05-20,2.56,2.56,0.0
2015-05-21,2.598,2.598,1.4843749999999822
2015-05-22,2.693,2.693,3.6566589684372763
2015-05-25,2.797,2.797,3.8618640920906167
2015-05-26,2.814,2.814,0.6077940650697222
2015-05-27,2.779,2.779,-1.243781094527363
2015-05-28,2.573,2.573,-7.412738395106155
2015-05-29,2.56,2.56,-0.5052467936261129
2015-06-01,2.692,2.692,5.156249999999996
2015-06-02,2.703,2.703,0.40861812778603124
2015-06-03,2.685,2.685,-0.6659267480577102
2015-06-04,2.753,2.753,2.532588454376161
2015-06-05,2.748,2.748,-0.18162005085361477
2015-06-08,2.921,2.921,6.295487627365337
2015-06-09,2.855,2.855,-2.2595001711742446
2015-06-10,2.814,2.814,-1.436077057793339
2015-06-11,2.794,2.794,-0.7107320540156392
2015-06-12,2.807,2.807,0.4652827487473088
2015-06-15,2.71,2.71,-3.45564659779124
2015-06-16,2.642,2.642,-2.509225092250922
2015-06-17,2.669,2.669,1.0219530658591935
2015-06-18,2.536,2.536,-4.9831397527163706
2015-06-19,2.368,2.368,-6.624605678233442
2015-06-23,2.47,2.47,4.307432432432456
2015-06-24,2.512,2.512,1.7004048582995868
2015-06-25,2.413,2.413,-3.9410828025477795
2015-06-26,2.18,2.18,-9.656029838375456
2015-06-29,2.154,2.154,-1.192660550458724
2015-06-30,2.345,2.345,8.867223769730748
2015-07-01,2.222,2.222,-5.245202558635409
2015-07-02,2.178,2.178,-1.980198019801982
2015-07-03,2.073,2.073,-4.820936639118456
2015-07-06,2.236,2.236,7.863000482392679
2015-07-07,2.284,2.284,2.146690518783534
2015-07-08,2.098,2.098,-8.143607705779331
2015-07-09,2.286,2.286,8.960915157292671
2015-07-10,2.399,2.399,4.943132108486448
2015-07-13,2.356,2.356,-1.792413505627355
2015-07-14,2.256,2.256,-4.244482173174879
2015-07-15,2.243,2.243,-0.5762411347517649
2015-07-16,2.234,2.234,-0.40124832813196454
2015-07-17,2.297,2.297,2.820053715308868
2015-07-20,2.271,2.271,-1.1319111885067623
2015-07-21,2.262,2.262,-0.39630118890355837
2015-07-22,2.231,2.231,-1.3704686118479303
2015-07-23,2.288,2.288,2.5549081129538243
2015-07-24,2.239,2.239,-2.141608391608385
2015-07-27,1.988,1.988,-11.210361768646715
2015-07-28,1.978,1.978,-0.5030181086519092
2015-07-29,2.028,2.028,2.5278058645096024
2015-07-30,1.963,1.963,-3.205128205128205
2015-07-31,1.956,1.956,-0.356597045338769
2015-08-03,1.972,1.972,0.8179959100204526
2015-08-04,2.034,2.034,3.144016227180524
2015-08-05,1.985,1.985,-2.4090462143559366
2015-08-06,1.965,1.965,-1.0075566750629705
2015-08-07,1.998,1.998,1.6793893129770865
2015-08-10,2.11,2.11,5.60560560560559
2015-08-11,2.084,2.084,-1.2322274881516493
2015-08-12,2.058,2.058,-1.247600767754331
2015-08-13,2.07,2.07,0.5830903790087438
2015-08-14,2.069,2.069,-0.048309178743954906
2015-08-17,2.042,2.042,-1.3049782503624985
2015-08-18,1.904,1.904,-6.758080313418214
2015-08-19,1.921,1.921,0.8928571428571397
2015-08-20,1.855,1.855,-3.4357105674128086
2015-08-21,1.768,1.768,-4.690026954177895
2015-08-24,1.541,1.541,-12.839366515837114
2015-08-25,1.38,1.38,-10.447761194029859
2015-08-26,1.44,1.44,4.347826086956519
2015-08-27,1.604,1.604,11.388888888888893
2015-08-28,1.662,1.662,3.6159600997506036
2015-08-31,1.703,1.703,2.466907340553548
2015-09-01,1.722,1.722,1.1156782149148503
2015-09-02,1.73,1.73,0.4645760743321681
2015-09-07,1.634,1.634,-5.5491329479768865
2015-09-08,1.671,1.671,2.2643818849449326
2015-09-09,1.703,1.703,1.91502094554159
2015-09-10,1.7,1.7,-0.17615971814445297
2015-09-11,1.687,1.687,-0.764705882352934
2015-09-14,1.717,1.717,1.778304682868992
2015-09-15,1.661,1.661,-3.2615026208503206
2015-09-16,1.736,1.736,4.5153521974713895
2015-09-17,1.692,1.692,-2.5345622119815725
2015-09-18,1.692,1.692,0.0
2015-09-21,1.706,1.706,0.8274231678486954
2015-09-22,1.731,1.731,1.4654161781946229
2015-09-23,1.674,1.674,-3.2928942807625705
2015-09-24,1.681,1.681,0.4181600955794673
2015-09-25,1.665,1.665,-0.9518143961927406
2015-09-28,1.668,1.668,0.18018018018017834
2015-09-29,1.621,1.621,-2.8177458033573077
2015-09-30,1.641,1.641,1.2338062924120985
2015-10-08,1.69,1.69,2.9859841560024414
2015-10-09,1.715,1.715,1.479289940828421
2015-10-12,1.782,1.782,3.9067055393585903
2015-10-13,1.773,1.773,-0.5050505050505083
2015-10-14,1.752,1.752,-1.1844331641285955
2015-10-15,1.798,1.798,2.6255707762557146
2015-10-16,1.816,1.816,1.001112347052291
2015-10-19,1.814,1.814,-0.11013215859030367
2015-10-20,1.835,1.835,1.1576626240352716
2015-10-21,1.814,1.814,-1.1444141689373244
2015-10-22,1.827,1.827,0.7166482910694549
2015-10-23,1.844,1.844,0.9304871373837065
2015-10-26,1.844,1.844,0.0
2015-10-27,1.842,1.842,-0.10845986984815426
2015-10-28,1.802,1.802,-2.1715526601520097
2015-10-29,1.805,1.805,0.16648168701443034
2015-10-30,1.804,1.804,-0.055401662049858746
2015-11-02,1.777,1.777,-1.4966740576496718
2015-11-03,1.766,1.766,-0.6190208216094506
2015-11-04,1.88,1.88,6.455266138165339
2015-11-05,1.939,1.939,3.1382978723404342
2015-11-06,1.993,1.993,2.784940691077886
2015-11-09,2.026,2.026,1.6557952834922007
2015-11-10,2.015,2.015,-0.542941757156945
2015-11-11,1.998,1.998,-0.8436724565756837
2015-11-12,1.964,1.964,-1.7017017017017078
2015-11-13,1.938,1.938,-1.3238289205702691
2015-11-16,1.943,1.943,0.25799793601650745
2015-11-17,1.944,1.944,0.05146680391148184
2015-11-18,1.932,1.932,-0.6172839506172867
2015-11-19,1.965,1.965,1.7080745341615078
2015-11-20,1.953,1.953,-0.6106870229007688
2015-11-23,1.944,1.944,-0.4608294930875667
2015-11-24,1.938,1.938,-0.30864197530864335
2015-11-25,1.948,1.948,0.5159958720330149
2015-11-26,1.941,1.941,-0.35934291581107836
2015-11-27,1.812,1.812,-6.646058732612059
2015-11-30,1.823,1.823,0.6070640176600417
2015-12-01,1.833,1.833,0.5485463521667677
2015-12-02,1.956,1.956,6.710310965630106
2015-12-03,1.954,1.954,-0.10224948875255935
2015-12-04,1.892,1.892,-3.1729785056294757
2015-12-07,1.884,1.884,-0.42283298097252064
2015-12-08,1.86,1.86,-1.27388535031846
2015-12-09,1.863,1.863,0.1612903225806317
2015-12-10,1.849,1.849,-0.7514761137949577
2015-12-11,1.838,1.838,-0.5949161709031814
2015-12-14,1.909,1.909,3.8628944504896623
2015-12-15,1.876,1.876,-1.728653745416453
2015-12-16,1.866,1.866,-0.5330490405117128
2015-12-17,1.895,1.895,1.5541264737406246
2015-12-18,1.916,1.916,1.1081794195250572
2015-12-21,1.993,1.993,4.018789144050117
2015-12-22,1.984,1.984,-0.45158053186151736
2015-12-23,1.993,1.993,0.4536290322580738
2015-12-24,1.972,1.972,-1.0536879076768702
2015-12-25,1.98,1.98,0.40567951318457585
2015-12-28,1.906,1.906,-3.7373737373737392
2015-12-29,1.926,1.926,1.049317943336825
2015-12-30,1.918,1.918,-0.41536863966770143
2015-12-31,1.91,1.91,-0.4171011470281538
2016-01-04,1.773,1.773,-7.1727748691099436
2016-01-05,1.78,1.78,0.3948110547095318
2016-01-06,1.811,1.811,1.741573033707855
2016-01-07,1.671,1.671,-7.730535615681944
2016-01-08,1.713,1.713,2.5134649910233398
2016-01-11,1.619,1.619,-5.487448920023352
2016-01-12,1.625,1.625,0.3705991352686899
2016-01-13,1.606,1.606,-1.1692307692307669
2016-01-14,1.625,1.625,1.1830635118306398
2016-01-15,1.564,1.564,-3.753846153846152
2016-01-18,1.564,1.564,0.0
2016-01-19,1.624,1.624,3.8363171355498826
2016-01-20,1.585,1.585,-2.401477832512322
2016-01-21,1.537,1.537,-3.0283911671924346
2016-01-22,1.561,1.561,1.5614834092387841
2016-01-25,1.559,1.559,-0.12812299807815064
2016-01-26,1.452,1.452,-6.863373957665164
2016-01-27,1.451,1.451,-0.06887052341597588
2016-01-28,1.409,1.409,-2.894555478980021
2016-01-29,1.469,1.469,4.25833924769341
2016-02-01,1.436,1.436,-2.246426140231461
2016-02-02,1.469,1.469,2.2980501392757757
2016-02-03,1.447,1.447,-1.497617426820963
2016-02-04,1.472,1.472,1.7277125086385459
2016-02-05,1.462,1.462,-0.6793478260869623
2016-02-15,1.443,1.443,-1.2995896032831689
2016-02-16,1.495,1.495,3.603603603603611
2016-02-17,1.507,1.507,0.8026755852842626
2016-02-18,1.505,1.505,-0.13271400132713884
2016-02-19,1.5,1.5,-0.33222591362125353
2016-02-22,1.548,1.548,3.200000000000003
2016-02-23,1.524,1.524,-1.5503875968992276
2016-02-24,1.533,1.533,0.5905511811023612
2016-02-25,1.43,1.43,-6.7188519243313705
2016-02-26,1.45,1.45,1.3986013986013957
2016-02-29,1.431,1.431,-1.3103448275861962
2016-03-01,1.465,1.465,2.375960866526916
2016-03-02,1.543,1.543,5.324232081911262
2016-03-03,1.547,1.547,0.25923525599480524
2016-03-04,1.616,1.616,4.460245636716231
2016-03-07,1.605,1.605,-0.6806930693069368
2016-03-08,1.609,1.609,0.24922118380061864
2016-03-09,1.601,1.601,-0.49720323182100845
2016-03-10,1.553,1.553,-2.998126171143034
2016-03-11,1.56,1.56,0.4507405022537103
2016-03-14,1.57,1.57,0.6410256410256387
2016-03-15,1.592,1.592,1.4012738853503182
2016-03-16,1.629,1.629,2.3241206030150785
2016-03-17,1.626,1.626,-0.18416206261511192
2016-03-18,1.634,1.634,0.49200492004919383
2016-03-21,1.686,1.686,3.182374541003674
2016-03-22,1.663,1.663,-1.3641755634638097
2016-03-23,1.665,1.665,0.12026458208058699
2016-03-24,1.634,1.634,-1.8618618618618687
2016-03-25,1.639,1.639,0.3059975520195879
2016-03-28,1.615,1.615,-1.4643075045759568
2016-03-29,1.598,1.598,-1.0526315789473606
2016-03-30,1.652,1.652,3.379224030037542
2016-03-31,1.65,1.65,-0.1210653753026647
2016-04-01,1.659,1.659,0.5454545454545601
2016-04-05,1.669,1.669,0.6027727546714878
2016-04-06,1.659,1.659,-0.5991611743559
2016-04-07,1.633,1.633,-1.5672091621458772
2016-04-08,1.618,1.618,-0.9185548071034888
2016-04-11,1.638,1.638,1.23609394313966
2016-04-12,1.636,1.636,-0.12210012210012167
2016-04-13,1.662,1.662,1.5892420537897411
2016-04-14,1.668,1.668,0.3610108303249149
2016-04-15,1.672,1.672,0.23980815347721673
2016-04-18,1.648,1.648,-1.4354066985645897
2016-04-19,1.655,1.655,0.42475728155340065
2016-04-20,1.642,1.642,-0.7854984894259842
2016-04-21,1.64,1.64,-0.12180267965895553
2016-04-22,1.65,1.65,0.6097560975609762
2016-04-25,1.639,1.639,-0.6666666666666599
2016-04-26,1.646,1.646,0.4270896888346476
2016-04-27,1.638,1.638,-0.4860267314702349
2016-04-28,1.636,1.636,-0.12210012210012167
2016-04-29,1.629,1.629,-0.42787286063569185
2016-05-03,1.653,1.653,1.4732965009208066
2016-05-04,1.647,1.647,-0.3629764065335772
2016-05-05,1.645,1.645,-0.12143290831815312
2016-05-06,1.597,1.597,-2.9179331306990908
2016-05-09,1.565,1.565,-2.003757044458365
2016-05-10,1.564,1.564,-0.06389776357826893
2016-05-11,1.571,1.571,0.4475703324808178
2016-05-12,1.577,1.577,0.3819223424570417
2016-05-13,1.573,1.573,-0.25364616360177283
2016-05-16,1.575,1.575,0.12714558169104606
2016-05-17,1.571,1.571,-0.25396825396825085
2016-05-18,1.572,1.572,0.06365372374284028
2016-05-19,1.566,1.566,-0.3816793893129722
2016-05-20,1.577,1.577,0.7024265644955285
2016-05-23,1.578,1.578,0.06341154090045986
2016-05-24,1.563,1.563,-0.9505703422053258
2016-05-25,1.568,1.568,0.3198976327575265
2016-05-26,1.568,1.568,0.0
2016-05-27,1.572,1.572,0.25510204081633514
2016-05-30,1.583,1.583,0.6997455470737934
2016-05-31,1.654,1.654,4.485154769425148
2016-06-01,1.636,1.636,-1.0882708585247869
2016-06-02,1.634,1.634,-0.12224938875305957
2016-06-03,1.648,1.648,0.8567931456548328
2016-06-06,1.635,1.635,-0.7888349514563076
2016-06-07,1.637,1.637,0.12232415902140303
2016-06-08,1.633,1.633,-0.24434941967013124
2016-06-13,1.582,1.582,-3.1230863441518597
2016-06-14,1.595,1.595,0.8217446270543549
2016-06-15,1.603,1.603,0.5015673981191293
2016-06-16,1.596,1.596,-0.4366812227074135
2016-06-17,1.603,1.603,0.43859649122806044
2016-06-20,1.608,1.608,0.3119151590767366
2016-06-21,1.606,1.606,-0.12437810945273853
2016-06-22,1.618,1.618,0.7471980074719831
2016-06-23,1.61,1.61,-0.49443757725586845
2016-06-24,1.584,1.584,-1.6149068322981353
2016-06-27,1.605,1.605,1.325757575757569
2016-06-28,1.611,1.611,0.37383177570093906
2016-06-29,1.629,1.629,1.1173184357541999
2016-06-30,1.63,1.63,0.061387354205022504
2016-07-01,1.636,1.636,0.36809815950920033
2016-07-04,1.671,1.671,2.1393643031784926
2016-07-05,1.679,1.679,0.4787552363854086
2016-07-06,1.678,1.678,-0.059559261465169655
2016-07-07,1.683,1.683,0.29797377830751426
2016-07-08,1.671,1.671,-0.7130124777183555
2016-07-11,1.682,1.682,0.6582884500299091
2016-07-12,1.727,1.727,2.675386444708683
2016-07-13,1.73,1.73,0.17371163867978545
2016-07-14,1.727,1.727,-0.1734104046242746
2016-07-15,1.73,1.73,0.17371163867978545
2016-07-18,1.722,1.722,-0.46242774566473965
2016-07-19,1.71,1.71,-0.6968641114982632
2016-07-20,1.703,1.703,-0.4093567251461927
2016-07-21,1.714,1.714,0.6459189665296572
2016-07-22,1.694,1.694,-1.166861143523923
2016-07-25,1.695,1.695,0.05903187721369996
2016-07-26,1.721,1.721,1.5339233038348166
2016-07-27,1.709,1.709,-0.697269029633929
2016-07-28,1.705,1.705,-0.2340550029256927
2016-07-29,1.695,1.695,-0.5865102639296182
2016-08-01,1.684,1.684,-0.6489675516224258
2016-08-02,1.684,1.684,0.0
2016-08-03,1.682,1.682,-0.11876484560570111
2016-08-04,1.68,1.68,-0.11890606420927874
2016-08-05,1.689,1.689,0.5357142857142838
2016-08-08,1.698,1.698,0.5328596802841812
2016-08-09,1.715,1.715,1.0011778563015383
2016-08-10,1.71,1.71,-0.291545189504383
2016-08-11,1.717,1.717,0.4093567251462149
2016-08-12,1.766,1.766,2.853814793244025
2016-08-15,1.83,1.83,3.624009060022648
2016-08-16,1.8,1.8,-1.6393442622950838
2016-08-17,1.794,1.794,-0.33333333333332993
2016-08-18,1.784,1.784,-0.5574136008918651
2016-08-19,1.795,1.795,0.6165919282511201
2016-08-22,1.781,1.781,-0.7799442896935904
2016-08-23,1.784,1.784,0.16844469399215356
2016-08-24,1.774,1.774,-0.5605381165919243
2016-08-25,1.763,1.763,-0.6200676437429609
2016-08-26,1.761,1.761,-0.11344299489506326
2016-08-29,1.759,1.759,-0.11357183418512218
2016-08-30,1.77,1.77,0.625355315520193
2016-08-31,1.778,1.778,0.4519774011299438
2016-09-01,1.762,1.762,-0.8998875140607487
2016-09-02,1.773,1.773,0.6242905788876207
2016-09-05,1.774,1.774,0.056401579244225175
2016-09-06,1.78,1.78,0.33821871476888976
2016-09-07,1.784,1.784,0.22471910112360494
2016-09-08,1.784,1.784,0.0
2016-09-09,1.774,1.774,-0.5605381165919243
2016-09-12,1.744,1.744,-1.6910935738444155
2016-09-13,1.736,1.736,-0.4587155963302725
2016-09-14,1.723,1.723,-0.7488479262672709
2016-09-19,1.736,1.736,0.7544979686593178
2016-09-20,1.733,1.733,-0.1728110599078292
2016-09-21,1.737,1.737,0.2308136180034559
2016-09-22,1.749,1.749,0.6908462867012188
2016-09-23,1.743,1.743,-0.34305317324184736
2016-09-26,1.716,1.716,-1.5490533562822817
2016-09-27,1.723,1.723,0.40792540792542464
2016-09-28,1.713,1.713,-0.580383052814859
2016-09-29,1.724,1.724,0.6421482778750764
2016-09-30,1.729,1.729,0.29002320185615993
2016-10-10,1.756,1.756,1.5615962984383946
2016-10-11,1.759,1.759,0.17084282460135825
2016-10-12,1.751,1.751,-0.4548038658328646
2016-10-13,1.751,1.751,0.0
2016-10-14,1.76,1.76,0.5139920045688307
2016-10-17,1.744,1.744,-0.909090909090915
2016-10-18,1.776,1.776,1.8348623853211121
2016-10-19,1.773,1.773,-0.16891891891892552
2016-10-20,1.774,1.774,0.056401579244225175
2016-10-21,1.789,1.789,0.8455467869222133
2016-10-24,1.818,1.818,1.621017328116281
2016-10-25,1.813,1.813,-0.2750275027502802
2016-10-26,1.805,1.805,-0.44125758411472926
2016-10-27,1.799,1.799,-0.3324099722991747
2016-10-28,1.801,1.801,0.11117287381878782
2016-10-31,1.799,1.799,-0.1110494169905607
2016-11-01,1.81,1.81,0.611450806003333
2016-11-02,1.794,1.794,-0.8839779005524906
2016-11-03,1.821,1.821,1.5050167224080147
2016-11-04,1.818,1.818,-0.16474464579900872
2016-11-07,1.824,1.824,0.3300330033003229
2016-11-08,1.832,1.832,0.43859649122806044
2016-11-09,1.814,1.814,-0.9825327510917026
2016-11-10,1.838,1.838,1.3230429988974723
2016-11-11,1.857,1.857,1.0337323177366686
2016-11-14,1.868,1.868,0.5923532579429347
2016-11-15,1.86,1.86,-0.4282655246252709
2016-11-16,1.855,1.855,-0.26881720430108613
2016-11-17,1.863,1.863,0.43126684636118906
2016-11-18,1.857,1.857,-0.32206119162641045
2016-11-21,1.884,1.884,1.453957996768973
2016-11-22,1.902,1.902,0.9554140127388644
2016-11-23,1.909,1.909,0.3680336487907443
2016-11-24,1.919,1.919,0.5238344683080154
2016-11-25,1.945,1.945,1.354872329338197
2016-11-28,1.954,1.954,0.46272493573265017
2016-11-29,1.993,1.993,1.9959058341862956
2016-11-30,1.966,1.966,-1.354741595584552
2016-12-01,1.98,1.98,0.7121057985757906
2016-12-02,1.963,1.963,-0.8585858585858586
2016-12-05,1.92,1.92,-2.1905247070810097
2016-12-06,1.915,1.915,-0.26041666666666297
2016-12-07,1.922,1.922,0.3655352480417706
2016-12-08,1.927,1.927,0.2601456815817027
2016-12-09,1.96,1.96,1.712506486766996
2016-12-12,1.933,1.933,-1.3775510204081631
2016-12-13,1.918,1.918,-0.7759958613554163
2016-12-14,1.907,1.907,-0.573514077163706
2016-12-15,1.855,1.855,-2.726796014682753
2016-12-16,1.848,1.848,-0.37735849056602655
2016-12-19,1.84,1.84,-0.43290043290042934
2016-12-20,1.828,1.828,-0.6521739130434745
2016-12-21,1.845,1.845,0.9299781181619116
2016-12-22,1.839,1.839,-0.3252032520325243
2016-12-23,1.826,1.826,-0.7069059271343048
2016-12-26,1.845,1.845,1.0405257393209189
2016-12-27,1.836,1.836,-0.4878048780487698
2016-12-28,1.825,1.825,-0.5991285403050162
2016-12-29,1.825,1.825,0.0
2016-12-30,1.834,1.834,0.49315068493152037
2017-01-03,1.854,1.854,1.0905125408942284
2017-01-04,1.872,1.872,0.9708737864077666
2017-01-05,1.869,1.869,-0.1602564102564208
2017-01-06,1.861,1.861,-0.4280363830925671
2017-01-09,1.866,1.866,0.2686727565824887
2017-01-10,1.86,1.86,-0.3215434083601254
2017-01-11,1.85,1.85,-0.5376344086021501
2017-01-12,1.843,1.843,-0.3783783783783856
2017-01-13,1.857,1.857,0.7596310363537695
2017-01-16,1.886,1.886,1.5616585891222279
2017-01-17,1.876,1.876,-0.5302226935312793
2017-01-18,1.891,1.891,0.799573560767608
2017-01-19,1.881,1.881,-0.5288207297726055
2017-01-20,1.896,1.896,0.797448165869219
2017-01-23,1.895,1.895,-0.052742616033751855
2017-01-24,1.901,1.901,0.31662269129286713
2017-01-25,1.904,1.904,0.15781167806416807
2017-01-26,1.913,1.913,0.4726890756302504
2017-02-03,1.889,1.889,-1.254573967590178
2017-02-06,1.89,1.89,0.052938062466911795
2017-02-07,1.882,1.882,-0.4232804232804255
2017-02-08,1.895,1.895,0.6907545164718476
2017-02-09,1.901,1.901,0.31662269129286713
2017-02-10,1.913,1.913,0.6312467122567167
2017-02-13,1.925,1.925,0.6272869837950834
2017-02-14,1.917,1.917,-0.4155844155844135
2017-02-15,1.916,1.916,-0.05216484089723972
2017-02-16,1.919,1.919,0.15657620041753528
2017-02-17,1.908,1.908,-0.5732152162584714
2017-02-20,1.942,1.942,1.7819706498951815
2017-02-21,1.94,1.94,-0.1029866117404743
2017-02-22,1.943,1.943,0.1546391752577314
2017-02-23,1.934,1.934,-0.46320123520330325
2017-02-24,1.932,1.932,-0.10341261633919352
2017-02-27,1.914,1.914,-0.9316770186335366
2017-02-28,1.915,1.915,0.052246603970740324
2017-03-01,1.915,1.915,0.0
2017-03-02,1.9,1.9,-0.7832898172323799
2017-03-03,1.89,1.89,-0.5263157894736858
2017-03-06,1.896,1.896,0.31746031746031633
2017-03-07,1.901,1.901,0.2637130801687926
2017-03-08,1.902,1.902,0.052603892688063425
2017-03-09,1.89,1.89,-0.6309148264984188
2017-03-10,1.882,1.882,-0.4232804232804255
2017-03-13,1.902,1.902,1.0626992561105109
2017-03-14,1.898,1.898,-0.2103049421661396
2017-03-15,1.901,1.901,0.15806111696523573
2017-03-16,1.916,1.916,0.7890583903208848
2017-03-17,1.89,1.89,-1.3569937369519836
2017-03-20,1.894,1.894,0.2116402116402183
2017-03-21,1.9,1.9,0.31678986272438703
2017-03-22,1.883,1.883,-0.8947368421052593
2017-03-23,1.891,1.891,0.4248539564524645
2017-03-24,1.911,1.911,1.057641459545211
2017-03-27,1.907,1.907,-0.2093144950287784
2017-03-28,1.901,1.901,-0.3146303093864766
2017-03-29,1.899,1.899,-0.10520778537611575
2017-03-30,1.89,1.89,-0.4739336492891044
2017-03-31,1.903,1.903,0.6878306878306928
2017-04-05,1.929,1.929,1.366263794009459
2017-04-06,1.931,1.931,0.10368066355623817
2017-04-07,1.931,1.931,0.0
2017-04-10,1.924,1.924,-0.3625064733298822
2017-04-11,1.925,1.925,0.05197505197505059
2017-04-12,1.921,1.921,-0.2077922077922123
2017-04-13,1.914,1.914,-0.36439354502864063
2017-04-14,1.897,1.897,-0.8881922675026077
2017-04-17,1.9,1.9,0.1581444385872377
2017-04-18,1.885,1.885,-0.7894736842105177
2017-04-19,1.869,1.869,-0.8488063660477496
2017-04-20,1.878,1.878,0.48154093097911854
2017-04-21,1.888,1.888,0.5324813631522929
2017-04-24,1.883,1.883,-0.26483050847456724
2017-04-25,1.889,1.889,0.31864046733935947
2017-04-26,1.886,1.886,-0.1588141874007465
2017-04-27,1.891,1.891,0.2651113467656563
2017-04-28,1.887,1.887,-0.21152829190904665
2017-05-02,1.879,1.879,-0.4239533651298366
2017-05-03,1.872,1.872,-0.37253858435337683
2017-05-04,1.867,1.867,-0.26709401709402725
2017-05-05,1.86,1.86,-0.3749330476700563
2017-05-08,1.865,1.865,0.26881720430107503
2017-05-09,1.862,1.862,-0.16085790884717843
2017-05-10,1.868,1.868,0.3222341568206222
2017-05-11,1.881,1.881,0.6959314775160541
2017-05-12,1.917,1.917,1.9138755980861344
2017-05-15,1.921,1.921,0.20865936358893666
2017-05-16,1.926,1.926,0.26028110359186396
2017-05-17,1.905,1.905,-1.0903426791277204
2017-05-18,1.897,1.897,-0.4199475065616798
2017-05-19,1.902,1.902,0.26357406431205543
2017-05-22,1.92,1.92,0.9463722397476282
2017-05-23,1.95,1.95,1.5625
2017-05-24,1.946,1.946,-0.20512820512820218
2017-05-25,2.017,2.017,3.64850976361768
2017-05-26,2.013,2.013,-0.198314328210214
2017-05-31,2.022,2.022,0.44709388971684305
2017-06-01,2.037,2.037,0.7418397626112849
2017-06-02,2.017,2.017,-0.9818360333824216
2017-06-05,1.989,1.989,-1.3882002974714869
2017-06-06,2.004,2.004,0.7541478129713397
2017-06-07,2.027,2.027,1.1477045908183658
2017-06-08,2.048,2.048,1.0360138135175
2017-06-09,2.064,2.064,0.78125
2017-06-12,2.061,2.061,-0.14534883720930258
2017-06-13,2.059,2.059,-0.09704027171274499
2017-06-14,2.029,2.029,-1.457017969888308
2017-06-15,2.012,2.012,-0.8378511582060044
2017-06-16,2.007,2.007,-0.2485089463220569
2017-06-19,2.044,2.044,1.843547583457883
2017-06-20,2.03,2.03,-0.6849315068493289
2017-06-21,2.056,2.056,1.28078817733992
2017-06-22,2.071,2.071,0.7295719844357951
2017-06-23,2.09,2.09,0.917431192660545
2017-06-26,2.101,2.101,0.5263157894736858
2017-06-27,2.111,2.111,0.4759638267491706
2017-06-28,2.095,2.095,-0.7579346281383237
2017-06-29,2.112,2.112,0.8114558472553712
2017-06-30,2.105,2.105,-0.33143939393940336
2017-07-03,2.09,2.09,-0.7125890736342066
2017-07-04,2.067,2.067,-1.1004784688995017
2017-07-05,2.11,2.11,2.0803096274794264
2017-07-06,2.114,2.114,0.18957345971564177
2017-07-07,2.108,2.108,-0.2838221381267658
2017-07-10,2.122,2.122,0.6641366223908873
2017-07-11,2.151,2.151,1.3666352497643697
2017-07-12,2.144,2.144,-0.32543003254298375
2017-07-13,2.185,2.185,1.9123134328358216
2017-07-14,2.212,2.212,1.235697940503444
2017-07-17,2.216,2.216,0.1808318264014508
2017-07-18,2.206,2.206,-0.4512635379061436
2017-07-19,2.249,2.249,1.949229374433381
2017-07-20,2.257,2.257,0.35571365051134674
2017-07-21,2.227,2.227,-1.329198050509539
2017-07-24,2.247,2.247,0.898069151324643
2017-07-25,2.23,2.23,-0.7565643079661677
2017-07-26,2.224,2.224,-0.2690582959641197
2017-07-27,2.224,2.224,0.0
2017-07-28,2.227,2.227,0.13489208633092886
2017-07-31,2.229,2.229,0.08980691513247319
2017-08-01,2.271,2.271,1.8842530282637826
2017-08-02,2.275,2.275,0.1761338617349173
2017-08-03,2.236,2.236,-1.7142857142857015
2017-08-04,2.218,2.218,-0.8050089445438391
2017-08-07,2.226,2.226,0.36068530207393756
2017-08-08,2.229,2.229,0.13477088948787852
2017-08-09,2.211,2.211,-0.8075370121130687
2017-08-10,2.202,2.202,-0.4070556309362261
2017-08-11,2.16,2.16,-1.9073569482288777
2017-08-14,2.182,2.182,1.0185185185185075
2017-08-15,2.198,2.198,0.7332722273143855
2017-08-16,2.187,2.187,-0.5004549590536866
2017-08-17,2.199,2.199,0.5486968449931462
2017-08-18,2.211,2.211,0.5457025920873049
2017-08-21,2.21,2.21,-0.045228403437358455
2017-08-22,2.236,2.236,1.1764705882353121
2017-08-23,2.255,2.255,0.8497316636851382
2017-08-24,2.245,2.245,-0.44345898004433115
2017-08-25,2.304,2.304,2.628062360801775
2017-08-28,2.335,2.335,1.345486111111116
2017-08-29,2.336,2.336,0.04282655246252709
2017-08-30,2.321,2.321,-0.6421232876712146
2017-08-31,2.313,2.313,-0.34467901766479514
2017-09-01,2.307,2.307,-0.25940337224384935
2017-09-04,2.311,2.311,0.1733853489380044
2017-09-05,2.329,2.329,0.7788836001730859
2017-09-06,2.311,2.311,-0.7728638900815876
2017-09-07,2.29,2.29,-0.9086975335352632
2017-09-08,2.285,2.285,-0.21834061135370675
2017-09-11,2.277,2.277,-0.3501094091903689
2017-09-12,2.293,2.293,0.7026789635485198
2017-09-13,2.286,2.286,-0.3052769297863134
2017-09-14,2.269,2.269,-0.7436570428696387
2017-09-15,2.269,2.269,0.0
2017-09-18,2.276,2.276,0.30850594975759815
2017-09-19,2.267,2.267,-0.39543057996485054
2017-09-20,2.264,2.264,-0.13233348037053894
2017-09-21,2.275,2.275,0.4858657243816289
2017-09-22,2.276,2.276,0.04395604395603936
2017-09-25,2.276,2.276,0.0
2017-09-26,2.278,2.278,0.08787346221441616
2017-09-27,2.258,2.258,-0.8779631255487308
2017-09-28,2.262,2.262,0.1771479185119551
2017-09-29,2.273,2.273,0.48629531388153513
2017-10-09,2.297,2.297,1.055873295204579
2017-10-10,2.293,2.293,-0.17414018284719335
2017-10-11,2.309,2.309,0.6977758395115607
2017-10-12,2.32,2.32,0.47639670853181215
2017-10-13,2.318,2.318,-0.08620689655171043
2017-10-16,2.328,2.328,0.4314063848144922
2017-10-17,2.326,2.326,-0.08591065292095079
2017-10-18,2.349,2.349,0.9888220120378488
2017-10-19,2.353,2.353,0.1702852277564837
2017-10-20,2.337,2.337,-0.6799830004249885
2017-10-23,2.338,2.338,0.042789901583217826
2017-10-24,2.353,2.353,0.6415739948674171
2017-10-25,2.349,2.349,-0.16999575010624435
2017-10-26,2.374,2.374,1.0642826734780675
2017-10-27,2.42,2.42,1.9376579612468303
2017-10-30,2.408,2.408,-0.49586776859503745
2017-10-31,2.398,2.398,-0.41528239202657247
2017-11-01,2.389,2.389,-0.3753127606338724
2017-11-02,2.394,2.394,0.20929259104229825
2017-11-03,2.398,2.398,0.1670843776107045
2017-11-06,2.39,2.39,-0.33361134278565574
2017-11-07,2.422,2.422,1.3389121338912124
2017-11-08,2.421,2.421,-0.04128819157722674
2017-11-09,2.432,2.432,0.45435770342834303
2017-11-10,2.465,2.465,1.3569078947368363
2017-11-13,2.475,2.475,0.40567951318459805
2017-11-14,2.46,2.46,-0.60606060606061
2017-11-15,2.448,2.448,-0.4878048780487809
2017-11-16,2.479,2.479,1.2663398692810413
2017-11-17,2.537,2.537,2.3396530859217446
2017-11-20,2.543,2.543,0.23649980291684525
2017-11-21,2.593,2.593,1.9661816751867844
2017-11-22,2.614,2.614,0.8098727342846113
2017-11-23,2.538,2.538,-2.907421576128544
2017-11-24,2.537,2.537,-0.03940110323088497
2017-11-27,2.513,2.513,-0.9459992116673255
2017-11-28,2.497,2.497,-0.6366892160764026
2017-11-29,2.491,2.491,-0.240288346015205
2017-11-30,2.459,2.459,-1.284624648735444
2017-12-01,2.439,2.439,-0.8133387555917082
2017-12-04,2.459,2.459,0.8200082000820119
2017-12-05,2.509,2.509,2.0333468889792483
2017-12-06,2.472,2.472,-1.4746911119968065
2017-12-07,2.445,2.445,-1.092233009708743
2017-12-08,2.466,2.466,0.8588957055214896
2017-12-11,2.499,2.499,1.338199513381988
2017-12-12,2.447,2.447,-2.08083233293318
2017-12-13,2.471,2.471,0.980792807519415
2017-12-14,2.451,2.451,-0.809388911371911
2017-12-15,2.417,2.417,-1.3871889024887896
2017-12-18,2.429,2.429,0.49648324369051533
2017-12-19,2.471,2.471,1.729106628242083
2017-12-20,2.477,2.477,0.2428166734115722
2017-12-21,2.494,2.494,0.6863140896245623
2017-12-22,2.479,2.479,-0.6014434643143551
2017-12-25,2.477,2.477,-0.08067769261800306
2017-12-26,2.494,2.494,0.6863140896245623
2017-12-27,2.435,2.435,-2.365677626303131
2017-12-28,2.456,2.456,0.8624229979466103
2017-12-29,2.459,2.459,0.12214983713354499
2018-01-02,2.508,2.508,1.9926799511996718
2018-01-03,2.513,2.513,0.1993620414673103
2018-01-04,2.52,2.52,0.278551532033422
2018-01-05,2.534,2.534,0.5555555555555536
2018-01-08,2.545,2.545,0.4340962904498813
2018-01-09,2.571,2.571,1.0216110019646507
2018-01-10,2.595,2.595,0.9334889148191472
2018-01-11,2.592,2.592,-0.11560693641619046
2018-01-12,2.619,2.619,1.041666666666674
2018-01-15,2.644,2.644,0.9545628102329173
2018-01-16,2.665,2.665,0.7942511346444636
2018-01-17,2.672,2.672,0.262664165103188
2018-01-18,2.707,2.707,1.3098802395209441
2018-01-19,2.714,2.714,0.2585888437384609
2018-01-22,2.73,2.73,0.5895357406042745
2018-01-23,2.774,2.774,1.611721611721606
2018-01-24,2.773,2.773,-0.03604902667627696
2018-01-25,2.751,2.751,-0.7933645870898065
2018-01-26,2.772,2.772,0.7633587786259444
2018-01-29,2.715,2.715,-2.056277056277056
2018-01-30,2.676,2.676,-1.436464088397782
2018-01-31,2.714,2.714,1.4200298953662038
2018-02-01,2.735,2.735,0.773765659543102
2018-02-02,2.746,2.746,0.4021937842778822
2018-02-05,2.781,2.781,1.2745812090313224
2018-02-06,2.711,2.711,-2.5170801869831116
2018-02-07,2.624,2.624,-3.2091479158981806
2018-02-08,2.54,2.54,-3.2012195121951192
2018-02-09,2.404,2.404,-5.354330708661426
2018-02-12,2.401,2.401,-0.12479201331114798
2018-02-13,2.449,2.449,1.999167013744274
2018-02-14,2.467,2.467,0.7349938750510487
2018-02-22,2.526,2.526,2.3915687069314906
2018-02-23,2.556,2.556,1.187648456057011
2018-02-26,2.566,2.566,0.391236306729259
2018-02-27,2.521,2.521,-1.75370226032735
2018-02-28,2.472,2.472,-1.9436731455771517
2018-03-01,2.485,2.485,0.5258899676375384
2018-03-02,2.457,2.457,-1.1267605633802802
2018-03-05,2.456,2.456,-0.040700040700036855
2018-03-06,2.489,2.489,1.3436482084690615
2018-03-07,2.472,2.472,-0.6830052229811145
2018-03-08,2.494,2.494,0.8899676375404564
2018-03-09,2.504,2.504,0.400962309542896
2018-03-12,2.506,2.506,0.07987220447283061
2018-03-13,2.474,2.474,-1.2769353551476237
2018-03-14,2.464,2.464,-0.4042037186742231
2018-03-15,2.491,2.491,1.095779220779236
2018-03-16,2.463,2.463,-1.1240465676435218
2018-03-19,2.493,2.493,1.2180267965895109
2018-03-20,2.496,2.496,0.1203369434416457
2018-03-21,2.485,2.485,-0.4407051282051322
2018-03-22,2.458,2.458,-1.0865191146881115
2018-03-23,2.382,2.382,-3.0919446704637976
2018-03-26,2.335,2.335,-1.9731318219983307
2018-03-27,2.34,2.34,0.21413276231263545
2018-03-28,2.289,2.289,-2.1794871794871717
2018-03-29,2.335,2.335,2.00961118392311
2018-03-30,2.314,2.314,-0.8993576017130578
2018-04-02,2.303,2.303,-0.4753673292999139
2018-04-03,2.294,2.294,-0.39079461571862595
2018-04-04,2.295,2.295,0.043591979075841
2018-04-09,2.312,2.312,0.7407407407407307
2018-04-10,2.376,2.376,2.768166089965396
2018-04-11,2.376,2.376,0.0
2018-04-12,2.343,2.343,-1.388888888888884
2018-04-13,2.318,2.318,-1.0670081092616246
2018-04-16,2.256,2.256,-2.674719585849883
2018-04-17,2.227,2.227,-1.2854609929077943
2018-04-18,2.244,2.244,0.7633587786259666
2018-04-19,2.277,2.277,1.4705882352941124
2018-04-20,2.238,2.238,-1.7127799736495475
2018-04-23,2.259,2.259,0.9383378016085686
2018-04-24,2.319,2.319,2.6560424966799445
2018-04-25,2.294,2.294,-1.0780508840017244
2018-04-26,2.256,2.256,-1.6564952048823134
2018-04-27,2.243,2.243,-0.5762411347517649
2018-05-02,2.247,2.247,0.178332590280883
2018-05-03,2.255,2.255,0.3560302625723155
2018-05-04,2.235,2.235,-0.8869179600886956
2018-05-07,2.275,2.275,1.7897091722595126
2018-05-08,2.315,2.315,1.758241758241752
2018-05-09,2.312,2.312,-0.1295896328293744
2018-05-10,2.324,2.324,0.519031141868509
2018-05-11,2.317,2.317,-0.30120481927709
2018-05-14,2.346,2.346,1.2516184721622858
2018-05-15,2.341,2.341,-0.2131287297527651
2018-05-16,2.306,2.306,-1.495087569414788
2018-05-17,2.29,2.29,-0.6938421509106729
2018-05-18,2.334,2.334,1.9213973799126594
2018-05-21,2.337,2.337,0.12853470437017567
2018-05-22,2.318,2.318,-0.8130081300813052
2018-05-23,2.273,2.273,-1.9413287316652261
2018-05-24,2.256,2.256,-0.7479102507699231
2018-05-25,2.255,2.255,-0.04432624113475114
2018-05-28,2.269,2.269,0.6208425720620969
2018-05-29,2.256,2.256,-0.5729396209784188
2018-05-30,2.202,2.202,-2.393617021276584
2018-05-31,2.252,2.252,2.270663033605813
2018-06-01,2.244,2.244,-0.3552397868561097
2018-06-04,2.287,2.287,1.9162210338680818
2018-06-05,2.297,2.297,0.4372540445999329
2018-06-06,2.287,2.287,-0.4353504571179889
2018-06-07,2.295,2.295,0.3498032356799241
2018-06-08,2.253,2.253,-1.8300653594771177
2018-06-11,2.264,2.264,0.48823790501550945
2018-06-12,2.289,2.289,1.1042402826855202
2018-06-13,2.273,2.273,-0.6989951944080364
2018-06-14,2.276,2.276,0.13198416190056683
2018-06-15,2.279,2.279,0.13181019332162425
2018-06-19,2.213,2.213,-2.8960070206230704
2018-06-20,2.211,2.211,-0.09037505648441524
2018-06-21,2.193,2.193,-0.8141112618724411
2018-06-22,2.199,2.199,0.2735978112174964
2018-06-25,2.149,2.149,-2.273760800363789
2018-06-26,2.121,2.121,-1.3029315960912058
2018-06-27,2.066,2.066,-2.5931164545025975
2018-06-28,2.042,2.042,-1.1616650532429773
2018-06-29,2.096,2.096,2.6444662095984395
2018-07-02,2.003,2.003,-4.437022900763354
2018-07-03,2.011,2.011,0.39940089865202477
2018-07-04,1.991,1.991,-0.9945300845350613
2018-07-05,1.992,1.992,0.050226017076848706
2018-07-06,2.026,2.026,1.7068273092369468
2018-07-09,2.097,2.097,3.5044422507403805
2018-07-10,2.094,2.094,-0.14306151645208098
2018-07-11,2.055,2.055,-1.862464183381074
2018-07-12,2.106,2.106,2.481751824817513
2018-07-13,2.11,2.11,0.18993352326686086
2018-07-16,2.091,2.091,-0.9004739336492706
2018-07-17,2.076,2.076,-0.717360114777621
2018-07-18,2.064,2.064,-0.5780346820809301
2018-07-19,2.075,2.075,0.5329457364341206
2018-07-20,2.141,2.141,3.1807228915662566
2018-07-23,2.17,2.17,1.3545072396076607
2018-07-24,2.211,2.211,1.8894009216589902
2018-07-25,2.21,2.21,-0.045228403437358455
2018-07-26,2.176,2.176,-1.538461538461533
2018-07-27,2.176,2.176,0.0
2018-07-30,2.188,2.188,0.5514705882353033
2018-07-31,2.196,2.196,0.3656307129798808
2018-08-01,2.138,2.138,-2.641165755919872
2018-08-02,2.085,2.085,-2.478952291861547
2018-08-03,2.058,2.058,-1.2949640287769904
2018-08-06,2.056,2.056,-0.09718172983478324
2018-08-07,2.131,2.131,3.6478599221789754
2018-08-08,2.095,2.095,-1.689347724073187
2018-08-09,2.152,2.152,2.7207637231503545
2018-08-10,2.152,2.152,0.0
2018-08-13,2.127,2.127,-1.1617100371747346
2018-08-14,2.119,2.119,-0.3761165961447821
2018-08-15,2.055,2.055,-3.020292590844742
2018-08-16,2.054,2.054,-0.04866180048663793
2018-08-17,2.021,2.021,-1.606621226874383
2018-08-20,2.059,2.059,1.8802572983671606
2018-08-21,2.097,2.097,1.845556095191836
2018-08-22,2.1,2.1,0.14306151645206988
2018-08-23,2.11,2.11,0.4761904761904745
2018-08-24,2.124,2.124,0.6635071090047573
2018-08-27,2.172,2.172,2.259887005649719
2018-08-28,2.161,2.161,-0.5064456721915356
2018-08-29,2.154,2.154,-0.3239241092087064
2018-08-30,2.134,2.134,-0.9285051067780881
2018-08-31,2.122,2.122,-0.5623242736644829
2018-09-03,2.113,2.113,-0.4241281809613473
2018-09-04,2.151,2.151,1.7983909133932663
2018-09-05,2.088,2.088,-2.9288702928870203
2018-09-06,2.067,2.067,-1.0057471264367734
2018-09-07,2.092,2.092,1.2094823415577993
2018-09-10,2.067,2.067,-1.195028680688337
2018-09-11,2.05,2.05,-0.8224479922593342
2018-09-12,2.033,2.033,-0.8292682926829276
2018-09-13,2.067,2.067,1.6724053123462923
2018-09-14,2.076,2.076,0.4354136429608024
2018-09-17,2.053,2.053,-1.1078998073217772
2018-09-18,2.114,2.114,2.971261568436434
2018-09-19,2.139,2.139,1.1825922421948798
2018-09-20,2.142,2.142,0.14025245441795509
2018-09-21,2.233,2.233,4.2483660130719025
2018-09-25,2.201,2.201,-1.4330497089117822
2018-09-26,2.239,2.239,1.7264879600181748
2018-09-27,2.229,2.229,-0.44662795891021734
2018-09-28,2.26,2.26,1.3907581875280295
2018-10-08,2.134,2.134,-5.5752212389380436
2018-10-09,2.146,2.146,0.5623242736644718
2018-10-10,2.146,2.146,0.0
2018-10-11,2.04,2.04,-4.93942218080149
2018-10-12,2.095,2.095,2.6960784313725616
2018-10-15,2.064,2.064,-1.479713603818622
2018-10-16,2.068,2.068,0.19379844961240345
2018-10-17,2.078,2.078,0.4835589941972751
2018-10-18,2.02,2.02,-2.791145332050038
2018-10-19,2.092,2.092,3.5643564356435675
2018-10-22,2.2,2.2,5.162523900573612
2018-10-23,2.112,2.112,-4.0000000000000036
2018-10-24,2.126,2.126,0.6628787878787845
2018-10-25,2.132,2.132,0.2822201317027373
2018-10-26,2.117,2.117,-0.703564727954975
2018-10-29,2.032,2.032,-4.015115729806329
2018-10-30,2.064,2.064,1.5748031496062964
2018-10-31,2.097,2.097,1.5988372093023173
2018-11-01,2.108,2.108,0.5245588936576118
2018-11-02,2.195,2.195,4.127134724857662
2018-11-05,2.159,2.159,-1.6400911161731258
2018-11-06,2.147,2.147,-0.5558128763316406
2018-11-07,2.129,2.129,-0.8383791336748825
2018-11-08,2.138,2.138,0.42273367778298265
2018-11-09,2.081,2.081,-2.666043030869969
2018-11-12,2.091,2.091,0.48053820278712855
2018-11-13,2.11,2.11,0.9086561453849784
2018-11-14,2.076,2.076,-1.6113744075829328
2018-11-15,2.106,2.106,1.445086705202292
2018-11-16,2.108,2.108,0.09496676163343043
2018-11-19,2.141,2.141,1.565464895635671
2018-11-20,2.099,2.099,-1.9617001401214251
2018-11-21,2.098,2.098,-0.04764173415914286
2018-11-22,2.084,2.084,-0.6673021925643341
2018-11-23,2.043,2.043,-1.9673704414587267
2018-11-26,2.051,2.051,0.39158100832110687
2018-11-27,2.04,2.04,-0.5363237445148772
2018-11-28,2.067,2.067,1.3235294117647234
2018-11-29,2.054,2.054,-0.628930817610085
2018-11-30,2.075,2.075,1.0223953261928154
2018-12-03,2.132,2.132,2.7469879518072338
2018-12-04,2.14,2.14,0.37523452157599557
2018-12-05,2.129,2.129,-0.5140186915887912
2018-12-06,2.083,2.083,-2.1606387975575347
2018-12-07,2.075,2.075,-0.3840614498319739
2018-12-10,2.058,2.058,-0.8192771084337469
2018-12-11,2.063,2.063,0.24295432458698585
2018-12-12,2.069,2.069,0.2908385845855399
2018-12-13,2.103,2.103,1.6433059449009413
2018-12-14,2.073,2.073,-1.4265335235378096
2018-12-17,2.07,2.07,-0.14471780028944004
2018-12-18,2.041,2.041,-1.40096618357487
2018-12-19,2.015,2.015,-1.27388535031846
2018-12-20,1.981,1.981,-1.6873449131513674
2018-12-21,1.952,1.952,-1.463907117617369
2018-12-24,1.954,1.954,0.10245901639345245
2018-12-25,1.942,1.942,-0.61412487205732
2018-12-26,1.925,1.925,-0.875386199794026
2018-12-27,1.925,1.925,0.0
2018-12-28,1.936,1.936,0.5714285714285561
2019-01-02,1.905,1.905,-1.6012396694214837
2019-01-03,1.911,1.911,0.31496062992126816
2019-01-04,1.96,1.96,2.564102564102555
2019-01-07,1.957,1.957,-0.1530612244897922
2019-01-08,1.95,1.95,-0.35769034236076136
2019-01-09,1.975,1.975,1.2820512820512997
2019-01-10,1.978,1.978,0.15189873417720268
2019-01-11,1.997,1.997,0.9605662285136596
2019-01-14,1.975,1.975,-1.1016524787180737
2019-01-15,2.02,2.02,2.278481012658218
2019-01-16,2.024,2.024,0.1980198019801982
2019-01-17,2.015,2.015,-0.44466403162054524
2019-01-18,2.059,2.059,2.1836228287841264
2019-01-21,2.074,2.074,0.7285089849441428
2019-01-22,2.046,2.046,-1.3500482160077154
2019-01-23,2.042,2.042,-0.19550342130987275
2019-01-24,2.053,2.053,0.5386875612145126
2019-01-25,2.083,2.083,1.4612761811982677
2019-01-28,2.08,2.08,-0.1440230436869916
2019-01-29,2.098,2.098,0.8653846153846123
2019-01-30,2.087,2.087,-0.5243088655862538
2019-01-31,2.124,2.124,1.772879731672261
2019-02-01,2.142,2.142,0.8474576271186418
2019-02-11,2.166,2.166,1.1204481792717047
2019-02-12,2.174,2.174,0.3693444136657398
2019-02-13,2.221,2.221,2.161913523459069
2019-02-14,2.217,2.217,-0.18009905447996521
2019-02-15,2.161,2.161,-2.525935949481284
2019-02-18,2.221,2.221,2.7764923646460105
2019-02-19,2.217,2.217,-0.18009905447996521
2019-02-20,2.227,2.227,0.451059990978786
2019-02-21,2.216,2.216,-0.493938033228547
2019-02-22,2.268,2.268,2.3465703971119023
2019-02-25,2.466,2.466,8.730158730158744
2019-02-26,2.378,2.378,-3.5685320356853234
2019-02-27,2.386,2.386,0.3364171572750152
2019-02-28,2.386,2.386,0.0
2019-03-01,2.452,2.452,2.7661357921207053
2019-03-04,2.465,2.465,0.5301794453507203
2019-03-05,2.463,2.463,-0.08113590263690851
2019-03-06,2.47,2.47,0.2842062525375555
2019-03-07,2.423,2.423,-1.9028340080971762
2019-03-08,2.325,2.325,-4.044572843582328
2019-03-11,2.34,2.34,0.6451612903225712
2019-03-12,2.351,2.351,0.4700854700854684
2019-03-13,2.356,2.356,0.21267545725223158
2019-03-14,2.36,2.36,0.1697792869269854
2019-03-15,2.39,2.39,1.271186440677985
2019-03-18,2.462,2.462,3.0125523012552335
2019-03-19,2.44,2.44,-0.8935824532900205
2019-03-20,2.444,2.444,0.16393442622950616
2019-03-21,2.434,2.434,-0.40916530278231056
2019-03-22,2.427,2.427,-0.2875924404272867
2019-03-25,2.352,2.352,-3.0902348578492056
2019-03-26,2.342,2.342,-0.42517006802720303
2019-03-27,2.373,2.373,1.3236549957301502
2019-03-28,2.368,2.368,-0.21070375052677504
2019-03-29,2.469,2.469,4.265202702702697
2019-04-01,2.524,2.524,2.227622519238559
2019-04-02,2.522,2.522,-0.07923930269414514
2019-04-03,2.551,2.551,1.1498810467882814
2019-04-04,2.589,2.589,1.489611916895317
2019-04-08,2.593,2.593,0.15449980687525233
2019-04-09,2.599,2.599,0.23139220979562225
2019-04-10,2.614,2.614,0.5771450557906732
2019-04-11,2.562,2.562,-1.9892884468247884
2019-04-12,2.556,2.556,-0.23419203747071515
2019-04-15,2.556,2.556,0.0
2019-04-16,2.658,2.658,3.9906103286384997
2019-04-17,2.647,2.647,-0.4138449962377777
2019-04-18,2.637,2.637,-0.3777861730260623
2019-04-19,2.674,2.674,1.403109594235863
2019-04-22,2.608,2.608,-2.4682124158563856
2019-04-23,2.613,2.613,0.19171779141102796
2019-04-24,2.608,2.608,-0.19135093761959432
2019-04-25,2.563,2.563,-1.7254601226993849
2019-04-26,2.53,2.53,-1.2875536480686844
2019-04-29,2.571,2.571,1.6205533596838073
2019-04-30,2.578,2.578,0.2722676001555735
2019-05-06,2.437,2.437,-5.469356089992239
2019-05-07,2.44,2.44,0.12310217480508978
2019-05-08,2.395,2.395,-1.8442622950819665
2019-05-09,2.336,2.336,-2.4634655532359107
2019-05-10,2.427,2.427,3.8955479452054798
2019-05-13,2.375,2.375,-2.142562834775441
2019-05-14,2.358,2.358,-0.715789473684203
2019-05-15,2.415,2.415,2.4173027989821794
2019-05-16,2.424,2.424,0.3726708074534013
2019-05-17,2.373,2.373,-2.1039603960395947
2019-05-20,2.349,2.349,-1.0113780025284513
2019-05-21,2.372,2.372,0.9791400595998256
2019-05-22,2.359,2.359,-0.5480607082630651
2019-05-23,2.327,2.327,-1.3565069944891928
2019-05-24,2.341,2.341,0.601633003867641
2019-05-27,2.364,2.364,0.9824861170439902
2019-05-28,2.383,2.383,0.803722504230131
2019-05-29,2.398,2.398,0.6294586655476442
2019-05-30,2.387,2.387,-0.4587155963302836
2019-05-31,2.378,2.378,-0.3770423125261768
2019-06-03,2.39,2.39,0.5046257359125228
2019-06-04,2.372,2.372,-0.7531380753138195
2019-06-05,2.368,2.368,-0.1686340640809414
2019-06-06,2.354,2.354,-0.591216216216206
2019-06-10,2.389,2.389,1.4868309260832602
2019-06-11,2.464,2.464,3.139388865634163
2019-06-12,2.452,2.452,-0.48701298701299134
2019-06-13,2.446,2.446,-0.2446982055464786
2019-06-14,2.44,2.44,-0.24529844644318732
2019-06-17,2.449,2.449,0.36885245901638886
2019-06-18,2.46,2.46,0.44916292364229893
2019-06-19,2.506,2.506,1.8699186991869787
2019-06-20,2.604,2.604,3.9106145251396773
2019-06-21,2.603,2.603,-0.038402457757291675
2019-06-24,2.609,2.609,0.23050326546292244
2019-06-25,2.569,2.569,-1.5331544653123808
2019-06-26,2.566,2.566,-0.11677695601401972
2019-06-27,2.605,2.605,1.5198752922837233
2019-06-28,2.602,2.602,-0.11516314779270731
2019-07-01,2.67,2.67,2.613374327440443
2019-07-02,2.666,2.666,-0.1498127340823996
2019-07-03,2.637,2.637,-1.087771942985738
2019-07-04,2.626,2.626,-0.4171406901782415
2019-07-05,2.637,2.637,0.4188880426504227
2019-07-08,2.574,2.574,-2.3890784982935176
2019-07-09,2.564,2.564,-0.38850038850037905
2019-07-10,2.562,2.562,-0.07800312012481436
2019-07-11,2.572,2.572,0.3903200624512104
2019-07-12,2.593,2.593,0.8164852255054367
2019-07-15,2.592,2.592,-0.03856536829925927
2019-07-16,2.575,2.575,-0.6558641975308643
2019-07-17,2.566,2.566,-0.34951456310681195
2019-07-18,2.555,2.555,-0.4286827747466804
2019-07-19,2.59,2.59,1.3698630136986134
2019-07-22,2.572,2.572,-0.6949806949806847
2019-07-23,2.573,2.573,0.038880248833583764
2019-07-24,2.602,2.602,1.1270890011659596
2019-07-25,2.627,2.627,0.9607993850883956
2019-07-26,2.632,2.632,0.19033117624667195
2019-07-29,2.628,2.628,-0.1519756838905817
2019-07-30,2.638,2.638,0.3805175038051667
2019-07-31,2.61,2.61,-1.0614101592115288
2019-08-01,2.585,2.585,-0.9578544061302652
2019-08-02,2.54,2.54,-1.7408123791102459
2019-08-05,2.485,2.485,-2.1653543307086687
2019-08-06,2.455,2.455,-1.2072434607645843
2019-08-07,2.441,2.441,-0.5702647657841231
2019-08-08,2.481,2.481,1.6386726751331349
2019-08-09,2.47,2.47,-0.4433696090286099
2019-08-12,2.519,2.519,1.983805668016192
2019-08-13,2.49,2.49,-1.1512504962286618
2019-08-14,2.499,2.499,0.3614457831325302
2019-08-15,2.508,2.508,0.36014405762303525
2019-08-16,2.52,2.52,0.4784688995215225
2019-08-19,2.577,2.577,2.261904761904754
2019-08-20,2.571,2.571,-0.2328288707799664
2019-08-21,2.569,2.569,-0.0777907429016067
2019-08-22,2.573,2.573,0.15570260801869296
2019-08-23,2.613,2.613,1.5546055188495833
2019-08-26,2.564,2.564,-1.8752391886720177
2019-08-27,2.584,2.584,0.7800312012480548
2019-08-28,2.562,2.562,-0.851393188854499
2019-08-29,2.551,2.551,-0.42935206869632037
2019-08-30,2.566,2.566,0.5880047040376146
2019-09-02,2.59,2.59,0.9353078721745955
2019-09-03,2.589,2.589,-0.03861003861003187
2019-09-04,2.623,2.623,1.313248358439556
2019-09-05,2.654,2.654,1.1818528402592232
2019-09-06,2.687,2.687,1.2434061793519247
2019-09-09,2.682,2.682,-0.18608113137327242
2019-09-10,2.671,2.671,-0.41014168530947304
2019-09-11,2.657,2.657,-0.5241482590789937
2019-09-12,2.697,2.697,1.5054572826496138
2019-09-16,2.684,2.684,-0.4820170559881265
2019-09-17,2.637,2.637,-1.7511177347242946
2019-09-18,2.653,2.653,0.6067500948047089
2019-09-19,2.657,2.657,0.15077271013945737
2019-09-20,2.663,2.663,0.22581859239743096
2019-09-23,2.631,2.631,-1.201652271873832
2019-09-24,2.637,2.637,0.22805017103764147
2019-09-25,2.627,2.627,-0.3792188092529458
2019-09-26,2.628,2.628,0.038066235249356595
2019-09-27,2.628,2.628,0.0
2019-09-30,2.595,2.595,-1.255707762557079
2019-10-08,2.618,2.618,0.8863198458574084
2019-10-09,2.621,2.621,0.11459129106188293
2019-10-10,2.637,2.637,0.6104540251812285
2019-10-11,2.682,2.682,1.7064846416382284
2019-10-14,2.711,2.711,1.0812826249067875
2019-10-15,2.712,2.712,0.03688675765400884
2019-10-16,2.701,2.701,-0.4056047197640189
2019-10-17,2.709,2.709,0.29618659755645815
2019-10-18,2.664,2.664,-1.661129568106312
2019-10-21,2.666,2.666,0.07507507507507061
2019-10-22,2.669,2.669,0.11252813203301848
2019-10-23,2.65,2.65,-0.7118771075309116
2019-10-24,2.658,2.658,0.30188679245282124
2019-10-25,2.664,2.664,0.22573363431153126
2019-10-28,2.678,2.678,0.5255255255255165
2019-10-29,2.666,2.666,-0.44809559372666063
2019-10-30,2.649,2.649,-0.6376594148537085
2019-10-31,2.653,2.653,0.15100037750095385
2019-11-01,2.702,2.702,1.846965699208436
2019-11-04,2.719,2.719,0.6291635825314446
2019-11-05,2.736,2.736,0.6252298639205733
2019-11-06,2.729,2.729,-0.25584795321638154
2019-11-07,2.729,2.729,0.0
2019-11-08,2.71,2.71,-0.6962257237083214
2019-11-11,2.663,2.663,-1.7343173431734416
2019-11-12,2.667,2.667,0.15020653398423178
2019-11-13,2.665,2.665,-0.07499062617172259
2019-11-14,2.663,2.663,-0.07504690431520133
2019-11-15,2.653,2.653,-0.37551633496056835
2019-11-18,2.677,2.677,0.9046362608367886
2019-11-19,2.696,2.696,0.7097497198356395
2019-11-20,2.663,2.663,-1.2240356083086157
2019-11-21,2.645,2.645,-0.6759294029290208
2019-11-22,2.617,2.617,-1.0586011342154977
2019-11-25,2.644,2.644,1.0317157050057313
2019-11-26,2.643,2.643,-0.037821482602129475
2019-11-27,2.638,2.638,-0.18917896329927464
2019-11-28,2.628,2.628,-0.37907505686125553
2019-11-29,2.588,2.588,-1.5220700152207
2019-12-02,2.594,2.594,0.23183925811436357
2019-12-03,2.604,2.604,0.38550501156515704
2019-12-04,2.598,2.598,-0.23041474654378336
2019-12-05,2.616,2.616,0.6928406466512715
2019-12-06,2.633,2.633,0.6498470948012258
2019-12-09,2.628,2.628,-0.18989745537408842
2019-12-10,2.63,2.63,0.07610350076101557
2019-12-11,2.644,2.644,0.5323193916349833
2019-12-12,2.634,2.634,-0.3782148260211837
2019-12-13,2.697,2.697,2.3917995444191487
2019-12-16,2.69,2.69,-0.25954764553207665
2019-12-17,2.722,2.722,1.1895910780669094
2019-12-18,2.714,2.714,-0.29390154298309934
2019-12-19,2.707,2.707,-0.2579218865143784
2019-12-20,2.702,2.702,-0.18470631695604034
2019-12-23,2.676,2.676,-0.962250185048108
2019-12-24,2.685,2.685,0.33632286995515237
2019-12-25,2.677,2.677,-0.29795158286778367
2019-12-26,2.699,2.699,0.8218154650728282
2019-12-27,2.706,2.706,0.2593553167840046
2019-12-30,2.748,2.748,1.55210643015522
2019-12-31,2.755,2.755,0.2547307132459764
2020-01-02,2.778,2.778,0.8348457350272342
2020-01-03,2.765,2.765,-0.4679625629949613
2020-01-06,2.747,2.747,-0.6509945750452162
2020-01-07,2.759,2.759,0.4368401892974161
2020-01-08,2.73,2.73,-1.05110547299746
2020-01-09,2.754,2.754,0.879120879120876
2020-01-10,2.758,2.758,0.1452432824981864
2020-01-13,2.777,2.777,0.6889050036258171
2020-01-14,2.773,2.773,-0.14404033129276073
2020-01-15,2.743,2.743,-1.0818608005770058
2020-01-16,2.733,2.733,-0.364564345606988
2020-01-17,2.739,2.739,0.2195389681668436
2020-01-20,2.755,2.755,0.5841548010222741
2020-01-21,2.704,2.704,-1.8511796733212238
2020-01-22,2.703,2.703,-0.03698224852072274
2020-01-23,2.622,2.622,-2.9966703662597127
2020-02-03,2.404,2.404,-8.31426392067124
2020-02-04,2.482,2.482,3.2445923460898696
2020-02-05,2.498,2.498,0.6446414182111226
2020-02-06,2.539,2.539,1.6413130504403517
2020-02-07,2.538,2.538,-0.03938558487595056
2020-02-10,2.536,2.536,-0.07880220646176994
2020-02-11,2.567,2.567,1.2223974763406975
2020-02-12,2.58,2.58,0.5064277366575665
2020-02-13,2.566,2.566,-0.5426356589147363
2020-02-14,2.582,2.582,0.623538581449723
2020-02-17,2.636,2.636,2.091402013942689
2020-02-18,2.61,2.61,-0.9863429438543347
2020-02-19,2.61,2.61,0.0
2020-02-20,2.664,2.664,2.0689655172413834
2020-02-21,2.655,2.655,-0.33783783783785104
2020-02-24,2.621,2.621,-1.2806026365348333
2020-02-25,2.596,2.596,-0.9538344143456667
2020-02-26,2.591,2.591,-0.19260400616332163
2020-02-27,2.595,2.595,0.15438054805094747
2020-02-28,2.511,2.511,-3.2369942196531776
2020-03-02,2.596,2.596,3.3851055356431736
2020-03-03,2.604,2.604,0.30816640986133237
2020-03-04,2.636,2.636,1.228878648233489
2020-03-05,2.701,2.701,2.4658573596358035
2020-03-06,2.648,2.648,-1.962236208811552
2020-03-09,2.558,2.558,-3.3987915407855063
2020-03-10,2.608,2.608,1.9546520719312177
2020-03-11,2.571,2.571,-1.418711656441718
2020-03-12,2.533,2.533,-1.4780241151303053
2020-03-13,2.493,2.493,-1.579155151993683
2020-03-16,2.384,2.384,-4.372242278379456
2020-03-17,2.372,2.372,-0.5033557046979831
2020-03-18,2.315,2.315,-2.4030354131534537
2020-03-19,2.261,2.261,-2.3326133909287172
2020-03-20,2.321,2.321,2.653693056169848
2020-03-23,2.25,2.25,-3.0590262817751013
2020-03-24,2.324,2.324,3.2888888888888745
2020-03-25,2.384,2.384,2.5817555938037806
2020-03-26,2.374,2.374,-0.4194630872483174
2020-03-27,2.389,2.389,0.6318449873630838
2020-03-30,2.377,2.377,-0.5023022185014603
2020-03-31,2.372,2.372,-0.21034917963819177
2020-04-01,2.368,2.368,-0.1686340640809414
2020-04-02,2.403,2.403,1.4780405405405483
2020-04-03,2.391,2.391,-0.4993757802746579
2020-04-07,2.44,2.44,2.049351735675442
2020-04-08,2.427,2.427,-0.532786885245895
2020-04-09,2.436,2.436,0.3708281829418958
2020-04-10,2.435,2.435,-0.04105090311986581
2020-04-13,2.423,2.423,-0.4928131416837789
2020-04-14,2.468,2.468,1.8572018159306536
2020-04-15,2.448,2.448,-0.8103727714748765
2020-04-16,2.45,2.45,0.08169934640522847
2020-04-17,2.49,2.49,1.6326530612244872
2020-04-20,2.5,2.5,0.40160642570279403
2020-04-21,2.468,2.468,-1.2800000000000034
2020-04-22,2.487,2.487,0.7698541329011377
2020-04-23,2.484,2.484,-0.12062726176116367
2020-04-24,2.462,2.462,-0.8856682769726176
2020-04-27,2.487,2.487,1.0154346060113673
2020-04-28,2.507,2.507,0.8041817450743949
2020-04-29,2.526,2.526,0.7578779417630521
2020-04-30,2.549,2.549,0.9105304829770455
2020-05-06,2.545,2.545,-0.15692428403295544
2020-05-07,2.54,2.54,-0.19646365422396617
2020-05-08,2.56,2.56,0.7874015748031482
2020-05-11,2.56,2.56,0.0
2020-05-12,2.557,2.557,-0.11718750000000444
2020-05-13,2.557,2.557,0.0
2020-05-14,2.528,2.528,-1.1341415721548675
2020-05-15,2.509,2.509,-0.7515822784810222
2020-05-18,2.53,2.53,0.8369868473495412
2020-05-19,2.549,2.549,0.7509881422924858
2020-05-20,2.546,2.546,-0.11769321302471658
2020-05-21,2.535,2.535,-0.43205027494107595
2020-05-22,2.465,2.465,-2.7613412228796985
2020-05-25,2.477,2.477,0.48681541582149546
2020-05-26,2.499,2.499,0.8881711748082388
2020-05-27,2.489,2.489,-0.4001600640256231
2020-05-28,2.498,2.498,0.36159100040178416
2020-05-29,2.499,2.499,0.04003202562048447
2020-06-01,2.561,2.561,2.480992396958781
2020-06-02,2.576,2.576,0.5857087075361145
2020-06-03,2.581,2.581,0.19409937888197337
2020-06-04,2.575,2.575,-0.23246803564509477
2020-06-05,2.589,2.589,0.5436893203883519
2020-06-08,2.602,2.602,0.5021243723445368
2020-06-09,2.62,2.62,0.6917755572636519
2020-06-10,2.605,2.605,-0.5725190839694694
2020-06-11,2.575,2.575,-1.151631477927051
2020-06-12,2.588,2.588,0.5048543689320395
2020-06-15,2.544,2.544,-1.7001545595054068
2020-06-16,2.574,2.574,1.1792452830188704
2020-06-17,2.578,2.578,0.15540015540016494
2020-06-18,2.592,2.592,0.5430566330488773
2020-06-19,2.624,2.624,1.2345679012345734
2020-06-22,2.621,2.621,-0.11432926829268997
2020-06-23,2.627,2.627,0.22892025944294403
2020-06-24,2.655,2.655,1.0658545869813407
2020-06-29,2.634,2.634,-0.7909604519773961
2020-06-30,2.653,2.653,0.7213363705391052
2020-07-01,2.724,2.724,2.676215604975507
2020-07-02,2.8,2.8,2.7900146842877893
2020-07-03,2.884,2.884,3.0000000000000027
2020-07-06,3.166,3.166,9.778085991678221
2020-07-07,3.099,3.099,-2.1162349968414262
2020-07-08,3.144,3.144,1.4520813165537216
2020-07-09,3.156,3.156,0.3816793893129722
2020-07-10,3.07,3.07,-2.7249683143219405
2020-07-13,3.113,3.113,1.4006514657980418
2020-07-14,3.077,3.077,-1.156440732412467
2020-07-15,3.047,3.047,-0.9749756256093534
2020-07-16,2.903,2.903,-4.725959960616999
2020-07-17,2.926,2.926,0.7922838442990132
2020-07-20,3.028,3.028,3.4859876965140035
2020-07-21,3.026,3.026,-0.06605019815060231
2020-07-22,3.031,3.031,0.16523463317912324
2020-07-23,3.028,3.028,-0.09897723523589752
2020-07-24,2.897,2.897,-4.326287978863941
2020-07-27,2.908,2.908,0.37970314118054294
2020-07-28,2.928,2.928,0.687757909215958
2020-07-29,2.988,2.988,2.049180327868849
2020-07-30,2.974,2.974,-0.46854082998660784
2020-07-31,2.992,2.992,0.6052454606590318
2020-08-03,3.025,3.025,1.1029411764705843
2020-08-04,3.056,3.056,1.0247933884297566
2020-08-05,3.033,3.033,-0.7526178010471285
2020-08-06,3.035,3.035,0.06594131223212063
2020-08-07,3.005,3.005,-0.9884678747940745
2020-08-10,3.03,3.03,0.8319467554076532
2020-08-11,3.004,3.004,-0.8580858085808551
2020-08-12,2.994,2.994,-0.3328894806923999
2020-08-13,2.983,2.983,-0.36740146960587694
2020-08-14,3.04,3.04,1.9108280254777066
2020-08-17,3.115,3.115,2.4671052631578982
2020-08-18,3.11,3.11,-0.16051364365972098
2020-08-19,3.048,3.048,-1.9935691318327953
2020-08-20,3.009,3.009,-1.279527559055127
2020-08-21,3.033,3.033,0.7976071784645988
2020-08-24,3.043,3.043,0.32970656116058095
2020-08-25,3.056,3.056,0.42720999014129735
2020-08-26,3.02,3.02,-1.1780104712041939
2020-08-27,3.039,3.039,0.6291390728476953
2020-08-28,3.121,3.121,2.6982560052648763
2020-08-31,3.092,3.092,-0.9291893623838532
2020-09-01,3.101,3.101,0.2910737386804696
2020-09-02,3.092,3.092,-0.290228958400518
2020-09-03,3.084,3.084,-0.2587322121604174
2020-09-04,3.053,3.053,-1.0051880674448843
2020-09-07,2.998,2.998,-1.8015067147068353
2020-09-08,3.033,3.033,1.1674449633088724
2020-09-09,2.982,2.982,-1.6815034619188873
2020-09-10,2.993,2.993,0.36887994634471344
2020-09-11,3.01,3.01,0.5679919812896728
2020-09-14,3.038,3.038,0.9302325581395321
2020-09-15,3.064,3.064,0.8558262014483287
2020-09-16,3.043,3.043,-0.6853785900783227
2020-09-17,3.011,3.011,-1.0515938218862986
2020-09-18,3.103,3.103,3.0554633012288335
2020-09-21,3.059,3.059,-1.4179825974863003
2020-09-22,3.019,3.019,-1.3076168682575995
2020-09-23,3.022,3.022,0.09937065253393662
2020-09-24,2.968,2.968,-1.786896095301116
2020-09-25,2.979,2.979,0.3706199460916437
2020-09-28,2.999,2.999,0.6713662302786139
2020-09-29,2.992,2.992,-0.2334111370456804
2020-09-30,2.978,2.978,-0.4679144385026701
2020-10-09,3.034,3.034,1.8804566823371172
2020-10-12,3.139,3.139,3.4607778510217457
2020-10-13,3.134,3.134,-0.15928639694169355
2020-10-14,3.121,3.121,-0.41480536056157646
2020-10-15,3.122,3.122,0.0320410124959869
2020-10-16,3.129,3.129,0.22421524663678305
2020-10-19,3.106,3.106,-0.7350591243208693
2020-10-20,3.109,3.109,0.09658725048293793
2020-10-21,3.13,3.13,0.6754583467352804
2020-10-22,3.117,3.117,-0.41533546325878135
2020-10-23,3.105,3.105,-0.38498556304138454
2020-10-26,3.051,3.051,-1.7391304347825987
2020-10-27,3.043,3.043,-0.2622091117666314
2020-10-28,3.061,3.061,0.5915215248110339
2020-10-29,3.08,3.08,0.6207121855602793
2020-10-30,3.026,3.026,-1.7532467532467622
2020-11-02,3.014,3.014,-0.396563119629878
2020-11-03,3.052,3.052,1.2607830126078357
2020-11-04,3.077,3.077,0.8191349934469239
2020-11-05,3.115,3.115,1.2349691257718565
2020-11-06,3.105,3.105,-0.32102728731943087
2020-11-09,3.165,3.165,1.9323671497584627
2020-11-10,3.163,3.163,-0.06319115323855096
2020-11-11,3.161,3.161,-0.06323110970596346
2020-11-12,3.144,3.144,-0.5378044922492831
2020-11-13,3.085,3.085,-1.8765903307888077
2020-11-16,3.126,3.126,1.329011345218789
2020-11-17,3.127,3.127,0.031989763275741545
2020-11-18,3.132,3.132,0.1598976654940909
2020-11-19,3.157,3.157,0.7982120051085451
2020-11-20,3.162,3.162,0.15837820715869366
2020-11-23,3.218,3.218,1.7710309930423884
2020-11-24,3.19,3.19,-0.8701056556867592
2020-11-25,3.165,3.165,-0.7836990595611271
2020-11-26,3.194,3.194,0.9162717219589167
2020-11-27,3.254,3.254,1.8785222291797243
2020-11-30,3.221,3.221,-1.0141364474492875
2020-12-01,3.305,3.305,2.607885749767158
2020-12-02,3.293,3.293,-0.3630862329803364
2020-12-03,3.286,3.286,-0.21257212268448455
2020-12-04,3.291,3.291,0.1521606816798471
2020-12-07,3.259,3.259,-0.9723488301428107
2020-12-08,3.247,3.247,-0.3682111077017547
2020-12-09,3.218,3.218,-0.8931321219587285
2020-12-10,3.204,3.204,-0.43505282784337407
2020-12-11,3.177,3.177,-0.8426966292134908
2020-12-14,3.209,3.209,1.007239534151716
2020-12-15,3.212,3.212,0.09348706762231096
2020-12-16,3.23,3.23,0.5603985056039873
2020-12-17,3.285,3.285,1.7027863777089758
2020-12-18,3.253,3.253,-0.9741248097412503
2020-12-21,3.261,3.261,0.24592683676605276
2020-12-22,3.212,3.212,-1.502606562404163
2020-12-23,3.239,3.239,0.8405977584059698
2020-12-24,3.233,3.233,-0.1852423587526908
2020-12-25,3.257,3.257,0.7423445716053134
2020-12-28,3.267,3.267,0.3070310101320084
2020-12-29,3.26,3.26,-0.2142638506274941
2020-12-30,3.311,3.311,1.5644171779141125
2020-12-31,3.382,3.382,2.1443672606463293
2021-01-04,3.38,3.38,-0.059136605558851585
2021-01-05,3.419,3.419,1.1538461538461497
2021-01-06,3.474,3.474,1.6086575021936333
2021-01-07,3.551,3.551,2.2164651698330484
2021-01-08,3.53,3.53,-0.5913827090960444
2021-01-11,3.513,3.513,-0.48158640226628746
2021-01-12,3.647,3.647,3.814403643609454
2021-01-13,3.61,3.61,-1.0145324924595522
2021-01-14,3.55,3.55,-1.6620498614958512
2021-01-15,3.553,3.553,0.08450704225353434
2021-01-18,3.585,3.585,0.9006473402758175
2021-01-19,3.545,3.545,-1.115760111576014
2021-01-20,3.548,3.548,0.08462623413258985
2021-01-21,3.588,3.588,1.1273957158962844
2021-01-22,3.581,3.581,-0.19509476031215334
2021-01-25,3.638,3.638,1.5917341524713802
2021-01-26,3.548,3.548,-2.473886750962062
2021-01-27,3.554,3.554,0.16910935738443378
2021-01-28,3.479,3.479,-2.1102982554867644
2021-01-29,3.452,3.452,-0.7760850819200971
2021-02-01,3.479,3.479,0.7821552723059177
2021-02-02,3.5,3.5,0.6036217303822866
2021-02-03,3.512,3.512,0.34285714285713365
2021-02-04,3.535,3.535,0.654897494305251
2021-02-05,3.582,3.582,1.3295615275813244
2021-02-08,3.623,3.623,1.1446119486320683
2021-02-09,3.687,3.687,1.7664918575765798
2021-02-10,3.76,3.76,1.9799294819636604
2021-02-18,3.755,3.755,-0.13297872340425343
2021-02-19,3.746,3.746,-0.2396804260985319
2021-02-22,3.621,3.621,-3.336892685531234
2021-02-23,3.634,3.634,0.35901684617509755
2021-02-24,3.536,3.536,-2.6967528893780957
2021-02-25,3.591,3.591,1.5554298642533881
2021-02-26,3.491,3.491,-2.78473962684489
2021-03-01,3.521,3.521,0.8593526210254776
2021-03-02,3.455,3.455,-1.8744674808293005
2021-03-03,3.552,3.552,2.8075253256150567
2021-03-04,3.446,3.446,-2.9842342342342287
2021-03-05,3.426,3.426,-0.580383052814859
2021-03-08,3.309,3.309,-3.4150612959719773
2021-03-09,3.253,3.253,-1.6923541855545454
2021-03-10,3.271,3.271,0.5533353827236409
2021-03-11,3.362,3.362,2.7820238459186797
2021-03-12,3.365,3.365,0.08923259964306318
2021-03-15,3.306,3.306,-1.7533432392273451
2021-03-16,3.33,3.33,0.7259528130671544
2021-03-17,3.324,3.324,-0.18018018018018944
2021-03-18,3.339,3.339,0.4512635379061436
2021-03-19,3.244,3.244,-2.845163222521707
2021-03-22,3.271,3.271,0.8323057953144142
2021-03-23,3.252,3.252,-0.5808621216753296
2021-03-24,3.202,3.202,-1.5375153751537418
2021-03-25,3.2,3.2,-0.06246096189880257
2021-03-26,3.262,3.262,1.937499999999992
2021-03-29,3.269,3.269,0.21459227467810482
2021-03-30,3.309,3.309,1.223615784643628
2021-03-31,3.275,3.275,-1.0275007555152649
2021-04-01,3.315,3.315,1.2213740458015376
2021-04-02,3.349,3.349,1.0256410256410442
2021-04-06,3.326,3.326,-0.6867721707972563
2021-04-07,3.29,3.29,-1.082381238725194
2021-04-08,3.306,3.306,0.4863221884498392
2021-04-09,3.254,3.254,-1.5728977616454975
2021-04-12,3.216,3.216,-1.1677934849416038
2021-04-13,3.198,3.198,-0.5597014925373234
2021-04-14,3.204,3.204,0.18761726078799779
2021-04-15,3.167,3.167,-1.154806491885152
2021-04-16,3.182,3.182,0.473634354278496
2021-04-19,3.248,3.248,2.0741671904462633
2021-04-20,3.24,3.24,-0.24630541871921707
2021-04-21,3.246,3.246,0.18518518518517713
2021-04-22,3.229,3.229,-0.5237215033887854
2021-04-23,3.262,3.262,1.0219882316506723
2021-04-26,3.206,3.206,-1.716738197424894
2021-04-27,3.214,3.214,0.24953212726137597
2021-04-28,3.215,3.215,0.031113876789046202
2021-04-29,3.261,3.261,1.4307931570762156
2021-04-30,3.23,3.23,-0.9506286415210119
2021-05-06,3.192,3.192,-1.17647058823529
2021-05-07,3.147,3.147,-1.4097744360902387
2021-05-10,3.147,3.147,0.0
2021-05-11,3.177,3.177,0.9532888465205058
2021-05-12,3.19,3.19,0.4091910607491256
2021-05-13,3.155,3.155,-1.0971786833855801
2021-05-14,3.246,3.246,2.8843106180665767
2021-05-17,3.278,3.278,0.9858287122612497
2021-05-18,3.276,3.276,-0.061012812690675045
2021-05-19,3.252,3.252,-0.73260073260073
2021-05-20,3.264,3.264,0.36900369003689537
2021-05-21,3.223,3.223,-1.2561274509803932
2021-05-24,3.237,3.237,0.43437790878064764
2021-05-25,3.383,3.383,4.5103490886623465
2021-05-26,3.396,3.396,0.38427431274017376
2021-05-27,3.406,3.406,0.2944640753828054
2021-05-28,3.399,3.399,-0.20551967116853032
2021-05-31,3.387,3.387,-0.3530450132391838
2021-06-01,3.388,3.388,0.02952465308532215
2021-06-02,3.361,3.361,-0.7969303423848828
2021-06-03,3.332,3.332,-0.8628384409402057
2021-06-04,3.349,3.349,0.5102040816326703
2021-06-07,3.341,3.341,-0.23887727679904325
2021-06-08,3.32,3.32,-0.6285543250523884
2021-06-09,3.33,3.33,0.3012048192771122
2021-06-10,3.349,3.349,0.5705705705705721
2021-06-11,3.319,3.319,-0.8957897879964261
2021-06-15,3.27,3.27,-1.476348297680019
2021-06-16,3.234,3.234,-1.1009174311926606
2021-06-17,3.227,3.227,-0.21645021645021467
2021-06-18,3.203,3.203,-0.7437248218159276
2021-06-21,3.183,3.183,-0.6244146113019045
2021-06-22,3.212,3.212,0.9110901665095872
2021-06-23,3.217,3.217,0.15566625155665204
2021-06-24,3.236,3.236,0.5906123717749567
2021-06-25,3.289,3.289,1.6378244746600767
2021-06-28,3.275,3.275,-0.4256612952265204
2021-06-29,3.245,3.245,-0.9160305343511421
2021-06-30,3.263,3.263,0.5546995377503805
2021-07-01,3.296,3.296,1.0113392583512182
2021-07-02,3.171,3.171,-3.7924757281553423
2021-07-05,3.168,3.168,-0.0946073793755775
2021-07-06,3.179,3.179,0.3472222222222099
2021-07-07,3.19,3.19,0.34602076124568004
2021-07-08,3.143,3.143,-1.4733542319749215
2021-07-09,3.13,3.13,-0.4136175628380534
2021-07-12,3.158,3.158,0.8945686900958538
2021-07-13,3.169,3.169,0.3483217226092572
2021-07-14,3.116,3.116,-1.6724518775638963
2021-07-15,3.188,3.188,2.310654685494229
2021-07-16,3.151,3.151,-1.1606022584692677
2021-07-19,3.164,3.164,0.4125674389082956
2021-07-20,3.156,3.156,-0.25284450063211006
2021-07-21,3.169,3.169,0.4119138149556445
2021-07-22,3.173,3.173,0.1262227832123708
2021-07-23,3.136,3.136,-1.16608887488181
2021-07-26,3.007,3.007,-4.113520408163263
2021-07-27,2.904,2.904,-3.4253408713003086
2021-07-28,2.931,2.931,0.9297520661156966
2021-07-29,2.96,2.96,0.9894234049812267
2021-07-30,2.911,2.911,-1.655405405405408
2021-08-02,2.99,2.99,2.713844039848845
2021-08-03,3.002,3.002,0.4013377926421313
2021-08-04,3.012,3.012,0.3331112591605567
2021-08-05,3.006,3.006,-0.19920318725100694
2021-08-06,2.98,2.98,-0.8649367930804952
2021-08-09,3.016,3.016,1.2080536912751683
2021-08-10,3.07,3.07,1.790450928381948
2021-08-11,3.043,3.043,-0.8794788273615572
2021-08-12,3.009,3.009,-1.1173184357541999
2021-08-13,3.002,3.002,-0.23263542705218576
2021-08-16,3.01,3.01,0.26648900732844094
2021-08-17,2.93,2.93,-2.6578073089700838
2021-08-18,2.972,2.972,1.433447098976104
2021-08-19,2.926,2.926,-1.5477792732166873
2021-08-20,2.856,2.856,-2.392344497607668
2021-08-23,2.884,2.884,0.9803921568627416
2021-08-24,2.933,2.933,1.6990291262135804
2021-08-25,2.945,2.945,0.4091374019774996
2021-08-26,2.876,2.876,-2.342954159592525
2021-08-27,2.907,2.907,1.0778859527120987
2021-08-30,2.897,2.897,-0.34399724802202103
2021-08-31,2.886,2.886,-0.37970314118052073
2021-09-01,2.955,2.955,2.3908523908523938
2021-09-02,2.952,2.952,-0.10152284263960087
2021-09-03,2.96,2.96,0.27100271002709064
2021-09-06,2.995,2.995,1.1824324324324342
2021-09-07,3.032,3.032,1.2353923205342232
2021-09-08,2.997,2.997,-1.1543535620052836
2021-09-09,2.988,2.988,-0.30030030030029353
2021-09-10,3.04,3.04,1.7402945113788482
2021-09-13,3.029,3.029,-0.36184210526316596
2021-09-14,2.976,2.976,-1.7497523935292136
2021-09-15,2.934,2.934,-1.4112903225806384
2021-09-16,2.915,2.915,-0.6475800954328648
2021-09-17,2.947,2.947,1.0977701543739338
2021-09-22,2.906,2.906,-1.3912453342382003
2021-09-23,2.912,2.912,0.2064693737095613
2021-09-24,2.934,2.934,0.7554945054945028
2021-09-27,2.995,2.995,2.0790729379686512
2021-09-28,2.995,2.995,0.0
2021-09-29,2.996,2.996,0.033388981636051085
2021-09-30,2.979,2.979,-0.5674232309746285
2021-10-08,3.043,3.043,2.148371936891569
2021-10-11,3.06,3.06,0.5586592178770999
2021-10-12,3.043,3.043,-0.5555555555555536
2021-10-13,3.075,3.075,1.0515938218862875
2021-10-14,3.054,3.054,-0.6829268292683044
2021-10-15,3.08,3.08,0.8513425016372089
2021-10-18,3.016,3.016,-2.0779220779220786
2021-10-19,3.039,3.039,0.762599469496017
2021-10-20,3.041,3.041,0.06581112207961759
2021-10-21,3.062,3.062,0.6905623150279538
2021-10-22,3.1,3.1,1.2410189418680773
2021-10-25,3.098,3.098,-0.064516129032266
2021-10-26,3.077,3.077,-0.677856681730149
2021-10-27,3.035,3.035,-1.364965875853097
2021-10-28,3.034,3.034,-0.032948929159815066
2021-10-29,3.052,3.052,0.5932762030323113
2021-11-01,3.037,3.037,-0.491480996068161
2021-11-02,2.998,2.998,-1.2841620019756195
2021-11-03,2.967,2.967,-1.0340226817878606
2021-11-04,2.993,2.993,0.8763060330299943
2021-11-05,2.991,2.991,-0.06682258603407654
2021-11-08,2.979,2.979,-0.4012036108325012
2021-11-09,2.972,2.972,-0.23497818059752262
2021-11-10,2.954,2.954,-0.6056527590847849
2021-11-11,3.023,3.023,2.3358158429248377
2021-11-12,3.01,3.01,-0.4300363876943547
2021-11-15,3.012,3.012,0.0664451827242507
2021-11-16,3.012,3.012,0.0
2021-11-17,2.992,2.992,-0.6640106241699861
2021-11-18,2.959,2.959,-1.1029411764705843
2021-11-19,2.998,2.998,1.3180128421764081
2021-11-22,2.996,2.996,-0.06671114076051143
2021-11-23,3.009,3.009,0.43391188251000745
2021-11-24,3.021,3.021,0.3988035892322994
2021-11-25,3.002,3.002,-0.6289308176100628
2021-11-26,2.971,2.971,-1.032644903397728
2021-11-29,2.971,2.971,0.0
2021-11-30,2.953,2.953,-0.6058566139347077
2021-12-01,2.965,2.965,0.406366407043679
2021-12-02,2.977,2.977,0.4047217537942682
2021-12-03,3.004,3.004,0.9069533087000314
2021-12-06,3.014,3.014,0.332889480692411
2021-12-07,3.04,3.04,0.862641008626408
2021-12-08,3.09,3.09,1.6447368421052655
2021-12-09,3.141,3.141,1.650485436893212
2021-12-10,3.138,3.138,-0.09551098376313627
2021-12-13,3.143,3.143,0.15933715742511012
2021-12-14,3.126,3.126,-0.5408845052497613
2021-12-15,3.093,3.093,-1.055662188099804
2021-12-16,3.104,3.104,0.3556417717426541
2021-12-17,3.054,3.054,-1.6108247422680466
2021-12-20,3.032,3.032,-0.7203667321545426
2021-12-21,3.047,3.047,0.49472295514512155
2021-12-22,3.033,3.033,-0.45946832950444216
2021-12-23,3.064,3.064,1.0220903395977698
2021-12-24,3.062,3.062,-0.06527415143603443
2021-12-27,3.057,3.057,-0.16329196603527274
2021-12-28,3.075,3.075,0.5888125613346507
2021-12-29,3.014,3.014,-1.9837398373983905
2021-12-30,3.036,3.036,0.7299270072992803
2021-12-31,3.045,3.045,0.29644268774702276
2022-01-04,3.036,3.036,-0.2955665024630516
2022-01-05,3.03,3.03,-0.19762845849803368
2022-01-06,2.982,2.982,-1.5841584158415745
2022-01-07,2.996,2.996,0.46948356807510194
2022-01-10,3.005,3.005,0.30040053404538636
2022-01-11,2.985,2.985,-0.6655574043261225
2022-01-12,3.009,3.009,0.8040201005025116
2022-01-13,2.955,2.955,-1.7946161515453585
2022-01-14,2.909,2.909,-1.5566835871404505
2022-01-17,2.92,2.92,0.3781368167755206
2022-01-18,2.958,2.958,1.3013698630137016
2022-01-19,2.958,2.958,0.0
2022-01-20,3.003,3.003,1.5212981744421983
2022-01-21,2.995,2.995,-0.2664002664002685
2022-01-24,2.984,2.984,-0.36727879799666185
2022-01-25,2.918,2.918,-2.2117962466487895
2022-01-26,2.933,2.933,0.5140507196709887
2022-01-27,2.896,2.896,-1.2615069894306163
2022-01-28,2.825,2.825,-2.4516574585635276
2022-02-07,2.884,2.884,2.0884955752212386
2022-02-08,2.887,2.887,0.10402219140084323
2022-02-09,2.909,2.909,0.7620367163144959
2022-02-10,2.917,2.917,0.2750085940185665
2022-02-11,2.912,2.912,-0.17140898183064524
2022-02-14,2.877,2.877,-1.2019230769230838
2022-02-15,2.889,2.889,0.4171011470281538
2022-02-16,2.905,2.905,0.5538248528902834
2022-02-17,2.908,2.908,0.103270223752161
2022-02-18,2.933,2.933,0.859697386519942
2022-02-21,2.919,2.919,-0.4773269689737347
2022-02-22,2.87,2.87,-1.6786570743405282
2022-02-23,2.889,2.889,0.6620209059233328
2022-02-24,2.832,2.832,-1.9730010384215957
2022-02-25,2.845,2.845,0.4590395480226217
2022-02-28,2.85,2.85,0.17574692442881013
2022-03-01,2.894,2.894,1.543859649122803
2022-03-02,2.877,2.877,-0.5874222529371198
2022-03-03,2.867,2.867,-0.3475842891901171
2022-03-04,2.835,2.835,-1.1161492849668608
2022-03-07,2.744,2.744,-3.2098765432098664
2022-03-08,2.704,2.704,-1.4577259475218707
2022-03-09,2.676,2.676,-1.0355029585798814
2022-03-10,2.702,2.702,0.9715994020926599
2022-03-11,2.711,2.711,0.33308660251665234
2022-03-14,2.621,2.621,-3.319808188860196
2022-03-15,2.476,2.476,-5.53223960320488
2022-03-16,2.599,2.599,4.96768982229403
2022-03-17,2.646,2.646,1.8083878414774768
2022-03-18,2.68,2.68,1.2849584278155746
2022-03-21,2.663,2.663,-0.6343283582089687
2022-03-22,2.671,2.671,0.30041306796846357
2022-03-23,2.688,2.688,0.6364657431673582
2022-03-24,2.673,2.673,-0.5580357142857206
2022-03-25,2.627,2.627,-1.7209128320239575
2022-03-28,2.625,2.625,-0.07613247049865768
2022-03-29,2.612,2.612,-0.49523809523809303
2022-03-30,2.687,2.687,2.8713629402756347
2022-03-31,2.67,2.67,-0.6326758466691396
2022-04-01,2.712,2.712,1.573033707865168
2022-04-06,2.7,2.7,-0.4424778761061954
2022-04-07,2.673,2.673,-1.0000000000000009
2022-04-08,2.698,2.698,0.9352787130564977
2022-04-11,2.621,2.621,-2.8539659006671547
2022-04-12,2.665,2.665,1.6787485692483894
2022-04-13,2.655,2.655,-0.37523452157599557
2022-04-14,2.7,2.7,1.6949152542373058
2022-04-15,2.703,2.703,0.11111111111110628
2022-04-18,2.66,2.66,-1.590825009248975
2022-04-19,2.633,2.633,-1.0150375939849687
2022-04-20,2.605,2.605,-1.0634257500949484
2022-04-21,2.569,2.569,-1.3819577735124766
2022-04-22,2.584,2.584,0.5838847800700764
2022-04-25,2.451,2.451,-5.147058823529416
2022-04-26,2.453,2.453,0.081599347205219
2022-04-27,2.503,2.503,2.038320423970652
2022-04-28,2.538,2.538,1.3983220135836971
2022-04-29,2.582,2.582,1.733648542159183
2022-05-05,2.57,2.57,-0.4647560030983766
2022-05-06,2.492,2.492,-3.0350194552529075
2022-05-09,2.466,2.466,-1.0433386837881087
2022-05-10,2.49,2.49,0.9732360097323589
2022-05-11,2.511,2.511,0.8433734939758963
2022-05-12,2.491,2.491,-0.796495420151333
2022-05-13,2.518,2.518,1.0839020473705219
2022-05-16,2.491,2.491,-1.072279586973779
2022-05-17,2.526,2.526,1.4050582095543884
2022-05-18,2.517,2.517,-0.3562945368171033
2022-05-19,2.515,2.515,-0.07945967421533195
2022-05-20,2.582,2.582,2.6640159045725476
2022-05-23,2.552,2.552,-1.1618900077459249
2022-05-24,2.509,2.509,-1.684952978056431
2022-05-25,2.514,2.514,0.19928258270227595
2022-05-26,2.514,2.514,0.0
2022-05-27,2.533,2.533,0.7557677008751096
2022-05-30,2.547,2.547,0.5527043031978041
2022-05-31,2.581,2.581,1.3349038084020437
2022-06-01,2.571,2.571,-0.38744672607515795
2022-06-02,2.566,2.566,-0.1944768572540001
2022-06-06,2.599,2.599,1.2860483242400855
2022-06-07,2.618,2.618,0.7310504040015209
2022-06-08,2.652,2.652,1.2987012987013102
2022-06-09,2.642,2.642,-0.37707390648568095
2022-06-10,2.675,2.675,1.249053747161244
2022-06-13,2.624,2.624,-1.906542056074756
2022-06-14,2.663,2.663,1.4862804878048586
2022-06-15,2.702,2.702,1.4645137063462377
2022-06-16,2.675,2.675,-0.9992598075499681
2022-06-17,2.718,2.718,1.6074766355140158
2022-06-20,2.712,2.712,-0.22075055187636972
2022-06-21,2.718,2.718,0.22123893805308104
2022-06-22,2.687,2.687,-1.1405445180279639
2022-06-23,2.728,2.728,1.5258652772609071
2022-06-24,2.767,2.767,1.4296187683284334
2022-06-27,2.805,2.805,1.3733285146368068
2022-06-28,2.832,2.832,0.9625668449197766
2022-06-29,2.807,2.807,-0.8827683615819204
2022-06-30,2.858,2.858,1.8168863555397374
2022-07-01,2.847,2.847,-0.3848845346396068
2022-07-04,2.852,2.852,0.17562346329469403
2022-07-05,2.852,2.852,0.0
2022-07-06,2.8,2.8,-1.8232819074333828
2022-07-07,2.791,2.791,-0.3214285714285725
2022-07-08,2.795,2.795,0.14331780723755294
2022-07-11,2.75,2.75,-1.610017889087656
2022-07-12,2.733,2.733,-0.6181818181818177
2022-07-13,2.724,2.724,-0.3293084522502654
2022-07-14,2.704,2.704,-0.7342143906020615
2022-07-15,2.661,2.661,-1.5902366863905337
2022-07-18,2.7,2.7,1.4656144306651742
2022-07-19,2.688,2.688,-0.4444444444444473
2022-07-20,2.697,2.697,0.33482142857141906
2022-07-21,2.663,2.663,-1.2606599925843676
2022-07-22,2.676,2.676,0.4881712354487533
2022-07-25,2.667,2.667,-0.3363228699551746
2022-07-26,2.68,2.68,0.48743907011625787
2022-07-27,2.656,2.656,-0.8955223880596996
2022-07-28,2.655,2.655,-0.037650602409655676
2022-07-29,2.617,2.617,-1.4312617702448183
2022-08-01,2.607,2.607,-0.38211692777989636
2022-08-02,2.559,2.559,-1.8411967779056404
2022-08-03,2.539,2.539,-0.7815552950371285
2022-08-04,2.566,2.566,1.0634107916502433
2022-08-05,2.604,2.604,1.480904130943106
2022-08-08,2.589,2.589,-0.5760368663594528
2022-08-09,2.59,2.59,0.03862495171880198
2022-08-10,2.557,2.557,-1.2741312741312738
2022-08-11,2.615,2.615,2.2682831443097573
2022-08-12,2.625,2.625,0.3824091778202643
2022-08-15,2.609,2.609,-0.6095238095238154
2022-08-16,2.596,2.596,-0.4982752012265168
2022-08-17,2.612,2.612,0.6163328197226425
2022-08-18,2.586,2.586,-0.9954058192955695
2022-08-19,2.581,2.581,-0.19334880123742515
2022-08-22,2.582,2.582,0.038744672607515795
2022-08-23,2.563,2.563,-0.7358636715724121
2022-08-24,2.535,2.535,-1.0924697619976609
2022-08-25,2.582,2.582,1.8540433925049227
2022-08-26,2.583,2.583,0.038729666924886
2022-08-29,2.561,2.561,-0.8517228029423229
2022-08-30,2.557,2.557,-0.15618898867629794
2022-08-31,2.59,2.59,1.2905748924520788
2022-09-01,2.564,2.564,-1.0038610038609952
2022-09-02,2.541,2.541,-0.8970358814352597
2022-09-05,2.53,2.53,-0.43290043290044045
2022-09-06,2.553,2.553,0.9090909090909038
2022-09-07,2.543,2.543,-0.39169604386994905
2022-09-08,2.537,2.537,-0.23594180102242124
2022-09-09,2.589,2.589,2.0496649586125404
2022-09-13,2.597,2.597,0.30899961375048246
2022-09-14,2.577,2.577,-0.7701193685021201
2022-09-15,2.573,2.573,-0.15521924718665536
2022-09-16,2.513,2.513,-2.331908278274386
2022-09-19,2.508,2.508,-0.19896538002387443
2022-09-20,2.503,2.503,-0.1993620414672992
2022-09-21,2.48,2.48,-0.9188973232121533
2022-09-22,2.459,2.459,-0.846774193548383
2022-09-23,2.461,2.461,0.08133387555915306
2022-09-26,2.443,2.443,-0.7314099959366049
2022-09-27,2.47,2.47,1.1051985264019626
2022-09-28,2.44,2.44,-1.2145748987854366
2022-09-29,2.44,2.44,0.0
2022-09-30,2.439,2.439,-0.04098360655737654
2022-10-10,2.375,2.375,-2.6240262402624004
2022-10-11,2.367,2.367,-0.3368421052631576
2022-10-12,2.383,2.383,0.6759611322348924
2022-10-13,2.353,2.353,-1.258917331095255
2022-10-14,2.414,2.414,2.592435189120268
2022-10-17,2.412,2.412,-0.08285004142503105
2022-10-18,2.397,2.397,-0.6218905472636815
2022-10-19,2.346,2.346,-2.127659574468077
2022-10-20,2.333,2.333,-0.5541346973572003
2022-10-21,2.316,2.316,-0.7286755250750288
2022-10-24,2.228,2.228,-3.799654576856637
2022-10-25,2.22,2.22,-0.35906642728904536
2022-10-26,2.228,2.228,0.3603603603603567
2022-10-27,2.208,2.208,-0.8976660682226245
2022-10-28,2.154,2.154,-2.44565217391306
2022-10-31,2.122,2.122,-1.4856081708449431
2022-11-01,2.225,2.225,4.853911404335531
2022-11-02,2.245,2.245,0.8988764044943753
2022-11-03,2.214,2.214,-1.38084632516704
2022-11-04,2.295,2.295,3.658536585365857
2022-11-07,2.304,2.304,0.39215686274509665
2022-11-08,2.286,2.286,-0.7812499999999889
2022-11-09,2.267,2.267,-0.8311461067366688
2022-11-10,2.271,2.271,0.1764446404940445
2022-11-11,2.344,2.344,3.2144429766622684
2022-11-14,2.365,2.365,0.8959044368600733
2022-11-15,2.414,2.414,2.0718816067653245
2022-11-16,2.404,2.404,-0.41425020712511085
2022-11-17,2.389,2.389,-0.623960066555751
2022-11-18,2.379,2.379,-0.418585182084541
2022-11-21,2.346,2.346,-1.387137452711218
2022-11-22,2.359,2.359,0.5541346973571892
2022-11-23,2.364,2.364,0.2119542178889322
2022-11-24,2.347,2.347,-0.7191201353637822
2022-11-25,2.374,2.374,1.1504047720494404
2022-11-28,2.329,2.329,-1.8955349620892958
2022-11-29,2.437,2.437,4.637183340489459
2022-11-30,2.434,2.434,-0.12310217480507868
2022-12-01,2.458,2.458,0.9860312243221037
2022-12-02,2.443,2.443,-0.6102522375915465
2022-12-05,2.506,2.506,2.5787965616045794
2022-12-06,2.514,2.514,0.31923383878691425
2022-12-07,2.497,2.497,-0.676213206046139
2022-12-08,2.503,2.503,0.2402883460152383
2022-12-09,2.534,2.534,1.238513783459827
2022-12-12,2.502,2.502,-1.2628255722178405
2022-12-13,2.505,2.505,0.11990407673860837
2022-12-14,2.522,2.522,0.678642714570854
2022-12-15,2.508,2.508,-0.5551149881046658
2022-12-16,2.519,2.519,0.43859649122808264
2022-12-19,2.479,2.479,-1.5879317189360864
2022-12-20,2.433,2.433,-1.855586930213804
2022-12-21,2.438,2.438,0.2055076037813519
2022-12-22,2.455,2.455,0.6972928630024633
2022-12-23,2.448,2.448,-0.28513238289206155
2022-12-26,2.438,2.438,-0.40849673202613124
2022-12-27,2.468,2.468,1.2305168170631653
2022-12-28,2.475,2.475,0.2836304700162051
2022-12-29,2.461,2.461,-0.5656565656565804
2022-12-30,2.475,2.475,0.5688744412840396
2023-01-03,2.477,2.477,0.08080808080808133
2023-01-04,2.486,2.486,0.36334275333065325
2023-01-05,2.536,2.536,2.011263073209979
2023-01-06,2.551,2.551,0.5914826498422787
2023-01-09,2.576,2.576,0.9800078400627132
2023-01-10,2.568,2.568,-0.31055900621117516
2023-01-11,2.574,2.574,0.2336448598130758
2023-01-12,2.58,2.58,0.2331002331002363
2023-01-13,2.625,2.625,1.744186046511631
2023-01-16,2.673,2.673,1.8285714285714239
2023-01-17,2.664,2.664,-0.33670033670033517
2023-01-18,2.645,2.645,-0.7132132132132152
2023-01-19,2.655,2.655,0.3780718336483746
2023-01-20,2.674,2.674,0.7156308851224091
2023-01-30,2.675,2.675,0.037397157816010385
2023-01-31,2.645,2.645,-1.121495327102795
2023-02-01,2.656,2.656,0.41587901701323204
2023-02-02,2.65,2.65,-0.22590361445784524
2023-02-03,2.609,2.609,-1.5471698113207477
2023-02-06,2.565,2.565,-1.6864699118436244
2023-02-07,2.573,2.573,0.3118908382066188
2023-02-08,2.566,2.566,-0.27205596579867874
2023-02-09,2.595,2.595,1.1301636788776381
2023-02-10,2.583,2.583,-0.46242774566473965
2023-02-13,2.601,2.601,0.6968641114982521
2023-02-14,2.612,2.612,0.4229142637447225
2023-02-15,2.586,2.586,-0.9954058192955695
2023-02-16,2.576,2.576,-0.3866976024748614
2023-02-17,2.547,2.547,-1.125776397515521
2023-02-20,2.624,2.624,3.023164507263454
2023-02-21,2.638,2.638,0.5335365853658347
2023-02-22,2.601,2.601,-1.4025777103866544
2023-02-23,2.6,2.6,-0.038446751249510136
2023-02-24,2.562,2.562,-1.4615384615384697
2023-02-27,2.559,2.559,-0.11709601873535203
2023-02-28,2.572,2.572,0.5080109417741285
2023-03-01,2.603,2.603,1.2052877138413631
2023-03-02,2.602,2.602,-0.038417210910501876
2023-03-03,2.605,2.605,0.11529592621060125
2023-03-06,2.575,2.575,-1.151631477927051
2023-03-07,2.544,2.544,-1.2038834951456412
2023-03-08,2.523,2.523,-0.8254716981132004
2023-03-09,2.504,2.504,-0.7530717399920728
2023-03-10,2.468,2.468,-1.4376996805111841
2023-03-13,2.495,2.495,1.0940032414910927
2023-03-14,2.477,2.477,-0.7214428857715505
2023-03-15,2.478,2.478,0.040371417036744184
2023-03-16,2.453,2.453,-1.0088781275222058
2023-03-17,2.463,2.463,0.40766408479413485
2023-03-20,2.446,2.446,-0.6902151847340554
2023-03-21,2.473,2.473,1.1038430089942652
2023-03-22,2.482,2.482,0.3639304488475714
2023-03-23,2.499,2.499,0.6849315068493178
2023-03-24,2.486,2.486,-0.5202080832332867
2023-03-27,2.469,2.469,-0.683829444891404
2023-03-28,2.47,2.47,0.04050222762252975
2023-03-29,2.466,2.466,-0.16194331983805377
2023-03-30,2.498,2.498,1.2976480129764711
2023-03-31,2.495,2.495,-0.12009607686149781
2023-04-03,2.498,2.498,0.12024048096193063
2023-04-04,2.508,2.508,0.4003202562049557
2023-04-06,2.496,2.496,-0.4784688995215336
2023-04-07,2.515,2.515,0.7612179487179516
2023-04-10,2.516,2.516,0.03976143141153354
2023-04-11,2.51,2.51,-0.23847376788553865
2023-04-12,2.495,2.495,-0.5976095617529764
2023-04-13,2.499,2.499,0.16032064128257417
2023-04-14,2.51,2.51,0.44017607042816653
2023-04-17,2.564,2.564,2.1513944223107595
2023-04-18,2.574,2.574,0.3900156006240163
2023-04-19,2.55,2.55,-0.9324009324009341
2023-04-20,2.532,2.532,-0.7058823529411673
2023-04-21,2.485,2.485,-1.8562401263823136
2023-04-24,2.449,2.449,-1.4486921529175079
2023-04-25,2.448,2.448,-0.04083299305838173
2023-04-26,2.445,2.445,-0.1225490196078427
2023-04-27,2.482,2.482,1.5132924335378384
2023-04-28,2.506,2.506,0.9669621273166618
2023-05-04,2.521,2.521,0.5985634477254642
2023-05-05,2.513,2.513,-0.317334391114632
2023-05-08,2.55,2.55,1.4723438121766685
2023-05-09,2.532,2.532,-0.7058823529411673
2023-05-10,2.5,2.5,-1.2638230647709303
2023-05-11,2.494,2.494,-0.23999999999999577
2023-05-12,2.457,2.457,-1.4835605453087597
2023-05-15,2.506,2.506,1.9943019943019946
2023-05-16,2.5,2.5,-0.23942537909017458
2023-05-17,2.475,2.475,-1.0000000000000009
2023-05-18,2.471,2.471,-0.16161616161616266
2023-05-19,2.46,2.46,-0.44516390125455274
2023-05-22,2.485,2.485,1.0162601626016121
2023-05-23,2.443,2.443,-1.6901408450704203
2023-05-24,2.403,2.403,-1.6373311502251298
2023-05-25,2.391,2.391,-0.4993757802746579
2023-05-26,2.389,2.389,-0.08364700961941418
2023-05-29,2.378,2.378,-0.46044370029300064
2023-05-30,2.367,2.367,-0.462573591253157
2023-05-31,2.326,2.326,-1.7321504013519173
2023-06-01,2.331,2.331,0.2149613069647449
2023-06-02,2.374,2.374,1.844701844701846
2023-06-05,2.362,2.362,-0.5054759898904804
2023-06-06,2.349,2.349,-0.550381033022862
2023-06-07,2.348,2.348,-0.042571306939132025
2023-06-08,2.373,2.373,1.0647359454855287
2023-06-09,2.381,2.381,0.3371260008427912
2023-06-12,2.381,2.381,0.0
2023-06-13,2.39,2.39,0.37799244015122024
2023-06-14,2.389,2.389,-0.041841004184117736
2023-06-15,2.428,2.428,1.632482210129771
2023-06-16,2.451,2.451,0.9472817133443279
2023-06-19,2.419,2.419,-1.3055895552835595
2023-06-20,2.407,2.407,-0.4960727573377399
2023-06-21,2.38,2.38,-1.121728292480273
2023-06-26,2.352,2.352,-1.17647058823529
2023-06-27,2.367,2.367,0.6377551020408267
2023-06-28,2.376,2.376,0.3802281368821214
2023-06-29,2.361,2.361,-0.631313131313116
2023-06-30,2.368,2.368,0.2964845404489491
2023-07-03,2.406,2.406,1.604729729729737
2023-07-04,2.41,2.41,0.16625103906899863
2023-07-05,2.395,2.395,-0.6224066390041583
2023-07-06,2.376,2.376,-0.7933194154488565
2023-07-07,2.365,2.365,-0.4629629629629539
2023-07-10,2.378,2.378,0.549682875264268
2023-07-11,2.395,2.395,0.7148864592094073
2023-07-12,2.394,2.394,-0.041753653444676075
2023-07-13,2.435,2.435,1.712614870509599
2023-07-14,2.435,2.435,0.0
2023-07-17,2.41,2.41,-1.0266940451745366
2023-07-18,2.407,2.407,-0.12448132780082943
2023-07-19,2.416,2.416,0.37390943082675765
2023-07-20,2.402,2.402,-0.5794701986754913
2023-07-21,2.412,2.412,0.41631973355535923
2023-07-24,2.399,2.399,-0.5389718076285188
2023-07-25,2.481,2.481,3.418090871196333
2023-07-26,2.478,2.478,-0.12091898428051584
2023-07-27,2.479,2.479,0.04035512510087713
2023-07-28,2.553,2.553,2.985074626865658
2023-07-31,2.557,2.557,0.15667841754798406
2023-08-01,2.549,2.549,-0.3128666405944447
2023-08-02,2.524,2.524,-0.9807767752059604
2023-08-03,2.549,2.549,0.9904912836766977
2023-08-04,2.551,2.551,0.07846214201647772
2023-08-07,2.54,2.54,-0.43120344962760404
2023-08-08,2.535,2.535,-0.19685039370078705
2023-08-09,2.535,2.535,0.0
2023-08-10,2.532,2.532,-0.11834319526627946
2023-08-11,2.468,2.468,-2.5276461295418717
2023-08-14,2.448,2.448,-0.8103727714748765
2023-08-15,2.449,2.449,0.040849673202614234
2023-08-16,2.43,2.43,-0.7758268681094194
2023-08-17,2.436,2.436,0.24691358024691024
2023-08-18,2.406,2.406,-1.231527093596052
2023-08-21,2.373,2.373,-1.3715710723191998
2023-08-22,2.393,2.393,0.8428150021070113
2023-08-23,2.361,2.361,-1.3372335979941363
2023-08-24,2.379,2.379,0.7623888182973326
2023-08-25,2.389,2.389,0.42034468263976166
2023-08-28,2.422,2.422,1.3813311008790352
2023-08-29,2.432,2.432,0.41288191577208977
2023-08-30,2.425,2.425,-0.28782894736842923
2023-08-31,2.416,2.416,-0.3711340206185576
2023-09-01,2.436,2.436,0.8278145695364225
2023-09-04,2.484,2.484,1.9704433497536922
2023-09-05,2.467,2.467,-0.6843800322061111
2023-09-06,2.463,2.463,-0.16214025131738863
2023-09-07,2.437,2.437,-1.055623223710933
2023-09-08,2.422,2.422,-0.6155108740254267
2023-09-11,2.439,2.439,0.7018992568125437
2023-09-12,2.435,2.435,-0.16400164001639794
2023-09-13,2.427,2.427,-0.3285420944558526
2023-09-14,2.434,2.434,0.2884219200659288
2023-09-15,2.422,2.422,-0.49301561216105183
2023-09-18,2.436,2.436,0.5780346820809079
2023-09-19,2.435,2.435,-0.04105090311986581
2023-09-20,2.423,2.423,-0.4928131416837789
2023-09-21,2.398,2.398,-1.0317787866281458
2023-09-22,2.46,2.46,2.5854879065888126
2023-09-25,2.435,2.435,-1.0162601626016232
2023-09-26,2.418,2.418,-0.698151950718684
2023-09-27,2.43,2.43,0.496277915632759
2023-09-28,2.409,2.409,-0.864197530864208
2023-10-09,2.401,2.401,-0.33208800332088506
2023-10-10,2.385,2.385,-0.6663890045814247
2023-10-11,2.393,2.393,0.33542976939202607
2023-10-12,2.417,2.417,1.0029251984956078
2023-10-13,2.392,2.392,-1.0343400910219236
2023-10-16,2.369,2.369,-0.961538461538447
2023-10-17,2.379,2.379,0.42211903756859126
2023-10-18,2.369,2.369,-0.42034468263975056
2023-10-19,2.3,2.3,-2.912621359223322
2023-10-20,2.286,2.286,-0.6086956521739073
2023-10-23,2.267,2.267,-0.8311461067366688
2023-10-24,2.275,2.275,0.352889280988089
2023-10-25,2.287,2.287,0.5274725274725389
2023-10-26,2.296,2.296,0.3935286401399063
2023-10-27,2.32,2.32,1.0452961672473782
2023-10-30,2.318,2.318,-0.08620689655171043
2023-10-31,2.314,2.314,-0.17256255392580355
2023-11-01,2.323,2.323,0.3889369057908265
2023-11-02,2.319,2.319,-0.17219113215669601
2023-11-03,2.339,2.339,0.862440707201384
2023-11-06,2.359,2.359,0.8550662676357401
2023-11-07,2.348,2.348,-0.4662992793556642
2023-11-08,2.34,2.34,-0.34071550255536653
2023-11-09,2.34,2.34,0.0
2023-11-10,2.316,2.316,-1.025641025641022
2023-11-13,2.31,2.31,-0.2590673575129432
2023-11-14,2.308,2.308,-0.08658008658010141
2023-11-15,2.329,2.329,0.9098786828423133
2023-11-16,2.304,2.304,-1.0734220695577612
2023-11-17,2.3,2.3,-0.17361111111111605
2023-11-20,2.306,2.306,0.2608695652174031
2023-11-21,2.318,2.318,0.5203816131829964
2023-11-22,2.297,2.297,-0.9059534081104381
2023-11-23,2.306,2.306,0.39181541140618226
2023-11-24,2.293,2.293,-0.5637467476149127
2023-11-27,2.272,2.272,-0.915830789358929
2023-11-28,2.271,2.271,-0.04401408450703803
2023-11-29,2.26,2.26,-0.4843681197710281
2023-11-30,2.266,2.266,0.26548672566373277
2023-12-01,2.25,2.25,-0.7060900264783787
2023-12-04,2.232,2.232,-0.7999999999999896
2023-12-05,2.184,2.184,-2.1505376344086002
2023-12-06,2.182,2.182,-0.09157509157510235
2023-12-07,2.172,2.172,-0.45829514207148536
2023-12-08,2.179,2.179,0.32228360957640145
2023-12-11,2.189,2.189,0.45892611289584107
2023-12-12,2.202,2.202,0.5938784833257049
2023-12-13,2.156,2.156,-2.0890099909173343
2023-12-14,2.145,2.145,-0.5102040816326592
2023-12-15,2.146,2.146,0.04662004662003838
2023-12-18,2.148,2.148,0.09319664492080104
2023-12-19,2.151,2.151,0.13966480446925278
2023-12-20,2.138,2.138,-0.6043700604369984
2023-12-21,2.164,2.164,1.216089803554743
2023-12-22,2.172,2.172,0.3696857670979714
2023-12-25,2.173,2.173,0.04604051565377798
2023-12-26,2.164,2.164,-0.4141739530602817
2023-12-27,2.167,2.167,0.13863216266172262
2023-12-28,2.219,2.219,2.3996308260267663
2023-12-29,2.22,2.22,0.04506534474990609
2024-01-02,2.192,2.192,-1.2612612612612595
2024-01-03,2.197,2.197,0.22810218978102093
2024-01-04,2.179,2.179,-0.8192990441511228
2024-01-05,2.168,2.168,-0.5048187241853963
2024-01-08,2.143,2.143,-1.1531365313653286
2024-01-09,2.145,2.145,0.09332711152589823
2024-01-10,2.135,2.135,-0.4662004662004726
2024-01-11,2.14,2.14,0.23419203747074846
2024-01-12,2.137,2.137,-0.14018691588785215
2024-01-15,2.137,2.137,0.0
2024-01-16,2.149,2.149,0.5615348619560034
2024-01-17,2.099,2.099,-2.3266635644485723
2024-01-18,2.139,2.139,1.905669366364915
2024-01-19,2.147,2.147,0.3740065451145469
2024-01-22,2.126,2.126,-0.978108989287374
2024-01-23,2.123,2.123,-0.14111006585134644
2024-01-24,2.16,2.16,1.7428167687234986
2024-01-25,2.212,2.212,2.4074074074074137
2024-01-26,2.215,2.215,0.13562386980106034
2024-01-29,2.207,2.207,-0.36117381489841893
2024-01-30,2.171,2.171,-1.6311735387403714
2024-01-31,2.157,2.157,-0.6448641179179981
2024-02-01,2.148,2.148,-0.4172461752433909
2024-02-02,2.133,2.133,-0.6983240223463749
2024-02-05,2.154,2.154,0.9845288326300938
2024-02-06,2.216,2.216,2.8783658310120863
2024-02-07,2.245,2.245,1.3086642599277942
2024-02-08,2.25,2.25,0.22271714922048602
2024-02-19,2.268,2.268,0.8000000000000007
2024-02-20,2.267,2.267,-0.044091710758376035
2024-02-21,2.309,2.309,1.8526687251874785
2024-02-22,2.331,2.331,0.9527934170636465
2024-02-23,2.332,2.332,0.04290004290004035
2024-02-26,2.291,2.291,-1.758147512864494
2024-02-27,2.303,2.303,0.5237887385421303
2024-02-28,2.289,2.289,-0.6079027355623046
2024-02-29,2.309,2.309,0.8737439930100566
2024-03-01,2.313,2.313,0.17323516673883876
2024-03-04,2.316,2.316,0.12970168612189692
2024-03-05,2.346,2.346,1.2953367875647714
2024-03-06,2.333,2.333,-0.5541346973572003
2024-03-07,2.325,2.325,-0.34290612944706256
2024-03-08,2.325,2.325,0.0
2024-03-11,2.344,2.344,0.8172043010752583
2024-03-12,2.35,2.35,0.25597269624575425
2024-03-13,2.33,2.33,-0.8510638297872353
2024-03-14,2.324,2.324,-0.25751072961374133
2024-03-15,2.326,2.326,0.0860585197934638
2024-03-18,2.336,2.336,0.4299226139294898
2024-03-19,2.319,2.319,-0.7277397260273877
2024-03-20,2.325,2.325,0.2587322121604174
2024-03-21,2.325,2.325,0.0
2024-03-22,2.303,2.303,-0.9462365591397903
2024-03-25,2.302,2.302,-0.04342162396873128
2024-03-26,2.311,2.311,0.39096437880103974
2024-03-27,2.298,2.298,-0.5625270445694497
2024-03-28,2.303,2.303,0.21758050478677404
2024-03-29,2.314,2.314,0.4776378636561107
2024-04-01,2.34,2.34,1.123595505617958
2024-04-02,2.336,2.336,-0.17094017094017033
2024-04-03,2.328,2.328,-0.3424657534246589
2024-04-08,2.315,2.315,-0.5584192439862523
2024-04-09,2.302,2.302,-0.5615550755939447
2024-04-10,2.296,2.296,-0.26064291920070426
2024-04-11,2.294,2.294,-0.08710801393727596
2024-04-12,2.273,2.273,-0.9154315605928498
2024-04-15,2.323,2.323,2.1997360316761805
2024-04-16,2.313,2.313,-0.43047783039172893
2024-04-17,2.338,2.338,1.080847384349326
2024-04-18,2.345,2.345,0.29940119760478723
2024-04-19,2.329,2.329,-0.6823027718550145
2024-04-22,2.325,2.325,-0.17174753112924046
2024-04-23,2.312,2.312,-0.5591397849462498
2024-04-24,2.322,2.322,0.4325259515570945
2024-04-25,2.331,2.331,0.3875968992248069
2024-04-26,2.361,2.361,1.2870012870012992
2024-04-29,2.376,2.376,0.6353240152477735
2024-04-30,2.365,2.365,-0.4629629629629539
2024-05-06,2.395,2.395,1.2684989429175397
2024-05-07,2.4,2.4,0.20876826722338038
2024-05-08,2.385,2.385,-0.6250000000000089
2024-05-09,2.401,2.401,0.6708595387840743
2024-05-10,2.408,2.408,0.291545189504383
2024-05-13,2.405,2.405,-0.1245847176079784
2024-05-14,2.396,2.396,-0.3742203742203687
2024-05-15,2.378,2.378,-0.7512520868113381
2024-05-16,2.388,2.388,0.420521446593769
2024-05-17,2.426,2.426,1.5912897822445649
2024-05-20,2.432,2.432,0.2473206924979321
2024-05-21,2.427,2.427,-0.20559210526315264
2024-05-22,2.428,2.428,0.04120313143798349
2024-05-23,2.402,2.402,-1.0708401976935678
2024-05-24,2.373,2.373,-1.2073272273105728
2024-05-27,2.396,2.396,0.969237252423083
2024-05-28,2.389,2.389,-0.2921535893155358
2024-05-29,2.39,2.39,0.04185851820845965
2024-05-30,2.373,2.373,-0.7112970711297018
2024-05-31,2.364,2.364,-0.37926675094818174
2024-06-03,2.367,2.367,0.12690355329949554
2024-06-04,2.381,2.381,0.5914659907055198
2024-06-05,2.37,2.37,-0.4619907601847828
2024-06-06,2.371,2.371,0.04219409282699704
2024-06-07,2.36,2.36,-0.4639392661324404
2024-06-11,2.33,2.33,-1.2711864406779627
2024-06-12,2.327,2.327,-0.12875536480687622
2024-06-13,2.317,2.317,-0.42973785990544355
2024-06-14,2.334,2.334,0.7337073802330618
2024-06-17,2.319,2.319,-0.6426735218509005
2024-06-18,2.319,2.319,0.0
2024-06-19,2.323,2.323,0.17248814144028568
2024-06-20,2.316,2.316,-0.301334481274218
2024-06-21,2.311,2.311,-0.21588946459412117
2024-06-24,2.311,2.311,0.0
2024-06-25,2.302,2.302,-0.38944180008654294
2024-06-26,2.306,2.306,0.17376194613378804
2024-06-27,2.299,2.299,-0.30355594102342565
2024-06-28,2.306,2.306,0.30448020878643955
2024-07-01,2.315,2.315,0.39028620988723617
2024-07-02,2.327,2.327,0.5183585313174977
2024-07-03,2.327,2.327,0.0
2024-07-04,2.319,2.319,-0.3437902879243615
2024-07-05,2.299,2.299,-0.862440707201384
2024-07-08,2.287,2.287,-0.5219660722053043
2024-07-09,2.309,2.309,0.961958898119808
2024-07-10,2.305,2.305,-0.17323516673884987
2024-07-11,2.331,2.331,1.127982646420822
2024-07-12,2.346,2.346,0.6435006435006496
2024-07-15,2.356,2.356,0.4262574595055302
2024-07-16,2.365,2.365,0.3820033955857616
2024-07-17,2.375,2.375,0.42283298097249844
2024-07-18,2.387,2.387,0.505263157894742
2024-07-19,2.404,2.404,0.7121910347716698
2024-07-22,2.38,2.38,-0.9983361064891838
2024-07-23,2.348,2.348,-1.3445378151260567
2024-07-24,2.339,2.339,-0.3833049403747846
2024-07-25,2.315,2.315,-1.0260795211628926
2024-07-26,2.309,2.309,-0.2591792656587377
2024-07-29,2.3,2.3,-0.3897791251624261
2024-07-30,2.287,2.287,-0.5652173913043401
2024-07-31,2.328,2.328,1.7927415828596471
2024-08-01,2.313,2.313,-0.6443298969072031
2024-08-02,2.298,2.298,-0.6485084306096067
2024-08-05,2.282,2.282,-0.6962576153176636
2024-08-06,2.266,2.266,-0.7011393514461006
2024-08-07,2.264,2.264,-0.08826125330980705
2024-08-08,2.271,2.271,0.30918727915194566
2024-08-09,2.268,2.268,-0.13210039630119352
2024-08-12,2.269,2.269,0.04409171075838714
2024-08-13,2.268,2.268,-0.04407227853681084
2024-08-14,2.255,2.255,-0.5731922398588996
2024-08-15,2.287,2.287,1.419068736141904
2024-08-16,2.299,2.299,0.5247048535198973
2024-08-19,2.31,2.31,0.4784688995215447
2024-08-20,2.303,2.303,-0.303030303030305
2024-08-21,2.291,2.291,-0.521059487624842
2024-08-22,2.295,2.295,0.17459624618070269
2024-08-23,2.31,2.31,0.6535947712418277
2024-08-26,2.307,2.307,-0.12987012987013546
2024-08-27,2.309,2.309,0.0866926744690133
2024-08-28,2.292,2.292,-0.7362494586401147
2024-08-29,2.272,2.272,-0.8726003490401424
2024-08-30,2.294,2.294,0.9683098591549477
2024-09-02,2.255,2.255,-1.7000871839581544
2024-09-03,2.244,2.244,-0.4878048780487698
2024-09-04,2.224,2.224,-0.89126559714795
2024-09-05,2.227,2.227,0.13489208633092886
2024-09-06,2.216,2.216,-0.493938033228547
2024-09-09,2.185,2.185,-1.398916967509034
2024-09-10,2.186,2.186,0.04576659038901809
2024-09-11,2.172,2.172,-0.6404391582799485
2024-09-12,2.162,2.162,-0.4604051565377687
2024-09-13,2.157,2.157,-0.23126734505087843
2024-09-18,2.17,2.17,0.6026889197960017
2024-09-19,2.184,2.184,0.6451612903225934
2024-09-20,2.188,2.188,0.1831501831501825
2024-09-23,2.195,2.195,0.31992687385737906
2024-09-24,2.315,2.315,5.46697038724373
2024-09-25,2.345,2.345,1.2958963282937441
2024-09-26,2.483,2.483,5.884861407249464
2024-09-27,2.589,2.589,4.269029399919444
2024-09-30,2.774,2.774,7.145616067979921
2024-10-08,2.843,2.843,2.487382840663299
2024-10-09,2.628,2.628,-7.5624340485402675
2024-10-10,2.717,2.717,3.386605783866048
2024-10-11,2.659,2.659,-2.1347073978652986
2024-10-14,2.692,2.692,1.2410680707032773
2024-10-15,2.623,2.623,-2.563150074294207
2024-10-16,2.619,2.619,-0.1524971406786091
2024-10-17,2.577,2.577,-1.6036655211912998
2024-10-18,2.66,2.66,3.2207993791230294
2024-10-21,2.655,2.655,-0.1879699248120481
2024-10-22,2.666,2.666,0.4143126177024614
2024-10-23,2.682,2.682,0.6001500375093727
2024-10-24,2.654,2.654,-1.0439970171513768
2024-10-25,2.658,2.658,0.15071590052750938
2024-10-28,2.66,2.66,0.07524454477050302
2024-10-29,2.644,2.644,-0.6015037593984918
2024-10-30,2.608,2.608,-1.3615733736762503
2024-10-31,2.606,2.606,-0.07668711656442229
2024-11-01,2.627,2.627,0.8058326937835814
2024-11-04,2.65,2.65,0.875523410734691
2024-11-05,2.706,2.706,2.1132075471698153
2024-11-06,2.683,2.683,-0.8499630450850004
2024-11-07,2.79,2.79,3.9880730525531094
2024-11-08,2.747,2.747,-1.541218637992836
2024-11-11,2.729,2.729,-0.655260283946113
2024-11-12,2.687,2.687,-1.5390252839868168
2024-11-13,2.703,2.703,0.5954596203944895
2024-11-14,2.679,2.679,-0.8879023307436174
2024-11-15,2.643,2.643,-1.3437849944008984
2024-11-18,2.655,2.655,0.4540295119182858
2024-11-19,2.643,2.643,-0.4519774011299438
2024-11-20,2.649,2.649,0.2270147559591429
2024-11-21,2.656,2.656,0.2642506606266526
2024-11-22,2.575,2.575,-3.049698795180722
2024-11-25,2.552,2.552,-0.8932038834951528
2024-11-26,2.562,2.562,0.39184952978055243
2024-11-27,2.594,2.594,1.2490241998438734
2024-11-28,2.581,2.581,-0.5011565150346953
2024-11-29,2.597,2.597,0.6199147617202749
2024-12-02,2.608,2.608,0.4235656526761611
2024-12-03,2.622,2.622,0.5368098159509227
2024-12-04,2.619,2.619,-0.11441647597252302
2024-12-05,2.607,2.607,-0.45819014891179677
2024-12-06,2.636,2.636,1.1123897199846633
2024-12-09,2.639,2.639,0.11380880121394377
2024-12-10,2.664,2.664,0.947328533535452
2024-12-11,2.646,2.646,-0.6756756756756799
2024-12-12,2.677,2.677,1.171579743008322
2024-12-13,2.61,2.61,-2.5028016436309364
2024-12-16,2.606,2.606,-0.15325670498084198
2024-12-17,2.62,2.62,0.5372217958557357
2024-12-18,2.639,2.639,0.7251908396946449
2024-12-19,2.629,2.629,-0.37893141341416303
2024-12-20,2.621,2.621,-0.3042982122479998
2024-12-23,2.644,2.644,0.8775276611980187
2024-12-24,2.673,2.673,1.0968229954614106
2024-12-25,2.684,2.684,0.4115226337448652
2024-12-26,2.677,2.677,-0.2608047690014992
2024-12-27,2.674,2.674,-0.11206574523721091
2024-12-30,2.693,2.693,0.7105459985041085
2024-12-31,2.658,2.658,-1.2996658002228045
2025-01-02,2.587,2.587,-2.6711813393528905
2025-01-03,2.561,2.561,-1.005025125628145
2025-01-06,2.55,2.55,-0.42951971885982765
2025-01-07,2.565,2.565,0.588235294117645
2025-01-08,2.571,2.571,0.2339181286549863
2025-01-09,2.558,2.558,-0.5056398288603825
2025-01-10,2.535,2.535,-0.8991399530883348
2025-01-13,2.527,2.527,-0.3155818540433897
2025-01-14,2.572,2.572,1.7807677087455343
2025-01-15,2.566,2.566,-0.2332814930015692
2025-01-16,2.557,2.557,-0.3507404520654678
2025-01-17,2.557,2.557,0.0
2025-01-20,2.563,2.563,0.23464998044584462
2025-01-21,2.56,2.56,-0.1170503316426097
2025-01-22,2.527,2.527,-1.2890624999999933
2025-01-23,2.543,2.543,0.6331618519984206
2025-01-24,2.558,2.558,0.5898545025560198
2025-01-27,2.563,2.563,0.1954652071931351
2025-02-05,2.539,2.539,-0.9364026531408554
2025-02-06,2.558,2.558,0.7483261126427498
2025-02-07,2.588,2.588,1.1727912431587217
2025-02-10,2.598,2.598,0.3863987635239541
2025-02-11,2.591,2.591,-0.269438029253255
2025-02-12,2.618,2.618,1.0420686993438677
2025-02-13,2.622,2.622,0.15278838808250317
2025-02-14,2.639,2.639,0.6483600305110526
2025-02-17,2.643,2.643,0.1515725653656652
2025-02-18,2.633,2.633,-0.3783579265985493
2025-02-19,2.642,2.642,0.3418154196733747
2025-02-20,2.628,2.628,-0.5299015897047621
2025-02-21,2.664,2.664,1.3698630136986356
2025-02-24,2.651,2.651,-0.48798798798800336
2025-02-25,2.623,2.623,-1.056205205582783
2025-02-26,2.646,2.646,0.876858558902005
2025-02-27,2.66,2.66,0.5291005291005346
2025-02-28,2.625,2.625,-1.3157894736842146
2025-03-03,2.606,2.606,-0.7238095238095266
2025-03-04,2.598,2.598,-0.3069838833461236
2025-03-05,2.617,2.617,0.7313317936874508
2025-03-06,2.66,2.66,1.6431027894535877
2025-03-07,2.659,2.659,-0.03759398496241406
2025-03-10,2.647,2.647,-0.45129748025573013
2025-03-11,2.659,2.659,0.4533434076312792
2025-03-12,2.65,2.65,-0.3384731101917948
2025-03-13,2.643,2.643,-0.26415094339623524
2025-03-14,2.723,2.723,3.0268634127885052
2025-03-17,2.718,2.718,-0.1836210062431065
2025-03-18,2.72,2.72,0.07358351729214174
2025-03-19,2.729,2.729,0.3308823529411642
2025-03-20,2.699,2.699,-1.0993037742763057
2025-03-21,2.654,2.654,-1.6672841793256787
2025-03-24,2.672,2.672,0.6782215523737811
2025-03-25,2.672,2.672,0.0
2025-03-26,2.656,2.656,-0.5988023952095856
2025-03-27,2.67,2.67,0.5271084337349352
2025-03-28,2.658,2.658,-0.44943820224718767
2025-03-31,2.645,2.645,-0.4890895410082696
2025-04-01,2.641,2.641,-0.15122873345935206
2025-04-02,2.636,2.636,-0.18932222642937813
2025-04-03,2.64,2.64,0.15174506828528056
2025-04-07,2.491,2.491,-5.64393939393939
2025-04-08,2.548,2.548,2.2882376555600104
2025-04-09,2.568,2.568,0.7849293563579218
2025-04-10,2.592,2.592,0.9345794392523477
2025-04-11,2.597,2.597,0.19290123456789932
2025-04-14,2.605,2.605,0.3080477474008525
2025-04-15,2.611,2.611,0.23032629558541462
2025-04-16,2.635,2.635,0.9191880505553307
2025-04-17,2.638,2.638,0.11385199240987465
2025-04-18,2.64,2.64,0.07581501137225999
2025-04-21,2.631,2.631,-0.3409090909091028
2025-04-22,2.636,2.636,0.19004180919803826
2025-04-23,2.628,2.628,-0.3034901365705611
2025-04-24,2.635,2.635,0.26636225266361
2025-04-25,2.63,2.63,-0.1897533206831059
2025-04-28,2.631,2.631,0.03802281368820992
2025-04-29,2.626,2.626,-0.19004180919801605
2025-04-30,2.613,2.613,-0.4950495049504955
2025-05-06,2.627,2.627,0.5357826253348463
2025-05-07,2.651,2.651,0.9135896459840032
2025-05-08,2.662,2.662,0.4149377593360981
2025-05-09,2.664,2.664,0.07513148009017367
2025-05-12,2.683,2.683,0.7132132132132041
2025-05-13,2.689,2.689,0.2236302646291488
2025-05-14,2.737,2.737,1.7850502045370087
2025-05-15,2.723,2.723,-0.5115089514066584
2025-05-16,2.698,2.698,-0.9181050312155659
2025-05-19,2.689,2.689,-0.33358042994811044
2025-05-20,2.7,2.7,0.40907400520640014
2025-05-21,2.713,2.713,0.48148148148148273
2025-05-22,2.716,2.716,0.11057869517139274
2025-05-23,2.695,2.695,-0.7731958762886681
2025-05-26,2.684,2.684,-0.40816326530610514
2025-05-27,2.67,2.67,-0.5216095380029873
2025-05-28,2.667,2.667,-0.11235955056180247
2025-05-29,2.674,2.674,0.2624671916010568
2025-05-30,2.669,2.669,-0.18698578908002972
2025-06-03,2.668,2.668,-0.03746721618583804
2025-06-04,2.675,2.675,0.2623688155921844
2025-06-05,2.674,2.674,-0.037383177570093906
2025-06-06,2.676,2.676,0.07479431563202077
2025-06-09,2.676,2.676,0.0
2025-06-10,2.662,2.662,-0.5231689088191382
2025-06-11,2.682,2.682,0.7513148009015813
2025-06-12,2.68,2.68,-0.07457121551079915
2025-06-13,2.666,2.666,-0.5223880597015063
2025-06-16,2.673,2.673,0.26256564141036165
2025-06-17,2.673,2.673,0.0
2025-06-18,2.67,2.67,-0.11223344556677839
2025-06-19,2.653,2.653,-0.6367041198501844
2025-06-20,2.669,2.669,0.6030908405578517
2025-06-23,2.682,2.682,0.4870738104158834
2025-06-24,2.712,2.712,1.1185682326622093
2025-06-25,2.752,2.752,1.4749262536873031
2025-06-26,2.746,2.746,-0.21802325581394832
2025-06-27,2.715,2.715,-1.1289147851420323
2025-06-30,2.727,2.727,0.44198895027625085
2025-07-01,2.73,2.73,0.11001100110010764
2025-07-02,2.736,2.736,0.219780219780219
2025-07-03,2.74,2.74,0.14619883040936088
2025-07-04,2.756,2.756,0.5839416058394109
2025-07-07,2.748,2.748,-0.2902757619738572
2025-07-08,2.765,2.765,0.6186317321688506
2025-07-09,2.762,2.762,-0.10849909584087492
2025-07-10,2.778,2.778,0.5792903692976026
2025-07-11,2.791,2.791,0.4679625629949502
2025-07-14,2.789,2.789,-0.07165890361876537
2025-07-15,2.775,2.775,-0.5019720329867416
2025-07-16,2.77,2.77,-0.18018018018017834
2025-07-17,2.779,2.779,0.3249097472924234
2025-07-18,2.804,2.804,0.8996041741633709
2025-07-21,2.81,2.81,0.21398002853068032
2025-07-22,2.834,2.834,0.8540925266903976
2025-07-23,2.841,2.841,0.24700070571630484
2025-07-24,2.853,2.853,0.42238648363253084
2025-07-25,2.836,2.836,-0.5958640028040807
2025-07-28,2.849,2.849,0.4583921015514969
2025-07-29,2.854,2.854,0.17550017550016506
2025-07-30,2.863,2.863,0.31534688156973356
2025-07-31,2.819,2.819,-1.5368494586098458
2025-08-01,2.796,2.796,-0.8158921603405478
2025-08-04,2.81,2.81,0.5007153075822668
2025-08-05,2.832,2.832,0.782918149466183
2025-08-06,2.838,2.838,0.21186440677967155
2025-08-07,2.841,2.841,0.10570824524314126
2025-08-08,2.83,2.83,-0.3871876099964866
2025-08-11,2.832,2.832,0.07067137809186885
2025-08-12,2.852,2.852,0.7062146892655274
2025-08-13,2.86,2.86,0.28050490883591017
2025-08-14,2.874,2.874,0.4895104895104918
2025-08-15,2.885,2.885,0.3827418232428492
2025-08-18,2.891,2.891,0.20797227036395416
2025-08-19,2.857,2.857,-1.1760636457972984
2025-08-20,2.895,2.895,1.3300665033251668
2025-08-21,2.91,2.91,0.5181347150259086
2025-08-22,2.986,2.986,2.611683848797264
2025-08-25,3.044,3.044,1.942397856664435
2025-08-26,3.021,3.021,-0.7555847568988194
2025-08-27,2.971,2.971,-1.655081098973843
2025-08-28,3.015,3.015,1.4809828340626163
2025-08-29,3.032,3.032,0.563847429519071
2025-09-01,3.033,3.033,0.032981530343012544
2025-09-02,3.048,3.048,0.4945598417408492
2025-09-03,3.007,3.007,-1.3451443569553745
2025-09-04,2.954,2.954,-1.7625540405719953
2025-09-05,2.992,2.992,1.2863913337846977
2025-09-08,2.987,2.987,-0.16711229946523298
2025-09-09,2.979,2.979,-0.26782725142283637
2025-09-10,2.992,2.992,0.43638804968109124
2025-09-11,3.042,3.042,1.6711229946523964
2025-09-12,3.024,3.024,-0.5917159763313529
2025-09-15,3.017,3.017,-0.23148148148148806
2025-09-16,3.002,3.002,-0.49718263175340116
2025-09-17,3.008,3.008,0.19986675549634736
2025-09-18,2.968,2.968,-1.3297872340425565
2025-09-19,2.965,2.965,-0.10107816711590889
2025-09-22,2.974,2.974,0.30354131534571227
2025-09-23,2.974,2.974,0.0
2025-09-24,2.992,2.992,0.6052454606590318
2025-09-25,3.007,3.007,0.5013368983957323
2025-09-26,2.997,2.997,-0.33255736614566933
2025-09-29,3.029,3.029,1.0677344010677325
2025-09-30,3.046,3.046,0.56124133377351
2025-10-09,3.081,3.081,1.1490479317137314
2025-10-10,3.032,3.032,-1.5903927296332387
2025-10-13,3.021,3.021,-0.3627968337730936
2025-10-14,3.02,3.02,-0.033101621979469975
2025-10-15,3.058,3.058,1.2582781456953684
2025-10-16,3.079,3.079,0.686723348593854
2025-10-17,3.03,3.03,-1.5914257875933813
2025-10-20,3.031,3.031,0.033003300330047836
2025-10-21,3.064,3.064,1.0887495875948394
2025-10-22,3.068,3.068,0.13054830287206887
2025-10-23,3.087,3.087,0.6192959582790092
2025-10-24,3.112,3.112,0.8098477486232492
2025-10-27,3.136,3.136,0.7712082262210762
2025-10-28,3.116,3.116,-0.6377551020408156
2025-10-29,3.13,3.13,0.449293966623876
2025-10-30,3.113,3.113,-0.5431309904153303
2025-10-31,3.08,3.08,-1.0600706713780883
2025-11-03,3.081,3.081,0.032467532467528315
2025-11-04,3.076,3.076,-0.1622849724115527
2025-11-05,3.07,3.07,-0.19505851755526882
2025-11-06,3.11,3.11,1.3029315960912058
2025-11-07,3.106,3.106,-0.12861736334405238
2025-11-10,3.121,3.121,0.4829362524146896
2025-11-11,3.1,3.1,-0.6728612624158914
2025-11-12,3.117,3.117,0.5483870967741833
2025-11-13,3.141,3.141,0.7699711260827691
2025-11-14,3.103,3.103,-1.2098057943330076
2025-11-17,3.079,3.079,-0.7734450531743486
2025-11-18,3.07,3.07,-0.2923026956804242
2025-11-19,3.085,3.085,0.48859934853420217
2025-11-20,3.076,3.076,-0.2917341977309529
2025-11-21,3.021,3.021,-1.7880364109232771
2025-11-24,3.014,3.014,-0.23171135385634534
2025-11-25,3.03,3.03,0.5308560053085554
2025-11-26,3.034,3.034,0.13201320132012473
2025-11-27,3.032,3.032,-0.06591957811469262
2025-11-28,3.033,3.033,0.032981530343012544
2025-12-01,3.057,3.057,0.7912957467853587
2025-12-02,3.042,3.042,-0.4906771344455385
2025-12-03,3.028,3.028,-0.460223537146609
2025-12-04,3.036,3.036,0.26420079260238705
2025-12-05,3.065,3.065,0.9552042160737795
2025-12-08,3.084,3.084,0.6199021207177857
2025-12-09,3.062,3.062,-0.7133592736705663
2025-12-10,3.052,3.052,-0.3265839320705344
2025-12-11,3.04,3.04,-0.3931847968545177
2025-12-12,3.054,3.054,0.4605263157894557
2025-12-15,3.053,3.053,-0.03274394237066103
2025-12-16,3.023,3.023,-0.9826400262037294
2025-12-17,3.058,3.058,1.1577902745616875
2025-12-18,3.064,3.064,0.19620667102682177
2025-12-19,3.078,3.078,0.4569190600522077
2025-12-22,3.092,3.092,0.4548408057180042
2025-12-23,3.098,3.098,0.19404915912031306
2025-12-24,3.099,3.099,0.03227888960621872
2025-12-25,3.107,3.107,0.258147789609553
2025-12-26,3.12,3.12,0.4184100418409997
2025-12-29,3.109,3.109,-0.3525641025641013
2025-12-30,3.108,3.108,-0.03216468317787102
2025-12-31,3.105,3.105,-0.09652509652510188
2026-01-05,3.174,3.174,2.2222222222222143
2026-01-06,3.235,3.235,1.921865154379332
2026-01-07,3.22,3.22,-0.46367851622873824
2026-01-08,3.198,3.198,-0.6832298136645987
2026-01-09,3.209,3.209,0.343964978111333
2026-01-12,3.218,3.218,0.2804612028669329
2026-01-13,3.214,3.214,-0.12430080795524656
2026-01-14,3.187,3.187,-0.840074673304303
2026-01-15,3.18,3.18,-0.21964229683086867
2026-01-16,3.16,3.16,-0.6289308176100628
2026-01-19,3.153,3.153,-0.22151898734177333
2026-01-20,3.15,3.15,-0.09514747859181716
2026-01-21,3.145,3.145,-0.15873015873015817
2026-01-22,3.131,3.131,-0.4451510333863373
2026-01-23,3.106,3.106,-0.7984669434685343
2026-01-26,3.129,3.129,0.7405022537025241
2026-01-27,3.131,3.131,0.06391818472355482
2026-01-28,3.138,3.138,0.2235707441711865
2026-01-29,3.196,3.196,1.8483110261312996
2026-01-30,3.147,3.147,-1.533166458072599
2026-02-02,3.08,3.08,-2.1290117572290934
2026-02-03,3.108,3.108,0.9090909090909038
2026-02-04,3.147,3.147,1.2548262548262468
2026-02-05,3.137,3.137,-0.3177629488401612
2026-02-06,3.115,3.115,-0.7013069811922179
2026-02-09,3.161,3.161,1.476725521669331
2026-02-10,3.17,3.17,0.2847200253084381
2026-02-11,3.17,3.17,0.0
2026-02-12,3.161,3.161,-0.28391167192428624
2026-02-13,3.114,3.114,-1.4868712432774434
2026-02-24,3.119,3.119,0.16056518946694354
2026-02-25,3.134,3.134,0.4809233728759077
2026-02-26,3.115,3.115,-0.6062539885130724
2026-02-27,3.123,3.123,0.2568218298555358
2026-03-02,3.125,3.125,0.06404098623118415
2026-03-03,3.096,3.096,-0.9279999999999955
2026-03-04,3.051,3.051,-1.4534883720930258
2026-03-05,3.066,3.066,0.491642084562427
2026-03-06,3.068,3.068,0.0652315720808927
2026-03-09,3.041,3.041,-0.8800521512385973
2026-03-10,3.06,3.06,0.6247944755014778
2026-03-11,3.062,3.062,0.06535947712418277
2026-03-12,3.047,3.047,-0.4898758981058071
2026-03-13,3.035,3.035,-0.39382999671808694
2026-03-16,3.028,3.028,-0.23064250411861664
2026-03-17,3.039,3.039,0.3632760898282683
2026-03-18,3.035,3.035,-0.1316222441592685
2026-03-19,2.993,2.993,-1.3838550247116999
2026-03-20,2.957,2.957,-1.2028065486134332
2026-03-23,2.868,2.868,-3.009807237064588
2026-03-24,2.9,2.9,1.115760111576014
2026-03-25,2.93,2.93,1.0344827586207028
2026-03-26,2.897,2.897,-1.1262798634812388
2026-03-27,2.909,2.909,0.4142216085605721
2026-03-30,2.905,2.905,-0.13750429700928324
2026-03-31,2.902,2.902,-0.10327022375213879
2026-04-01,2.951,2.951,1.688490696071665
2026-04-02,2.926,2.926,-0.8471704506946787
2026-04-03,2.901,2.901,-0.8544087491456076
2026-04-07,2.9,2.9,-0.034470872113057105
2026-04-08,2.978,2.978,2.6896551724137963
2026-04-09,2.958,2.958,-0.6715916722632609
2026-04-10,2.972,2.972,0.47329276538201626
2026-04-13,2.972,2.972,0.0
2026-04-14,2.997,2.997,0.8411843876177549
2026-04-15,3.008,3.008,0.36703370036703653
2026-04-16,3.014,3.014,0.19946808510638014
2026-04-17,2.982,2.982,-1.0617120106171107
2026-04-20,3.007,3.007,0.8383635144198598
2026-04-21,3.006,3.006,-0.033255736614579146
2026-04-22,3.005,3.005,-0.03326679973386648
2026-04-23,3.001,3.001,-0.1331114808652223
2026-04-24,3.018,3.018,0.5664778407197479
2026-04-27,3.013,3.013,-0.16567263088137496
2026-04-28,3.024,3.024,0.36508463325588547
2026-04-29,3.041,3.041,0.5621693121693028
2026-04-30,3.062,3.062,0.6905623150279538
2026-05-06,3.1,3.1,1.2410189418680773
2026-05-07,3.103,3.103,0.0967741935483879
2026-05-08,3.075,3.075,-0.9023525620367345
2026-05-11,3.116,3.116,1.333333333333342
2026-05-12,3.119,3.119,0.09627727856227342
2026-05-13,3.123,3.123,0.12824623276690428
2026-05-14,3.074,3.074,-1.5690041626641116
2026-05-15,3.035,3.035,-1.2687052700064982
2026-05-18,3.008,3.008,-0.8896210873146626
2026-05-19,3.026,3.026,0.5984042553191404
2026-05-20,3.029,3.029,0.0991407799074695
2026-05-21,2.994,2.994,-1.1554968636513618
2026-05-22,2.995,2.995,0.033400133600536286
2026-05-25,3.039,3.039,1.4691151919866474
2026-05-26,3.046,3.046,0.23033892727870597
2026-05-27,3.008,3.008,-1.2475377544320376
2026-05-28,2.985,2.985,-0.7646276595744683
2026-05-29,2.997,2.997,0.4020100502512669
2026-06-01,2.968,2.968,-0.9676343009676347
2026-06-02,2.993,2.993,0.8423180592991963
2026-06-03,2.996,2.996,0.1002338790511148
2026-06-04,2.964,2.964,-1.0680907877169576
2026-06-05,2.94,2.94,-0.8097165991902799
2026-06-08,2.901,2.901,-1.3265306122449028
2026-06-09,2.917,2.917,0.5515339538090247
2026-06-10,2.931,2.931,0.47994514912581554
2026-06-11,2.928,2.928,-0.10235414534288667
2026-06-12,2.982,2.982,1.8442622950819665
2026-06-15,3.024,3.024,1.4084507042253502
2026-06-16,2.993,2.993,-1.025132275132279
2026-06-17,3.015,3.015,0.7350484463748863
2026-06-18,3.017,3.017,0.06633499170811685
2026-06-22,3.097,3.097,2.651640702684799
2026-06-23,3.005,3.005,-2.9706167258637395
2026-06-24,3.024,3.024,0.6322795341098253
2026-06-25,3.059,3.059,1.157407407407418
2026-06-26,3.0,3.0,-1.928734880679961
2026-06-29,3.083,3.083,2.766666666666673
2026-06-30,3.083,3.083,0.0
2026-07-01,3.074,3.074,-0.2919234511839175
2026-07-02,3.003,3.003,-2.3096942094990136
2026-07-03,3.023,3.023,0.6660006660006657
2026-07-06,3.046,3.046,0.7608336089976797
2026-07-07,3.012,3.012,-1.1162179908076109
2026-07-08,3.009,3.009,-0.09960159362549792
2026-07-09,3.089,3.089,2.6586905948820183
2026-07-10,3.057,3.057,-1.0359339592101002
2026-07-13,3.011,3.011,-1.5047432122996307
2026-07-14,3.058,3.058,1.5609432082364538
2026-07-15,3.064,3.064,0.19620667102682177
2026-07-16,3.004,3.004,-1.9582245430809442
2026-07-17,2.931,2.931,-2.4300932090545957
2026-07-20,3.007,3.007,2.5929716820197957
2026-07-21,3.079,3.079,2.394413036248766
2026-07-22,3.086,3.086,0.22734654108476082
2026-07-23,3.084,3.084,-0.06480881399869576
2026-07-24,3.05,3.05,-1.1024643320363237
2026-07-27,3.054,3.054,0.13114754098360049
2026-07-28,3.022,3.022,-1.047806155861164
2026-07-29,3.023,3.023,0.03309066843151243
2026-07-30,3.026,3.026,0.09923916639098529
2026-07-31,3.033,3.033,0.23132848645075477
2026-08-03,2.99,2.99,-1.417738212990427
