date,unit_nav,cum_nav,ret_pct
2012-05-28,1.724,1.724,0.0
2012-05-29,1.764,1.764,2.3201856148491906
2012-05-30,1.756,1.756,-0.45351473922902175
2012-05-31,1.75,1.75,-0.3416856492027387
2012-06-01,1.75,1.75,0.0
2012-06-04,1.678,1.678,-4.114285714285715
2012-06-05,1.681,1.681,0.17878426698452188
2012-06-06,1.679,1.679,-0.11897679952409534
2012-06-07,1.663,1.663,-0.9529481834425257
2012-06-08,1.654,1.654,-0.5411906193626081
2012-06-11,1.684,1.684,1.813784764207993
2012-06-12,1.668,1.668,-0.9501187648456089
2012-06-13,1.705,1.705,2.218225419664277
2012-06-14,1.694,1.694,-0.6451612903225823
2012-06-15,1.704,1.704,0.5903187721369552
2012-06-18,1.712,1.712,0.46948356807512415
2012-06-19,1.693,1.693,-1.1098130841121434
2012-06-20,1.69,1.69,-0.17720023626698334
2012-06-21,1.65,1.65,-2.3668639053254448
2012-06-25,1.6,1.6,-3.0303030303030165
2012-06-26,1.6,1.6,0.0
2012-06-27,1.591,1.591,-0.5625000000000102
2012-06-28,1.577,1.577,-0.8799497171590231
2012-06-29,1.605,1.605,1.775523145212432
2012-07-02,1.605,1.605,0.0
2012-07-03,1.609,1.609,0.24922118380061864
2012-07-04,1.609,1.609,0.0
2012-07-05,1.581,1.581,-1.7402113113735296
2012-07-06,1.621,1.621,2.5300442757748343
2012-07-09,1.571,1.571,-3.084515731030235
2012-07-10,1.561,1.561,-0.6365372374283917
2012-07-11,1.572,1.572,0.7046764894298674
2012-07-12,1.594,1.594,1.3994910941475869
2012-07-13,1.598,1.598,0.25094102885820924
2012-07-16,1.558,1.558,-2.50312891113893
2012-07-17,1.563,1.563,0.3209242618742003
2012-07-18,1.563,1.563,0.0
2012-07-19,1.571,1.571,0.5118362124120202
2012-07-20,1.553,1.553,-1.145767027371103
2012-07-23,1.523,1.523,-1.9317450096587252
2012-07-24,1.528,1.528,0.32829940906107247
2012-07-25,1.513,1.513,-0.9816753926701671
2012-07-26,1.502,1.502,-0.7270323859880912
2012-07-27,1.505,1.505,0.1997336884154377
2012-07-30,1.497,1.497,-0.5315614617940057
2012-07-31,1.491,1.491,-0.4008016032064132
2012-08-01,1.509,1.509,1.2072434607645732
2012-08-02,1.491,1.491,-1.1928429423459064
2012-08-03,1.505,1.505,0.9389671361502261
2012-08-06,1.536,1.536,2.0598006644518385
2012-08-07,1.539,1.539,0.1953125
2012-08-08,1.541,1.541,0.1299545159194393
2012-08-09,1.565,1.565,1.557430240103841
2012-08-10,1.558,1.558,-0.4472843450479158
2012-08-13,1.512,1.512,-2.9525032092426184
2012-08-14,1.508,1.508,-0.2645502645502673
2012-08-15,1.486,1.486,-1.458885941644561
2012-08-16,1.479,1.479,-0.4710632570659401
2012-08-17,1.469,1.469,-0.6761325219743042
2012-08-20,1.456,1.456,-0.8849557522124019
2012-08-21,1.465,1.465,0.6181318681318659
2012-08-22,1.448,1.448,-1.1604095563140016
2012-08-23,1.459,1.459,0.7596685082873034
2012-08-24,1.436,1.436,-1.5764222069911016
2012-08-27,1.388,1.388,-3.3426183844011192
2012-08-28,1.388,1.388,0.0
2012-08-29,1.373,1.373,-1.080691642651288
2012-08-30,1.363,1.363,-0.7283321194464731
2012-08-31,1.363,1.363,0.0
2012-09-03,1.377,1.377,1.0271460014673606
2012-09-04,1.353,1.353,-1.7429193899782147
2012-09-05,1.352,1.352,-0.07390983000737927
2012-09-06,1.374,1.374,1.6272189349112454
2012-09-07,1.477,1.477,7.496360989810769
2012-09-10,1.485,1.485,0.5416384563303955
2012-09-11,1.467,1.467,-1.2121212121212088
2012-09-12,1.479,1.479,0.8179959100204526
2012-09-13,1.456,1.456,-1.5551048005409185
2012-09-14,1.472,1.472,1.098901098901095
2012-09-17,1.417,1.417,-3.7364130434782594
2012-09-18,1.389,1.389,-1.9760056457304165
2012-09-19,1.398,1.398,0.647948164146861
2012-09-20,1.349,1.349,-3.505007153075823
2012-09-21,1.348,1.348,-0.0741289844329085
2012-09-24,1.368,1.368,1.4836795252225476
2012-09-25,1.365,1.365,-0.21929824561404132
2012-09-26,1.341,1.341,-1.758241758241763
2012-09-27,1.405,1.405,4.772557792692034
2012-09-28,1.458,1.458,3.7722419928825524
2012-10-08,1.423,1.423,-2.400548696844984
2012-10-09,1.476,1.476,3.7245256500351376
2012-10-10,1.476,1.476,0.0
2012-10-11,1.46,1.46,-1.084010840108407
2012-10-12,1.458,1.458,-0.136986301369868
2012-10-15,1.45,1.45,-0.5486968449931462
2012-10-16,1.451,1.451,0.06896551724138167
2012-10-17,1.46,1.46,0.6202618883528466
2012-10-18,1.489,1.489,1.9863013698630194
2012-10-19,1.489,1.489,0.0
2012-10-22,1.498,1.498,0.6044325050369226
2012-10-23,1.471,1.471,-1.8024032042723626
2012-10-24,1.467,1.467,-0.2719238613188346
2012-10-25,1.448,1.448,-1.2951601908657184
2012-10-26,1.396,1.396,-3.5911602209944826
2012-10-29,1.385,1.385,-0.7879656160458381
2012-10-30,1.39,1.39,0.3610108303248927
2012-10-31,1.406,1.406,1.151079136690658
2012-11-01,1.454,1.454,3.4139402560455334
2012-11-02,1.459,1.459,0.3438789546079901
2012-11-05,1.453,1.453,-0.4112405757368043
2012-11-06,1.444,1.444,-0.6194081211287061
2012-11-07,1.442,1.442,-0.13850415512465242
2012-11-08,1.4,1.4,-2.9126213592232997
2012-11-09,1.394,1.394,-0.4285714285714337
2012-11-12,1.402,1.402,0.5738880918221057
2012-11-13,1.367,1.367,-2.4964336661911446
2012-11-14,1.373,1.373,0.4389173372348232
2012-11-15,1.346,1.346,-1.9664967225054508
2012-11-16,1.325,1.325,-1.5601783060921304
2012-11-19,1.325,1.325,0.0
2012-11-20,1.319,1.319,-0.45283018867924296
2012-11-21,1.346,1.346,2.0470053070507976
2012-11-22,1.333,1.333,-0.9658246656760849
2012-11-23,1.345,1.345,0.900225056264059
2012-11-26,1.331,1.331,-1.0408921933085513
2012-11-27,1.307,1.307,-1.8031555221637907
2012-11-28,1.283,1.283,-1.8362662586074996
2012-11-29,1.275,1.275,-0.623538581449723
2012-11-30,1.285,1.285,0.7843137254901933
2012-12-03,1.265,1.265,-1.5564202334630406
2012-12-04,1.282,1.282,1.3438735177865757
2012-12-05,1.358,1.358,5.928237129485181
2012-12-06,1.355,1.355,-0.22091310751105597
2012-12-07,1.4,1.4,3.3210332103321027
2012-12-10,1.421,1.421,1.5000000000000124
2012-12-11,1.414,1.414,-0.49261083743843415
2012-12-12,1.419,1.419,0.35360678925036026
2012-12-13,1.401,1.401,-1.2684989429175508
2012-12-14,1.516,1.516,8.20842255531764
2012-12-17,1.523,1.523,0.461741424802109
2012-12-18,1.519,1.519,-0.26263952724885353
2012-12-19,1.525,1.525,0.39499670836076195
2012-12-20,1.541,1.541,1.0491803278688483
2012-12-21,1.531,1.531,-0.64892926670993
2012-12-24,1.533,1.533,0.1306335728282093
2012-12-25,1.599,1.599,4.305283757338563
2012-12-26,1.606,1.606,0.43777360850532077
2012-12-27,1.601,1.601,-0.3113325031133374
2012-12-28,1.637,1.637,2.24859462835727
2012-12-31,1.677,1.677,2.44349419670129
2013-01-04,1.683,1.683,0.3577817531305927
2013-01-07,1.687,1.687,0.2376708259061111
2013-01-08,1.676,1.676,-0.6520450503853081
2013-01-09,1.674,1.674,-0.11933174224343368
2013-01-10,1.68,1.68,0.35842293906809264
2013-01-11,1.642,1.642,-2.261904761904765
2013-01-14,1.73,1.73,5.35931790499391
2013-01-15,1.745,1.745,0.8670520231213841
2013-01-16,1.726,1.726,-1.0888252148997246
2013-01-17,1.71,1.71,-0.9269988412514474
2013-01-18,1.748,1.748,2.2222222222222143
2013-01-21,1.757,1.757,0.5148741418764313
2013-01-22,1.753,1.753,-0.22766078542970636
2013-01-23,1.758,1.758,0.28522532800914213
2013-01-24,1.741,1.741,-0.9670079635949902
2013-01-25,1.729,1.729,-0.6892590465249815
2013-01-28,1.799,1.799,4.048582995951411
2013-01-29,1.819,1.819,1.1117287381878782
2013-01-30,1.834,1.834,0.8246289169873577
2013-01-31,1.841,1.841,0.3816793893129722
2013-02-01,1.893,1.893,2.82455187398154
2013-02-04,1.898,1.898,0.2641310089804394
2013-02-05,1.918,1.918,1.0537407797681864
2013-02-06,1.926,1.926,0.4171011470281538
2013-02-07,1.913,1.913,-0.674974039460019
2013-02-08,1.922,1.922,0.470465237846307
2013-02-18,1.881,1.881,-2.1331945889698223
2013-02-19,1.837,1.837,-2.3391812865497075
2013-02-20,1.849,1.849,0.653238976592263
2013-02-21,1.753,1.753,-5.191995673336947
2013-02-22,1.745,1.745,-0.4563605248145919
2013-02-25,1.749,1.749,0.22922636103150928
2013-02-26,1.711,1.711,-2.1726700971984036
2013-02-27,1.735,1.735,1.4026884862653466
2013-02-28,1.822,1.822,5.014409221902016
2013-03-01,1.819,1.819,-0.16465422612513825
2013-03-04,1.693,1.693,-6.926882902693787
2013-03-05,1.766,1.766,4.311872415829887
2013-03-06,1.794,1.794,1.5855039637599155
2013-03-07,1.762,1.762,-1.7837235228539638
2013-03-08,1.758,1.758,-0.2270147559591429
2013-03-11,1.74,1.74,-1.0238907849829393
2013-03-12,1.703,1.703,-2.1264367816091867
2013-03-13,1.675,1.675,-1.6441573693482092
2013-03-14,1.68,1.68,0.29850746268655914
2013-03-15,1.682,1.682,0.11904761904761862
2013-03-18,1.655,1.655,-1.6052318668252075
2013-03-19,1.677,1.677,1.3293051359516639
2013-03-20,1.754,1.754,4.591532498509232
2013-03-21,1.761,1.761,0.3990877993158337
2013-03-22,1.768,1.768,0.3975014196479387
2013-03-25,1.764,1.764,-0.2262443438914019
2013-03-26,1.721,1.721,-2.43764172335601
2013-03-27,1.727,1.727,0.34863451481697005
2013-03-28,1.647,1.647,-4.632310364794446
2013-03-29,1.64,1.64,-0.4250151791135415
2013-04-01,1.636,1.636,-0.24390243902439046
2013-04-02,1.64,1.64,0.24449877750611915
2013-04-03,1.635,1.635,-0.304878048780477
2013-04-08,1.623,1.623,-0.7339449541284404
2013-04-09,1.638,1.638,0.9242144177449063
2013-04-10,1.638,1.638,0.0
2013-04-11,1.627,1.627,-0.6715506715506692
2013-04-12,1.619,1.619,-0.49170251997541214
2013-04-15,1.594,1.594,-1.544163063619508
2013-04-16,1.609,1.609,0.9410288582183179
2013-04-17,1.615,1.615,0.3729024238657619
2013-04-18,1.62,1.62,0.3095975232198178
2013-04-19,1.69,1.69,4.320987654320985
2013-04-22,1.682,1.682,-0.4733727810650845
2013-04-23,1.605,1.605,-4.577883472057076
2013-04-24,1.647,1.647,2.6168224299065512
2013-04-25,1.621,1.621,-1.5786278081360017
2013-04-26,1.598,1.598,-1.4188772362738966
2013-05-02,1.6,1.6,0.12515644555695093
2013-05-03,1.644,1.644,2.749999999999986
2013-05-06,1.673,1.673,1.7639902676399144
2013-05-07,1.679,1.679,0.3586371787208664
2013-05-08,1.695,1.695,0.9529481834425368
2013-05-09,1.682,1.682,-0.7669616519174083
2013-05-10,1.692,1.692,0.5945303210463715
2013-05-13,1.682,1.682,-0.5910165484633523
2013-05-14,1.645,1.645,-2.199762187871579
2013-05-15,1.657,1.657,0.7294832826747699
2013-05-16,1.708,1.708,3.077851538925769
2013-05-17,1.752,1.752,2.576112412177989
2013-05-20,1.767,1.767,0.8561643835616417
2013-05-21,1.767,1.767,0.0
2013-05-22,1.77,1.77,0.1697792869270076
2013-05-23,1.742,1.742,-1.5819209039548032
2013-05-24,1.756,1.756,0.8036739380022917
2013-05-27,1.75,1.75,-0.3416856492027387
2013-05-28,1.804,1.804,3.0857142857142916
2013-05-29,1.795,1.795,-0.4988913525498906
2013-05-30,1.788,1.788,-0.3899721448467952
2013-05-31,1.758,1.758,-1.6778523489932917
2013-06-03,1.763,1.763,0.28441410693968994
2013-06-04,1.725,1.725,-2.1554169030062242
2013-06-05,1.718,1.718,-0.40579710144927894
2013-06-06,1.693,1.693,-1.4551804423748482
2013-06-07,1.647,1.647,-2.7170702894270593
2013-06-13,1.57,1.57,-4.6751669702489345
2013-06-14,1.587,1.587,1.0828025477706893
2013-06-17,1.572,1.572,-0.9451795841209809
2013-06-18,1.588,1.588,1.0178117048346147
2013-06-19,1.574,1.574,-0.8816120906801062
2013-06-20,1.498,1.498,-4.828462515883103
2013-06-21,1.487,1.487,-0.7343124165554049
2013-06-24,1.344,1.344,-9.616677874915936
2013-06-25,1.345,1.345,0.07440476190474499
2013-06-26,1.34,1.34,-0.3717472118959009
2013-06-27,1.341,1.341,0.07462686567163423
2013-06-28,1.381,1.381,2.982848620432521
2013-07-01,1.39,1.39,0.6517016654598029
2013-07-02,1.397,1.397,0.5035971223021685
2013-07-03,1.392,1.392,-0.35790980672871786
2013-07-04,1.408,1.408,1.1494252873563315
2013-07-05,1.416,1.416,0.5681818181818121
2013-07-08,1.355,1.355,-4.307909604519766
2013-07-09,1.35,1.35,-0.36900369003689537
2013-07-10,1.411,1.411,4.518518518518522
2013-07-11,1.524,1.524,8.008504606661937
2013-07-12,1.465,1.465,-3.8713910761154824
2013-07-15,1.498,1.498,2.2525597269624553
2013-07-16,1.512,1.512,0.9345794392523477
2013-07-17,1.477,1.477,-2.314814814814814
2013-07-18,1.441,1.441,-2.437373053486802
2013-07-19,1.378,1.378,-4.371963913948662
2013-07-22,1.392,1.392,1.0159651669085612
2013-07-23,1.462,1.462,5.028735632183912
2013-07-24,1.445,1.445,-1.1627906976744096
2013-07-25,1.439,1.439,-0.41522491349480495
2013-07-26,1.418,1.418,-1.4593467685893091
2013-07-29,1.374,1.374,-3.1029619181946244
2013-07-30,1.387,1.387,0.9461426491994107
2013-07-31,1.392,1.392,0.36049026676279183
2013-08-01,1.451,1.451,4.238505747126453
2013-08-02,1.447,1.447,-0.2756719503790528
2013-08-05,1.48,1.48,2.2805805114028965
2013-08-06,1.495,1.495,1.013513513513531
2013-08-07,1.479,1.479,-1.070234113712376
2013-08-08,1.48,1.48,0.0676132521974182
2013-08-09,1.49,1.49,0.6756756756756799
2013-08-12,1.56,1.56,4.697986577181212
2013-08-13,1.56,1.56,0.0
2013-08-14,1.555,1.555,-0.3205128205128305
2013-08-15,1.527,1.527,-1.8006430868167222
2013-08-16,1.51,1.51,-1.113294040602486
2013-08-19,1.53,1.53,1.324503311258285
2013-08-20,1.513,1.513,-1.1111111111111183
2013-08-21,1.513,1.513,0.0
2013-08-22,1.505,1.505,-0.5287508261731633
2013-08-23,1.49,1.49,-0.9966777408637828
2013-08-26,1.542,1.542,3.489932885906044
2013-08-27,1.542,1.542,0.0
2013-08-28,1.531,1.531,-0.7133592736705663
2013-08-29,1.524,1.524,-0.4572175048987548
2013-08-30,1.52,1.52,-0.2624671916010457
2013-09-02,1.522,1.522,0.1315789473684159
2013-09-03,1.558,1.558,2.365308804205002
2013-09-04,1.557,1.557,-0.06418485237484894
2013-09-05,1.547,1.547,-0.6422607578676964
2013-09-06,1.561,1.561,0.9049773755656076
2013-09-09,1.65,1.65,5.701473414477887
2013-09-10,1.683,1.683,2.0000000000000018
2013-09-11,1.694,1.694,0.6535947712418277
2013-09-12,1.719,1.719,1.475796930342388
2013-09-13,1.7,1.7,-1.1052937754508552
2013-09-16,1.687,1.687,-0.764705882352934
2013-09-17,1.637,1.637,-2.9638411381149976
2013-09-18,1.64,1.64,0.18326206475258733
2013-09-23,1.675,1.675,2.1341463414634276
2013-09-24,1.651,1.651,-1.4328358208955283
2013-09-25,1.636,1.636,-0.90854027861903
2013-09-26,1.595,1.595,-2.506112469437649
2013-09-27,1.604,1.604,0.5642633228840177
2013-09-30,1.62,1.62,0.9975062344139696
2013-10-08,1.655,1.655,2.160493827160481
2013-10-09,1.658,1.658,0.18126888217522286
2013-10-10,1.636,1.636,-1.326899879372745
2013-10-11,1.676,1.676,2.444987775061125
2013-10-14,1.677,1.677,0.05966587112171684
2013-10-15,1.674,1.674,-0.17889087656530744
2013-10-16,1.63,1.63,-2.628434886499409
2013-10-17,1.617,1.617,-0.797546012269934
2013-10-18,1.629,1.629,0.7421150278293043
2013-10-21,1.682,1.682,3.2535297728667922
2013-10-22,1.654,1.654,-1.6646848989298468
2013-10-23,1.627,1.627,-1.6324062877871803
2013-10-24,1.607,1.607,-1.2292562999385415
2013-10-25,1.568,1.568,-2.426882389545737
2013-10-28,1.571,1.571,0.1913265306122458
2013-10-29,1.574,1.574,0.19096117122852085
2013-10-30,1.608,1.608,2.1601016518424387
2013-10-31,1.584,1.584,-1.4925373134328401
2013-11-01,1.594,1.594,0.631313131313127
2013-11-04,1.587,1.587,-0.43914680050188837
2013-11-05,1.587,1.587,0.0
2013-11-06,1.559,1.559,-1.7643352236925036
2013-11-07,1.549,1.549,-0.6414368184733843
2013-11-08,1.513,1.513,-2.3240800516462268
2013-11-11,1.516,1.516,0.198281559814939
2013-11-12,1.54,1.54,1.58311345646438
2013-11-13,1.495,1.495,-2.9220779220779147
2013-11-14,1.502,1.502,0.4682274247491458
2013-11-15,1.551,1.551,3.262316910785623
2013-11-18,1.63,1.63,5.093488072211483
2013-11-19,1.619,1.619,-0.6748466257668673
2013-11-20,1.63,1.63,0.6794317479925871
2013-11-21,1.618,1.618,-0.7361963190183896
2013-11-22,1.604,1.604,-0.8652657601977753
2013-11-25,1.591,1.591,-0.8104738154613544
2013-11-26,1.59,1.59,-0.06285355122563896
2013-11-27,1.618,1.618,1.7610062893081757
2013-11-28,1.644,1.644,1.606922126081578
2013-11-29,1.646,1.646,0.12165450121655041
2013-12-02,1.623,1.623,-1.39732685297691
2013-12-03,1.645,1.645,1.355514479359221
2013-12-04,1.677,1.677,1.9452887537994012
2013-12-05,1.677,1.677,0.0
2013-12-06,1.66,1.66,-1.0137149672033496
2013-12-09,1.659,1.659,-0.060240963855417995
2013-12-10,1.658,1.658,-0.060277275467157665
2013-12-11,1.619,1.619,-2.3522316043425806
2013-12-12,1.614,1.614,-0.30883261272389717
2013-12-13,1.613,1.613,-0.06195786864932051
2013-12-16,1.573,1.573,-2.479851208927464
2013-12-17,1.558,1.558,-0.9535918626827677
2013-12-18,1.56,1.56,0.12836970474967568
2013-12-19,1.537,1.537,-1.4743589743589802
2013-12-20,1.486,1.486,-3.3181522446323997
2013-12-23,1.486,1.486,0.0
2013-12-24,1.489,1.489,0.20188425302827273
2013-12-25,1.501,1.501,0.8059100067159042
2013-12-26,1.469,1.469,-2.131912058627572
2013-12-27,1.5,1.5,2.1102791014295352
2013-12-30,1.502,1.502,0.13333333333334085
2013-12-31,1.529,1.529,1.797603195739006
2014-01-02,1.521,1.521,-0.5232177894048395
2014-01-03,1.495,1.495,-1.7094017094016922
2014-01-06,1.439,1.439,-3.7458193979933108
2014-01-07,1.44,1.44,0.06949270326614965
2014-01-08,1.438,1.438,-0.1388888888888884
2014-01-09,1.424,1.424,-0.9735744089012566
2014-01-10,1.408,1.408,-1.1235955056179803
2014-01-13,1.392,1.392,-1.1363636363636354
2014-01-14,1.407,1.407,1.0775862068965525
2014-01-15,1.407,1.407,0.0
2014-01-16,1.408,1.408,0.0710732054015617
2014-01-17,1.376,1.376,-2.2727272727272707
2014-01-20,1.365,1.365,-0.7994186046511587
2014-01-21,1.383,1.383,1.318681318681314
2014-01-22,1.443,1.443,4.338394793926259
2014-01-23,1.431,1.431,-0.8316008316008316
2014-01-24,1.443,1.443,0.8385744234800763
2014-01-27,1.414,1.414,-2.009702009702019
2014-01-28,1.416,1.416,0.14144271570013522
2014-01-29,1.423,1.423,0.4943502824858781
2014-01-30,1.392,1.392,-2.178496134926222
2014-02-07,1.406,1.406,1.0057471264367734
2014-02-10,1.47,1.47,4.551920341394022
2014-02-11,1.481,1.481,0.7482993197279075
2014-02-12,1.485,1.485,0.27008777852801646
2014-02-13,1.479,1.479,-0.40404040404040664
2014-02-14,1.487,1.487,0.5409060175794567
2014-02-17,1.503,1.503,1.0759919300605159
2014-02-18,1.476,1.476,-1.7964071856287345
2014-02-19,1.506,1.506,2.0325203252032464
2014-02-20,1.486,1.486,-1.3280212483399723
2014-02-21,1.46,1.46,-1.749663526244949
2014-02-24,1.409,1.409,-3.493150684931501
2014-02-25,1.352,1.352,-4.045422285308731
2014-02-26,1.355,1.355,0.2218934911242476
2014-02-27,1.35,1.35,-0.36900369003689537
2014-02-28,1.372,1.372,1.6296296296296253
2014-03-03,1.38,1.38,0.5830903790087216
2014-03-04,1.375,1.375,-0.36231884057970065
2014-03-05,1.356,1.356,-1.381818181818173
2014-03-06,1.367,1.367,0.8112094395280156
2014-03-07,1.36,1.36,-0.512070226773953
2014-03-10,1.293,1.293,-4.9264705882353095
2014-03-11,1.302,1.302,0.6960556844547661
2014-03-12,1.304,1.304,0.1536098310291889
2014-03-13,1.337,1.337,2.530674846625769
2014-03-14,1.319,1.319,-1.3462976813762184
2014-03-17,1.335,1.335,1.2130401819560266
2014-03-18,1.333,1.333,-0.1498127340823996
2014-03-19,1.32,1.32,-0.9752438109527306
2014-03-20,1.283,1.283,-2.8030303030303183
2014-03-21,1.36,1.36,6.001558846453636
2014-03-24,1.37,1.37,0.7352941176470562
2014-03-25,1.367,1.367,-0.21897810218979297
2014-03-26,1.367,1.367,0.0
2014-03-27,1.352,1.352,-1.0972933430870468
2014-03-28,1.351,1.351,-0.07396449704142327
2014-03-31,1.342,1.342,-0.6661732050333047
2014-04-01,1.354,1.354,0.8941877794336861
2014-04-02,1.371,1.371,1.2555391432791607
2014-04-03,1.356,1.356,-1.094091903719907
2014-04-04,1.382,1.382,1.9174041297934874
2014-04-08,1.434,1.434,3.76266280752533
2014-04-09,1.43,1.43,-0.2789400278940035
2014-04-10,1.466,1.466,2.5174825174825166
2014-04-11,1.465,1.465,-0.06821282401090478
2014-04-14,1.464,1.464,-0.06825938566553669
2014-04-15,1.424,1.424,-2.732240437158473
2014-04-16,1.424,1.424,0.0
2014-04-17,1.42,1.42,-0.2808988764044895
2014-04-18,1.416,1.416,-0.28169014084507005
2014-04-21,1.376,1.376,-2.824858757062154
2014-04-22,1.391,1.391,1.090116279069786
2014-04-23,1.387,1.387,-0.28756290438533005
2014-04-24,1.389,1.389,0.14419610670513006
2014-04-25,1.362,1.362,-1.943844492440594
2014-04-28,1.332,1.332,-2.2026431718061734
2014-04-29,1.351,1.351,1.4264264264264304
2014-04-30,1.35,1.35,-0.07401924500369805
2014-05-05,1.351,1.351,0.07407407407407085
2014-05-06,1.348,1.348,-0.22205773501109416
2014-05-07,1.334,1.334,-1.0385756676557834
2014-05-08,1.33,1.33,-0.2998500749625155
2014-05-09,1.329,1.329,-0.07518796992481702
2014-05-12,1.372,1.372,3.2355154251316964
2014-05-13,1.366,1.366,-0.4373177842565634
2014-05-14,1.366,1.366,0.0
2014-05-15,1.342,1.342,-1.7569546120058566
2014-05-16,1.341,1.341,-0.07451564828614421
2014-05-19,1.312,1.312,-2.162565249813564
2014-05-20,1.31,1.31,-0.1524390243902385
2014-05-21,1.33,1.33,1.526717557251911
2014-05-22,1.324,1.324,-0.4511278195488688
2014-05-23,1.348,1.348,1.812688821752273
2014-05-26,1.355,1.355,0.5192878338278861
2014-05-27,1.348,1.348,-0.5166051660516535
2014-05-28,1.37,1.37,1.6320474777448135
2014-05-29,1.357,1.357,-0.9489051094890621
2014-05-30,1.355,1.355,-0.14738393515106862
2014-06-03,1.348,1.348,-0.5166051660516535
2014-06-04,1.329,1.329,-1.409495548961437
2014-06-05,1.354,1.354,1.8811136192626199
2014-06-06,1.336,1.336,-1.3293943870014813
2014-06-09,1.334,1.334,-0.14970059880239361
2014-06-10,1.363,1.363,2.1739130434782483
2014-06-11,1.359,1.359,-0.29347028613353476
2014-06-12,1.357,1.357,-0.14716703458425018
2014-06-13,1.381,1.381,1.7686072218128235
2014-06-16,1.395,1.395,1.0137581462708267
2014-06-17,1.377,1.377,-1.2903225806451646
2014-06-18,1.367,1.367,-0.726216412490921
2014-06-19,1.336,1.336,-2.2677395757132346
2014-06-20,1.344,1.344,0.5988023952095745
2014-06-23,1.341,1.341,-0.22321428571429047
2014-06-24,1.359,1.359,1.342281879194629
2014-06-25,1.352,1.352,-0.5150846210448812
2014-06-26,1.362,1.362,0.7396449704142105
2014-06-27,1.366,1.366,0.2936857562408246
2014-06-30,1.38,1.38,1.0248901903367358
2014-07-01,1.381,1.381,0.07246376811596011
2014-07-02,1.391,1.391,0.7241129616220032
2014-07-03,1.399,1.399,0.5751258087706601
2014-07-04,1.399,1.399,0.0
2014-07-07,1.397,1.397,-0.14295925661186315
2014-07-08,1.4,1.4,0.21474588403720407
2014-07-09,1.372,1.372,-1.9999999999999907
2014-07-10,1.37,1.37,-0.1457725947521915
2014-07-11,1.376,1.376,0.4379562043795415
2014-07-14,1.406,1.406,2.1802325581395277
2014-07-15,1.403,1.403,-0.2133712660028375
2014-07-16,1.402,1.402,-0.07127583749110267
2014-07-17,1.393,1.393,-0.6419400855920077
2014-07-18,1.404,1.404,0.7896625987078076
2014-07-21,1.403,1.403,-0.07122507122506727
2014-07-22,1.429,1.429,1.8531717747683585
2014-07-23,1.433,1.433,0.2799160251924393
2014-07-24,1.481,1.481,3.3496161898115773
2014-07-25,1.507,1.507,1.7555705604321181
2014-07-28,1.569,1.569,4.114134041141337
2014-07-29,1.575,1.575,0.3824091778202643
2014-07-30,1.567,1.567,-0.5079365079365128
2014-07-31,1.599,1.599,2.042118698149342
2014-08-01,1.57,1.57,-1.813633520950586
2014-08-04,1.621,1.621,3.24840764331209
2014-08-05,1.614,1.614,-0.4318322023442289
2014-08-06,1.599,1.599,-0.9293680297397855
2014-08-07,1.573,1.573,-1.6260162601625994
2014-08-08,1.574,1.574,0.06357279084552303
2014-08-11,1.607,1.607,2.096569250317648
2014-08-12,1.597,1.597,-0.6222775357809573
2014-08-13,1.604,1.604,0.4383218534752764
2014-08-14,1.575,1.575,-1.807980049875324
2014-08-15,1.605,1.605,1.904761904761898
2014-08-18,1.613,1.613,0.4984423676012373
2014-08-19,1.615,1.615,0.12399256044637319
2014-08-20,1.606,1.606,-0.5572755417956543
2014-08-21,1.597,1.597,-0.5603985056039873
2014-08-22,1.609,1.609,0.7514088916718897
2014-08-25,1.588,1.588,-1.3051584835301333
2014-08-26,1.573,1.573,-0.9445843828715494
2014-08-27,1.572,1.572,-0.06357279084551193
2014-08-28,1.561,1.561,-0.6997455470738045
2014-08-29,1.584,1.584,1.4734144778987934
2014-09-01,1.595,1.595,0.694444444444442
2014-09-02,1.631,1.631,2.2570532915360486
2014-09-03,1.654,1.654,1.4101778050275904
2014-09-04,1.677,1.677,1.3905683192261264
2014-09-05,1.701,1.701,1.4311270125223707
2014-09-09,1.695,1.695,-0.3527336860670194
2014-09-10,1.679,1.679,-0.943952802359882
2014-09-11,1.665,1.665,-0.8338296605122086
2014-09-12,1.685,1.685,1.2012012012011963
2014-09-15,1.678,1.678,-0.4154302670623222
2014-09-16,1.635,1.635,-2.5625744934445693
2014-09-17,1.643,1.643,0.48929663608563434
2014-09-18,1.653,1.653,0.6086427267194106
2014-09-19,1.673,1.673,1.2099213551119092
2014-09-22,1.621,1.621,-3.1081888822474646
2014-09-23,1.646,1.646,1.5422578655151176
2014-09-24,1.693,1.693,2.855407047387626
2014-09-25,1.68,1.68,-0.7678676904902648
2014-09-26,1.681,1.681,0.05952380952380931
2014-09-29,1.692,1.692,0.6543723973825077
2014-09-30,1.692,1.692,0.0
2014-10-08,1.719,1.719,1.5957446808510634
2014-10-09,1.72,1.72,0.05817335660267542
2014-10-10,1.708,1.708,-0.6976744186046546
2014-10-13,1.694,1.694,-0.8196721311475419
2014-10-14,1.685,1.685,-0.5312868949232552
2014-10-15,1.701,1.701,0.9495548961424349
2014-10-16,1.692,1.692,-0.5291005291005346
2014-10-17,1.681,1.681,-0.6501182033096908
2014-10-20,1.692,1.692,0.6543723973825077
2014-10-21,1.676,1.676,-0.9456264775413725
2014-10-22,1.662,1.662,-0.835322195704058
2014-10-23,1.636,1.636,-1.564380264741272
2014-10-24,1.634,1.634,-0.12224938875305957
2014-10-27,1.611,1.611,-1.4075887392900777
2014-10-28,1.659,1.659,2.9795158286778367
2014-10-29,1.69,1.69,1.8685955394816212
2014-10-30,1.705,1.705,0.887573964497057
2014-10-31,1.755,1.755,2.9325513196480912
2014-11-03,1.75,1.75,-0.2849002849002802
2014-11-04,1.748,1.748,-0.11428571428571122
2014-11-05,1.745,1.745,-0.17162471395880674
2014-11-06,1.746,1.746,0.05730659025786622
2014-11-07,1.741,1.741,-0.286368843069873
2014-11-10,1.812,1.812,4.078116025272838
2014-11-11,1.795,1.795,-0.938189845474624
2014-11-12,1.833,1.833,2.116991643454047
2014-11-13,1.818,1.818,-0.8183306055646433
2014-11-14,1.821,1.821,0.16501650165015036
2014-11-17,1.81,1.81,-0.6040637012630357
2014-11-18,1.782,1.782,-1.5469613259668558
2014-11-19,1.774,1.774,-0.44893378226711356
2014-11-20,1.778,1.778,0.22547914317925244
2014-11-21,1.827,1.827,2.7559055118110187
2014-11-24,1.902,1.902,4.10509031198687
2014-11-25,1.93,1.93,1.4721345951629772
2014-11-26,1.96,1.96,1.5544041450777257
2014-11-27,1.985,1.985,1.2755102040816313
2014-11-28,2.051,2.051,3.3249370277078194
2014-12-01,2.054,2.054,0.14627011214041197
2014-12-02,2.167,2.167,5.5014605647517145
2014-12-03,2.199,2.199,1.4766958929395502
2014-12-04,2.381,2.381,8.27648931332423
2014-12-05,2.362,2.362,-0.7979840403191774
2014-12-08,2.514,2.514,6.435224386113458
2014-12-09,2.331,2.331,-7.279236276849632
2014-12-10,2.444,2.444,4.847704847704848
2014-12-11,2.409,2.409,-1.432078559738137
2014-12-12,2.419,2.419,0.4151100041511091
2014-12-15,2.456,2.456,1.529557668458037
2014-12-16,2.532,2.532,3.0944625407166138
2014-12-17,2.589,2.589,2.25118483412321
2014-12-18,2.585,2.585,-0.15449980687524123
2014-12-19,2.635,2.635,1.934235976789167
2014-12-22,2.611,2.611,-0.9108159392789195
2014-12-23,2.542,2.542,-2.64266564534662
2014-12-24,2.449,2.449,-3.658536585365857
2014-12-25,2.567,2.567,4.818293180890176
2014-12-26,2.698,2.698,5.1032333463186585
2014-12-29,2.681,2.681,-0.6300963676797555
2014-12-30,2.681,2.681,0.0
2014-12-31,2.775,2.775,3.5061544199925354
2015-01-05,2.889,2.889,4.108108108108111
2015-01-06,2.864,2.864,-0.8653513326410511
2015-01-07,2.863,2.863,-0.034916201117318746
2015-01-08,2.783,2.783,-2.7942717429270014
2015-01-09,2.757,2.757,-0.9342436219906491
2015-01-12,2.746,2.746,-0.39898440333696605
2015-01-13,2.739,2.739,-0.25491624180626893
2015-01-14,2.731,2.731,-0.29207740051113706
2015-01-15,2.831,2.831,3.6616623947272053
2015-01-16,2.863,2.863,1.13034263511127
2015-01-19,2.497,2.497,-12.783793223891028
2015-01-20,2.618,2.618,4.8458149779735615
2015-01-21,2.773,2.773,5.920550038197114
2015-01-22,2.779,2.779,0.21637216011538563
2015-01-23,2.796,2.796,0.6117308384310904
2015-01-26,2.83,2.83,1.2160228898426384
2015-01-27,2.794,2.794,-1.272084805653706
2015-01-28,2.737,2.737,-2.0400858983536163
2015-01-29,2.7,2.7,-1.3518450858604258
2015-01-30,2.657,2.657,-1.592592592592601
2015-02-02,2.58,2.58,-2.89800526910049
2015-02-03,2.659,2.659,3.062015503875948
2015-02-04,2.62,2.62,-1.4667168108311257
2015-02-05,2.58,2.58,-1.526717557251911
2015-02-06,2.53,2.53,-1.9379844961240456
2015-02-09,2.568,2.568,1.5019762845849938
2015-02-10,2.635,2.635,2.6090342679127687
2015-02-11,2.657,2.657,0.8349146110057104
2015-02-12,2.671,2.671,0.5269100489273537
2015-02-13,2.693,2.693,0.8236615499812805
2015-02-16,2.722,2.722,1.0768659487560228
2015-02-17,2.753,2.753,1.1388684790595294
2015-02-25,2.699,2.699,-1.961496549219044
2015-02-26,2.802,2.802,3.8162282326787755
2015-02-27,2.795,2.795,-0.24982155603141543
2015-03-02,2.823,2.823,1.001788908765655
2015-03-03,2.725,2.725,-3.4714842366276977
2015-03-04,2.754,2.754,1.064220183486242
2015-03-05,2.724,2.724,-1.0893246187363759
2015-03-06,2.702,2.702,-0.8076358296622677
2015-03-09,2.77,2.77,2.516654330125845
2015-03-10,2.745,2.745,-0.9025270758122761
2015-03-11,2.75,2.75,0.18214936247722413
2015-03-12,2.814,2.814,2.3272727272727334
2015-03-13,2.834,2.834,0.7107320540156392
2015-03-16,2.923,2.923,3.1404375441072663
2015-03-17,2.97,2.97,1.607937050975039
2015-03-18,3.069,3.069,3.3333333333333215
2015-03-19,3.049,3.049,-0.6516780710329129
2015-03-20,3.103,3.103,1.7710724827812552
2015-03-23,3.181,3.181,2.5136964228166248
2015-03-24,3.177,3.177,-0.12574662055957475
2015-03-25,3.153,3.153,-0.7554296506137925
2015-03-26,3.156,3.156,0.09514747859182826
2015-03-27,3.186,3.186,0.9505703422053147
2015-03-30,3.312,3.312,3.9548022598870025
2015-03-31,3.267,3.267,-1.3586956521739135
2015-04-01,3.333,3.333,2.020202020202033
2015-04-02,3.327,3.327,-0.18001800180018623
2015-04-03,3.393,3.393,1.9837691614066788
2015-04-07,3.466,3.466,2.151488358384923
2015-04-08,3.5,3.5,0.9809578765147098
2015-04-09,3.469,3.469,-0.8857142857142897
2015-04-10,3.568,3.568,2.85384837128857
2015-04-13,3.64,3.64,2.0179372197309364
2015-04-14,3.642,3.642,0.05494505494505475
2015-04-15,3.605,3.605,-1.0159253157605685
2015-04-16,3.748,3.748,3.9667128987517453
2015-04-17,3.826,3.826,2.0811099252934895
2015-04-20,3.726,3.726,-2.6136957658128623
2015-04-21,3.821,3.821,2.5496511003757494
2015-04-22,3.946,3.946,3.27139492279509
2015-04-23,3.941,3.941,-0.12671059300558563
2015-04-24,3.924,3.924,-0.4313625983252911
2015-04-27,4.021,4.021,2.4719673802242603
2015-04-28,3.959,3.959,-1.541904998756527
2015-04-29,3.985,3.985,0.6567314978529915
2015-04-30,3.975,3.975,-0.25094102885820924
2015-05-04,4.001,4.001,0.6540880503144608
2015-05-05,3.82,3.82,-4.523869032741823
2015-05-06,3.772,3.772,-1.2565445026178068
2015-05-07,3.693,3.693,-2.0943796394485625
2015-05-08,3.762,3.762,1.8683996750609166
2015-05-11,3.911,3.911,3.96065922381712
2015-05-12,3.965,3.965,1.3807210432114525
2015-05-13,3.921,3.921,-1.109709962168981
2015-05-14,3.91,3.91,-0.2805406783983555
2015-05-15,3.824,3.824,-2.1994884910485957
2015-05-18,3.79,3.79,-0.8891213389121244
2015-05-19,3.947,3.947,4.142480211081789
2015-05-20,3.969,3.969,0.5573853559665443
2015-05-21,4.066,4.066,2.443940539178624
2015-05-22,4.17,4.17,2.557796360059039
2015-05-25,4.326,4.326,3.7410071942445944
2015-05-26,4.401,4.401,1.7337031900138689
2015-05-27,4.401,4.401,0.0
2015-05-28,4.051,4.051,-7.952738014087702
2015-05-29,4.054,4.054,0.07405578869414953
2015-06-01,4.306,4.306,6.216082881105067
2015-06-02,4.392,4.392,1.9972131908964297
2015-06-03,4.349,4.349,-0.9790528233151186
2015-06-04,4.407,4.407,1.3336399172223512
2015-06-05,4.415,4.415,0.18152938506921235
2015-06-08,4.542,4.542,2.87655719139297
2015-06-09,4.499,4.499,-0.9467195068251888
2015-06-10,4.494,4.494,-0.11113580795731881
2015-06-11,4.495,4.495,0.022251891410784985
2015-06-12,4.534,4.534,0.8676307007786432
2015-06-15,4.407,4.407,-2.8010586678429594
2015-06-16,4.271,4.271,-3.0859995461765433
2015-06-17,4.346,4.346,1.756029033013351
2015-06-18,4.145,4.145,-4.624942475839866
2015-06-19,3.839,3.839,-7.38238841978286
2015-06-23,4.002,4.002,4.245897369106544
2015-06-24,4.107,4.107,2.6236881559220437
2015-06-25,3.932,3.932,-4.261017774531295
2015-06-26,3.582,3.582,-8.90132248219736
2015-06-29,3.418,3.418,-4.578447794528184
2015-06-30,3.72,3.72,8.835576360444698
2015-07-01,3.433,3.433,-7.715053763440871
2015-07-02,3.344,3.344,-2.5924847072531287
2015-07-03,3.155,3.155,-5.651913875598091
2015-07-06,3.261,3.261,3.359746434231381
2015-07-07,3.084,3.084,-5.427782888684451
2015-07-08,2.699,2.699,-12.48378728923477
2015-07-09,3.045,3.045,12.81956280103742
2015-07-10,3.425,3.425,12.479474548440074
2015-07-13,3.47,3.47,1.3138686131386912
2015-07-14,3.39,3.39,-2.3054755043227737
2015-07-15,3.181,3.181,-6.165191740412979
2015-07-16,3.272,3.272,2.860735617730259
2015-07-17,3.436,3.436,5.01222493887532
2015-07-20,3.424,3.424,-0.34924330616996624
2015-07-21,3.45,3.45,0.7593457943925408
2015-07-22,3.43,3.43,-0.5797101449275366
2015-07-23,3.544,3.544,3.3236151603498465
2015-07-24,3.454,3.454,-2.5395033860045158
2015-07-27,3.039,3.039,-12.015055008685582
2015-07-28,3.083,3.083,1.4478446857518978
2015-07-29,3.224,3.224,4.573467401881293
2015-07-30,3.087,3.087,-4.249379652605456
2015-07-31,3.087,3.087,0.0
2015-08-03,3.088,3.088,0.03239390994491664
2015-08-04,3.241,3.241,4.954663212435229
2015-08-05,3.152,3.152,-2.746066029003391
2015-08-06,3.109,3.109,-1.3642131979695438
2015-08-07,3.189,3.189,2.5731746542296596
2015-08-10,3.384,3.384,6.11476952022576
2015-08-11,3.335,3.335,-1.4479905437352225
2015-08-12,3.293,3.293,-1.2593703148425783
2015-08-13,3.348,3.348,1.6702095353780644
2015-08-14,3.338,3.338,-0.29868578255674016
2015-08-17,3.345,3.345,0.20970641102457943
2015-08-18,3.063,3.063,-8.430493273542606
2015-08-19,3.151,3.151,2.873000326477304
2015-08-20,3.051,3.051,-3.173595683909858
2015-08-21,2.861,2.861,-6.227466404457549
2015-08-24,2.499,2.499,-12.652918559944082
2015-08-25,2.219,2.219,-11.204481792717091
2015-08-26,2.303,2.303,3.785488958990535
2015-08-27,2.493,2.493,8.25010855405992
2015-08-28,2.638,2.638,5.816285599679105
2015-08-31,2.631,2.631,-0.26535253980288775
2015-09-01,2.618,2.618,-0.49410870391485284
2015-09-02,2.608,2.608,-0.3819709702062579
2015-09-07,2.525,2.525,-3.1825153374233195
2015-09-08,2.614,2.614,3.524752475247528
2015-09-09,2.678,2.678,2.448355011476666
2015-09-10,2.617,2.617,-2.277819268110526
2015-09-11,2.624,2.624,0.26748184944593856
2015-09-14,2.505,2.505,-4.5350609756097615
2015-09-15,2.409,2.409,-3.8323353293413187
2015-09-16,2.581,2.581,7.1398920713989344
2015-09-17,2.516,2.516,-2.518403719488571
2015-09-18,2.515,2.515,-0.039745627980913856
2015-09-21,2.575,2.575,2.385685884691857
2015-09-22,2.601,2.601,1.009708737864079
2015-09-23,2.523,2.523,-2.9988465974625123
2015-09-24,2.551,2.551,1.109789932619898
2015-09-25,2.479,2.479,-2.8224225793806346
2015-09-28,2.498,2.498,0.7664380798709125
2015-09-29,2.435,2.435,-2.5220176140912764
2015-09-30,2.457,2.457,0.903490759753578
2015-10-08,2.573,2.573,4.721204721204719
2015-10-09,2.615,2.615,1.6323357947920725
2015-10-12,2.756,2.756,5.391969407265762
2015-10-13,2.731,2.731,-0.907111756168355
2015-10-14,2.693,2.693,-1.391431709996327
2015-10-15,2.782,2.782,3.3048644634236846
2015-10-16,2.831,2.831,1.7613227893601646
2015-10-19,2.825,2.825,-0.21193924408335896
2015-10-20,2.872,2.872,1.6637168141592884
2015-10-21,2.763,2.763,-3.79526462395543
2015-10-22,2.808,2.808,1.6286644951140072
2015-10-23,2.871,2.871,2.243589743589758
2015-10-26,2.877,2.877,0.2089864158829613
2015-10-27,2.879,2.879,0.06951685783802564
2015-10-28,2.815,2.815,-2.2229940951719374
2015-10-29,2.82,2.82,0.1776198934280604
2015-10-30,2.821,2.821,0.035460992907809796
2015-11-02,2.761,2.761,-2.1269053527118054
2015-11-03,2.734,2.734,-0.9779065555958089
2015-11-04,2.944,2.944,7.681053401609361
2015-11-05,3.003,3.003,2.004076086956519
2015-11-06,3.093,3.093,2.9970029970029843
2015-11-09,3.133,3.133,1.2932428063368917
2015-11-10,3.122,3.122,-0.3511011809766984
2015-11-11,3.117,3.117,-0.16015374759769108
2015-11-12,3.077,3.077,-1.2832852101379522
2015-11-13,3.04,3.04,-1.202469938251538
2015-11-16,3.062,3.062,0.7236842105263097
2015-11-17,3.048,3.048,-0.4572175048987548
2015-11-18,3.015,3.015,-1.0826771653543288
2015-11-19,3.072,3.072,1.8905472636815857
2015-11-20,3.061,3.061,-0.35807291666667407
2015-11-23,3.042,3.042,-0.6207121855602793
2015-11-24,3.045,3.045,0.09861932938857176
2015-11-25,3.068,3.068,0.7553366174055887
2015-11-26,3.05,3.05,-0.5867014341590648
2015-11-27,2.844,2.844,-6.754098360655735
2015-11-30,2.845,2.845,0.03516174402251604
2015-12-01,2.873,2.873,0.9841827768014122
2015-12-02,3.029,3.029,5.429864253393646
2015-12-03,3.037,3.037,0.2641135688346008
2015-12-04,2.965,2.965,-2.370760619031942
2015-12-07,2.971,2.971,0.2023608768971341
2015-12-08,2.917,2.917,-1.817569841804112
2015-12-09,2.922,2.922,0.17140898183065634
2015-12-10,2.915,2.915,-0.23956194387406704
2015-12-11,2.897,2.897,-0.6174957118353475
2015-12-14,3.009,3.009,3.866068346565421
2015-12-15,2.973,2.973,-1.1964107676969093
2015-12-16,2.974,2.974,0.033636057854025125
2015-12-17,3.044,3.044,2.353732347007398
2015-12-18,3.058,3.058,0.45992115637318864
2015-12-21,3.158,3.158,3.2701111837802443
2015-12-22,3.163,3.163,0.15832805573148256
2015-12-23,3.158,3.158,-0.15807777426493086
2015-12-24,3.111,3.111,-1.4882837238758606
2015-12-25,3.131,3.131,0.6428801028607989
2015-12-28,3.014,3.014,-3.7368252954327663
2015-12-29,3.049,3.049,1.1612475116124843
2015-12-30,3.048,3.048,-0.03279763857001461
2015-12-31,3.014,3.014,-1.1154855643044748
2016-01-04,2.766,2.766,-8.228268082282675
2016-01-05,2.763,2.763,-0.10845986984816536
2016-01-06,2.818,2.818,1.9905899384726755
2016-01-07,2.72,2.72,-3.477643718949608
2016-01-08,2.644,2.644,-2.7941176470588247
2016-01-11,2.469,2.469,-6.618759455370659
2016-01-12,2.492,2.492,0.93155123531794
2016-01-13,2.447,2.447,-1.80577849117175
2016-01-14,2.501,2.501,2.206783816918678
2016-01-15,2.405,2.405,-3.8384646141543466
2016-01-18,2.407,2.407,0.08316008316009427
2016-01-19,2.498,2.498,3.7806398005816533
2016-01-20,2.456,2.456,-1.6813450760608584
2016-01-21,2.365,2.365,-3.70521172638435
2016-01-22,2.395,2.395,1.2684989429175397
2016-01-25,2.407,2.407,0.5010438413361129
2016-01-26,2.231,2.231,-7.312006647278779
2016-01-27,2.199,2.199,-1.4343343792021512
2016-01-28,2.136,2.136,-2.8649386084583783
2016-01-29,2.217,2.217,3.7921348314606806
2016-02-01,2.185,2.185,-1.4433919711321574
2016-02-02,2.247,2.247,2.8375286041189884
2016-02-03,2.233,2.233,-0.6230529595015466
2016-02-04,2.272,2.272,1.7465293327362241
2016-02-05,2.237,2.237,-1.5404929577464643
2016-02-15,2.226,2.226,-0.49172999552973273
2016-02-16,2.309,2.309,3.728661275831091
2016-02-17,2.34,2.34,1.3425725422260504
2016-02-18,2.336,2.336,-0.17094017094017033
2016-02-19,2.328,2.328,-0.3424657534246589
2016-02-22,2.391,2.391,2.706185567010322
2016-02-23,2.367,2.367,-1.0037641154328703
2016-02-24,2.39,2.39,0.9716941275876634
2016-02-25,2.192,2.192,-8.284518828451882
2016-02-26,2.22,2.22,1.2773722627737127
2016-02-29,2.151,2.151,-3.1081081081081208
2016-03-01,2.205,2.205,2.5104602510460428
2016-03-02,2.336,2.336,5.9410430839002215
2016-03-03,2.329,2.329,-0.2996575342465668
2016-03-04,2.366,2.366,1.5886646629454715
2016-03-07,2.39,2.39,1.0143702451394843
2016-03-08,2.379,2.379,-0.46025104602510636
2016-03-09,2.333,2.333,-1.9335855401429125
2016-03-10,2.292,2.292,-1.7573939134162164
2016-03-11,2.286,2.286,-0.2617801047120283
2016-03-14,2.351,2.351,2.8433945756780377
2016-03-15,2.341,2.341,-0.42535091450445206
2016-03-16,2.361,2.361,0.8543357539513075
2016-03-17,2.411,2.411,2.1177467174925857
2016-03-18,2.455,2.455,1.8249688925757068
2016-03-21,2.525,2.525,2.851323828920571
2016-03-22,2.503,2.503,-0.871287128712861
2016-03-23,2.509,2.509,0.2397123451857608
2016-03-24,2.459,2.459,-1.992825827022715
2016-03-25,2.472,2.472,0.5286701911346059
2016-03-28,2.442,2.442,-1.213592233009697
2016-03-29,2.416,2.416,-1.064701064701079
2016-03-30,2.502,2.502,3.55960264900661
2016-03-31,2.496,2.496,-0.23980815347720563
2016-04-01,2.506,2.506,0.4006410256410131
2016-04-05,2.537,2.537,1.2370311252992927
2016-04-06,2.531,2.531,-0.23649980291682304
2016-04-07,2.491,2.491,-1.5804030027657068
2016-04-08,2.464,2.464,-1.083902047370544
2016-04-11,2.499,2.499,1.4204545454545414
2016-04-12,2.495,2.495,-0.16006402561024036
2016-04-13,2.536,2.536,1.6432865731462964
2016-04-14,2.548,2.548,0.4731861198738141
2016-04-15,2.551,2.551,0.11773940345369827
2016-04-18,2.505,2.505,-1.803214425715416
2016-04-19,2.509,2.509,0.1596806387225591
2016-04-20,2.453,2.453,-2.2319649262654506
2016-04-21,2.438,2.438,-0.6114961271911801
2016-04-22,2.452,2.452,0.5742411812961423
2016-04-25,2.442,2.442,-0.4078303425774754
2016-04-26,2.46,2.46,0.7371007371007376
2016-04-27,2.445,2.445,-0.6097560975609762
2016-04-28,2.443,2.443,-0.08179959100204082
2016-04-29,2.439,2.439,-0.16373311502251298
2016-05-03,2.5,2.5,2.501025010250091
2016-05-04,2.488,2.488,-0.48000000000000265
2016-05-05,2.488,2.488,0.0
2016-05-06,2.415,2.415,-2.934083601286175
2016-05-09,2.351,2.351,-2.650103519668734
2016-05-10,2.348,2.348,-0.12760527435135005
2016-05-11,2.36,2.36,0.5110732538330609
2016-05-12,2.371,2.371,0.4661016949152552
2016-05-13,2.36,2.36,-0.4639392661324404
2016-05-16,2.372,2.372,0.5084745762711895
2016-05-17,2.367,2.367,-0.2107925801011712
2016-05-18,2.347,2.347,-0.8449514152936266
2016-05-19,2.341,2.341,-0.2556455048998596
2016-05-20,2.361,2.361,0.8543357539513075
2016-05-23,2.366,2.366,0.21177467174926523
2016-05-24,2.347,2.347,-0.8030431107354241
2016-05-25,2.345,2.345,-0.0852151682999458
2016-05-26,2.345,2.345,0.0
2016-05-27,2.347,2.347,0.08528784648187404
2016-05-30,2.349,2.349,0.0852151682999569
2016-05-31,2.456,2.456,4.555129842486161
2016-06-01,2.443,2.443,-0.5293159609120468
2016-06-02,2.446,2.446,0.12279983626688473
2016-06-03,2.483,2.483,1.5126737530662293
2016-06-06,2.464,2.464,-0.7652033830044314
2016-06-07,2.464,2.464,0.0
2016-06-08,2.46,2.46,-0.16233766233766378
2016-06-13,2.356,2.356,-4.227642276422772
2016-06-14,2.369,2.369,0.551782682512747
2016-06-15,2.41,2.41,1.7306880540312264
2016-06-16,2.391,2.391,-0.7883817427385975
2016-06-17,2.404,2.404,0.5437055625261422
2016-06-20,2.405,2.405,0.04159733777038266
2016-06-21,2.398,2.398,-0.2910602910602744
2016-06-22,2.417,2.417,0.792326939115906
2016-06-23,2.407,2.407,-0.4137360364087628
2016-06-24,2.374,2.374,-1.371001246364767
2016-06-27,2.413,2.413,1.6427969671440446
2016-06-28,2.429,2.429,0.6630750103605587
2016-06-29,2.443,2.443,0.5763688760807018
2016-06-30,2.448,2.448,0.20466639377814122
2016-07-01,2.445,2.445,-0.1225490196078427
2016-07-04,2.498,2.498,2.1676891615542093
2016-07-05,2.506,2.506,0.32025620496396456
2016-07-06,2.522,2.522,0.6384676775738285
2016-07-07,2.526,2.526,0.15860428231562196
2016-07-08,2.514,2.514,-0.47505938242280443
2016-07-11,2.522,2.522,0.31821797931583795
2016-07-12,2.604,2.604,3.2513877874702724
2016-07-13,2.611,2.611,0.26881720430107503
2016-07-14,2.606,2.606,-0.19149751053237907
2016-07-15,2.61,2.61,0.15349194167306734
2016-07-18,2.598,2.598,-0.45977011494252595
2016-07-19,2.581,2.581,-0.6543494996150812
2016-07-20,2.574,2.574,-0.27121270825262167
2016-07-21,2.592,2.592,0.6993006993007089
2016-07-22,2.563,2.563,-1.1188271604938294
2016-07-25,2.562,2.562,-0.039016777214218035
2016-07-26,2.604,2.604,1.6393442622950838
2016-07-27,2.543,2.543,-2.342549923195081
2016-07-28,2.552,2.552,0.35391270153362075
2016-07-29,2.541,2.541,-0.4310344827586299
2016-08-01,2.514,2.514,-1.0625737898465215
2016-08-02,2.522,2.522,0.31821797931583795
2016-08-03,2.526,2.526,0.15860428231562196
2016-08-04,2.536,2.536,0.39588281868567776
2016-08-05,2.549,2.549,0.5126182965299542
2016-08-08,2.576,2.576,1.0592389172224381
2016-08-09,2.591,2.591,0.5822981366459645
2016-08-10,2.581,2.581,-0.3859513701273687
2016-08-11,2.577,2.577,-0.15497869043006318
2016-08-12,2.635,2.635,2.2506790842064417
2016-08-15,2.734,2.734,3.757115749525619
2016-08-16,2.724,2.724,-0.3657644476956712
2016-08-17,2.716,2.716,-0.2936857562408246
2016-08-18,2.711,2.711,-0.18409425625921516
2016-08-19,2.707,2.707,-0.14754703061601315
2016-08-22,2.683,2.683,-0.8865903213889914
2016-08-23,2.685,2.685,0.0745434215430496
2016-08-24,2.671,2.671,-0.5214152700186325
2016-08-25,2.653,2.653,-0.6739049045301315
2016-08-26,2.649,2.649,-0.15077271013946847
2016-08-29,2.648,2.648,-0.03775009437523291
2016-08-30,2.662,2.662,0.5287009063444037
2016-08-31,2.676,2.676,0.5259203606311047
2016-09-01,2.64,2.64,-1.3452914798206317
2016-09-02,2.655,2.655,0.5681818181818121
2016-09-05,2.662,2.662,0.26365348399246535
2016-09-06,2.691,2.691,1.0894064613072851
2016-09-07,2.693,2.693,0.07432181345226052
2016-09-08,2.688,2.688,-0.18566654288896256
2016-09-09,2.671,2.671,-0.6324404761904878
2016-09-12,2.604,2.604,-2.508423811306615
2016-09-13,2.604,2.604,0.0
2016-09-14,2.584,2.584,-0.7680491551459334
2016-09-19,2.605,2.605,0.8126934984520107
2016-09-20,2.601,2.601,-0.15355086372360605
2016-09-21,2.614,2.614,0.4998077662437428
2016-09-22,2.636,2.636,0.8416220351951109
2016-09-23,2.628,2.628,-0.3034901365705611
2016-09-26,2.572,2.572,-2.13089802130898
2016-09-27,2.589,2.589,0.6609642301710794
2016-09-28,2.584,2.584,-0.1931247585940432
2016-09-29,2.599,2.599,0.5804953560371473
2016-09-30,2.609,2.609,0.3847633705271081
2016-10-10,2.647,2.647,1.4564967420467534
2016-10-11,2.655,2.655,0.3022289384208454
2016-10-12,2.647,2.647,-0.3013182674199588
2016-10-13,2.647,2.647,0.0
2016-10-14,2.657,2.657,0.3777861730260845
2016-10-17,2.626,2.626,-1.1667293940534451
2016-10-18,2.668,2.668,1.599390708301618
2016-10-19,2.666,2.666,-0.07496251874063997
2016-10-20,2.661,2.661,-0.18754688672167896
2016-10-21,2.678,2.678,0.6388575723412115
2016-10-24,2.719,2.719,1.5309932785660951
2016-10-25,2.71,2.71,-0.33100404560499896
2016-10-26,2.7,2.7,-0.36900369003689537
2016-10-27,2.695,2.695,-0.18518518518519933
2016-10-28,2.69,2.69,-0.18552875695732052
2016-10-31,2.683,2.683,-0.26022304832714616
2016-11-01,2.704,2.704,0.7827059262020208
2016-11-02,2.681,2.681,-0.8505917159763343
2016-11-03,2.707,2.707,0.9697873927638767
2016-11-04,2.696,2.696,-0.40635389730327987
2016-11-07,2.699,2.699,0.1112759643916883
2016-11-08,2.717,2.717,0.6669136717302848
2016-11-09,2.704,2.704,-0.4784688995215225
2016-11-10,2.739,2.739,1.2943786982248406
2016-11-11,2.769,2.769,1.0952902519167695
2016-11-14,2.774,2.774,0.18057060310581186
2016-11-15,2.77,2.77,-0.14419610670511895
2016-11-16,2.771,2.771,0.03610108303249149
2016-11-17,2.779,2.779,0.2887044388307558
2016-11-18,2.767,2.767,-0.4318100035984207
2016-11-21,2.783,2.783,0.5782435851102274
2016-11-22,2.818,2.818,1.2576356449874204
2016-11-23,2.824,2.824,0.21291696238465718
2016-11-24,2.834,2.834,0.3541076487252104
2016-11-25,2.873,2.873,1.3761467889908285
2016-11-28,2.889,2.889,0.5569091541941962
2016-11-29,2.917,2.917,0.9691934925579737
2016-11-30,2.884,2.884,-1.1312992800822763
2016-12-01,2.918,2.918,1.1789181692094308
2016-12-02,2.878,2.878,-1.3708019191226883
2016-12-05,2.806,2.806,-2.5017373175816537
2016-12-06,2.8,2.8,-0.2138275124732747
2016-12-07,2.816,2.816,0.5714285714285783
2016-12-08,2.824,2.824,0.28409090909091717
2016-12-09,2.844,2.844,0.7082152974504208
2016-12-12,2.75,2.75,-3.305203938115331
2016-12-13,2.745,2.745,-0.181818181818183
2016-12-14,2.721,2.721,-0.8743169398907069
2016-12-15,2.682,2.682,-1.433296582138921
2016-12-16,2.682,2.682,0.0
2016-12-19,2.672,2.672,-0.37285607755405126
2016-12-20,2.647,2.647,-0.9356287425149823
2016-12-21,2.684,2.684,1.3978088401964683
2016-12-22,2.678,2.678,-0.22354694485843263
2016-12-23,2.651,2.651,-1.0082150858849892
2016-12-26,2.663,2.663,0.4526593738211959
2016-12-27,2.658,2.658,-0.18775816748027863
2016-12-28,2.64,2.64,-0.6772009029345272
2016-12-29,2.642,2.642,0.07575757575757347
2016-12-30,2.645,2.645,0.11355034065103631
2017-01-03,2.683,2.683,1.4366729678638945
2017-01-04,2.713,2.713,1.118151323145744
2017-01-05,2.706,2.706,-0.2580169553999312
2017-01-06,2.695,2.695,-0.40650406504065817
2017-01-09,2.707,2.707,0.44526901669759145
2017-01-10,2.698,2.698,-0.3324713705208704
2017-01-11,2.673,2.673,-0.9266123054114117
2017-01-12,2.656,2.656,-0.6359895248784109
2017-01-13,2.662,2.662,0.22590361445782303
2017-01-16,2.658,2.658,-0.15026296018031404
2017-01-17,2.663,2.663,0.18811136192624645
2017-01-18,2.685,2.685,0.8261359369132748
2017-01-19,2.673,2.673,-0.4469273743016755
2017-01-20,2.702,2.702,1.0849233071455355
2017-01-23,2.703,2.703,0.037009622501837924
2017-01-24,2.705,2.705,0.07399186089531717
2017-01-25,2.715,2.715,0.3696857670979492
2017-01-26,2.729,2.729,0.5156537753223001
2017-02-03,2.709,2.709,-0.7328691828508593
2017-02-06,2.708,2.708,-0.0369139904023541
2017-02-07,2.702,2.702,-0.22156573116691725
2017-02-08,2.725,2.725,0.8512213175425609
2017-02-09,2.737,2.737,0.4403669724770687
2017-02-10,2.755,2.755,0.6576543660942624
2017-02-13,2.773,2.773,0.6533575317604345
2017-02-14,2.777,2.777,0.14424810674360522
2017-02-15,2.765,2.765,-0.4321209938782822
2017-02-16,2.78,2.78,0.5424954792043302
2017-02-17,2.76,2.76,-0.7194244604316502
2017-02-20,2.816,2.816,2.0289855072463725
2017-02-21,2.816,2.816,0.0
2017-02-22,2.827,2.827,0.390625
2017-02-23,2.812,2.812,-0.5305978068623984
2017-02-24,2.809,2.809,-0.1066856330014132
2017-02-27,2.782,2.782,-0.9611961552153825
2017-02-28,2.787,2.787,0.17972681524083267
2017-03-01,2.791,2.791,0.14352350197344155
2017-03-02,2.779,2.779,-0.4299534217126477
2017-03-03,2.766,2.766,-0.4677941705649502
2017-03-06,2.783,2.783,0.6146059291395556
2017-03-07,2.788,2.788,0.17966223499819023
2017-03-08,2.792,2.792,0.1434720229555264
2017-03-09,2.761,2.761,-1.1103151862464022
2017-03-10,2.764,2.764,0.10865628395506643
2017-03-13,2.801,2.801,1.338639652677287
2017-03-14,2.793,2.793,-0.2856122813280959
2017-03-15,2.799,2.799,0.21482277121374072
2017-03-16,2.82,2.82,0.7502679528403
2017-03-17,2.781,2.781,-1.382978723404249
2017-03-20,2.783,2.783,0.07191657677094732
2017-03-21,2.807,2.807,0.8623787279913753
2017-03-22,2.789,2.789,-0.6412540078375439
2017-03-23,2.799,2.799,0.35855145213337103
2017-03-24,2.832,2.832,1.1789924973204746
2017-03-27,2.816,2.816,-0.5649717514124353
2017-03-28,2.811,2.811,-0.17755681818181213
2017-03-29,2.804,2.804,-0.24902170046247063
2017-03-30,2.771,2.771,-1.1768901569186863
2017-03-31,2.796,2.796,0.9022013713460897
2017-04-05,2.853,2.853,2.0386266094420735
2017-04-06,2.849,2.849,-0.1402032947774301
2017-04-07,2.856,2.856,0.24570024570023108
2017-04-10,2.847,2.847,-0.31512605042016695
2017-04-11,2.856,2.856,0.31612223393044925
2017-04-12,2.843,2.843,-0.45518207282913004
2017-04-13,2.856,2.856,0.45726345409777824
2017-04-14,2.827,2.827,-1.0154061624649824
2017-04-17,2.815,2.815,-0.4244782454899232
2017-04-18,2.807,2.807,-0.2841918294849033
2017-04-19,2.78,2.78,-0.961881011756327
2017-04-20,2.799,2.799,0.683453237410081
2017-04-21,2.802,2.802,0.1071811361200492
2017-04-24,2.765,2.765,-1.3204853675945705
2017-04-25,2.776,2.776,0.3978300180831784
2017-04-26,2.784,2.784,0.2881844380403509
2017-04-27,2.786,2.786,0.07183908045977905
2017-04-28,2.773,2.773,-0.4666188083273459
2017-05-02,2.768,2.768,-0.18031013342950653
2017-05-03,2.751,2.751,-0.6141618497109813
2017-05-04,2.738,2.738,-0.47255543438748937
2017-05-05,2.716,2.716,-0.8035062089116085
2017-05-08,2.687,2.687,-1.0677466863034057
2017-05-09,2.69,2.69,0.11164867882396123
2017-05-10,2.678,2.678,-0.4460966542750966
2017-05-11,2.695,2.695,0.6348020911127739
2017-05-12,2.722,2.722,1.0018552875695752
2017-05-15,2.736,2.736,0.5143277002204405
2017-05-16,2.776,2.776,1.4619883040935422
2017-05-17,2.753,2.753,-0.8285302593659782
2017-05-18,2.738,2.738,-0.5448601525608443
2017-05-19,2.744,2.744,0.21913805697590938
2017-05-22,2.747,2.747,0.10932944606412143
2017-05-23,2.762,2.762,0.5460502366217757
2017-05-24,2.762,2.762,0.0
2017-05-25,2.835,2.835,2.643012309920345
2017-05-26,2.829,2.829,-0.2116402116402072
2017-05-31,2.831,2.831,0.07069635913750094
2017-06-01,2.839,2.839,0.28258565877781194
2017-06-02,2.83,2.83,-0.31701303275800674
2017-06-05,2.807,2.807,-0.8127208480565362
2017-06-06,2.834,2.834,0.9618810117563381
2017-06-07,2.882,2.882,1.6937191249117856
2017-06-08,2.907,2.907,0.8674531575294964
2017-06-09,2.929,2.929,0.7567939456484263
2017-06-12,2.922,2.922,-0.23898941618298863
2017-06-13,2.929,2.929,0.23956194387404484
2017-06-14,2.893,2.893,-1.2290884260839907
2017-06-15,2.881,2.881,-0.41479433114414155
2017-06-16,2.875,2.875,-0.20826102047899475
2017-06-19,2.915,2.915,1.3913043478260834
2017-06-20,2.904,2.904,-0.37735849056603765
2017-06-21,2.949,2.949,1.5495867768595017
2017-06-22,2.953,2.953,0.13563919972872096
2017-06-23,2.988,2.988,1.185235353877423
2017-06-26,3.033,3.033,1.5060240963855387
2017-06-27,3.035,3.035,0.06594131223212063
2017-06-28,3.01,3.01,-0.8237232289950658
2017-06-29,3.032,3.032,0.73089700996678
2017-06-30,3.026,3.026,-0.19788918205805306
2017-07-03,3.01,3.01,-0.5287508261731633
2017-07-04,2.98,2.98,-0.9966777408637828
2017-07-05,3.027,3.027,1.5771812080537018
2017-07-06,3.024,3.024,-0.09910802775024985
2017-07-07,3.022,3.022,-0.0661375661375696
2017-07-10,3.026,3.026,0.1323626737260053
2017-07-11,3.056,3.056,0.991407799074695
2017-07-12,3.034,3.034,-0.7198952879581277
2017-07-13,3.072,3.072,1.2524719841793042
2017-07-14,3.097,3.097,0.8138020833333259
2017-07-17,3.046,3.046,-1.6467549241201196
2017-07-18,3.048,3.048,0.06565988181221893
2017-07-19,3.125,3.125,2.526246719160108
2017-07-20,3.143,3.143,0.5759999999999987
2017-07-21,3.124,3.124,-0.6045179764556097
2017-07-24,3.143,3.143,0.6081946222791235
2017-07-25,3.114,3.114,-0.9226853324848849
2017-07-26,3.093,3.093,-0.674373795761074
2017-07-27,3.104,3.104,0.3556417717426541
2017-07-28,3.118,3.118,0.45103092783504994
2017-07-31,3.132,3.132,0.4490057729313657
2017-08-01,3.162,3.162,0.9578544061302541
2017-08-02,3.162,3.162,0.0
2017-08-03,3.124,3.124,-1.2017710309930374
2017-08-04,3.101,3.101,-0.7362355953905331
2017-08-07,3.124,3.124,0.7416962270235361
2017-08-08,3.125,3.125,0.03201024327783575
2017-08-09,3.122,3.122,-0.09600000000000719
2017-08-10,3.114,3.114,-0.2562459961563124
2017-08-11,3.042,3.042,-2.3121387283236983
2017-08-14,3.088,3.088,1.5121630506246042
2017-08-15,3.098,3.098,0.32383419689119286
2017-08-16,3.092,3.092,-0.1936733376371791
2017-08-17,3.121,3.121,0.9379042690814909
2017-08-18,3.123,3.123,0.064082024991996
2017-08-21,3.139,3.139,0.5123278898494954
2017-08-22,3.145,3.145,0.19114367633004115
2017-08-23,3.155,3.155,0.31796502384737746
2017-08-24,3.135,3.135,-0.6339144215530945
2017-08-25,3.201,3.201,2.1052631578947434
2017-08-28,3.245,3.245,1.3745704467353903
2017-08-29,3.237,3.237,-0.24653312788905923
2017-08-30,3.233,3.233,-0.12357120790855713
2017-08-31,3.226,3.226,-0.21651716671822197
2017-09-01,3.231,3.231,0.15499070055795539
2017-09-04,3.245,3.245,0.4333023831631255
2017-09-05,3.259,3.259,0.43143297380585643
2017-09-06,3.247,3.247,-0.3682111077017547
2017-09-07,3.23,3.23,-0.5235602094240788
2017-09-08,3.226,3.226,-0.12383900928792935
2017-09-11,3.232,3.232,0.18598884066955979
2017-09-12,3.242,3.242,0.30940594059405413
2017-09-13,3.245,3.245,0.09253547193091016
2017-09-14,3.232,3.232,-0.4006163328197143
2017-09-15,3.238,3.238,0.18564356435641916
2017-09-18,3.253,3.253,0.46324891908586796
2017-09-19,3.228,3.228,-0.7685213648939371
2017-09-20,3.246,3.246,0.5576208178438513
2017-09-21,3.247,3.247,0.030807147258160583
2017-09-22,3.236,3.236,-0.33877425315674836
2017-09-25,3.22,3.22,-0.49443757725586845
2017-09-26,3.222,3.222,0.06211180124222615
2017-09-27,3.225,3.225,0.09310986964619072
2017-09-28,3.231,3.231,0.18604651162790198
2017-09-29,3.244,3.244,0.4023522129371848
2017-10-09,3.285,3.285,1.263871763255242
2017-10-10,3.29,3.29,0.15220700152207556
2017-10-11,3.305,3.305,0.4559270516717451
2017-10-12,3.322,3.322,0.5143721633888099
2017-10-13,3.33,3.33,0.24081878386514877
2017-10-16,3.316,3.316,-0.42042042042043093
2017-10-17,3.314,3.314,-0.060313630880570734
2017-10-18,3.338,3.338,0.7242003621001913
2017-10-19,3.327,3.327,-0.329538645895755
2017-10-20,3.325,3.325,-0.06011421701231923
2017-10-23,3.337,3.337,0.36090225563909506
2017-10-24,3.363,3.363,0.7791429427629559
2017-10-25,3.376,3.376,0.38655961938744987
2017-10-26,3.405,3.405,0.8590047393364886
2017-10-27,3.425,3.425,0.5873715124816492
2017-10-30,3.407,3.407,-0.5255474452554698
2017-10-31,3.404,3.404,-0.08805400645729433
2017-11-01,3.39,3.39,-0.4112808460634443
2017-11-02,3.397,3.397,0.20648967551621933
2017-11-03,3.386,3.386,-0.3238151309979287
2017-11-06,3.422,3.422,1.0632014176019
2017-11-07,3.462,3.462,1.1689070718877925
2017-11-08,3.453,3.453,-0.25996533795494825
2017-11-09,3.484,3.484,0.897770055024627
2017-11-10,3.521,3.521,1.0619977037887418
2017-11-13,3.53,3.53,0.2556092019312617
2017-11-14,3.498,3.498,-0.9065155807365333
2017-11-15,3.468,3.468,-0.8576329331046351
2017-11-16,3.507,3.507,1.1245674740484546
2017-11-17,3.512,3.512,0.14257199885943095
2017-11-20,3.545,3.545,0.9396355353075148
2017-11-21,3.628,3.628,2.3413258110014157
2017-11-22,3.627,3.627,-0.027563395810370483
2017-11-23,3.491,3.491,-3.7496553625585793
2017-11-24,3.495,3.495,0.11458034947007256
2017-11-27,3.428,3.428,-1.9170243204578052
2017-11-28,3.447,3.447,0.554259043173877
2017-11-29,3.443,3.443,-0.11604293588627357
2017-11-30,3.396,3.396,-1.3650885855358785
2017-12-01,3.399,3.399,0.08833922261484162
2017-12-04,3.416,3.416,0.5001471020888548
2017-12-05,3.441,3.441,0.7318501170960223
2017-12-06,3.41,3.41,-0.9009009009008917
2017-12-07,3.364,3.364,-1.3489736070381286
2017-12-08,3.403,3.403,1.1593341260404344
2017-12-11,3.47,3.47,1.9688510138113458
2017-12-12,3.405,3.405,-1.8731988472622585
2017-12-13,3.434,3.434,0.8516886930983958
2017-12-14,3.421,3.421,-0.37856726849156974
2017-12-15,3.367,3.367,-1.5784858228588106
2017-12-18,3.368,3.368,0.029700029700019392
2017-12-19,3.421,3.421,1.5736342042755425
2017-12-20,3.412,3.412,-0.2630809704764703
2017-12-21,3.462,3.462,1.4654161781946229
2017-12-22,3.443,3.443,-0.5488157134604266
2017-12-25,3.424,3.424,-0.5518443218123781
2017-12-26,3.436,3.436,0.3504672897196359
2017-12-27,3.368,3.368,-1.9790454016298087
2017-12-28,3.405,3.405,1.098574821852738
2017-12-29,3.418,3.418,0.38179148311308087
2018-01-02,3.478,3.478,1.7554125219426675
2018-01-03,3.5,3.5,0.6325474410580734
2018-01-04,3.513,3.513,0.3714285714285781
2018-01-05,3.529,3.529,0.455451181326505
2018-01-08,3.546,3.546,0.48172286766789973
2018-01-09,3.58,3.58,0.958826847151717
2018-01-10,3.598,3.598,0.5027932960893766
2018-01-11,3.592,3.592,-0.16675931072818173
2018-01-12,3.615,3.615,0.6403118040089195
2018-01-15,3.607,3.607,-0.22130013831258566
2018-01-16,3.65,3.65,1.1921264208483384
2018-01-17,3.637,3.637,-0.35616438356164126
2018-01-18,3.665,3.665,0.7698652735771194
2018-01-19,3.677,3.677,0.3274215552523829
2018-01-22,3.732,3.732,1.4957846070166037
2018-01-23,3.776,3.776,1.1789924973204524
2018-01-24,3.779,3.779,0.07944915254236573
2018-01-25,3.751,3.751,-0.7409367557554947
2018-01-26,3.773,3.773,0.5865102639296182
2018-01-29,3.69,3.69,-2.199840975351186
2018-01-30,3.646,3.646,-1.192411924119241
2018-01-31,3.659,3.659,0.3565551289083979
2018-02-01,3.629,3.629,-0.8198961464881083
2018-02-02,3.655,3.655,0.7164508128961078
2018-02-05,3.651,3.651,-0.10943912448700965
2018-02-06,3.531,3.531,-3.2867707477403307
2018-02-07,3.433,3.433,-2.775417728688767
2018-02-08,3.4,3.4,-0.9612583745994718
2018-02-09,3.215,3.215,-5.441176470588238
2018-02-12,3.27,3.27,1.7107309486780853
2018-02-13,3.317,3.317,1.43730886850153
2018-02-14,3.352,3.352,1.0551703346397323
2018-02-22,3.434,3.434,2.446300715990457
2018-02-23,3.456,3.456,0.6406523005241693
2018-02-26,3.508,3.508,1.504629629629628
2018-02-27,3.449,3.449,-1.6818700114025087
2018-02-28,3.408,3.408,-1.1887503624238849
2018-03-01,3.437,3.437,0.85093896713615
2018-03-02,3.41,3.41,-0.7855688100087188
2018-03-05,3.401,3.401,-0.26392961876834375
2018-03-06,3.461,3.461,1.764187003822415
2018-03-07,3.428,3.428,-0.9534816527015266
2018-03-08,3.469,3.469,1.196032672112013
2018-03-09,3.499,3.499,0.8648025367541168
2018-03-12,3.511,3.511,0.34295513003714806
2018-03-13,3.467,3.467,-1.253204215323267
2018-03-14,3.453,3.453,-0.40380732621864146
2018-03-15,3.483,3.483,0.8688097306689846
2018-03-16,3.438,3.438,-1.2919896640826822
2018-03-19,3.46,3.46,0.6399069226294296
2018-03-20,3.458,3.458,-0.05780346820808413
2018-03-21,3.437,3.437,-0.6072874493927238
2018-03-22,3.401,3.401,-1.0474250800116436
2018-03-23,3.282,3.282,-3.4989708909144324
2018-03-26,3.264,3.264,-0.5484460694698434
2018-03-27,3.299,3.299,1.0723039215686292
2018-03-28,3.22,3.22,-2.3946650500151434
2018-03-29,3.29,3.29,2.1739130434782483
2018-03-30,3.284,3.284,-0.18237082066869803
2018-04-02,3.271,3.271,-0.39585870889159436
2018-04-03,3.246,3.246,-0.7642922653622763
2018-04-04,3.236,3.236,-0.30807147258162804
2018-04-09,3.241,3.241,0.15451174289244918
2018-04-10,3.316,3.316,2.3141005862387987
2018-04-11,3.321,3.321,0.15078407720146014
2018-04-12,3.28,3.28,-1.2345679012345845
2018-04-13,3.253,3.253,-0.8231707317073123
2018-04-16,3.192,3.192,-1.875192130341219
2018-04-17,3.136,3.136,-1.7543859649122862
2018-04-18,3.144,3.144,0.25510204081633514
2018-04-19,3.197,3.197,1.6857506361323216
2018-04-20,3.138,3.138,-1.8454801376290297
2018-04-23,3.154,3.154,0.5098789037603524
2018-04-24,3.233,3.233,2.5047558655675317
2018-04-25,3.21,3.21,-0.7114135477884309
2018-04-26,3.134,3.134,-2.3676012461059215
2018-04-27,3.142,3.142,0.2552648372686761
2018-05-02,3.154,3.154,0.3819223424570417
2018-05-03,3.176,3.176,0.6975269499048808
2018-05-04,3.158,3.158,-0.5667506297229341
2018-05-07,3.219,3.219,1.931602279923994
2018-05-08,3.269,3.269,1.553277415346388
2018-05-09,3.258,3.258,-0.3364943407770049
2018-05-10,3.284,3.284,0.7980356046654258
2018-05-11,3.261,3.261,-0.7003654080389721
2018-05-14,3.295,3.295,1.0426249616682037
2018-05-15,3.31,3.31,0.4552352048558417
2018-05-16,3.278,3.278,-0.9667673716012071
2018-05-17,3.245,3.245,-1.0067114093959662
2018-05-18,3.287,3.287,1.2942989214175693
2018-05-21,3.306,3.306,0.5780346820809301
2018-05-22,3.29,3.29,-0.4839685420447659
2018-05-23,3.239,3.239,-1.5501519756839
2018-05-24,3.208,3.208,-0.9570855202222783
2018-05-25,3.199,3.199,-0.2805486284289338
2018-05-28,3.223,3.223,0.7502344482650747
2018-05-29,3.187,3.187,-1.1169717654359257
2018-05-30,3.115,3.115,-2.2591779102604237
2018-05-31,3.191,3.191,2.43980738362759
2018-06-01,3.165,3.165,-0.8147916013788725
2018-06-04,3.202,3.202,1.1690363349131205
2018-06-05,3.234,3.234,0.9993753903810187
2018-06-06,3.227,3.227,-0.21645021645021467
2018-06-07,3.226,3.226,-0.030988534242326615
2018-06-08,3.175,3.175,-1.5809051456912582
2018-06-11,3.185,3.185,0.31496062992126816
2018-06-12,3.223,3.223,1.1930926216640492
2018-06-13,3.184,3.184,-1.210052745888912
2018-06-14,3.174,3.174,-0.3140703517587995
2018-06-15,3.168,3.168,-0.1890359168241873
2018-06-19,3.038,3.038,-4.103535353535359
2018-06-20,3.038,3.038,0.0
2018-06-21,3.008,3.008,-0.9874917709019049
2018-06-22,3.024,3.024,0.5319148936170137
2018-06-25,2.973,2.973,-1.6865079365079416
2018-06-26,2.938,2.938,-1.1772620248906684
2018-06-27,2.854,2.854,-2.8590878148400334
2018-06-28,2.834,2.834,-0.7007708479327301
2018-06-29,2.925,2.925,3.2110091743119185
2018-07-02,2.831,2.831,-3.2136752136752045
2018-07-03,2.818,2.818,-0.4592016955139444
2018-07-04,2.782,2.782,-1.2775017743080208
2018-07-05,2.754,2.754,-1.0064701653486718
2018-07-06,2.783,2.783,1.0530137981118237
2018-07-09,2.882,2.882,3.5573122529644285
2018-07-10,2.891,2.891,0.3122831367106116
2018-07-11,2.833,2.833,-2.006226219301277
2018-07-12,2.916,2.916,2.929756441934339
2018-07-13,2.922,2.922,0.2057613168724437
2018-07-16,2.907,2.907,-0.5133470225872738
2018-07-17,2.885,2.885,-0.7567939456484485
2018-07-18,2.869,2.869,-0.5545927209705259
2018-07-19,2.871,2.871,0.06971070059254014
2018-07-20,2.938,2.938,2.333681644026475
2018-07-23,2.961,2.961,0.7828454731109602
2018-07-24,3.027,3.027,2.228976697061813
2018-07-25,3.026,3.026,-0.033036009250098086
2018-07-26,2.979,2.979,-1.553205551883663
2018-07-27,2.97,2.97,-0.30211480362537513
2018-07-30,2.95,2.95,-0.6734006734006703
2018-07-31,2.963,2.963,0.44067796610169907
2018-08-01,2.883,2.883,-2.69996625042187
2018-08-02,2.805,2.805,-2.7055150884495283
2018-08-03,2.757,2.757,-1.7112299465240621
2018-08-06,2.722,2.722,-1.2694958287994274
2018-08-07,2.815,2.815,3.4166054371785437
2018-08-08,2.765,2.765,-1.7761989342806372
2018-08-09,2.846,2.846,2.929475587703445
2018-08-10,2.852,2.852,0.21082220660575413
2018-08-13,2.837,2.837,-0.5259467040673149
2018-08-14,2.822,2.822,-0.5287275290800197
2018-08-15,2.74,2.74,-2.9057406094968097
2018-08-16,2.726,2.726,-0.5109489051094984
2018-08-17,2.675,2.675,-1.8708730741012536
2018-08-20,2.71,2.71,1.3084112149532867
2018-08-21,2.767,2.767,2.103321033210337
2018-08-22,2.761,2.761,-0.21684134441632974
2018-08-23,2.771,2.771,0.3621876131836288
2018-08-24,2.776,2.776,0.18044027426922238
2018-08-27,2.861,2.861,3.061959654178681
2018-08-28,2.851,2.851,-0.3495281370150427
2018-08-29,2.838,2.838,-0.4559803577692034
2018-08-30,2.804,2.804,-1.1980267794221344
2018-08-31,2.778,2.778,-0.9272467902995629
2018-09-03,2.771,2.771,-0.2519798416126706
2018-09-04,2.811,2.811,1.4435221941537346
2018-09-05,2.741,2.741,-2.490217004624684
2018-09-06,2.712,2.712,-1.0580080262677871
2018-09-07,2.734,2.734,0.8112094395280156
2018-09-10,2.686,2.686,-1.7556693489392816
2018-09-11,2.674,2.674,-0.44676098287416144
2018-09-12,2.651,2.651,-0.8601346297681389
2018-09-13,2.686,2.686,1.3202565069785122
2018-09-14,2.691,2.691,0.18615040953089412
2018-09-17,2.66,2.66,-1.1519881085098382
2018-09-18,2.723,2.723,2.368421052631575
2018-09-19,2.768,2.768,1.6525890561880363
2018-09-20,2.766,2.766,-0.07225433526010239
2018-09-21,2.872,2.872,3.8322487346348577
2018-09-25,2.837,2.837,-1.2186629526462323
2018-09-26,2.875,2.875,1.3394430736693552
2018-09-27,2.86,2.86,-0.521739130434784
2018-09-28,2.896,2.896,1.2587412587412583
2018-10-08,2.729,2.729,-5.766574585635354
2018-10-09,2.736,2.736,0.2565042139978102
2018-10-10,2.734,2.734,-0.07309941520469154
2018-10-11,2.562,2.562,-6.291148500365773
2018-10-12,2.621,2.621,2.3028883684621526
2018-10-15,2.574,2.574,-1.7932086989698615
2018-10-16,2.553,2.553,-0.815850815850816
2018-10-17,2.564,2.564,0.4308656482569617
2018-10-18,2.494,2.494,-2.7301092043681696
2018-10-19,2.573,2.573,3.167602245388923
2018-10-22,2.741,2.741,6.52934317916829
2018-10-23,2.628,2.628,-4.122582998905511
2018-10-24,2.633,2.633,0.19025875190259445
2018-10-25,2.649,2.649,0.6076718571971229
2018-10-26,2.616,2.616,-1.245753114382786
2018-10-29,2.519,2.519,-3.7079510703363905
2018-10-30,2.556,2.556,1.4688368400158858
2018-10-31,2.593,2.593,1.4475743348982828
2018-11-01,2.616,2.616,0.887003470883152
2018-11-02,2.751,2.751,5.160550458715596
2018-11-05,2.708,2.708,-1.5630679752817067
2018-11-06,2.687,2.687,-0.7754800590842104
2018-11-07,2.66,2.66,-1.0048381094156955
2018-11-08,2.657,2.657,-0.11278195488721998
2018-11-09,2.616,2.616,-1.5430937147158375
2018-11-12,2.652,2.652,1.3761467889908285
2018-11-13,2.686,2.686,1.2820512820512775
2018-11-14,2.646,2.646,-1.4892032762472085
2018-11-15,2.689,2.689,1.6250944822373548
2018-11-16,2.699,2.699,0.37188545927853145
2018-11-19,2.736,2.736,1.3708781030011163
2018-11-20,2.663,2.663,-2.6681286549707695
2018-11-21,2.666,2.666,0.11265490048817384
2018-11-22,2.657,2.657,-0.33758439609902213
2018-11-23,2.572,2.572,-3.1990967256304126
2018-11-26,2.577,2.577,0.19440124416796323
2018-11-27,2.574,2.574,-0.11641443538998875
2018-11-28,2.622,2.622,1.8648018648018683
2018-11-29,2.59,2.59,-1.2204424103737566
2018-11-30,2.623,2.623,1.274131274131296
2018-12-03,2.707,2.707,3.2024399542508464
2018-12-04,2.712,2.712,0.18470631695606254
2018-12-05,2.697,2.697,-0.553097345132747
2018-12-06,2.63,2.63,-2.484241750092697
2018-12-07,2.623,2.623,-0.26615969581748056
2018-12-10,2.593,2.593,-1.143728555089596
2018-12-11,2.606,2.606,0.5013497878904705
2018-12-12,2.617,2.617,0.4221028396009352
2018-12-13,2.672,2.672,2.1016431027894633
2018-12-14,2.615,2.615,-2.133233532934131
2018-12-17,2.611,2.611,-0.1529636711281035
2018-12-18,2.571,2.571,-1.5319800842589104
2018-12-19,2.538,2.538,-1.2835472578763274
2018-12-20,2.515,2.515,-0.9062253743104653
2018-12-21,2.476,2.476,-1.5506958250497083
2018-12-24,2.483,2.483,0.28271405492730217
2018-12-25,2.464,2.464,-0.7652033830044314
2018-12-26,2.447,2.447,-0.6899350649350655
2018-12-27,2.44,2.44,-0.286064568859834
2018-12-28,2.447,2.447,0.2868852459016358
2019-01-02,2.405,2.405,-1.7163874131589818
2019-01-03,2.405,2.405,0.0
2019-01-04,2.482,2.482,3.2016632016632185
2019-01-07,2.495,2.495,0.5237711522965371
2019-01-08,2.495,2.495,0.0
2019-01-09,2.518,2.518,0.9218436873747349
2019-01-10,2.521,2.521,0.11914217633042234
2019-01-11,2.544,2.544,0.9123363744545809
2019-01-14,2.517,2.517,-1.0613207547169878
2019-01-15,2.576,2.576,2.3440603893524203
2019-01-16,2.576,2.576,0.0
2019-01-17,2.559,2.559,-0.6599378881987583
2019-01-18,2.613,2.613,2.1101992966002348
2019-01-21,2.63,2.63,0.6505931879066118
2019-01-22,2.59,2.59,-1.520912547528519
2019-01-23,2.582,2.582,-0.3088803088803105
2019-01-24,2.606,2.606,0.9295120061967532
2019-01-25,2.63,2.63,0.9209516500383819
2019-01-28,2.626,2.626,-0.1520912547528508
2019-01-29,2.64,2.64,0.5331302361005319
2019-01-30,2.619,2.619,-0.7954545454545436
2019-01-31,2.649,2.649,1.145475372279492
2019-02-01,2.702,2.702,2.0007550018874998
2019-02-11,2.747,2.747,1.6654330125832617
2019-02-12,2.771,2.771,0.8736803785948322
2019-02-13,2.84,2.84,2.490075784915202
2019-02-14,2.844,2.844,0.14084507042253502
2019-02-15,2.788,2.788,-1.9690576652601988
2019-02-18,2.885,2.885,3.479196556671438
2019-02-19,2.876,2.876,-0.31195840554592014
2019-02-20,2.885,2.885,0.31293463143253764
2019-02-21,2.881,2.881,-0.1386481802426398
2019-02-22,2.973,2.973,3.193335647344675
2019-02-25,3.222,3.222,8.375378405650856
2019-02-26,3.137,3.137,-2.638112973308504
2019-02-27,3.117,3.117,-0.6375518010838355
2019-02-28,3.11,3.11,-0.22457491177414468
2019-03-01,3.185,3.185,2.411575562700974
2019-03-04,3.224,3.224,1.224489795918382
2019-03-05,3.256,3.256,0.9925558312654958
2019-03-06,3.282,3.282,0.7985257985257954
2019-03-07,3.24,3.24,-1.279707495429605
2019-03-08,3.108,3.108,-4.074074074074074
2019-03-11,3.157,3.157,1.5765765765765716
2019-03-12,3.182,3.182,0.7918910357934683
2019-03-13,3.16,3.16,-0.6913890634820841
2019-03-14,3.133,3.133,-0.85443037974684
2019-03-15,3.182,3.182,1.5639961698052929
2019-03-18,3.297,3.297,3.614079195474562
2019-03-19,3.269,3.269,-0.849256900212314
2019-03-20,3.269,3.269,0.0
2019-03-21,3.271,3.271,0.06118078923218473
2019-03-22,3.276,3.276,0.1528584530724464
2019-03-25,3.181,3.181,-2.8998778998778896
2019-03-26,3.142,3.142,-1.2260295504558316
2019-03-27,3.174,3.174,1.0184595798854224
2019-03-28,3.164,3.164,-0.3150598613736566
2019-03-29,3.316,3.316,4.804045512010102
2019-04-01,3.416,3.416,3.0156815440289586
2019-04-02,3.409,3.409,-0.2049180327868938
2019-04-03,3.462,3.462,1.5547081255500306
2019-04-04,3.509,3.509,1.3575967648757903
2019-04-08,3.483,3.483,-0.7409518381305213
2019-04-09,3.507,3.507,0.6890611541774394
2019-04-10,3.513,3.513,0.17108639863130382
2019-04-11,3.443,3.443,-1.9925989183034454
2019-04-12,3.429,3.429,-0.4066221318617558
2019-04-15,3.404,3.404,-0.7290755322251319
2019-04-16,3.524,3.524,3.525264394829608
2019-04-17,3.514,3.514,-0.2837684449489286
2019-04-18,3.507,3.507,-0.19920318725098474
2019-04-19,3.567,3.567,1.7108639863130826
2019-04-22,3.464,3.464,-2.8875805999439397
2019-04-23,3.457,3.457,-0.20207852193995235
2019-04-24,3.463,3.463,0.17356089094591187
2019-04-25,3.38,3.38,-2.3967658099913414
2019-04-26,3.326,3.326,-1.5976331360946672
2019-04-29,3.341,3.341,0.450992182802179
2019-04-30,3.343,3.343,0.05986231667165498
2019-05-06,3.12,3.12,-6.670655100209388
2019-05-07,3.154,3.154,1.0897435897435859
2019-05-08,3.106,3.106,-1.5218769816106592
2019-05-09,3.054,3.054,-1.6741790083709018
2019-05-10,3.167,3.167,3.7000654878847516
2019-05-13,3.099,3.099,-2.1471424060625077
2019-05-14,3.081,3.081,-0.5808325266214998
2019-05-15,3.159,3.159,2.5316455696202445
2019-05-16,3.177,3.177,0.5698005698005826
2019-05-17,3.093,3.093,-2.6440037771482516
2019-05-20,3.053,3.053,-1.2932428063368917
2019-05-21,3.098,3.098,1.4739600393055996
2019-05-22,3.089,3.089,-0.29051000645577973
2019-05-23,3.031,3.031,-1.8776303010683004
2019-05-24,3.037,3.037,0.19795447047179504
2019-05-27,3.08,3.08,1.4158709252551915
2019-05-28,3.097,3.097,0.551948051948048
2019-05-29,3.099,3.099,0.06457862447530882
2019-05-30,3.097,3.097,-0.0645369474023938
2019-05-31,3.079,3.079,-0.5812076202776795
2019-06-03,3.087,3.087,0.25982461838258697
2019-06-04,3.054,3.054,-1.0689990281827155
2019-06-05,3.046,3.046,-0.2619515389652882
2019-06-06,3.015,3.015,-1.0177281680892825
2019-06-10,3.061,3.061,1.5257048092868875
2019-06-11,3.174,3.174,3.691604050963737
2019-06-12,3.146,3.146,-0.8821676118462518
2019-06-13,3.139,3.139,-0.2225047679593195
2019-06-14,3.117,3.117,-0.7008601465434805
2019-06-17,3.12,3.12,0.09624639076035724
2019-06-18,3.128,3.128,0.2564102564102555
2019-06-19,3.182,3.182,1.7263427109974305
2019-06-20,3.29,3.29,3.3940917661847925
2019-06-21,3.297,3.297,0.21276595744681437
2019-06-24,3.303,3.303,0.18198362147405778
2019-06-25,3.264,3.264,-1.180744777475029
2019-06-26,3.265,3.265,0.03063725490197733
2019-06-27,3.307,3.307,1.2863705972434802
2019-06-28,3.306,3.306,-0.0302388872089443
2019-07-01,3.401,3.401,2.8735632183908066
2019-07-02,3.407,3.407,0.1764187003822526
2019-07-03,3.374,3.374,-0.9685940710302265
2019-07-04,3.348,3.348,-0.7705986959099076
2019-07-05,3.368,3.368,0.5973715651135025
2019-07-08,3.278,3.278,-2.6722090261282583
2019-07-09,3.269,3.269,-0.27455765710798774
2019-07-10,3.27,3.27,0.030590394616081262
2019-07-11,3.271,3.271,0.03058103975535076
2019-07-12,3.302,3.302,0.9477224090492342
2019-07-15,3.316,3.316,0.4239854633555362
2019-07-16,3.3,3.3,-0.4825090470446325
2019-07-17,3.294,3.294,-0.1818181818181719
2019-07-18,3.269,3.269,-0.7589556769884598
2019-07-19,3.309,3.309,1.223615784643628
2019-07-22,3.279,3.279,-0.9066183136899442
2019-07-23,3.288,3.288,0.2744739249771255
2019-07-24,3.319,3.319,0.9428223844282213
2019-07-25,3.354,3.354,1.054534498342874
2019-07-26,3.359,3.359,0.14907573047107103
2019-07-29,3.353,3.353,-0.17862459065197678
2019-07-30,3.371,3.371,0.5368326871458384
2019-07-31,3.343,3.343,-0.8306140611094692
2019-08-01,3.307,3.307,-1.076877056536052
2019-08-02,3.248,3.248,-1.78409434532808
2019-08-05,3.182,3.182,-2.0320197044335075
2019-08-06,3.143,3.143,-1.2256442489000707
2019-08-07,3.119,3.119,-0.7636016544702362
2019-08-08,3.173,3.173,1.7313241423533077
2019-08-09,3.144,3.144,-0.9139615505830423
2019-08-12,3.203,3.203,1.8765903307887966
2019-08-13,3.171,3.171,-0.9990633780830427
2019-08-14,3.185,3.185,0.44150110375276164
2019-08-15,3.2,3.2,0.47095761381477086
2019-08-16,3.216,3.216,0.49999999999998934
2019-08-19,3.306,3.306,2.7985074626865725
2019-08-20,3.29,3.29,-0.4839685420447659
2019-08-21,3.289,3.289,-0.03039513677811634
2019-08-22,3.297,3.297,0.24323502584371326
2019-08-23,3.324,3.324,0.8189262966332933
2019-08-26,3.281,3.281,-1.2936221419975857
2019-08-27,3.321,3.321,1.219140505943317
2019-08-28,3.309,3.309,-0.36133694670280603
2019-08-29,3.298,3.298,-0.3324267150196514
2019-08-30,3.308,3.308,0.3032140691328067
2019-09-02,3.351,3.351,1.2998790810157201
2019-09-03,3.355,3.355,0.11936735302895407
2019-09-04,3.404,3.404,1.4605067064083377
2019-09-05,3.441,3.441,1.0869565217391353
2019-09-06,3.468,3.468,0.7846556233653157
2019-09-09,3.484,3.484,0.46136101499423265
2019-09-10,3.473,3.473,-0.31572904707233285
2019-09-11,3.444,3.444,-0.8350129570976028
2019-09-12,3.485,3.485,1.1904761904761862
2019-09-16,3.471,3.471,-0.4017216642754562
2019-09-17,3.398,3.398,-2.1031403053874964
2019-09-18,3.415,3.415,0.5002942907592622
2019-09-19,3.434,3.434,0.556368960468534
2019-09-20,3.44,3.44,0.17472335468839972
2019-09-23,3.405,3.405,-1.017441860465118
2019-09-24,3.408,3.408,0.08810572687225626
2019-09-25,3.381,3.381,-0.7922535211267623
2019-09-26,3.354,3.354,-0.7985803016858806
2019-09-27,3.363,3.363,0.26833631484795006
2019-09-30,3.316,3.316,-1.3975617008623265
2019-10-08,3.341,3.341,0.7539203860072563
2019-10-09,3.352,3.352,0.3292427416941024
2019-10-10,3.38,3.38,0.835322195704058
2019-10-11,3.428,3.428,1.4201183431952646
2019-10-14,3.457,3.457,0.8459743290548438
2019-10-15,3.444,3.444,-0.3760485970494609
2019-10-16,3.43,3.43,-0.40650406504064707
2019-10-17,3.436,3.436,0.1749271137026165
2019-10-18,3.378,3.378,-1.6880093131548257
2019-10-21,3.387,3.387,0.2664298401420906
2019-10-22,3.402,3.402,0.44286979627989886
2019-10-23,3.381,3.381,-0.6172839506172978
2019-10-24,3.386,3.386,0.14788524105295853
2019-10-25,3.41,3.41,0.7088009450679333
2019-10-28,3.433,3.433,0.6744868035190477
2019-10-29,3.42,3.42,-0.3786775415088761
2019-10-30,3.394,3.394,-0.7602339181286499
2019-10-31,3.392,3.392,-0.05892751915145267
2019-11-01,3.473,3.473,2.3879716981132004
2019-11-04,3.486,3.486,0.3743161531816863
2019-11-05,3.509,3.509,0.6597819850831854
2019-11-06,3.492,3.492,-0.4844685095468759
2019-11-07,3.497,3.497,0.1431844215349365
2019-11-08,3.481,3.481,-0.45753503002573526
2019-11-11,3.414,3.414,-1.924734271760975
2019-11-12,3.409,3.409,-0.14645577035735657
2019-11-13,3.406,3.406,-0.08800234672923235
2019-11-14,3.409,3.409,0.08807985907222093
2019-11-15,3.39,3.39,-0.5573481959518789
2019-11-18,3.418,3.418,0.8259587020648995
2019-11-19,3.458,3.458,1.1702750146284302
2019-11-20,3.417,3.417,-1.185656448814354
2019-11-21,3.397,3.397,-0.5853087503658205
2019-11-22,3.355,3.355,-1.2363850456284853
2019-11-25,3.383,3.383,0.8345752608047707
2019-11-26,3.389,3.389,0.1773573751108426
2019-11-27,3.383,3.383,-0.17704337562701733
2019-11-28,3.377,3.377,-0.1773573751108537
2019-11-29,3.334,3.334,-1.273319514361848
2019-12-02,3.342,3.342,0.23995200959807672
2019-12-03,3.358,3.358,0.4787552363854086
2019-12-04,3.36,3.36,0.05955926146514745
2019-12-05,3.389,3.389,0.8630952380952461
2019-12-06,3.413,3.413,0.7081735025081137
2019-12-09,3.4,3.4,-0.38089657193084436
2019-12-10,3.403,3.403,0.08823529411765563
2019-12-11,3.409,3.409,0.17631501616219847
2019-12-12,3.398,3.398,-0.3226752713405556
2019-12-13,3.477,3.477,2.3248969982342382
2019-12-16,3.489,3.489,0.3451251078516071
2019-12-17,3.551,3.551,1.7770134709085728
2019-12-18,3.536,3.536,-0.4224162207828841
2019-12-19,3.529,3.529,-0.19796380090497667
2019-12-20,3.525,3.525,-0.11334655709832608
2019-12-23,3.473,3.473,-1.4751773049645367
2019-12-24,3.494,3.494,0.6046645551396557
2019-12-25,3.501,3.501,0.2003434459072695
2019-12-26,3.53,3.53,0.8283347614967074
2019-12-27,3.526,3.526,-0.11331444759207221
2019-12-30,3.584,3.584,1.6449234259784618
2019-12-31,3.605,3.605,0.5859375
2020-01-02,3.658,3.658,1.470180305131752
2020-01-03,3.648,3.648,-0.27337342810278553
2020-01-06,3.632,3.632,-0.43859649122807154
2020-01-07,3.664,3.664,0.8810572687224738
2020-01-08,3.623,3.623,-1.1189956331877693
2020-01-09,3.667,3.667,1.2144631520838889
2020-01-10,3.666,3.666,-0.027270248159250166
2020-01-13,3.711,3.711,1.227495908346965
2020-01-14,3.693,3.693,-0.48504446240904553
2020-01-15,3.661,3.661,-0.8665041971297027
2020-01-16,3.655,3.655,-0.16388964763726088
2020-01-17,3.66,3.66,0.1367989056087593
2020-01-20,3.69,3.69,0.8196721311475308
2020-01-21,3.614,3.614,-2.059620596205969
2020-01-22,3.628,3.628,0.3873824017708971
2020-01-23,3.505,3.505,-3.390297684674759
2020-02-03,3.168,3.168,-9.614835948644785
2020-02-04,3.279,3.279,3.5037878787878673
2020-02-05,3.316,3.316,1.128392802683753
2020-02-06,3.406,3.406,2.7141133896260605
2020-02-07,3.397,3.397,-0.264239577216685
2020-02-10,3.41,3.41,0.3826906093612026
2020-02-11,3.452,3.452,1.2316715542521894
2020-02-12,3.48,3.48,0.8111239860950192
2020-02-13,3.459,3.459,-0.6034482758620618
2020-02-14,3.486,3.486,0.7805724197744945
2020-02-17,3.573,3.573,2.495697074010317
2020-02-18,3.548,3.548,-0.6996921354603947
2020-02-19,3.549,3.549,0.028184892897398228
2020-02-20,3.64,3.64,2.564102564102577
2020-02-21,3.654,3.654,0.38461538461538325
2020-02-24,3.621,3.621,-0.9031198686371034
2020-02-25,3.613,3.613,-0.2209334438000532
2020-02-26,3.579,3.579,-0.9410462219761939
2020-02-27,3.58,3.58,0.02794076557697256
2020-02-28,3.442,3.442,-3.854748603351954
2020-03-02,3.585,3.585,4.15456130156886
2020-03-03,3.582,3.582,-0.08368200836820217
2020-03-04,3.611,3.611,0.8096035734226792
2020-03-05,3.709,3.709,2.713929659374137
2020-03-06,3.63,3.63,-2.1299541655432797
2020-03-09,3.499,3.499,-3.608815426997236
2020-03-10,3.587,3.587,2.5150042869391376
2020-03-11,3.52,3.52,-1.8678561471982214
2020-03-12,3.457,3.457,-1.7897727272727315
2020-03-13,3.398,3.398,-1.7066820943014038
2020-03-16,3.235,3.235,-4.796939376103593
2020-03-17,3.202,3.202,-1.0200927357032485
2020-03-18,3.14,3.14,-1.9362898188632016
2020-03-19,3.105,3.105,-1.1146496815286677
2020-03-20,3.153,3.153,1.5458937198067568
2020-03-23,3.035,3.035,-3.7424674912781453
2020-03-24,3.12,3.12,2.8006589785831926
2020-03-25,3.215,3.215,3.044871794871784
2020-03-26,3.192,3.192,-0.7153965785380967
2020-03-27,3.209,3.209,0.5325814536340845
2020-03-30,3.175,3.175,-1.0595200997195464
2020-03-31,3.178,3.178,0.09448818897637157
2020-04-01,3.182,3.182,0.12586532410321372
2020-04-02,3.232,3.232,1.5713387806411072
2020-04-03,3.206,3.206,-0.8044554455445607
2020-04-07,3.289,3.289,2.5888958203368784
2020-04-08,3.274,3.274,-0.45606567345698457
2020-04-09,3.285,3.285,0.335980452046436
2020-04-10,3.273,3.273,-0.36529680365297024
2020-04-13,3.252,3.252,-0.6416131989001039
2020-04-14,3.314,3.314,1.9065190651906594
2020-04-15,3.292,3.292,-0.6638503319251754
2020-04-16,3.294,3.294,0.060753341433783525
2020-04-17,3.328,3.328,1.032179720704307
2020-04-20,3.344,3.344,0.48076923076922906
2020-04-21,3.304,3.304,-1.1961722488038284
2020-04-22,3.338,3.338,1.0290556900726555
2020-04-23,3.331,3.331,-0.20970641102456833
2020-04-24,3.299,3.299,-0.9606724707295067
2020-04-27,3.316,3.316,0.5153076689905944
2020-04-28,3.34,3.34,0.7237635705669598
2020-04-29,3.36,3.36,0.5988023952095745
2020-04-30,3.417,3.417,1.6964285714285765
2020-05-06,3.427,3.427,0.29265437518291026
2020-05-07,3.42,3.42,-0.20426028596440826
2020-05-08,3.462,3.462,1.2280701754386003
2020-05-11,3.455,3.455,-0.2021952628538437
2020-05-12,3.454,3.454,-0.028943560057881346
2020-05-13,3.463,3.463,0.2605674580196782
2020-05-14,3.43,3.43,-0.9529309846953438
2020-05-15,3.411,3.411,-0.5539358600583077
2020-05-18,3.423,3.423,0.3518029903254227
2020-05-19,3.452,3.452,0.8472100496640378
2020-05-20,3.436,3.436,-0.4634994206257237
2020-05-21,3.41,3.41,-0.7566938300349157
2020-05-22,3.324,3.324,-2.521994134897365
2020-05-25,3.326,3.326,0.06016847172083395
2020-05-26,3.372,3.372,1.3830426939266394
2020-05-27,3.354,3.354,-0.5338078291814874
2020-05-28,3.359,3.359,0.14907573047107103
2020-05-29,3.375,3.375,0.47633224173861954
2020-06-01,3.477,3.477,3.022222222222215
2020-06-02,3.488,3.488,0.31636468219728986
2020-06-03,3.487,3.487,-0.028669724770635785
2020-06-04,3.489,3.489,0.057355893318034035
2020-06-05,3.512,3.512,0.6592146746918992
2020-06-08,3.531,3.531,0.5410022779043233
2020-06-09,3.558,3.558,0.7646559048428037
2020-06-10,3.549,3.549,-0.2529510961214121
2020-06-11,3.512,3.512,-1.0425471963933508
2020-06-12,3.522,3.522,0.28473804100226374
2020-06-15,3.465,3.465,-1.6183986371379855
2020-06-16,3.527,3.527,1.7893217893218072
2020-06-17,3.531,3.531,0.11341083073432845
2020-06-18,3.562,3.562,0.8779382611158182
2020-06-19,3.614,3.614,1.4598540145985384
2020-06-22,3.618,3.618,0.11068068622024363
2020-06-23,3.637,3.637,0.5251520176893454
2020-06-24,3.673,3.673,0.989826780313452
2020-06-29,3.637,3.637,-0.9801252382248826
2020-06-30,3.687,3.687,1.3747594171020117
2020-07-01,3.781,3.781,2.549498237049108
2020-07-02,3.879,3.879,2.5919069029357367
2020-07-03,3.966,3.966,2.2428460943542117
2020-07-06,4.293,4.293,8.245083207261716
2020-07-07,4.245,4.245,-1.1180992313067795
2020-07-08,4.307,4.307,1.4605418138987192
2020-07-09,4.381,4.381,1.7181332714186093
2020-07-10,4.294,4.294,-1.98584797991328
2020-07-13,4.394,4.394,2.3288309268747254
2020-07-14,4.351,4.351,-0.9786071916249472
2020-07-15,4.293,4.293,-1.333026890370026
2020-07-16,4.065,4.065,-5.310971348707194
2020-07-17,4.114,4.114,1.2054120541205249
2020-07-20,4.236,4.236,2.9654837141468215
2020-07-21,4.248,4.248,0.2832861189801861
2020-07-22,4.301,4.301,1.2476459510357696
2020-07-23,4.275,4.275,-0.6045105789351246
2020-07-24,4.063,4.063,-4.959064327485397
2020-07-27,4.091,4.091,0.6891459512675446
2020-07-28,4.126,4.126,0.8555365436323736
2020-07-29,4.258,4.258,3.1992244304410944
2020-07-30,4.223,4.223,-0.8219821512447156
2020-07-31,4.259,4.259,0.8524745441629289
2020-08-03,4.334,4.334,1.7609767551068245
2020-08-04,4.338,4.338,0.09229349330872605
2020-08-05,4.34,4.34,0.04610419548178868
2020-08-06,4.322,4.322,-0.41474654377879894
2020-08-07,4.274,4.274,-1.1105969458583997
2020-08-10,4.29,4.29,0.3743565746373356
2020-08-11,4.243,4.243,-1.0955710955710907
2020-08-12,4.211,4.211,-0.7541833608296078
2020-08-13,4.196,4.196,-0.3562099263832996
2020-08-14,4.287,4.287,2.1687321258341274
2020-08-17,4.386,4.386,2.309307207837663
2020-08-18,4.379,4.379,-0.15959872321023028
2020-08-19,4.303,4.303,-1.7355560630280764
2020-08-20,4.252,4.252,-1.1852196142226434
2020-08-21,4.292,4.292,0.940733772342428
2020-08-24,4.322,4.322,0.6989748369058857
2020-08-25,4.331,4.331,0.20823692734845967
2020-08-26,4.272,4.272,-1.362271992611408
2020-08-27,4.308,4.308,0.8426966292134797
2020-08-28,4.426,4.426,2.7390900649953753
2020-08-31,4.383,4.383,-0.9715318572074194
2020-09-01,4.417,4.417,0.7757243896874266
2020-09-02,4.413,4.413,-0.09055920307899923
2020-09-03,4.393,4.393,-0.4532064355313947
2020-09-04,4.338,4.338,-1.2519918051445367
2020-09-07,4.241,4.241,-2.236053480866773
2020-09-08,4.265,4.265,0.5659042678613613
2020-09-09,4.154,4.154,-2.6025791324736147
2020-09-10,4.158,4.158,0.0962927298989058
2020-09-11,4.194,4.194,0.8658008658008587
2020-09-14,4.221,4.221,0.6437768240343367
2020-09-15,4.256,4.256,0.8291873963515828
2020-09-16,4.228,4.228,-0.6578947368421129
2020-09-17,4.199,4.199,-0.6859035004730396
2020-09-18,4.32,4.32,2.881638485353677
2020-09-21,4.265,4.265,-1.2731481481481621
2020-09-22,4.208,4.208,-1.3364595545134694
2020-09-23,4.222,4.222,0.3326996197718701
2020-09-24,4.145,4.145,-1.8237801989578584
2020-09-25,4.148,4.148,0.07237635705670264
2020-09-28,4.158,4.158,0.24108003857281624
2020-09-29,4.169,4.169,0.2645502645502562
2020-09-30,4.155,4.155,-0.33581194531061564
2020-10-09,4.248,4.248,2.23826714801445
2020-10-12,4.396,4.396,3.4839924670433176
2020-10-13,4.412,4.412,0.36396724294813776
2020-10-14,4.388,4.388,-0.5439709882139598
2020-10-15,4.376,4.376,-0.27347310847766204
2020-10-16,4.362,4.362,-0.31992687385741236
2020-10-19,4.331,4.331,-0.7106831728564855
2020-10-20,4.361,4.361,0.6926806742091784
2020-10-21,4.367,4.367,0.13758312313689736
2020-10-22,4.351,4.351,-0.36638424547744686
2020-10-23,4.295,4.295,-1.2870604458745105
2020-10-26,4.259,4.259,-0.8381839348079012
2020-10-27,4.273,4.273,0.32871566095324933
2020-10-28,4.313,4.313,0.9361104610344118
2020-10-29,4.357,4.357,1.0201715743102469
2020-10-30,4.266,4.266,-2.0885930686251997
2020-11-02,4.294,4.294,0.6563525550867144
2020-11-03,4.345,4.345,1.1877037727060946
2020-11-04,4.382,4.382,0.8515535097813665
2020-11-05,4.458,4.458,1.7343678685531883
2020-11-06,4.46,4.46,0.04486316733960383
2020-11-09,4.557,4.557,2.174887892376698
2020-11-10,4.53,4.53,-0.5924950625411429
2020-11-11,4.483,4.483,-1.0375275938189987
2020-11-12,4.48,4.48,-0.0669194735667955
2020-11-13,4.429,4.429,-1.1383928571428559
2020-11-16,4.482,4.482,1.196658387897953
2020-11-17,4.473,4.473,-0.20080321285140812
2020-11-18,4.466,4.466,-0.15649452269169695
2020-11-19,4.508,4.508,0.940438871473348
2020-11-20,4.523,4.523,0.3327417923691067
2020-11-23,4.581,4.581,1.282334733583923
2020-11-24,4.549,4.549,-0.698537437240776
2020-11-25,4.487,4.487,-1.3629369092108212
2020-11-26,4.494,4.494,0.15600624024960652
2020-11-27,4.565,4.565,1.5798842901646681
2020-11-30,4.54,4.54,-0.5476451259583848
2020-12-01,4.651,4.651,2.4449339207048393
2020-12-02,4.64,4.64,-0.2365082777897265
2020-12-03,4.638,4.638,-0.04310344827586077
2020-12-04,4.649,4.649,0.23717119448039004
2020-12-07,4.605,4.605,-0.9464400946439966
2020-12-08,4.589,4.589,-0.3474484256243193
2020-12-09,4.529,4.529,-1.3074743952931067
2020-12-10,4.519,4.519,-0.22079929344225313
2020-12-11,4.463,4.463,-1.2392122150918339
2020-12-14,4.507,4.507,0.9858839345731507
2020-12-15,4.522,4.522,0.3328156201464427
2020-12-16,4.532,4.532,0.2211410880141429
2020-12-17,4.603,4.603,1.566637246248881
2020-12-18,4.574,4.574,-0.6300238974581762
2020-12-21,4.619,4.619,0.983821600349799
2020-12-22,4.542,4.542,-1.6670274951288144
2020-12-23,4.583,4.583,0.9026860413914761
2020-12-24,4.583,4.583,0.0
2020-12-25,4.625,4.625,0.916430285838965
2020-12-28,4.639,4.639,0.3027027027027174
2020-12-29,4.623,4.623,-0.34490191851692664
2020-12-30,4.687,4.687,1.3843824356478462
2020-12-31,4.796,4.796,2.3255813953488413
2021-01-04,4.843,4.843,0.9799833194328533
2021-01-05,4.942,4.942,2.044187487094784
2021-01-06,4.991,4.991,0.9915014164305846
2021-01-07,5.108,5.108,2.3442195952714906
2021-01-08,5.08,5.08,-0.54815974941268
2021-01-11,5.017,5.017,-1.2401574803149518
2021-01-12,5.177,5.177,3.189156866653353
2021-01-13,5.155,5.155,-0.4249565385358145
2021-01-14,5.052,5.052,-1.9980601357905026
2021-01-15,5.035,5.035,-0.33650039588281055
2021-01-18,5.094,5.094,1.1717974180734947
2021-01-19,5.019,5.019,-1.4723203769140158
2021-01-20,5.049,5.049,0.597728631201444
2021-01-21,5.143,5.143,1.8617548029312703
2021-01-22,5.146,5.146,0.05833171300797524
2021-01-25,5.212,5.212,1.2825495530509157
2021-01-26,5.092,5.092,-2.3023791250959325
2021-01-27,5.102,5.102,0.19638648860960117
2021-01-28,4.966,4.966,-2.665621324970602
2021-01-29,4.929,4.929,-0.7450664518727335
2021-02-01,4.992,4.992,1.2781497261107777
2021-02-02,5.072,5.072,1.6025641025640969
2021-02-03,5.066,5.066,-0.11829652996845352
2021-02-04,5.055,5.055,-0.21713383339913017
2021-02-05,5.063,5.063,0.1582591493570762
2021-02-08,5.135,5.135,1.4220817697017551
2021-02-09,5.273,5.273,2.6874391431353395
2021-02-10,5.388,5.388,2.1809216764650197
2021-02-18,5.345,5.345,-0.7980697847067564
2021-02-19,5.377,5.377,0.598690364826937
2021-02-22,5.17,5.17,-3.8497303328993815
2021-02-23,5.155,5.155,-0.29013539651836506
2021-02-24,5.008,5.008,-2.8516003879728413
2021-02-25,5.059,5.059,1.0183706070287624
2021-02-26,4.91,4.91,-2.9452460960664117
2021-03-01,4.999,4.999,1.8126272912423635
2021-03-02,4.93,4.93,-1.3802760552110382
2021-03-03,5.035,5.035,2.129817444219073
2021-03-04,4.868,4.868,-3.3167825223435865
2021-03-05,4.847,4.847,-0.43138866064091896
2021-03-08,4.661,4.661,-3.837425211471035
2021-03-09,4.56,4.56,-2.166916970607169
2021-03-10,4.581,4.581,0.4605263157895001
2021-03-11,4.71,4.71,2.8159790438768706
2021-03-12,4.723,4.723,0.27600849256899096
2021-03-15,4.621,4.621,-2.159644293880991
2021-03-16,4.654,4.654,0.714131140445784
2021-03-17,4.677,4.677,0.4941985388912773
2021-03-18,4.717,4.717,0.8552490912978383
2021-03-19,4.578,4.578,-2.94678821284714
2021-03-22,4.635,4.635,1.2450851900392967
2021-03-23,4.59,4.59,-0.9708737864077666
2021-03-24,4.514,4.514,-1.6557734204792895
2021-03-25,4.51,4.51,-0.08861320336731593
2021-03-26,4.614,4.614,2.305986696230611
2021-03-29,4.624,4.624,0.21673168617251104
2021-03-30,4.668,4.668,0.9515570934256257
2021-03-31,4.631,4.631,-0.7926306769494462
2021-04-01,4.693,4.693,1.3388037141006226
2021-04-02,4.742,4.742,1.0441082463243267
2021-04-06,4.714,4.714,-0.5904681568958181
2021-04-07,4.679,4.679,-0.7424692405600397
2021-04-08,4.69,4.69,0.2350929685830394
2021-04-09,4.619,4.619,-1.5138592750533197
2021-04-12,4.535,4.535,-1.8185754492314299
2021-04-13,4.528,4.528,-0.15435501653805472
2021-04-14,4.556,4.556,0.6183745583038913
2021-04-15,4.528,4.528,-0.6145741878841204
2021-04-16,4.544,4.544,0.35335689045936647
2021-04-19,4.67,4.67,2.7728873239436735
2021-04-20,4.662,4.662,-0.17130620985010836
2021-04-21,4.674,4.674,0.2574002574002643
2021-04-22,4.67,4.67,-0.08557980316645786
2021-04-23,4.721,4.721,1.0920770877944408
2021-04-26,4.657,4.657,-1.355644990468119
2021-04-27,4.67,4.67,0.2791496671677107
2021-04-28,4.708,4.708,0.8137044967880147
2021-04-29,4.754,4.754,0.9770603228546948
2021-04-30,4.709,4.709,-0.9465713083718907
2021-05-06,4.642,4.642,-1.4228073901040417
2021-05-07,4.581,4.581,-1.3140887548470426
2021-05-10,4.58,4.58,-0.02182929491377772
2021-05-11,4.606,4.606,0.5676855895196509
2021-05-12,4.637,4.637,0.6730351715154015
2021-05-13,4.582,4.582,-1.1861117101574226
2021-05-14,4.708,4.708,2.7498908773461395
2021-05-17,4.769,4.769,1.2956669498725537
2021-05-18,4.771,4.771,0.04193751310546112
2021-05-19,4.757,4.757,-0.293439530496753
2021-05-20,4.771,4.771,0.2943031322262035
2021-05-21,4.716,4.716,-1.1527981555229494
2021-05-24,4.744,4.744,0.593723494486853
2021-05-25,4.908,4.908,3.4569983136593763
2021-05-26,4.909,4.909,0.020374898125496976
2021-05-27,4.928,4.928,0.38704420452231325
2021-05-28,4.913,4.913,-0.30438311688311126
2021-05-31,4.919,4.919,0.12212497455728055
2021-06-01,4.927,4.927,0.1626346818458968
2021-06-02,4.884,4.884,-0.8727420336918867
2021-06-03,4.843,4.843,-0.839475839475845
2021-06-04,4.876,4.876,0.6813958290315947
2021-06-07,4.87,4.87,-0.12305168170632097
2021-06-08,4.828,4.828,-0.8624229979466103
2021-06-09,4.836,4.836,0.1657000828500399
2021-06-10,4.87,4.87,0.7030603804797364
2021-06-11,4.821,4.821,-1.0061601642710527
2021-06-15,4.762,4.762,-1.2238124870358913
2021-06-16,4.691,4.691,-1.4909701805963849
2021-06-17,4.702,4.702,0.2344915796205438
2021-06-18,4.707,4.707,0.10633772862611579
2021-06-21,4.7,4.7,-0.1487146802634287
2021-06-22,4.726,4.726,0.553191489361704
2021-06-23,4.757,4.757,0.6559458315700262
2021-06-24,4.77,4.77,0.2732814799243144
2021-06-25,4.851,4.851,1.6981132075471805
2021-06-28,4.86,4.86,0.18552875695734272
2021-06-29,4.806,4.806,-1.1111111111111183
2021-06-30,4.837,4.837,0.6450270495214294
2021-07-01,4.835,4.835,-0.04134794293982891
2021-07-02,4.694,4.694,-2.916235780765253
2021-07-05,4.701,4.701,0.14912654452492458
2021-07-06,4.708,4.708,0.14890448840674253
2021-07-07,4.761,4.761,1.125743415463032
2021-07-08,4.717,4.717,-0.9241755933627527
2021-07-09,4.693,4.693,-0.5087979648081387
2021-07-12,4.761,4.761,1.4489665459194612
2021-07-13,4.777,4.777,0.33606385213189593
2021-07-14,4.72,4.72,-1.193217500523347
2021-07-15,4.788,4.788,1.4406779661017
2021-07-16,4.737,4.737,-1.065162907268169
2021-07-19,4.759,4.759,0.4644289634790022
2021-07-20,4.746,4.746,-0.2731666316453052
2021-07-21,4.785,4.785,0.8217446270543549
2021-07-22,4.79,4.79,0.10449320794148065
2021-07-23,4.738,4.738,-1.085594989561578
2021-07-26,4.563,4.563,-3.6935415787252124
2021-07-27,4.39,4.39,-3.791365329826868
2021-07-28,4.4,4.4,0.2277904328018332
2021-07-29,4.487,4.487,1.9772727272727275
2021-07-30,4.453,4.453,-0.7577445954980999
2021-08-02,4.574,4.574,2.7172692566808765
2021-08-03,4.576,4.576,0.04372540445998219
2021-08-04,4.62,4.62,0.9615384615384803
2021-08-05,4.59,4.59,-0.6493506493506551
2021-08-06,4.574,4.574,-0.34858387799564516
2021-08-09,4.629,4.629,1.2024486226497544
2021-08-10,4.686,4.686,1.231367465975386
2021-08-11,4.659,4.659,-0.5761843790012877
2021-08-12,4.627,4.627,-0.6868426701008845
2021-08-13,4.6,4.6,-0.5835314458612517
2021-08-16,4.597,4.597,-0.06521739130432858
2021-08-17,4.485,4.485,-2.436371546660865
2021-08-18,4.538,4.538,1.1817168338907447
2021-08-19,4.504,4.504,-0.7492287351256177
2021-08-20,4.414,4.414,-1.9982238010657127
2021-08-23,4.486,4.486,1.6311735387403825
2021-08-24,4.538,4.538,1.159161836825695
2021-08-25,4.552,4.552,0.30850594975759815
2021-08-26,4.467,4.467,-1.8673110720562436
2021-08-27,4.48,4.48,0.291023057980766
2021-08-30,4.462,4.462,-0.4017857142857295
2021-08-31,4.46,4.46,-0.044822949350065144
2021-09-01,4.53,4.53,1.5695067264574147
2021-09-02,4.526,4.526,-0.08830022075055899
2021-09-03,4.499,4.499,-0.5965532479010216
2021-09-06,4.583,4.583,1.8670815736830493
2021-09-07,4.646,4.646,1.3746454287584475
2021-09-08,4.625,4.625,-0.4520017219113215
2021-09-09,4.623,4.623,-0.04324324324324058
2021-09-10,4.672,4.672,1.0599178022928646
2021-09-13,4.645,4.645,-0.5779109589041154
2021-09-14,4.579,4.579,-1.420882669537138
2021-09-15,4.526,4.526,-1.1574579602533275
2021-09-16,4.47,4.47,-1.2372956252761802
2021-09-17,4.509,4.509,0.8724832214765277
2021-09-22,4.476,4.476,-0.7318695941450515
2021-09-23,4.505,4.505,0.6478999106344974
2021-09-24,4.512,4.512,0.15538290788013054
2021-09-27,4.544,4.544,0.7092198581560183
2021-09-28,4.535,4.535,-0.1980633802816767
2021-09-29,4.502,4.502,-0.727673649393612
2021-09-30,4.516,4.516,0.3109729009329154
2021-10-08,4.587,4.587,1.572187776793621
2021-10-11,4.586,4.586,-0.021800741225186382
2021-10-12,4.534,4.534,-1.1338857392062862
2021-10-13,4.59,4.59,1.2351124834583116
2021-10-14,4.563,4.563,-0.588235294117645
2021-10-15,4.587,4.587,0.5259697567389976
2021-10-18,4.529,4.529,-1.2644429910616872
2021-10-19,4.576,4.576,1.0377566791786252
2021-10-20,4.562,4.562,-0.3059440559440407
2021-10-21,4.584,4.584,0.48224462954842284
2021-10-22,4.617,4.617,0.7198952879581277
2021-10-25,4.634,4.634,0.36820446177172617
2021-10-26,4.617,4.617,-0.366853690116542
2021-10-27,4.551,4.551,-1.4294996751137101
2021-10-28,4.53,4.53,-0.46143704680290387
2021-10-29,4.562,4.562,0.7064017660044053
2021-11-01,4.546,4.546,-0.3507233669443277
2021-11-02,4.494,4.494,-1.1438627364716347
2021-11-03,4.474,4.474,-0.44503782821538884
2021-11-04,4.521,4.521,1.0505140813589664
2021-11-05,4.504,4.504,-0.37602300376023967
2021-11-08,4.5,4.5,-0.0888099467140191
2021-11-09,4.498,4.498,-0.04444444444443585
2021-11-10,4.473,4.473,-0.5558025789239696
2021-11-11,4.553,4.553,1.7885088307623587
2021-11-12,4.551,4.551,-0.043927081045458394
2021-11-15,4.545,4.545,-0.13183915622940745
2021-11-16,4.541,4.541,-0.08800880088007945
2021-11-17,4.54,4.54,-0.022021581149533898
2021-11-18,4.496,4.496,-0.9691629955947079
2021-11-19,4.551,4.551,1.2233096085409123
2021-11-22,4.564,4.564,0.28565150516370874
2021-11-23,4.567,4.567,0.06573181419806673
2021-11-24,4.578,4.578,0.2408583315086421
2021-11-25,4.559,4.559,-0.415028396679773
2021-11-26,4.517,4.517,-0.9212546611098937
2021-11-29,4.51,4.51,-0.15497011290680485
2021-11-30,4.492,4.492,-0.3991130820399036
2021-12-01,4.505,4.505,0.28940338379341846
2021-12-02,4.515,4.515,0.2219755826859071
2021-12-03,4.56,4.56,0.9966777408637828
2021-12-06,4.555,4.555,-0.10964912280702066
2021-12-07,4.583,4.583,0.6147091108671843
2021-12-08,4.655,4.655,1.5710233471525115
2021-12-09,4.739,4.739,1.8045112781954753
2021-12-10,4.724,4.724,-0.3165224730955818
2021-12-13,4.737,4.737,0.27519051651143656
2021-12-14,4.706,4.706,-0.6544226303567546
2021-12-15,4.66,4.66,-0.97747556311093
2021-12-16,4.687,4.687,0.5793991416308986
2021-12-17,4.614,4.614,-1.5574994666097797
2021-12-20,4.539,4.539,-1.6254876462938883
2021-12-21,4.56,4.56,0.46265697290150953
2021-12-22,4.563,4.563,0.06578947368420796
2021-12-23,4.601,4.601,0.8327854481700703
2021-12-24,4.578,4.578,-0.4998913279721684
2021-12-27,4.582,4.582,0.087374399300999
2021-12-28,4.608,4.608,0.5674378000873004
2021-12-29,4.541,4.541,-1.4539930555555358
2021-12-30,4.577,4.577,0.7927769213829539
2021-12-31,4.589,4.589,0.2621804675551731
2022-01-04,4.571,4.571,-0.3922423185879431
2022-01-05,4.524,4.524,-1.0282213957558461
2022-01-06,4.468,4.468,-1.2378426171529622
2022-01-07,4.48,4.48,0.26857654431513556
2022-01-10,4.493,4.493,0.2901785714285676
2022-01-11,4.448,4.448,-1.00155797907856
2022-01-12,4.5,4.5,1.1690647482014205
2022-01-13,4.419,4.419,-1.8000000000000127
2022-01-14,4.375,4.375,-0.9957003847024137
2022-01-17,4.416,4.416,0.9371428571428586
2022-01-18,4.462,4.462,1.0416666666666519
2022-01-19,4.436,4.436,-0.5826983415508691
2022-01-20,4.474,4.474,0.8566275924256184
2022-01-21,4.44,4.44,-0.7599463567277587
2022-01-24,4.442,4.442,0.04504504504503348
2022-01-25,4.336,4.336,-2.3863124718595197
2022-01-26,4.362,4.362,0.5996309963099522
2022-01-27,4.281,4.281,-1.8569463548830933
2022-01-28,4.21,4.21,-1.6584910067741099
2022-02-07,4.282,4.282,1.7102137767220915
2022-02-08,4.26,4.26,-0.5137786081270468
2022-02-09,4.299,4.299,0.9154929577464888
2022-02-10,4.288,4.288,-0.25587345894394486
2022-02-11,4.252,4.252,-0.8395522388059851
2022-02-14,4.203,4.203,-1.1523988711194644
2022-02-15,4.245,4.245,0.9992862241256173
2022-02-16,4.266,4.266,0.4946996466431042
2022-02-17,4.276,4.276,0.23441162681667738
2022-02-18,4.3,4.3,0.561272217025266
2022-02-21,4.283,4.283,-0.39534883720928615
2022-02-22,4.223,4.223,-1.400887228578107
2022-02-23,4.271,4.271,1.136632725550557
2022-02-24,4.186,4.186,-1.9901662374151252
2022-02-25,4.221,4.221,0.8361204013378032
2022-02-28,4.227,4.227,0.1421464108031234
2022-03-01,4.265,4.265,0.8989827300685871
2022-03-02,4.23,4.23,-0.8206330597889666
2022-03-03,4.201,4.201,-0.6855791962175117
2022-03-04,4.15,4.15,-1.2139966674601155
2022-03-07,4.002,4.002,-3.5662650602409807
2022-03-08,3.92,3.92,-2.048975512243878
2022-03-09,3.88,3.88,-1.0204081632653073
2022-03-10,3.94,3.94,1.546391752577314
2022-03-11,3.968,3.968,0.7106598984771617
2022-03-14,3.828,3.828,-3.5282258064516125
2022-03-15,3.629,3.629,-5.198537095088818
2022-03-16,3.802,3.802,4.767153485808762
2022-03-17,3.886,3.886,2.209363492898486
2022-03-18,3.914,3.914,0.7205352547606791
2022-03-21,3.908,3.908,-0.15329586101175963
2022-03-22,3.904,3.904,-0.10235414534288667
2022-03-23,3.929,3.929,0.6403688524590168
2022-03-24,3.902,3.902,-0.6871977602443291
2022-03-25,3.825,3.825,-1.973347001537673
2022-03-28,3.8,3.8,-0.6535947712418388
2022-03-29,3.782,3.782,-0.47368421052631504
2022-03-30,3.905,3.905,3.252247488101534
2022-03-31,3.874,3.874,-0.7938540332906419
2022-04-01,3.925,3.925,1.316468766133183
2022-04-06,3.913,3.913,-0.3057324840764375
2022-04-07,3.861,3.861,-1.3289036544850363
2022-04-08,3.889,3.889,0.7252007252007253
2022-04-11,3.757,3.757,-3.394188737464632
2022-04-12,3.827,3.827,1.8631887143997883
2022-04-13,3.795,3.795,-0.8361640972040729
2022-04-14,3.839,3.839,1.1594202898550732
2022-04-15,3.837,3.837,-0.05209690023443292
2022-04-18,3.817,3.817,-0.5212405525149899
2022-04-19,3.79,3.79,-0.7073618024626693
2022-04-20,3.72,3.72,-1.846965699208436
2022-04-21,3.652,3.652,-1.8279569892473146
2022-04-22,3.662,3.662,0.27382256297918683
2022-04-25,3.469,3.469,-5.270344074276356
2022-04-26,3.439,3.439,-0.8648025367541057
2022-04-27,3.545,3.545,3.082291363768541
2022-04-28,3.571,3.571,0.7334273624823862
2022-04-29,3.671,3.671,2.8003360403248356
2022-05-05,3.656,3.656,-0.4086080087169597
2022-05-06,3.559,3.559,-2.653172866520792
2022-05-09,3.527,3.527,-0.899128968811469
2022-05-10,3.572,3.572,1.2758718457612783
2022-05-11,3.627,3.627,1.5397536394176958
2022-05-12,3.607,3.607,-0.5514199062585989
2022-05-13,3.638,3.638,0.8594399778208972
2022-05-16,3.607,3.607,-0.8521165475535941
2022-05-17,3.656,3.656,1.3584696423620812
2022-05-18,3.642,3.642,-0.3829321663019747
2022-05-19,3.651,3.651,0.24711696869852418
2022-05-20,3.735,3.735,2.3007395234182493
2022-05-23,3.703,3.703,-0.8567603748326658
2022-05-24,3.621,3.621,-2.2144207399405813
2022-05-25,3.638,3.638,0.46948356807512415
2022-05-26,3.648,3.648,0.2748763056624526
2022-05-27,3.658,3.658,0.27412280701752945
2022-05-30,3.681,3.681,0.6287588846364267
2022-05-31,3.745,3.745,1.7386579733768004
2022-06-01,3.739,3.739,-0.1602136181575453
2022-06-02,3.75,3.75,0.29419630917357775
2022-06-06,3.832,3.832,2.18666666666667
2022-06-07,3.838,3.838,0.15657620041753528
2022-06-08,3.88,3.88,1.094319958311618
2022-06-09,3.846,3.846,-0.8762886597938113
2022-06-10,3.904,3.904,1.5080603224128852
2022-06-13,3.852,3.852,-1.3319672131147597
2022-06-14,3.892,3.892,1.0384215991692702
2022-06-15,3.941,3.941,1.2589928057553879
2022-06-16,3.914,3.914,-0.6851053032225218
2022-06-17,3.977,3.977,1.6096065406233873
2022-06-20,3.998,3.998,0.5280362081971468
2022-06-21,3.996,3.996,-0.05002501250626068
2022-06-22,3.946,3.946,-1.2512512512512508
2022-06-23,4.021,4.021,1.9006588950836178
2022-06-24,4.069,4.069,1.1937329022631227
2022-06-27,4.117,4.117,1.1796510199066024
2022-06-28,4.169,4.169,1.2630556230264656
2022-06-29,4.114,4.114,-1.319261213720313
2022-06-30,4.164,4.164,1.2153621779290136
2022-07-01,4.149,4.149,-0.36023054755042194
2022-07-04,4.177,4.177,0.6748614123885277
2022-07-05,4.167,4.167,-0.23940627244433133
2022-07-06,4.108,4.108,-1.4158867290616772
2022-07-07,4.124,4.124,0.3894839337877265
2022-07-08,4.12,4.12,-0.09699321047526022
2022-07-11,4.044,4.044,-1.8446601941747742
2022-07-12,4.008,4.008,-0.8902077151335175
2022-07-13,4.015,4.015,0.17465069860278515
2022-07-14,4.016,4.016,0.024906600249074984
2022-07-15,3.951,3.951,-1.6185258964143467
2022-07-18,3.997,3.997,1.1642622120981994
2022-07-19,3.975,3.975,-0.5504128096072036
2022-07-20,3.987,3.987,0.30188679245282124
2022-07-21,3.942,3.942,-1.1286681715575564
2022-07-22,3.945,3.945,0.07610350076101557
2022-07-25,3.927,3.927,-0.4562737642585524
2022-07-26,3.956,3.956,0.7384772090654357
2022-07-27,3.932,3.932,-0.6066734074823055
2022-07-28,3.935,3.935,0.07629704984741803
2022-07-29,3.876,3.876,-1.49936467598476
2022-08-01,3.894,3.894,0.4643962848297267
2022-08-02,3.823,3.823,-1.8233179250128462
2022-08-03,3.778,3.778,-1.1770860580695763
2022-08-04,3.809,3.809,0.8205399682371661
2022-08-05,3.874,3.874,1.7064846416382284
2022-08-08,3.86,3.86,-0.36138358286009753
2022-08-09,3.867,3.867,0.18134715025908132
2022-08-10,3.822,3.822,-1.1636927851047307
2022-08-11,3.91,3.91,2.302459445316596
2022-08-12,3.911,3.911,0.02557544757033625
2022-08-15,3.901,3.901,-0.2556890820762048
2022-08-16,3.891,3.891,-0.25634452704433874
2022-08-17,3.932,3.932,1.0537136982780693
2022-08-18,3.895,3.895,-0.9409969481180003
2022-08-19,3.865,3.865,-0.7702182284980652
2022-08-22,3.892,3.892,0.6985769728331093
2022-08-23,3.878,3.878,-0.3597122302158251
2022-08-24,3.801,3.801,-1.9855595667869985
2022-08-25,3.837,3.837,0.9471191791633693
2022-08-26,3.831,3.831,-0.15637216575450363
2022-08-29,3.806,3.806,-0.6525711302531989
2022-08-30,3.797,3.797,-0.23646873357855425
2022-08-31,3.797,3.797,0.0
2022-09-01,3.763,3.763,-0.8954437713984742
2022-09-02,3.74,3.74,-0.6112144565506128
2022-09-05,3.738,3.738,-0.05347593582888388
2022-09-06,3.767,3.767,0.7758159443552737
2022-09-07,3.775,3.775,0.21237058667373798
2022-09-08,3.757,3.757,-0.47682119205297857
2022-09-09,3.815,3.815,1.5437849347883947
2022-09-13,3.829,3.829,0.3669724770642313
2022-09-14,3.783,3.783,-1.2013580569339322
2022-09-15,3.746,3.746,-0.9780597409463354
2022-09-16,3.656,3.656,-2.4025627335824806
2022-09-19,3.645,3.645,-0.3008752735229825
2022-09-20,3.647,3.647,0.05486968449930352
2022-09-21,3.617,3.617,-0.8225939128050364
2022-09-22,3.588,3.588,-0.8017694221730709
2022-09-23,3.58,3.58,-0.22296544035674826
2022-09-26,3.555,3.555,-0.6983240223463638
2022-09-27,3.605,3.605,1.4064697609001309
2022-09-28,3.549,3.549,-1.553398058252431
2022-09-29,3.55,3.55,0.028176951253877647
2022-09-30,3.524,3.524,-0.7323943661971755
2022-10-10,3.445,3.445,-2.2417707150964916
2022-10-11,3.442,3.442,-0.08708272859215827
2022-10-12,3.504,3.504,1.801278326554323
2022-10-13,3.471,3.471,-0.9417808219178037
2022-10-14,3.559,3.559,2.5352924229328666
2022-10-17,3.558,3.558,-0.028097780275371242
2022-10-18,3.551,3.551,-0.19673974142775386
2022-10-19,3.492,3.492,-1.6615038017459893
2022-10-20,3.48,3.48,-0.3436426116838476
2022-10-21,3.458,3.458,-0.632183908045969
2022-10-24,3.36,3.36,-2.8340080971659964
2022-10-25,3.344,3.344,-0.4761904761904745
2022-10-26,3.372,3.372,0.837320574162681
2022-10-27,3.346,3.346,-0.7710557532621509
2022-10-28,3.26,3.26,-2.570233114166176
2022-10-31,3.221,3.221,-1.196319018404901
2022-11-01,3.359,3.359,4.284383731760322
2022-11-02,3.393,3.393,1.0122060136945388
2022-11-03,3.363,3.363,-0.8841732979663952
2022-11-04,3.49,3.49,3.7763901278620393
2022-11-07,3.49,3.49,0.0
2022-11-08,3.467,3.467,-0.659025787965617
2022-11-09,3.427,3.427,-1.1537352177675264
2022-11-10,3.406,3.406,-0.6127808578932026
2022-11-11,3.504,3.504,2.877275396359358
2022-11-14,3.506,3.506,0.05707762557076723
2022-11-15,3.581,3.581,2.139189960068455
2022-11-16,3.552,3.552,-0.8098296565205221
2022-11-17,3.535,3.535,-0.4786036036036001
2022-11-18,3.522,3.522,-0.367751060820376
2022-11-21,3.489,3.489,-0.9369676320272524
2022-11-22,3.487,3.487,-0.05732301519059124
2022-11-23,3.49,3.49,0.08603383997705105
2022-11-24,3.472,3.472,-0.5157593123209292
2022-11-25,3.493,3.493,0.6048387096774244
2022-11-28,3.448,3.448,-1.2882908674491822
2022-11-29,3.564,3.564,3.3642691415313175
2022-11-30,3.567,3.567,0.08417508417508657
2022-12-01,3.612,3.612,1.2615643397813292
2022-12-02,3.589,3.589,-0.6367663344407526
2022-12-05,3.66,3.66,1.97826692672054
2022-12-06,3.683,3.683,0.6284153005464477
2022-12-07,3.671,3.671,-0.32582134129786056
2022-12-08,3.68,3.68,0.24516480523020245
2022-12-09,3.714,3.714,0.9239130434782528
2022-12-12,3.672,3.672,-1.1308562197092087
2022-12-13,3.661,3.661,-0.2995642701525081
2022-12-14,3.671,3.671,0.27314941272875704
2022-12-15,3.669,3.669,-0.05448106782892648
2022-12-16,3.673,3.673,0.10902153175251783
2022-12-19,3.615,3.615,-1.5790906615845257
2022-12-20,3.552,3.552,-1.7427385892116232
2022-12-21,3.549,3.549,-0.08445945945946276
2022-12-22,3.557,3.557,0.22541561003099897
2022-12-23,3.547,3.547,-0.2811357885858845
2022-12-26,3.556,3.556,0.253735551170009
2022-12-27,3.603,3.603,1.3217097862767258
2022-12-28,3.59,3.59,-0.36081043574799354
2022-12-29,3.578,3.578,-0.3342618384401086
2022-12-30,3.594,3.594,0.44717719396309974
2023-01-03,3.605,3.605,0.30606566499722376
2023-01-04,3.61,3.61,0.1386962552011095
2023-01-05,3.685,3.685,2.0775623268698196
2023-01-06,3.701,3.701,0.4341926729986456
2023-01-09,3.726,3.726,0.6754931099702821
2023-01-10,3.732,3.732,0.16103059581320522
2023-01-11,3.732,3.732,0.0
2023-01-12,3.738,3.738,0.1607717041800516
2023-01-13,3.8,3.8,1.6586409844836725
2023-01-16,3.863,3.863,1.6578947368421026
2023-01-17,3.859,3.859,-0.10354646647683374
2023-01-18,3.85,3.85,-0.23322104172065483
2023-01-19,3.878,3.878,0.727272727272732
2023-01-20,3.901,3.901,0.5930892212480554
2023-01-30,3.925,3.925,0.6152268649064263
2023-01-31,3.879,3.879,-1.1719745222929845
2023-02-01,3.91,3.91,0.7991750451147306
2023-02-02,3.9,3.9,-0.2557544757033292
2023-02-03,3.857,3.857,-1.1025641025640964
2023-02-06,3.8,3.8,-1.4778325123152802
2023-02-07,3.81,3.81,0.263157894736854
2023-02-08,3.793,3.793,-0.44619422572178546
2023-02-09,3.847,3.847,1.4236751911415713
2023-02-10,3.823,3.823,-0.623862750194959
2023-02-13,3.855,3.855,0.8370389746272577
2023-02-14,3.864,3.864,0.23346303501945442
2023-02-15,3.836,3.836,-0.7246376811594235
2023-02-16,3.807,3.807,-0.7559958289885316
2023-02-17,3.749,3.749,-1.5235093249277631
2023-02-20,3.854,3.854,2.8007468658308943
2023-02-21,3.859,3.859,0.12973533990658925
2023-02-22,3.819,3.819,-1.0365379632028993
2023-02-23,3.819,3.819,0.0
2023-02-24,3.78,3.78,-1.021209740769835
2023-02-27,3.765,3.765,-0.3968253968253843
2023-02-28,3.791,3.791,0.69057104913679
2023-03-01,3.84,3.84,1.2925349512002082
2023-03-02,3.835,3.835,-0.13020833333332593
2023-03-03,3.844,3.844,0.23468057366362594
2023-03-06,3.819,3.819,-0.6503642039542123
2023-03-07,3.762,3.762,-1.492537313432829
2023-03-08,3.746,3.746,-0.4253056884635842
2023-03-09,3.736,3.736,-0.26695141484249785
2023-03-10,3.681,3.681,-1.4721627408993632
2023-03-13,3.725,3.725,1.1953273566965406
2023-03-14,3.7,3.7,-0.6711409395973145
2023-03-15,3.699,3.699,-0.027027027027037853
2023-03-16,3.653,3.653,-1.243579345769119
2023-03-17,3.674,3.674,0.5748699698877591
2023-03-20,3.652,3.652,-0.5988023952095745
2023-03-21,3.695,3.695,1.1774370208105012
2023-03-22,3.713,3.713,0.4871447902571102
2023-03-23,3.751,3.751,1.0234311877188151
2023-03-24,3.746,3.746,-0.13329778725672536
2023-03-27,3.725,3.725,-0.560597971169241
2023-03-28,3.717,3.717,-0.21476510067114374
2023-03-29,3.717,3.717,0.0
2023-03-30,3.76,3.76,1.1568469195587738
2023-03-31,3.77,3.77,0.26595744680850686
2023-04-03,3.8,3.8,0.7957559681697646
2023-04-04,3.82,3.82,0.5263157894736858
2023-04-06,3.808,3.808,-0.3141361256544517
2023-04-07,3.837,3.837,0.7615546218487479
2023-04-10,3.822,3.822,-0.390930414386248
2023-04-11,3.812,3.812,-0.26164311878598134
2023-04-12,3.808,3.808,-0.10493179433368471
2023-04-13,3.783,3.783,-0.6565126050420145
2023-04-14,3.804,3.804,0.5551149881046769
2023-04-17,3.865,3.865,1.6035751840168366
2023-04-18,3.872,3.872,0.18111254851227443
2023-04-19,3.839,3.839,-0.8522727272727293
2023-04-20,3.823,3.823,-0.41677520187548556
2023-04-21,3.75,3.75,-1.909495160868424
2023-04-24,3.699,3.699,-1.3600000000000056
2023-04-25,3.68,3.68,-0.5136523384698499
2023-04-26,3.671,3.671,-0.24456521739131265
2023-04-27,3.706,3.706,0.9534186870062689
2023-04-28,3.745,3.745,1.0523475445223918
2023-05-04,3.745,3.745,0.0
2023-05-05,3.729,3.729,-0.4272363150867875
2023-05-08,3.774,3.774,1.2067578439259874
2023-05-09,3.739,3.739,-0.9273979862215231
2023-05-10,3.708,3.708,-0.8290986894891605
2023-05-11,3.703,3.703,-0.13484358144553177
2023-05-12,3.652,3.652,-1.377261679719144
2023-05-15,3.715,3.715,1.725082146768897
2023-05-16,3.698,3.698,-0.45760430686405673
2023-05-17,3.671,3.671,-0.730124391563014
2023-05-18,3.67,3.67,-0.02724053391446324
2023-05-19,3.664,3.664,-0.16348773841960984
2023-05-22,3.684,3.684,0.5458515283842891
2023-05-23,3.627,3.627,-1.547231270358318
2023-05-24,3.574,3.574,-1.461262751585335
2023-05-25,3.565,3.565,-0.25181869054280437
2023-05-26,3.57,3.57,0.14025245441795509
2023-05-29,3.554,3.554,-0.4481792717086819
2023-05-30,3.558,3.558,0.11254924029262536
2023-05-31,3.522,3.522,-1.0118043844856706
2023-06-01,3.53,3.53,0.22714366837024436
2023-06-02,3.583,3.583,1.5014164305949151
2023-06-05,3.565,3.565,-0.5023723137036029
2023-06-06,3.528,3.528,-1.0378681626928454
2023-06-07,3.516,3.516,-0.3401360544217691
2023-06-08,3.548,3.548,0.9101251422070522
2023-06-09,3.564,3.564,0.4509582863585049
2023-06-12,3.568,3.568,0.11223344556678949
2023-06-13,3.597,3.597,0.8127802690582886
2023-06-14,3.597,3.597,0.0
2023-06-15,3.662,3.662,1.8070614400889529
2023-06-16,3.699,3.699,1.0103768432550453
2023-06-19,3.669,3.669,-0.8110300081102917
2023-06-20,3.662,3.662,-0.1907876805669173
2023-06-21,3.607,3.607,-1.5019115237575043
2023-06-26,3.563,3.563,-1.2198502911006437
2023-06-27,3.589,3.589,0.7297221442604584
2023-06-28,3.597,3.597,0.22290331568681765
2023-06-29,3.579,3.579,-0.5004170141784781
2023-06-30,3.602,3.602,0.6426376082704577
2023-07-03,3.647,3.647,1.2493059411438079
2023-07-04,3.654,3.654,0.19193857965451588
2023-07-05,3.627,3.627,-0.7389162561576401
2023-07-06,3.599,3.599,-0.7719878687620474
2023-07-07,3.588,3.588,-0.3056404556821324
2023-07-10,3.604,3.604,0.4459308807134965
2023-07-11,3.63,3.63,0.7214206437291759
2023-07-12,3.611,3.611,-0.5234159779614278
2023-07-13,3.674,3.674,1.7446690667405118
2023-07-14,3.672,3.672,-0.05443658138268859
2023-07-17,3.644,3.644,-0.7625272331154731
2023-07-18,3.638,3.638,-0.16465422612513825
2023-07-19,3.636,3.636,-0.054975261132483855
2023-07-20,3.608,3.608,-0.7700770077007757
2023-07-21,3.61,3.61,0.05543237250553723
2023-07-24,3.593,3.593,-0.470914127423816
2023-07-25,3.705,3.705,3.117172279432223
2023-07-26,3.696,3.696,-0.24291497975708065
2023-07-27,3.692,3.692,-0.10822510822511289
2023-07-28,3.788,3.788,2.600216684723722
2023-07-31,3.804,3.804,0.42238648363253084
2023-08-01,3.786,3.786,-0.4731861198738141
2023-08-02,3.757,3.757,-0.7659799260433142
2023-08-03,3.793,3.793,0.9582113388341806
2023-08-04,3.814,3.814,0.5536514632217271
2023-08-07,3.783,3.783,-0.8127949659150535
2023-08-08,3.768,3.768,-0.3965107057890549
2023-08-09,3.76,3.76,-0.2123142250530785
2023-08-10,3.765,3.765,0.13297872340425343
2023-08-11,3.67,3.67,-2.5232403718459584
2023-08-14,3.643,3.643,-0.7356948228882887
2023-08-15,3.639,3.639,-0.10979961570134478
2023-08-16,3.609,3.609,-0.8244023083264551
2023-08-17,3.622,3.622,0.3602105846494785
2023-08-18,3.572,3.572,-1.38045278851463
2023-08-21,3.52,3.52,-1.4557670772676334
2023-08-22,3.543,3.543,0.6534090909090962
2023-08-23,3.488,3.488,-1.5523567598080712
2023-08-24,3.511,3.511,0.6594036697247674
2023-08-25,3.504,3.504,-0.19937339789234398
2023-08-28,3.557,3.557,1.5125570776255648
2023-08-29,3.579,3.579,0.6184987348889504
2023-08-30,3.578,3.578,-0.02794076557698366
2023-08-31,3.559,3.559,-0.5310229178311809
2023-09-01,3.582,3.582,0.6462489463332277
2023-09-04,3.64,3.64,1.6192071468453362
2023-09-05,3.613,3.613,-0.7417582417582502
2023-09-06,3.603,3.603,-0.2767783005812263
2023-09-07,3.55,3.55,-1.4709963918956515
2023-09-08,3.529,3.529,-0.5915492957746404
2023-09-11,3.557,3.557,0.7934258996882937
2023-09-12,3.552,3.552,-0.14056789429294225
2023-09-13,3.527,3.527,-0.703828828828823
2023-09-14,3.524,3.524,-0.08505812305075189
2023-09-15,3.507,3.507,-0.48240635641316754
2023-09-18,3.52,3.52,0.3706871970345027
2023-09-19,3.515,3.515,-0.14204545454544748
2023-09-20,3.497,3.497,-0.5120910384068367
2023-09-21,3.462,3.462,-1.0008578781812938
2023-09-22,3.537,3.537,2.166377816291143
2023-09-25,3.509,3.509,-0.791631325982467
2023-09-26,3.488,3.488,-0.5984611000284912
2023-09-27,3.498,3.498,0.28669724770642446
2023-09-28,3.484,3.484,-0.40022870211550154
2023-10-09,3.474,3.474,-0.2870264064293804
2023-10-10,3.447,3.447,-0.7772020725388629
2023-10-11,3.455,3.455,0.23208587177254714
2023-10-12,3.491,3.491,1.0419681620839283
2023-10-13,3.456,3.456,-1.0025780578630794
2023-10-16,3.413,3.413,-1.244212962962965
2023-10-17,3.425,3.425,0.3515968356284871
2023-10-18,3.397,3.397,-0.8175182481751864
2023-10-19,3.32,3.32,-2.2667059169855786
2023-10-20,3.302,3.302,-0.5421686746987842
2023-10-23,3.264,3.264,-1.1508176862507602
2023-10-24,3.269,3.269,0.15318627450982003
2023-10-25,3.289,3.289,0.6118078923218029
2023-10-26,3.302,3.302,0.39525691699604515
2023-10-27,3.356,3.356,1.6353725015142206
2023-10-30,3.372,3.372,0.47675804529201393
2023-10-31,3.364,3.364,-0.23724792408066353
2023-11-01,3.362,3.362,-0.05945303210462827
2023-11-02,3.345,3.345,-0.5056513979773913
2023-11-03,3.373,3.373,0.8370702541106168
2023-11-06,3.421,3.421,1.4230655203083087
2023-11-07,3.41,3.41,-0.3215434083601143
2023-11-08,3.399,3.399,-0.3225806451612967
2023-11-09,3.402,3.402,0.08826125330980705
2023-11-10,3.375,3.375,-0.7936507936508019
2023-11-13,3.37,3.37,-0.1481481481481417
2023-11-14,3.37,3.37,0.0
2023-11-15,3.395,3.395,0.7418397626112627
2023-11-16,3.359,3.359,-1.0603829160530154
2023-11-17,3.354,3.354,-0.14885382554331583
2023-11-20,3.365,3.365,0.3279666070363785
2023-11-21,3.37,3.37,0.14858841010401136
2023-11-22,3.331,3.331,-1.157270029673596
2023-11-23,3.35,3.35,0.5703992794956481
2023-11-24,3.325,3.325,-0.7462686567164201
2023-11-27,3.301,3.301,-0.7218045112782012
2023-11-28,3.305,3.305,0.12117540139351402
2023-11-29,3.278,3.278,-0.8169440242057568
2023-11-30,3.282,3.282,0.12202562538132788
2023-12-01,3.268,3.268,-0.4265691651432091
2023-12-04,3.244,3.244,-0.7343941248469932
2023-12-05,3.178,3.178,-2.034525277435273
2023-12-06,3.183,3.183,0.1573316551290116
2023-12-07,3.174,3.174,-0.2827521206409056
2023-12-08,3.181,3.181,0.2205419029615685
2023-12-11,3.205,3.205,0.7544797233574263
2023-12-12,3.213,3.213,0.24960998439937931
2023-12-13,3.155,3.155,-1.8051665110488724
2023-12-14,3.139,3.139,-0.5071315372424778
2023-12-15,3.132,3.132,-0.22300095571836653
2023-12-18,3.118,3.118,-0.446998722860803
2023-12-19,3.12,3.12,0.06414368184735064
2023-12-20,3.089,3.089,-0.9935897435897512
2023-12-21,3.12,3.12,1.0035610229848002
2023-12-22,3.126,3.126,0.19230769230769162
2023-12-25,3.135,3.135,0.2879078694817627
2023-12-26,3.115,3.115,-0.6379585326953596
2023-12-27,3.125,3.125,0.32102728731941976
2023-12-28,3.209,3.209,2.6880000000000015
2023-12-29,3.219,3.219,0.31162355874103653
2024-01-02,3.173,3.173,-1.429015222118668
2024-01-03,3.163,3.163,-0.31515915537346784
2024-01-04,3.133,3.133,-0.9484666455896185
2024-01-05,3.116,3.116,-0.5426109160548975
2024-01-08,3.069,3.069,-1.5083440308087392
2024-01-09,3.077,3.077,0.26067122841315626
2024-01-10,3.061,3.061,-0.5199870003249951
2024-01-11,3.08,3.08,0.6207121855602793
2024-01-12,3.069,3.069,-0.3571428571428559
2024-01-15,3.065,3.065,-0.13033561420657813
2024-01-16,3.087,3.087,0.7177814029363905
2024-01-17,3.012,3.012,-2.4295432458697808
2024-01-18,3.057,3.057,1.4940239043824688
2024-01-19,3.064,3.064,0.22898266274125056
2024-01-22,2.995,2.995,-2.2519582245430825
2024-01-23,3.017,3.017,0.7345575959933237
2024-01-24,3.068,3.068,1.6904209479615462
2024-01-25,3.124,3.124,1.8252933507170832
2024-01-26,3.118,3.118,-0.1920614596671033
2024-01-29,3.088,3.088,-0.9621552277100598
2024-01-30,3.032,3.032,-1.81347150259068
2024-01-31,3.011,3.011,-0.6926121372031635
2024-02-01,3.007,3.007,-0.13284623048821498
2024-02-02,2.977,2.977,-0.9976720984369858
2024-02-05,2.997,2.997,0.6718172657037336
2024-02-06,3.1,3.1,3.4367701034367704
2024-02-07,3.129,3.129,0.9354838709677349
2024-02-08,3.151,3.151,0.7031000319590808
2024-02-19,3.178,3.178,0.8568708346556653
2024-02-20,3.19,3.19,0.37759597230961894
2024-02-21,3.238,3.238,1.5047021943573657
2024-02-22,3.264,3.264,0.8029647930821504
2024-02-23,3.267,3.267,0.09191176470588758
2024-02-26,3.232,3.232,-1.071319253137426
2024-02-27,3.273,3.273,1.2685643564356308
2024-02-28,3.237,3.237,-1.0999083409715893
2024-02-29,3.292,3.292,1.699104108742655
2024-03-01,3.319,3.319,0.8201701093560221
2024-03-04,3.316,3.316,-0.09038867128653427
2024-03-05,3.345,3.345,0.8745476477683978
2024-03-06,3.331,3.331,-0.4185351270553084
2024-03-07,3.312,3.312,-0.5703992794956481
2024-03-08,3.322,3.322,0.3019323671497709
2024-03-11,3.37,3.37,1.4449127031908482
2024-03-12,3.375,3.375,0.14836795252224366
2024-03-13,3.354,3.354,-0.622222222222224
2024-03-14,3.341,3.341,-0.3875968992248069
2024-03-15,3.35,3.35,0.2693804250224474
2024-03-18,3.381,3.381,0.9253731343283444
2024-03-19,3.358,3.358,-0.6802721088435271
2024-03-20,3.361,3.361,0.08933889219773228
2024-03-21,3.359,3.359,-0.05950609937519502
2024-03-22,3.328,3.328,-0.922893718368567
2024-03-25,3.309,3.309,-0.570913461538447
2024-03-26,3.32,3.32,0.33242671501962917
2024-03-27,3.282,3.282,-1.1445783132530085
2024-03-28,3.299,3.299,0.5179768433881682
2024-03-29,3.315,3.315,0.4849954531676248
2024-04-01,3.373,3.373,1.7496229260935303
2024-04-02,3.361,3.361,-0.3557663800770827
2024-04-03,3.347,3.347,-0.41654269562630963
2024-04-08,3.318,3.318,-0.8664475649835635
2024-04-09,3.312,3.312,-0.1808318264014508
2024-04-10,3.286,3.286,-0.7850241545893644
2024-04-11,3.283,3.283,-0.0912964090079127
2024-04-12,3.255,3.255,-0.8528784648187626
2024-04-15,3.328,3.328,2.2427035330261136
2024-04-16,3.296,3.296,-0.9615384615384581
2024-04-17,3.342,3.342,1.3956310679611672
2024-04-18,3.348,3.348,0.17953321364452268
2024-04-19,3.32,3.32,-0.8363201911589013
2024-04-22,3.313,3.313,-0.21084337349396298
2024-04-23,3.288,3.288,-0.7546030787805691
2024-04-24,3.302,3.302,0.42579075425790425
2024-04-25,3.312,3.312,0.30284675953966556
2024-04-26,3.362,3.362,1.50966183574881
2024-04-29,3.405,3.405,1.2790005948839944
2024-04-30,3.387,3.387,-0.528634361233471
2024-05-06,3.437,3.437,1.4762326542663073
2024-05-07,3.439,3.439,0.058190282222869705
2024-05-08,3.41,3.41,-0.8432683919744055
2024-05-09,3.445,3.445,1.026392961876832
2024-05-10,3.447,3.447,0.05805515239478698
2024-05-13,3.444,3.444,-0.08703220191471628
2024-05-14,3.438,3.438,-0.17421602787456303
2024-05-15,3.412,3.412,-0.7562536358347915
2024-05-16,3.424,3.424,0.3516998827667095
2024-05-17,3.465,3.465,1.197429906542058
2024-05-20,3.473,3.473,0.23088023088022602
2024-05-21,3.461,3.461,-0.3455226029369429
2024-05-22,3.469,3.469,0.23114706732159096
2024-05-23,3.432,3.432,-1.066589795330064
2024-05-24,3.391,3.391,-1.1946386946386944
2024-05-27,3.421,3.421,0.8846947803007987
2024-05-28,3.398,3.398,-0.6723180356620784
2024-05-29,3.399,3.399,0.029429075927023263
2024-05-30,3.385,3.385,-0.41188584877905887
2024-05-31,3.371,3.371,-0.41358936484490183
2024-06-03,3.376,3.376,0.14832393948382983
2024-06-04,3.401,3.401,0.7405213270142097
2024-06-05,3.388,3.388,-0.38224051749484733
2024-06-06,3.388,3.388,0.0
2024-06-07,3.365,3.365,-0.6788665879574829
2024-06-11,3.34,3.34,-0.7429420505200679
2024-06-12,3.336,3.336,-0.11976047904191933
2024-06-13,3.323,3.323,-0.3896882494004772
2024-06-14,3.343,3.343,0.6018657839301778
2024-06-17,3.333,3.333,-0.29913251570444777
2024-06-18,3.344,3.344,0.3300330033003229
2024-06-19,3.334,3.334,-0.29904306220095433
2024-06-20,3.311,3.311,-0.68986202759449
2024-06-21,3.305,3.305,-0.18121413470250092
2024-06-24,3.288,3.288,-0.5143721633888099
2024-06-25,3.267,3.267,-0.6386861313868564
2024-06-26,3.288,3.288,0.642791551882449
2024-06-27,3.269,3.269,-0.5778588807785812
2024-06-28,3.276,3.276,0.21413276231261325
2024-07-01,3.29,3.29,0.42735042735042583
2024-07-02,3.285,3.285,-0.1519756838905706
2024-07-03,3.279,3.279,-0.18264840182649067
2024-07-04,3.264,3.264,-0.45745654162855365
2024-07-05,3.247,3.247,-0.5208333333333259
2024-07-08,3.223,3.223,-0.7391438250692994
2024-07-09,3.26,3.26,1.1479987589202656
2024-07-10,3.252,3.252,-0.24539877300613355
2024-07-11,3.298,3.298,1.4145141451414656
2024-07-12,3.308,3.308,0.3032140691328067
2024-07-15,3.315,3.315,0.21160822249093325
2024-07-16,3.34,3.34,0.7541478129713397
2024-07-17,3.345,3.345,0.14970059880241582
2024-07-18,3.366,3.366,0.627802690582957
2024-07-19,3.389,3.389,0.6833036244800805
2024-07-22,3.36,3.36,-0.855709648863967
2024-07-23,3.29,3.29,-2.083333333333326
2024-07-24,3.268,3.268,-0.6686930091185483
2024-07-25,3.248,3.248,-0.6119951040391536
2024-07-26,3.263,3.263,0.4618226600985098
2024-07-29,3.243,3.243,-0.6129328838492154
2024-07-30,3.22,3.22,-0.7092198581560183
2024-07-31,3.297,3.297,2.3913043478260843
2024-08-01,3.272,3.272,-0.7582650894752963
2024-08-02,3.236,3.236,-1.1002444987774918
2024-08-05,3.197,3.197,-1.2051915945611946
2024-08-06,3.197,3.197,0.0
2024-08-07,3.19,3.19,-0.21895527056615682
2024-08-08,3.194,3.194,0.12539184952977678
2024-08-09,3.182,3.182,-0.37570444583594487
2024-08-12,3.178,3.178,-0.12570710245128902
2024-08-13,3.183,3.183,0.1573316551290116
2024-08-14,3.159,3.159,-0.7540056550424112
2024-08-15,3.197,3.197,1.20291231402343
2024-08-16,3.199,3.199,0.06255864873319084
2024-08-19,3.208,3.208,0.28133791809941133
2024-08-20,3.192,3.192,-0.4987531172069848
2024-08-21,3.177,3.177,-0.46992481203007586
2024-08-22,3.168,3.168,-0.28328611898016387
2024-08-23,3.182,3.182,0.4419191919191823
2024-08-26,3.183,3.183,0.03142677561280838
2024-08-27,3.166,3.166,-0.534087338988376
2024-08-28,3.146,3.146,-0.6317119393556503
2024-08-29,3.136,3.136,-0.31786395422758185
2024-08-30,3.181,3.181,1.4349489795918435
2024-09-02,3.121,3.121,-1.886199308393588
2024-09-03,3.133,3.133,0.3844921499519316
2024-09-04,3.112,3.112,-0.670284072773697
2024-09-05,3.119,3.119,0.22493573264781297
2024-09-06,3.091,3.091,-0.8977236293683855
2024-09-09,3.05,3.05,-1.3264315755419087
2024-09-10,3.05,3.05,0.0
2024-09-11,3.043,3.043,-0.2295081967212953
2024-09-12,3.032,3.032,-0.36148537627341826
2024-09-13,3.017,3.017,-0.49472295514512155
2024-09-18,3.027,3.027,0.3314550878356082
2024-09-19,3.054,3.054,0.8919722497522153
2024-09-20,3.063,3.063,0.29469548133596035
2024-09-23,3.072,3.072,0.2938295788442735
2024-09-24,3.216,3.216,4.6875
2024-09-25,3.263,3.263,1.4614427860696333
2024-09-26,3.429,3.429,5.087342935948502
2024-09-27,3.658,3.658,6.678331875182275
2024-09-30,4.022,4.022,9.950792782941509
2024-10-08,4.201,4.201,4.450522128294376
2024-10-09,3.811,3.811,-9.283503927636271
2024-10-10,3.875,3.875,1.6793492521647968
2024-10-11,3.766,3.766,-2.8129032258064512
2024-10-14,3.829,3.829,1.6728624535315983
2024-10-15,3.72,3.72,-2.846696265343429
2024-10-16,3.695,3.695,-0.6720430107526987
2024-10-17,3.652,3.652,-1.1637347767253003
2024-10-18,3.805,3.805,4.189485213581601
2024-10-21,3.805,3.805,0.0
2024-10-22,3.829,3.829,0.6307490144546568
2024-10-23,3.844,3.844,0.39174719247845324
2024-10-24,3.8,3.8,-1.144640998959423
2024-10-25,3.829,3.829,0.7631578947368434
2024-10-28,3.835,3.835,0.15669887699136797
2024-10-29,3.802,3.802,-0.8604954367666173
2024-10-30,3.76,3.76,-1.104681746449243
2024-10-31,3.76,3.76,0.0
2024-11-01,3.768,3.768,0.21276595744681437
2024-11-04,3.821,3.821,1.4065817409766534
2024-11-05,3.926,3.926,2.7479717351478694
2024-11-06,3.9,3.9,-0.6622516556291425
2024-11-07,4.037,4.037,3.5128205128205137
2024-11-08,3.983,3.983,-1.3376269507059613
2024-11-11,4.004,4.004,0.5272407732864526
2024-11-12,3.958,3.958,-1.1488511488511377
2024-11-13,3.984,3.984,0.656897422940883
2024-11-14,3.913,3.913,-1.7821285140562249
2024-11-15,3.844,3.844,-1.7633529261436243
2024-11-18,3.827,3.827,-0.44224765868886573
2024-11-19,3.847,3.847,0.5226025607525386
2024-11-20,3.857,3.857,0.2599428125812375
2024-11-21,3.862,3.862,0.12963443090483473
2024-11-22,3.742,3.742,-3.107198342827555
2024-11-25,3.72,3.72,-0.5879208979155504
2024-11-26,3.712,3.712,-0.21505376344086446
2024-11-27,3.776,3.776,1.724137931034475
2024-11-28,3.747,3.747,-0.768008474576265
2024-11-29,3.79,3.79,1.1475847344542434
2024-12-02,3.82,3.82,0.79155672823219
2024-12-03,3.824,3.824,0.10471204188482464
2024-12-04,3.803,3.803,-0.5491631799163121
2024-12-05,3.796,3.796,-0.18406521167499967
2024-12-06,3.846,3.846,1.3171759747102385
2024-12-09,3.843,3.843,-0.07800312012480326
2024-12-10,3.874,3.874,0.8066614623991608
2024-12-11,3.864,3.864,-0.25813113061435855
2024-12-12,3.906,3.906,1.0869565217391353
2024-12-13,3.809,3.809,-2.4833589349718355
2024-12-16,3.785,3.785,-0.6300866369125746
2024-12-17,3.796,3.796,0.2906208718626013
2024-12-18,3.813,3.813,0.4478398314014864
2024-12-19,3.819,3.819,0.15735641227379027
2024-12-20,3.807,3.807,-0.314218381775333
2024-12-23,3.811,3.811,0.10506960861571546
2024-12-24,3.858,3.858,1.233272107058525
2024-12-25,3.861,3.861,0.07776049766718973
2024-12-26,3.862,3.862,0.025900025900016388
2024-12-27,3.856,3.856,-0.15535991714138442
2024-12-30,3.875,3.875,0.4927385892116165
2024-12-31,3.811,3.811,-1.6516129032258076
2025-01-02,3.698,3.698,-2.965101023353456
2025-01-03,3.658,3.658,-1.0816657652785278
2025-01-06,3.642,3.642,-0.4373974849644635
2025-01-07,3.669,3.669,0.7413509060955503
2025-01-08,3.663,3.663,-0.16353229762878785
2025-01-09,3.655,3.655,-0.2184002184002165
2025-01-10,3.612,3.612,-1.17647058823529
2025-01-13,3.597,3.597,-0.41528239202658357
2025-01-14,3.695,3.695,2.72449263274952
2025-01-15,3.672,3.672,-0.6224627875507371
2025-01-16,3.674,3.674,0.05446623093681158
2025-01-17,3.687,3.687,0.3538377789874758
2025-01-20,3.706,3.706,0.5153241117439755
2025-01-21,3.711,3.711,0.1349163518618468
2025-01-22,3.675,3.675,-0.9700889248181133
2025-01-23,3.686,3.686,0.29931972789116745
2025-01-24,3.718,3.718,0.8681497558328921
2025-01-27,3.696,3.696,-0.5917159763313529
2025-02-05,3.676,3.676,-0.5411255411255422
2025-02-06,3.721,3.721,1.2241566920565772
2025-02-07,3.777,3.777,1.5049717817790853
2025-02-10,3.781,3.781,0.1059041567381458
2025-02-11,3.765,3.765,-0.4231684739486874
2025-02-12,3.803,3.803,1.00929614873837
2025-02-13,3.793,3.793,-0.26295030239283923
2025-02-14,3.823,3.823,0.7909306617453149
2025-02-17,3.83,3.83,0.18310227569970916
2025-02-18,3.801,3.801,-0.7571801566579661
2025-02-19,3.822,3.822,0.5524861878452914
2025-02-20,3.81,3.81,-0.31397174254317317
2025-02-21,3.864,3.864,1.4173228346456623
2025-02-24,3.851,3.851,-0.33643892339544346
2025-02-25,3.81,3.81,-1.064658530251883
2025-02-26,3.843,3.843,0.8661417322834541
2025-02-27,3.856,3.856,0.3382773874577083
2025-02-28,3.783,3.783,-1.8931535269709587
2025-03-03,3.77,3.77,-0.3436426116838476
2025-03-04,3.766,3.766,-0.10610079575597009
2025-03-05,3.783,3.783,0.4514073287307463
2025-03-06,3.838,3.838,1.4538725878932013
2025-03-07,3.828,3.828,-0.2605523710265789
2025-03-10,3.812,3.812,-0.4179728317659337
2025-03-11,3.824,3.824,0.31479538300105414
2025-03-12,3.814,3.814,-0.26150627615062483
2025-03-13,3.794,3.794,-0.5243838489774499
2025-03-14,3.895,3.895,2.662098049551931
2025-03-17,3.883,3.883,-0.3080872913992283
2025-03-18,3.892,3.892,0.23177955189286337
2025-03-19,3.898,3.898,0.15416238437822027
2025-03-20,3.865,3.865,-0.8465879938429954
2025-03-21,3.799,3.799,-1.707632600258735
2025-03-24,3.816,3.816,0.4474861805738417
2025-03-25,3.818,3.818,0.05241090146750338
2025-03-26,3.802,3.802,-0.41906757464641453
2025-03-27,3.816,3.816,0.36822724881639957
2025-03-28,3.797,3.797,-0.4979035639412932
2025-03-31,3.773,3.773,-0.632077956281274
2025-04-01,3.771,3.771,-0.05300821627353125
2025-04-02,3.768,3.768,-0.07955449482895949
2025-04-03,3.748,3.748,-0.5307855626326852
2025-04-07,3.484,3.484,-7.043756670224122
2025-04-08,3.519,3.519,1.0045924225028813
2025-04-09,3.555,3.555,1.0230179028132946
2025-04-10,3.618,3.618,1.7721518987341645
2025-04-11,3.629,3.629,0.3040353786622374
2025-04-14,3.637,3.637,0.22044640396803317
2025-04-15,3.64,3.64,0.0824855650261247
2025-04-16,3.649,3.649,0.24725274725274637
2025-04-17,3.652,3.652,0.08221430528911888
2025-04-18,3.662,3.662,0.27382256297918683
2025-04-21,3.664,3.664,0.05461496450027692
2025-04-22,3.667,3.667,0.08187772925762893
2025-04-23,3.671,3.671,0.10908099263702287
2025-04-24,3.671,3.671,0.0
2025-04-25,3.671,3.671,0.0
2025-04-28,3.665,3.665,-0.16344320348677943
2025-04-29,3.658,3.658,-0.19099590723056226
2025-04-30,3.655,3.655,-0.08201202843084454
2025-05-06,3.692,3.692,1.012311901504792
2025-05-07,3.716,3.716,0.650054171180936
2025-05-08,3.739,3.739,0.6189451022604819
2025-05-09,3.734,3.734,-0.13372559507889292
2025-05-12,3.779,3.779,1.2051419389394802
2025-05-13,3.783,3.783,0.1058481079650786
2025-05-14,3.834,3.834,1.3481363996827866
2025-05-15,3.8,3.8,-0.8868022952530086
2025-05-16,3.778,3.778,-0.5789473684210455
2025-05-19,3.772,3.772,-0.1588141874007465
2025-05-20,3.792,3.792,0.5302226935312904
2025-05-21,3.808,3.808,0.42194092827003704
2025-05-22,3.806,3.806,-0.052521008403350056
2025-05-23,3.777,3.777,-0.7619548081975847
2025-05-26,3.756,3.756,-0.5559968228753043
2025-05-27,3.735,3.735,-0.5591054313099031
2025-05-28,3.731,3.731,-0.10709504685407767
2025-05-29,3.755,3.755,0.6432591798445353
2025-05-30,3.748,3.748,-0.18641810918773594
2025-06-03,3.746,3.746,-0.05336179295625243
2025-06-04,3.763,3.763,0.45381740523224856
2025-06-05,3.773,3.773,0.26574541589157175
2025-06-06,3.775,3.775,0.05300821627352015
2025-06-09,3.784,3.784,0.23841059602649484
2025-06-10,3.761,3.761,-0.6078224101479845
2025-06-11,3.793,3.793,0.850837543206584
2025-06-12,3.795,3.795,0.05272871078301211
2025-06-13,3.769,3.769,-0.6851119894598079
2025-06-16,3.779,3.779,0.26532236667551334
2025-06-17,3.778,3.778,-0.02646202699126965
2025-06-18,3.781,3.781,0.0794070937003788
2025-06-19,3.75,3.75,-0.8198889182755909
2025-06-20,3.755,3.755,0.13333333333334085
2025-06-23,3.768,3.768,0.34620505992011275
2025-06-24,3.813,3.813,1.194267515923575
2025-06-25,3.878,3.878,1.7046944662995056
2025-06-26,3.863,3.863,-0.3867973182052675
2025-06-27,3.84,3.84,-0.5953921822417829
2025-06-30,3.859,3.859,0.49479166666666075
2025-07-01,3.865,3.865,0.15548069448043655
2025-07-02,3.869,3.869,0.10349288486417585
2025-07-03,3.892,3.892,0.5944688550012733
2025-07-04,3.909,3.909,0.43679342240492414
2025-07-07,3.891,3.891,-0.46047582501917983
2025-07-08,3.925,3.925,0.8738113595476715
2025-07-09,3.922,3.922,-0.07643312101910382
2025-07-10,3.942,3.942,0.5099439061703182
2025-07-11,3.956,3.956,0.3551496702181689
2025-07-14,3.955,3.955,-0.025278058645095136
2025-07-15,3.955,3.955,0.0
2025-07-16,3.946,3.946,-0.22756005056889794
2025-07-17,3.979,3.979,0.8362899138367963
2025-07-18,4.009,4.009,0.7539582809751311
2025-07-21,4.034,4.034,0.6235969069593228
2025-07-22,4.078,4.078,1.0907288051561936
2025-07-23,4.076,4.076,-0.04904364884749102
2025-07-24,4.102,4.102,0.6378802747792012
2025-07-25,4.08,4.08,-0.5363237445148772
2025-07-28,4.091,4.091,0.26960784313725394
2025-07-29,4.112,4.112,0.5133219261794109
2025-07-30,4.109,4.109,-0.07295719844357951
2025-07-31,4.032,4.032,-1.873935264054516
2025-08-01,4.01,4.01,-0.5456349206349298
2025-08-04,4.029,4.029,0.4738154613466383
2025-08-05,4.06,4.06,0.769421692727712
2025-08-06,4.071,4.071,0.27093596059113434
2025-08-07,4.07,4.07,-0.024563989191828117
2025-08-08,4.06,4.06,-0.24570024570026439
2025-08-11,4.079,4.079,0.4679802955664947
2025-08-12,4.105,4.105,0.6374111301789886
2025-08-13,4.14,4.14,0.8526187576126443
2025-08-14,4.133,4.133,-0.16908212560385882
2025-08-15,4.172,4.172,0.9436244858456178
2025-08-18,4.204,4.204,0.7670182166826578
2025-08-19,4.182,4.182,-0.5233111322549777
2025-08-20,4.241,4.241,1.4108082257292986
2025-08-21,4.255,4.255,0.3301108229191385
2025-08-22,4.356,4.356,2.373678025851933
2025-08-25,4.442,4.442,1.9742883379247012
2025-08-26,4.418,4.418,-0.5402971634398956
2025-08-27,4.352,4.352,-1.493888637392482
2025-08-28,4.436,4.436,1.930147058823528
2025-08-29,4.478,4.478,0.9467989179440917
2025-09-01,4.493,4.493,0.33497096918269076
2025-09-02,4.467,4.467,-0.5786779434676315
2025-09-03,4.426,4.426,-0.9178419520931125
2025-09-04,4.333,4.333,-2.1012200632625433
2025-09-05,4.431,4.431,2.2617124394184174
2025-09-08,4.432,4.432,0.022568269013767406
2025-09-09,4.405,4.405,-0.6092057761732828
2025-09-10,4.415,4.415,0.2270147559591429
2025-09-11,4.537,4.537,2.763306908267271
2025-09-12,4.498,4.498,-0.8595988538681931
2025-09-15,4.506,4.506,0.17785682525566227
2025-09-16,4.497,4.497,-0.1997336884154488
2025-09-17,4.53,4.53,0.7338225483655814
2025-09-18,4.471,4.471,-1.3024282560706424
2025-09-19,4.481,4.481,0.2236636099306688
2025-09-22,4.496,4.496,0.33474670832405184
2025-09-23,4.499,4.499,0.06672597864767482
2025-09-24,4.54,4.54,0.9113136252500542
2025-09-25,4.572,4.572,0.7048458149779835
2025-09-26,4.528,4.528,-0.9623797025371972
2025-09-29,4.605,4.605,1.7005300353357011
2025-09-30,4.618,4.618,0.2823018458197657
2025-10-09,4.693,4.693,1.6240796881766828
2025-10-10,4.596,4.596,-2.0669081610909745
2025-10-13,4.569,4.569,-0.5874673629242877
2025-10-14,4.522,4.522,-1.0286714817246634
2025-10-15,4.583,4.583,1.3489606368863427
2025-10-16,4.598,4.598,0.3272965306567732
2025-10-17,4.501,4.501,-2.1096128751631027
2025-10-20,4.517,4.517,0.35547656076426737
2025-10-21,4.587,4.587,1.5497011290679596
2025-10-22,4.572,4.572,-0.3270111183780178
2025-10-23,4.59,4.59,0.3937007874015741
2025-10-24,4.647,4.647,1.241830065359495
2025-10-27,4.703,4.703,1.2050785452980328
2025-10-28,4.679,4.679,-0.5103125664469466
2025-10-29,4.739,4.739,1.2823252831801524
2025-10-30,4.7,4.7,-0.822958430048526
2025-10-31,4.633,4.633,-1.4255319148936185
2025-11-03,4.64,4.64,0.15109000647528514
2025-11-04,4.606,4.606,-0.7327586206896552
2025-11-05,4.612,4.612,0.13026487190621605
2025-11-06,4.682,4.682,1.5177797051170838
2025-11-07,4.672,4.672,-0.21358393848783797
2025-11-10,4.684,4.684,0.25684931506850806
2025-11-11,4.64,4.64,-0.9393680614859234
2025-11-12,4.642,4.642,0.04310344827587187
2025-11-13,4.689,4.689,1.0124946143903468
2025-11-14,4.618,4.618,-1.5141821283855772
2025-11-17,4.587,4.587,-0.6712862711130474
2025-11-18,4.56,4.56,-0.5886200130804431
2025-11-19,4.574,4.574,0.3070175438596445
2025-11-20,4.553,4.553,-0.4591167468299018
2025-11-21,4.441,4.441,-2.459916538546014
2025-11-24,4.434,4.434,-0.1576221571717995
2025-11-25,4.474,4.474,0.9021199819575942
2025-11-26,4.503,4.503,0.6481895395619164
2025-11-27,4.499,4.499,-0.08882966910949142
2025-11-28,4.512,4.512,0.2889531006890378
2025-12-01,4.564,4.564,1.152482269503552
2025-12-02,4.543,4.543,-0.4601226993865004
2025-12-03,4.522,4.522,-0.46224961479198745
2025-12-04,4.534,4.534,0.26536930561698036
2025-12-05,4.575,4.575,0.9042787825319865
2025-12-08,4.609,4.609,0.7431693989071064
2025-12-09,4.585,4.585,-0.520720329789548
2025-12-10,4.579,4.579,-0.1308615049073092
2025-12-11,4.545,4.545,-0.7425202009172294
2025-12-12,4.571,4.571,0.5720572057205775
2025-12-15,4.544,4.544,-0.5906803762852797
2025-12-16,4.497,4.497,-1.034330985915488
2025-12-17,4.576,4.576,1.7567267066933345
2025-12-18,4.545,4.545,-0.677447552447541
2025-12-19,4.565,4.565,0.44004400440045277
2025-12-22,4.607,4.607,0.9200438116100829
2025-12-23,4.617,4.617,0.21706099413933977
2025-12-24,4.634,4.634,0.36820446177172617
2025-12-25,4.643,4.643,0.19421665947345623
2025-12-26,4.661,4.661,0.3876803790652472
2025-12-29,4.64,4.64,-0.45054709289851225
2025-12-30,4.65,4.65,0.21551724137931494
2025-12-31,4.63,4.63,-0.43010752688172893
2026-01-05,4.721,4.721,1.9654427645788397
2026-01-06,4.796,4.796,1.5886464732048244
2026-01-07,4.778,4.778,-0.3753127606338724
2026-01-08,4.74,4.74,-0.7953118459606445
2026-01-09,4.762,4.762,0.4641350210970341
2026-01-12,4.79,4.79,0.5879882402352044
2026-01-13,4.773,4.773,-0.35490605427975774
2026-01-14,4.743,4.743,-0.628535512256434
2026-01-15,4.752,4.752,0.1897533206830948
2026-01-16,4.736,4.736,-0.33670033670033517
2026-01-19,4.738,4.738,0.04222972972973693
2026-01-20,4.724,4.724,-0.2954833262980183
2026-01-21,4.73,4.73,0.12701100762066986
2026-01-22,4.727,4.727,-0.06342494714588476
2026-01-23,4.704,4.704,-0.4865665326845847
2026-01-26,4.712,4.712,0.1700680272108901
2026-01-27,4.71,4.71,-0.04244482173174635
2026-01-28,4.725,4.725,0.31847133757960666
2026-01-29,4.768,4.768,0.9100529100529053
2026-01-30,4.711,4.711,-1.1954697986577112
2026-02-02,4.6,4.6,-2.3561876459350595
2026-02-03,4.664,4.664,1.3913043478260834
2026-02-04,4.707,4.707,0.9219554030874821
2026-02-05,4.679,4.679,-0.594858721053737
2026-02-06,4.649,4.649,-0.6411626415900873
2026-02-09,4.727,4.727,1.6777801677780202
2026-02-10,4.733,4.733,0.12693039983073806
2026-02-11,4.723,4.723,-0.21128248468201827
2026-02-12,4.727,4.727,0.08469193309337264
2026-02-13,4.671,4.671,-1.184683731753755
2026-02-24,4.716,4.716,0.9633911368015502
2026-02-25,4.75,4.75,0.7209499575911771
2026-02-26,4.735,4.735,-0.3157894736842026
2026-02-27,4.725,4.725,-0.21119324181627652
2026-03-02,4.739,4.739,0.2962962962963056
2026-03-03,4.678,4.678,-1.2871913905887267
2026-03-04,4.61,4.61,-1.4536126549807515
2026-03-05,4.654,4.654,0.9544468546637708
2026-03-06,4.667,4.667,0.27932960893854997
2026-03-09,4.629,4.629,-0.8142275551746403
2026-03-10,4.683,4.683,1.166558651976679
2026-03-11,4.711,4.711,0.5979073243647326
2026-03-12,4.694,4.694,-0.36085756739546726
2026-03-13,4.677,4.677,-0.36216446527482793
2026-03-16,4.68,4.68,0.06414368184735064
2026-03-17,4.646,4.646,-0.7264957264957239
2026-03-18,4.662,4.662,0.34438226431339203
2026-03-19,4.599,4.599,-1.3513513513513487
2026-03-20,4.576,4.576,-0.5001087192868181
2026-03-23,4.43,4.43,-3.1905594405594373
2026-03-24,4.479,4.479,1.1060948081264232
2026-03-25,4.544,4.544,1.4512167894619177
2026-03-26,4.488,4.488,-1.2323943661971648
2026-03-27,4.508,4.508,0.4456327985739694
2026-03-30,4.5,4.5,-0.17746228926353025
2026-03-31,4.463,4.463,-0.8222222222222242
2026-04-01,4.534,4.534,1.5908581671521427
2026-04-02,4.489,4.489,-0.9925011027789976
2026-04-03,4.454,4.454,-0.7796836711962629
2026-04-07,4.446,4.446,-0.17961383026493527
2026-04-08,4.602,4.602,3.5087719298245723
2026-04-09,4.572,4.572,-0.6518904823989646
2026-04-10,4.642,4.642,1.531058617672798
2026-04-13,4.652,4.652,0.21542438604049696
2026-04-14,4.712,4.712,1.2897678417884695
2026-04-15,4.694,4.694,-0.38200339558573937
2026-04-16,4.746,4.746,1.107797187899462
2026-04-17,4.739,4.739,-0.1474926253687392
2026-04-20,4.765,4.765,0.5486389533656766
2026-04-21,4.776,4.776,0.23084994753410637
2026-04-22,4.811,4.811,0.7328308207705136
2026-04-23,4.801,4.801,-0.2078569943878561
2026-04-24,4.782,4.782,-0.3957508852322489
2026-04-27,4.782,4.782,0.0
2026-04-28,4.77,4.77,-0.25094102885823144
2026-04-29,4.821,4.821,1.0691823899371178
2026-04-30,4.824,4.824,0.062227753578092404
2026-05-06,4.888,4.888,1.3266998341625147
2026-05-07,4.912,4.912,0.49099836333879043
2026-05-08,4.886,4.886,-0.5293159609120468
2026-05-11,4.966,4.966,1.6373311502251298
2026-05-12,4.963,4.963,-0.0604107933950937
2026-05-13,5.017,5.017,1.0880515817046188
2026-05-14,4.941,4.941,-1.5148495116603655
2026-05-15,4.878,4.878,-1.2750455373406133
2026-05-18,4.852,4.852,-0.5330053300532933
2026-05-19,4.869,4.869,0.350370981038739
2026-05-20,4.871,4.871,0.041076196344236315
2026-05-21,4.808,4.808,-1.293368918086646
2026-05-22,4.862,4.862,1.1231281198003318
2026-05-25,4.937,4.937,1.5425750719868514
2026-05-26,4.972,4.972,0.708932550131669
2026-05-27,4.932,4.932,-0.8045052292839916
2026-05-28,4.932,4.932,0.0
2026-05-29,4.923,4.923,-0.18248175182482562
2026-06-01,4.868,4.868,-1.1172049563274333
2026-06-02,4.936,4.936,1.396877567789634
2026-06-03,4.965,4.965,0.5875202593192741
2026-06-04,4.926,4.926,-0.7854984894259731
2026-06-05,4.843,4.843,-1.6849370686155107
2026-06-08,4.739,4.739,-2.1474292793722927
2026-06-09,4.826,4.826,1.8358303439544255
2026-06-10,4.784,4.784,-0.8702859510982153
2026-06-11,4.751,4.751,-0.6897993311036688
2026-06-12,4.818,4.818,1.410229425384113
2026-06-15,4.919,4.919,2.096305520963049
2026-06-16,4.91,4.91,-0.18296401707662557
2026-06-17,4.958,4.958,0.9775967413441888
2026-06-18,4.984,4.984,0.5244050020169366
2026-06-22,5.091,5.091,2.1468699839486405
2026-06-23,4.942,4.942,-2.926733451188368
2026-06-24,4.967,4.967,0.5058680696074402
2026-06-25,5.048,5.048,1.6307630360378633
2026-06-26,4.907,4.907,-2.7931854199683026
2026-06-29,4.959,4.959,1.059710617485221
2026-06-30,5.019,5.019,1.2099213551119314
2026-07-01,4.998,4.998,-0.4184100418409997
2026-07-02,4.85,4.85,-2.9611844737895243
2026-07-03,4.876,4.876,0.5360824742268289
2026-07-06,4.877,4.877,0.02050861361770906
2026-07-07,4.826,4.826,-1.0457248308386347
2026-07-08,4.798,4.798,-0.5801906340654694
2026-07-09,4.916,4.916,2.4593580658607728
2026-07-10,4.829,4.829,-1.7697314890154692
2026-07-13,4.744,4.744,-1.7601987989231738
2026-07-14,4.837,4.837,1.9603709949409742
2026-07-15,4.838,4.838,0.020673971469920005
2026-07-16,4.753,4.753,-1.7569243489045094
2026-07-17,4.589,4.589,-3.450452345886801
2026-07-20,4.65,4.65,1.3292656352146492
2026-07-21,4.787,4.787,2.94623655913977
2026-07-22,4.765,4.765,-0.45957802381449975
2026-07-23,4.787,4.787,0.46169989506821274
2026-07-24,4.701,4.701,-1.7965322749112222
2026-07-27,4.753,4.753,1.1061476281642335
2026-07-28,4.627,4.627,-2.6509572901325495
2026-07-29,4.657,4.657,0.6483682731791784
2026-07-30,4.605,4.605,-1.1165986686708096
2026-07-31,4.653,4.653,1.0423452768729469
2026-08-03,4.599,4.599,-1.1605415860734825
