date,unit_nav,cum_nav,ret_pct
2013-03-15,2.632,2.632,0.0
2013-03-18,2.582,2.582,-1.8996960486322267
2013-03-19,2.601,2.601,0.7358636715724343
2013-03-20,2.679,2.679,2.998846597462501
2013-03-21,2.71,2.71,1.157148189623003
2013-03-22,2.722,2.722,0.44280442804427445
2013-03-25,2.713,2.713,-0.33063923585598953
2013-03-26,2.682,2.682,-1.1426465167711064
2013-03-27,2.691,2.691,0.3355704697986628
2013-03-28,2.607,2.607,-3.121516164994409
2013-03-29,2.61,2.61,0.11507479861909697
2013-04-01,2.626,2.626,0.6130268199233679
2013-04-02,2.592,2.592,-1.2947448591012822
2013-04-03,2.573,2.573,-0.7330246913580307
2013-04-08,2.579,2.579,0.23319082782744527
2013-04-09,2.607,2.607,1.085692128732063
2013-04-10,2.598,2.598,-0.34522439585732423
2013-04-11,2.592,2.592,-0.2309468822170868
2013-04-12,2.567,2.567,-0.9645061728395077
2013-04-15,2.514,2.514,-2.0646669263732154
2013-04-16,2.548,2.548,1.3524264120923002
2013-04-17,2.573,2.573,0.9811616954473967
2013-04-18,2.582,2.582,0.3497862417411568
2013-04-19,2.645,2.645,2.4399690162664633
2013-04-22,2.663,2.663,0.6805293005671009
2013-04-23,2.576,2.576,-3.2669921141569525
2013-04-24,2.635,2.635,2.29037267080745
2013-04-25,2.598,2.598,-1.4041745730550281
2013-04-26,2.548,2.548,-1.9245573518090753
2013-05-02,2.557,2.557,0.3532182103610726
2013-05-03,2.62,2.62,2.4638247946812797
2013-05-06,2.673,2.673,2.0229007633587814
2013-05-07,2.679,2.679,0.22446689113355678
2013-05-08,2.71,2.71,1.157148189623003
2013-05-09,2.71,2.71,0.0
2013-05-10,2.729,2.729,0.7011070110701123
2013-05-13,2.738,2.738,0.32979113228288615
2013-05-14,2.704,2.704,-1.241782322863394
2013-05-15,2.75,2.75,1.7011834319526464
2013-05-16,2.785,2.785,1.2727272727272698
2013-05-17,2.828,2.828,1.543985637342904
2013-05-20,2.869,2.869,1.4497878359264638
2013-05-21,2.906,2.906,1.2896479609620037
2013-05-22,2.881,2.881,-0.8602890571232091
2013-05-23,2.856,2.856,-0.8677542519958337
2013-05-24,2.903,2.903,1.6456582633053385
2013-05-27,2.934,2.934,1.0678608336204043
2013-05-28,2.947,2.947,0.44308111792774607
2013-05-29,2.965,2.965,0.6107906345435898
2013-05-30,2.975,2.975,0.337268128161905
2013-05-31,2.962,2.962,-0.43697478991596705
2013-06-03,2.94,2.94,-0.742741390952073
2013-06-04,2.872,2.872,-2.3129251700680253
2013-06-05,2.884,2.884,0.41782729805013297
2013-06-06,2.825,2.825,-2.045769764216354
2013-06-07,2.766,2.766,-2.0884955752212497
2013-06-13,2.676,2.676,-3.253796095444683
2013-06-14,2.744,2.744,2.5411061285500747
2013-06-17,2.744,2.744,0.0
2013-06-18,2.754,2.754,0.36443148688045657
2013-06-19,2.741,2.741,-0.4720406681191003
2013-06-20,2.641,2.641,-3.648303538854436
2013-06-21,2.62,2.62,-0.7951533510034081
2013-06-24,2.439,2.439,-6.908396946564888
2013-06-25,2.427,2.427,-0.49200492004920493
2013-06-26,2.483,2.483,2.3073753605274083
2013-06-27,2.433,2.433,-2.013693113169568
2013-06-28,2.439,2.439,0.2466091245376223
2013-07-01,2.492,2.492,2.173021730217295
2013-07-02,2.545,2.545,2.1268057784911587
2013-07-03,2.545,2.545,0.0
2013-07-04,2.57,2.57,0.9823182711198308
2013-07-05,2.557,2.557,-0.5058365758754846
2013-07-08,2.448,2.448,-4.262807978099337
2013-07-09,2.458,2.458,0.40849673202614234
2013-07-10,2.548,2.548,3.661513425549212
2013-07-11,2.635,2.635,3.4144427001569833
2013-07-12,2.61,2.61,-0.9487666034155517
2013-07-15,2.663,2.663,2.030651340996159
2013-07-16,2.701,2.701,1.4269620728501797
2013-07-17,2.66,2.66,-1.5179563124768536
2013-07-18,2.654,2.654,-0.22556390977443996
2013-07-19,2.585,2.585,-2.599849284099476
2013-07-22,2.641,2.641,2.1663442940038635
2013-07-23,2.713,2.713,2.726240060583107
2013-07-24,2.729,2.729,0.5897530409141094
2013-07-25,2.676,2.676,-1.942103334554779
2013-07-26,2.669,2.669,-0.2615844544095691
2013-07-29,2.607,2.607,-2.322967403521914
2013-07-30,2.592,2.592,-0.5753739930955182
2013-07-31,2.61,2.61,0.694444444444442
2013-08-01,2.694,2.694,3.218390804597715
2013-08-02,2.701,2.701,0.2598366740905744
2013-08-05,2.754,2.754,1.962236208811552
2013-08-06,2.785,2.785,1.125635439360928
2013-08-07,2.744,2.744,-1.4721723518850927
2013-08-08,2.75,2.75,0.21865889212826506
2013-08-09,2.766,2.766,0.5818181818181722
2013-08-12,2.822,2.822,2.024584237165583
2013-08-13,2.835,2.835,0.4606661941885193
2013-08-14,2.819,2.819,-0.5643738977072266
2013-08-15,2.778,2.778,-1.4544164597374953
2013-08-16,2.71,2.71,-2.4478041756659463
2013-08-19,2.763,2.763,1.9557195571955788
2013-08-20,2.744,2.744,-0.6876583423814586
2013-08-21,2.766,2.766,0.8017492711370089
2013-08-22,2.782,2.782,0.5784526391901634
2013-08-23,2.772,2.772,-0.35945363048167644
2013-08-26,2.841,2.841,2.4891774891774965
2013-08-27,2.866,2.866,0.8799718409010948
2013-08-28,2.847,2.847,-0.6629448709002173
2013-08-29,2.847,2.847,0.0
2013-08-30,2.813,2.813,-1.1942395504039305
2013-09-02,2.819,2.819,0.21329541414858433
2013-09-03,2.881,2.881,2.1993614757005897
2013-09-04,2.878,2.878,-0.10413051023948627
2013-09-05,2.897,2.897,0.6601806810284883
2013-09-06,2.922,2.922,0.8629616845012178
2013-09-09,2.947,2.947,0.8555783709787823
2013-09-10,2.975,2.975,0.9501187648456089
2013-09-11,2.962,2.962,-0.43697478991596705
2013-09-12,2.944,2.944,-0.6076975016880537
2013-09-13,2.953,2.953,0.30570652173913526
2013-09-16,2.95,2.95,-0.10159160176090865
2013-09-17,2.94,2.94,-0.3389830508474634
2013-09-18,2.95,2.95,0.3401360544217802
2013-09-23,3.015,3.015,2.203389830508473
2013-09-24,3.015,3.015,0.0
2013-09-25,3.021,3.021,0.19900497512437276
2013-09-26,2.981,2.981,-1.3240648791790766
2013-09-27,2.962,2.962,-0.6373700100637314
2013-09-30,3.034,3.034,2.4307900067521704
2013-10-08,3.046,3.046,0.39551746868820015
2013-10-09,3.087,3.087,1.346027577150366
2013-10-10,3.071,3.071,-0.5183025591188883
2013-10-11,3.124,3.124,1.7258222077499275
2013-10-14,3.158,3.158,1.0883482714468595
2013-10-15,3.168,3.168,0.31665611146296513
2013-10-16,3.068,3.068,-3.1565656565656575
2013-10-17,3.043,3.043,-0.8148631029986975
2013-10-18,3.077,3.077,1.1173184357541777
2013-10-21,3.162,3.162,2.7624309392265234
2013-10-22,3.127,3.127,-1.10689437065149
2013-10-23,3.04,3.04,-2.7822193795970507
2013-10-24,3.028,3.028,-0.39473684210525883
2013-10-25,2.937,2.937,-3.00528401585205
2013-10-28,2.931,2.931,-0.20429009193053682
2013-10-29,2.841,2.841,-3.070624360286589
2013-10-30,2.894,2.894,1.8655403027103112
2013-10-31,2.856,2.856,-1.3130615065653162
2013-11-01,2.844,2.844,-0.42016806722688926
2013-11-04,2.859,2.859,0.527426160337563
2013-11-05,2.903,2.903,1.5389996502273462
2013-11-06,2.878,2.878,-0.8611780916293443
2013-11-07,2.828,2.828,-1.737317581653941
2013-11-08,2.782,2.782,-1.6265912305516217
2013-11-11,2.794,2.794,0.43134435657801173
2013-11-12,2.819,2.819,0.8947745168217613
2013-11-13,2.766,2.766,-1.880099326002127
2013-11-14,2.803,2.803,1.3376717281272654
2013-11-15,2.872,2.872,2.4616482340349632
2013-11-18,2.947,2.947,2.6114206128133866
2013-11-19,2.962,2.962,0.5089921954530174
2013-11-20,2.996,2.996,1.1478730587440866
2013-11-21,2.984,2.984,-0.4005340453938633
2013-11-22,2.965,2.965,-0.636729222520116
2013-11-25,2.953,2.953,-0.4047217537942682
2013-11-26,2.965,2.965,0.406366407043679
2013-11-27,3.0,3.0,1.180438448566612
2013-11-28,3.034,3.034,1.1333333333333195
2013-11-29,3.049,3.049,0.49439683586025573
2013-12-02,2.903,2.903,-4.788455231223354
2013-12-03,2.975,2.975,2.4801929038925197
2013-12-04,3.037,3.037,2.0840336134453796
2013-12-05,3.037,3.037,0.0
2013-12-06,3.031,3.031,-0.19756338491931924
2013-12-09,3.053,3.053,0.7258330583965522
2013-12-10,3.053,3.053,0.0
2013-12-11,3.018,3.018,-1.1464133639043639
2013-12-12,3.025,3.025,0.23194168323392717
2013-12-13,3.031,3.031,0.19834710743802386
2013-12-16,2.972,2.972,-1.9465522929726253
2013-12-17,2.95,2.95,-0.7402422611036297
2013-12-18,2.944,2.944,-0.20338983050848247
2013-12-19,2.919,2.919,-0.8491847826086918
2013-12-20,2.875,2.875,-1.5073655361425131
2013-12-23,2.869,2.869,-0.20869565217390695
2013-12-24,2.887,2.887,0.6273963053328613
2013-12-25,2.928,2.928,1.4201593349497665
2013-12-26,2.869,2.869,-2.0150273224043613
2013-12-27,2.922,2.922,1.8473335657023249
2013-12-30,2.931,2.931,0.30800821355236874
2013-12-31,2.947,2.947,0.5458887751620622
2014-01-02,2.965,2.965,0.6107906345435898
2014-01-03,2.944,2.944,-0.7082630691399583
2014-01-06,2.85,2.85,-3.192934782608692
2014-01-07,2.863,2.863,0.45614035087719884
2014-01-08,2.866,2.866,0.10478519035976852
2014-01-09,2.835,2.835,-1.0816468946266644
2014-01-10,2.772,2.772,-2.2222222222222254
2014-01-13,2.757,2.757,-0.5411255411255311
2014-01-14,2.813,2.813,2.0311933260790838
2014-01-15,2.831,2.831,0.6398862424457752
2014-01-16,2.85,2.85,0.6711409395973256
2014-01-17,2.807,2.807,-1.5087719298245705
2014-01-20,2.785,2.785,-0.7837548984681031
2014-01-21,2.822,2.822,1.3285457809694812
2014-01-22,2.919,2.919,3.4372785258681704
2014-01-23,2.944,2.944,0.8564576909900534
2014-01-24,2.996,2.996,1.7663043478260976
2014-01-27,2.993,2.993,-0.10013351134846582
2014-01-28,2.987,2.987,-0.2004677581022296
2014-01-29,3.012,3.012,0.8369601606963428
2014-01-30,2.993,2.993,-0.6308100929614868
2014-02-07,3.059,3.059,2.2051453391246367
2014-02-10,3.158,3.158,3.2363517489375493
2014-02-11,3.168,3.168,0.31665611146296513
2014-02-12,3.205,3.205,1.1679292929292817
2014-02-13,3.152,3.152,-1.6536661466458602
2014-02-14,3.211,3.211,1.8718274111674926
2014-02-17,3.28,3.28,2.148863282466529
2014-02-18,3.271,3.271,-0.2743902439024337
2014-02-19,3.274,3.274,0.09171507184346783
2014-02-20,3.221,3.221,-1.6188149053146028
2014-02-21,3.199,3.199,-0.6830176963675938
2014-02-24,3.183,3.183,-0.5001562988433905
2014-02-25,3.059,3.059,-3.895695884385786
2014-02-26,3.077,3.077,0.588427590715912
2014-02-27,3.031,3.031,-1.4949626259343485
2014-02-28,3.068,3.068,1.220719234576051
2014-03-03,3.14,3.14,2.346805736636237
2014-03-04,3.137,3.137,-0.09554140127389088
2014-03-05,3.118,3.118,-0.6056742110296498
2014-03-06,3.115,3.115,-0.09621552277099266
2014-03-07,3.102,3.102,-0.4173354735152568
2014-03-10,2.972,2.972,-4.190844616376532
2014-03-11,2.975,2.975,0.10094212651412526
2014-03-12,2.975,2.975,0.0
2014-03-13,3.012,3.012,1.243697478991601
2014-03-14,2.99,2.99,-0.7304116865869736
2014-03-17,3.065,3.065,2.508361204013365
2014-03-18,3.084,3.084,0.6199021207177857
2014-03-19,3.071,3.071,-0.42153047989623715
2014-03-20,2.984,2.984,-2.8329534353630836
2014-03-21,3.046,3.046,2.0777479892761352
2014-03-24,3.077,3.077,1.0177281680892936
2014-03-25,3.077,3.077,0.0
2014-03-26,3.09,3.09,0.422489437764062
2014-03-27,3.043,3.043,-1.521035598705489
2014-03-28,2.968,2.968,-2.4646730200460154
2014-03-31,2.95,2.95,-0.6064690026954089
2014-04-01,3.003,3.003,1.7966101694915304
2014-04-02,3.006,3.006,0.09990009990008542
2014-04-03,3.0,3.0,-0.19960079840318778
2014-04-04,3.034,3.034,1.1333333333333195
2014-04-08,3.074,3.074,1.318391562294008
2014-04-09,3.105,3.105,1.008458035133386
2014-04-10,3.121,3.121,0.5152979066022523
2014-04-11,3.105,3.105,-0.5126561999359236
2014-04-14,3.134,3.134,0.9339774557165725
2014-04-15,3.109,3.109,-0.7977026164645795
2014-04-16,3.105,3.105,-0.1286587327114841
2014-04-17,3.102,3.102,-0.09661835748792091
2014-04-18,3.118,3.118,0.5157962604771082
2014-04-21,3.059,3.059,-1.8922386144964665
2014-04-22,3.04,3.04,-0.6211180124223614
2014-04-23,3.025,3.025,-0.49342105263158187
2014-04-24,2.99,2.99,-1.157024793388417
2014-04-25,2.916,2.916,-2.47491638795988
2014-04-28,2.816,2.816,-3.429355281207136
2014-04-29,2.859,2.859,1.5269886363636465
2014-04-30,2.884,2.884,0.8744316194473578
2014-05-05,2.912,2.912,0.9708737864077666
2014-05-06,2.925,2.925,0.44642857142855874
2014-05-07,2.872,2.872,-1.81196581196581
2014-05-08,2.875,2.875,0.10445682451254434
2014-05-09,2.844,2.844,-1.0782608695652174
2014-05-12,2.928,2.928,2.9535864978903037
2014-05-13,2.922,2.922,-0.2049180327868827
2014-05-14,2.912,2.912,-0.3422313483915196
2014-05-15,2.859,2.859,-1.8200549450549386
2014-05-16,2.853,2.853,-0.20986358866735833
2014-05-19,2.828,2.828,-0.8762705923589298
2014-05-20,2.844,2.844,0.5657708628005631
2014-05-21,2.872,2.872,0.9845288326300938
2014-05-22,2.872,2.872,0.0
2014-05-23,2.912,2.912,1.392757660167132
2014-05-26,2.947,2.947,1.2019230769230838
2014-05-27,2.934,2.934,-0.44112656939260253
2014-05-28,2.975,2.975,1.3974096796182556
2014-05-29,2.937,2.937,-1.2773109243697567
2014-05-30,2.947,2.947,0.3404834865509132
2014-06-03,2.937,2.937,-0.3393281303020079
2014-06-04,2.912,2.912,-0.8512087163772497
2014-06-05,2.95,2.95,1.3049450549450725
2014-06-06,2.94,2.94,-0.3389830508474634
2014-06-09,2.916,2.916,-0.8163265306122436
2014-06-10,2.959,2.959,1.4746227709190762
2014-06-11,2.975,2.975,0.5407232173031407
2014-06-12,2.968,2.968,-0.23529411764706687
2014-06-13,3.006,3.006,1.2803234501347571
2014-06-16,3.021,3.021,0.4990019960079861
2014-06-17,2.993,2.993,-0.9268454154253591
2014-06-18,2.978,2.978,-0.5011693952555851
2014-06-19,2.884,2.884,-3.156480859637345
2014-06-20,2.916,2.916,1.109570041608876
2014-06-23,2.94,2.94,0.8230452674897082
2014-06-24,2.962,2.962,0.7482993197279075
2014-06-25,2.944,2.944,-0.6076975016880537
2014-06-26,2.987,2.987,1.4605978260869623
2014-06-27,3.006,3.006,0.6360897221292072
2014-06-30,3.04,3.04,1.1310711909514382
2014-07-01,3.065,3.065,0.8223684210526327
2014-07-02,3.09,3.09,0.815660685154973
2014-07-03,3.124,3.124,1.1003236245954673
2014-07-04,3.115,3.115,-0.28809218950063276
2014-07-07,3.121,3.121,0.19261637239165186
2014-07-08,3.146,3.146,0.8010253123998723
2014-07-09,3.093,3.093,-1.684678957406227
2014-07-10,3.09,3.09,-0.09699321047527132
2014-07-11,3.137,3.137,1.5210355987055113
2014-07-14,3.186,3.186,1.5620019126554086
2014-07-15,3.193,3.193,0.2197112366604026
2014-07-16,3.165,3.165,-0.8769182586908841
2014-07-17,3.14,3.14,-0.7898894154818259
2014-07-18,3.146,3.146,0.19108280254775956
2014-07-21,3.137,3.137,-0.28607755880483143
2014-07-22,3.186,3.186,1.5620019126554086
2014-07-23,3.162,3.162,-0.7532956685499026
2014-07-24,3.158,3.158,-0.12650221378873727
2014-07-25,3.19,3.19,1.0132995566814351
2014-07-28,3.252,3.252,1.9435736677115845
2014-07-29,3.286,3.286,1.045510455104548
2014-07-30,3.292,3.292,0.1825928180158254
2014-07-31,3.336,3.336,1.3365735115431265
2014-08-01,3.302,3.302,-1.0191846522781711
2014-08-04,3.352,3.352,1.51423379769835
2014-08-05,3.367,3.367,0.4474940334128874
2014-08-06,3.395,3.395,0.8316008316008316
2014-08-07,3.361,3.361,-1.00147275405007
2014-08-08,3.38,3.38,0.5653079440642639
2014-08-11,3.439,3.439,1.7455621301775137
2014-08-12,3.461,3.461,0.6397208490840356
2014-08-13,3.461,3.461,0.0
2014-08-14,3.436,3.436,-0.7223345853799468
2014-08-15,3.482,3.482,1.3387660069848817
2014-08-18,3.538,3.538,1.608271108558279
2014-08-19,3.548,3.548,0.2826455624646673
2014-08-20,3.548,3.548,0.0
2014-08-21,3.542,3.542,-0.16910935738444488
2014-08-22,3.566,3.566,0.6775832862789377
2014-08-25,3.535,3.535,-0.8693213684800805
2014-08-26,3.473,3.473,-1.7538896746817634
2014-08-27,3.476,3.476,0.08638065073423018
2014-08-28,3.442,3.442,-0.9781357882623687
2014-08-29,3.489,3.489,1.3654851830331216
2014-09-01,3.554,3.554,1.8629979936944707
2014-09-02,3.616,3.616,1.7445132245357486
2014-09-03,3.647,3.647,0.8573008849557473
2014-09-04,3.675,3.675,0.7677543186180413
2014-09-05,3.694,3.694,0.5170068027210872
2014-09-09,3.725,3.725,0.839198700595567
2014-09-10,3.732,3.732,0.18791946308724938
2014-09-11,3.725,3.725,-0.187566988210075
2014-09-12,3.775,3.775,1.342281879194629
2014-09-15,3.812,3.812,0.9801324503311282
2014-09-16,3.675,3.675,-3.5939139559286515
2014-09-17,3.71,3.71,0.952380952380949
2014-09-18,3.738,3.738,0.7547169811320753
2014-09-19,3.775,3.775,0.9898341359015461
2014-09-22,3.716,3.716,-1.5629139072847575
2014-09-23,3.772,3.772,1.5069967707211918
2014-09-24,3.828,3.828,1.4846235418875864
2014-09-25,3.822,3.822,-0.15673981191222097
2014-09-26,3.837,3.837,0.392464678178972
2014-09-29,3.884,3.884,1.2249152984102007
2014-09-30,3.912,3.912,0.720906282183309
2014-10-08,3.987,3.987,1.917177914110435
2014-10-09,3.99,3.99,0.07524454477050302
2014-10-10,3.968,3.968,-0.5513784461152915
2014-10-13,3.971,3.971,0.07560483870967527
2014-10-14,3.953,3.953,-0.45328632586251194
2014-10-15,3.971,3.971,0.4553503668100145
2014-10-16,3.906,3.906,-1.6368672878368185
2014-10-17,3.862,3.862,-1.126472094214026
2014-10-20,3.921,3.921,1.5277058518902153
2014-10-21,3.881,3.881,-1.0201479214486109
2014-10-22,3.828,3.828,-1.3656274156145343
2014-10-23,3.775,3.775,-1.384535005224663
2014-10-24,3.788,3.788,0.34437086092715674
2014-10-27,3.819,3.819,0.8183738120380202
2014-10-28,3.918,3.918,2.5923016496465
2014-10-29,3.984,3.984,1.6845329249617125
2014-10-30,3.974,3.974,-0.25100401606424905
2014-10-31,3.978,3.978,0.10065425264218497
2014-11-03,4.012,4.012,0.8547008547008295
2014-11-04,3.987,3.987,-0.6231306081754595
2014-11-05,3.981,3.981,-0.15048908954101714
2014-11-06,4.012,4.012,0.7786988193920985
2014-11-07,3.965,3.965,-1.1714855433698879
2014-11-10,4.012,4.012,1.1853720050441385
2014-11-11,3.878,3.878,-3.3399800598205243
2014-11-12,3.95,3.95,1.8566271273852575
2014-11-13,3.915,3.915,-0.8860759493670933
2014-11-14,3.903,3.903,-0.30651340996168397
2014-11-17,3.95,3.95,1.2042018959774525
2014-11-18,3.946,3.946,-0.10126582278481289
2014-11-19,3.968,3.968,0.5575266092245235
2014-11-20,3.962,3.962,-0.15120967741935054
2014-11-21,4.012,4.012,1.261988894497712
2014-11-24,4.083,4.083,1.7696909272183703
2014-11-25,4.149,4.149,1.6164584864070575
2014-11-26,4.164,4.164,0.3615328994938549
2014-11-27,4.202,4.202,0.9125840537944407
2014-11-28,4.186,4.186,-0.38077106139933203
2014-12-01,4.164,4.164,-0.5255613951266169
2014-12-02,4.224,4.224,1.4409221902017322
2014-12-03,4.283,4.283,1.3967803030302983
2014-12-04,4.376,4.376,2.1713752042960444
2014-12-05,4.28,4.28,-2.1937842778793404
2014-12-08,4.342,4.342,1.4485981308411056
2014-12-09,4.149,4.149,-4.444956241363418
2014-12-10,4.326,4.326,4.266088214027475
2014-12-11,4.386,4.386,1.3869625520111173
2014-12-12,4.414,4.414,0.6383948928408545
2014-12-15,4.491,4.491,1.7444494789306653
2014-12-16,4.501,4.501,0.22266755733690857
2014-12-17,4.463,4.463,-0.84425683181516
2014-12-18,4.476,4.476,0.2912838897602521
2014-12-19,4.432,4.432,-0.9830205540661163
2014-12-22,4.249,4.249,-4.1290613718411695
2014-12-23,4.146,4.146,-2.424099788185452
2014-12-24,4.205,4.205,1.4230583695127974
2014-12-25,4.295,4.295,2.1403091557669507
2014-12-26,4.342,4.342,1.094295692665881
2014-12-29,4.27,4.27,-1.6582220175034523
2014-12-30,4.189,4.189,-1.896955503512865
2014-12-31,4.249,4.249,1.432322750059667
2015-01-05,4.323,4.323,1.7415862555895778
2015-01-06,4.395,4.395,1.66551006245661
2015-01-07,4.398,4.398,0.06825938566552558
2015-01-08,4.354,4.354,-1.0004547521600626
2015-01-09,4.329,4.329,-0.5741846577859477
2015-01-12,4.261,4.261,-1.570801570801561
2015-01-13,4.326,4.326,1.5254635062191824
2015-01-14,4.308,4.308,-0.4160887656033285
2015-01-15,4.386,4.386,1.8105849582172873
2015-01-16,4.429,4.429,0.9803921568627416
2015-01-19,4.22,4.22,-4.718898171144737
2015-01-20,4.382,4.382,3.838862559241707
2015-01-21,4.501,4.501,2.715654952076685
2015-01-22,4.582,4.582,1.7996000888691244
2015-01-23,4.535,4.535,-1.0257529463116533
2015-01-26,4.641,4.641,2.3373759647188574
2015-01-27,4.653,4.653,0.25856496444731647
2015-01-28,4.628,4.628,-0.5372877713303081
2015-01-29,4.597,4.597,-0.6698357821953271
2015-01-30,4.538,4.538,-1.2834457254731424
2015-02-02,4.516,4.516,-0.4847950639048082
2015-02-03,4.607,4.607,2.01505757307352
2015-02-04,4.582,4.582,-0.5426524853483938
2015-02-05,4.547,4.547,-0.7638585770405992
2015-02-06,4.451,4.451,-2.111282164064221
2015-02-09,4.423,4.423,-0.6290721186250181
2015-02-10,4.482,4.482,1.3339362423694379
2015-02-11,4.535,4.535,1.182507809013833
2015-02-12,4.576,4.576,0.9040793825799254
2015-02-13,4.653,4.653,1.6826923076923128
2015-02-16,4.753,4.753,2.149151085321299
2015-02-17,4.778,4.778,0.5259835893119957
2015-02-25,4.766,4.766,-0.2511511092507246
2015-02-26,4.828,4.828,1.3008812421317684
2015-02-27,4.881,4.881,1.097763048881517
2015-03-02,4.993,4.993,2.294611759885279
2015-03-03,4.955,4.955,-0.761065491688373
2015-03-04,5.058,5.058,2.078708375378402
2015-03-05,5.046,5.046,-0.23724792408065243
2015-03-06,4.968,4.968,-1.5457788347205792
2015-03-09,5.058,5.058,1.8115942028985588
2015-03-10,5.089,5.089,0.6128904705417382
2015-03-11,5.086,5.086,-0.05895067793280084
2015-03-12,5.08,5.08,-0.11797090051121062
2015-03-13,5.149,5.149,1.3582677165354218
2015-03-16,5.326,5.326,3.4375606913963797
2015-03-17,5.404,5.404,1.4645137063462377
2015-03-18,5.494,5.494,1.6654330125832617
2015-03-19,5.553,5.553,1.0738987986894877
2015-03-20,5.606,5.606,0.9544390419593096
2015-03-23,5.837,5.837,4.120585087406359
2015-03-24,5.781,5.781,-0.9593969504882671
2015-03-25,5.837,5.837,0.968690537969219
2015-03-26,5.787,5.787,-0.8566044200787992
2015-03-27,5.887,5.887,1.7280110592707842
2015-03-30,5.996,5.996,1.8515372855444356
2015-03-31,5.971,5.971,-0.4169446297531798
2015-04-01,6.136,6.136,2.7633562217384
2015-04-02,6.251,6.251,1.8741851368970108
2015-04-03,6.351,6.351,1.5997440409534436
2015-04-07,6.522,6.522,2.6924893717524823
2015-04-08,6.422,6.422,-1.5332720024532454
2015-04-09,6.388,6.388,-0.5294300840859467
2015-04-10,6.597,6.597,3.2717595491546625
2015-04-15,6.437,6.437,-2.4253448537213895
2015-04-16,6.497,6.497,0.9321112319403468
2015-04-17,6.544,6.544,0.7234108049869015
2015-04-20,6.439,6.439,-1.6045232273838583
2015-04-21,6.683,6.683,3.7894082932132367
2015-04-22,6.901,6.901,3.2620080802034934
2015-04-23,6.947,6.947,0.6665700623098125
2015-04-24,6.973,6.973,0.37426227148409374
2015-04-27,7.053,7.053,1.1472823748745142
2015-04-28,6.83,6.83,-3.1617751311498687
2015-04-29,6.988,6.988,2.3133235724743795
2015-04-30,7.035,7.035,0.6725815684029746
2015-05-04,7.085,7.085,0.7107320540156392
2015-05-05,6.805,6.805,-3.952011291460833
2015-05-06,6.682,6.682,-1.807494489346062
2015-05-07,6.534,6.534,-2.2149057168512454
2015-05-08,6.84,6.84,4.683195592286493
2015-05-11,7.219,7.219,5.540935672514635
2015-05-12,7.308,7.308,1.232857736528592
2015-05-13,7.379,7.379,0.9715380405035612
2015-05-14,7.348,7.348,-0.42011112616885393
2015-05-15,7.305,7.305,-0.5851932498639134
2015-05-18,7.45,7.45,1.9849418206707714
2015-05-19,7.649,7.649,2.671140939597305
2015-05-20,7.786,7.786,1.7910838018041497
2015-05-21,8.157,8.157,4.764962753660429
2015-05-22,8.273,8.273,1.422091455191854
2015-05-25,8.43,8.43,1.8977396349570963
2015-05-26,8.781,8.781,4.163701067615677
2015-05-27,8.882,8.882,1.1502106821546398
2015-05-28,8.283,8.283,-6.743976581850941
2015-05-29,8.46,8.46,2.136906917783432
2015-06-01,9.021,9.021,6.631205673758855
2015-06-02,9.271,9.271,2.7713113845471593
2015-06-03,9.205,9.205,-0.7118973142055895
2015-06-04,9.224,9.224,0.20640956002173638
2015-06-05,9.449,9.449,2.439288811795315
2015-06-08,9.251,9.251,-2.0954598370197974
2015-06-09,9.306,9.306,0.5945303210463715
2015-06-10,9.468,9.468,1.740812379110257
2015-06-11,9.651,9.651,1.9328263624841524
2015-06-12,9.826,9.826,1.8132835975546602
2015-06-15,9.594,9.594,-2.3610828414410867
2015-06-16,9.202,9.202,-4.085887012716272
2015-06-17,9.416,9.416,2.3255813953488413
2015-06-18,9.079,9.079,-3.5790144435004168
2015-06-19,8.465,8.465,-6.762859345742934
2015-06-23,8.463,8.463,-0.023626698168943694
2015-06-24,8.602,8.602,1.642443577927466
2015-06-25,8.322,8.322,-3.255056963496872
2015-06-26,7.45,7.45,-10.478250420571966
2015-06-29,6.992,6.992,-6.147651006711408
2015-06-30,7.552,7.552,8.00915331807779
2015-07-01,6.912,6.912,-8.47457627118644
2015-07-02,6.596,6.596,-4.571759259259256
2015-07-03,6.08,6.08,-7.822922983626446
2015-07-06,6.08,6.08,0.0
2015-07-07,5.575,5.575,-8.305921052631582
2015-07-08,4.979,4.979,-10.69058295964126
2015-07-09,5.516,5.516,10.785298252661168
2015-07-10,6.106,6.106,10.696156635242925
2015-07-13,6.755,6.755,10.628889616770397
2015-07-14,6.496,6.496,-3.834196891191699
2015-07-15,5.899,5.899,-9.190270935960598
2015-07-16,6.238,6.238,5.746736735039848
2015-07-17,6.663,6.663,6.813081115742214
2015-07-20,6.695,6.695,0.48026414527990724
2015-07-21,6.81,6.81,1.7176997759521972
2015-07-22,6.907,6.907,1.4243759177679838
2015-07-23,7.164,7.164,3.720862892717536
2015-07-24,7.007,7.007,-2.191513121161359
2015-07-27,6.359,6.359,-9.24789496218067
2015-07-28,6.335,6.335,-0.37741783299261034
2015-07-29,6.725,6.725,6.156274664561945
2015-07-30,6.468,6.468,-3.8215613382899583
2015-07-31,6.393,6.393,-1.1595547309833032
2015-08-03,6.165,6.165,-3.566400750821208
2015-08-04,6.646,6.646,7.802108678021091
2015-08-05,6.5,6.5,-2.196810111345171
2015-08-06,6.458,6.458,-0.6461538461538407
2015-08-07,6.686,6.686,3.530504800247747
2015-08-10,7.081,7.081,5.907867185163029
2015-08-11,7.055,7.055,-0.36717977686768766
2015-08-12,6.933,6.933,-1.7292700212615197
2015-08-13,7.112,7.112,2.5818548968700394
2015-08-14,7.184,7.184,1.012373453318327
2015-08-17,7.399,7.399,2.9927616926503253
2015-08-18,6.734,6.734,-8.987701040681173
2015-08-19,6.974,6.974,3.5640035640035705
2015-08-20,6.686,6.686,-4.129624318898772
2015-08-21,6.332,6.332,-5.294645527968889
2015-08-24,5.66,5.66,-10.612760581174985
2015-08-25,5.055,5.055,-10.689045936395768
2015-08-26,5.055,5.055,0.0
2015-08-27,5.286,5.286,4.569732937685456
2015-08-28,5.627,5.627,6.451002648505488
2015-08-31,5.392,5.392,-4.176292873644916
2015-09-01,4.994,4.994,-7.381305637982205
2015-09-02,4.859,4.859,-2.7032438926712032
2015-09-07,4.987,4.987,2.6342868903066474
2015-09-08,5.282,5.282,5.915379987968716
2015-09-09,5.445,5.445,3.0859522907989545
2015-09-10,5.294,5.294,-2.7731864095500547
2015-09-11,5.337,5.337,0.8122402720060373
2015-09-14,4.848,4.848,-9.162450815064638
2015-09-15,4.588,4.588,-5.3630363036303645
2015-09-16,5.016,5.016,9.328683522231906
2015-09-17,4.888,4.888,-2.551834130781505
2015-09-18,4.959,4.959,1.4525368248772486
2015-09-21,5.193,5.193,4.7186932849364815
2015-09-22,5.169,5.169,-0.46216060080878085
2015-09-23,5.087,5.087,-1.586380344360605
2015-09-24,5.163,5.163,1.4940043247493762
2015-09-25,4.954,4.954,-4.04803408870813
2015-09-28,5.104,5.104,3.0278562777553475
2015-09-29,5.046,5.046,-1.1363636363636354
2015-09-30,5.051,5.051,0.09908838684105081
2015-10-08,5.276,5.276,4.4545634527816125
2015-10-09,5.343,5.343,1.2699014404852216
2015-10-12,5.59,5.59,4.622871046228716
2015-10-13,5.644,5.644,0.9660107334525936
2015-10-14,5.593,5.593,-0.9036144578313254
2015-10-15,5.816,5.816,3.9871267655998466
2015-10-16,5.879,5.879,1.0832187070151322
2015-10-19,5.915,5.915,0.6123490389522201
2015-10-20,5.977,5.977,1.0481825866441197
2015-10-21,5.607,5.607,-6.190396519993313
2015-10-22,5.819,5.819,3.7809880506509685
2015-10-23,5.984,5.984,2.835538752362954
2015-10-26,5.981,5.981,-0.050133689839571005
2015-10-27,6.038,6.038,0.953017889984964
2015-10-28,5.859,5.859,-2.9645578005962236
2015-10-29,5.929,5.929,1.194743130227005
2015-10-30,5.923,5.923,-0.10119750379491421
2015-11-02,5.796,5.796,-2.1441836906972767
2015-11-03,5.766,5.766,-0.5175983436852993
2015-11-04,6.17,6.17,7.00659035726674
2015-11-05,6.15,6.15,-0.32414910858994395
2015-11-06,6.31,6.31,2.60162601626015
2015-11-09,6.389,6.389,1.2519809825673578
2015-11-10,6.393,6.393,0.06260760682421651
2015-11-11,6.527,6.527,2.0960425465352817
2015-11-12,6.548,6.548,0.3217404626934206
2015-11-13,6.406,6.406,-2.168601099572398
2015-11-16,6.577,6.577,2.6693724633156446
2015-11-17,6.464,6.464,-1.7181085601337909
2015-11-18,6.359,6.359,-1.6243811881188175
2015-11-19,6.577,6.577,3.428211983016194
2015-11-20,6.637,6.637,0.9122700319294408
2015-11-23,6.561,6.561,-1.145095675757113
2015-11-24,6.644,6.644,1.2650510592897346
2015-11-25,6.741,6.741,1.459963877182413
2015-11-26,6.676,6.676,-0.964248627800024
2015-11-27,6.253,6.253,-6.3361294188136625
2015-11-30,6.247,6.247,-0.09595394210779595
2015-12-01,6.291,6.291,0.7043380822794987
2015-12-02,6.293,6.293,0.031791448100459974
2015-12-03,6.408,6.408,1.8274273001747998
2015-12-04,6.321,6.321,-1.3576779026217345
2015-12-07,6.433,6.433,1.7718715393133966
2015-12-08,6.269,6.269,-2.5493548888543383
2015-12-09,6.217,6.217,-0.8294783857074606
2015-12-10,6.193,6.193,-0.38603828212964153
2015-12-11,6.149,6.149,-0.7104795737122527
2015-12-14,6.294,6.294,2.358107009269794
2015-12-15,6.314,6.314,0.3177629488401834
2015-12-16,6.369,6.369,0.8710801393728262
2015-12-17,6.564,6.564,3.061705134243997
2015-12-18,6.519,6.519,-0.6855575868372932
2015-12-21,6.616,6.616,1.4879582758091647
2015-12-22,6.678,6.678,0.9371221281741171
2015-12-23,6.585,6.585,-1.392632524707993
2015-12-24,6.587,6.587,0.030372057706906652
2015-12-25,6.617,6.617,0.4554425383330951
2015-12-28,6.449,6.449,-2.5389149161251345
2015-12-29,6.521,6.521,1.1164521631260582
2015-12-30,6.575,6.575,0.8280938506364022
2015-12-31,6.454,6.454,-1.8403041825095112
2016-01-04,5.88,5.88,-8.893709327548805
2016-01-05,5.829,5.829,-0.867346938775515
2016-01-06,5.96,5.96,2.2473837708011812
2016-01-07,5.392,5.392,-9.530201342281874
2016-01-08,5.507,5.507,2.1327893175073998
2016-01-11,5.128,5.128,-6.882149990920638
2016-01-12,5.119,5.119,-0.17550702028081844
2016-01-13,4.948,4.948,-3.3404961906622233
2016-01-14,5.127,5.127,3.6176232821341747
2016-01-15,4.915,4.915,-4.134971718353809
2016-01-18,4.991,4.991,1.54628687690741
2016-01-19,5.163,5.163,3.4462031656982584
2016-01-20,5.117,5.117,-0.8909548711989235
2016-01-21,4.928,4.928,-3.69357045143639
2016-01-22,4.998,4.998,1.4204545454545414
2016-01-25,5.038,5.038,0.800320128051224
2016-01-26,4.704,4.704,-6.629614926558169
2016-01-27,4.579,4.579,-2.6573129251700633
2016-01-28,4.371,4.371,-4.542476523258343
2016-01-29,4.538,4.538,3.8206360100663472
2016-02-01,4.483,4.483,-1.211987659762026
2016-02-02,4.655,4.655,3.8367164844969937
2016-02-03,4.681,4.681,0.5585392051557392
2016-02-04,4.766,4.766,1.8158513138218257
2016-02-05,4.73,4.73,-0.7553503986571508
2016-02-15,4.738,4.738,0.16913319238900382
2016-02-16,4.949,4.949,4.45335584634865
2016-02-17,5.001,5.001,1.0507173166296235
2016-02-18,4.975,4.975,-0.5198960207958514
2016-02-19,4.996,4.996,0.42211055276384357
2016-02-22,5.115,5.115,2.3819055244195253
2016-02-23,5.088,5.088,-0.5278592375366542
2016-02-24,5.114,5.114,0.5110062893081802
2016-02-25,4.665,4.665,-8.779820101681658
2016-02-26,4.711,4.711,0.9860664523043905
2016-02-29,4.395,4.395,-6.707705370409689
2016-03-01,4.537,4.537,3.2309442548350553
2016-03-02,4.806,4.806,5.92902799206525
2016-03-03,4.801,4.801,-0.10403662089054633
2016-03-04,4.648,4.648,-3.186836075817545
2016-03-07,4.79,4.79,3.0550774526678204
2016-03-08,4.822,4.822,0.6680584551148172
2016-03-09,4.677,4.677,-3.0070510161758657
2016-03-10,4.586,4.586,-1.9456916827025772
2016-03-11,4.585,4.585,-0.02180549498473905
2016-03-14,4.774,4.774,4.122137404580162
2016-03-15,4.705,4.705,-1.4453288646837037
2016-03-16,4.649,4.649,-1.1902231668437846
2016-03-17,4.814,4.814,3.5491503549150316
2016-03-18,5.021,5.021,4.29995845450768
2016-03-21,5.131,5.131,2.190798645688119
2016-03-22,5.105,5.105,-0.5067238355096482
2016-03-23,5.158,5.158,1.0381978452497442
2016-03-24,5.047,5.047,-2.1519968980225013
2016-03-25,5.116,5.116,1.36714880126807
2016-03-28,5.069,5.069,-0.9186864738076617
2016-03-29,4.975,4.975,-1.8544091536792373
2016-03-30,5.233,5.233,5.185929648241205
2016-03-31,5.188,5.188,-0.8599273839097976
2016-04-01,5.17,5.17,-0.3469545104086369
2016-04-05,5.298,5.298,2.475822050290133
2016-04-06,5.333,5.333,0.6606266515666315
2016-04-07,5.263,5.263,-1.3125820363772744
2016-04-08,5.212,5.212,-0.9690290708721294
2016-04-11,5.312,5.312,1.9186492709132974
2016-04-12,5.285,5.285,-0.5082831325301185
2016-04-13,5.375,5.375,1.7029328287606393
2016-04-14,5.413,5.413,0.7069767441860497
2016-04-15,5.406,5.406,-0.1293183077775817
2016-04-18,5.306,5.306,-1.8497965223825297
2016-04-19,5.317,5.317,0.20731247644176776
2016-04-20,5.065,5.065,-4.739514763964636
2016-04-21,5.021,5.021,-0.8687068114511476
2016-04-22,5.054,5.054,0.657239593706449
2016-04-25,5.027,5.027,-0.5342303126236625
2016-04-26,5.097,5.097,1.3924806047344473
2016-04-27,5.069,5.069,-0.549342750637638
2016-04-28,5.025,5.025,-0.8680213059775066
2016-04-29,5.033,5.033,0.1592039800994982
2016-05-03,5.207,5.207,3.45718259487382
2016-05-04,5.207,5.207,0.0
2016-05-05,5.246,5.246,0.7489917418859404
2016-05-06,5.024,5.024,-4.231795653831494
2016-05-09,4.827,4.827,-3.92117834394905
2016-05-10,4.81,4.81,-0.35218562253989116
2016-05-11,4.801,4.801,-0.18711018711017324
2016-05-12,4.802,4.802,0.020828993959587372
2016-05-13,4.785,4.785,-0.35401915868387146
2016-05-16,4.878,4.878,1.9435736677116067
2016-05-17,4.87,4.87,-0.16400164001639794
2016-05-18,4.725,4.725,-2.977412731006168
2016-05-19,4.751,4.751,0.5502645502645676
2016-05-20,4.82,4.82,1.4523258261418537
2016-05-23,4.877,4.877,1.1825726141078796
2016-05-24,4.828,4.828,-1.0047160139429856
2016-05-25,4.796,4.796,-0.6628003314001707
2016-05-26,4.822,4.822,0.5421184320266947
2016-05-27,4.826,4.826,0.08295313148070083
2016-05-30,4.802,4.802,-0.4973062577704135
2016-05-31,5.031,5.031,4.768846314035824
2016-06-01,5.033,5.033,0.03975352812564115
2016-06-02,5.077,5.077,0.874230081462346
2016-06-03,5.11,5.11,0.6499901516643813
2016-06-06,5.124,5.124,0.2739726027397138
2016-06-07,5.118,5.118,-0.11709601873535203
2016-06-08,5.103,5.103,-0.2930832356389357
2016-06-13,4.838,4.838,-5.193023711542222
2016-06-14,4.862,4.862,0.4960727573377399
2016-06-15,5.03,5.03,3.455368161250516
2016-06-16,5.009,5.009,-0.4174950298210689
2016-06-17,5.051,5.051,0.8384907167099165
2016-06-20,5.058,5.058,0.13858641853097264
2016-06-21,4.993,4.993,-1.2850929221035923
2016-06-22,5.096,5.096,2.062888043260558
2016-06-23,5.065,5.065,-0.6083202511773855
2016-06-24,4.986,4.986,-1.5597235932872766
2016-06-27,5.14,5.14,3.08864821500201
2016-06-28,5.192,5.192,1.0116731517509914
2016-06-29,5.193,5.193,0.019260400616327722
2016-06-30,5.196,5.196,0.057770075101104545
2016-07-01,5.188,5.188,-0.15396458814472824
2016-07-04,5.299,5.299,2.139552814186607
2016-07-05,5.328,5.328,0.5472730703906414
2016-07-06,5.362,5.362,0.6381381381381335
2016-07-07,5.385,5.385,0.4289444237224771
2016-07-08,5.362,5.362,-0.4271123491179196
2016-07-11,5.377,5.377,0.2797463632972619
2016-07-12,5.449,5.449,1.3390366375302332
2016-07-13,5.49,5.49,0.7524316388328289
2016-07-14,5.51,5.51,0.36429872495444826
2016-07-15,5.496,5.496,-0.2540834845734863
2016-07-18,5.473,5.473,-0.41848617176128977
2016-07-19,5.471,5.471,-0.036543029417135386
2016-07-20,5.461,5.461,-0.18278194114420554
2016-07-21,5.489,5.489,0.512726606848557
2016-07-22,5.452,5.452,-0.6740754235744162
2016-07-25,5.461,5.461,0.16507703595012302
2016-07-26,5.544,5.544,1.5198681560153693
2016-07-27,5.282,5.282,-4.725829725829723
2016-07-28,5.309,5.309,0.5111700113593409
2016-07-29,5.269,5.269,-0.7534375588623132
2016-08-01,5.184,5.184,-1.6132093376352241
2016-08-02,5.238,5.238,1.041666666666674
2016-08-03,5.257,5.257,0.3627338678884984
2016-08-04,5.291,5.291,0.6467567053452639
2016-08-05,5.273,5.273,-0.3402003402003584
2016-08-08,5.351,5.351,1.4792338327327847
2016-08-09,5.409,5.409,1.0839095496169016
2016-08-10,5.38,5.38,-0.5361434645960395
2016-08-11,5.285,5.285,-1.7657992565055736
2016-08-12,5.365,5.365,1.5137180700094621
2016-08-15,5.485,5.485,2.236719478098781
2016-08-16,5.512,5.512,0.492251595259785
2016-08-17,5.526,5.526,0.2539912917271403
2016-08-18,5.528,5.528,0.03619254433586683
2016-08-19,5.529,5.529,0.018089725036185555
2016-08-22,5.463,5.463,-1.1937059142702044
2016-08-23,5.477,5.477,0.25626944902068516
2016-08-24,5.481,5.481,0.07303268212524028
2016-08-25,5.441,5.441,-0.7297938332421094
2016-08-26,5.47,5.47,0.5329902591435287
2016-08-29,5.481,5.481,0.2010968921389411
2016-08-30,5.477,5.477,-0.07297938332420095
2016-08-31,5.487,5.487,0.182581705313134
2016-09-01,5.432,5.432,-1.0023692363768877
2016-09-02,5.404,5.404,-0.5154639175257825
2016-09-05,5.445,5.445,0.7586972612879439
2016-09-06,5.55,5.55,1.928374655647369
2016-09-07,5.536,5.536,-0.2522522522522608
2016-09-08,5.569,5.569,0.5960982658959502
2016-09-09,5.511,5.511,-1.0414796193212394
2016-09-12,5.35,5.35,-2.9214298675376615
2016-09-13,5.375,5.375,0.4672897196261738
2016-09-14,5.338,5.338,-0.6883720930232595
2016-09-19,5.408,5.408,1.3113525665043202
2016-09-20,5.397,5.397,-0.2034023668639029
2016-09-21,5.413,5.413,0.29646099685010086
2016-09-22,5.445,5.445,0.591169406983183
2016-09-23,5.435,5.435,-0.18365472910928382
2016-09-26,5.324,5.324,-2.04231830726771
2016-09-27,5.356,5.356,0.6010518407212562
2016-09-28,5.349,5.349,-0.1306945481702737
2016-09-29,5.379,5.379,0.5608524957935845
2016-09-30,5.403,5.403,0.4461795872838792
2016-10-10,5.514,5.514,2.054414214325395
2016-10-11,5.532,5.532,0.32644178454841466
2016-10-12,5.528,5.528,-0.0723065798987843
2016-10-13,5.535,5.535,0.12662807525327668
2016-10-14,5.523,5.523,-0.21680216802169028
2016-10-17,5.478,5.478,-0.8147745790331284
2016-10-18,5.565,5.565,1.5881708652793147
2016-10-19,5.539,5.539,-0.46720575022463073
2016-10-20,5.543,5.543,0.07221520129987447
2016-10-21,5.534,5.534,-0.16236694930543694
2016-10-24,5.58,5.58,0.8312251535959492
2016-10-25,5.602,5.602,0.3942652329749219
2016-10-26,5.577,5.577,-0.4462691895751547
2016-10-27,5.565,5.565,-0.2151694459386677
2016-10-28,5.52,5.52,-0.8086253369272378
2016-10-31,5.499,5.499,-0.38043478260869623
2016-11-01,5.561,5.561,1.1274777232224142
2016-11-02,5.502,5.502,-1.0609602589462308
2016-11-03,5.53,5.53,0.5089058524173184
2016-11-04,5.512,5.512,-0.32549728752261364
2016-11-07,5.516,5.516,0.07256894049347817
2016-11-08,5.556,5.556,0.7251631617113841
2016-11-09,5.501,5.501,-0.989920806335487
2016-11-10,5.588,5.588,1.5815306307944033
2016-11-11,5.635,5.635,0.8410880458124437
2016-11-14,5.647,5.647,0.21295474711624518
2016-11-15,5.669,5.669,0.38958739153531763
2016-11-16,5.675,5.675,0.10583877227023919
2016-11-17,5.676,5.676,0.01762114537444681
2016-11-18,5.648,5.648,-0.49330514446794815
2016-11-21,5.647,5.647,-0.017705382436250527
2016-11-22,5.702,5.702,0.9739684788383052
2016-11-23,5.664,5.664,-0.6664328305857614
2016-11-24,5.653,5.653,-0.19420903954802116
2016-11-25,5.682,5.682,0.5130019458694735
2016-11-28,5.699,5.699,0.29919042590635936
2016-11-29,5.664,5.664,-0.6141428320758036
2016-11-30,5.627,5.627,-0.6532485875706207
2016-12-01,5.662,5.662,0.6220010662875364
2016-12-02,5.566,5.566,-1.695513952666905
2016-12-05,5.527,5.527,-0.7006827164929841
2016-12-06,5.535,5.535,0.14474398407815503
2016-12-07,5.606,5.606,1.2827461607949342
2016-12-08,5.576,5.576,-0.5351409204423896
2016-12-09,5.56,5.56,-0.2869440459110528
2016-12-12,5.32,5.32,-4.316546762589912
2016-12-13,5.337,5.337,0.3195488721804418
2016-12-14,5.302,5.302,-0.655799138092561
2016-12-15,5.337,5.337,0.660128253489245
2016-12-16,5.374,5.374,0.6932733745549813
2016-12-19,5.379,5.379,0.09304056568664176
2016-12-20,5.354,5.354,-0.4647704034207001
2016-12-21,5.401,5.401,0.8778483376914448
2016-12-22,5.392,5.392,-0.1666358081836572
2016-12-23,5.351,5.351,-0.7603857566765626
2016-12-26,5.353,5.353,0.03737619136610082
2016-12-27,5.364,5.364,0.20549224733794613
2016-12-28,5.337,5.337,-0.5033557046979942
2016-12-29,5.334,5.334,-0.05621135469364713
2016-12-30,5.332,5.332,-0.03749531308585574
2017-01-03,5.382,5.382,0.9377344336084059
2017-01-04,5.453,5.453,1.3192121887774189
2017-01-05,5.45,5.45,-0.05501558774986259
2017-01-06,5.423,5.423,-0.49541284403670227
2017-01-09,5.468,5.468,0.8297990042411829
2017-01-10,5.446,5.446,-0.4023408924652583
2017-01-11,5.399,5.399,-0.863018729342635
2017-01-12,5.329,5.329,-1.2965363956288223
2017-01-13,5.266,5.266,-1.1822105460686738
2017-01-16,5.105,5.105,-3.057349031522971
2017-01-17,5.153,5.153,0.9402546523016531
2017-01-18,5.157,5.157,0.07762468464973526
2017-01-19,5.138,5.138,-0.3684312584836147
2017-01-20,5.208,5.208,1.3623978201634968
2017-01-23,5.262,5.262,1.0368663594469973
2017-01-24,5.238,5.238,-0.45610034207523853
2017-01-25,5.26,5.26,0.42000763650247297
2017-01-26,5.298,5.298,0.7224334600760551
2017-02-03,5.28,5.28,-0.3397508493771184
2017-02-06,5.329,5.329,0.9280303030303028
2017-02-07,5.32,5.32,-0.1688872208669423
2017-02-08,5.358,5.358,0.7142857142857117
2017-02-09,5.386,5.386,0.5225830533781339
2017-02-10,5.399,5.399,0.241366505755658
2017-02-13,5.421,5.421,0.4074828671976283
2017-02-14,5.426,5.426,0.09223390518353636
2017-02-15,5.372,5.372,-0.995208256542579
2017-02-16,5.409,5.409,0.6887565152643216
2017-02-17,5.369,5.369,-0.7395082270290287
2017-02-20,5.444,5.444,1.3969081765691893
2017-02-21,5.489,5.489,0.8265980896399627
2017-02-22,5.516,5.516,0.4918928766624253
2017-02-23,5.525,5.525,0.16316171138506252
2017-02-24,5.527,5.527,0.036199095022615424
2017-02-27,5.478,5.478,-0.8865569024787523
2017-02-28,5.498,5.498,0.365096750638938
2017-03-01,5.517,5.517,0.3455802109858075
2017-03-02,5.489,5.489,-0.5075222040964333
2017-03-03,5.502,5.502,0.2368373109856048
2017-03-06,5.558,5.558,1.0178117048346147
2017-03-07,5.573,5.573,0.2698812522490268
2017-03-08,5.551,5.551,-0.394760452180154
2017-03-09,5.481,5.481,-1.261034047919296
2017-03-10,5.499,5.499,0.3284072249589487
2017-03-13,5.563,5.563,1.1638479723586226
2017-03-14,5.535,5.535,-0.503325543771338
2017-03-15,5.53,5.53,-0.09033423667569318
2017-03-16,5.583,5.583,0.9584086799276692
2017-03-17,5.523,5.523,-1.0746910263299436
2017-03-20,5.543,5.543,0.36212203512584473
2017-03-21,5.568,5.568,0.4510193036261878
2017-03-22,5.546,5.546,-0.39511494252872925
2017-03-23,5.558,5.558,0.21637216011538563
2017-03-24,5.596,5.596,0.6836991723641717
2017-03-27,5.56,5.56,-0.6433166547534008
2017-03-28,5.547,5.547,-0.23381294964028854
2017-03-29,5.527,5.527,-0.3605552550928315
2017-03-30,5.438,5.438,-1.6102768228695608
2017-03-31,5.449,5.449,0.20228025009194628
2017-04-05,5.599,5.599,2.7527986786566316
2017-04-06,5.598,5.598,-0.01786033220217975
2017-04-07,5.608,5.608,0.17863522686674127
2017-04-10,5.602,5.602,-0.10699001426531796
2017-04-11,5.669,5.669,1.1960014280613995
2017-04-12,5.622,5.622,-0.8290703827835588
2017-04-13,5.657,5.657,0.6225542511561821
2017-04-14,5.577,5.577,-1.41417712568499
2017-04-17,5.509,5.509,-1.2192935269858318
2017-04-18,5.482,5.482,-0.4901070974768551
2017-04-19,5.413,5.413,-1.2586647209047785
2017-04-20,5.411,5.411,-0.03694808793646143
2017-04-21,5.375,5.375,-0.6653114026981988
2017-04-24,5.22,5.22,-2.8837209302325584
2017-04-25,5.237,5.237,0.32567049808429616
2017-04-26,5.248,5.248,0.21004391827381674
2017-04-27,5.268,5.268,0.3810975609755962
2017-04-28,5.287,5.287,0.3606681852695637
2017-05-02,5.281,5.281,-0.1134859088329887
2017-05-03,5.276,5.276,-0.09467903806097411
2017-05-04,5.249,5.249,-0.5117513267626994
2017-05-05,5.185,5.185,-1.219279862831013
2017-05-08,5.082,5.082,-1.9864995178399236
2017-05-09,5.103,5.103,0.4132231404958553
2017-05-10,5.0,5.0,-2.0184205369390473
2017-05-11,4.984,4.984,-0.31999999999999806
2017-05-12,4.969,4.969,-0.3009630818619491
2017-05-15,4.996,4.996,0.5433688871000264
2017-05-16,5.109,5.109,2.2618094475580275
2017-05-17,5.124,5.124,0.29359953024075125
2017-05-18,5.072,5.072,-1.014832162373136
2017-05-19,5.07,5.07,-0.039432176656151174
2017-05-22,4.99,4.99,-1.5779092702169595
2017-05-23,4.893,4.893,-1.943887775551112
2017-05-24,4.916,4.916,0.47005926834253753
2017-05-25,4.956,4.956,0.8136696501220619
2017-05-26,4.96,4.96,0.08071025020177647
2017-05-31,4.931,4.931,-0.5846774193548399
2017-06-01,4.835,4.835,-1.9468667613060209
2017-06-02,4.894,4.894,1.220268872802488
2017-06-05,4.925,4.925,0.6334286881896078
2017-06-06,4.95,4.95,0.5076142131979822
2017-06-07,5.066,5.066,2.3434343434343363
2017-06-08,5.063,5.063,-0.059218318199760756
2017-06-09,5.083,5.083,0.39502271380604803
2017-06-12,5.015,5.015,-1.3377926421404784
2017-06-13,5.092,5.092,1.5353938185443727
2017-06-14,5.074,5.074,-0.353495679497251
2017-06-15,5.123,5.123,0.9657075285770755
2017-06-16,5.119,5.119,-0.07807925043920028
2017-06-19,5.159,5.159,0.7814026176987676
2017-06-20,5.176,5.176,0.32952122504361636
2017-06-21,5.186,5.186,0.19319938176196594
2017-06-22,5.106,5.106,-1.5426147319706929
2017-06-23,5.123,5.123,0.33294163728947446
2017-06-26,5.223,5.223,1.9519812609798848
2017-06-27,5.208,5.208,-0.2871912693854006
2017-06-28,5.191,5.191,-0.3264208909370292
2017-06-29,5.224,5.224,0.6357156617222248
2017-06-30,5.241,5.241,0.32542113323124067
2017-07-03,5.279,5.279,0.7250524709025097
2017-07-04,5.255,5.255,-0.45463155900739016
2017-07-05,5.29,5.29,0.6660323501427312
2017-07-06,5.29,5.29,0.0
2017-07-07,5.326,5.326,0.6805293005671009
2017-07-10,5.307,5.307,-0.3567405182125283
2017-07-11,5.244,5.244,-1.1871113623516227
2017-07-12,5.236,5.236,-0.15255530129671957
2017-07-13,5.242,5.242,0.11459129106188293
2017-07-14,5.227,5.227,-0.28615032430369114
2017-07-17,5.007,5.007,-4.208915247752065
2017-07-18,5.056,5.056,0.9786299181146374
2017-07-19,5.179,5.179,2.4327531645569556
2017-07-20,5.205,5.205,0.5020274184205364
2017-07-21,5.225,5.225,0.3842459173871271
2017-07-24,5.269,5.269,0.8421052631579107
2017-07-25,5.267,5.267,-0.03795786676787927
2017-07-26,5.256,5.256,-0.20884754129485428
2017-07-27,5.292,5.292,0.6849315068493178
2017-07-28,5.324,5.324,0.6046863189720364
2017-07-31,5.402,5.402,1.465063861758087
2017-08-01,5.386,5.386,-0.29618659755645815
2017-08-02,5.36,5.36,-0.4827330115113271
2017-08-03,5.363,5.363,0.05597014925373678
2017-08-04,5.33,5.33,-0.6153272422151801
2017-08-07,5.411,5.411,1.5196998123827354
2017-08-08,5.405,5.405,-0.11088523378302018
2017-08-09,5.443,5.443,0.7030527289546562
2017-08-10,5.395,5.395,-0.8818666176740764
2017-08-11,5.287,5.287,-2.0018535681186167
2017-08-14,5.402,5.402,2.1751465859655816
2017-08-15,5.406,5.406,0.07404664938910344
2017-08-16,5.413,5.413,0.12948575656679395
2017-08-17,5.47,5.47,1.0530205061887843
2017-08-18,5.445,5.445,-0.457038391224851
2017-08-21,5.502,5.502,1.0468319559228556
2017-08-22,5.478,5.478,-0.4362050163576936
2017-08-23,5.433,5.433,-0.8214676889375716
2017-08-24,5.39,5.39,-0.7914595987483897
2017-08-25,5.451,5.451,1.1317254174397107
2017-08-28,5.517,5.517,1.2107870115575237
2017-08-29,5.497,5.497,-0.36251586006889047
2017-08-30,5.538,5.538,0.7458613789339763
2017-08-31,5.558,5.558,0.3611412062116237
2017-09-01,5.619,5.619,1.0975170924793165
2017-09-04,5.644,5.644,0.4449190247375112
2017-09-05,5.648,5.648,0.07087172218283033
2017-09-06,5.681,5.681,0.5842776203966116
2017-09-07,5.637,5.637,-0.7745115296602822
2017-09-08,5.656,5.656,0.3370587191768637
2017-09-11,5.729,5.729,1.290664780763806
2017-09-12,5.716,5.716,-0.226915692092855
2017-09-13,5.757,5.757,0.7172848145556188
2017-09-14,5.743,5.743,-0.24318221295812625
2017-09-15,5.696,5.696,-0.8183876022984649
2017-09-18,5.754,5.754,1.0182584269662787
2017-09-19,5.702,5.702,-0.9037191518943222
2017-09-20,5.764,5.764,1.0873377762188774
2017-09-21,5.693,5.693,-1.231783483691895
2017-09-22,5.647,5.647,-0.8080098366414767
2017-09-25,5.574,5.574,-1.2927217991854145
2017-09-26,5.6,5.6,0.4664513814137017
2017-09-27,5.654,5.654,0.9642857142857286
2017-09-28,5.656,5.656,0.03537318712416582
2017-09-29,5.693,5.693,0.6541725601131532
2017-10-09,5.757,5.757,1.1241875988055483
2017-10-10,5.777,5.777,0.3474031613687867
2017-10-11,5.743,5.743,-0.5885407651029961
2017-10-12,5.731,5.731,-0.20895002611875935
2017-10-13,5.779,5.779,0.8375501657651441
2017-10-16,5.69,5.69,-1.5400588337082466
2017-10-17,5.681,5.681,-0.15817223198594244
2017-10-18,5.65,5.65,-0.5456785777151807
2017-10-19,5.589,5.589,-1.0796460176991096
2017-10-20,5.649,5.649,1.073537305421346
2017-10-23,5.69,5.69,0.7257921756063102
2017-10-24,5.684,5.684,-0.10544815465729496
2017-10-25,5.718,5.718,0.5981703026038065
2017-10-26,5.729,5.729,0.19237495627841827
2017-10-27,5.716,5.716,-0.226915692092855
2017-10-30,5.591,5.591,-2.186843946815953
2017-10-31,5.634,5.634,0.7690931854766658
2017-11-01,5.619,5.619,-0.26624068157615755
2017-11-02,5.56,5.56,-1.0500088983804945
2017-11-03,5.508,5.508,-0.935251798561143
2017-11-06,5.59,5.59,1.488743645606383
2017-11-07,5.625,5.625,0.6261180679785427
2017-11-08,5.636,5.636,0.19555555555554882
2017-11-09,5.686,5.686,0.8871540099361308
2017-11-10,5.705,5.705,0.334154062609926
2017-11-13,5.732,5.732,0.47326906222611154
2017-11-14,5.688,5.688,-0.7676203768318346
2017-11-15,5.613,5.613,-1.318565400843874
2017-11-16,5.629,5.629,0.28505255656510187
2017-11-17,5.469,5.469,-2.8424231657487864
2017-11-20,5.514,5.514,0.8228195282501405
2017-11-21,5.538,5.538,0.43525571273121955
2017-11-22,5.513,5.513,-0.45142650776454074
2017-11-23,5.366,5.366,-2.6664248140758295
2017-11-24,5.378,5.378,0.2236302646291488
2017-11-27,5.301,5.301,-1.4317590182223894
2017-11-28,5.391,5.391,1.6977928692699429
2017-11-29,5.409,5.409,0.33388981636059967
2017-11-30,5.37,5.37,-0.7210205213532994
2017-12-01,5.409,5.409,0.7262569832402255
2017-12-04,5.376,5.376,-0.6100942872989346
2017-12-05,5.25,5.25,-2.343750000000011
2017-12-06,5.276,5.276,0.49523809523808193
2017-12-07,5.241,5.241,-0.6633813495072083
2017-12-08,5.303,5.303,1.182980347261986
2017-12-11,5.387,5.387,1.584009051480284
2017-12-12,5.337,5.337,-0.9281603861147181
2017-12-13,5.387,5.387,0.9368559115608077
2017-12-14,5.4,5.4,0.24132170038984047
2017-12-15,5.354,5.354,-0.8518518518518592
2017-12-18,5.31,5.31,-0.8218154650728504
2017-12-19,5.355,5.355,0.847457627118664
2017-12-20,5.311,5.311,-0.8216619981325946
2017-12-21,5.344,5.344,0.6213519111278654
2017-12-22,5.344,5.344,0.0
2017-12-25,5.291,5.291,-0.9917664670658688
2017-12-26,5.329,5.329,0.7182007182007011
2017-12-27,5.276,5.276,-0.9945580784387342
2017-12-28,5.306,5.306,0.5686125852918833
2017-12-29,5.364,5.364,1.093102148511127
2018-01-02,5.441,5.441,1.435495898583139
2018-01-03,5.478,5.478,0.6800220547693359
2018-01-04,5.501,5.501,0.41986126323476647
2018-01-05,5.511,5.511,0.18178512997637508
2018-01-08,5.538,5.538,0.4899292324441973
2018-01-09,5.533,5.533,-0.09028530155290593
2018-01-10,5.503,5.503,-0.5422013374299706
2018-01-11,5.517,5.517,0.2544066872614881
2018-01-12,5.488,5.488,-0.5256479970998762
2018-01-15,5.362,5.362,-2.2959183673469497
2018-01-16,5.392,5.392,0.5594927265945682
2018-01-17,5.359,5.359,-0.6120178041543078
2018-01-18,5.381,5.381,0.41052435155812805
2018-01-19,5.365,5.365,-0.2973425013937936
2018-01-22,5.438,5.438,1.3606710158434288
2018-01-23,5.446,5.446,0.1471129091577872
2018-01-24,5.49,5.49,0.8079324274697042
2018-01-25,5.482,5.482,-0.1457194899817882
2018-01-26,5.487,5.487,0.09120758847136479
2018-01-29,5.411,5.411,-1.385092035720803
2018-01-30,5.41,5.41,-0.01848087229716633
2018-01-31,5.287,5.287,-2.273567467652504
2018-02-01,5.117,5.117,-3.2154340836012874
2018-02-02,5.114,5.114,-0.058628102403757154
2018-02-05,5.104,5.104,-0.19554165037152238
2018-02-06,4.856,4.856,-4.858934169279006
2018-02-07,4.862,4.862,0.12355848434926209
2018-02-08,4.908,4.908,0.9461127108185918
2018-02-09,4.706,4.706,-4.115729421352887
2018-02-12,4.844,4.844,2.9324266893327566
2018-02-13,4.877,4.877,0.6812551610239304
2018-02-14,4.894,4.894,0.3485749436128893
2018-02-22,5.004,5.004,2.2476501838986307
2018-02-23,5.012,5.012,0.1598721023181371
2018-02-26,5.158,5.158,2.9130087789305925
2018-02-27,5.132,5.132,-0.5040713454827594
2018-02-28,5.134,5.134,0.0389711613406174
2018-03-01,5.21,5.21,1.4803272302298387
2018-03-02,5.183,5.183,-0.5182341650671773
2018-03-05,5.176,5.176,-0.1350569168435234
2018-03-06,5.251,5.251,1.4489953632148334
2018-03-07,5.198,5.198,-1.0093315558941107
2018-03-08,5.248,5.248,0.9619084263178035
2018-03-09,5.324,5.324,1.44817073170731
2018-03-12,5.386,5.386,1.1645379413974588
2018-03-13,5.359,5.359,-0.5012996658002256
2018-03-14,5.286,5.286,-1.3621944392610663
2018-03-15,5.276,5.276,-0.18917896329927464
2018-03-16,5.244,5.244,-0.6065200909780133
2018-03-19,5.266,5.266,0.41952707856598437
2018-03-20,5.269,5.269,0.056969236612225416
2018-03-21,5.222,5.222,-0.8920098690453515
2018-03-22,5.221,5.221,-0.019149751053237907
2018-03-23,4.93,4.93,-5.573644895613872
2018-03-26,5.036,5.036,2.150101419878303
2018-03-27,5.159,5.159,2.442414614773636
2018-03-28,5.097,5.097,-1.201783291335523
2018-03-29,5.154,5.154,1.1183048852265953
2018-03-30,5.227,5.227,1.4163756305781927
2018-04-02,5.22,5.22,-0.13392003061030167
2018-04-03,5.175,5.175,-0.8620689655172376
2018-04-04,5.13,5.13,-0.8695652173912993
2018-04-09,5.138,5.138,0.1559454191033094
2018-04-10,5.181,5.181,0.8369015181004302
2018-04-11,5.191,5.191,0.19301293186642088
2018-04-12,5.161,5.161,-0.5779233288383812
2018-04-13,5.143,5.143,-0.3487696182910227
2018-04-16,5.126,5.126,-0.3305463737118264
2018-04-17,5.028,5.028,-1.9118220834959176
2018-04-18,5.087,5.087,1.1734287987271275
2018-04-19,5.113,5.113,0.5111067426774252
2018-04-20,5.016,5.016,-1.8971249755525221
2018-04-23,4.958,4.958,-1.1562998405103664
2018-04-24,5.071,5.071,2.279144816458234
2018-04-25,5.076,5.076,0.09859988168015033
2018-04-26,4.979,4.979,-1.9109535066981764
2018-04-27,5.002,5.002,0.46194014862421806
2018-05-02,4.988,4.988,-0.27988804478207285
2018-05-03,5.041,5.041,1.0625501202886856
2018-05-04,5.037,5.037,-0.0793493354493191
2018-05-07,5.142,5.142,2.0845741512805382
2018-05-08,5.168,5.168,0.5056398288603603
2018-05-09,5.146,5.146,-0.4256965944272495
2018-05-10,5.169,5.169,0.44694908666924604
2018-05-11,5.125,5.125,-0.8512284774617851
2018-05-14,5.099,5.099,-0.5073170731707322
2018-05-15,5.152,5.152,1.0394194940184232
2018-05-16,5.138,5.138,-0.27173913043478937
2018-05-17,5.103,5.103,-0.6811989100817484
2018-05-18,5.138,5.138,0.6858710562414272
2018-05-21,5.2,5.2,1.2066952121448038
2018-05-22,5.222,5.222,0.423076923076926
2018-05-23,5.148,5.148,-1.4170815779395052
2018-05-24,5.131,5.131,-0.33022533022531997
2018-05-25,5.057,5.057,-1.442213993373609
2018-05-28,5.047,5.047,-0.19774569903105998
2018-05-29,4.979,4.979,-1.3473350505250559
2018-05-30,4.856,4.856,-2.470375577425188
2018-05-31,4.918,4.918,1.2767710049423453
2018-06-01,4.856,4.856,-1.26067507116715
2018-06-04,4.855,4.855,-0.02059308072486221
2018-06-05,4.944,4.944,1.8331616889804225
2018-06-06,4.938,4.938,-0.12135922330097637
2018-06-07,4.91,4.91,-0.5670311867152611
2018-06-08,4.845,4.845,-1.3238289205702691
2018-06-11,4.813,4.813,-0.660474716202275
2018-06-12,4.856,4.856,0.8934136713068863
2018-06-13,4.781,4.781,-1.5444810543657317
2018-06-14,4.773,4.773,-0.1673290106672276
2018-06-15,4.681,4.681,-1.9275089042530835
2018-06-19,4.36,4.36,-6.8575090792565625
2018-06-20,4.402,4.402,0.9633027522935711
2018-06-21,4.317,4.317,-1.9309404815992748
2018-06-22,4.378,4.378,1.4130182997451834
2018-06-25,4.334,4.334,-1.0050251256281562
2018-06-26,4.375,4.375,0.9460083064144031
2018-06-27,4.311,4.311,-1.4628571428571435
2018-06-28,4.276,4.276,-0.811876594757599
2018-06-29,4.44,4.44,3.8353601496726064
2018-07-02,4.362,4.362,-1.756756756756761
2018-07-03,4.412,4.412,1.1462631820265967
2018-07-04,4.347,4.347,-1.4732547597461343
2018-07-05,4.221,4.221,-2.898550724637694
2018-07-06,4.223,4.223,0.047382136934359664
2018-07-09,4.341,4.341,2.794222116978462
2018-07-10,4.367,4.367,0.5989403363280354
2018-07-11,4.277,4.277,-2.060911380810626
2018-07-12,4.413,4.413,3.179798924479771
2018-07-13,4.425,4.425,0.2719238613188235
2018-07-16,4.43,4.43,0.1129943502824915
2018-07-17,4.414,4.414,-0.36117381489841893
2018-07-18,4.391,4.391,-0.5210693248753895
2018-07-19,4.351,4.351,-0.91095422455022
2018-07-20,4.409,4.409,1.333026890370026
2018-07-23,4.445,4.445,0.8165116806532202
2018-07-24,4.526,4.526,1.8222722159729976
2018-07-25,4.527,4.527,0.02209456473707405
2018-07-26,4.498,4.498,-0.6406008394079898
2018-07-27,4.473,4.473,-0.5558025789239696
2018-07-30,4.4,4.4,-1.6320143080706395
2018-07-31,4.41,4.41,0.2272727272727204
2018-08-01,4.335,4.335,-1.7006802721088454
2018-08-02,4.226,4.226,-2.5144175317185713
2018-08-03,4.182,4.182,-1.0411736867013577
2018-08-06,4.086,4.086,-2.295552367288378
2018-08-07,4.196,4.196,2.6921194322075293
2018-08-08,4.138,4.138,-1.3822688274547135
2018-08-09,4.252,4.252,2.754954084098604
2018-08-10,4.271,4.271,0.44684854186265444
2018-08-13,4.3,4.3,0.6789978927651541
2018-08-14,4.277,4.277,-0.5348837209302237
2018-08-15,4.184,4.184,-2.1744213233574894
2018-08-16,4.144,4.144,-0.9560229445506718
2018-08-17,4.063,4.063,-1.954633204633216
2018-08-20,4.088,4.088,0.6153088850603172
2018-08-21,4.134,4.134,1.1252446183953158
2018-08-22,4.104,4.104,-0.7256894049346929
2018-08-23,4.126,4.126,0.5360623781676566
2018-08-24,4.109,4.109,-0.4120213281628815
2018-08-27,4.221,4.221,2.7257240204429323
2018-08-28,4.226,4.226,0.11845534233594357
2018-08-29,4.203,4.203,-0.5442498816847996
2018-08-30,4.134,4.134,-1.6416845110635236
2018-08-31,4.084,4.084,-1.2094823415578326
2018-09-03,4.105,4.105,0.5142017629774953
2018-09-04,4.137,4.137,0.7795371498172665
2018-09-05,4.079,4.079,-1.4019821126420084
2018-09-06,4.058,4.058,-0.5148320666830131
2018-09-07,4.051,4.051,-0.1724987678659362
2018-09-10,3.983,3.983,-1.6785978770673893
2018-09-11,3.977,3.977,-0.1506402209389912
2018-09-12,3.963,3.963,-0.35202413879807937
2018-09-13,3.988,3.988,0.6308352258389993
2018-09-14,3.941,3.941,-1.1785356068204633
2018-09-17,3.889,3.889,-1.3194620654656153
2018-09-18,3.952,3.952,1.6199537156081245
2018-09-19,4.003,4.003,1.29048582995952
2018-09-20,4.003,4.003,0.0
2018-09-21,4.086,4.086,2.073444916312761
2018-09-25,4.062,4.062,-0.5873715124816492
2018-09-26,4.071,4.071,0.22156573116689504
2018-09-27,4.024,4.024,-1.1545074920166987
2018-09-28,4.083,4.083,1.4662027833002078
2018-10-08,3.926,3.926,-3.845211854028896
2018-10-09,3.913,3.913,-0.33112582781458233
2018-10-10,3.912,3.912,-0.02555583950932805
2018-10-11,3.587,3.587,-8.307770961145188
2018-10-12,3.571,3.571,-0.4460551993309192
2018-10-15,3.503,3.503,-1.904228507420891
2018-10-16,3.431,3.431,-2.0553811019126456
2018-10-17,3.447,3.447,0.4663363450889024
2018-10-18,3.363,3.363,-2.4369016536118338
2018-10-19,3.44,3.44,2.28962236098722
2018-10-22,3.664,3.664,6.511627906976747
2018-10-23,3.566,3.566,-2.6746724890829743
2018-10-24,3.555,3.555,-0.3084688726864737
2018-10-25,3.554,3.554,-0.02812939521801283
2018-10-26,3.535,3.535,-0.534608891389976
2018-10-29,3.487,3.487,-1.3578500707213559
2018-10-30,3.523,3.523,1.0324060797247014
2018-10-31,3.583,3.583,1.7030939540164658
2018-11-01,3.611,3.611,0.7814680435389354
2018-11-02,3.758,3.758,4.070894489061194
2018-11-05,3.737,3.737,-0.5588078765300653
2018-11-06,3.745,3.745,0.21407546160021607
2018-11-07,3.706,3.706,-1.0413885180240334
2018-11-08,3.679,3.679,-0.7285483000539661
2018-11-09,3.68,3.68,0.027181299266110237
2018-11-12,3.787,3.787,2.907608695652164
2018-11-13,3.87,3.87,2.1917084763665162
2018-11-14,3.851,3.851,-0.4909560723514228
2018-11-15,3.926,3.926,1.9475460919241794
2018-11-16,3.952,3.952,0.6622516556291425
2018-11-19,3.954,3.954,0.05060728744938903
2018-11-20,3.838,3.838,-2.933737986848761
2018-11-21,3.848,3.848,0.2605523710265789
2018-11-22,3.848,3.848,0.0
2018-11-23,3.668,3.668,-4.677754677754676
2018-11-26,3.676,3.676,0.21810250817884125
2018-11-27,3.697,3.697,0.5712731229597257
2018-11-28,3.757,3.757,1.6229375169056093
2018-11-29,3.673,3.673,-2.2358264572797437
2018-11-30,3.696,3.696,0.6261911244214602
2018-12-03,3.826,3.826,3.517316017316019
2018-12-04,3.843,3.843,0.4443282801881887
2018-12-05,3.815,3.815,-0.7285974499089298
2018-12-06,3.724,3.724,-2.3853211009174258
2018-12-07,3.725,3.725,0.026852846401714814
2018-12-10,3.674,3.674,-1.3691275167785233
2018-12-11,3.718,3.718,1.1976047904191711
2018-12-12,3.708,3.708,-0.2689618074233402
2018-12-13,3.769,3.769,1.645091693635381
2018-12-14,3.68,3.68,-2.3613690634120443
2018-12-17,3.658,3.658,-0.5978260869565322
2018-12-18,3.628,3.628,-0.8201202843083566
2018-12-19,3.57,3.57,-1.5986769570011106
2018-12-20,3.594,3.594,0.6722689075630228
2018-12-21,3.573,3.573,-0.5843071786310494
2018-12-24,3.607,3.607,0.9515813042261456
2018-12-25,3.555,3.555,-1.4416412531189415
2018-12-26,3.541,3.541,-0.3938115330520464
2018-12-27,3.492,3.492,-1.3837898898616197
2018-12-28,3.497,3.497,0.1431844215349365
2019-01-02,3.46,3.46,-1.0580497569345093
2019-01-03,3.451,3.451,-0.26011560693641744
2019-01-04,3.556,3.556,3.0425963488843744
2019-01-07,3.624,3.624,1.912260967379087
2019-01-08,3.615,3.615,-0.2483443708609201
2019-01-09,3.612,3.612,-0.08298755186721962
2019-01-10,3.619,3.619,0.19379844961240345
2019-01-11,3.64,3.64,0.5802707930367523
2019-01-14,3.619,3.619,-0.5769230769230749
2019-01-15,3.675,3.675,1.5473887814313247
2019-01-16,3.668,3.668,-0.19047619047618536
2019-01-17,3.636,3.636,-0.8724100327153761
2019-01-18,3.679,3.679,1.1826182618261738
2019-01-21,3.694,3.694,0.40771948899158694
2019-01-22,3.634,3.634,-1.6242555495397992
2019-01-23,3.639,3.639,0.13758943313153527
2019-01-24,3.666,3.666,0.7419620774938185
2019-01-25,3.646,3.646,-0.545553737043103
2019-01-28,3.632,3.632,-0.3839824465167285
2019-01-29,3.579,3.579,-1.4592511013215792
2019-01-30,3.55,3.55,-0.8102822017323374
2019-01-31,3.525,3.525,-0.7042253521126751
2019-02-01,3.643,3.643,3.347517730496441
2019-02-11,3.73,3.73,2.388141641504271
2019-02-12,3.752,3.752,0.5898123324396654
2019-02-13,3.828,3.828,2.025586353944564
2019-02-14,3.845,3.845,0.44409613375131496
2019-02-15,3.816,3.816,-0.7542262678803757
2019-02-18,3.982,3.982,4.350104821802936
2019-02-19,3.962,3.962,-0.5022601707684538
2019-02-20,3.954,3.954,-0.2019182231196348
2019-02-21,3.958,3.958,0.10116337885686111
2019-02-22,4.095,4.095,3.461344113188458
2019-02-25,4.395,4.395,7.326007326007322
2019-02-26,4.331,4.331,-1.456200227531268
2019-02-27,4.293,4.293,-0.8773955206649808
2019-02-28,4.298,4.298,0.11646866992778282
2019-03-01,4.354,4.354,1.3029315960912058
2019-03-04,4.418,4.418,1.4699127239320209
2019-03-05,4.558,4.558,3.1688546853779975
2019-03-06,4.655,4.655,2.128126371215444
2019-03-07,4.696,4.696,0.8807733619763614
2019-03-08,4.528,4.528,-3.5775127768313486
2019-03-11,4.708,4.708,3.9752650176678506
2019-03-12,4.791,4.791,1.7629566694987275
2019-03-13,4.669,4.669,-2.5464412439991757
2019-03-14,4.551,4.551,-2.5273077746840733
2019-03-15,4.605,4.605,1.1865524060646004
2019-03-18,4.765,4.765,3.4744842562431932
2019-03-19,4.755,4.755,-0.20986358866735833
2019-03-20,4.756,4.756,0.02103049421662284
2019-03-21,4.813,4.813,1.1984861227922528
2019-03-22,4.869,4.869,1.1635154789112923
2019-03-25,4.793,4.793,-1.5608954610802916
2019-03-26,4.637,4.637,-3.2547465053202718
2019-03-27,4.699,4.699,1.3370713823593006
2019-03-28,4.628,4.628,-1.510959778676313
2019-03-29,4.799,4.799,3.694900605012963
2019-04-01,5.004,5.004,4.271723275682415
2019-04-02,5.0,5.0,-0.07993605115906854
2019-04-03,5.062,5.062,1.2399999999999967
2019-04-04,5.112,5.112,0.9877518767285709
2019-04-08,5.05,5.05,-1.2128325508607207
2019-04-09,5.074,5.074,0.47524752475247567
2019-04-10,5.061,5.061,-0.256208119826562
2019-04-11,4.968,4.968,-1.8375815056313027
2019-04-12,4.954,4.954,-0.28180354267310914
2019-04-15,4.883,4.883,-1.4331853048041965
2019-04-16,5.008,5.008,2.559901699774736
2019-04-17,5.018,5.018,0.19968051118210983
2019-04-18,5.0,5.0,-0.35870864886408116
2019-04-19,5.046,5.046,0.9200000000000097
2019-04-22,4.957,4.957,-1.7637732857709199
2019-04-23,4.856,4.856,-2.0375226951785397
2019-04-24,4.908,4.908,1.07084019769359
2019-04-25,4.719,4.719,-3.850855745721271
2019-04-26,4.672,4.672,-0.9959737232464683
2019-04-29,4.547,4.547,-2.6755136986301387
2019-04-30,4.563,4.563,0.35188036067737016
2019-05-06,4.198,4.198,-7.999123383738748
2019-05-07,4.238,4.238,0.9528346831824797
2019-05-08,4.218,4.218,-0.47192071731949614
2019-05-09,4.185,4.185,-0.7823613086771042
2019-05-10,4.34,4.34,3.70370370370372
2019-05-13,4.271,4.271,-1.5898617511520774
2019-05-14,4.252,4.252,-0.4448606883633799
2019-05-15,4.345,4.345,2.187206020696153
2019-05-16,4.388,4.388,0.989643268124274
2019-05-17,4.238,4.238,-3.4184138559708144
2019-05-20,4.203,4.203,-0.8258612553091127
2019-05-21,4.28,4.28,1.8320247442303206
2019-05-22,4.265,4.265,-0.3504672897196359
2019-05-23,4.175,4.175,-2.1101992966002348
2019-05-24,4.15,4.15,-0.5988023952095634
2019-05-27,4.249,4.249,2.3855421686746814
2019-05-28,4.239,4.239,-0.2353494939985823
2019-05-29,4.241,4.241,0.047180938900681646
2019-05-30,4.227,4.227,-0.3301108229191052
2019-05-31,4.204,4.204,-0.5441211260941659
2019-06-03,4.168,4.168,-0.8563273073263433
2019-06-04,4.107,4.107,-1.4635316698656364
2019-06-05,4.092,4.092,-0.36523009495983416
2019-06-06,3.991,3.991,-2.4682306940371324
2019-06-10,4.037,4.037,1.1525933350037487
2019-06-11,4.221,4.221,4.557839980183309
2019-06-12,4.172,4.172,-1.1608623548922115
2019-06-13,4.187,4.187,0.35953978906999584
2019-06-14,4.118,4.118,-1.6479579651301646
2019-06-17,4.116,4.116,-0.04856726566295766
2019-06-18,4.106,4.106,-0.24295432458697475
2019-06-19,4.163,4.163,1.3882123721383532
2019-06-20,4.258,4.258,2.2820081671871106
2019-06-21,4.319,4.319,1.43259746359794
2019-06-24,4.318,4.318,-0.023153507756434877
2019-06-25,4.271,4.271,-1.0884668828161081
2019-06-26,4.271,4.271,0.0
2019-06-27,4.311,4.311,0.936548817607119
2019-06-28,4.266,4.266,-1.043841336116913
2019-07-01,4.395,4.395,3.0239099859352914
2019-07-02,4.378,4.378,-0.3868031854379894
2019-07-03,4.351,4.351,-0.616719963453638
2019-07-04,4.331,4.331,-0.4596644449551768
2019-07-05,4.354,4.354,0.5310551835603805
2019-07-08,4.187,4.187,-3.835553514010104
2019-07-09,4.192,4.192,0.1194172438500063
2019-07-10,4.166,4.166,-0.6202290076335881
2019-07-11,4.168,4.168,0.048007681228989796
2019-07-12,4.189,4.189,0.5038387715930792
2019-07-15,4.239,4.239,1.193602291716389
2019-07-16,4.251,4.251,0.2830856334041121
2019-07-17,4.242,4.242,-0.21171489061397875
2019-07-18,4.176,4.176,-1.555869872701554
2019-07-19,4.204,4.204,0.6704980842911823
2019-07-22,4.117,4.117,-2.0694576593720204
2019-07-23,4.15,4.15,0.8015545299975724
2019-07-24,4.193,4.193,1.036144578313225
2019-07-25,4.215,4.215,0.5246839971380979
2019-07-26,4.225,4.225,0.23724792408066353
2019-07-29,4.221,4.221,-0.09467455621300358
2019-07-30,4.248,4.248,0.6396588486140775
2019-07-31,4.237,4.237,-0.2589453860640356
2019-08-01,4.204,4.204,-0.7788529620014195
2019-08-02,4.142,4.142,-1.4747859181731493
2019-08-05,4.093,4.093,-1.1830033800096618
2019-08-06,3.988,3.988,-2.565355484974341
2019-08-07,3.969,3.969,-0.47642928786358896
2019-08-08,3.993,3.993,0.6046863189720364
2019-08-09,3.952,3.952,-1.0267968945654848
2019-08-12,4.031,4.031,1.9989878542510109
2019-08-13,4.002,4.002,-0.7194244604316502
2019-08-14,4.022,4.022,0.499750124937548
2019-08-15,4.043,4.043,0.5221282943808969
2019-08-16,4.056,4.056,0.3215434083601254
2019-08-19,4.22,4.22,4.043392504930954
2019-08-20,4.201,4.201,-0.4502369668246464
2019-08-21,4.209,4.209,0.19043084979766256
2019-08-22,4.214,4.214,0.11879306248516741
2019-08-23,4.216,4.216,0.0474608448030267
2019-08-26,4.184,4.184,-0.7590132827324458
2019-08-27,4.252,4.252,1.6252390057361232
2019-08-28,4.251,4.251,-0.02351834430854849
2019-08-29,4.264,4.264,0.3058103975535076
2019-08-30,4.225,4.225,-0.9146341463414753
2019-09-02,4.333,4.333,2.5562130177514852
2019-09-03,4.359,4.359,0.6000461573967275
2019-09-04,4.429,4.429,1.6058729066299682
2019-09-05,4.46,4.46,0.6999322646195516
2019-09-06,4.474,4.474,0.3139013452914785
2019-09-09,4.567,4.567,2.078676799284751
2019-09-10,4.562,4.562,-0.10948105977666156
2019-09-11,4.542,4.542,-0.43840420868040963
2019-09-12,4.555,4.555,0.2862175253192323
2019-09-16,4.557,4.557,0.043907793633390924
2019-09-17,4.454,4.454,-2.260258942286608
2019-09-18,4.457,4.457,0.06735518634934934
2019-09-19,4.501,4.501,0.9872111285618157
2019-09-20,4.509,4.509,0.1777382803821448
2019-09-23,4.489,4.489,-0.4435573297848827
2019-09-24,4.491,4.491,0.04455335263977567
2019-09-25,4.414,4.414,-1.714540191494096
2019-09-26,4.305,4.305,-2.469415496148619
2019-09-27,4.326,4.326,0.4878048780487809
2019-09-30,4.26,4.26,-1.5256588072122046
2019-10-08,4.271,4.271,0.2582159624413105
2019-10-09,4.312,4.312,0.9599625380473098
2019-10-10,4.363,4.363,1.1827458256029821
2019-10-11,4.388,4.388,0.5730002292000824
2019-10-14,4.442,4.442,1.2306289881494958
2019-10-15,4.383,4.383,-1.328230526789742
2019-10-16,4.355,4.355,-0.6388318503308121
2019-10-17,4.356,4.356,0.02296211251433533
2019-10-18,4.291,4.291,-1.4921946740128478
2019-10-21,4.282,4.282,-0.20974131903985782
2019-10-22,4.326,4.326,1.0275572162540714
2019-10-23,4.298,4.298,-0.6472491909385036
2019-10-24,4.289,4.289,-0.20939972080038505
2019-10-25,4.328,4.328,0.9093028678013759
2019-10-28,4.393,4.393,1.5018484288354728
2019-10-29,4.334,4.334,-1.3430457546096064
2019-10-30,4.276,4.276,-1.338255652976461
2019-10-31,4.251,4.251,-0.5846585594012965
2019-11-01,4.296,4.296,1.0585744530698715
2019-11-04,4.309,4.309,0.302607076350081
2019-11-05,4.344,4.344,0.8122534230680101
2019-11-06,4.303,4.303,-0.9438305709024042
2019-11-07,4.333,4.333,0.6971880083662674
2019-11-08,4.316,4.316,-0.3923378721440218
2019-11-11,4.208,4.208,-2.5023169601482764
2019-11-12,4.21,4.21,0.0475285171102513
2019-11-13,4.21,4.21,0.0
2019-11-14,4.237,4.237,0.6413301662707926
2019-11-15,4.209,4.209,-0.6608449374557623
2019-11-18,4.226,4.226,0.40389641244951147
2019-11-19,4.3,4.3,1.7510648367250248
2019-11-20,4.271,4.271,-0.6744186046511613
2019-11-21,4.278,4.278,0.1638960430812464
2019-11-22,4.23,4.23,-1.1220196353435963
2019-11-25,4.233,4.233,0.07092198581557518
2019-11-26,4.217,4.217,-0.37798251830852836
2019-11-27,4.238,4.238,0.49798434906334066
2019-11-28,4.23,4.23,-0.18876828692779846
2019-11-29,4.23,4.23,0.0
2019-12-02,4.244,4.244,0.3309692671394693
2019-12-03,4.264,4.264,0.47125353440151674
2019-12-04,4.255,4.255,-0.21106941838650028
2019-12-05,4.299,4.299,1.0340775558167037
2019-12-06,4.344,4.344,1.046755059316129
2019-12-09,4.354,4.354,0.2302025782688677
2019-12-10,4.376,4.376,0.5052824988516447
2019-12-11,4.358,4.358,-0.41133455210239367
2019-12-12,4.348,4.348,-0.22946305644790943
2019-12-13,4.413,4.413,1.4949402023919145
2019-12-16,4.489,4.489,1.72218445501926
2019-12-17,4.566,4.566,1.7153040766317629
2019-12-18,4.561,4.561,-0.10950503723170524
2019-12-19,4.574,4.574,0.2850252137689191
2019-12-20,4.525,4.525,-1.0712724092697745
2019-12-23,4.412,4.412,-2.497237569060784
2019-12-24,4.485,4.485,1.6545784224841542
2019-12-25,4.506,4.506,0.468227424749168
2019-12-26,4.543,4.543,0.8211273857079426
2019-12-27,4.504,4.504,-0.8584635703279941
2019-12-30,4.572,4.572,1.5097690941385578
2019-12-31,4.592,4.592,0.43744531933507247
2020-01-02,4.686,4.686,2.0470383275261295
2020-01-03,4.696,4.696,0.21340162185232714
2020-01-06,4.753,4.753,1.2137989778534974
2020-01-07,4.82,4.82,1.4096360193561974
2020-01-08,4.747,4.747,-1.5145228215767692
2020-01-09,4.812,4.812,1.3692858647566863
2020-01-10,4.79,4.79,-0.4571903574397407
2020-01-13,4.877,4.877,1.8162839248434093
2020-01-14,4.854,4.854,-0.4716013942997699
2020-01-15,4.838,4.838,-0.3296250515039123
2020-01-16,4.845,4.845,0.14468788755683804
2020-01-17,4.815,4.815,-0.6191950464396134
2020-01-20,4.903,4.903,1.8276220145378774
2020-01-21,4.841,4.841,-1.264531919233114
2020-01-22,4.881,4.881,0.826275562900225
2020-01-23,4.684,4.684,-4.036058184798197
2020-02-03,4.272,4.272,-8.795900939368062
2020-02-04,4.351,4.351,1.8492509363295717
2020-02-05,4.453,4.453,2.3442886692714326
2020-02-06,4.597,4.597,3.2337749831574225
2020-02-07,4.645,4.645,1.044159234283204
2020-02-10,4.694,4.694,1.0548977395048453
2020-02-11,4.671,4.671,-0.4899872177247522
2020-02-12,4.774,4.774,2.2050952686790692
2020-02-13,4.728,4.728,-0.9635525764558062
2020-02-14,4.734,4.734,0.12690355329949554
2020-02-17,4.908,4.908,3.675538656527255
2020-02-18,4.951,4.951,0.8761206193968807
2020-02-19,4.908,4.908,-0.8685114118359816
2020-02-20,5.007,5.007,2.017114914425422
2020-02-21,5.093,5.093,1.7175953664869237
2020-02-24,5.144,5.144,1.0013744354997023
2020-02-25,5.18,5.18,0.6998444790046632
2020-02-26,5.039,5.039,-2.7220077220077243
2020-02-27,5.037,5.037,-0.03969041476482582
2020-02-28,4.767,4.767,-5.3603335318641925
2020-03-02,4.956,4.956,3.96475770925111
2020-03-03,4.993,4.993,0.7465698143664268
2020-03-04,5.01,5.01,0.3404766673342552
2020-03-05,5.079,5.079,1.377245508982039
2020-03-06,5.048,5.048,-0.6103563693640401
2020-03-09,4.847,4.847,-3.9817749603803465
2020-03-10,4.963,4.963,2.393232927584066
2020-03-11,4.884,4.884,-1.5917791658271119
2020-03-12,4.816,4.816,-1.3923013923013983
2020-03-13,4.779,4.779,-0.7682724252491724
2020-03-16,4.528,4.528,-5.252144800167402
2020-03-17,4.538,4.538,0.22084805653712625
2020-03-18,4.464,4.464,-1.6306743058616124
2020-03-19,4.507,4.507,0.9632616487454948
2020-03-20,4.543,4.543,0.7987574883514537
2020-03-23,4.346,4.346,-4.336341624477214
2020-03-24,4.413,4.413,1.5416474919466294
2020-03-25,4.529,4.529,2.6285973260820272
2020-03-26,4.482,4.482,-1.0377566791786252
2020-03-27,4.461,4.461,-0.46854082998660784
2020-03-30,4.368,4.368,-2.084734364492269
2020-03-31,4.368,4.368,0.0
2020-04-01,4.35,4.35,-0.41208791208793283
2020-04-02,4.491,4.491,3.2413793103448274
2020-04-03,4.432,4.432,-1.3137385882876718
2020-04-07,4.575,4.575,3.2265342960288823
2020-04-08,4.59,4.59,0.3278688524590123
2020-04-09,4.636,4.636,1.002178649237484
2020-04-10,4.546,4.546,-1.9413287316652261
2020-04-13,4.495,4.495,-1.1218653761548625
2020-04-14,4.6,4.6,2.3359288097886344
2020-04-15,4.59,4.59,-0.21739130434782483
2020-04-16,4.629,4.629,0.8496732026143761
2020-04-17,4.636,4.636,0.15122056599699008
2020-04-20,4.69,4.69,1.164797238999138
2020-04-21,4.657,4.657,-0.703624733475483
2020-04-22,4.705,4.705,1.0307064633884533
2020-04-23,4.678,4.678,-0.5738575982996874
2020-04-24,4.603,4.603,-1.6032492518170183
2020-04-27,4.586,4.586,-0.3693243536823654
2020-04-28,4.547,4.547,-0.850414304404723
2020-04-29,4.557,4.557,0.21992522542337856
2020-04-30,4.681,4.681,2.7210884353741527
2020-05-06,4.76,4.76,1.6876735740226412
2020-05-07,4.753,4.753,-0.14705882352940014
2020-05-08,4.819,4.819,1.3885966757837043
2020-05-11,4.799,4.799,-0.41502386387216594
2020-05-12,4.812,4.812,0.2708897687018208
2020-05-13,4.839,4.839,0.5610972568578676
2020-05-14,4.812,4.812,-0.5579665220086794
2020-05-15,4.822,4.822,0.20781379883623163
2020-05-18,4.794,4.794,-0.5806719203650057
2020-05-19,4.853,4.853,1.2307050479766435
2020-05-20,4.812,4.812,-0.8448382443849045
2020-05-21,4.75,4.75,-1.2884455527847116
2020-05-22,4.662,4.662,-1.8526315789473724
2020-05-25,4.641,4.641,-0.45045045045044585
2020-05-26,4.735,4.735,2.0254255548373346
2020-05-27,4.703,4.703,-0.6758183738120427
2020-05-28,4.689,4.689,-0.29768233042739567
2020-05-29,4.731,4.731,0.8957133717210519
2020-06-01,4.903,4.903,3.6355950116254476
2020-06-02,4.897,4.897,-0.12237405669996981
2020-06-03,4.889,4.889,-0.16336532570961904
2020-06-04,4.898,4.898,0.1840867253016798
2020-06-05,4.911,4.911,0.2654144548795312
2020-06-08,4.899,4.899,-0.24434941967012014
2020-06-09,4.931,4.931,0.6531945294958152
2020-06-10,4.938,4.938,0.14195903467855153
2020-06-11,4.928,4.928,-0.20251113811259325
2020-06-12,4.929,4.929,0.020292207792205197
2020-06-15,4.923,4.923,-0.12172854534389099
2020-06-16,5.019,5.019,1.9500304692260828
2020-06-17,5.062,5.062,0.856744371388718
2020-06-18,5.076,5.076,0.27657052548397676
2020-06-19,5.117,5.117,0.8077226162332529
2020-06-22,5.113,5.113,-0.07817080320499104
2020-06-23,5.138,5.138,0.48894973596713687
2020-06-24,5.138,5.138,0.0
2020-06-29,5.114,5.114,-0.46710782405605666
2020-06-30,5.195,5.195,1.5838873680093846
2020-07-01,5.22,5.22,0.48123195380171957
2020-07-02,5.32,5.32,1.9157088122605526
2020-07-03,5.396,5.396,1.4285714285714235
2020-07-06,5.671,5.671,5.096367679762803
2020-07-07,5.731,5.731,1.0580144595309315
2020-07-08,5.853,5.853,2.1287733379863782
2020-07-09,6.02,6.02,2.8532376559029515
2020-07-10,6.011,6.011,-0.14950166112955854
2020-07-13,6.214,6.214,3.3771419065047548
2020-07-14,6.127,6.127,-1.4000643707756777
2020-07-15,5.991,5.991,-2.219683368695935
2020-07-16,5.672,5.672,-5.324653647137367
2020-07-17,5.676,5.676,0.07052186177716191
2020-07-20,5.854,5.854,3.136011275546169
2020-07-21,5.889,5.889,0.5978817902289046
2020-07-22,5.95,5.95,1.03582951265071
2020-07-23,5.943,5.943,-0.11764705882353343
2020-07-24,5.643,5.643,-5.047955577990915
2020-07-27,5.64,5.64,-0.05316321105794941
2020-07-28,5.702,5.702,1.0992907801418594
2020-07-29,5.874,5.874,3.0164854437039645
2020-07-30,5.853,5.853,-0.3575076608784422
2020-07-31,5.918,5.918,1.1105416025969594
2020-08-03,6.07,6.07,2.5684352821899292
2020-08-04,6.032,6.032,-0.6260296540362531
2020-08-05,6.093,6.093,1.0112732095490795
2020-08-06,6.109,6.109,0.2625964221237398
2020-08-07,6.028,6.028,-1.3259125879849454
2020-08-10,6.059,6.059,0.5142667551426783
2020-08-11,5.943,5.943,-1.9145073444462923
2020-08-12,5.862,5.862,-1.3629480060575405
2020-08-13,5.891,5.891,0.49471170249062446
2020-08-14,5.98,5.98,1.510779154642683
2020-08-17,6.071,6.071,1.5217391304347627
2020-08-18,6.117,6.117,0.7577005435677853
2020-08-19,6.007,6.007,-1.7982671244073933
2020-08-20,5.944,5.944,-1.0487764275012412
2020-08-21,5.982,5.982,0.6393001345895044
2020-08-24,6.016,6.016,0.5683717820126999
2020-08-25,5.984,5.984,-0.5319148936170248
2020-08-26,5.876,5.876,-1.8048128342245895
2020-08-27,5.932,5.932,0.9530292716133371
2020-08-28,6.039,6.039,1.8037761294672938
2020-08-31,6.007,6.007,-0.5298890544792156
2020-09-01,6.053,6.053,0.7657732645247162
2020-09-02,6.048,6.048,-0.08260366760284299
2020-09-03,6.013,6.013,-0.578703703703709
2020-09-04,5.97,5.97,-0.7151172459670785
2020-09-07,5.837,5.837,-2.227805695142382
2020-09-08,5.876,5.876,0.6681514476614803
2020-09-09,5.72,5.72,-2.6548672566371834
2020-09-10,5.615,5.615,-1.8356643356643332
2020-09-11,5.666,5.666,0.908281389136234
2020-09-14,5.712,5.712,0.8118602188492696
2020-09-15,5.736,5.736,0.42016806722688926
2020-09-16,5.717,5.717,-0.3312412831241285
2020-09-17,5.73,5.73,0.22739198880532552
2020-09-18,5.841,5.841,1.9371727748691114
2020-09-21,5.797,5.797,-0.7532956685499137
2020-09-22,5.72,5.72,-1.3282732447817858
2020-09-23,5.75,5.75,0.5244755244755206
2020-09-24,5.631,5.631,-2.0695652173913004
2020-09-25,5.613,5.613,-0.3196590303676028
2020-09-28,5.557,5.557,-0.997683947977912
2020-09-29,5.6,5.6,0.7737988123087902
2020-09-30,5.559,5.559,-0.7321428571428479
2020-10-09,5.714,5.714,2.788271271811471
2020-10-12,5.901,5.901,3.2726636331816383
2020-10-13,5.902,5.902,0.01694628029147438
2020-10-14,5.874,5.874,-0.47441545238903204
2020-10-15,5.827,5.827,-0.8001361933946183
2020-10-16,5.793,5.793,-0.5834906469881607
2020-10-19,5.733,5.733,-1.035732780942522
2020-10-20,5.784,5.784,0.8895866038723277
2020-10-21,5.733,5.733,-0.8817427385892196
2020-10-22,5.695,5.695,-0.6628292342578002
2020-10-23,5.595,5.595,-1.7559262510974616
2020-10-26,5.59,5.59,-0.08936550491509543
2020-10-27,5.588,5.588,-0.03577817531305039
2020-10-28,5.623,5.623,0.6263421617752396
2020-10-29,5.632,5.632,0.16005690912324066
2020-10-30,5.496,5.496,-2.414772727272718
2020-11-02,5.516,5.516,0.363901018922852
2020-11-03,5.609,5.609,1.6860043509789646
2020-11-04,5.608,5.608,-0.017828489926907665
2020-11-05,5.727,5.727,2.121968616262504
2020-11-06,5.681,5.681,-0.8032128514056325
2020-11-09,5.781,5.781,1.7602534765006173
2020-11-10,5.739,5.739,-0.7265179034769087
2020-11-11,5.665,5.665,-1.28942324446768
2020-11-12,5.685,5.685,0.3530450132391838
2020-11-13,5.687,5.687,0.035180299032555595
2020-11-16,5.757,5.757,1.2308774397749245
2020-11-17,5.716,5.716,-0.7121764808059705
2020-11-18,5.71,5.71,-0.10496850944716751
2020-11-19,5.744,5.744,0.5954465849387081
2020-11-20,5.796,5.796,0.9052924791086436
2020-11-23,5.842,5.842,0.7936507936507908
2020-11-24,5.84,5.84,-0.0342348510783963
2020-11-25,5.741,5.741,-1.6952054794520555
2020-11-26,5.723,5.723,-0.3135342274865005
2020-11-27,5.748,5.748,0.43683382841168683
2020-11-30,5.702,5.702,-0.8002783576896322
2020-12-01,5.8,5.8,1.7186951946685403
2020-12-02,5.805,5.805,0.08620689655172153
2020-12-03,5.826,5.826,0.36175710594315014
2020-12-04,5.849,5.849,0.3947820116718237
2020-12-07,5.804,5.804,-0.7693622841511316
2020-12-08,5.796,5.796,-0.1378359751895264
2020-12-09,5.7,5.7,-1.65631469979296
2020-12-10,5.71,5.71,0.17543859649122862
2020-12-11,5.611,5.611,-1.7338003502627042
2020-12-14,5.655,5.655,0.7841739440385131
2020-12-15,5.661,5.661,0.10610079575594789
2020-12-16,5.639,5.639,-0.38862391803566876
2020-12-17,5.712,5.712,1.2945557723000434
2020-12-18,5.691,5.691,-0.3676470588235281
2020-12-21,5.788,5.788,1.704445615884742
2020-12-22,5.669,5.669,-2.0559778852799027
2020-12-23,5.702,5.702,0.5821132474863377
2020-12-24,5.625,5.625,-1.350403367239561
2020-12-25,5.681,5.681,0.9955555555555495
2020-12-28,5.644,5.644,-0.6512937863052293
2020-12-29,5.618,5.618,-0.4606661941885193
2020-12-30,5.668,5.668,0.8899964400142402
2020-12-31,5.76,5.76,1.6231474947071112
2021-01-04,5.865,5.865,1.822916666666674
2021-01-05,5.92,5.92,0.9377664109121886
2021-01-06,5.913,5.913,-0.11824324324323232
2021-01-07,5.939,5.939,0.43970911550819114
2021-01-08,5.955,5.955,0.2694056238423892
2021-01-11,5.857,5.857,-1.64567590260285
2021-01-12,5.934,5.934,1.3146662113710184
2021-01-13,5.894,5.894,-0.6740815638692332
2021-01-14,5.849,5.849,-0.763488293179504
2021-01-15,5.826,5.826,-0.3932296118994816
2021-01-18,5.901,5.901,1.2873326467559343
2021-01-19,5.867,5.867,-0.5761735299101844
2021-01-20,5.924,5.924,0.9715357081984122
2021-01-21,6.013,6.013,1.5023632680621013
2021-01-22,6.022,6.022,0.14967570264428076
2021-01-25,6.032,6.032,0.16605778811025207
2021-01-26,5.935,5.935,-1.608090185676403
2021-01-27,5.95,5.95,0.2527379949452513
2021-01-28,5.831,5.831,-1.9999999999999907
2021-01-29,5.743,5.743,-1.509175098610871
2021-02-01,5.786,5.786,0.7487375935921969
2021-02-02,5.845,5.845,1.019702730729355
2021-02-03,5.808,5.808,-0.6330196749358419
2021-02-04,5.741,5.741,-1.1535812672176293
2021-02-05,5.649,5.649,-1.6025082738198804
2021-02-08,5.722,5.722,1.2922641175429295
2021-02-09,5.846,5.846,2.167074449493178
2021-02-10,5.916,5.916,1.1973999315771477
2021-02-18,6.01,6.01,1.5889114266396165
2021-02-19,6.101,6.101,1.5141430948419243
2021-02-22,6.041,6.041,-0.9834453368300244
2021-02-23,6.024,6.024,-0.2814103625227715
2021-02-24,5.942,5.942,-1.3612217795484716
2021-02-25,5.91,5.91,-0.5385392123864019
2021-02-26,5.771,5.771,-2.351945854483928
2021-03-01,5.881,5.881,1.9060821348120038
2021-03-02,5.832,5.832,-0.8331916340758472
2021-03-03,5.915,5.915,1.4231824417009653
2021-03-04,5.808,5.808,-1.8089602704987384
2021-03-05,5.818,5.818,0.1721763085399397
2021-03-08,5.669,5.669,-2.561017531797871
2021-03-09,5.533,5.533,-2.399012171458803
2021-03-10,5.471,5.471,-1.1205494306886
2021-03-11,5.628,5.628,2.869676475964167
2021-03-12,5.633,5.633,0.08884150675194658
2021-03-15,5.593,5.593,-0.7101011894194875
2021-03-16,5.596,5.596,0.053638476667261514
2021-03-17,5.631,5.631,0.6254467476769054
2021-03-18,5.675,5.675,0.781388740898592
2021-03-19,5.626,5.626,-0.8634361233480048
2021-03-22,5.703,5.703,1.368645574120153
2021-03-23,5.633,5.633,-1.22742416272138
2021-03-24,5.568,5.568,-1.1539144328066797
2021-03-25,5.582,5.582,0.25143678160919336
2021-03-26,5.66,5.66,1.3973486205661079
2021-03-29,5.66,5.66,0.0
2021-03-30,5.681,5.681,0.37102473498233923
2021-03-31,5.673,5.673,-0.14082027812004627
2021-04-01,5.715,5.715,0.7403490216816522
2021-04-02,5.729,5.729,0.24496937882765302
2021-04-06,5.741,5.741,0.20946063885494137
2021-04-07,5.75,5.75,0.15676711374326135
2021-04-08,5.769,5.769,0.33043478260870174
2021-04-09,5.748,5.748,-0.3640145605824263
2021-04-12,5.648,5.648,-1.739735560194855
2021-04-13,5.629,5.629,-0.33640226628894876
2021-04-14,5.684,5.684,0.9770829632261613
2021-04-15,5.69,5.69,0.1055594651653724
2021-04-16,5.766,5.766,1.3356766256590547
2021-04-19,5.829,5.829,1.092611862643067
2021-04-20,5.841,5.841,0.20586721564590515
2021-04-21,5.825,5.825,-0.273925697654509
2021-04-22,5.847,5.847,0.3776824034334769
2021-04-23,5.878,5.878,0.5301864203865136
2021-04-26,5.852,5.852,-0.44232732221843873
2021-04-27,5.85,5.85,-0.034176349965830966
2021-04-28,5.895,5.895,0.7692307692307665
2021-04-29,5.897,5.897,0.03392705682783159
2021-04-30,5.907,5.907,0.16957775139900821
2021-05-06,5.887,5.887,-0.33858134416794305
2021-05-07,5.86,5.86,-0.45863767623576246
2021-05-10,5.879,5.879,0.32423208191125763
2021-05-11,5.861,5.861,-0.30617451947609897
2021-05-12,5.93,5.93,1.1772735028152237
2021-05-13,5.86,5.86,-1.1804384485666009
2021-05-14,5.957,5.957,1.6552901023890731
2021-05-17,5.99,5.99,0.553970119187519
2021-05-18,6.007,6.007,0.28380634390650084
2021-05-19,5.997,5.997,-0.166472448809718
2021-05-20,5.973,5.973,-0.4002001000500299
2021-05-21,5.949,5.949,-0.40180813661476744
2021-05-24,5.967,5.967,0.302571860816947
2021-05-25,6.035,6.035,1.139601139601143
2021-05-26,6.045,6.045,0.1657000828500399
2021-05-27,6.098,6.098,0.8767576509511876
2021-05-28,6.095,6.095,-0.04919645785503857
2021-05-31,6.141,6.141,0.7547169811320753
2021-06-01,6.151,6.151,0.16283992835042227
2021-06-02,6.111,6.111,-0.6503007641033953
2021-06-03,6.098,6.098,-0.21273114056619136
2021-06-04,6.128,6.128,0.49196457855034126
2021-06-07,6.146,6.146,0.2937336814621272
2021-06-08,6.122,6.122,-0.3904978848031204
2021-06-09,6.116,6.116,-0.09800718719372714
2021-06-10,6.199,6.199,1.3570961412687987
2021-06-11,6.167,6.167,-0.516212292305207
2021-06-15,6.087,6.087,-1.2972271769093546
2021-06-16,6.009,6.009,-1.2814194184327166
2021-06-17,6.048,6.048,0.6490264603095319
2021-06-18,6.113,6.113,1.0747354497354644
2021-06-21,6.138,6.138,0.4089645018812371
2021-06-22,6.177,6.177,0.6353861192570864
2021-06-23,6.23,6.23,0.8580216933786744
2021-06-24,6.206,6.206,-0.3852327447833037
2021-06-25,6.259,6.259,0.8540122462133315
2021-06-28,6.263,6.263,0.06390797251956126
2021-06-29,6.212,6.212,-0.8143062430145287
2021-06-30,6.245,6.245,0.5312298776561475
2021-07-01,6.17,6.17,-1.2009607686148893
2021-07-02,6.115,6.115,-0.8914100486223653
2021-07-05,6.154,6.154,0.6377759607522515
2021-07-06,6.153,6.153,-0.01624959376016477
2021-07-07,6.212,6.212,0.9588818462538562
2021-07-08,6.203,6.203,-0.14488087572439579
2021-07-09,6.259,6.259,0.9027889730775396
2021-07-12,6.354,6.354,1.5178143473398187
2021-07-13,6.417,6.417,0.9915014164305846
2021-07-14,6.373,6.373,-0.6856786660433212
2021-07-15,6.389,6.389,0.2510591558135822
2021-07-16,6.398,6.398,0.1408671153545038
2021-07-19,6.36,6.36,-0.5939356048765165
2021-07-20,6.368,6.368,0.12578616352201255
2021-07-21,6.453,6.453,1.334798994974884
2021-07-22,6.483,6.483,0.46490004649000216
2021-07-23,6.47,6.47,-0.20052444855775953
2021-07-26,6.343,6.343,-1.9629057187017018
2021-07-27,6.215,6.215,-2.0179725681854
2021-07-28,6.115,6.115,-1.609010458567972
2021-07-29,6.226,6.226,1.8152085036794663
2021-07-30,6.247,6.247,0.33729521362029224
2021-08-02,6.337,6.337,1.4406915319353342
2021-08-03,6.29,6.29,-0.7416758718636562
2021-08-04,6.389,6.389,1.5739268680445173
2021-08-05,6.381,6.381,-0.12521521364845523
2021-08-06,6.412,6.412,0.4858172700203722
2021-08-09,6.439,6.439,0.42108546475359
2021-08-10,6.486,6.486,0.7299270072992581
2021-08-11,6.538,6.538,0.801726796176383
2021-08-12,6.565,6.565,0.41297032731721917
2021-08-13,6.567,6.567,0.030464584920020243
2021-08-16,6.532,6.532,-0.5329678696512907
2021-08-17,6.379,6.379,-2.342314758113906
2021-08-18,6.408,6.408,0.4546167110832444
2021-08-19,6.423,6.423,0.234082397003732
2021-08-20,6.393,6.393,-0.4670714619336769
2021-08-23,6.491,6.491,1.5329266385108786
2021-08-24,6.563,6.563,1.1092281620705524
2021-08-25,6.619,6.619,0.8532683224135251
2021-08-26,6.589,6.589,-0.45324067079618446
2021-08-27,6.643,6.643,0.8195477310669164
2021-08-30,6.692,6.692,0.7376185458377371
2021-08-31,6.72,6.72,0.4184100418409997
2021-09-01,6.659,6.659,-0.9077380952380976
2021-09-02,6.787,6.787,1.922210542123448
2021-09-03,6.75,6.75,-0.5451598644467315
2021-09-06,6.812,6.812,0.9185185185185185
2021-09-07,6.97,6.97,2.3194362889019216
2021-09-08,7.017,7.017,0.6743185078909697
2021-09-09,7.082,7.082,0.9263217899387222
2021-09-10,7.079,7.079,-0.04236091499576489
2021-09-13,7.105,7.105,0.36728351462071984
2021-09-14,7.022,7.022,-1.168191414496833
2021-09-15,7.053,7.053,0.4414696667615958
2021-09-16,6.918,6.918,-1.9140791152700953
2021-09-17,6.858,6.858,-0.8673026886383384
2021-09-22,6.93,6.93,1.049868766404205
2021-09-23,6.97,6.97,0.5772005772005873
2021-09-24,6.861,6.861,-1.5638450502152068
2021-09-27,6.661,6.661,-2.915026963999423
2021-09-28,6.665,6.665,0.06005104338688838
2021-09-29,6.507,6.507,-2.370592648162051
2021-09-30,6.569,6.569,0.9528200399569808
2021-10-08,6.559,6.559,-0.1522301720200958
2021-10-11,6.553,6.553,-0.09147735935356449
2021-10-12,6.419,6.419,-2.044864947352365
2021-10-13,6.45,6.45,0.482941268110304
2021-10-14,6.475,6.475,0.3875968992248069
2021-10-15,6.51,6.51,0.540540540540535
2021-10-18,6.531,6.531,0.3225806451612856
2021-10-19,6.585,6.585,0.8268259072117701
2021-10-20,6.582,6.582,-0.04555808656037108
2021-10-21,6.564,6.564,-0.27347310847766204
2021-10-22,6.511,6.511,-0.8074344911639275
2021-10-25,6.569,6.569,0.8908001843034752
2021-10-26,6.579,6.579,0.1522301720200847
2021-10-27,6.517,6.517,-0.9423924608603085
2021-10-28,6.435,6.435,-1.2582476599662495
2021-10-29,6.504,6.504,1.0722610722610826
2021-11-01,6.53,6.53,0.39975399753997554
2021-11-02,6.463,6.463,-1.026033690658501
2021-11-03,6.486,6.486,0.3558718861209842
2021-11-04,6.541,6.541,0.8479802651865542
2021-11-05,6.485,6.485,-0.8561382051674116
2021-11-08,6.506,6.506,0.32382420971472925
2021-11-09,6.549,6.549,0.6609283738088001
2021-11-10,6.532,6.532,-0.2595816155138264
2021-11-11,6.589,6.589,0.8726270667483327
2021-11-12,6.628,6.628,0.5918955835483297
2021-11-15,6.576,6.576,-0.7845503922752073
2021-11-16,6.529,6.529,-0.7147201946472004
2021-11-17,6.57,6.57,0.6279675294838416
2021-11-18,6.569,6.569,-0.015220700152207556
2021-11-19,6.652,6.652,1.2635104277667786
2021-11-22,6.713,6.713,0.9170174383644092
2021-11-23,6.73,6.73,0.2532399821242315
2021-11-24,6.724,6.724,-0.08915304606240682
2021-11-25,6.72,6.72,-0.05948839976205322
2021-11-26,6.699,6.699,-0.31249999999999334
2021-11-29,6.706,6.706,0.10449320794150285
2021-11-30,6.72,6.72,0.20876826722338038
2021-12-01,6.757,6.757,0.5505952380952417
2021-12-02,6.714,6.714,-0.6363770904247334
2021-12-03,6.781,6.781,0.9979148048853137
2021-12-06,6.724,6.724,-0.8405839846630236
2021-12-07,6.68,6.68,-0.6543723973825188
2021-12-08,6.784,6.784,1.556886227544907
2021-12-09,6.791,6.791,0.10318396226416393
2021-12-10,6.789,6.789,-0.029450743631287413
2021-12-13,6.804,6.804,0.22094564737076272
2021-12-14,6.787,6.787,-0.24985302763080863
2021-12-15,6.778,6.778,-0.13260645351407252
2021-12-16,6.844,6.844,0.9737385659486675
2021-12-17,6.793,6.793,-0.7451782583284605
2021-12-20,6.68,6.68,-1.6634771087884692
2021-12-21,6.734,6.734,0.8083832335329388
2021-12-22,6.763,6.763,0.4306504306504255
2021-12-23,6.803,6.803,0.5914534969688079
2021-12-24,6.761,6.761,-0.6173746876378061
2021-12-27,6.746,6.746,-0.22186067149829736
2021-12-28,6.751,6.751,0.07411799584939871
2021-12-29,6.733,6.733,-0.26662716634573425
2021-12-30,6.784,6.784,0.7574632407544968
2021-12-31,6.821,6.821,0.5454009433962348
2022-01-04,6.827,6.827,0.087963641694766
2022-01-05,6.686,6.686,-2.065328841365166
2022-01-06,6.694,6.694,0.11965300628178355
2022-01-07,6.658,6.658,-0.537795040334621
2022-01-10,6.659,6.659,0.015019525382986565
2022-01-11,6.618,6.618,-0.6157080642739121
2022-01-12,6.666,6.666,0.7252946509519465
2022-01-13,6.588,6.588,-1.1701170117011772
2022-01-14,6.555,6.555,-0.5009107468123886
2022-01-17,6.624,6.624,1.0526315789473717
2022-01-18,6.636,6.636,0.18115942028986698
2022-01-19,6.596,6.596,-0.6027727546714878
2022-01-20,6.541,6.541,-0.8338386901152184
2022-01-21,6.467,6.467,-1.1313254853997923
2022-01-24,6.459,6.459,-0.12370496366166384
2022-01-25,6.234,6.234,-3.4835113794705053
2022-01-26,6.259,6.259,0.40102662816812185
2022-01-27,6.1,6.1,-2.5403419076529876
2022-01-28,6.055,6.055,-0.7377049180327888
2022-02-07,6.148,6.148,1.5359207266721686
2022-02-08,6.225,6.225,1.2524398178269447
2022-02-09,6.316,6.316,1.4618473895582351
2022-02-10,6.315,6.315,-0.015832805573134934
2022-02-11,6.235,6.235,-1.2668250197941378
2022-02-14,6.178,6.178,-0.9141940657578229
2022-02-15,6.236,6.236,0.9388151505341558
2022-02-16,6.25,6.25,0.22450288646569394
2022-02-17,6.252,6.252,0.031999999999987594
2022-02-18,6.311,6.311,0.9436980166346753
2022-02-21,6.341,6.341,0.4753604816986279
2022-02-22,6.266,6.266,-1.182778741523427
2022-02-23,6.364,6.364,1.5639961698052929
2022-02-24,6.248,6.248,-1.8227529855436742
2022-02-25,6.295,6.295,0.7522407170294398
2022-02-28,6.329,6.329,0.540111199364568
2022-03-01,6.347,6.347,0.2844051192921526
2022-03-02,6.349,6.349,0.03151095005513582
2022-03-03,6.342,6.342,-0.11025358324145973
2022-03-04,6.295,6.295,-0.7410911384421293
2022-03-07,6.142,6.142,-2.430500397140578
2022-03-08,5.901,5.901,-3.923803321393693
2022-03-09,5.791,5.791,-1.8640908320623484
2022-03-10,5.89,5.89,1.7095493006389129
2022-03-11,5.979,5.979,1.5110356536502723
2022-03-14,5.812,5.812,-2.7931092155878856
2022-03-15,5.447,5.447,-6.280110116999316
2022-03-16,5.652,5.652,3.763539563062235
2022-03-17,5.75,5.75,1.7338995046001449
2022-03-18,5.813,5.813,1.095652173913031
2022-03-21,5.837,5.837,0.41286771030448755
2022-03-22,5.839,5.839,0.03426417680316707
2022-03-23,5.881,5.881,0.7193012502140661
2022-03-24,5.833,5.833,-0.8161877231763315
2022-03-25,5.753,5.753,-1.3715069432538973
2022-03-28,5.774,5.774,0.3650269424648078
2022-03-29,5.741,5.741,-0.5715275372358941
2022-03-30,5.874,5.874,2.316669569761376
2022-03-31,5.819,5.819,-0.9363295880149725
2022-04-01,5.862,5.862,0.7389585839491453
2022-04-06,5.848,5.848,-0.23882633913340223
2022-04-07,5.707,5.707,-2.4110807113543076
2022-04-08,5.727,5.727,0.35044681969511604
2022-04-11,5.532,5.532,-3.4049240440021
2022-04-12,5.629,5.629,1.7534345625451753
2022-04-13,5.542,5.542,-1.5455675963759075
2022-04-14,5.62,5.62,1.4074341392998901
2022-04-15,5.566,5.566,-0.9608540925266973
2022-04-18,5.571,5.571,0.08983111749909511
2022-04-19,5.591,5.591,0.35900197451086413
2022-04-20,5.453,5.453,-2.468252548739047
2022-04-21,5.273,5.273,-3.3009352649917556
2022-04-22,5.239,5.239,-0.6447942347809543
2022-04-25,4.871,4.871,-7.02424126741743
2022-04-26,4.775,4.775,-1.9708478751796377
2022-04-27,4.949,4.949,3.6439790575916176
2022-04-28,4.934,4.934,-0.30309153364315167
2022-04-29,5.152,5.152,4.418321848398854
2022-05-05,5.191,5.191,0.7569875776397561
2022-05-06,5.066,5.066,-2.4080138701598974
2022-05-09,5.114,5.114,0.9474930911962165
2022-05-10,5.207,5.207,1.8185373484552292
2022-05-11,5.244,5.244,0.7105819089686882
2022-05-12,5.248,5.248,0.07627765064837089
2022-05-13,5.313,5.313,1.2385670731707155
2022-05-16,5.296,5.296,-0.31996988518726566
2022-05-17,5.326,5.326,0.566465256797577
2022-05-18,5.307,5.307,-0.3567405182125283
2022-05-19,5.36,5.36,0.9986809873751668
2022-05-20,5.449,5.449,1.6604477611940283
2022-05-23,5.474,5.474,0.4587997797761201
2022-05-24,5.274,5.274,-3.6536353671903554
2022-05-25,5.365,5.365,1.7254455821008818
2022-05-26,5.431,5.431,1.2301957129543295
2022-05-27,5.431,5.431,0.0
2022-05-30,5.462,5.462,0.570797274903323
2022-05-31,5.554,5.554,1.6843647015745145
2022-06-01,5.548,5.548,-0.10803024846957054
2022-06-02,5.619,5.619,1.2797404470079154
2022-06-06,5.715,5.715,1.7084890549919907
2022-06-07,5.711,5.711,-0.06999125109360405
2022-06-08,5.754,5.754,0.752932936438433
2022-06-09,5.68,5.68,-1.2860618700034743
2022-06-10,5.791,5.791,1.9542253521126929
2022-06-13,5.772,5.772,-0.3280953203246395
2022-06-14,5.835,5.835,1.0914760914760846
2022-06-15,5.809,5.809,-0.4455869751499586
2022-06-16,5.819,5.819,0.17214666896194775
2022-06-17,5.878,5.878,1.0139199175116076
2022-06-20,5.878,5.878,0.0
2022-06-21,5.833,5.833,-0.7655665192242256
2022-06-22,5.736,5.736,-1.662952168695364
2022-06-23,5.871,5.871,2.353556485355668
2022-06-24,5.943,5.943,1.2263668880940104
2022-06-27,5.97,5.97,0.454316002019195
2022-06-28,6.077,6.077,1.7922948073701983
2022-06-29,5.975,5.975,-1.6784597663320744
2022-06-30,6.025,6.025,0.8368200836820217
2022-07-01,6.013,6.013,-0.19917012448134042
2022-07-04,6.091,6.091,1.2971894229170111
2022-07-05,6.082,6.082,-0.14775898867182002
2022-07-06,5.998,5.998,-1.3811246300558966
2022-07-07,6.025,6.025,0.4501500500166733
2022-07-08,5.987,5.987,-0.630705394190878
2022-07-11,5.902,5.902,-1.4197427760146986
2022-07-12,5.826,5.826,-1.2876990850559267
2022-07-13,5.849,5.849,0.3947820116718237
2022-07-14,5.893,5.893,0.7522653445033223
2022-07-15,5.787,5.787,-1.7987442728661152
2022-07-18,5.901,5.901,1.9699326075686807
2022-07-19,5.924,5.924,0.38976444670395516
2022-07-20,6.005,6.005,1.3673193787981042
2022-07-21,5.943,5.943,-1.0324729392173215
2022-07-22,5.886,5.886,-0.9591115598182598
2022-07-25,5.824,5.824,-1.053346924906562
2022-07-26,5.899,5.899,1.2877747252747263
2022-07-27,5.926,5.926,0.45770469571113637
2022-07-28,5.943,5.943,0.28687141410730366
2022-07-29,5.892,5.892,-0.8581524482584424
2022-08-01,5.946,5.946,0.9164969450101701
2022-08-02,5.788,5.788,-2.6572485704675297
2022-08-03,5.736,5.736,-0.8984105044920643
2022-08-04,5.757,5.757,0.36610878661087476
2022-08-05,5.885,5.885,2.2233802327601193
2022-08-08,5.92,5.92,0.5947323704333041
2022-08-09,5.938,5.938,0.3040540540540482
2022-08-10,5.926,5.926,-0.2020882452003936
2022-08-11,6.051,6.051,2.109348633142094
2022-08-12,6.039,6.039,-0.1983143282102251
2022-08-15,6.048,6.048,0.14903129657228842
2022-08-16,6.065,6.065,0.2810846560846514
2022-08-17,6.107,6.107,0.6924979389942187
2022-08-18,6.083,6.083,-0.3929916489274654
2022-08-19,5.998,5.998,-1.3973368403748188
2022-08-22,6.078,6.078,1.3337779259753324
2022-08-23,6.08,6.08,0.032905561039808795
2022-08-24,5.895,5.895,-3.0427631578947456
2022-08-25,5.929,5.929,0.5767599660729594
2022-08-26,5.915,5.915,-0.23612750885478873
2022-08-29,5.911,5.911,-0.06762468300930413
2022-08-30,5.902,5.902,-0.15225850109963357
2022-08-31,5.768,5.768,-2.2704168078617526
2022-09-01,5.746,5.746,-0.38141470180304005
2022-09-02,5.757,5.757,0.19143752175425632
2022-09-05,5.788,5.788,0.5384749001215994
2022-09-06,5.894,5.894,1.8313752591568644
2022-09-07,5.91,5.91,0.271462504241593
2022-09-08,5.888,5.888,-0.37225042301184397
2022-09-09,5.926,5.926,0.6453804347826164
2022-09-13,5.91,5.91,-0.26999662504219035
2022-09-14,5.862,5.862,-0.8121827411167515
2022-09-15,5.719,5.719,-2.43944046400546
2022-09-16,5.567,5.567,-2.657807308970106
2022-09-19,5.53,5.53,-0.6646308604275175
2022-09-20,5.56,5.56,0.5424954792043302
2022-09-21,5.59,5.59,0.5395683453237377
2022-09-22,5.581,5.581,-0.1610017889087545
2022-09-23,5.51,5.51,-1.2721734456190736
2022-09-26,5.417,5.417,-1.6878402903811263
2022-09-27,5.526,5.526,2.0121838656082636
2022-09-28,5.387,5.387,-2.5153818313427445
2022-09-29,5.402,5.402,0.27844811583441764
2022-09-30,5.324,5.324,-1.4439096630877502
2022-10-10,5.258,5.258,-1.2396694214875992
2022-10-11,5.293,5.293,0.6656523392924996
2022-10-12,5.429,5.429,2.569431324390714
2022-10-13,5.444,5.444,0.2762939767912975
2022-10-14,5.592,5.592,2.7185892725936744
2022-10-17,5.619,5.619,0.4828326180257525
2022-10-18,5.646,5.646,0.480512546716505
2022-10-19,5.595,5.595,-0.9032943676939409
2022-10-20,5.575,5.575,-0.3574620196604039
2022-10-21,5.575,5.575,0.0
2022-10-24,5.524,5.524,-0.9147982062780335
2022-10-25,5.477,5.477,-0.8508327299058593
2022-10-26,5.598,5.598,2.209238634288835
2022-10-27,5.58,5.58,-0.3215434083601254
2022-10-28,5.39,5.39,-3.405017921146958
2022-10-31,5.425,5.425,0.6493506493506551
2022-11-01,5.57,5.57,2.6728110599078425
2022-11-02,5.613,5.613,0.7719928186714631
2022-11-03,5.616,5.616,0.05344735435595105
2022-11-04,5.768,5.768,2.7065527065527117
2022-11-07,5.752,5.752,-0.277392510402219
2022-11-08,5.758,5.758,0.10431154381085328
2022-11-09,5.741,5.741,-0.2952414032650341
2022-11-10,5.72,5.72,-0.3657899320675839
2022-11-11,5.756,5.756,0.6293706293706292
2022-11-14,5.746,5.746,-0.17373175816538522
2022-11-15,5.852,5.852,1.8447615732683609
2022-11-16,5.823,5.823,-0.495557074504438
2022-11-17,5.836,5.836,0.22325261892495174
2022-11-18,5.824,5.824,-0.20562028786841324
2022-11-21,5.817,5.817,-0.12019230769230171
2022-11-22,5.751,5.751,-1.1346054667354277
2022-11-23,5.74,5.74,-0.19127108328986786
2022-11-24,5.741,5.741,0.01742160278743743
2022-11-25,5.709,5.709,-0.5573941821982231
2022-11-28,5.682,5.682,-0.4729374671571085
2022-11-29,5.782,5.782,1.7599436818021674
2022-11-30,5.768,5.768,-0.2421307506053294
2022-12-01,5.801,5.801,0.5721220527045823
2022-12-02,5.786,5.786,-0.25857610756766514
2022-12-05,5.829,5.829,0.7431731766332605
2022-12-06,5.826,5.826,-0.05146680391148184
2022-12-07,5.818,5.818,-0.1373154823206324
2022-12-08,5.808,5.808,-0.17188037126160127
2022-12-09,5.817,5.817,0.15495867768595684
2022-12-12,5.794,5.794,-0.3953928141653851
2022-12-13,5.76,5.76,-0.5868139454608179
2022-12-14,5.734,5.734,-0.45138888888888173
2022-12-15,5.733,5.733,-0.017439832577614833
2022-12-16,5.71,5.71,-0.4011861154718188
2022-12-19,5.581,5.581,-2.2591943957968375
2022-12-20,5.517,5.517,-1.1467478946425413
2022-12-21,5.487,5.487,-0.543773790103319
2022-12-22,5.424,5.424,-1.1481683980317015
2022-12-23,5.402,5.402,-0.4056047197640189
2022-12-26,5.471,5.471,1.2773047019622341
2022-12-27,5.511,5.511,0.7311277645768666
2022-12-28,5.495,5.495,-0.2903284340410095
2022-12-29,5.492,5.492,-0.054595086442221774
2022-12-30,5.498,5.498,0.10924981791697874
2023-01-03,5.581,5.581,1.5096398690432888
2023-01-04,5.579,5.579,-0.03583587170759017
2023-01-05,5.638,5.638,1.0575371930453548
2023-01-06,5.651,5.651,0.23057821922667365
2023-01-09,5.663,5.663,0.21235179614227384
2023-01-10,5.678,5.678,0.26487727352992874
2023-01-11,5.65,5.65,-0.4931313842902352
2023-01-12,5.644,5.644,-0.10619469026549311
2023-01-13,5.695,5.695,0.9036144578313365
2023-01-16,5.754,5.754,1.0359964881474948
2023-01-17,5.762,5.762,0.13903371567605127
2023-01-18,5.786,5.786,0.4165220409580117
2023-01-19,5.843,5.843,0.9851365364673459
2023-01-20,5.888,5.888,0.7701523190142057
2023-01-30,5.909,5.909,0.3566576086956541
2023-01-31,5.914,5.914,0.08461668641055464
2023-02-01,5.986,5.986,1.2174501183632058
2023-02-02,5.996,5.996,0.16705646508521355
2023-02-03,5.968,5.968,-0.46697798532355783
2023-02-06,5.939,5.939,-0.4859249329758675
2023-02-07,5.942,5.942,0.05051355447045491
2023-02-08,5.896,5.896,-0.7741501178054611
2023-02-09,5.987,5.987,1.5434192672998615
2023-02-10,5.967,5.967,-0.3340571237681722
2023-02-13,6.005,6.005,0.6368359309535832
2023-02-14,6.022,6.022,0.28309741881766826
2023-02-15,6.01,6.01,-0.19926934573232247
2023-02-16,5.925,5.925,-1.4143094841930104
2023-02-17,5.871,5.871,-0.9113924050632827
2023-02-20,5.969,5.969,1.6692215976835234
2023-02-21,6.006,6.006,0.6198693248450349
2023-02-22,6.0,6.0,-0.09990009990010762
2023-02-23,5.989,5.989,-0.18333333333333535
2023-02-24,5.975,5.975,-0.2337618968108246
2023-02-27,5.942,5.942,-0.5523012552301143
2023-02-28,5.983,5.983,0.6900033658700622
2023-03-01,6.022,6.022,0.6518468995487359
2023-03-02,6.015,6.015,-0.11624045167719643
2023-03-03,6.012,6.012,-0.04987531172070403
2023-03-06,6.014,6.014,0.03326679973387758
2023-03-07,5.914,5.914,-1.6627868307283133
2023-03-08,5.924,5.924,0.1690902942171224
2023-03-09,5.917,5.917,-0.1181634031060197
2023-03-10,5.837,5.837,-1.352036504985632
2023-03-13,5.872,5.872,0.5996230940551683
2023-03-14,5.821,5.821,-0.8685286103542245
2023-03-15,5.853,5.853,0.549733722728063
2023-03-16,5.776,5.776,-1.315564667691782
2023-03-17,5.812,5.812,0.6232686980609525
2023-03-20,5.793,5.793,-0.3269098417068128
2023-03-21,5.858,5.858,1.122043846021059
2023-03-22,5.892,5.892,0.5804028678729978
2023-03-23,5.927,5.927,0.5940257976917662
2023-03-24,5.935,5.935,0.13497553568415643
2023-03-27,5.932,5.932,-0.050547598989036935
2023-03-28,5.916,5.916,-0.2697235333782855
2023-03-29,5.89,5.89,-0.43948613928330715
2023-03-30,5.923,5.923,0.5602716468590785
2023-03-31,5.97,5.97,0.793516798919458
2023-04-03,6.034,6.034,1.0720268006700229
2023-04-04,6.038,6.038,0.06629101756712164
2023-04-06,6.037,6.037,-0.01656177542233017
2023-04-07,6.086,6.086,0.8116614212357209
2023-04-10,6.043,6.043,-0.7065395990798584
2023-04-11,6.042,6.042,-0.016548072149602522
2023-04-12,6.064,6.064,0.36411784177425854
2023-04-13,6.036,6.036,-0.4617414248021201
2023-04-14,6.051,6.051,0.248508946322068
2023-04-17,6.083,6.083,0.5288382085605781
2023-04-18,6.07,6.07,-0.2137103402926166
2023-04-19,6.04,6.04,-0.49423393739703725
2023-04-20,6.033,6.033,-0.11589403973509826
2023-04-21,5.88,5.88,-2.5360517155644025
2023-04-24,5.838,5.838,-0.7142857142857117
2023-04-25,5.744,5.744,-1.6101404590613266
2023-04-26,5.77,5.77,0.4526462395543218
2023-04-27,5.796,5.796,0.45060658578857105
2023-04-28,5.888,5.888,1.5873015873015817
2023-05-04,5.889,5.889,0.016983695652172948
2023-05-05,5.833,5.833,-0.9509254542367174
2023-05-08,5.872,5.872,0.6686096348362813
2023-05-09,5.815,5.815,-0.9707084468664751
2023-05-10,5.804,5.804,-0.18916595012897774
2023-05-11,5.785,5.785,-0.32736044107511963
2023-05-12,5.725,5.725,-1.0371650821089151
2023-05-15,5.793,5.793,1.1877729257641967
2023-05-16,5.752,5.752,-0.7077507336440636
2023-05-17,5.754,5.754,0.03477051460361036
2023-05-18,5.764,5.764,0.1737921445950752
2023-05-19,5.769,5.769,0.0867453157529452
2023-05-22,5.76,5.76,-0.15600624024961762
2023-05-23,5.695,5.695,-1.1284722222222099
2023-05-24,5.649,5.649,-0.8077260755048332
2023-05-25,5.631,5.631,-0.31864046733934837
2023-05-26,5.684,5.684,0.941218256082399
2023-05-29,5.677,5.677,-0.12315270935961964
2023-05-30,5.71,5.71,0.5812929364100716
2023-05-31,5.703,5.703,-0.12259194395796147
2023-06-01,5.713,5.713,0.1753463089601892
2023-06-02,5.765,5.765,0.910204796079106
2023-06-05,5.752,5.752,-0.2254986990459673
2023-06-06,5.638,5.638,-1.9819193324061124
2023-06-07,5.642,5.642,0.07094714437745342
2023-06-08,5.629,5.629,-0.23041474654379446
2023-06-09,5.68,5.68,0.9060223840824388
2023-06-12,5.698,5.698,0.31690140845070935
2023-06-13,5.716,5.716,0.3159003159003193
2023-06-14,5.723,5.723,0.12246326102167693
2023-06-15,5.777,5.777,0.9435610693692142
2023-06-16,5.82,5.82,0.744330967630269
2023-06-19,5.812,5.812,-0.13745704467353903
2023-06-20,5.809,5.809,-0.05161734342739033
2023-06-21,5.684,5.684,-2.1518333620244467
2023-06-26,5.583,5.583,-1.7769176636171724
2023-06-27,5.628,5.628,0.8060182697474438
2023-06-28,5.642,5.642,0.24875621890547706
2023-06-29,5.633,5.633,-0.15951790145338762
2023-06-30,5.706,5.706,1.2959346706905794
2023-07-03,5.735,5.735,0.5082369435681633
2023-07-04,5.749,5.749,0.24411508282475847
2023-07-05,5.718,5.718,-0.5392242129065861
2023-07-06,5.683,5.683,-0.6121021336131571
2023-07-07,5.667,5.667,-0.28154143938060594
2023-07-10,5.688,5.688,0.37056643726840477
2023-07-11,5.738,5.738,0.8790436005625901
2023-07-12,5.677,5.677,-1.063088184036265
2023-07-13,5.761,5.761,1.4796547472256671
2023-07-14,5.737,5.737,-0.41659434126020134
2023-07-17,5.722,5.722,-0.2614606937423658
2023-07-18,5.713,5.713,-0.15728766165676866
2023-07-19,5.704,5.704,-0.15753544547524312
2023-07-20,5.638,5.638,-1.1570827489481017
2023-07-21,5.641,5.641,0.05321035828307341
2023-07-24,5.631,5.631,-0.17727353306150606
2023-07-25,5.729,5.729,1.7403658320014115
2023-07-26,5.718,5.718,-0.19200558561703884
2023-07-27,5.676,5.676,-0.7345225603357819
2023-07-28,5.768,5.768,1.6208597603946329
2023-07-31,5.807,5.807,0.6761442441054255
2023-08-01,5.812,5.812,0.08610297916307186
2023-08-02,5.79,5.79,-0.37852718513421424
2023-08-03,5.811,5.811,0.36269430051814044
2023-08-04,5.852,5.852,0.7055584236792312
2023-08-07,5.811,5.811,-0.7006151742993905
2023-08-08,5.79,5.79,-0.3613835828600864
2023-08-09,5.748,5.748,-0.7253886010362698
2023-08-10,5.746,5.746,-0.03479471120388933
2023-08-11,5.625,5.625,-2.1058127392969084
2023-08-14,5.632,5.632,0.12444444444443814
2023-08-15,5.599,5.599,-0.5859374999999889
2023-08-16,5.556,5.556,-0.767994284693696
2023-08-17,5.592,5.592,0.647948164146861
2023-08-18,5.499,5.499,-1.6630901287553623
2023-08-21,5.422,5.422,-1.4002545917439546
2023-08-22,5.449,5.449,0.4979712283290416
2023-08-23,5.349,5.349,-1.8351991191044137
2023-08-24,5.365,5.365,0.29912133108991323
2023-08-25,5.297,5.297,-1.267474370922661
2023-08-28,5.36,5.36,1.1893524636586772
2023-08-29,5.485,5.485,2.332089552238803
2023-08-30,5.486,5.486,0.01823154056517229
2023-08-31,5.457,5.457,-0.528618301130146
2023-09-01,5.463,5.463,0.10995052226498991
2023-09-04,5.547,5.547,1.537616694124111
2023-09-05,5.504,5.504,-0.7751937984496138
2023-09-06,5.502,5.502,-0.03633720930231732
2023-09-07,5.42,5.42,-1.490367139222093
2023-09-08,5.418,5.418,-0.03690036900368954
2023-09-11,5.485,5.485,1.236618678479151
2023-09-12,5.487,5.487,0.03646308113034458
2023-09-13,5.428,5.428,-1.0752688172043001
2023-09-14,5.423,5.423,-0.09211495946941373
2023-09-15,5.424,5.424,0.01843997787203122
2023-09-18,5.436,5.436,0.22123893805308104
2023-09-19,5.411,5.411,-0.4598969830758026
2023-09-20,5.37,5.37,-0.7577157641840637
2023-09-21,5.324,5.324,-0.8566108007448836
2023-09-22,5.422,5.422,1.8407212622088664
2023-09-25,5.389,5.389,-0.6086315012910237
2023-09-26,5.37,5.37,-0.35257005010206344
2023-09-27,5.395,5.395,0.4655493482309092
2023-09-28,5.403,5.403,0.14828544949025968
2023-10-09,5.371,5.371,-0.5922635572829793
2023-10-10,5.343,5.343,-0.5213181902811503
2023-10-11,5.338,5.338,-0.09358038555118409
2023-10-12,5.381,5.381,0.8055451479955122
2023-10-13,5.351,5.351,-0.5575171901133658
2023-10-16,5.294,5.294,-1.0652214539338511
2023-10-17,5.305,5.305,0.2077823951643465
2023-10-18,5.237,5.237,-1.2818096135720936
2023-10-19,5.172,5.172,-1.2411686079816797
2023-10-20,5.134,5.134,-0.7347254447022333
2023-10-23,4.987,4.987,-2.863264511102459
2023-10-24,5.051,5.051,1.2833366753559172
2023-10-25,5.078,5.078,0.5345476143338024
2023-10-26,5.102,5.102,0.4726270185112291
2023-10-27,5.206,5.206,2.0384163073304595
2023-10-30,5.251,5.251,0.8643872454859869
2023-10-31,5.238,5.238,-0.24757189106836552
2023-11-01,5.226,5.226,-0.2290950744559095
2023-11-02,5.175,5.175,-0.9758897818599288
2023-11-03,5.216,5.216,0.7922705314009626
2023-11-06,5.311,5.311,1.8213190184048988
2023-11-07,5.32,5.32,0.16945961212577743
2023-11-08,5.316,5.316,-0.07518796992481702
2023-11-09,5.304,5.304,-0.22573363431150906
2023-11-10,5.284,5.284,-0.37707390648568095
2023-11-13,5.315,5.315,0.5866767600302802
2023-11-14,5.339,5.339,0.4515522107243708
2023-11-15,5.376,5.376,0.6930136729724756
2023-11-16,5.318,5.318,-1.0788690476190577
2023-11-17,5.337,5.337,0.35727717186913033
2023-11-20,5.369,5.369,0.5995877833989027
2023-11-21,5.352,5.352,-0.3166325200223419
2023-11-22,5.279,5.279,-1.3639760837070303
2023-11-23,5.33,5.33,0.966092062890711
2023-11-24,5.284,5.284,-0.8630393996247654
2023-11-27,5.27,5.27,-0.26495079485239215
2023-11-28,5.296,5.296,0.49335863377610867
2023-11-29,5.267,5.267,-0.5475830815709903
2023-11-30,5.248,5.248,-0.3607366622365715
2023-12-01,5.275,5.275,0.5144817073170715
2023-12-04,5.263,5.263,-0.22748815165877234
2023-12-05,5.176,5.176,-1.653049591487743
2023-12-06,5.188,5.188,0.23183925811436357
2023-12-07,5.193,5.193,0.09637625289129481
2023-12-08,5.205,5.205,0.23108030040439598
2023-12-11,5.267,5.267,1.1911623439001096
2023-12-12,5.277,5.277,0.18986140117713823
2023-12-13,5.218,5.218,-1.118059503505786
2023-12-14,5.199,5.199,-0.3641241855116939
2023-12-15,5.155,5.155,-0.8463165993460198
2023-12-18,5.094,5.094,-1.183317167798248
2023-12-19,5.085,5.085,-0.17667844522968323
2023-12-20,5.023,5.023,-1.2192723697148522
2023-12-21,5.037,5.037,0.27871789767071053
2023-12-22,5.021,5.021,-0.3176493944808456
2023-12-25,5.014,5.014,-0.1394144592710589
2023-12-26,4.967,4.967,-0.937375349022751
2023-12-27,4.983,4.983,0.3221260318099439
2023-12-28,5.086,5.086,2.067027894842477
2023-12-29,5.13,5.13,0.8651199370821816
2024-01-02,5.108,5.108,-0.42884990253412303
2024-01-03,5.101,5.101,-0.13703993735316722
2024-01-04,5.057,5.057,-0.8625759654969589
2024-01-05,4.987,4.987,-1.384219893217331
2024-01-08,4.861,4.861,-2.5265690796069884
2024-01-09,4.873,4.873,0.2468627854351091
2024-01-10,4.86,4.86,-0.26677611327724504
2024-01-11,4.923,4.923,1.2962962962962843
2024-01-12,4.903,4.903,-0.4062563477554404
2024-01-15,4.89,4.89,-0.26514378951661977
2024-01-16,4.885,4.885,-0.10224948875255935
2024-01-17,4.752,4.752,-2.722620266120779
2024-01-18,4.757,4.757,0.10521885521885821
2024-01-19,4.717,4.717,-0.8408660920748434
2024-01-22,4.481,4.481,-5.003179987280049
2024-01-23,4.559,4.559,1.740682883284994
2024-01-24,4.629,4.629,1.5354244351831303
2024-01-25,4.777,4.777,3.197234823936057
2024-01-26,4.72,4.72,-1.193217500523347
2024-01-29,4.624,4.624,-2.033898305084747
2024-01-30,4.522,4.522,-2.2058823529411686
2024-01-31,4.394,4.394,-2.8306059265811645
2024-02-01,4.376,4.376,-0.4096495220755503
2024-02-02,4.248,4.248,-2.925045703839124
2024-02-05,4.146,4.146,-2.4011299435028333
2024-02-06,4.524,4.524,9.117221418234456
2024-02-07,4.836,4.836,6.896551724137945
2024-02-08,4.86,4.86,0.496277915632759
2024-02-19,4.826,4.826,-0.6995884773662642
2024-02-20,4.826,4.826,0.0
2024-02-21,4.823,4.823,-0.062163282221283644
2024-02-22,4.868,4.868,0.9330292349160274
2024-02-23,4.892,4.892,0.49301561216106293
2024-02-26,4.882,4.882,-0.20441537203599314
2024-02-27,5.009,5.009,2.6013928717738777
2024-02-28,4.87,4.87,-2.7750049910161723
2024-02-29,5.042,5.042,3.5318275154003986
2024-03-01,5.078,5.078,0.7140023800079387
2024-03-04,5.076,5.076,-0.03938558487595056
2024-03-05,5.049,5.049,-0.5319148936170026
2024-03-06,5.044,5.044,-0.09902951079423516
2024-03-07,4.974,4.974,-1.387787470261681
2024-03-08,5.045,5.045,1.4274225975070332
2024-03-11,5.147,5.147,2.021803766105057
2024-03-12,5.116,5.116,-0.6022925976296944
2024-03-13,5.108,5.108,-0.15637216575449253
2024-03-14,5.085,5.085,-0.4502740798747018
2024-03-15,5.16,5.16,1.4749262536873253
2024-03-18,5.231,5.231,1.3759689922480556
2024-03-19,5.172,5.172,-1.1278914165551601
2024-03-20,5.186,5.186,0.2706883217324041
2024-03-21,5.159,5.159,-0.5206324720401057
2024-03-22,5.076,5.076,-1.6088389222717603
2024-03-25,4.995,4.995,-1.5957446808510523
2024-03-26,4.971,4.971,-0.480480480480483
2024-03-27,4.847,4.847,-2.494467913900622
2024-03-28,4.914,4.914,1.3822983288632074
2024-03-29,4.982,4.982,1.3838013838013863
2024-04-01,5.095,5.095,2.268165395423516
2024-04-02,5.073,5.073,-0.4317958783120579
2024-04-03,5.07,5.07,-0.05913660555884048
2024-04-08,4.99,4.99,-1.5779092702169595
2024-04-09,5.035,5.035,0.9018036072144353
2024-04-10,4.972,4.972,-1.2512413108242249
2024-04-11,4.997,4.997,0.5028157683024892
2024-04-12,4.968,4.968,-0.580348208925352
2024-04-15,5.039,5.039,1.4291465378421853
2024-04-16,4.891,4.891,-2.9370906925977325
2024-04-17,5.032,5.032,2.8828460437538395
2024-04-18,5.042,5.042,0.19872813990460259
2024-04-19,5.005,5.005,-0.7338357794525963
2024-04-22,4.96,4.96,-0.899100899100902
2024-04-23,4.898,4.898,-1.2500000000000067
2024-04-24,4.96,4.96,1.2658227848101333
2024-04-25,4.952,4.952,-0.1612903225806428
2024-04-26,5.072,5.072,2.4232633279483107
2024-04-29,5.178,5.178,2.0899053627760233
2024-04-30,5.14,5.14,-0.7338740826574042
2024-05-06,5.225,5.225,1.6536964980544688
2024-05-07,5.224,5.224,-0.019138755980852018
2024-05-08,5.153,5.153,-1.359111791730483
2024-05-09,5.254,5.254,1.960023287405388
2024-05-10,5.234,5.234,-0.3806623524933328
2024-05-13,5.205,5.205,-0.5540695452808553
2024-05-14,5.199,5.199,-0.11527377521614035
2024-05-15,5.15,5.15,-0.9424889401807968
2024-05-16,5.124,5.124,-0.5048543689320506
2024-05-17,5.202,5.202,1.5222482435597318
2024-05-20,5.222,5.222,0.3844675124952124
2024-05-21,5.182,5.182,-0.7659900421294497
2024-05-22,5.176,5.176,-0.11578541103821616
2024-05-23,5.081,5.081,-1.8353941267387874
2024-05-24,5.029,5.029,-1.0234205864987356
2024-05-27,5.081,5.081,1.0340027838536603
2024-05-28,5.034,5.034,-0.9250147608738546
2024-05-29,5.045,5.045,0.2185141040921712
2024-05-30,5.034,5.034,-0.2180376610505519
2024-05-31,5.033,5.033,-0.019864918553824662
2024-06-03,4.992,4.992,-0.8146234849990108
2024-06-04,5.063,5.063,1.4222756410256387
2024-06-05,5.005,5.005,-1.1455658700375237
2024-06-06,4.967,4.967,-0.7592407592407646
2024-06-07,4.942,4.942,-0.5033219247030263
2024-06-11,4.954,4.954,0.2428166734115722
2024-06-12,4.969,4.969,0.30278562777554807
2024-06-13,4.942,4.942,-0.5433688871000264
2024-06-14,4.967,4.967,0.5058680696074402
2024-06-17,4.949,4.949,-0.3623917857861869
2024-06-18,4.976,4.976,0.545564760557693
2024-06-19,4.922,4.922,-1.0852090032154371
2024-06-20,4.844,4.844,-1.5847216578626422
2024-06-21,4.853,4.853,0.18579686209743151
2024-06-24,4.745,4.745,-2.2254275705749005
2024-06-25,4.701,4.701,-0.9272918861960022
2024-06-26,4.77,4.77,1.467772814294821
2024-06-27,4.686,4.686,-1.7610062893081646
2024-06-28,4.694,4.694,0.17072129748185727
2024-07-01,4.753,4.753,1.2569237324243643
2024-07-02,4.707,4.707,-0.9678098043341077
2024-07-03,4.664,4.664,-0.9135330359039795
2024-07-04,4.593,4.593,-1.5222984562607178
2024-07-05,4.628,4.628,0.762029174831258
2024-07-08,4.546,4.546,-1.7718236819360356
2024-07-09,4.634,4.634,1.9357677078750468
2024-07-10,4.606,4.606,-0.6042296072507614
2024-07-11,4.705,4.705,2.149370386452465
2024-07-12,4.683,4.683,-0.46758767268862966
2024-07-15,4.647,4.647,-0.768737988468926
2024-07-16,4.664,4.664,0.36582741553690123
2024-07-17,4.629,4.629,-0.7504288164665529
2024-07-18,4.652,4.652,0.4968675739900785
2024-07-19,4.644,4.644,-0.17196904557179593
2024-07-22,4.632,4.632,-0.25839793281654533
2024-07-23,4.492,4.492,-3.0224525043177852
2024-07-24,4.435,4.435,-1.2689225289403416
2024-07-25,4.429,4.429,-0.13528748590754258
2024-07-26,4.504,4.504,1.6933845111763324
2024-07-29,4.474,4.474,-0.6660746003552265
2024-07-30,4.47,4.47,-0.08940545373268272
2024-07-31,4.673,4.673,4.541387024608512
2024-08-01,4.628,4.628,-0.9629788144660756
2024-08-02,4.562,4.562,-1.4261019878997416
2024-08-05,4.468,4.468,-2.0604997807978975
2024-08-06,4.519,4.519,1.1414503133392984
2024-08-07,4.521,4.521,0.04425757911041828
2024-08-08,4.531,4.531,0.22119000221190177
2024-08-09,4.49,4.49,-0.9048775104833262
2024-08-12,4.492,4.492,0.044543429844101645
2024-08-13,4.502,4.502,0.22261798753338002
2024-08-14,4.435,4.435,-1.4882274544646856
2024-08-15,4.472,4.472,0.8342728297632718
2024-08-16,4.444,4.444,-0.6261180679785427
2024-08-19,4.452,4.452,0.18001800180018623
2024-08-20,4.37,4.37,-1.8418688230008917
2024-08-21,4.361,4.361,-0.2059496567505814
2024-08-22,4.305,4.305,-1.2841091492776902
2024-08-23,4.306,4.306,0.023228803716612845
2024-08-26,4.311,4.311,0.11611704598235573
2024-08-27,4.265,4.265,-1.0670378102528466
2024-08-28,4.266,4.266,0.023446658851122848
2024-08-29,4.33,4.33,1.5002344116268107
2024-08-30,4.41,4.41,1.8475750577367167
2024-09-02,4.315,4.315,-2.154195011337867
2024-09-03,4.364,4.364,1.1355735805330225
2024-09-04,4.352,4.352,-0.274977085242889
2024-09-05,4.373,4.373,0.4825367647058876
2024-09-06,4.309,4.309,-1.4635261833981228
2024-09-09,4.276,4.276,-0.7658389417498301
2024-09-10,4.274,4.274,-0.046772684752094396
2024-09-11,4.286,4.286,0.2807674309780017
2024-09-12,4.268,4.268,-0.41997200186654204
2024-09-13,4.22,4.22,-1.1246485473289658
2024-09-18,4.235,4.235,0.35545023696683664
2024-09-19,4.298,4.298,1.4876033057851235
2024-09-20,4.266,4.266,-0.7445323406235493
2024-09-23,4.265,4.265,-0.02344116268168106
2024-09-24,4.477,4.477,4.970691676436112
2024-09-25,4.511,4.511,0.759437123073492
2024-09-26,4.759,4.759,5.497672356461991
2024-09-27,5.191,5.191,9.077537297751626
2024-09-30,5.693,5.693,9.67058370256213
2024-10-08,5.944,5.944,4.408923239065521
2024-10-09,5.561,5.561,-6.4434724091520845
2024-10-10,5.487,5.487,-1.3306959180003575
2024-10-11,5.254,5.254,-4.246400583196652
2024-10-14,5.391,5.391,2.6075371145793724
2024-10-15,5.249,5.249,-2.6340196624003
2024-10-16,5.244,5.244,-0.09525623928366977
2024-10-17,5.2,5.2,-0.8390541571319576
2024-10-18,5.435,5.435,4.519230769230753
2024-10-21,5.491,5.491,1.0303587856485663
2024-10-22,5.544,5.544,0.9652158076852935
2024-10-23,5.567,5.567,0.4148629148629235
2024-10-24,5.516,5.516,-0.9161128076163094
2024-10-25,5.605,5.605,1.6134880348078307
2024-10-28,5.673,5.673,1.2132024977698386
2024-10-29,5.614,5.614,-1.040014101886133
2024-10-30,5.632,5.632,0.32062700391877197
2024-10-31,5.698,5.698,1.1718750000000222
2024-11-01,5.644,5.644,-0.9477009477009579
2024-11-04,5.731,5.731,1.541459957476965
2024-11-05,5.914,5.914,3.1931600069795785
2024-11-06,5.921,5.921,0.1183632059519768
2024-11-07,6.041,6.041,2.0266846816416217
2024-11-08,6.024,6.024,-0.2814103625227715
2024-11-11,6.13,6.13,1.7596281540504632
2024-11-12,6.07,6.07,-0.9787928221859588
2024-11-13,6.051,6.051,-0.313014827018121
2024-11-14,5.879,5.879,-2.842505371013071
2024-11-15,5.719,5.719,-2.7215512842320044
2024-11-18,5.629,5.629,-1.5737016961007266
2024-11-19,5.722,5.722,1.6521584650915022
2024-11-20,5.783,5.783,1.066060817895842
2024-11-21,5.778,5.778,-0.08646031471556404
2024-11-22,5.538,5.538,-4.1536863966770365
2024-11-25,5.523,5.523,-0.2708559046587289
2024-11-26,5.483,5.483,-0.7242440702516784
2024-11-27,5.594,5.594,2.0244391756337965
2024-11-28,5.556,5.556,-0.6792992491955752
2024-11-29,5.642,5.642,1.5478761699064147
2024-12-02,5.734,5.734,1.6306274370790463
2024-12-03,5.724,5.724,-0.17439832577607062
2024-12-04,5.679,5.679,-0.7861635220125729
2024-12-05,5.696,5.696,0.2993484768444965
2024-12-06,5.774,5.774,1.369382022471921
2024-12-09,5.741,5.741,-0.5715275372358941
2024-12-10,5.793,5.793,0.9057655460721126
2024-12-11,5.839,5.839,0.7940617987226117
2024-12-12,5.895,5.895,0.9590683336187622
2024-12-13,5.797,5.797,-1.6624257845631818
2024-12-16,5.703,5.703,-1.6215283767465838
2024-12-17,5.639,5.639,-1.1222163773452531
2024-12-18,5.677,5.677,0.6738783472246768
2024-12-19,5.695,5.695,0.3170688744055017
2024-12-20,5.707,5.707,0.21071115013169273
2024-12-23,5.613,5.613,-1.6471000525670076
2024-12-24,5.68,5.68,1.193657580616403
2024-12-25,5.63,5.63,-0.8802816901408383
2024-12-26,5.675,5.675,0.799289520426294
2024-12-27,5.689,5.689,0.24669603524229977
2024-12-30,5.687,5.687,-0.035155563367894604
2024-12-31,5.509,5.509,-3.1299454897133816
2025-01-02,5.335,5.335,-3.1584679615175193
2025-01-03,5.221,5.221,-2.136832239925024
2025-01-06,5.208,5.208,-0.24899444550852134
2025-01-07,5.266,5.266,1.113671274961603
2025-01-08,5.243,5.243,-0.43676414736042446
2025-01-09,5.239,5.239,-0.07629219912265173
2025-01-10,5.157,5.157,-1.5651841954571477
2025-01-13,5.166,5.166,0.17452006980802626
2025-01-14,5.353,5.353,3.619821912504828
2025-01-15,5.308,5.308,-0.8406501027461211
2025-01-16,5.326,5.326,0.33911077618689056
2025-01-17,5.37,5.37,0.8261359369132748
2025-01-20,5.397,5.397,0.5027932960893988
2025-01-21,5.417,5.417,0.37057624606262607
2025-01-22,5.396,5.396,-0.3876684511722295
2025-01-23,5.373,5.373,-0.42624166048924605
2025-01-24,5.441,5.441,1.2655871952354403
2025-01-27,5.374,5.374,-1.2313912883661127
2025-02-05,5.397,5.397,0.42798660215854767
2025-02-06,5.529,5.529,2.445803224013332
2025-02-07,5.62,5.62,1.6458672454331635
2025-02-10,5.671,5.671,0.9074733096085419
2025-02-11,5.648,5.648,-0.4055722094868708
2025-02-12,5.725,5.725,1.3633144475920567
2025-02-13,5.696,5.696,-0.5065502183406068
2025-02-14,5.742,5.742,0.8075842696629199
2025-02-17,5.733,5.733,-0.15673981191223207
2025-02-18,5.633,5.633,-1.7442874585731682
2025-02-19,5.726,5.726,1.6509852654003287
2025-02-20,5.741,5.741,0.2619629758993991
2025-02-21,5.843,5.843,1.7766939557568362
2025-02-24,5.825,5.825,-0.30806092760568005
2025-02-25,5.762,5.762,-1.081545064377698
2025-02-26,5.834,5.834,1.249566122874013
2025-02-27,5.818,5.818,-0.27425437092903904
2025-02-28,5.656,5.656,-2.7844620144379495
2025-03-03,5.666,5.666,0.17680339462518013
2025-03-04,5.718,5.718,0.9177550300035309
2025-03-05,5.733,5.733,0.2623294858342007
2025-03-06,5.828,5.828,1.6570730856445337
2025-03-07,5.802,5.802,-0.4461221688400907
2025-03-10,5.795,5.795,-0.12064805239572207
2025-03-11,5.825,5.825,0.5176876617773996
2025-03-12,5.829,5.829,0.06866952789699177
2025-03-13,5.778,5.778,-0.8749356664951136
2025-03-14,5.887,5.887,1.8864659051574861
2025-03-17,5.889,5.889,0.033973161202660584
2025-03-18,5.915,5.915,0.44150110375276164
2025-03-19,5.891,5.891,-0.4057480980557915
2025-03-20,5.849,5.849,-0.7129519606178913
2025-03-21,5.757,5.757,-1.572918447597893
2025-03-24,5.75,5.75,-0.12159110647906868
2025-03-25,5.73,5.73,-0.3478260869565153
2025-03-26,5.73,5.73,0.0
2025-03-27,5.745,5.745,0.2617801047120283
2025-03-28,5.698,5.698,-0.8181026979982575
2025-03-31,5.643,5.643,-0.9652509652509744
2025-04-01,5.675,5.675,0.5670742512847715
2025-04-02,5.682,5.682,0.12334801762114989
2025-04-03,5.631,5.631,-0.8975712777191114
2025-04-07,5.069,5.069,-9.980465281477535
2025-04-08,5.102,5.102,0.6510159794831383
2025-04-09,5.217,5.217,2.254018032144245
2025-04-10,5.324,5.324,2.050987157370132
2025-04-11,5.362,5.362,0.7137490608565056
2025-04-14,5.406,5.406,0.8205893323386615
2025-04-15,5.383,5.383,-0.42545320014797383
2025-04-16,5.334,5.334,-0.9102730819245841
2025-04-17,5.337,5.337,0.05624296962880582
2025-04-18,5.339,5.339,0.037474236462453625
2025-04-21,5.421,5.421,1.5358681401011376
2025-04-22,5.406,5.406,-0.2767017155506424
2025-04-23,5.417,5.417,0.20347761746208892
2025-04-24,5.394,5.394,-0.4245892560457709
2025-04-25,5.41,5.41,0.29662588060808126
2025-04-28,5.384,5.384,-0.48059149722735617
2025-04-29,5.387,5.387,0.055720653788982055
2025-04-30,5.415,5.415,0.5197698162242581
2025-05-06,5.522,5.522,1.9759926131117211
2025-05-07,5.532,5.532,0.1810938065918144
2025-05-08,5.556,5.556,0.433839479392617
2025-05-09,5.509,5.509,-0.8459323254139561
2025-05-12,5.581,5.581,1.3069522599382877
2025-05-13,5.567,5.567,-0.2508511019530646
2025-05-14,5.587,5.587,0.35925992455541067
2025-05-15,5.51,5.51,-1.3781993914444235
2025-05-16,5.5,5.5,-0.1814882032667886
2025-05-19,5.514,5.514,0.25454545454546285
2025-05-20,5.538,5.538,0.43525571273121955
2025-05-21,5.545,5.545,0.12639942217407274
2025-05-22,5.5,5.5,-0.8115419296663595
2025-05-23,5.451,5.451,-0.8909090909090978
2025-05-26,5.46,5.46,0.1651073197578512
2025-05-27,5.446,5.446,-0.2564102564102555
2025-05-28,5.436,5.436,-0.1836210062431065
2025-05-29,5.516,5.516,1.471670345842524
2025-05-30,5.483,5.483,-0.5982596084118996
2025-06-03,5.492,5.492,0.164143716943288
2025-06-04,5.538,5.538,0.8375819373634519
2025-06-05,5.573,5.573,0.6319971108703637
2025-06-06,5.574,5.574,0.017943656917274176
2025-06-09,5.614,5.614,0.7176175098672521
2025-06-10,5.566,5.566,-0.8550053437833993
2025-06-11,5.603,5.603,0.6647502694933527
2025-06-12,5.614,5.614,0.19632339817954314
2025-06-13,5.565,5.565,-0.872817955112215
2025-06-16,5.586,5.586,0.37735849056603765
2025-06-17,5.574,5.574,-0.21482277121375182
2025-06-18,5.565,5.565,-0.16146393972011897
2025-06-19,5.507,5.507,-1.042228212039542
2025-06-20,5.468,5.468,-0.7081895769021185
2025-06-23,5.501,5.501,0.603511338697893
2025-06-24,5.593,5.593,1.6724231957825797
2025-06-25,5.702,5.702,1.9488646522438868
2025-06-26,5.677,5.677,-0.43844265170116525
2025-06-27,5.699,5.699,0.3875286242733811
2025-06-30,5.752,5.752,0.9299877171433657
2025-07-01,5.771,5.771,0.3303198887343539
2025-07-02,5.736,5.736,-0.6064806792583588
2025-07-03,5.76,5.76,0.4184100418409997
2025-07-04,5.752,5.752,-0.1388888888888884
2025-07-07,5.74,5.74,-0.20862308762168436
2025-07-08,5.82,5.82,1.3937282229965264
2025-07-09,5.794,5.794,-0.44673539518901295
2025-07-10,5.827,5.827,0.5695547117708033
2025-07-11,5.879,5.879,0.8923974600995255
2025-07-14,5.868,5.868,-0.1871066507909358
2025-07-15,5.866,5.866,-0.034083162917530885
2025-07-16,5.865,5.865,-0.01704739174904768
2025-07-17,5.935,5.935,1.1935208866155067
2025-07-18,5.954,5.954,0.32013479359731534
2025-07-21,6.015,6.015,1.0245213301981915
2025-07-22,6.081,6.081,1.0972568578553776
2025-07-23,6.059,6.059,-0.36178260154580144
2025-07-24,6.152,6.152,1.5349067502888225
2025-07-25,6.154,6.154,0.03250975292587999
2025-07-28,6.18,6.18,0.422489437764062
2025-07-29,6.22,6.22,0.6472491909385036
2025-07-30,6.178,6.178,-0.6752411575562722
2025-07-31,6.086,6.086,-1.4891550663645114
2025-08-01,6.076,6.076,-0.16431153466974768
2025-08-04,6.124,6.124,0.7899934167215239
2025-08-05,6.165,6.165,0.6694970607446171
2025-08-06,6.217,6.217,0.8434712084347096
2025-08-07,6.197,6.197,-0.32169856844136424
2025-08-08,6.186,6.186,-0.17750524447313065
2025-08-11,6.253,6.253,1.0830908503071557
2025-08-12,6.286,6.286,0.5277466815928333
2025-08-13,6.371,6.371,1.3522112631244143
2025-08-14,6.303,6.303,-1.0673363679171377
2025-08-15,6.447,6.447,2.2846263683960144
2025-08-18,6.537,6.537,1.3959981386691522
2025-08-19,6.522,6.522,-0.22946305644790943
2025-08-20,6.613,6.613,1.395277522232452
2025-08-21,6.575,6.575,-0.5746257371843422
2025-08-22,6.704,6.704,1.9619771863117696
2025-08-25,6.826,6.826,1.8198090692124191
2025-08-26,6.837,6.837,0.16114854966304826
2025-08-27,6.742,6.742,-1.3894983179757125
2025-08-28,6.893,6.893,2.2396914862058637
2025-08-29,6.93,6.93,0.5367764398665376
2025-09-01,6.995,6.995,0.9379509379509487
2025-09-02,6.844,6.844,-2.15868477483917
2025-09-03,6.729,6.729,-1.680303915838699
2025-09-04,6.568,6.568,-2.392628919601736
2025-09-05,6.8,6.8,3.5322777101096214
2025-09-08,6.862,6.862,0.9117647058823675
2025-09-09,6.795,6.795,-0.976391722529879
2025-09-10,6.792,6.792,-0.04415011037527394
2025-09-11,7.013,7.013,3.2538280329799774
2025-09-12,7.031,7.031,0.2566661913589119
2025-09-15,7.015,7.015,-0.22756364670744045
2025-09-16,7.071,7.071,0.7982893799002078
2025-09-17,7.146,7.146,1.0606703436571996
2025-09-18,7.081,7.081,-0.9095997760985131
2025-09-19,7.05,7.05,-0.4377912724191635
2025-09-22,7.107,7.107,0.8085106382978768
2025-09-23,7.066,7.066,-0.5768960180104199
2025-09-24,7.221,7.221,2.193603170110392
2025-09-25,7.23,7.23,0.12463647694225255
2025-09-26,7.125,7.125,-1.4522821576763545
2025-09-29,7.251,7.251,1.7684210526315747
2025-09-30,7.308,7.308,0.7860984691766548
2025-10-09,7.438,7.438,1.778872468527637
2025-10-10,7.294,7.294,-1.9360043022317863
2025-10-13,7.258,7.258,-0.4935563476830218
2025-10-14,7.078,7.078,-2.4800220446403953
2025-10-15,7.182,7.182,1.4693416219270894
2025-10-16,7.125,7.125,-0.7936507936508019
2025-10-17,6.903,6.903,-3.115789473684216
2025-10-20,6.949,6.949,0.6663769375633732
2025-10-21,7.069,7.069,1.7268671751331066
2025-10-22,7.013,7.013,-0.792191257603625
2025-10-23,7.038,7.038,0.35648082133181713
2025-10-24,7.158,7.158,1.7050298380221651
2025-10-27,7.267,7.267,1.5227717239452376
2025-10-28,7.23,7.23,-0.509150956378146
2025-10-29,7.383,7.383,2.1161825726141004
2025-10-30,7.286,7.286,-1.3138290667750296
2025-10-31,7.225,7.225,-0.8372220697227539
2025-11-03,7.228,7.228,0.041522491349477164
2025-11-04,7.102,7.102,-1.7432208079690037
2025-11-05,7.119,7.119,0.23936919177696137
2025-11-06,7.24,7.24,1.6996769209158602
2025-11-07,7.229,7.229,-0.15193370165745845
2025-11-10,7.237,7.237,0.11066537557062883
2025-11-11,7.183,7.183,-0.7461655382064447
2025-11-12,7.145,7.145,-0.5290268689962407
2025-11-13,7.254,7.254,1.525542337298802
2025-11-14,7.127,7.127,-1.7507582023711055
2025-11-17,7.125,7.125,-0.028062298302222732
2025-11-18,7.051,7.051,-1.038596491228072
2025-11-19,7.016,7.016,-0.49638349170331164
2025-11-20,6.959,6.959,-0.8124287343215575
2025-11-21,6.711,6.711,-3.563730421037492
2025-11-24,6.759,6.759,0.7152436298614173
2025-11-25,6.843,6.843,1.2427873945849877
2025-11-26,6.854,6.854,0.16074820984948168
2025-11-27,6.839,6.839,-0.2188503063904279
2025-11-28,6.924,6.924,1.2428717648778953
2025-12-01,6.991,6.991,0.9676487579433735
2025-12-02,6.93,6.93,-0.8725504219711078
2025-12-03,6.892,6.892,-0.5483405483405424
2025-12-04,6.914,6.914,0.31921067904816525
2025-12-05,7.005,7.005,1.3161700896731299
2025-12-08,7.067,7.067,0.8850820842255525
2025-12-09,7.013,7.013,-0.7641149002405534
2025-12-10,7.052,7.052,0.5561100812776276
2025-12-11,6.99,6.99,-0.8791832104367514
2025-12-12,7.074,7.074,1.2017167381974225
2025-12-15,7.025,7.025,-0.6926774102346545
2025-12-16,6.915,6.915,-1.5658362989323882
2025-12-17,7.048,7.048,1.923355025307294
2025-12-18,7.01,7.01,-0.5391600454029533
2025-12-19,7.075,7.075,0.9272467902995851
2025-12-22,7.157,7.157,1.1590106007067114
2025-12-23,7.163,7.163,0.08383400866285307
2025-12-24,7.259,7.259,1.3402205779701193
2025-12-25,7.323,7.323,0.881664141066274
2025-12-26,7.369,7.369,0.6281578588010372
2025-12-29,7.337,7.337,-0.4342515945175762
2025-12-30,7.37,7.37,0.4497751124437732
2025-12-31,7.377,7.377,0.09497964721845165
2026-01-05,7.581,7.581,2.7653517690118035
2026-01-06,7.75,7.75,2.229257353911085
2026-01-07,7.788,7.788,0.4903225806451639
2026-01-08,7.813,7.813,0.3210066769388842
2026-01-09,8.005,8.005,2.4574427236657037
2026-01-12,8.205,8.205,2.4984384759525247
2026-01-13,8.095,8.095,-1.3406459475929222
2026-01-14,8.154,8.154,0.728844966028408
2026-01-15,8.128,8.128,-0.31886190826587724
2026-01-16,8.146,8.146,0.2214566929134021
2026-01-19,8.199,8.199,0.6506260741468095
2026-01-20,8.175,8.175,-0.2927186242224544
2026-01-21,8.283,8.283,1.3211009174311839
2026-01-22,8.32,8.32,0.44669805625980885
2026-01-23,8.57,8.57,3.004807692307687
2026-01-26,8.415,8.415,-1.8086347724620921
2026-01-27,8.47,8.47,0.65359477124185
2026-01-28,8.542,8.542,0.8500590318772039
2026-01-29,8.442,8.442,-1.1706860220088933
2026-01-30,8.291,8.291,-1.7886756692726768
2026-02-02,7.9,7.9,-4.71595706187432
2026-02-03,8.217,8.217,4.012658227848109
2026-02-04,8.239,8.239,0.2677376171352108
2026-02-05,8.068,8.068,-2.0754945988590956
2026-02-06,8.064,8.064,-0.04957858205254517
2026-02-09,8.246,8.246,2.256944444444442
2026-02-10,8.228,8.228,-0.21828765462043043
2026-02-11,8.262,8.262,0.4132231404958775
2026-02-12,8.365,8.365,1.2466715081094204
2026-02-13,8.224,8.224,-1.68559473998805
2026-02-24,8.32,8.32,1.1673151750972721
2026-02-25,8.453,8.453,1.5985576923076783
2026-02-26,8.481,8.481,0.3312433455577857
2026-02-27,8.588,8.588,1.2616436740950254
2026-03-02,8.584,8.584,-0.04657661853748607
2026-03-03,8.226,8.226,-4.1705498602050195
2026-03-04,8.168,8.168,-0.7050814490639601
2026-03-05,8.222,8.222,0.661116552399621
2026-03-06,8.272,8.272,0.6081245439065963
2026-03-09,8.207,8.207,-0.7857833655705915
2026-03-10,8.332,8.332,1.523090045083464
2026-03-11,8.319,8.319,-0.15602496399423904
2026-03-12,8.277,8.277,-0.5048683736026183
2026-03-13,8.162,8.162,-1.3893922918931767
2026-03-16,8.11,8.11,-0.6370987503063197
2026-03-17,7.929,7.929,-2.2318125770653396
2026-03-18,8.007,8.007,0.9837306091562636
2026-03-19,7.796,7.796,-2.635194205070557
2026-03-20,7.663,7.663,-1.7060030785017943
2026-03-23,7.363,7.363,-3.914915829309662
2026-03-24,7.503,7.503,1.901398886323502
2026-03-25,7.677,7.677,2.319072371051578
2026-03-26,7.551,7.551,-1.6412661195779554
2026-03-27,7.654,7.654,1.3640577406965892
2026-03-30,7.669,7.669,0.195975960282202
2026-03-31,7.534,7.534,-1.7603338114486888
2026-04-01,7.66,7.66,1.6724183700557615
2026-04-02,7.523,7.523,-1.7885117493472658
2026-04-03,7.454,7.454,-0.9171872923036006
2026-04-07,7.48,7.48,0.3488060101958679
2026-04-08,7.877,7.877,5.307486631016034
2026-04-09,7.815,7.815,-0.7871016884600679
2026-04-10,7.886,7.886,0.9085092770313441
2026-04-13,7.879,7.879,-0.08876489982247993
2026-04-14,8.01,8.01,1.6626475441045896
2026-04-15,7.962,7.962,-0.5992509363295873
2026-04-16,8.104,8.104,1.7834714895754722
2026-04-17,8.141,8.141,0.4565646594274497
2026-04-20,8.206,8.206,0.7984277115833383
2026-04-21,8.182,8.182,-0.2924689251766921
2026-04-22,8.306,8.306,1.5155218772916035
2026-04-23,8.226,8.226,-0.9631591620515079
2026-04-24,8.174,8.174,-0.6321419888159707
2026-04-27,8.219,8.219,0.5505260582334248
2026-04-28,8.124,8.124,-1.1558583769314845
2026-04-29,8.273,8.273,1.8340718857705385
2026-04-30,8.281,8.281,0.09670010878763957
2026-05-06,8.509,8.509,2.7532906653785716
2026-05-07,8.622,8.622,1.3280056410859054
2026-05-08,8.62,8.62,-0.02319647413593362
2026-05-11,8.763,8.763,1.6589327146171673
2026-05-12,8.713,8.713,-0.5705808513066346
2026-05-13,8.86,8.86,1.6871341673361684
2026-05-14,8.623,8.623,-2.6749435665914256
2026-05-15,8.463,8.463,-1.855502725269631
2026-05-18,8.482,8.482,0.22450667611957353
2026-05-19,8.554,8.554,0.8488564017920419
2026-05-20,8.599,8.599,0.5260696750058358
2026-05-21,8.354,8.354,-2.849168507966049
2026-05-22,8.509,8.509,1.8553986114436372
2026-05-25,8.637,8.637,1.5042895757433339
2026-05-26,8.603,8.603,-0.3936552043533714
2026-05-27,8.465,8.465,-1.604091595954893
2026-05-28,8.5,8.5,0.41346721795629815
2026-05-29,8.294,8.294,-2.423529411764702
2026-06-01,8.221,8.221,-0.8801543284301938
2026-06-02,8.257,8.257,0.43790293151684256
2026-06-03,8.306,8.306,0.5934358725929512
2026-06-04,8.299,8.299,-0.08427642667950819
2026-06-05,8.19,8.19,-1.313411254367991
2026-06-08,7.919,7.919,-3.3089133089133083
2026-06-09,8.121,8.121,2.5508271246369674
2026-06-10,8.022,8.022,-1.2190616919098618
2026-06-11,7.984,7.984,-0.473697332336076
2026-06-12,8.093,8.093,1.3652304609218513
2026-06-15,8.395,8.395,3.731619918448037
2026-06-16,8.483,8.483,1.048243001786786
2026-06-17,8.614,8.614,1.5442650005894176
2026-06-18,8.679,8.679,0.754585558393317
2026-06-22,8.858,8.858,2.0624495909667084
2026-06-23,8.666,8.666,-2.1675321743057196
2026-06-24,8.836,8.836,1.9616893607200536
2026-06-25,8.936,8.936,1.131733816206415
2026-06-26,8.712,8.712,-2.50671441360788
2026-06-29,8.825,8.825,1.297061524334242
2026-06-30,9.045,9.045,2.4929178470255
2026-07-01,9.031,9.031,-0.15478164731895783
2026-07-02,8.7,8.7,-3.665153360646678
2026-07-03,8.752,8.752,0.5977011494253004
2026-07-06,8.661,8.661,-1.0397623400365763
2026-07-07,8.508,8.508,-1.7665396605472838
2026-07-08,8.402,8.402,-1.2458862247296643
2026-07-09,8.655,8.655,3.0111878124256197
2026-07-10,8.549,8.549,-1.224725592143272
2026-07-13,8.143,8.143,-4.749093461223519
2026-07-14,8.264,8.264,1.4859388431781806
2026-07-15,8.151,8.151,-1.367376573088086
2026-07-16,7.956,7.956,-2.392344497607646
2026-07-17,7.505,7.505,-5.668677727501259
2026-07-20,7.426,7.426,-1.0526315789473606
2026-07-21,7.792,7.792,4.928629140856455
2026-07-22,7.74,7.74,-0.6673511293634471
2026-07-23,7.737,7.737,-0.03875968992248513
2026-07-24,7.545,7.545,-2.4815820085304363
2026-07-27,7.726,7.726,2.398939695162361
2026-07-28,7.463,7.463,-3.404090085425837
2026-07-29,7.54,7.54,1.0317566662200184
2026-07-30,7.336,7.336,-2.705570291777182
2026-07-31,7.5,7.5,2.235550708833145
2026-08-03,7.42,7.42,-1.0666666666666713
