date,unit_nav,cum_nav,ret_pct
2007-01-18,0.421,0.421,0.0
2007-01-19,0.464,0.464,10.213776722090273
2007-01-22,0.552,0.552,18.965517241379317
2007-01-23,0.592,0.592,7.246376811594191
2007-01-24,0.663,0.663,11.993243243243246
2007-01-25,0.569,0.569,-14.177978883861254
2007-01-26,0.616,0.616,8.260105448154675
2007-01-29,0.682,0.682,10.71428571428572
2007-01-30,0.696,0.696,2.0527859237536417
2007-01-31,0.54,0.54,-22.413793103448263
2007-02-01,0.518,0.518,-4.074074074074074
2007-02-02,0.431,0.431,-16.795366795366796
2007-02-05,0.387,0.387,-10.208816705336421
2007-02-06,0.422,0.422,9.043927648578798
2007-02-07,0.468,0.468,10.900473933649302
2007-02-08,0.495,0.495,5.769230769230771
2007-02-09,0.464,0.464,-6.2626262626262585
2007-02-12,0.543,0.543,17.025862068965523
2007-02-13,0.576,0.576,6.077348066298338
2007-02-14,0.632,0.632,9.722222222222232
2007-02-15,0.722,0.722,14.240506329113911
2007-02-16,0.745,0.745,3.185595567867039
2007-02-26,0.859,0.859,15.302013422818783
2007-02-27,0.634,0.634,-26.193247962747378
2007-02-28,0.743,0.743,17.192429022082024
2007-03-01,0.683,0.683,-8.075370121130543
2007-03-02,0.699,0.699,2.34260614934112
2007-03-05,0.659,0.659,-5.722460658082962
2007-03-06,0.679,0.679,3.034901365705611
2007-03-07,0.728,0.728,7.216494845360821
2007-03-08,0.743,0.743,2.060439560439553
2007-03-09,0.742,0.742,-0.1345895020188448
2007-03-12,0.76,0.76,2.42587601078168
2007-03-13,0.771,0.771,1.4473684210526416
2007-03-14,0.712,0.712,-7.652399481193262
2007-03-15,0.758,0.758,6.460674157303381
2007-03-16,0.699,0.699,-7.783641160949872
2007-03-19,0.742,0.742,6.151645207439205
2007-03-20,0.763,0.763,2.8301886792452935
2007-03-21,0.793,0.793,3.9318479685452212
2007-03-22,0.812,0.812,2.395964691046659
2007-03-23,0.821,0.821,1.1083743842364324
2007-03-26,0.876,0.876,6.6991473812423985
2007-03-27,0.893,0.893,1.9406392694063967
2007-03-28,0.914,0.914,2.3516237402015694
2007-03-29,0.9,0.9,-1.5317286652078765
2007-03-30,0.901,0.901,0.11111111111110628
2007-04-02,0.992,0.992,10.099889012208664
2007-04-03,1.018,1.018,2.620967741935476
2007-04-04,1.019,1.019,0.09823182711197198
2007-04-05,1.049,1.049,2.944062806673209
2007-04-06,1.072,1.072,2.19256434699715
2007-04-09,1.152,1.152,7.462686567164156
2007-04-10,1.204,1.204,4.513888888888884
2007-04-11,1.242,1.242,3.1561461794019863
2007-04-12,1.281,1.281,3.1400966183574797
2007-04-13,1.263,1.263,-1.4051522248243575
2007-04-16,1.329,1.329,5.2256532066508266
2007-04-17,1.369,1.369,3.009781790820165
2007-04-18,1.387,1.387,1.3148283418553675
2007-04-19,1.245,1.245,-10.237923576063434
2007-04-20,1.355,1.355,8.835341365461847
2007-04-23,1.527,1.527,12.693726937269378
2007-04-24,1.592,1.592,4.256712508186
2007-04-25,1.584,1.584,-0.5025125628140725
2007-04-26,1.634,1.634,3.1565656565656353
2007-04-27,1.617,1.617,-1.040391676866581
2007-04-30,1.659,1.659,2.5974025974025983
2007-05-08,1.812,1.812,9.22242314647379
2007-05-09,1.828,1.828,0.8830022075055233
2007-05-10,1.891,1.891,3.4463894967177167
2007-05-11,1.861,1.861,-1.5864621893178277
2007-05-14,1.899,1.899,2.0419129500268696
2007-05-15,1.753,1.753,-7.688256977356511
2007-05-16,1.811,1.811,3.30861380490588
2007-05-17,1.875,1.875,3.5339591385974645
2007-05-18,1.885,1.885,0.5333333333333412
2007-05-21,1.916,1.916,1.644562334217503
2007-05-22,1.961,1.961,2.3486430062630514
2007-05-23,2.052,2.052,4.6404895461499285
2007-05-24,2.017,2.017,-1.7056530214424992
2007-05-25,2.022,2.022,0.24789291026277027
2007-05-28,2.107,2.107,4.203758654797252
2007-05-29,2.206,2.206,4.698623635500709
2007-05-30,1.924,1.924,-12.783318223028106
2007-05-31,1.966,1.966,2.1829521829521914
2007-06-01,1.784,1.784,-9.257375381485245
2007-06-04,1.474,1.474,-17.376681614349778
2007-06-05,1.614,1.614,9.497964721845321
2007-06-06,1.639,1.639,1.5489467162329573
2007-06-07,1.753,1.753,6.9554606467358004
2007-06-08,1.775,1.775,1.2549914432401499
2007-06-11,1.814,1.814,2.1971830985915597
2007-06-12,1.964,1.964,8.269018743109147
2007-06-13,2.06,2.06,4.887983706720989
2007-06-14,1.971,1.971,-4.320388349514559
2007-06-15,1.961,1.961,-0.5073566717402334
2007-06-18,2.045,2.045,4.283528811830695
2007-06-19,2.08,2.08,1.7114914425427896
2007-06-20,2.024,2.024,-2.692307692307694
2007-06-21,2.041,2.041,0.8399209486166015
2007-06-22,1.928,1.928,-5.536501714845665
2007-06-25,1.721,1.721,-10.736514522821572
2007-06-26,1.787,1.787,3.834979662986626
2007-06-27,1.874,1.874,4.868494683827662
2007-06-28,1.714,1.714,-8.537886872998934
2007-06-29,1.595,1.595,-6.942823803967324
2007-07-02,1.627,1.627,2.006269592476495
2007-07-03,1.687,1.687,3.6877688998156133
2007-07-04,1.626,1.626,-3.6158861885003057
2007-07-05,1.433,1.433,-11.869618696186956
2007-07-06,1.57,1.57,9.560362875087236
2007-07-09,1.663,1.663,5.923566878980879
2007-07-10,1.589,1.589,-4.449789536981363
2007-07-11,1.614,1.614,1.5733165512901381
2007-07-12,1.634,1.634,1.2391573729863659
2007-07-13,1.638,1.638,0.244798041615657
2007-07-16,1.536,1.536,-6.227106227106216
2007-07-17,1.591,1.591,3.580729166666652
2007-07-18,1.614,1.614,1.4456316781898293
2007-07-19,1.582,1.582,-1.9826517967781898
2007-07-20,1.706,1.706,7.838179519595445
2007-07-23,1.913,1.913,12.133645955451344
2007-07-24,1.924,1.924,0.5750130684788246
2007-07-25,2.023,2.023,5.145530145530164
2007-07-26,2.048,2.048,1.2357884330202573
2007-07-27,2.083,2.083,1.708984375
2007-07-30,2.209,2.209,6.04896783485358
2007-07-31,2.233,2.233,1.0864644635581788
2007-08-01,2.095,2.095,-6.180026869682043
2007-08-02,2.211,2.211,5.536992840095456
2007-08-03,2.276,2.276,2.9398462234283107
2007-08-06,2.387,2.387,4.876977152899831
2007-08-07,2.434,2.434,1.9689987431922962
2007-08-08,2.352,2.352,-3.3689400164338634
2007-08-09,2.424,2.424,3.0612244897959107
2007-08-10,2.399,2.399,-1.0313531353135286
2007-08-13,2.405,2.405,0.2501042100875317
2007-08-14,2.455,2.455,2.07900207900209
2007-08-15,2.48,2.48,1.0183299389002087
2007-08-16,2.416,2.416,-2.580645161290329
2007-08-17,2.345,2.345,-2.938741721854299
2007-08-20,2.671,2.671,13.901918976545824
2007-08-21,2.653,2.653,-0.6739049045301315
2007-08-22,2.665,2.665,0.4523181304183943
2007-08-23,2.7,2.7,1.3133208255159623
2007-08-24,2.849,2.849,5.518518518518523
2007-08-27,2.902,2.902,1.8603018603018606
2007-08-28,2.898,2.898,-0.1378359751895264
2007-08-29,2.816,2.816,-2.8295376121463156
2007-08-30,2.877,2.877,2.166193181818188
2007-08-31,2.953,2.953,2.641640597844974
2007-09-03,3.143,3.143,6.434134778191658
2007-09-05,3.12,3.12,-0.7317849188673176
2007-09-06,3.241,3.241,3.8782051282051366
2007-09-07,3.179,3.179,-1.9129898179574334
2007-09-10,3.239,3.239,1.887385970430966
2007-09-11,3.004,3.004,-7.255325717814132
2007-09-12,3.051,3.051,1.564580559254325
2007-09-13,3.236,3.236,6.063585709603414
2007-09-14,3.38,3.38,4.449938195302838
2007-09-17,3.551,3.551,5.059171597633139
2007-09-18,3.473,3.473,-2.196564348070973
2007-09-19,3.395,3.395,-2.245896919090118
2007-09-20,3.403,3.403,0.2356406480117812
2007-09-21,3.298,3.298,-3.085512782838673
2007-09-24,3.339,3.339,1.2431776834445074
2007-09-25,3.264,3.264,-2.246181491464516
2007-09-26,3.158,3.158,-3.2475490196078427
2007-09-27,3.184,3.184,0.8233058898036827
2007-09-28,3.329,3.329,4.5540201005025205
2007-10-08,3.299,3.299,-0.9011715229798822
2007-10-09,3.289,3.289,-0.30312215822976274
2007-10-10,3.338,3.338,1.4898145332927992
2007-10-11,3.347,3.347,0.269622528460145
2007-10-12,3.36,3.36,0.3884075291305633
2007-10-15,3.612,3.612,7.500000000000018
2007-10-16,3.597,3.597,-0.41528239202658357
2007-10-17,3.579,3.579,-0.5004170141784781
2007-10-18,3.39,3.39,-5.280804694048613
2007-10-19,3.345,3.345,-1.3274336283185861
2007-10-22,3.143,3.143,-6.03886397608372
2007-10-23,3.179,3.179,1.145402481705382
2007-10-24,3.315,3.315,4.278074866310155
2007-10-25,3.024,3.024,-8.778280542986428
2007-10-26,3.085,3.085,2.0171957671957674
2007-10-29,3.186,3.186,3.2739059967585193
2007-10-30,3.298,3.298,3.5153797865662195
2007-10-31,3.327,3.327,0.8793208004851394
2007-11-01,3.342,3.342,0.45085662759243306
2007-11-02,3.284,3.284,-1.7354877318970785
2007-11-05,3.13,3.13,-4.689403166869665
2007-11-06,2.974,2.974,-4.9840255591054206
2007-11-07,2.992,2.992,0.6052454606590318
2007-11-08,2.746,2.746,-8.221925133689844
2007-11-09,2.716,2.716,-1.0924981791696986
2007-11-12,2.633,2.633,-3.0559646539028096
2007-11-13,2.689,2.689,2.126851500189897
2007-11-14,2.856,2.856,6.210487169951651
2007-11-15,2.763,2.763,-3.256302521008403
2007-11-16,2.733,2.733,-1.0857763300759937
2007-11-19,2.742,2.742,0.3293084522502765
2007-11-20,2.813,2.813,2.5893508388038056
2007-11-21,2.76,2.76,-1.8841094916459467
2007-11-22,2.623,2.623,-4.963768115942013
2007-11-23,2.662,2.662,1.4868471216164636
2007-11-26,2.601,2.601,-2.2915101427498086
2007-11-27,2.526,2.526,-2.8835063437139596
2007-11-28,2.42,2.42,-4.196357878068091
2007-11-29,2.59,2.59,7.02479338842974
2007-11-30,2.485,2.485,-4.054054054054057
2007-12-03,2.513,2.513,1.1267605633802802
2007-12-04,2.589,2.589,3.024273776362918
2007-12-05,2.76,2.76,6.60486674391656
2007-12-06,2.749,2.749,-0.3985507246376696
2007-12-07,2.854,2.854,3.8195707530011003
2007-12-10,2.94,2.94,3.0133146461107208
2007-12-11,2.95,2.95,0.3401360544217802
2007-12-12,2.908,2.908,-1.423728813559333
2007-12-13,2.714,2.714,-6.671251719394766
2007-12-14,2.775,2.775,2.247605011053788
2007-12-17,2.677,2.677,-3.5315315315315288
2007-12-18,2.621,2.621,-2.091893911094511
2007-12-19,2.769,2.769,5.646699732926375
2007-12-20,2.889,2.889,4.333694474539529
2007-12-21,2.937,2.937,1.661474558670828
2007-12-24,2.996,2.996,2.0088525706503324
2007-12-25,3.011,3.011,0.500667556742318
2007-12-26,3.056,3.056,1.4945200929923574
2007-12-27,3.109,3.109,1.7342931937172734
2007-12-28,3.061,3.061,-1.543904792537798
2008-01-02,-0.109,-0.109,-103.56092780137209
2008-01-03,3.218,3.218,-3052.293577981651
2008-01-04,3.258,3.258,1.24300807955251
2008-01-07,3.279,3.279,0.6445672191528473
2008-01-08,3.284,3.284,0.15248551387618825
2008-01-09,3.382,3.382,2.9841656516443438
2008-01-10,3.394,3.394,0.3548196333530429
2008-01-11,3.386,3.386,-0.23571007660577736
2008-01-14,3.427,3.427,1.2108682811577065
2008-01-15,3.389,3.389,-1.1088415523781814
2008-01-16,3.271,3.271,-3.4818530539982295
2008-01-17,3.095,3.095,-5.3806175481504015
2008-01-18,3.074,3.074,-0.6785137318255363
2008-01-21,2.83,2.83,-7.937540663630438
2008-01-22,2.465,2.465,-12.897526501766787
2008-01-23,2.699,2.699,9.49290060851926
2008-01-24,2.704,2.704,0.18525379770286676
2008-01-25,2.736,2.736,1.183431952662728
2008-01-28,2.415,2.415,-11.732456140350877
2008-01-29,2.423,2.423,0.3312629399585987
2008-01-30,2.427,2.427,0.16508460586051044
2008-01-31,2.394,2.394,-1.3597033374536438
2008-02-01,2.313,2.313,-3.383458646616544
2008-02-04,2.702,2.702,16.817985300475556
2008-02-05,2.661,2.661,-1.5173945225758656
2008-02-13,2.563,2.563,-3.682826005261175
2008-02-14,2.63,2.63,2.6141240733515314
2008-02-15,2.592,2.592,-1.444866920152088
2008-02-18,2.658,2.658,2.54629629629628
2008-02-19,2.778,2.778,4.514672686230248
2008-02-20,2.713,2.713,-2.3398128149747954
2008-02-21,2.721,2.721,0.2948765204570547
2008-02-22,2.576,2.576,-5.328923190003676
2008-02-25,2.437,2.437,-5.395962732919268
2008-02-26,2.427,2.427,-0.4103405826836215
2008-02-27,2.502,2.502,3.0902348578491834
2008-02-28,2.498,2.498,-0.15987210231812599
2008-02-29,2.512,2.512,0.560448358686938
2008-03-03,2.603,2.603,3.6226114649681618
2008-03-04,2.479,2.479,-4.763734152900501
2008-03-05,2.396,2.396,-3.348124243646644
2008-03-06,2.415,2.415,0.7929883138564353
2008-03-07,2.352,2.352,-2.60869565217392
2008-03-10,2.215,2.215,-5.824829931972786
2008-03-11,2.2,2.2,-0.6772009029345272
2008-03-12,2.097,2.097,-4.681818181818187
2008-03-13,1.966,1.966,-6.247019551740585
2008-03-14,1.926,1.926,-2.0345879959308255
2008-03-17,1.753,1.753,-8.982346832814125
2008-03-18,1.561,1.561,-10.952652595550482
2008-03-19,1.685,1.685,7.943625880845628
2008-03-20,1.821,1.821,8.071216617210686
2008-03-21,1.905,1.905,4.612850082372333
2008-03-24,1.739,1.739,-8.713910761154853
2008-03-25,1.785,1.785,2.645198389879222
2008-03-26,1.783,1.783,-0.11204481792717047
2008-03-27,1.601,1.601,-10.207515423443636
2008-03-28,1.703,1.703,6.37101811367895
2008-03-31,1.557,1.557,-8.573106283029952
2008-04-01,1.335,1.335,-14.25818882466281
2008-04-02,1.268,1.268,-5.0187265917602915
2008-04-03,1.383,1.383,9.069400630914837
2008-04-07,1.553,1.553,12.292118582791023
2008-04-08,1.584,1.584,1.996136509980695
2008-04-09,1.458,1.458,-7.954545454545459
2008-04-10,1.491,1.491,2.2633744855967253
2008-04-11,1.525,1.525,2.280348759221984
2008-04-14,1.331,1.331,-12.721311475409836
2008-04-15,1.362,1.362,2.3290758827948954
2008-04-16,1.271,1.271,-6.681350954478726
2008-04-17,1.161,1.161,-8.654602675058998
2008-04-18,1.036,1.036,-10.766580534022395
2008-04-21,1.058,1.058,2.1235521235521304
2008-04-22,1.089,1.089,2.930056710775042
2008-04-23,1.226,1.226,12.58034894398532
2008-04-24,1.506,1.506,22.838499184339312
2008-04-25,1.576,1.576,4.648074369189903
2008-04-28,1.508,1.508,-4.314720812182749
2008-04-29,1.574,1.574,4.376657824933683
2008-04-30,1.741,1.741,10.609911054637866
2008-05-05,1.802,1.802,3.503733486502014
2008-05-06,1.76,1.76,-2.3307436182020025
2008-05-07,1.617,1.617,-8.125000000000004
2008-05-08,1.694,1.694,4.761904761904767
2008-05-09,1.707,1.707,0.767414403778055
2008-05-12,1.745,1.745,2.2261277094317578
2008-05-13,1.744,1.744,-0.05730659025788842
2008-05-14,1.8,1.8,3.2110091743119185
2008-05-15,1.813,1.813,0.7222222222222241
2008-05-16,1.768,1.768,-2.4820739106453327
2008-05-19,1.755,1.755,-0.7352941176470673
2008-05-20,1.58,1.58,-9.971509971509962
2008-05-21,1.672,1.672,5.822784810126569
2008-05-22,1.615,1.615,-3.409090909090906
2008-05-23,1.566,1.566,-3.0340557275541746
2008-05-26,1.468,1.468,-6.257982120051087
2008-05-27,1.461,1.461,-0.47683923705721387
2008-05-28,1.551,1.551,6.160164271047219
2008-05-29,1.465,1.465,-5.544809800128936
2008-05-30,1.516,1.516,3.4812286689419825
2008-06-02,1.527,1.527,0.7255936675461649
2008-06-03,1.514,1.514,-0.8513425016371867
2008-06-04,1.46,1.46,-3.566710700132103
2008-06-05,1.424,1.424,-2.465753424657535
2008-06-06,1.428,1.428,0.2808988764045006
2008-06-10,1.142,1.142,-20.0280112044818
2008-06-11,1.111,1.111,-2.7145359019264403
2008-06-12,1.054,1.054,-5.13051305130513
2008-06-13,0.983,0.983,-6.736242884250476
2008-06-16,0.989,0.989,0.6103763987792554
2008-06-17,0.892,0.892,-9.807886754297268
2008-06-18,1.038,1.038,16.367713004484298
2008-06-19,0.819,0.819,-21.09826589595376
2008-06-20,0.869,0.869,6.1050061050061055
2008-06-23,0.784,0.784,-9.781357882623698
2008-06-24,0.789,0.789,0.6377551020408267
2008-06-25,0.912,0.912,15.58935361216729
2008-06-26,0.926,0.926,1.5350877192982448
2008-06-27,0.745,0.745,-19.5464362850972
2008-06-30,0.709,0.709,-4.832214765100673
2008-07-01,0.633,0.633,-10.719322990126933
2008-07-02,0.65,0.65,2.6856240126382325
2008-07-03,0.71,0.71,9.23076923076922
2008-07-04,0.684,0.684,-3.6619718309858995
2008-07-07,0.817,0.817,19.44444444444442
2008-07-08,0.84,0.84,2.8151774785801775
2008-07-09,0.94,0.94,11.904761904761907
2008-07-10,0.893,0.893,-4.999999999999993
2008-07-11,0.867,0.867,-2.911534154535278
2008-07-14,0.893,0.893,2.9988465974625234
2008-07-15,0.808,0.808,-9.518477043673013
2008-07-16,0.723,0.723,-10.519801980198029
2008-07-17,0.686,0.686,-5.117565698478554
2008-07-18,0.776,0.776,13.119533527696792
2008-07-21,0.86,0.86,10.824742268041243
2008-07-22,0.856,0.856,-0.46511627906976605
2008-07-23,0.836,0.836,-2.336448598130847
2008-07-24,0.903,0.903,8.014354066985652
2008-07-25,0.861,0.861,-4.651162790697683
2008-07-28,0.894,0.894,3.832752613240431
2008-07-29,0.855,0.855,-4.36241610738255
2008-07-30,0.838,0.838,-1.9883040935672502
2008-07-31,0.767,0.767,-8.472553699284003
2008-08-01,0.764,0.764,-0.39113428943937656
2008-08-04,0.698,0.698,-8.638743455497389
2008-08-05,0.631,0.631,-9.598853868194833
2008-08-06,0.643,0.643,1.9017432646592836
2008-08-07,0.644,0.644,0.15552099533437946
2008-08-08,0.532,0.532,-17.391304347826086
2008-08-11,0.414,0.414,-22.180451127819556
2008-08-12,0.44,0.44,6.2801932367149815
2008-08-13,0.454,0.454,3.1818181818181746
2008-08-14,0.45,0.45,-0.8810572687224627
2008-08-15,0.452,0.452,0.4444444444444473
2008-08-18,0.342,0.342,-24.336283185840703
2008-08-19,0.36,0.36,5.263157894736836
2008-08-20,0.519,0.519,44.166666666666686
2008-08-21,0.409,0.409,-21.194605009633914
2008-08-22,0.359,0.359,-12.224938875305625
2008-08-25,0.343,0.343,-4.456824512534807
2008-08-26,0.271,0.271,-20.991253644314867
2008-08-27,0.269,0.269,-0.7380073800738018
2008-08-28,0.286,0.286,6.31970260223047
2008-08-29,0.335,0.335,17.132867132867148
2008-09-01,0.281,0.281,-16.119402985074625
2008-09-02,0.275,0.275,-2.135231316725983
2008-09-03,0.264,0.264,-4.0000000000000036
2008-09-04,0.283,0.283,7.1969696969696795
2008-09-05,0.238,0.238,-15.901060070671369
2008-09-08,0.163,0.163,-31.512605042016805
2008-09-09,0.176,0.176,7.975460122699385
2008-09-10,0.192,0.192,9.090909090909104
2008-09-11,0.154,0.154,-19.791666666666675
2008-09-12,0.171,0.171,11.038961038961048
2008-09-16,0.134,0.134,-21.6374269005848
2008-09-17,0.101,0.101,-24.626865671641795
2008-09-18,0.053,0.053,-47.52475247524753
2008-09-19,0.216,0.216,307.54716981132077
2008-09-22,0.329,0.329,52.31481481481482
2008-09-23,0.23,0.23,-30.091185410334344
2008-09-24,0.245,0.245,6.521739130434767
2008-09-25,0.312,0.312,27.3469387755102
2008-09-26,0.326,0.326,4.487179487179493
2008-10-06,0.211,0.211,-35.27607361963191
2008-10-07,0.205,0.205,-2.8436018957346043
2008-10-08,0.157,0.157,-23.414634146341463
2008-10-09,0.123,0.123,-21.65605095541402
2008-10-10,0.049,0.049,-60.162601626016254
2008-10-13,0.1,0.1,104.08163265306123
2008-10-14,0.055,0.055,-45.00000000000001
2008-10-15,0.008,0.008,-85.45454545454545
2008-10-16,-0.066,-0.066,-925.0
2008-10-17,-0.052,-0.052,-21.212121212121215
2008-10-20,-0.003,-0.003,-94.23076923076923
2008-10-21,-0.022,-0.022,633.3333333333333
2008-10-22,-0.064,-0.064,190.9090909090909
2008-10-23,-0.066,-0.066,3.125
2008-10-24,-0.11,-0.11,66.66666666666666
2008-10-27,-0.23,-0.23,109.09090909090908
2008-10-28,-0.195,-0.195,-15.217391304347828
2008-10-29,-0.249,-0.249,27.692307692307683
2008-10-30,-0.225,-0.225,-9.638554216867467
2008-10-31,-0.246,-0.246,9.333333333333327
2008-11-03,-0.26,-0.26,5.691056910569103
2008-11-04,-0.279,-0.279,7.307692307692304
2008-11-05,-0.234,-0.234,-16.129032258064523
2008-11-06,-0.252,-0.252,7.692307692307687
2008-11-07,-0.243,-0.243,-3.57142857142857
2008-11-10,-0.112,-0.112,-53.90946502057613
2008-11-11,-0.133,-0.133,18.75
2008-11-12,-0.112,-0.112,-15.789473684210531
2008-11-13,-0.029,-0.029,-74.10714285714286
2008-11-14,0.013,0.013,-144.82758620689654
2008-11-17,0.059,0.059,353.8461538461538
2008-11-18,-0.066,-0.066,-211.86440677966104
2008-11-19,0.04,0.04,-160.6060606060606
2008-11-20,0.022,0.022,-45.00000000000001
2008-11-21,0.01,0.01,-54.54545454545454
2008-11-24,-0.046,-0.046,-560.0
2008-11-25,-0.06,-0.06,30.434782608695656
2008-11-26,-0.038,-0.038,-36.66666666666667
2008-11-27,-0.009,-0.009,-76.31578947368422
2008-11-28,-0.036,-0.036,300.0
2008-12-01,-0.012,-0.012,-66.66666666666666
2008-12-02,-0.011,-0.011,-8.333333333333337
2008-12-03,0.063,0.063,-672.7272727272727
2008-12-04,0.1,0.1,58.73015873015874
2008-12-05,0.11,0.11,9.999999999999986
2008-12-08,0.178,0.178,61.81818181818181
2008-12-09,0.133,0.133,-25.28089887640449
2008-12-10,0.154,0.154,15.78947368421051
2008-12-11,0.099,0.099,-35.71428571428571
2008-12-12,0.036,0.036,-63.63636363636365
2008-12-15,0.054,0.054,50.0
2008-12-16,0.071,0.071,31.481481481481467
2008-12-17,0.069,0.069,-2.8169014084506894
2008-12-18,0.087,0.087,26.08695652173911
2008-12-19,0.098,0.098,12.643678160919558
2008-12-22,0.064,0.064,-34.693877551020414
2008-12-23,-0.013,-0.013,-120.3125
2008-12-24,-0.046,-0.046,253.84615384615387
2008-12-25,-0.063,-0.063,36.956521739130444
2008-12-26,-0.063,-0.063,0.0
2008-12-29,-0.069,-0.069,9.523809523809534
2008-12-30,-0.087,-0.087,26.08695652173911
2008-12-31,-0.109,-0.109,25.287356321839095
2009-01-05,-0.051,-0.051,-53.21100917431193
2009-01-06,0.002,0.002,-103.921568627451
2009-01-07,-0.004,-0.004,-300.0
2009-01-08,-0.033,-0.033,725.0
2009-01-09,-0.002,-0.002,-93.93939393939394
2009-01-12,0.009,0.009,-550.0
2009-01-13,-0.022,-0.022,-344.44444444444446
2009-01-14,0.028,0.028,-227.27272727272728
2009-01-15,0.015,0.015,-46.42857142857143
2009-01-16,0.057,0.057,280.0
2009-01-19,0.064,0.064,12.280701754385959
2009-01-20,0.075,0.075,17.1875
2009-01-21,0.058,0.058,-22.666666666666657
2009-01-22,0.079,0.079,36.206896551724135
2009-01-23,0.079,0.079,0.0
2009-02-02,0.1,0.1,26.582278481012665
2009-02-03,0.145,0.145,44.99999999999997
2009-02-04,0.193,0.193,33.10344827586209
2009-02-05,0.193,0.193,0.0
2009-02-06,0.264,0.264,36.787564766839374
2009-02-09,0.308,0.308,16.66666666666665
2009-02-10,0.332,0.332,7.792207792207795
2009-02-11,0.335,0.335,0.9036144578313365
2009-02-12,0.326,0.326,-2.68656716417911
2009-02-13,0.395,0.395,21.165644171779153
2009-02-16,0.47,0.47,18.98734177215189
2009-02-17,0.395,0.395,-15.957446808510634
2009-02-18,0.294,0.294,-25.569620253164558
2009-02-19,0.328,0.328,11.56462585034015
2009-02-20,0.374,0.374,14.02439024390243
2009-02-23,0.42,0.42,12.299465240641716
2009-02-24,0.327,0.327,-22.142857142857142
2009-02-25,0.325,0.325,-0.6116207951070374
2009-02-26,0.233,0.233,-28.30769230769231
2009-02-27,0.163,0.163,-30.04291845493562
2009-03-02,0.186,0.186,14.110429447852745
2009-03-03,0.189,0.189,1.6129032258064502
2009-03-04,0.31,0.31,64.02116402116403
2009-03-05,0.314,0.314,1.2903225806451646
2009-03-06,0.293,0.293,-6.687898089171984
2009-03-09,0.232,0.232,-20.819112627986335
2009-03-10,0.255,0.255,9.913793103448265
2009-03-11,0.235,0.235,-7.843137254901967
2009-03-12,0.233,0.233,-0.8510638297872242
2009-03-13,0.216,0.216,-7.296137339055797
2009-03-16,0.234,0.234,8.333333333333348
2009-03-17,0.298,0.298,27.350427350427342
2009-03-18,0.321,0.321,7.718120805369133
2009-03-19,0.36,0.36,12.149532710280365
2009-03-20,0.365,0.365,1.388888888888884
2009-03-23,0.406,0.406,11.232876712328776
2009-03-24,0.427,0.427,5.1724137931034475
2009-03-25,0.374,0.374,-12.41217798594848
2009-03-26,0.428,0.428,14.438502673796783
2009-03-27,0.455,0.455,6.308411214953269
2009-03-30,0.435,0.435,-4.395604395604402
2009-03-31,0.435,0.435,0.0
2009-04-01,0.474,0.474,8.965517241379306
2009-04-02,0.496,0.496,4.641350210970474
2009-04-03,0.484,0.484,-2.4193548387096753
2009-04-07,0.489,0.489,1.0330578512396604
2009-04-08,0.416,0.416,-14.92842535787321
2009-04-09,0.433,0.433,4.086538461538458
2009-04-10,0.477,0.477,10.161662817551953
2009-04-13,0.552,0.552,15.723270440251591
2009-04-14,0.569,0.569,3.0797101449275166
2009-04-15,0.586,0.586,2.987697715289994
2009-04-16,0.593,0.593,1.1945392491467643
2009-04-17,0.569,0.569,-4.047217537942672
2009-04-20,0.608,0.608,6.854130052724083
2009-04-21,0.591,0.591,-2.796052631578949
2009-04-22,0.511,0.511,-13.53637901861251
2009-04-23,0.524,0.524,2.544031311154593
2009-04-24,0.501,0.501,-4.389312977099236
2009-04-27,0.433,0.433,-13.572854291417169
2009-04-28,0.443,0.443,2.3094688221709125
2009-04-29,0.497,0.497,12.189616252821667
2009-04-30,0.508,0.508,2.213279678068414
2009-05-04,0.593,0.593,16.732283464566923
2009-05-05,0.607,0.607,2.360876897133224
2009-05-06,0.639,0.639,5.271828665568368
2009-05-07,0.64,0.64,0.15649452269170805
2009-05-08,0.646,0.646,0.9374999999999911
2009-05-11,0.596,0.596,-7.739938080495367
2009-05-12,0.65,0.65,9.060402684563762
2009-05-13,0.666,0.666,2.4615384615384706
2009-05-14,0.651,0.651,-2.2522522522522515
2009-05-15,0.648,0.648,-0.4608294930875556
2009-05-18,0.664,0.664,2.4691358024691468
2009-05-19,0.684,0.684,3.0120481927710774
2009-05-20,0.662,0.662,-3.2163742690058506
2009-05-21,0.619,0.619,-6.495468277945626
2009-05-22,0.61,0.61,-1.4539579967689842
2009-05-25,0.612,0.612,0.3278688524590123
2009-05-26,0.585,0.585,-4.4117647058823595
2009-05-27,0.607,0.607,3.7606837606837695
2009-06-01,0.669,0.669,10.214168039538718
2009-06-02,0.675,0.675,0.8968609865470878
2009-06-03,0.714,0.714,5.777777777777771
2009-06-04,0.736,0.736,3.08123249299721
2009-06-05,0.711,0.711,-3.3967391304347894
2009-06-08,0.696,0.696,-2.1097046413502074
2009-06-09,0.697,0.697,0.1436781609195359
2009-06-10,0.732,0.732,5.021520803443336
2009-06-11,0.718,0.718,-1.912568306010931
2009-06-12,0.655,0.655,-8.774373259052915
2009-06-15,0.68,0.68,3.8167938931297662
2009-06-16,0.681,0.681,0.14705882352941124
2009-06-17,0.716,0.716,5.139500734214386
2009-06-18,0.74,0.74,3.3519553072625774
2009-06-19,0.746,0.746,0.8108108108108025
2009-06-22,0.758,0.758,1.608579088471851
2009-06-23,0.77,0.77,1.58311345646438
2009-06-24,0.821,0.821,6.62337662337662
2009-06-25,0.816,0.816,-0.6090133982947665
2009-06-26,0.813,0.813,-0.3676470588235281
2009-06-29,0.838,0.838,3.075030750307506
2009-06-30,0.813,0.813,-2.9832935560859197
2009-07-02,0.878,0.878,7.995079950799511
2009-07-03,0.905,0.905,3.075170842824604
2009-07-06,0.993,0.993,9.723756906077341
2009-07-07,0.977,0.977,-1.6112789526686822
2009-07-08,0.996,0.996,1.9447287615148356
2009-07-09,1.052,1.052,5.622489959839361
2009-07-10,1.045,1.045,-0.6653992395437403
2009-07-13,1.007,1.007,-3.6363636363636376
2009-07-14,1.093,1.093,8.540218470705074
2009-07-15,1.16,1.16,6.129917657822492
2009-07-16,1.144,1.144,-1.379310344827589
2009-07-17,1.161,1.161,1.486013986014001
2009-07-20,1.231,1.231,6.029285099052539
2009-07-21,1.178,1.178,-4.305442729488229
2009-07-22,1.254,1.254,6.451612903225823
2009-07-23,1.272,1.272,1.4354066985645897
2009-07-24,1.293,1.293,1.6509433962264008
2009-07-27,1.356,1.356,4.872389791183318
2009-07-28,1.412,1.412,4.129793510324475
2009-07-29,1.278,1.278,-9.49008498583569
2009-07-30,1.321,1.321,3.3646322378716675
2009-07-31,1.419,1.419,7.41862225586678
2009-08-03,1.527,1.527,7.610993657505283
2009-08-04,1.569,1.569,2.7504911591355707
2009-08-05,1.518,1.518,-3.2504780114722687
2009-08-06,1.417,1.417,-6.6534914361001345
2009-08-07,1.297,1.297,-8.468595624558938
2009-08-10,1.325,1.325,2.1588280647648395
2009-08-11,1.335,1.335,0.7547169811320753
2009-08-12,1.184,1.184,-11.310861423220974
2009-08-13,1.2,1.2,1.3513513513513598
2009-08-14,1.113,1.113,-7.250000000000001
2009-08-17,0.928,0.928,-16.621743036837366
2009-08-18,1.0,1.0,7.75862068965516
2009-08-19,0.843,0.843,-15.700000000000003
2009-08-20,0.951,0.951,12.811387900355875
2009-08-21,1.014,1.014,6.624605678233442
2009-08-24,1.035,1.035,2.071005917159763
2009-08-25,0.96,0.96,-7.246376811594201
2009-08-26,1.028,1.028,7.08333333333333
2009-08-27,0.998,0.998,-2.9182879377431914
2009-08-28,0.918,0.918,-8.016032064128254
2009-08-31,0.698,0.698,-23.965141612200448
2009-09-01,0.707,0.707,1.2893982808023008
2009-09-02,0.737,0.737,4.243281471004257
2009-09-03,0.883,0.883,19.810040705563093
2009-09-04,0.895,0.895,1.3590033975084959
2009-09-07,0.897,0.897,0.22346368715084886
2009-09-08,0.948,0.948,5.685618729096986
2009-09-09,0.986,0.986,4.008438818565407
2009-09-10,0.949,0.949,-3.75253549695741
2009-09-11,0.993,0.993,4.636459430979989
2009-09-14,1.035,1.035,4.229607250755274
2009-09-15,1.047,1.047,1.1594202898550732
2009-09-16,1.005,1.005,-4.011461318051579
2009-09-17,1.061,1.061,5.572139303482593
2009-09-18,0.97,0.97,-8.57681432610744
2009-09-21,0.967,0.967,-0.3092783505154628
2009-09-22,0.886,0.886,-8.376421923474664
2009-09-23,0.834,0.834,-5.869074492099324
2009-09-24,0.838,0.838,0.47961630695443347
2009-09-25,0.823,0.823,-1.7899761336515496
2009-09-28,0.743,0.743,-9.720534629404609
2009-09-29,0.739,0.739,-0.538358008075368
2009-09-30,0.76,0.76,2.841677943166454
2009-10-09,0.882,0.882,16.052631578947363
2009-10-12,0.867,0.867,-1.7006802721088454
2009-10-13,0.917,0.917,5.767012687427919
2009-10-14,0.945,0.945,3.0534351145037997
2009-10-15,0.962,0.962,1.7989417989418
2009-10-16,0.964,0.964,0.20790020790020236
2009-10-19,1.029,1.029,6.7427385892116165
2009-10-20,1.052,1.052,2.235179786200203
2009-10-21,1.04,1.04,-1.1406844106463865
2009-10-22,1.019,1.019,-2.0192307692307843
2009-10-23,1.056,1.056,3.6310107948969828
2009-10-26,1.067,1.067,1.0416666666666519
2009-10-27,0.998,0.998,-6.466729147141514
2009-10-28,1.006,1.006,0.8016032064128265
2009-10-29,0.952,0.952,-5.3677932405566615
2009-10-30,0.972,0.972,2.1008403361344463
2009-11-02,1.045,1.045,7.510288065843618
2009-11-03,1.083,1.083,3.6363636363636376
2009-11-04,1.104,1.104,1.939058171745156
2009-11-05,1.131,1.131,2.4456521739130377
2009-11-06,1.16,1.16,2.564102564102555
2009-11-09,1.178,1.178,1.551724137931032
2009-11-10,1.18,1.18,0.1697792869269854
2009-11-11,1.163,1.163,-1.4406779661016889
2009-11-12,1.169,1.169,0.5159071367153878
2009-11-13,1.174,1.174,0.42771599657827064
2009-11-16,1.259,1.259,7.240204429301533
2009-11-17,1.251,1.251,-0.6354249404289081
2009-11-18,1.261,1.261,0.7993605115907298
2009-11-19,1.286,1.286,1.9825535289452967
2009-11-20,1.267,1.267,-1.4774494556765272
2009-11-23,1.309,1.309,3.314917127071837
2009-11-24,1.231,1.231,-5.958747135217712
2009-11-25,1.31,1.31,6.417546709991884
2009-11-26,1.19,1.19,-9.160305343511455
2009-11-27,1.11,1.11,-6.722689075630239
2009-11-30,1.215,1.215,9.459459459459453
2009-12-01,1.268,1.268,4.362139917695473
2009-12-02,1.286,1.286,1.4195583596214423
2009-12-03,1.305,1.305,1.477449455676516
2009-12-04,1.332,1.332,2.0689655172413834
2009-12-07,1.348,1.348,1.2012012012011963
2009-12-08,1.326,1.326,-1.6320474777448135
2009-12-09,1.274,1.274,-3.9215686274509887
2009-12-10,1.281,1.281,0.5494505494505475
2009-12-11,1.271,1.271,-0.7806401249024209
2009-12-14,1.303,1.303,2.5177025963807997
2009-12-15,1.301,1.301,-0.15349194167306734
2009-12-16,1.274,1.274,-2.0753266717909225
2009-12-17,1.203,1.203,-5.5729984301412845
2009-12-18,1.156,1.156,-3.906899418121379
2009-12-21,1.158,1.158,0.17301038062282892
2009-12-22,1.091,1.091,-5.785837651122616
2009-12-23,1.116,1.116,2.2914757103574823
2009-12-24,1.196,1.196,7.168458781361986
2009-12-25,1.186,1.186,-0.8361204013377921
2009-12-28,1.237,1.237,4.300168634064105
2009-12-29,1.238,1.238,0.08084074373482242
2009-12-30,1.277,1.277,3.150242326332786
2009-12-31,1.289,1.289,0.9397024275646038
2010-01-04,1.248,1.248,-3.1807602792862655
2010-01-05,1.284,1.284,2.8846153846153966
2010-01-06,1.279,1.279,-0.3894080996884819
2010-01-07,1.209,1.209,-5.4730258014073385
2010-01-08,1.21,1.21,0.08271298593878207
2010-01-11,1.212,1.212,0.16528925619834212
2010-01-12,1.253,1.253,3.382838283828371
2010-01-13,1.145,1.145,-8.619313647246596
2010-01-14,1.181,1.181,3.1441048034934527
2010-01-15,1.189,1.189,0.6773920406435208
2010-01-18,1.198,1.198,0.7569386038687842
2010-01-19,1.203,1.203,0.4173622704507718
2010-01-20,1.121,1.121,-6.816292601828766
2010-01-21,1.126,1.126,0.4460303300624302
2010-01-22,1.125,1.125,-0.0888099467140191
2010-01-25,1.079,1.079,-4.0888888888888975
2010-01-26,1.013,1.013,-6.116774791473589
2010-01-27,0.978,0.978,-3.455083909180645
2010-01-28,0.963,0.963,-1.5337423312883458
2010-01-29,0.961,0.961,-0.20768431983385627
2010-02-01,0.92,0.92,-4.266389177939633
2010-02-02,0.918,0.918,-0.21739130434782483
2010-02-03,0.987,0.987,7.516339869281041
2010-02-04,0.975,0.975,-1.2158054711246202
2010-02-05,0.92,0.92,-5.641025641025632
2010-02-08,0.922,0.922,0.21739130434783593
2010-02-09,0.935,0.935,1.4099783080260275
2010-02-10,0.962,0.962,2.887700534759352
2010-02-11,0.964,0.964,0.20790020790020236
2010-02-12,0.99,0.99,2.69709543568466
2010-02-22,0.982,0.982,-0.8080808080808133
2010-02-23,0.96,0.96,-2.2403258655804503
2010-02-24,0.993,0.993,3.4375000000000044
2010-02-25,1.026,1.026,3.3232628398791597
2010-02-26,1.007,1.007,-1.85185185185186
2010-03-01,1.042,1.042,3.4756703078451023
2010-03-02,1.027,1.027,-1.4395393474088358
2010-03-03,1.042,1.042,1.4605647517039966
2010-03-04,0.984,0.984,-5.566218809980816
2010-03-05,0.991,0.991,0.7113821138211351
2010-03-08,1.016,1.016,2.5227043390514625
2010-03-09,1.029,1.029,1.2795275590551158
2010-03-10,1.016,1.016,-1.263362487852271
2010-03-11,1.023,1.023,0.6889763779527547
2010-03-12,0.984,0.984,-3.8123167155425186
2010-03-15,0.956,0.956,-2.8455284552845517
2010-03-16,0.958,0.958,0.20920502092049986
2010-03-17,1.001,1.001,4.4885177453027
2010-03-18,0.997,0.997,-0.39960039960038607
2010-03-19,1.01,1.01,1.3039117352056095
2010-03-22,1.015,1.015,0.4950495049504955
2010-03-23,0.997,0.997,-1.7733990147783207
2010-03-24,1.0,1.0,0.30090270812437314
2010-03-25,0.973,0.973,-2.7000000000000024
2010-03-26,1.014,1.014,4.213771839671132
2010-03-29,1.074,1.074,5.9171597633136175
2010-03-30,1.075,1.075,0.09310986964616852
2010-03-31,1.053,1.053,-2.0465116279069773
2010-04-01,1.083,1.083,2.8490028490028463
2010-04-02,1.096,1.096,1.2003693444136765
2010-04-06,1.104,1.104,0.7299270072992803
2010-04-07,1.088,1.088,-1.449275362318847
2010-04-08,1.054,1.054,-3.125
2010-04-09,1.072,1.072,1.7077798861480087
2010-04-12,1.04,1.04,-2.985074626865669
2010-04-13,1.083,1.083,4.13461538461537
2010-04-14,1.083,1.083,0.0
2010-04-15,1.083,1.083,0.0
2010-04-16,1.048,1.048,-3.2317636195752453
2010-04-19,0.924,0.924,-11.832061068702293
2010-04-20,0.917,0.917,-0.7575757575757569
2010-04-21,0.957,0.957,4.362050163576869
2010-04-22,0.902,0.902,-5.747126436781603
2010-04-23,0.89,0.89,-1.3303769401330379
2010-04-26,0.868,0.868,-2.4719101123595544
2010-04-27,0.82,0.82,-5.529953917050701
2010-04-28,0.823,0.823,0.3658536585365857
2010-04-29,0.809,0.809,-1.7010935601457944
2010-04-30,0.828,0.828,2.3485784919653696
2010-05-04,0.794,0.794,-4.1062801932366995
2010-05-05,0.808,0.808,1.7632241813602123
2010-05-06,0.703,0.703,-12.995049504950506
2010-05-07,0.672,0.672,-4.409672830725453
2010-05-10,0.684,0.684,1.7857142857142794
2010-05-11,0.656,0.656,-4.093567251461994
2010-05-12,0.686,0.686,4.57317073170731
2010-05-13,0.73,0.73,6.413994169096204
2010-05-14,0.708,0.708,-3.013698630136985
2010-05-17,0.613,0.613,-13.418079096045199
2010-05-18,0.656,0.656,7.014681892332786
2010-05-19,0.63,0.63,-3.963414634146345
2010-05-20,0.619,0.619,-1.746031746031751
2010-05-21,0.642,0.642,3.7156704361874127
2010-05-24,0.716,0.716,11.526479750778806
2010-05-25,0.665,0.665,-7.1229050279329575
2010-05-26,0.655,0.655,-1.5037593984962405
2010-05-27,0.693,0.693,5.801526717557248
2010-05-28,0.688,0.688,-0.721500721500723
2010-05-31,0.633,0.633,-7.99418604651162
2010-06-01,0.611,0.611,-3.4755134281200695
2010-06-02,0.609,0.609,-0.327332242225864
2010-06-03,0.608,0.608,-0.16420361247947435
2010-06-04,0.607,0.607,-0.164473684210531
2010-06-07,0.552,0.552,-9.060955518945624
2010-06-08,0.557,0.557,0.9057971014492683
2010-06-09,0.616,0.616,10.592459605026928
2010-06-10,0.596,0.596,-3.2467532467532534
2010-06-11,0.61,0.61,2.3489932885906173
2010-06-17,0.593,0.593,-2.786885245901638
2010-06-18,0.571,0.571,-3.7099494097807773
2010-06-21,0.618,0.618,8.231173380035028
2010-06-22,0.614,0.614,-0.6472491909385147
2010-06-23,0.594,0.594,-3.2573289902280145
2010-06-24,0.602,0.602,1.3468013468013407
2010-06-25,0.588,0.588,-2.3255813953488413
2010-06-28,0.581,0.581,-1.1904761904761862
2010-06-29,0.492,0.492,-15.3184165232358
2010-06-30,0.466,0.466,-5.284552845528445
2010-07-01,0.441,0.441,-5.364806866952798
2010-07-02,0.45,0.45,2.0408163265306145
2010-07-05,0.432,0.432,-4.0000000000000036
2010-07-06,0.477,0.477,10.416666666666675
2010-07-07,0.477,0.477,0.0
2010-07-08,0.477,0.477,0.0
2010-07-09,0.531,0.531,11.320754716981153
2010-07-12,0.557,0.557,4.896421845574395
2010-07-13,0.525,0.525,-5.745062836624781
2010-07-14,0.54,0.54,2.857142857142869
2010-07-15,0.503,0.503,-6.851851851851853
2010-07-16,0.515,0.515,2.385685884691857
2010-07-19,0.56,0.56,8.737864077669922
2010-07-20,0.598,0.598,6.785714285714262
2010-07-21,0.6,0.6,0.33444816053511683
2010-07-22,0.619,0.619,3.166666666666673
2010-07-23,0.63,0.63,1.7770597738287597
2010-07-26,0.632,0.632,0.31746031746031633
2010-07-27,0.624,0.624,-1.2658227848101222
2010-07-28,0.675,0.675,8.173076923076938
2010-07-29,0.691,0.691,2.370370370370356
2010-07-30,0.678,0.678,-1.8813314037626538
2010-08-02,0.716,0.716,5.6047197640117785
2010-08-03,0.681,0.681,-4.888268156424569
2010-08-04,0.692,0.692,1.615271659324513
2010-08-05,0.655,0.655,-5.346820809248543
2010-08-06,0.691,0.691,5.496183206106853
2010-08-09,0.693,0.693,0.28943560057888007
2010-08-10,0.635,0.635,-8.36940836940836
2010-08-11,0.64,0.64,0.7874015748031482
2010-08-12,0.614,0.614,-4.062500000000002
2010-08-13,0.64,0.64,4.234527687296419
2010-08-16,0.688,0.688,7.499999999999996
2010-08-17,0.691,0.691,0.43604651162789665
2010-08-18,0.682,0.682,-1.3024602026049048
2010-08-19,0.693,0.693,1.612903225806428
2010-08-20,0.667,0.667,-3.7518037518037395
2010-08-23,0.646,0.646,-3.148425787106446
2010-08-24,0.654,0.654,1.238390092879249
2010-08-25,0.603,0.603,-7.798165137614688
2010-08-26,0.606,0.606,0.4975124378109541
2010-08-27,0.615,0.615,1.4851485148514865
2010-08-30,0.646,0.646,5.040650406504077
2010-08-31,0.628,0.628,-2.786377708978327
2010-09-01,0.625,0.625,-0.4777070063694322
2010-09-02,0.647,0.647,3.520000000000012
2010-09-03,0.635,0.635,-1.8547140649149974
2010-09-06,0.685,0.685,7.874015748031504
2010-09-07,0.682,0.682,-0.43795620437956373
2010-09-08,0.674,0.674,-1.1730205278592365
2010-09-09,0.645,0.645,-4.302670623145399
2010-09-10,0.638,0.638,-1.0852713178294615
2010-09-13,0.655,0.655,2.6645768025078453
2010-09-14,0.649,0.649,-0.9160305343511421
2010-09-15,0.624,0.624,-3.852080123266566
2010-09-16,0.573,0.573,-8.173076923076927
2010-09-17,0.569,0.569,-0.6980802792321161
2010-09-20,0.572,0.572,0.5272407732864748
2010-09-21,0.573,0.573,0.17482517482516613
2010-09-27,0.591,0.591,3.141361256544495
2010-09-28,0.57,0.57,-3.5532994923857864
2010-09-29,0.575,0.575,0.8771929824561431
2010-09-30,0.612,0.612,6.434782608695655
2010-10-08,0.677,0.677,10.620915032679745
2010-10-11,0.741,0.741,9.453471196454943
2010-10-12,0.764,0.764,3.1039136302294157
2010-10-13,0.781,0.781,2.2251308900523625
2010-10-14,0.813,0.813,4.097311139564641
2010-10-15,0.906,0.906,11.439114391143912
2010-10-18,0.901,0.901,-0.551876379690952
2010-10-19,0.936,0.936,3.88457269700333
2010-10-20,0.941,0.941,0.5341880341880323
2010-10-21,0.913,0.913,-2.9755579171094504
2010-10-22,0.908,0.908,-0.5476451259583848
2010-10-25,0.963,0.963,6.057268722466946
2010-10-26,0.943,0.943,-2.0768431983385294
2010-10-27,0.929,0.929,-1.4846235418875864
2010-10-28,0.929,0.929,0.0
2010-10-29,0.893,0.893,-3.8751345532830994
2010-11-01,0.961,0.961,7.614781634938406
2010-11-02,0.948,0.948,-1.3527575442247697
2010-11-03,0.931,0.931,-1.793248945147674
2010-11-04,0.965,0.965,3.6519871106337254
2010-11-05,0.99,0.99,2.590673575129543
2010-11-08,1.02,1.02,3.0303030303030276
2010-11-09,0.996,0.996,-2.352941176470591
2010-11-10,0.969,0.969,-2.7108433734939763
2010-11-11,0.983,0.983,1.4447884416924683
2010-11-12,0.865,0.865,-12.00406917599186
2010-11-15,0.878,0.878,1.5028901734104094
2010-11-16,0.781,0.781,-11.047835990888377
2010-11-17,0.744,0.744,-4.737516005121645
2010-11-18,0.766,0.766,2.9569892473118253
2010-11-19,0.786,0.786,2.6109660574412663
2010-11-22,0.759,0.759,-3.435114503816794
2010-11-23,0.729,0.729,-3.9525691699604737
2010-11-24,0.737,0.737,1.0973936899862924
2010-11-25,0.762,0.762,3.3921302578018953
2010-11-26,0.752,0.752,-1.3123359580052507
2010-11-29,0.732,0.732,-2.659574468085113
2010-11-30,0.706,0.706,-3.551912568306015
2010-12-01,0.712,0.712,0.8498583569405138
2010-12-02,0.725,0.725,1.8258426966292207
2010-12-03,0.721,0.721,-0.5517241379310311
2010-12-06,0.728,0.728,0.9708737864077666
2010-12-07,0.741,0.741,1.7857142857142794
2010-12-08,0.717,0.717,-3.238866396761142
2010-12-09,0.693,0.693,-3.347280334728031
2010-12-10,0.704,0.704,1.5873015873015817
2010-12-13,0.77,0.77,9.375
2010-12-14,0.77,0.77,0.0
2010-12-15,0.764,0.764,-0.7792207792207795
2010-12-16,0.762,0.762,-0.2617801047120394
2010-12-17,0.757,0.757,-0.6561679790026198
2010-12-20,0.716,0.716,-5.416116248348746
2010-12-21,0.765,0.765,6.84357541899443
2010-12-22,0.746,0.746,-2.4836601307189565
2010-12-23,0.749,0.749,0.40214477211797384
2010-12-24,0.726,0.726,-3.070761014686252
2010-12-27,0.693,0.693,-4.545454545454552
2010-12-28,0.666,0.666,-3.8961038961038863
2010-12-29,0.663,0.663,-0.45045045045044585
2010-12-30,0.666,0.666,0.4524886877828038
2010-12-31,0.69,0.69,3.603603603603589
2011-01-04,0.732,0.732,6.08695652173914
2011-01-05,0.732,0.732,0.0
2011-01-06,0.718,0.718,-1.912568306010931
2011-01-07,0.734,0.734,2.2284122562674202
2011-01-10,0.704,0.704,-4.087193460490468
2011-01-11,0.722,0.722,2.556818181818188
2011-01-12,0.732,0.732,1.3850415512465464
2011-01-13,0.733,0.733,0.1366120218579292
2011-01-14,0.715,0.715,-2.4556616643929052
2011-01-17,0.652,0.652,-8.811188811188808
2011-01-18,0.643,0.643,-1.3803680981595123
2011-01-19,0.681,0.681,5.909797822706064
2011-01-20,0.622,0.622,-8.66372980910427
2011-01-21,0.648,0.648,4.180064308681675
2011-01-24,0.639,0.639,-1.388888888888895
2011-01-25,0.632,0.632,-1.0954616588419452
2011-01-26,0.64,0.64,1.2658227848101333
2011-01-27,0.675,0.675,5.46875
2011-01-28,0.681,0.681,0.8888888888888946
2011-01-31,0.698,0.698,2.4963289280469647
2011-02-01,0.703,0.703,0.7163323782235054
2011-02-09,0.682,0.682,-2.987197724039814
2011-02-10,0.71,0.71,4.105571847507328
2011-02-11,0.712,0.712,0.28169014084507005
2011-02-14,0.795,0.795,11.65730337078652
2011-02-15,0.79,0.79,-0.6289308176100628
2011-02-16,0.804,0.804,1.7721518987341867
2011-02-17,0.8,0.8,-0.497512437810943
2011-02-18,0.782,0.782,-2.2499999999999964
2011-02-21,0.817,0.817,4.475703324808178
2011-02-22,0.755,0.755,-7.588739290085678
2011-02-23,0.755,0.755,0.0
2011-02-24,0.769,0.769,1.8543046357615944
2011-02-25,0.776,0.776,0.910273081924573
2011-02-28,0.797,0.797,2.706185567010322
2011-03-01,0.807,0.807,1.2547051442910906
2011-03-02,0.793,0.793,-1.7348203221809189
2011-03-03,0.802,0.802,1.1349306431273742
2011-03-04,0.835,0.835,4.1147132169575995
2011-03-07,0.895,0.895,7.185628742514982
2011-03-08,0.892,0.892,-0.3351955307262622
2011-03-09,0.881,0.881,-1.2331838565022402
2011-03-10,0.842,0.842,-4.426787741203187
2011-03-11,0.82,0.82,-2.6128266033254133
2011-03-14,0.822,0.822,0.24390243902439046
2011-03-15,0.782,0.782,-4.8661800486617945
2011-03-16,0.814,0.814,4.0920716112531785
2011-03-17,0.792,0.792,-2.702702702702686
2011-03-18,0.798,0.798,0.7575757575757569
2011-03-21,0.785,0.785,-1.6290726817042578
2011-03-22,0.802,0.802,2.165605095541401
2011-03-23,0.827,0.827,3.11720698254363
2011-03-24,0.827,0.827,0.0
2011-03-25,0.859,0.859,3.86940749697704
2011-03-28,0.851,0.851,-0.93131548311991
2011-03-29,0.848,0.848,-0.3525264394829586
2011-03-30,0.842,0.842,-0.7075471698113178
2011-03-31,0.823,0.823,-2.256532066508321
2011-04-01,0.857,0.857,4.131227217496969
2011-04-06,0.901,0.901,5.134189031505265
2011-04-07,0.899,0.899,-0.2219755826859071
2011-04-08,0.912,0.912,1.4460511679644128
2011-04-11,0.911,0.911,-0.10964912280702066
2011-04-12,0.913,0.913,0.2195389681668436
2011-04-13,0.928,0.928,1.6429353778751432
2011-04-14,0.927,0.927,-0.10775862068965747
2011-04-15,0.935,0.935,0.8629989212513456
2011-04-18,0.942,0.942,0.7486631016042633
2011-04-19,0.892,0.892,-5.307855626326951
2011-04-20,0.887,0.887,-0.5605381165919243
2011-04-21,0.91,0.91,2.5930101465614364
2011-04-22,0.893,0.893,-1.8681318681318726
2011-04-25,0.854,0.854,-4.367301231802911
2011-04-26,0.838,0.838,-1.87353629976581
2011-04-27,0.834,0.834,-0.4773269689737458
2011-04-28,0.816,0.816,-2.1582733812949617
2011-04-29,0.834,0.834,2.2058823529411686
2011-05-03,0.841,0.841,0.8393285371702586
2011-05-04,0.786,0.786,-6.539833531510098
2011-05-05,0.785,0.785,-0.12722646310432406
2011-05-06,0.782,0.782,-0.3821656050955413
2011-05-09,0.787,0.787,0.6393861892583175
2011-05-10,0.8,0.8,1.6518424396442244
2011-05-11,0.792,0.792,-1.0000000000000009
2011-05-12,0.77,0.77,-2.777777777777779
2011-05-13,0.787,0.787,2.207792207792214
2011-05-16,0.761,0.761,-3.3036848792884377
2011-05-17,0.773,0.773,1.5768725361366531
2011-05-18,0.783,0.783,1.2936610608020649
2011-05-19,0.77,0.77,-1.6602809706258048
2011-05-20,0.764,0.764,-0.7792207792207795
2011-05-23,0.702,0.702,-8.11518324607331
2011-05-24,0.692,0.692,-1.4245014245014231
2011-05-25,0.672,0.672,-2.890173410404606
2011-05-26,0.679,0.679,1.041666666666674
2011-05-27,0.67,0.67,-1.3254786450662803
2011-05-30,0.673,0.673,0.4477611940298498
2011-05-31,0.699,0.699,3.8632986627042953
2011-06-01,0.693,0.693,-0.8583690987124526
2011-06-02,0.661,0.661,-4.617604617604609
2011-06-03,0.677,0.677,2.4205748865355536
2011-06-07,0.681,0.681,0.5908419497784312
2011-06-08,0.679,0.679,-0.2936857562408246
2011-06-09,0.654,0.654,-3.6818851251840923
2011-06-10,0.661,0.661,1.0703363914372988
2011-06-13,0.655,0.655,-0.9077155824508298
2011-06-14,0.668,0.668,1.984732824427482
2011-06-15,0.661,0.661,-1.0479041916167664
2011-06-16,0.637,0.637,-3.6308623298033305
2011-06-17,0.622,0.622,-2.3547880690737877
2011-06-20,0.615,0.615,-1.12540192926045
2011-06-21,0.628,0.628,2.1138211382113914
2011-06-22,0.629,0.629,0.15923566878981443
2011-06-23,0.659,0.659,4.769475357710662
2011-06-24,0.716,0.716,8.649468892260991
2011-06-27,0.709,0.709,-0.9776536312849138
2011-06-28,0.71,0.71,0.14104372355430161
2011-06-29,0.69,0.69,-2.8169014084507116
2011-06-30,0.707,0.707,2.463768115942022
2011-07-01,0.708,0.708,0.14144271570013522
2011-07-04,0.751,0.751,6.073446327683629
2011-07-05,0.749,0.749,-0.26631158455392434
2011-07-06,0.74,0.74,-1.2016021361815787
2011-07-07,0.74,0.74,0.0
2011-07-08,0.738,0.738,-0.2702702702702675
2011-07-11,0.734,0.734,-0.5420054200542035
2011-07-12,0.694,0.694,-5.449591280653953
2011-07-13,0.719,0.719,3.6023054755043304
2011-07-14,0.727,0.727,1.112656467315709
2011-07-15,0.732,0.732,0.687757909215958
2011-07-18,0.729,0.729,-0.4098360655737654
2011-07-19,0.712,0.712,-2.3319615912208547
2011-07-20,0.705,0.705,-0.98314606741573
2011-07-21,0.692,0.692,-1.8439716312056764
2011-07-22,0.689,0.689,-0.43352601156069204
2011-07-25,0.632,0.632,-8.272859216255435
2011-07-26,0.628,0.628,-0.6329113924050667
2011-07-27,0.637,0.637,1.4331210191082855
2011-07-28,0.624,0.624,-2.0408163265306145
2011-07-29,0.63,0.63,0.9615384615384581
2011-08-01,0.637,0.637,1.1111111111111072
2011-08-02,0.622,0.622,-2.3547880690737877
2011-08-03,0.615,0.615,-1.12540192926045
2011-08-04,0.619,0.619,0.6504065040650486
2011-08-05,0.573,0.573,-7.431340872374803
2011-08-08,0.5,0.5,-12.739965095986028
2011-08-09,0.501,0.501,0.20000000000000018
2011-08-10,0.519,0.519,3.592814371257491
2011-08-11,0.544,0.544,4.816955684007707
2011-08-12,0.55,0.55,1.1029411764705843
2011-08-15,0.578,0.578,5.090909090909079
2011-08-16,0.569,0.569,-1.557093425605538
2011-08-17,0.571,0.571,0.35149384885764245
2011-08-18,0.546,0.546,-4.37828371278457
2011-08-19,0.52,0.52,-4.761904761904767
2011-08-22,0.507,0.507,-2.500000000000002
2011-08-23,0.536,0.536,5.719921104536496
2011-08-24,0.529,0.529,-1.3059701492537323
2011-08-25,0.597,0.597,12.854442344045358
2011-08-26,0.591,0.591,-1.005025125628145
2011-08-29,0.561,0.561,-5.076142131979678
2011-08-30,0.559,0.559,-0.35650623885917776
2011-08-31,0.559,0.559,0.0
2011-09-01,0.553,0.553,-1.073345259391767
2011-09-02,0.531,0.531,-3.9783001808318286
2011-09-05,0.492,0.492,-7.344632768361592
2011-09-06,0.478,0.478,-2.8455284552845517
2011-09-07,0.522,0.522,9.205020920502104
2011-09-08,0.512,0.512,-1.9157088122605415
2011-09-09,0.515,0.515,0.5859375
2011-09-13,0.506,0.506,-1.747572815533982
2011-09-14,0.512,0.512,1.1857707509881354
2011-09-15,0.511,0.511,-0.1953125
2011-09-16,0.511,0.511,0.0
2011-09-19,0.48,0.48,-6.06653620352251
2011-09-20,0.491,0.491,2.2916666666666696
2011-09-21,0.54,0.54,9.97963340122201
2011-09-22,0.483,0.483,-10.555555555555562
2011-09-23,0.477,0.477,-1.2422360248447228
2011-09-26,0.448,0.448,-6.079664570230603
2011-09-27,0.463,0.463,3.3482142857142794
2011-09-28,0.458,0.458,-1.0799136069114534
2011-09-29,0.448,0.448,-2.183406113537123
2011-09-30,0.449,0.449,0.22321428571427937
2011-10-10,0.439,0.439,-2.2271714922049046
2011-10-11,0.427,0.427,-2.733485193621865
2011-10-12,0.48,0.48,12.41217798594847
2011-10-13,0.485,0.485,1.041666666666674
2011-10-14,0.485,0.485,0.0
2011-10-17,0.486,0.486,0.20618556701030855
2011-10-18,0.444,0.444,-8.64197530864197
2011-10-19,0.449,0.449,1.1261261261261257
2011-10-20,0.404,0.404,-10.022271714922049
2011-10-21,0.414,0.414,2.4752475247524552
2011-10-24,0.447,0.447,7.971014492753636
2011-10-25,0.481,0.481,7.606263982102912
2011-10-26,0.488,0.488,1.455301455301461
2011-10-27,0.495,0.495,1.434426229508201
2011-10-28,0.523,0.523,5.656565656565671
2011-10-31,0.511,0.511,-2.294455066921608
2011-11-01,0.512,0.512,0.1956947162426559
2011-11-02,0.538,0.538,5.078125
2011-11-03,0.543,0.543,0.9293680297397744
2011-11-04,0.55,0.55,1.2891344383057168
2011-11-07,0.539,0.539,-2.0000000000000018
2011-11-08,0.545,0.545,1.1131725417439675
2011-11-09,0.556,0.556,2.0183486238532167
2011-11-10,0.525,0.525,-5.5755395683453335
2011-11-11,0.52,0.52,-0.952380952380949
2011-11-14,0.558,0.558,7.307692307692304
2011-11-15,0.55,0.55,-1.4336917562724039
2011-11-16,0.5,0.5,-9.090909090909093
2011-11-17,0.503,0.503,0.6000000000000005
2011-11-18,0.467,0.467,-7.157057654075539
2011-11-21,0.467,0.467,0.0
2011-11-22,0.464,0.464,-0.6423982869379063
2011-11-23,0.449,0.449,-3.2327586206896575
2011-11-24,0.443,0.443,-1.3363028953229383
2011-11-25,0.438,0.438,-1.1286681715575675
2011-11-28,0.442,0.442,0.9132420091324311
2011-11-29,0.467,0.467,5.65610859728507
2011-11-30,0.407,0.407,-12.847965738758038
2011-12-01,0.443,0.443,8.845208845208852
2011-12-02,0.424,0.424,-4.288939051918739
2011-12-05,0.405,0.405,-4.481132075471694
2011-12-06,0.412,0.412,1.7283950617283939
2011-12-07,0.412,0.412,0.0
2011-12-08,0.412,0.412,0.0
2011-12-09,0.405,0.405,-1.6990291262135804
2011-12-12,0.39,0.39,-3.703703703703709
2011-12-13,0.373,0.373,-4.358974358974366
2011-12-14,0.352,0.352,-5.630026809651478
2011-12-15,0.327,0.327,-7.102272727272718
2011-12-16,0.349,0.349,6.727828746177367
2011-12-19,0.337,0.337,-3.4383954154727614
2011-12-20,0.332,0.332,-1.4836795252225476
2011-12-21,0.309,0.309,-6.927710843373502
2011-12-22,0.312,0.312,0.9708737864077666
2011-12-23,0.326,0.326,4.487179487179493
2011-12-26,0.315,0.315,-3.3742331288343586
2011-12-27,0.309,0.309,-1.904761904761909
2011-12-28,0.307,0.307,-0.6472491909385147
2011-12-29,0.31,0.31,0.9771986970684043
2011-12-30,0.323,0.323,4.193548387096779
2012-01-04,0.305,0.305,-5.572755417956666
2012-01-05,0.299,0.299,-1.967213114754096
2012-01-06,0.312,0.312,4.347826086956519
2012-01-09,0.362,0.362,16.025641025641015
2012-01-10,0.407,0.407,12.430939226519344
2012-01-11,0.394,0.394,-3.1941031941031817
2012-01-12,0.4,0.4,1.522842639593902
2012-01-13,0.379,0.379,-5.249999999999999
2012-01-16,0.362,0.362,-4.485488126649084
2012-01-17,0.433,0.433,19.613259668508288
2012-01-18,0.408,0.408,-5.773672055427259
2012-01-19,0.44,0.44,7.843137254901977
2012-01-20,0.461,0.461,4.772727272727284
2012-01-30,0.428,0.428,-7.158351409978314
2012-01-31,0.431,0.431,0.7009345794392496
2012-02-01,0.407,0.407,-5.56844547563805
2012-02-02,0.442,0.442,8.5995085995086
2012-02-03,0.455,0.455,2.941176470588247
2012-02-06,0.453,0.453,-0.439560439560438
2012-02-07,0.422,0.422,-6.8432671081677725
2012-02-08,0.464,0.464,9.952606635071092
2012-02-09,0.464,0.464,0.0
2012-02-10,0.457,0.457,-1.5086206896551713
2012-02-13,0.45,0.45,-1.5317286652078765
2012-02-14,0.447,0.447,-0.666666666666671
2012-02-15,0.457,0.457,2.2371364653243964
2012-02-16,0.457,0.457,0.0
2012-02-17,0.458,0.458,0.2188183807439792
2012-02-20,0.456,0.456,-0.4366812227074246
2012-02-21,0.469,0.469,2.8508771929824483
2012-02-22,0.488,0.488,4.051172707889128
2012-02-23,0.489,0.489,0.2049180327868827
2012-02-24,0.518,0.518,5.9304703476482645
2012-02-27,0.53,0.53,2.316602316602312
2012-02-28,0.537,0.537,1.3207547169811429
2012-02-29,0.508,0.508,-5.400372439478584
2012-03-01,0.516,0.516,1.5748031496062964
2012-03-02,0.537,0.537,4.069767441860472
2012-03-05,0.527,0.527,-1.862197392923648
2012-03-06,0.498,0.498,-5.502846299810249
2012-03-07,0.482,0.482,-3.2128514056224966
2012-03-08,0.499,0.499,3.526970954356856
2012-03-09,0.512,0.512,2.605210420841675
2012-03-12,0.502,0.502,-1.953125
2012-03-13,0.519,0.519,3.3864541832669293
2012-03-14,0.477,0.477,-8.092485549132956
2012-03-15,0.46,0.46,-3.563941299790352
2012-03-16,0.477,0.477,3.6956521739130332
2012-03-19,0.48,0.48,0.6289308176100628
2012-03-20,0.465,0.465,-3.124999999999989
2012-03-21,0.46,0.46,-1.0752688172043001
2012-03-22,0.464,0.464,0.8695652173912993
2012-03-23,0.445,0.445,-4.094827586206895
2012-03-26,0.449,0.449,0.8988764044943753
2012-03-27,0.447,0.447,-0.44543429844098315
2012-03-28,0.41,0.41,-8.277404921700226
2012-03-29,0.387,0.387,-5.60975609756097
2012-03-30,0.395,0.395,2.067183462532296
2012-04-05,0.433,0.433,9.620253164556946
2012-04-06,0.427,0.427,-1.385681293302543
2012-04-09,0.415,0.415,-2.810304449648715
2012-04-10,0.427,0.427,2.8915662650602414
2012-04-11,0.425,0.425,-0.4683840749414525
2012-04-12,0.464,0.464,9.176470588235297
2012-04-13,0.476,0.476,2.5862068965517127
2012-04-16,0.47,0.47,-1.260504201680679
2012-04-17,0.449,0.449,-4.4680851063829685
2012-04-18,0.485,0.485,8.01781737193763
2012-04-19,0.487,0.487,0.4123711340206171
2012-04-20,0.509,0.509,4.517453798767979
2012-04-23,0.497,0.497,-2.3575638506876273
2012-04-24,0.502,0.502,1.0060362173038184
2012-04-25,0.509,0.509,1.3944223107569709
2012-04-26,0.505,0.505,-0.7858546168958758
2012-04-27,0.505,0.505,0.0
2012-05-02,0.532,0.532,5.346534653465351
2012-05-03,0.534,0.534,0.3759398496240518
2012-05-04,0.544,0.544,1.8726591760299671
2012-05-07,0.542,0.542,-0.3676470588235281
2012-05-08,0.531,0.531,-2.029520295202958
2012-05-09,0.502,0.502,-5.461393596986818
2012-05-10,0.5,0.5,-0.3984063745019917
2012-05-11,0.487,0.487,-2.6000000000000023
2012-05-14,0.478,0.478,-1.848049281314168
2012-05-15,0.476,0.476,-0.4184100418409997
2012-05-16,0.447,0.447,-6.092436974789905
2012-05-17,0.473,0.473,5.8165548098433995
2012-05-18,0.456,0.456,-3.594080338266381
2012-05-21,0.46,0.46,0.8771929824561431
2012-05-22,0.478,0.478,3.913043478260869
2012-05-23,0.467,0.467,-2.3012552301255096
2012-05-24,0.473,0.473,1.2847965738757905
2012-05-25,0.446,0.446,-5.708245243128962
2012-05-28,0.468,0.468,4.932735426008983
2012-05-29,0.496,0.496,5.982905982905984
2012-05-30,0.482,0.482,-2.822580645161288
2012-05-31,0.477,0.477,-1.0373443983402453
2012-06-01,0.477,0.477,0.0
2012-06-04,0.433,0.433,-9.224318658280916
2012-06-05,0.428,0.428,-1.1547344110854563
2012-06-06,0.421,0.421,-1.6355140186915862
2012-06-07,0.417,0.417,-0.9501187648456089
2012-06-08,0.407,0.407,-2.3980815347721895
2012-06-11,0.43,0.43,5.651105651105648
2012-06-12,0.406,0.406,-5.581395348837203
2012-06-13,0.43,0.43,5.9113300492610765
2012-06-14,0.415,0.415,-3.488372093023262
2012-06-15,0.428,0.428,3.1325301204819356
2012-06-18,0.436,0.436,1.869158878504673
2012-06-19,0.426,0.426,-2.2935779816513735
2012-06-20,0.426,0.426,0.0
2012-06-21,0.391,0.391,-8.21596244131455
2012-06-25,0.371,0.371,-5.115089514066495
2012-06-26,0.365,0.365,-1.6172506738544534
2012-06-27,0.358,0.358,-1.9178082191780854
2012-06-28,0.348,0.348,-2.7932960893854775
2012-06-29,0.365,0.365,4.885057471264376
2012-07-02,0.357,0.357,-2.1917808219178103
2012-07-03,0.366,0.366,2.521008403361358
2012-07-04,0.364,0.364,-0.5464480874316946
2012-07-05,0.351,0.351,-3.57142857142857
2012-07-06,0.361,0.361,2.8490028490028463
2012-07-09,0.326,0.326,-9.695290858725759
2012-07-10,0.323,0.323,-0.9202453987730119
2012-07-11,0.331,0.331,2.4767801857585203
2012-07-12,0.345,0.345,4.229607250755274
2012-07-13,0.342,0.342,-0.8695652173912882
2012-07-16,0.321,0.321,-6.14035087719299
2012-07-17,0.334,0.334,4.049844236760136
2012-07-18,0.342,0.342,2.39520958083832
2012-07-19,0.349,0.349,2.0467836257309857
2012-07-20,0.334,0.334,-4.297994269340966
2012-07-23,0.308,0.308,-7.784431137724557
2012-07-24,0.31,0.31,0.6493506493506551
2012-07-25,0.306,0.306,-1.2903225806451646
2012-07-26,0.294,0.294,-3.9215686274509887
2012-07-27,0.302,0.302,2.7210884353741527
2012-07-30,0.299,0.299,-0.9933774834437137
2012-07-31,0.303,0.303,1.3377926421404673
2012-08-01,0.311,0.311,2.64026402640265
2012-08-02,0.304,0.304,-2.2508038585209
2012-08-03,0.315,0.315,3.618421052631593
2012-08-06,0.331,0.331,5.0793650793650835
2012-08-07,0.329,0.329,-0.6042296072507503
2012-08-08,0.332,0.332,0.911854103343468
2012-08-09,0.34,0.34,2.4096385542168752
2012-08-10,0.336,0.336,-1.17647058823529
2012-08-13,0.302,0.302,-10.119047619047628
2012-08-14,0.299,0.299,-0.9933774834437137
2012-08-15,0.282,0.282,-5.685618729096998
2012-08-16,0.281,0.281,-0.35460992907799804
2012-08-17,0.277,0.277,-1.4234875444839923
2012-08-20,0.269,0.269,-2.8880866425992857
2012-08-21,0.278,0.278,3.3457249070631967
2012-08-22,0.266,0.266,-4.316546762589935
2012-08-23,0.271,0.271,1.8796992481203034
2012-08-24,0.257,0.257,-5.166051660516613
2012-08-27,0.228,0.228,-11.284046692607008
2012-08-28,0.24,0.24,5.263157894736836
2012-08-29,0.231,0.231,-3.7499999999999867
2012-08-30,0.24,0.24,3.8961038961038863
2012-08-31,0.238,0.238,-0.8333333333333304
2012-09-03,0.246,0.246,3.3613445378151363
2012-09-04,0.229,0.229,-6.910569105691056
2012-09-05,0.22,0.22,-3.9301310043668103
2012-09-06,0.223,0.223,1.3636363636363669
2012-09-07,0.29,0.29,30.04484304932735
2012-09-10,0.293,0.293,1.0344827586206806
2012-09-11,0.276,0.276,-5.802047781569952
2012-09-12,0.279,0.279,1.0869565217391353
2012-09-13,0.273,0.273,-2.1505376344086002
2012-09-14,0.285,0.285,4.39560439560438
2012-09-17,0.254,0.254,-10.87719298245613
2012-09-18,0.23,0.23,-9.44881889763779
2012-09-19,0.234,0.234,1.7391304347826209
2012-09-20,0.212,0.212,-9.401709401709413
2012-09-21,0.217,0.217,2.358490566037741
2012-09-24,0.212,0.212,-2.304147465437789
2012-09-25,0.214,0.214,0.9433962264151052
2012-09-26,0.205,0.205,-4.20560747663552
2012-09-27,0.242,0.242,18.048780487804873
2012-09-28,0.274,0.274,13.223140495867792
2012-10-08,0.264,0.264,-3.649635036496357
2012-10-09,0.289,0.289,9.469696969696951
2012-10-10,0.288,0.288,-0.34602076124568004
2012-10-11,0.278,0.278,-3.47222222222221
2012-10-12,0.285,0.285,2.5179856115107757
2012-10-15,0.274,0.274,-3.8596491228070073
2012-10-16,0.28,0.28,2.1897810218978186
2012-10-17,0.281,0.281,0.3571428571428559
2012-10-18,0.298,0.298,6.049822064056931
2012-10-19,0.297,0.297,-0.3355704697986628
2012-10-22,0.307,0.307,3.367003367003374
2012-10-23,0.287,0.287,-6.514657980456029
2012-10-24,0.282,0.282,-1.7421602787456414
2012-10-25,0.275,0.275,-2.482269503546086
2012-10-26,0.247,0.247,-10.181818181818192
2012-10-29,0.24,0.24,-2.8340080971659964
2012-10-30,0.243,0.243,1.2499999999999956
2012-10-31,0.245,0.245,0.8230452674897082
2012-11-01,0.276,0.276,12.653061224489814
2012-11-02,0.289,0.289,4.710144927536208
2012-11-05,0.29,0.29,0.34602076124568004
2012-11-06,0.281,0.281,-3.103448275862053
2012-11-07,0.281,0.281,0.0
2012-11-08,0.261,0.261,-7.11743772241994
2012-11-09,0.249,0.249,-4.597701149425292
2012-11-12,0.262,0.262,5.2208835341365445
2012-11-13,0.236,0.236,-9.92366412213741
2012-11-14,0.244,0.244,3.3898305084745894
2012-11-15,0.231,0.231,-5.327868852459005
2012-11-16,0.209,0.209,-9.523809523809534
2012-11-19,0.224,0.224,7.177033492822971
2012-11-20,0.208,0.208,-7.142857142857151
2012-11-21,0.228,0.228,9.615384615384626
2012-11-22,0.219,0.219,-3.9473684210526327
2012-11-23,0.231,0.231,5.47945205479452
2012-11-26,0.227,0.227,-1.7316017316017285
2012-11-27,0.215,0.215,-5.286343612334809
2012-11-28,0.204,0.204,-5.116279069767449
2012-11-29,0.198,0.198,-2.941176470588225
2012-11-30,0.202,0.202,2.020202020202011
2012-12-03,0.189,0.189,-6.435643564356441
2012-12-04,0.2,0.2,5.820105820105814
2012-12-05,0.257,0.257,28.499999999999993
2012-12-06,0.255,0.255,-0.7782101167315147
2012-12-07,0.29,0.29,13.725490196078427
2012-12-10,0.302,0.302,4.137931034482767
2012-12-11,0.296,0.296,-1.9867549668874163
2012-12-12,0.298,0.298,0.6756756756756799
2012-12-13,0.282,0.282,-5.369127516778526
2012-12-14,0.369,0.369,30.85106382978724
2012-12-17,0.383,0.383,3.7940379403794022
2012-12-18,0.388,0.388,1.305483028720622
2012-12-19,0.384,0.384,-1.0309278350515427
2012-12-20,0.396,0.396,3.125
2012-12-21,0.38,0.38,-4.040404040404044
2012-12-24,0.384,0.384,1.0526315789473717
2012-12-25,0.436,0.436,13.541666666666675
2012-12-26,0.435,0.435,-0.2293577981651418
2012-12-27,0.429,0.429,-1.379310344827589
2012-12-28,0.462,0.462,7.692307692307709
2012-12-31,0.488,0.488,5.627705627705626
2013-01-04,0.497,0.497,1.8442622950819665
2013-01-07,0.515,0.515,3.621730382293764
2013-01-08,0.499,0.499,-3.106796116504862
2013-01-09,0.488,0.488,-2.2044088176352727
2013-01-10,0.495,0.495,1.434426229508201
2013-01-11,0.456,0.456,-7.878787878787874
2013-01-14,0.537,0.537,17.763157894736835
2013-01-15,0.539,0.539,0.3724394785847407
2013-01-16,0.512,0.512,-5.009276437847876
2013-01-17,0.5,0.5,-2.34375
2013-01-18,0.532,0.532,6.400000000000006
2013-01-21,0.551,0.551,3.571428571428581
2013-01-22,0.554,0.554,0.5444646098003547
2013-01-23,0.567,0.567,2.3465703971119023
2013-01-24,0.563,0.563,-0.7054673721340388
2013-01-25,0.554,0.554,-1.5985790408525546
2013-01-28,0.626,0.626,12.996389891696737
2013-01-29,0.657,0.657,4.952076677316297
2013-01-30,0.667,0.667,1.5220700152207112
2013-01-31,0.676,0.676,1.3493253373313419
2013-02-01,0.74,0.74,9.467455621301756
2013-02-04,0.75,0.75,1.3513513513513598
2013-02-05,0.748,0.748,-0.2666666666666706
2013-02-06,0.751,0.751,0.40106951871656804
2013-02-07,0.711,0.711,-5.326231691078565
2013-02-08,0.706,0.706,-0.7032348804500654
2013-02-18,0.688,0.688,-2.5495750708215303
2013-02-19,0.658,0.658,-4.360465116279055
2013-02-20,0.649,0.649,-1.367781155015202
2013-02-21,0.569,0.569,-12.326656394453018
2013-02-22,0.543,0.543,-4.569420035149374
2013-02-25,0.564,0.564,3.867403314917106
2013-02-26,0.542,0.542,-3.900709219858145
2013-02-27,0.566,0.566,4.428044280442789
2013-02-28,0.632,0.632,11.660777385159026
2013-03-01,0.625,0.625,-1.1075949367088667
2013-03-04,0.523,0.523,-16.32
2013-03-05,0.607,0.607,16.061185468451235
2013-03-06,0.636,0.636,4.777594728171342
2013-03-07,0.608,0.608,-4.402515723270439
2013-03-08,0.603,0.603,-0.8223684210526327
2013-03-11,0.582,0.582,-3.4825870646766233
2013-03-12,0.547,0.547,-6.013745704467343
2013-03-13,0.533,0.533,-2.5594149908592323
2013-03-14,0.534,0.534,0.18761726078799779
2013-03-15,0.554,0.554,3.7453183520599342
2013-03-18,0.523,0.523,-5.595667870036102
2013-03-19,0.539,0.539,3.0592734225621365
2013-03-20,0.616,0.616,14.28571428571428
2013-03-21,0.612,0.612,-0.6493506493506551
2013-03-22,0.619,0.619,1.1437908496731986
2013-03-25,0.614,0.614,-0.8077544426494332
2013-03-26,0.573,0.573,-6.67752442996743
2013-03-27,0.58,0.58,1.221640488656206
2013-03-28,0.49,0.49,-15.517241379310342
2013-03-29,0.49,0.49,0.0
2013-04-01,0.49,0.49,0.0
2013-04-02,0.489,0.489,-0.20408163265306367
2013-04-03,0.496,0.496,1.4314928425357865
2013-04-08,0.482,0.482,-2.822580645161288
2013-04-09,0.494,0.494,2.489626556016611
2013-04-10,0.481,0.481,-2.631578947368418
2013-04-11,0.48,0.48,-0.20790020790021346
2013-04-12,0.473,0.473,-1.4583333333333393
2013-04-15,0.455,0.455,-3.8054968287526303
2013-04-16,0.458,0.458,0.659340659340657
2013-04-17,0.443,0.443,-3.275109170305679
2013-04-18,0.45,0.45,1.5801354401805856
2013-04-19,0.516,0.516,14.666666666666671
2013-04-22,0.522,0.522,1.1627906976744207
2013-04-23,0.466,0.466,-10.727969348659006
2013-04-24,0.498,0.498,6.866952789699554
2013-04-25,0.477,0.477,-4.216867469879526
2013-04-26,0.472,0.472,-1.0482180293501009
2013-05-02,0.474,0.474,0.4237288135593209
2013-05-03,0.508,0.508,7.1729957805907185
2013-05-06,0.524,0.524,3.149606299212593
2013-05-07,0.52,0.52,-0.7633587786259555
2013-05-08,0.525,0.525,0.9615384615384581
2013-05-09,0.516,0.516,-1.7142857142857126
2013-05-10,0.528,0.528,2.3255813953488413
2013-05-13,0.52,0.52,-1.5151515151515138
2013-05-14,0.503,0.503,-3.2692307692307687
2013-05-15,0.516,0.516,2.5844930417495027
2013-05-16,0.542,0.542,5.03875968992249
2013-05-17,0.567,0.567,4.612546125461248
2013-05-20,0.585,0.585,3.1746031746031855
2013-05-21,0.574,0.574,-1.8803418803418848
2013-05-22,0.581,0.581,1.2195121951219523
2013-05-23,0.549,0.549,-5.507745266781394
2013-05-24,0.55,0.55,0.18214936247722413
2013-05-27,0.55,0.55,0.0
2013-05-28,0.582,0.582,5.818181818181811
2013-05-29,0.58,0.58,-0.3436426116838476
2013-05-30,0.572,0.572,-1.379310344827589
2013-05-31,0.559,0.559,-2.2727272727272596
2013-06-03,0.558,0.558,-0.17889087656529634
2013-06-04,0.546,0.546,-2.1505376344086002
2013-06-05,0.528,0.528,-3.296703296703296
2013-06-06,0.508,0.508,-3.7878787878787956
2013-06-07,0.487,0.487,-4.133858267716539
2013-06-13,0.422,0.422,-13.347022587268997
2013-06-14,0.428,0.428,1.4218009478673022
2013-06-17,0.415,0.415,-3.0373831775700966
2013-06-18,0.426,0.426,2.650602409638547
2013-06-19,0.405,0.405,-4.929577464788726
2013-06-20,0.353,0.353,-12.83950617283952
2013-06-21,0.349,0.349,-1.1331444759206777
2013-06-24,0.25,0.25,-28.36676217765043
2013-06-25,0.228,0.228,-8.799999999999997
2013-06-26,0.207,0.207,-9.21052631578948
2013-06-27,0.225,0.225,8.69565217391306
2013-06-28,0.283,0.283,25.777777777777764
2013-07-01,0.282,0.282,-0.35335689045936647
2013-07-02,0.278,0.278,-1.4184397163120366
2013-07-03,0.262,0.262,-5.755395683453246
2013-07-04,0.276,0.276,5.343511450381677
2013-07-05,0.274,0.274,-0.7246376811594235
2013-07-08,0.249,0.249,-9.124087591240881
2013-07-09,0.258,0.258,3.6144578313253017
2013-07-10,0.292,0.292,13.17829457364339
2013-07-11,0.393,0.393,34.58904109589043
2013-07-12,0.346,0.346,-11.959287531806629
2013-07-15,0.357,0.357,3.1791907514450823
2013-07-16,0.359,0.359,0.5602240896358524
2013-07-17,0.338,0.338,-5.84958217270194
2013-07-18,0.298,0.298,-11.834319526627224
2013-07-19,0.268,0.268,-10.067114093959717
2013-07-22,0.27,0.27,0.746268656716409
2013-07-23,0.305,0.305,12.962962962962955
2013-07-24,0.284,0.284,-6.8852459016393475
2013-07-25,0.275,0.275,-3.169014084507027
2013-07-26,0.275,0.275,0.0
2013-07-29,0.232,0.232,-15.636363636363637
2013-07-30,0.251,0.251,8.18965517241379
2013-07-31,0.256,0.256,1.9920318725099584
2013-08-01,0.285,0.285,11.328124999999979
2013-08-02,0.28,0.28,-1.754385964912264
2013-08-05,0.294,0.294,4.999999999999982
2013-08-06,0.303,0.303,3.0612244897959107
2013-08-07,0.292,0.292,-3.63036303630363
2013-08-08,0.286,0.286,-2.0547945205479423
2013-08-09,0.284,0.284,-0.6993006993006978
2013-08-12,0.348,0.348,22.535211267605625
2013-08-13,0.362,0.362,4.022988505747138
2013-08-14,0.358,0.358,-1.104972375690605
2013-08-15,0.352,0.352,-1.6759776536312887
2013-08-16,0.349,0.349,-0.8522727272727293
2013-08-19,0.365,0.365,4.5845272206303855
2013-08-20,0.362,0.362,-0.8219178082191747
2013-08-21,0.35,0.35,-3.314917127071826
2013-08-22,0.349,0.349,-0.28571428571428914
2013-08-23,0.331,0.331,-5.157593123209159
2013-08-26,0.363,0.363,9.667673716012072
2013-08-27,0.364,0.364,0.2754820936639035
2013-08-28,0.355,0.355,-2.472527472527475
2013-08-29,0.353,0.353,-0.5633802816901401
2013-08-30,0.352,0.352,-0.283286118980175
2013-09-02,0.356,0.356,1.1363636363636465
2013-09-03,0.384,0.384,7.86516853932584
2013-09-04,0.383,0.383,-0.26041666666666297
2013-09-05,0.381,0.381,-0.5221932114882533
2013-09-06,0.394,0.394,3.4120734908136496
2013-09-09,0.5,0.5,26.903553299492387
2013-09-10,0.512,0.512,2.400000000000002
2013-09-11,0.519,0.519,1.3671875
2013-09-12,0.549,0.549,5.780346820809257
2013-09-13,0.517,0.517,-5.828779599271405
2013-09-16,0.506,0.506,-2.127659574468088
2013-09-17,0.477,0.477,-5.7312252964426875
2013-09-18,0.477,0.477,0.0
2013-09-23,0.485,0.485,1.6771488469601747
2013-09-24,0.442,0.442,-8.865979381443301
2013-09-25,0.438,0.438,-0.9049773755656076
2013-09-26,0.407,0.407,-7.077625570776258
2013-09-27,0.403,0.403,-0.9828009828009687
2013-09-30,0.418,0.418,3.722084367245637
2013-10-08,0.43,0.43,2.8708133971291794
2013-10-09,0.438,0.438,1.8604651162790642
2013-10-10,0.409,0.409,-6.621004566210054
2013-10-11,0.438,0.438,7.090464547677278
2013-10-14,0.433,0.433,-1.1415525114155223
2013-10-15,0.418,0.418,-3.4642032332563577
2013-10-16,0.394,0.394,-5.741626794258369
2013-10-17,0.393,0.393,-0.25380710659898
2013-10-18,0.397,0.397,1.0178117048346147
2013-10-21,0.417,0.417,5.0377833753148415
2013-10-22,0.399,0.399,-4.316546762589923
2013-10-23,0.402,0.402,0.7518796992481258
2013-10-24,0.379,0.379,-5.721393034825873
2013-10-25,0.368,0.368,-2.902374670184704
2013-10-28,0.368,0.368,0.0
2013-10-29,0.39,0.39,5.978260869565233
2013-10-30,0.416,0.416,6.666666666666665
2013-10-31,0.397,0.397,-4.567307692307687
2013-11-01,0.412,0.412,3.778337531486131
2013-11-04,0.41,0.41,-0.4854368932038833
2013-11-05,0.399,0.399,-2.682926829268284
2013-11-06,0.379,0.379,-5.012531328320802
2013-11-07,0.379,0.379,0.0
2013-11-08,0.365,0.365,-3.693931398416894
2013-11-11,0.358,0.358,-1.9178082191780854
2013-11-12,0.376,0.376,5.027932960893855
2013-11-13,0.333,0.333,-11.436170212765951
2013-11-14,0.325,0.325,-2.4024024024024038
2013-11-15,0.356,0.356,9.53846153846154
2013-11-18,0.429,0.429,20.5056179775281
2013-11-19,0.418,0.418,-2.564102564102566
2013-11-20,0.415,0.415,-0.7177033492822948
2013-11-21,0.41,0.41,-1.2048192771084376
2013-11-22,0.403,0.403,-1.7073170731707221
2013-11-25,0.395,0.395,-1.985111662531014
2013-11-26,0.388,0.388,-1.7721518987341756
2013-11-27,0.4,0.4,3.0927835051546504
2013-11-28,0.413,0.413,3.2499999999999973
2013-11-29,0.412,0.412,-0.2421307506053294
2013-12-02,0.435,0.435,5.582524271844669
2013-12-03,0.443,0.443,1.839080459770126
2013-12-04,0.451,0.451,1.8058690744920947
2013-12-05,0.447,0.447,-0.8869179600886956
2013-12-06,0.433,0.433,-3.1319910514541416
2013-12-09,0.433,0.433,0.0
2013-12-10,0.436,0.436,0.6928406466512715
2013-12-11,0.406,0.406,-6.8807339449541205
2013-12-12,0.398,0.398,-1.9704433497536922
2013-12-13,0.387,0.387,-2.7638190954773934
2013-12-16,0.368,0.368,-4.9095607235142165
2013-12-17,0.362,0.362,-1.6304347826086918
2013-12-18,0.357,0.357,-1.3812154696132617
2013-12-19,0.339,0.339,-5.042016806722682
2013-12-20,0.312,0.312,-7.964601769911505
2013-12-23,0.311,0.311,-0.3205128205128194
2013-12-24,0.306,0.306,-1.6077170418006492
2013-12-25,0.316,0.316,3.267973856209161
2013-12-26,0.286,0.286,-9.493670886075956
2013-12-27,0.313,0.313,9.44055944055946
2013-12-30,0.313,0.313,0.0
2013-12-31,0.329,0.329,5.111821086261981
2014-01-02,0.318,0.318,-3.3434650455927084
2014-01-03,0.295,0.295,-7.232704402515733
2014-01-06,0.26,0.26,-11.864406779661007
2014-01-07,0.259,0.259,-0.38461538461538325
2014-01-08,0.26,0.26,0.38610038610038533
2014-01-09,0.248,0.248,-4.615384615384621
2014-01-10,0.244,0.244,-1.6129032258064502
2014-01-13,0.241,0.241,-1.2295081967213073
2014-01-14,0.25,0.25,3.734439834024905
2014-01-15,0.251,0.251,0.40000000000000036
2014-01-16,0.252,0.252,0.3984063745019917
2014-01-17,0.237,0.237,-5.952380952380953
2014-01-20,0.227,0.227,-4.219409282700415
2014-01-21,0.228,0.228,0.4405286343612369
2014-01-22,0.261,0.261,14.473684210526304
2014-01-23,0.257,0.257,-1.532567049808431
2014-01-24,0.267,0.267,3.891050583657596
2014-01-27,0.256,0.256,-4.119850187265916
2014-01-28,0.256,0.256,0.0
2014-01-29,0.269,0.269,5.078125
2014-01-30,0.258,0.258,-4.089219330855021
2014-02-07,0.26,0.26,0.7751937984496138
2014-02-10,0.295,0.295,13.461538461538458
2014-02-11,0.312,0.312,5.762711864406778
2014-02-12,0.315,0.315,0.9615384615384581
2014-02-13,0.315,0.315,0.0
2014-02-14,0.329,0.329,4.444444444444451
2014-02-17,0.332,0.332,0.911854103343468
2014-02-18,0.316,0.316,-4.81927710843374
2014-02-19,0.331,0.331,4.746835443037978
2014-02-20,0.343,0.343,3.6253776435045237
2014-02-21,0.324,0.324,-5.5393586005831
2014-02-24,0.295,0.295,-8.950617283950624
2014-02-25,0.263,0.263,-10.84745762711864
2014-02-26,0.262,0.262,-0.38022813688213253
2014-02-27,0.273,0.273,4.198473282442761
2014-02-28,0.283,0.283,3.66300366300365
2014-03-03,0.288,0.288,1.7667844522968323
2014-03-04,0.278,0.278,-3.47222222222221
2014-03-05,0.271,0.271,-2.517985611510798
2014-03-06,0.271,0.271,0.0
2014-03-07,0.266,0.266,-1.845018450184499
2014-03-10,0.217,0.217,-18.42105263157895
2014-03-11,0.216,0.216,-0.4608294930875556
2014-03-12,0.217,0.217,0.4629629629629539
2014-03-13,0.24,0.24,10.599078341013811
2014-03-14,0.237,0.237,-1.2500000000000067
2014-03-17,0.252,0.252,6.329113924050644
2014-03-18,0.252,0.252,0.0
2014-03-19,0.244,0.244,-3.1746031746031744
2014-03-20,0.228,0.228,-6.5573770491803245
2014-03-21,0.264,0.264,15.789473684210531
2014-03-24,0.277,0.277,4.924242424242431
2014-03-25,0.282,0.282,1.80505415162453
2014-03-26,0.277,0.277,-1.7730496453900568
2014-03-27,0.269,0.269,-2.8880866425992857
2014-03-28,0.262,0.262,-2.6022304832713727
2014-03-31,0.254,0.254,-3.053435114503822
2014-04-01,0.266,0.266,4.7244094488189115
2014-04-02,0.276,0.276,3.759398496240607
2014-04-03,0.262,0.262,-5.072463768115942
2014-04-04,0.268,0.268,2.2900763358778553
2014-04-08,0.302,0.302,12.686567164179085
2014-04-09,0.305,0.305,0.9933774834437026
2014-04-10,0.329,0.329,7.868852459016407
2014-04-11,0.333,0.333,1.2158054711246313
2014-04-14,0.327,0.327,-1.8018018018018056
2014-04-15,0.306,0.306,-6.422018348623859
2014-04-16,0.305,0.305,-0.32679738562091387
2014-04-17,0.3,0.3,-1.6393442622950838
2014-04-18,0.3,0.3,0.0
2014-04-21,0.28,0.28,-6.666666666666654
2014-04-22,0.284,0.284,1.4285714285714013
2014-04-23,0.279,0.279,-1.7605633802816767
2014-04-24,0.28,0.28,0.35842293906809264
2014-04-25,0.27,0.27,-3.57142857142857
2014-04-28,0.248,0.248,-8.14814814814816
2014-04-29,0.26,0.26,4.8387096774193505
2014-04-30,0.267,0.267,2.692307692307705
2014-05-05,0.267,0.267,0.0
2014-05-06,0.271,0.271,1.4981273408239737
2014-05-07,0.261,0.261,-3.690036900369009
2014-05-08,0.261,0.261,0.0
2014-05-09,0.254,0.254,-2.6819923371647514
2014-05-12,0.285,0.285,12.204724409448797
2014-05-13,0.282,0.282,-1.0526315789473717
2014-05-14,0.281,0.281,-0.35460992907799804
2014-05-15,0.266,0.266,-5.338078291814952
2014-05-16,0.265,0.265,-0.3759398496240629
2014-05-19,0.255,0.255,-3.7735849056603765
2014-05-20,0.252,0.252,-1.17647058823529
2014-05-21,0.267,0.267,5.952380952380953
2014-05-22,0.261,0.261,-2.2471910112359605
2014-05-23,0.271,0.271,3.831417624521083
2014-05-26,0.28,0.28,3.3210332103321027
2014-05-27,0.281,0.281,0.3571428571428559
2014-05-28,0.289,0.289,2.8469750889679624
2014-05-29,0.277,0.277,-4.152249134948082
2014-05-30,0.276,0.276,-0.3610108303249149
2014-06-03,0.271,0.271,-1.8115942028985477
2014-06-04,0.259,0.259,-4.428044280442811
2014-06-05,0.271,0.271,4.633204633204646
2014-06-06,0.261,0.261,-3.690036900369009
2014-06-09,0.262,0.262,0.3831417624521105
2014-06-10,0.276,0.276,5.343511450381677
2014-06-11,0.281,0.281,1.8115942028985588
2014-06-12,0.274,0.274,-2.491103202846978
2014-06-13,0.293,0.293,6.934306569343041
2014-06-16,0.306,0.306,4.436860068259385
2014-06-17,0.295,0.295,-3.5947712418300637
2014-06-18,0.286,0.286,-3.050847457627126
2014-06-19,0.264,0.264,-7.692307692307676
2014-06-20,0.271,0.271,2.6515151515151603
2014-06-23,0.275,0.275,1.4760147601476037
2014-06-24,0.276,0.276,0.363636363636366
2014-06-25,0.271,0.271,-1.8115942028985477
2014-06-26,0.277,0.277,2.2140221402213944
2014-06-27,0.279,0.279,0.7220216606498298
2014-06-30,0.291,0.291,4.301075268817178
2014-07-01,0.292,0.292,0.3436426116838476
2014-07-02,0.3,0.3,2.7397260273972712
2014-07-03,0.303,0.303,1.0000000000000009
2014-07-04,0.304,0.304,0.3300330033003229
2014-07-07,0.301,0.301,-0.9868421052631637
2014-07-08,0.307,0.307,1.9933554817275656
2014-07-09,0.291,0.291,-5.211726384364823
2014-07-10,0.29,0.29,-0.3436426116838476
2014-07-11,0.297,0.297,2.4137931034482696
2014-07-14,0.318,0.318,7.070707070707072
2014-07-15,0.317,0.317,-0.3144654088050314
2014-07-16,0.316,0.316,-0.3154574132492094
2014-07-17,0.312,0.312,-1.2658227848101222
2014-07-18,0.315,0.315,0.9615384615384581
2014-07-21,0.313,0.313,-0.6349206349206327
2014-07-22,0.333,0.333,6.389776357827492
2014-07-23,0.337,0.337,1.2012012012011963
2014-07-24,0.363,0.363,7.71513353115727
2014-07-25,0.379,0.379,4.40771349862259
2014-07-28,0.417,0.417,10.026385224274392
2014-07-29,0.427,0.427,2.3980815347721895
2014-07-30,0.418,0.418,-2.1077283372365363
2014-07-31,0.443,0.443,5.980861244019153
2014-08-01,0.435,0.435,-1.8058690744921058
2014-08-04,0.458,0.458,5.287356321839076
2014-08-05,0.457,0.457,-0.21834061135370675
2014-08-06,0.455,0.455,-0.4376367614879695
2014-08-07,0.436,0.436,-4.175824175824183
2014-08-08,0.437,0.437,0.2293577981651307
2014-08-11,0.468,0.468,7.093821510297493
2014-08-12,0.467,0.467,-0.21367521367521292
2014-08-13,0.464,0.464,-0.6423982869379063
2014-08-14,0.456,0.456,-1.7241379310344862
2014-08-15,0.467,0.467,2.412280701754388
2014-08-18,0.473,0.473,1.2847965738757905
2014-08-19,0.474,0.474,0.21141649048626032
2014-08-20,0.468,0.468,-1.2658227848101111
2014-08-21,0.455,0.455,-2.777777777777779
2014-08-22,0.462,0.462,1.538461538461533
2014-08-25,0.451,0.451,-2.3809523809523836
2014-08-26,0.434,0.434,-3.7694013303769425
2014-08-27,0.435,0.435,0.23041474654377225
2014-08-28,0.427,0.427,-1.839080459770115
2014-08-29,0.444,0.444,3.9812646370023463
2014-09-01,0.451,0.451,1.5765765765765716
2014-09-02,0.475,0.475,5.3215077605321515
2014-09-03,0.489,0.489,2.947368421052632
2014-09-04,0.503,0.503,2.862985685071573
2014-09-05,0.528,0.528,4.97017892644136
2014-09-09,0.52,0.52,-1.5151515151515138
2014-09-10,0.511,0.511,-1.7307692307692357
2014-09-11,0.513,0.513,0.391389432485334
2014-09-12,0.52,0.52,1.3645224171539905
2014-09-15,0.522,0.522,0.38461538461538325
2014-09-16,0.498,0.498,-4.597701149425292
2014-09-17,0.498,0.498,0.0
2014-09-18,0.503,0.503,1.0040160642570184
2014-09-19,0.526,0.526,4.572564612326047
2014-09-22,0.491,0.491,-6.653992395437269
2014-09-23,0.502,0.502,2.2403258655804503
2014-09-24,0.528,0.528,5.179282868525892
2014-09-25,0.532,0.532,0.7575757575757569
2014-09-26,0.529,0.529,-0.5639097744360888
2014-09-29,0.544,0.544,2.835538752362954
2014-09-30,0.55,0.55,1.1029411764705843
2014-10-08,0.557,0.557,1.2727272727272698
2014-10-09,0.558,0.558,0.17953321364452268
2014-10-10,0.545,0.545,-2.3297491039426577
2014-10-13,0.531,0.531,-2.5688073394495414
2014-10-14,0.533,0.533,0.37664783427495685
2014-10-15,0.539,0.539,1.1257035647279645
2014-10-16,0.535,0.535,-0.7421150278293154
2014-10-17,0.531,0.531,-0.747663551401867
2014-10-20,0.54,0.54,1.6949152542372836
2014-10-21,0.525,0.525,-2.777777777777779
2014-10-22,0.516,0.516,-1.7142857142857126
2014-10-23,0.492,0.492,-4.651162790697683
2014-10-24,0.491,0.491,-0.20325203252032908
2014-10-27,0.477,0.477,-2.851323828920571
2014-10-28,0.508,0.508,6.498951781970663
2014-10-29,0.538,0.538,5.905511811023634
2014-10-30,0.566,0.566,5.2044609665427455
2014-10-31,0.611,0.611,7.950530035335701
2014-11-03,0.612,0.612,0.16366612111293755
2014-11-04,0.61,0.61,-0.32679738562091387
2014-11-05,0.61,0.61,0.0
2014-11-06,0.611,0.611,0.16393442622950616
2014-11-07,0.61,0.61,-0.16366612111292644
2014-11-10,0.662,0.662,8.52459016393443
2014-11-11,0.667,0.667,0.7552870090634434
2014-11-12,0.686,0.686,2.8485757121439415
2014-11-13,0.681,0.681,-0.7288629737609353
2014-11-14,0.674,0.674,-1.027900146842875
2014-11-17,0.676,0.676,0.29673590504450953
2014-11-18,0.651,0.651,-3.698224852071008
2014-11-19,0.643,0.643,-1.228878648233489
2014-11-20,0.645,0.645,0.3110419906687367
2014-11-21,0.677,0.677,4.961240310077519
2014-11-24,0.709,0.709,4.726735598227472
2014-11-25,0.746,0.746,5.218617771509182
2014-11-26,0.764,0.764,2.4128686327077764
2014-11-27,0.771,0.771,0.9162303664921545
2014-11-28,0.825,0.825,7.003891050583655
2014-12-01,0.835,0.835,1.21212121212122
2014-12-02,0.903,0.903,8.143712574850316
2014-12-03,0.905,0.905,0.22148394241416902
2014-12-04,0.999,0.999,10.386740331491717
2014-12-05,1.014,1.014,1.501501501501501
2014-12-08,1.079,1.079,6.41025641025641
2014-12-09,0.984,0.984,-8.804448563484701
2014-12-10,1.068,1.068,8.536585365853666
2014-12-11,1.063,1.063,-0.46816479400749733
2014-12-12,1.052,1.052,-1.0348071495766553
2014-12-15,1.059,1.059,0.665399239543718
2014-12-16,1.106,1.106,4.438149197356012
2014-12-17,1.146,1.146,3.616636528028927
2014-12-18,1.142,1.142,-0.3490401396160525
2014-12-19,1.237,1.237,8.318739054290747
2014-12-22,1.278,1.278,3.3144704931285407
2014-12-23,1.178,1.178,-7.824726134585291
2014-12-24,1.104,1.104,-6.281833616298793
2014-12-25,1.194,1.194,8.152173913043459
2014-12-26,1.25,1.25,4.690117252931336
2014-12-29,1.239,1.239,-0.8799999999999919
2014-12-30,1.211,1.211,-2.259887005649719
2014-12-31,1.272,1.272,5.037159372419486
2015-01-05,1.393,1.393,9.512578616352197
2015-01-06,1.388,1.388,-0.3589375448671994
2015-01-07,1.378,1.378,-0.7204610951008661
2015-01-08,1.315,1.315,-4.571843251088525
2015-01-09,1.298,1.298,-1.2927756653992373
2015-01-12,1.244,1.244,-4.160246533127898
2015-01-13,1.247,1.247,0.2411575562700996
2015-01-14,1.238,1.238,-0.721732157177235
2015-01-15,1.314,1.314,6.138933764135701
2015-01-16,1.339,1.339,1.9025875190258779
2015-01-19,1.093,1.093,-18.37191934279313
2015-01-20,1.153,1.153,5.489478499542555
2015-01-21,1.254,1.254,8.759757155247172
2015-01-22,1.255,1.255,0.07974481658692412
2015-01-23,1.252,1.252,-0.23904382470119057
2015-01-26,1.283,1.283,2.4760383386581486
2015-01-27,1.264,1.264,-1.4809041309430948
2015-01-28,1.246,1.246,-1.424050632911389
2015-01-29,1.222,1.222,-1.9261637239165297
2015-01-30,1.204,1.204,-1.4729950900163713
2015-02-02,1.133,1.133,-5.8970099667774
2015-02-03,1.169,1.169,3.1774051191526986
2015-02-04,1.15,1.15,-1.6253207869974418
2015-02-05,1.113,1.113,-3.2173913043478164
2015-02-06,1.052,1.052,-5.480682839173401
2015-02-09,1.053,1.053,0.0950570342205248
2015-02-10,1.1,1.1,4.463437796771141
2015-02-11,1.105,1.105,0.4545454545454408
2015-02-12,1.11,1.11,0.452488687782826
2015-02-13,1.137,1.137,2.43243243243243
2015-02-16,1.146,1.146,0.79155672823219
2015-02-17,1.169,1.169,2.0069808027923353
2015-02-25,1.156,1.156,-1.1120615911035192
2015-02-26,1.23,1.23,6.401384083044981
2015-02-27,1.23,1.23,0.0
2015-03-02,1.254,1.254,1.9512195121951237
2015-03-03,1.222,1.222,-2.551834130781505
2015-03-04,1.225,1.225,0.24549918166940632
2015-03-05,1.195,1.195,-2.448979591836742
2015-03-06,1.193,1.193,-0.16736401673640433
2015-03-09,1.265,1.265,6.035205364626983
2015-03-10,1.251,1.251,-1.1067193675889375
2015-03-11,1.262,1.262,0.8792965627498095
2015-03-12,1.317,1.317,4.358161648177483
2015-03-13,1.333,1.333,1.214882308276377
2015-03-16,1.383,1.383,3.7509377344336015
2015-03-17,1.426,1.426,3.109182935647148
2015-03-18,1.512,1.512,6.030855539971958
2015-03-19,1.509,1.509,-0.1984126984127088
2015-03-20,1.545,1.545,2.385685884691857
2015-03-23,1.603,1.603,3.7540453074433655
2015-03-24,1.626,1.626,1.4348097317529618
2015-03-25,1.609,1.609,-1.045510455104548
2015-03-26,1.592,1.592,-1.056556867619629
2015-03-27,1.613,1.613,1.3190954773869334
2015-03-30,1.698,1.698,5.269683818970861
2015-03-31,1.662,1.662,-2.1201413427561877
2015-04-01,1.708,1.708,2.767749699157651
2015-04-02,1.75,1.75,2.4590163934426146
2015-04-03,1.802,1.802,2.9714285714285804
2015-04-07,1.908,1.908,5.882352941176472
2015-04-08,1.958,1.958,2.6205450733752578
2015-04-09,1.948,1.948,-0.5107252298263587
2015-04-10,2.019,2.019,3.6447638603696264
2015-04-13,2.057,2.057,1.8821198613174772
2015-04-14,2.073,2.073,0.7778317938745838
2015-04-15,2.048,2.048,-1.2059816690786263
2015-04-16,2.12,2.12,3.515625
2015-04-17,2.182,2.182,2.9245283018867863
2015-04-20,2.077,2.077,-4.812098991750691
2015-04-21,2.139,2.139,2.985074626865658
2015-04-22,2.244,2.244,4.908835904628361
2015-04-23,2.254,2.254,0.4456327985739694
2015-04-24,2.198,2.198,-2.4844720496894457
2015-04-27,2.269,2.269,3.2302092811647087
2015-04-28,2.202,2.202,-2.9528426619656267
2015-04-29,2.205,2.205,0.13623978201635634
2015-04-30,2.204,2.204,-0.0453514739228944
2015-05-04,2.254,2.254,2.26860254083483
2015-05-05,2.101,2.101,-6.787932564330079
2015-05-06,2.026,2.026,-3.5697287006187572
2015-05-07,1.918,1.918,-5.330700888450146
2015-05-08,1.985,1.985,3.493222106360805
2015-05-11,2.096,2.096,5.591939546599489
2015-05-12,2.139,2.139,2.0515267175572394
2015-05-13,2.11,2.11,-1.3557737260401992
2015-05-14,2.125,2.125,0.7109004739336511
2015-05-15,2.076,2.076,-2.3058823529411687
2015-05-18,2.034,2.034,-2.0231213872832443
2015-05-19,2.14,2.14,5.211406096361859
2015-05-20,2.158,2.158,0.8411214953270907
2015-05-21,2.254,2.254,4.448563484708057
2015-05-22,2.343,2.343,3.948535936113573
2015-05-25,2.469,2.469,5.377720870678604
2015-05-26,2.521,2.521,2.106115836370992
2015-05-27,2.521,2.521,0.0
2015-05-28,2.297,2.297,-8.88536295120983
2015-05-29,2.26,2.26,-1.6107966913365468
2015-06-01,2.512,2.512,11.15044247787611
2015-06-02,2.567,2.567,2.1894904458598763
2015-06-03,2.549,2.549,-0.7012076353720365
2015-06-04,2.601,2.601,2.0400156924283985
2015-06-05,2.687,2.687,3.306420607458671
2015-06-08,2.78,2.78,3.461109043542976
2015-06-09,2.794,2.794,0.5035971223021685
2015-06-10,2.782,2.782,-0.42949176807444145
2015-06-11,2.773,2.773,-0.32350826743349215
2015-06-12,2.881,2.881,3.8946988820771633
2015-06-15,2.859,2.859,-0.7636237417563252
2015-06-16,2.702,2.702,-5.491430570129419
2015-06-17,2.796,2.796,3.4789045151739417
2015-06-18,2.707,2.707,-3.1831187410586548
2015-06-19,2.426,2.426,-10.380495012929437
2015-06-23,2.482,2.482,2.308326463314092
2015-06-24,2.592,2.592,4.431909750201446
2015-06-25,2.465,2.465,-4.899691358024705
2015-06-26,2.095,2.095,-15.010141987829606
2015-06-29,2.066,2.066,-1.3842482100238862
2015-06-30,2.273,2.273,10.019361084220723
2015-07-01,2.041,2.041,-10.206775186977568
2015-07-02,1.888,1.888,-7.496325330720232
2015-07-03,1.667,1.667,-11.705508474576265
2015-07-06,1.777,1.777,6.59868026394721
2015-07-07,1.669,1.669,-6.077658975801903
2015-07-08,1.375,1.375,-17.615338526063518
2015-07-09,1.64,1.64,19.272727272727263
2015-07-10,1.931,1.931,17.743902439024396
2015-07-13,2.12,2.12,9.787674779906785
2015-07-14,1.957,1.957,-7.6886792452830255
2015-07-15,1.782,1.782,-8.942258559018912
2015-07-16,1.825,1.825,2.413019079685741
2015-07-17,1.965,1.965,7.671232876712342
2015-07-20,1.952,1.952,-0.6615776081425051
2015-07-21,1.983,1.983,1.5881147540983687
2015-07-22,1.963,1.963,-1.0085728693898122
2015-07-23,2.052,2.052,4.533876719307184
2015-07-24,1.986,1.986,-3.2163742690058506
2015-07-27,1.683,1.683,-15.256797583081571
2015-07-28,1.697,1.697,0.8318478906714111
2015-07-29,1.821,1.821,7.3070123747790205
2015-07-30,1.757,1.757,-3.514552443712249
2015-07-31,1.745,1.745,-0.6829823562891191
2015-08-03,1.826,1.826,4.641833810888252
2015-08-04,1.884,1.884,3.176341730558585
2015-08-05,1.817,1.817,-3.5562632696390595
2015-08-06,1.787,1.787,-1.6510731975784232
2015-08-07,1.847,1.847,3.3575825405707915
2015-08-10,1.991,1.991,7.79642663779101
2015-08-11,1.975,1.975,-0.8036162732295349
2015-08-12,1.924,1.924,-2.5822784810126675
2015-08-13,1.968,1.968,2.2869022869022926
2015-08-14,1.965,1.965,-0.1524390243902385
2015-08-17,1.992,1.992,1.3740458015267132
2015-08-18,1.83,1.83,-8.13253012048193
2015-08-19,1.847,1.847,0.928961748633883
2015-08-20,1.74,1.74,-5.7931781266919335
2015-08-21,1.606,1.606,-7.701149425287346
2015-08-24,1.318,1.318,-17.932752179327526
2015-08-25,1.081,1.081,-17.98179059180577
2015-08-26,1.1,1.1,1.757631822386685
2015-08-27,1.253,1.253,13.909090909090892
2015-08-28,1.375,1.375,9.736632083000817
2015-08-31,1.365,1.365,-0.727272727272732
2015-09-01,1.357,1.357,-0.586080586080584
2015-09-02,1.377,1.377,1.4738393515106862
2015-09-07,1.295,1.295,-5.9549745824255655
2015-09-08,1.372,1.372,5.945945945945952
2015-09-09,1.427,1.427,4.008746355685133
2015-09-10,1.375,1.375,-3.6440084092501768
2015-09-11,1.371,1.371,-0.2909090909090861
2015-09-14,1.272,1.272,-7.221006564551424
2015-09-15,1.19,1.19,-6.446540880503148
2015-09-16,1.33,1.33,11.764705882352944
2015-09-17,1.253,1.253,-5.789473684210544
2015-09-18,1.254,1.254,0.07980845969672856
2015-09-21,1.285,1.285,2.472089314194581
2015-09-22,1.303,1.303,1.4007782101167265
2015-09-23,1.281,1.281,-1.6884113584036853
2015-09-24,1.283,1.283,0.15612802498048417
2015-09-25,1.244,1.244,-3.0397505845674133
2015-09-28,1.237,1.237,-0.5627009646302139
2015-09-29,1.205,1.205,-2.5869037995149613
2015-09-30,1.218,1.218,1.078838174273855
2015-10-08,1.282,1.282,5.254515599343201
2015-10-09,1.305,1.305,1.7940717628704972
2015-10-12,1.388,1.388,6.360153256704981
2015-10-13,1.385,1.385,-0.2161383285302465
2015-10-14,1.367,1.367,-1.2996389891696714
2015-10-15,1.42,1.42,3.8771031455742566
2015-10-16,1.458,1.458,2.6760563380281654
2015-10-19,1.465,1.465,0.4801097393690057
2015-10-20,1.487,1.487,1.5017064846416295
2015-10-21,1.405,1.405,-5.514458641560194
2015-10-22,1.445,1.445,2.8469750889679846
2015-10-23,1.484,1.484,2.69896193771626
2015-10-26,1.507,1.507,1.5498652291105142
2015-10-27,1.515,1.515,0.5308560053085554
2015-10-28,1.483,1.483,-2.1122112211220956
2015-10-29,1.477,1.477,-0.4045853000674282
2015-10-30,1.477,1.477,0.0
2015-11-02,1.457,1.457,-1.354096140826
2015-11-03,1.426,1.426,-2.1276595744680993
2015-11-04,1.513,1.513,6.100981767180924
2015-11-05,1.566,1.566,3.502974223397226
2015-11-06,1.613,1.613,3.0012771392081694
2015-11-09,1.672,1.672,3.657780533168009
2015-11-10,1.662,1.662,-0.5980861244019198
2015-11-11,1.659,1.659,-0.18050541516244634
2015-11-12,1.627,1.627,-1.9288728149487677
2015-11-13,1.604,1.604,-1.41364474492931
2015-11-16,1.613,1.613,0.5610972568578454
2015-11-17,1.629,1.629,0.9919404835709855
2015-11-18,1.604,1.604,-1.5346838551258402
2015-11-19,1.633,1.633,1.8079800498753018
2015-11-20,1.625,1.625,-0.48989589712186143
2015-11-23,1.62,1.62,-0.3076923076922977
2015-11-24,1.616,1.616,-0.24691358024691024
2015-11-25,1.645,1.645,1.7945544554455406
2015-11-26,1.642,1.642,-0.18237082066869803
2015-11-27,1.559,1.559,-5.054811205846521
2015-11-30,1.526,1.526,-2.1167415009621493
2015-12-01,1.505,1.505,-1.3761467889908396
2015-12-02,1.578,1.578,4.850498338870435
2015-12-03,1.607,1.607,1.8377693282636276
2015-12-04,1.558,1.558,-3.0491599253266943
2015-12-07,1.552,1.552,-0.38510911424903815
2015-12-08,1.517,1.517,-2.255154639175272
2015-12-09,1.512,1.512,-0.3295978905734964
2015-12-10,1.498,1.498,-0.92592592592593
2015-12-11,1.48,1.48,-1.2016021361815787
2015-12-14,1.533,1.533,3.5810810810810834
2015-12-15,1.515,1.515,-1.1741682974559686
2015-12-16,1.507,1.507,-0.5280528052805322
2015-12-17,1.561,1.561,3.583278035832782
2015-12-18,1.562,1.562,0.06406149903908087
2015-12-21,1.637,1.637,4.801536491677338
2015-12-22,1.636,1.636,-0.06108735491754391
2015-12-23,1.654,1.654,1.1002444987775029
2015-12-24,1.623,1.623,-1.8742442563482453
2015-12-25,1.626,1.626,0.1848428835489857
2015-12-28,1.563,1.563,-3.874538745387446
2015-12-29,1.576,1.576,0.8317338451695466
2015-12-30,1.577,1.577,0.06345177664974777
2015-12-31,1.58,1.58,0.19023462270133518
2016-01-04,1.453,1.453,-8.037974683544302
2016-01-05,1.413,1.413,-2.752924982794225
2016-01-06,1.456,1.456,3.0431705590941105
2016-01-07,1.322,1.322,-9.203296703296694
2016-01-08,1.358,1.358,2.7231467473525006
2016-01-11,1.264,1.264,-6.921944035346106
2016-01-12,1.218,1.218,-3.639240506329122
2016-01-13,1.197,1.197,-1.724137931034475
2016-01-14,1.223,1.223,2.172096908939025
2016-01-15,1.143,1.143,-6.54129190515127
2016-01-18,1.133,1.133,-0.8748906386701671
2016-01-19,1.204,1.204,6.26654898499559
2016-01-20,1.164,1.164,-3.322259136212624
2016-01-21,1.114,1.114,-4.295532646048095
2016-01-22,1.127,1.127,1.1669658886894085
2016-01-25,1.141,1.141,1.2422360248447228
2016-01-26,1.007,1.007,-11.744084136722188
2016-01-27,0.983,0.983,-2.383316782522338
2016-01-28,0.952,0.952,-3.153611393692779
2016-01-29,0.997,0.997,4.726890756302526
2016-02-01,0.96,0.96,-3.711133400200606
2016-02-02,0.999,0.999,4.062500000000013
2016-02-03,0.988,0.988,-1.1011011011010985
2016-02-04,1.009,1.009,2.1255060728744946
2016-02-05,1.009,1.009,0.0
2016-02-15,0.99,0.99,-1.8830525272547027
2016-02-16,1.046,1.046,5.656565656565671
2016-02-17,1.065,1.065,1.8164435946462554
2016-02-18,1.069,1.069,0.375586854460086
2016-02-19,1.07,1.07,0.093545369504211
2016-02-22,1.112,1.112,3.9252336448598157
2016-02-23,1.091,1.091,-1.888489208633104
2016-02-24,1.1,1.1,0.8249312557286892
2016-02-25,1.008,1.008,-8.363636363636374
2016-02-26,1.002,1.002,-0.5952380952380931
2016-02-29,0.962,0.962,-3.992015968063878
2016-03-01,0.984,0.984,2.2869022869022926
2016-03-02,1.089,1.089,10.67073170731707
2016-03-03,1.088,1.088,-0.09182736455463081
2016-03-04,1.117,1.117,2.6654411764705843
2016-03-07,1.129,1.129,1.07430617726052
2016-03-08,1.123,1.123,-0.5314437555358764
2016-03-09,1.095,1.095,-2.4933214603739984
2016-03-10,1.083,1.083,-1.0958904109588996
2016-03-11,1.085,1.085,0.1846722068328699
2016-03-14,1.106,1.106,1.935483870967758
2016-03-15,1.106,1.106,0.0
2016-03-16,1.118,1.118,1.0849909584086825
2016-03-17,1.143,1.143,2.2361359570661765
2016-03-18,1.177,1.177,2.974628171478577
2016-03-21,1.201,1.201,2.039082412914195
2016-03-22,1.195,1.195,-0.4995836802664466
2016-03-23,1.186,1.186,-0.7531380753138195
2016-03-24,1.156,1.156,-2.5295109612141653
2016-03-25,1.159,1.159,0.2595155709342656
2016-03-28,1.16,1.16,0.08628127696288512
2016-03-29,1.118,1.118,-3.6206896551723933
2016-03-30,1.181,1.181,5.635062611806796
2016-03-31,1.181,1.181,0.0
2016-04-01,1.185,1.185,0.3386960203217715
2016-04-05,1.224,1.224,3.2911392405063244
2016-04-06,1.215,1.215,-0.7352941176470451
2016-04-07,1.195,1.195,-1.6460905349794275
2016-04-08,1.186,1.186,-0.7531380753138195
2016-04-11,1.213,1.213,2.2765598650927643
2016-04-12,1.202,1.202,-0.906842539159125
2016-04-13,1.244,1.244,3.4941763727121433
2016-04-14,1.247,1.247,0.2411575562700996
2016-04-15,1.245,1.245,-0.1603849238171584
2016-04-18,1.228,1.228,-1.3654618473895708
2016-04-19,1.223,1.223,-0.4071661237784907
2016-04-20,1.186,1.186,-3.0253475061324697
2016-04-21,1.194,1.194,0.6745362563237878
2016-04-22,1.193,1.193,-0.08375209380233617
2016-04-25,1.177,1.177,-1.3411567476948827
2016-04-26,1.189,1.189,1.0195412064570863
2016-04-27,1.193,1.193,0.3364171572750152
2016-04-28,1.187,1.187,-0.5029337803855838
2016-04-29,1.183,1.183,-0.33698399326032025
2016-05-03,1.209,1.209,2.19780219780219
2016-05-04,1.201,1.201,-0.6617038875103343
2016-05-05,1.192,1.192,-0.7493755203996755
2016-05-06,1.151,1.151,-3.439597315436238
2016-05-09,1.081,1.081,-6.081668114682892
2016-05-10,1.072,1.072,-0.832562442183149
2016-05-11,1.073,1.073,0.09328358208953169
2016-05-12,1.082,1.082,0.8387698042870539
2016-05-13,1.083,1.083,0.09242144177448175
2016-05-16,1.093,1.093,0.9233610341643494
2016-05-17,1.095,1.095,0.18298261665141702
2016-05-18,1.077,1.077,-1.6438356164383605
2016-05-19,1.069,1.069,-0.742804085422466
2016-05-20,1.071,1.071,0.187090739008422
2016-05-23,1.082,1.082,1.0270774976657515
2016-05-24,1.076,1.076,-0.554528650646946
2016-05-25,1.074,1.074,-0.18587360594795044
2016-05-26,1.074,1.074,0.0
2016-05-27,1.079,1.079,0.4655493482309092
2016-05-30,1.088,1.088,0.8341056533827773
2016-05-31,1.154,1.154,6.066176470588225
2016-06-01,1.148,1.148,-0.5199306759098743
2016-06-02,1.148,1.148,0.0
2016-06-03,1.152,1.152,0.34843205574912606
2016-06-06,1.153,1.153,0.08680555555555802
2016-06-07,1.153,1.153,0.0
2016-06-08,1.141,1.141,-1.0407632263660038
2016-06-13,1.089,1.089,-4.5574057843996485
2016-06-14,1.095,1.095,0.5509641873278293
2016-06-15,1.115,1.115,1.82648401826484
2016-06-16,1.098,1.098,-1.5246636771300337
2016-06-17,1.111,1.111,1.1839708561020013
2016-06-20,1.117,1.117,0.5400540054005365
2016-06-21,1.117,1.117,0.0
2016-06-22,1.147,1.147,2.685765443151311
2016-06-23,1.125,1.125,-1.9180470793374038
2016-06-24,1.104,1.104,-1.866666666666661
2016-06-27,1.125,1.125,1.902173913043459
2016-06-28,1.121,1.121,-0.3555555555555534
2016-06-29,1.135,1.135,1.2488849241748534
2016-06-30,1.143,1.143,0.7048458149779835
2016-07-01,1.149,1.149,0.5249343832020914
2016-07-04,1.188,1.188,3.394255874673613
2016-07-05,1.201,1.201,1.0942760942761032
2016-07-06,1.193,1.193,-0.6661115736885881
2016-07-07,1.195,1.195,0.16764459346185756
2016-07-08,1.185,1.185,-0.8368200836820106
2016-07-11,1.195,1.195,0.8438818565400741
2016-07-12,1.253,1.253,4.853556485355637
2016-07-13,1.268,1.268,1.1971268954509284
2016-07-14,1.26,1.26,-0.6309148264984188
2016-07-15,1.267,1.267,0.5555555555555536
2016-07-18,1.276,1.276,0.7103393843725492
2016-07-19,1.262,1.262,-1.0971786833855801
2016-07-20,1.263,1.263,0.07923930269413404
2016-07-21,1.28,1.28,1.3460015835312866
2016-07-22,1.263,1.263,-1.3281250000000133
2016-07-25,1.268,1.268,0.39588281868567776
2016-07-26,1.297,1.297,2.287066246056768
2016-07-27,1.275,1.275,-1.6962220508866643
2016-07-28,1.293,1.293,1.4117647058823568
2016-07-29,1.302,1.302,0.6960556844547661
2016-08-01,1.286,1.286,-1.228878648233489
2016-08-02,1.288,1.288,0.15552099533437946
2016-08-03,1.285,1.285,-0.23291925465839247
2016-08-04,1.285,1.285,0.0
2016-08-05,1.297,1.297,0.9338521400778177
2016-08-08,1.309,1.309,0.9252120277563725
2016-08-09,1.334,1.334,1.909854851031323
2016-08-10,1.331,1.331,-0.2248875562218977
2016-08-11,1.322,1.322,-0.6761833208114076
2016-08-12,1.375,1.375,4.009077155824503
2016-08-15,1.434,1.434,4.290909090909079
2016-08-16,1.41,1.41,-1.673640167364021
2016-08-17,1.421,1.421,0.7801418439716379
2016-08-18,1.408,1.408,-0.9148486980999349
2016-08-19,1.418,1.418,0.7102272727272707
2016-08-22,1.406,1.406,-0.8462623413258097
2016-08-23,1.403,1.403,-0.2133712660028375
2016-08-24,1.396,1.396,-0.49893086243764095
2016-08-25,1.383,1.383,-0.931232091690537
2016-08-26,1.38,1.38,-0.2169197396963196
2016-08-29,1.384,1.384,0.28985507246377384
2016-08-30,1.381,1.381,-0.21676300578034047
2016-08-31,1.394,1.394,0.9413468501086042
2016-09-01,1.379,1.379,-1.076040172166426
2016-09-02,1.386,1.386,0.50761421319796
2016-09-05,1.399,1.399,0.9379509379509487
2016-09-06,1.408,1.408,0.6433166547533897
2016-09-07,1.415,1.415,0.49715909090910504
2016-09-08,1.414,1.414,-0.07067137809187996
2016-09-09,1.407,1.407,-0.4950495049504844
2016-09-12,1.346,1.346,-4.335465529495375
2016-09-13,1.345,1.345,-0.07429420505201678
2016-09-14,1.334,1.334,-0.8178438661709975
2016-09-19,1.348,1.348,1.0494752623688264
2016-09-20,1.35,1.35,0.14836795252226587
2016-09-21,1.356,1.356,0.4444444444444473
2016-09-22,1.377,1.377,1.5486725663716783
2016-09-23,1.368,1.368,-0.6535947712418277
2016-09-26,1.334,1.334,-2.4853801169590684
2016-09-27,1.331,1.331,-0.2248875562218977
2016-09-28,1.328,1.328,-0.2253944402704655
2016-09-29,1.338,1.338,0.7530120481927804
2016-09-30,1.347,1.347,0.6726457399103047
2016-10-10,1.377,1.377,2.2271714922049046
2016-10-11,1.381,1.381,0.2904865649963728
2016-10-12,1.374,1.374,-0.5068790731354023
2016-10-13,1.386,1.386,0.873362445414827
2016-10-14,1.386,1.386,0.0
2016-10-17,1.371,1.371,-1.0822510822510734
2016-10-18,1.402,1.402,2.2611232676878146
2016-10-19,1.403,1.403,0.07132667617690824
2016-10-20,1.402,1.402,-0.07127583749110267
2016-10-21,1.42,1.42,1.2838801711840153
2016-10-24,1.456,1.456,2.5352112676056304
2016-10-25,1.456,1.456,0.0
2016-10-26,1.435,1.435,-1.4423076923076872
2016-10-27,1.435,1.435,0.0
2016-10-28,1.427,1.427,-0.5574912891986084
2016-10-31,1.421,1.421,-0.42046250875963365
2016-11-01,1.434,1.434,0.9148486980999238
2016-11-02,1.416,1.416,-1.2552301255230103
2016-11-03,1.433,1.433,1.2005649717514277
2016-11-04,1.43,1.43,-0.20935101186323468
2016-11-07,1.442,1.442,0.8391608391608463
2016-11-08,1.454,1.454,0.832177531206657
2016-11-09,1.435,1.435,-1.3067400275103114
2016-11-10,1.468,1.468,2.2996515679442497
2016-11-11,1.485,1.485,1.1580381471389734
2016-11-14,1.491,1.491,0.40404040404040664
2016-11-15,1.482,1.482,-0.6036217303822977
2016-11-16,1.488,1.488,0.4048582995951344
2016-11-17,1.492,1.492,0.26881720430107503
2016-11-18,1.484,1.484,-0.536193029490617
2016-11-21,1.509,1.509,1.6846361185983705
2016-11-22,1.536,1.536,1.7892644135188984
2016-11-23,1.541,1.541,0.32552083333332593
2016-11-24,1.547,1.547,0.3893575600259602
2016-11-25,1.577,1.577,1.9392372333548735
2016-11-28,1.597,1.597,1.2682308180088864
2016-11-29,1.609,1.609,0.7514088916718897
2016-11-30,1.573,1.573,-2.237414543194538
2016-12-01,1.605,1.605,2.0343293070565815
2016-12-02,1.585,1.585,-1.2461059190031154
2016-12-05,1.549,1.549,-2.271293375394323
2016-12-06,1.542,1.542,-0.4519044544867623
2016-12-07,1.554,1.554,0.7782101167315147
2016-12-08,1.561,1.561,0.45045045045044585
2016-12-09,1.585,1.585,1.537475976937852
2016-12-12,1.536,1.536,-3.09148264984227
2016-12-13,1.519,1.519,-1.106770833333337
2016-12-14,1.504,1.504,-0.9874917709019049
2016-12-15,1.452,1.452,-3.4574468085106447
2016-12-16,1.457,1.457,0.3443526170799016
2016-12-19,1.453,1.453,-0.27453671928620027
2016-12-20,1.432,1.432,-1.4452856159669736
2016-12-21,1.459,1.459,1.8854748603352123
2016-12-22,1.464,1.464,0.34270047978066653
2016-12-23,1.436,1.436,-1.912568306010931
2016-12-26,1.446,1.446,0.6963788300835771
2016-12-27,1.445,1.445,-0.06915629322267192
2016-12-28,1.433,1.433,-0.830449826989621
2016-12-29,1.434,1.434,0.06978367062107083
2016-12-30,1.44,1.44,0.4184100418409997
2017-01-03,1.464,1.464,1.6666666666666607
2017-01-04,1.484,1.484,1.3661202185792254
2017-01-05,1.487,1.487,0.20215633423181778
2017-01-06,1.486,1.486,-0.06724949562878502
2017-01-09,1.497,1.497,0.7402422611036519
2017-01-10,1.488,1.488,-0.6012024048096309
2017-01-11,1.471,1.471,-1.1424731182795633
2017-01-12,1.463,1.463,-0.5438477226376581
2017-01-13,1.472,1.472,0.6151742993848242
2017-01-16,1.499,1.499,1.8342391304347894
2017-01-17,1.497,1.497,-0.13342228152101177
2017-01-18,1.51,1.51,0.8684034736138768
2017-01-19,1.502,1.502,-0.5298013245033095
2017-01-20,1.521,1.521,1.2649800266311573
2017-01-23,1.52,1.52,-0.06574621959236637
2017-01-24,1.534,1.534,0.9210526315789558
2017-01-25,1.54,1.54,0.39113428943937656
2017-01-26,1.544,1.544,0.25974025974027093
2017-02-03,1.526,1.526,-1.1658031088082943
2017-02-06,1.53,1.53,0.2621231979030192
2017-02-07,1.529,1.529,-0.06535947712419388
2017-02-08,1.536,1.536,0.457815565729236
2017-02-09,1.546,1.546,0.6510416666666741
2017-02-10,1.562,1.562,1.0349288486416475
2017-02-13,1.572,1.572,0.6402048655569814
2017-02-14,1.568,1.568,-0.2544529262086481
2017-02-15,1.573,1.573,0.3188775510204023
2017-02-16,1.585,1.585,0.7628734901462098
2017-02-17,1.567,1.567,-1.1356466876971671
2017-02-20,1.603,1.603,2.297383535417996
2017-02-21,1.609,1.609,0.37429819089207506
2017-02-22,1.623,1.623,0.8701056556867703
2017-02-23,1.61,1.61,-0.8009858287122529
2017-02-24,1.607,1.607,-0.18633540372671176
2017-02-27,1.59,1.59,-1.0578718108276264
2017-02-28,1.598,1.598,0.5031446540880502
2017-03-01,1.599,1.599,0.06257822277846437
2017-03-02,1.583,1.583,-1.000625390869292
2017-03-03,1.58,1.58,-0.18951358180668842
2017-03-06,1.589,1.589,0.56962025316456
2017-03-07,1.586,1.586,-0.18879798615480947
2017-03-08,1.581,1.581,-0.31525851197983235
2017-03-09,1.562,1.562,-1.2017710309930374
2017-03-10,1.562,1.562,0.0
2017-03-13,1.588,1.588,1.6645326504481472
2017-03-14,1.592,1.592,0.25188916876575096
2017-03-15,1.597,1.597,0.3140703517587884
2017-03-16,1.606,1.606,0.5635566687539173
2017-03-17,1.577,1.577,-1.8057285180572924
2017-03-20,1.596,1.596,1.2048192771084487
2017-03-21,1.604,1.604,0.5012531328320913
2017-03-22,1.583,1.583,-1.3092269326683392
2017-03-23,1.585,1.585,0.12634238787112562
2017-03-24,1.614,1.614,1.8296529968454323
2017-03-27,1.619,1.619,0.30978934324659146
2017-03-28,1.606,1.606,-0.8029647930821393
2017-03-29,1.604,1.604,-0.12453300124533051
2017-03-30,1.598,1.598,-0.37406483790524137
2017-03-31,1.619,1.619,1.3141426783479293
2017-04-05,1.651,1.651,1.9765287214329907
2017-04-06,1.655,1.655,0.24227740763174133
2017-04-07,1.66,1.66,0.302114803625364
2017-04-10,1.658,1.658,-0.12048192771084709
2017-04-11,1.66,1.66,0.12062726176116367
2017-04-12,1.648,1.648,-0.7228915662650603
2017-04-13,1.656,1.656,0.4854368932038833
2017-04-14,1.632,1.632,-1.449275362318847
2017-04-17,1.622,1.622,-0.6127450980392024
2017-04-18,1.608,1.608,-0.8631319358816336
2017-04-19,1.59,1.59,-1.1194029850746245
2017-04-20,1.598,1.598,0.5031446540880502
2017-04-21,1.617,1.617,1.1889862327909784
2017-04-24,1.594,1.594,-1.4223871366728424
2017-04-25,1.601,1.601,0.43914680050187727
2017-04-26,1.604,1.604,0.18738288569644101
2017-04-27,1.602,1.602,-0.12468827930174342
2017-04-28,1.588,1.588,-0.8739076154806513
2017-05-02,1.573,1.573,-0.9445843828715494
2017-05-03,1.56,1.56,-0.8264462809917328
2017-05-04,1.553,1.553,-0.4487179487179582
2017-05-05,1.547,1.547,-0.3863490019317406
2017-05-08,1.547,1.547,0.0
2017-05-09,1.551,1.551,0.25856496444731647
2017-05-10,1.533,1.533,-1.1605415860735047
2017-05-11,1.546,1.546,0.8480104370515384
2017-05-12,1.573,1.573,1.7464424320827954
2017-05-15,1.589,1.589,1.0171646535283019
2017-05-16,1.598,1.598,0.5663939584644506
2017-05-17,1.591,1.591,-0.43804755944931717
2017-05-18,1.575,1.575,-1.0056568196103122
2017-05-19,1.58,1.58,0.31746031746031633
2017-05-22,1.578,1.578,-0.12658227848101333
2017-05-23,1.601,1.601,1.457541191381484
2017-05-24,1.598,1.598,-0.1873828856964299
2017-05-25,1.648,1.648,3.12891113892364
2017-05-26,1.655,1.655,0.42475728155340065
2017-05-31,1.668,1.668,0.7854984894259731
2017-06-01,1.675,1.675,0.4196642685851293
2017-06-02,1.676,1.676,0.05970149253731183
2017-06-05,1.652,1.652,-1.4319809069212375
2017-06-06,1.66,1.66,0.4842615012106588
2017-06-07,1.685,1.685,1.506024096385561
2017-06-08,1.716,1.716,1.8397626112759635
2017-06-09,1.72,1.72,0.2331002331002363
2017-06-12,1.725,1.725,0.29069767441860517
2017-06-13,1.733,1.733,0.4637681159420204
2017-06-14,1.697,1.697,-2.0773225620311586
2017-06-15,1.682,1.682,-0.8839127872716679
2017-06-16,1.672,1.672,-0.5945303210463715
2017-06-19,1.689,1.689,1.0167464114832603
2017-06-20,1.678,1.678,-0.6512729425695696
2017-06-21,1.71,1.71,1.9070321811680557
2017-06-22,1.719,1.719,0.5263157894736858
2017-06-23,1.74,1.74,1.2216404886561838
2017-06-26,1.764,1.764,1.379310344827589
2017-06-27,1.765,1.765,0.05668934240361523
2017-06-28,1.757,1.757,-0.45325779036827774
2017-06-29,1.771,1.771,0.7968127490039834
2017-06-30,1.779,1.779,0.45172219085263254
2017-07-03,1.781,1.781,0.11242270938729426
2017-07-04,1.767,1.767,-0.7860752386299796
2017-07-05,1.784,1.784,0.9620826259196358
2017-07-06,1.796,1.796,0.6726457399103047
2017-07-07,1.807,1.807,0.6124721603563366
2017-07-10,1.806,1.806,-0.055340343110121815
2017-07-11,1.823,1.823,0.9413067552602294
2017-07-12,1.806,1.806,-0.9325287986834851
2017-07-13,1.831,1.831,1.3842746400885897
2017-07-14,1.86,1.86,1.5838339705079196
2017-07-17,1.843,1.843,-0.9139784946236573
2017-07-18,1.843,1.843,0.0
2017-07-19,1.872,1.872,1.5735214324471114
2017-07-20,1.887,1.887,0.8012820512820484
2017-07-21,1.888,1.888,0.052994170641218474
2017-07-24,1.902,1.902,0.741525423728806
2017-07-25,1.888,1.888,-0.7360672975814886
2017-07-26,1.873,1.873,-0.7944915254237239
2017-07-27,1.873,1.873,0.0
2017-07-28,1.871,1.871,-0.10678056593700358
2017-07-31,1.875,1.875,0.2137894174238486
2017-08-01,1.894,1.894,1.0133333333333328
2017-08-02,1.888,1.888,-0.31678986272439813
2017-08-03,1.865,1.865,-1.2182203389830448
2017-08-04,1.853,1.853,-0.6434316353887359
2017-08-07,1.862,1.862,0.48569886670264406
2017-08-08,1.848,1.848,-0.7518796992481258
2017-08-09,1.843,1.843,-0.27056277056277667
2017-08-10,1.835,1.835,-0.43407487791644606
2017-08-11,1.788,1.788,-2.5613079019073504
2017-08-14,1.801,1.801,0.7270693512304138
2017-08-15,1.818,1.818,0.943920044419766
2017-08-16,1.811,1.811,-0.38503850385038785
2017-08-17,1.825,1.825,0.7730535615682044
2017-08-18,1.829,1.829,0.21917808219178436
2017-08-21,1.838,1.838,0.49207217058502284
2017-08-22,1.841,1.841,0.16322089227420733
2017-08-23,1.852,1.852,0.5975013579576416
2017-08-24,1.846,1.846,-0.3239740820734305
2017-08-25,1.896,1.896,2.7085590465872
2017-08-28,1.905,1.905,0.4746835443038
2017-08-29,1.907,1.907,0.10498687664042272
2017-08-30,1.9,1.9,-0.36706869428422273
2017-08-31,1.883,1.883,-0.8947368421052593
2017-09-01,1.882,1.882,-0.05310674455656361
2017-09-04,1.886,1.886,0.2125398512220933
2017-09-05,1.894,1.894,0.42417815482502785
2017-09-06,1.891,1.891,-0.15839493136219351
2017-09-07,1.881,1.881,-0.5288207297726055
2017-09-08,1.883,1.883,0.10632642211589882
2017-09-11,1.887,1.887,0.21242697822623224
2017-09-12,1.893,1.893,0.31796502384737746
2017-09-13,1.892,1.892,-0.05282620179609676
2017-09-14,1.874,1.874,-0.9513742071881492
2017-09-15,1.865,1.865,-0.48025613660619415
2017-09-18,1.878,1.878,0.6970509383378065
2017-09-19,1.872,1.872,-0.31948881789136685
2017-09-20,1.888,1.888,0.8547008547008517
2017-09-21,1.897,1.897,0.4766949152542388
2017-09-22,1.901,1.901,0.21085925144965767
2017-09-25,1.898,1.898,-0.15781167806417917
2017-09-26,1.894,1.894,-0.21074815595363283
2017-09-27,1.898,1.898,0.21119324181626542
2017-09-28,1.894,1.894,-0.21074815595363283
2017-09-29,1.904,1.904,0.5279831045406524
2017-10-09,1.926,1.926,1.1554621848739455
2017-10-10,1.918,1.918,-0.41536863966770143
2017-10-11,1.93,1.93,0.6256517205422307
2017-10-12,1.936,1.936,0.31088082901553626
2017-10-13,1.937,1.937,0.051652892561993013
2017-10-16,1.933,1.933,-0.20650490449147796
2017-10-17,1.929,1.929,-0.20693222969477842
2017-10-18,1.944,1.944,0.7776049766718529
2017-10-19,1.951,1.951,0.36008230452675427
2017-10-20,1.961,1.961,0.5125576627370565
2017-10-23,1.957,1.957,-0.20397756246812726
2017-10-24,1.974,1.974,0.8686765457332601
2017-10-25,1.979,1.979,0.2532928064842954
2017-10-26,1.972,1.972,-0.3537139969681746
2017-10-27,1.987,1.987,0.7606490872211102
2017-10-30,1.98,1.98,-0.3522898842476141
2017-10-31,1.968,1.968,-0.60606060606061
2017-11-01,1.943,1.943,-1.2703252032520318
2017-11-02,1.94,1.94,-0.15440041173443442
2017-11-03,1.931,1.931,-0.46391752577319423
2017-11-06,1.943,1.943,0.6214396685655155
2017-11-07,1.961,1.961,0.9264024704065843
2017-11-08,1.969,1.969,0.4079551249362545
2017-11-09,1.985,1.985,0.8125952260030544
2017-11-10,2.004,2.004,0.9571788413098137
2017-11-13,2.027,2.027,1.1477045908183658
2017-11-14,2.011,2.011,-0.7893438579181011
2017-11-15,1.992,1.992,-0.9448035803083066
2017-11-16,1.991,1.991,-0.05020080321284093
2017-11-17,2.026,2.026,1.7579105976895937
2017-11-20,2.049,2.049,1.1352418558736588
2017-11-21,2.075,2.075,1.2689116642264686
2017-11-22,2.089,2.089,0.6746987951807171
2017-11-23,2.023,2.023,-3.1594064145524126
2017-11-24,2.018,2.018,-0.24715768660407145
2017-11-27,1.989,1.989,-1.4370664023785729
2017-11-28,1.981,1.981,-0.40221216691804784
2017-11-29,1.98,1.98,-0.050479555779914254
2017-11-30,1.961,1.961,-0.9595959595959602
2017-12-01,1.958,1.958,-0.15298317185110655
2017-12-04,1.957,1.957,-0.05107252298263143
2017-12-05,1.992,1.992,1.7884517118037735
2017-12-06,1.964,1.964,-1.4056224899598457
2017-12-07,1.939,1.939,-1.2729124236252498
2017-12-08,1.935,1.935,-0.2062919030428101
2017-12-11,1.965,1.965,1.5503875968992276
2017-12-12,1.923,1.923,-2.1374045801526687
2017-12-13,1.936,1.936,0.6760270410816283
2017-12-14,1.924,1.924,-0.6198347107438051
2017-12-15,1.9,1.9,-1.2474012474012475
2017-12-18,1.904,1.904,0.21052631578948322
2017-12-19,1.929,1.929,1.3130252100840512
2017-12-20,1.93,1.93,0.051840331778119086
2017-12-21,1.937,1.937,0.36269430051814044
2017-12-22,1.935,1.935,-0.10325245224573898
2017-12-25,1.938,1.938,0.15503875968991832
2017-12-26,1.957,1.957,0.9803921568627416
2017-12-27,1.938,1.938,-0.9708737864077777
2017-12-28,1.954,1.954,0.8255933952528327
2017-12-29,1.97,1.97,0.8188331627430934
2018-01-02,2.015,2.015,2.2842639593908753
2018-01-03,2.03,2.03,0.7444168734491052
2018-01-04,2.031,2.031,0.04926108374385674
2018-01-05,2.063,2.063,1.5755785327424832
2018-01-08,2.085,2.085,1.0664081434803574
2018-01-09,2.084,2.084,-0.047961630695436686
2018-01-10,2.094,2.094,0.4798464491362564
2018-01-11,2.086,2.086,-0.382043935052534
2018-01-12,2.094,2.094,0.3835091083413289
2018-01-15,2.089,2.089,-0.23877745940782402
2018-01-16,2.112,2.112,1.1010052656773572
2018-01-17,2.122,2.122,0.47348484848483974
2018-01-18,2.15,2.15,1.3195098963242335
2018-01-19,2.166,2.166,0.7441860465116301
2018-01-22,2.187,2.187,0.969529085872578
2018-01-23,2.236,2.236,2.2405121170553377
2018-01-24,2.246,2.246,0.4472271914132353
2018-01-25,2.232,2.232,-0.6233303650934885
2018-01-26,2.268,2.268,1.612903225806428
2018-01-29,2.236,2.236,-1.4109347442680553
2018-01-30,2.205,2.205,-1.3864042933810383
2018-01-31,2.202,2.202,-0.13605442176871652
2018-02-01,2.199,2.199,-0.13623978201635634
2018-02-02,2.23,2.23,1.409731696225558
2018-02-05,2.28,2.28,2.2421524663676973
2018-02-06,2.192,2.192,-3.8596491228070073
2018-02-07,2.129,2.129,-2.8740875912408814
2018-02-08,2.071,2.071,-2.724283701268193
2018-02-09,1.955,1.955,-5.601158860453892
2018-02-12,1.961,1.961,0.3069053708439906
2018-02-13,2.0,2.0,1.988781234064252
2018-02-14,2.009,2.009,0.44999999999999485
2018-02-22,2.067,2.067,2.8870084619213587
2018-02-23,2.081,2.081,0.6773101112723667
2018-02-26,2.1,2.1,0.9130225852955309
2018-02-27,2.061,2.061,-1.8571428571428683
2018-02-28,2.033,2.033,-1.3585638039786518
2018-03-01,2.027,2.027,-0.2951303492375712
2018-03-02,2.025,2.025,-0.09866798223977513
2018-03-05,2.027,2.027,0.09876543209876854
2018-03-06,2.052,2.052,1.2333497779970282
2018-03-07,2.048,2.048,-0.19493177387914784
2018-03-08,2.061,2.061,0.634765625
2018-03-09,2.063,2.063,0.09704027171277829
2018-03-12,2.069,2.069,0.2908385845855399
2018-03-13,2.057,2.057,-0.5799903334944401
2018-03-14,2.049,2.049,-0.3889158969372919
2018-03-15,2.043,2.043,-0.2928257686676372
2018-03-16,2.026,2.026,-0.8321096426823438
2018-03-19,2.011,2.011,-0.7403751233958422
2018-03-20,2.017,2.017,0.2983590253605062
2018-03-21,2.007,2.007,-0.49578582052551834
2018-03-22,1.987,1.987,-0.9965122072745358
2018-03-23,1.92,1.92,-3.3719174635128413
2018-03-26,1.89,1.89,-1.5625
2018-03-27,1.89,1.89,0.0
2018-03-28,1.854,1.854,-1.904761904761898
2018-03-29,1.905,1.905,2.7508090614886793
2018-03-30,1.898,1.898,-0.3674540682414795
2018-04-02,1.882,1.882,-0.8429926238145424
2018-04-03,1.842,1.842,-2.125398512221033
2018-04-04,1.843,1.843,0.05428881650380024
2018-04-09,1.841,1.841,-0.10851871947911151
2018-04-10,1.893,1.893,2.82455187398154
2018-04-11,1.915,1.915,1.1621764395139955
2018-04-12,1.885,1.885,-1.5665796344647487
2018-04-13,1.872,1.872,-0.6896551724137834
2018-04-16,1.819,1.819,-2.8311965811965933
2018-04-17,1.795,1.795,-1.319406267179768
2018-04-18,1.797,1.797,0.11142061281337323
2018-04-19,1.815,1.815,1.001669449081799
2018-04-20,1.78,1.78,-1.9283746556473802
2018-04-23,1.78,1.78,0.0
2018-04-24,1.835,1.835,3.08988764044944
2018-04-25,1.818,1.818,-0.9264305177111631
2018-04-26,1.778,1.778,-2.2002200220021972
2018-04-27,1.783,1.783,0.2812148481439847
2018-05-02,1.795,1.795,0.6730229949523325
2018-05-03,1.812,1.812,0.9470752089136614
2018-05-04,1.811,1.811,-0.055187637969100756
2018-05-07,1.842,1.842,1.7117614577581541
2018-05-08,1.867,1.867,1.357220412595006
2018-05-09,1.861,1.861,-0.32137118371718953
2018-05-10,1.882,1.882,1.1284255776464303
2018-05-11,1.876,1.876,-0.31880977683315104
2018-05-14,1.882,1.882,0.31982942430703876
2018-05-15,1.892,1.892,0.5313496280552554
2018-05-16,1.881,1.881,-0.5813953488371992
2018-05-17,1.875,1.875,-0.31897926634768536
2018-05-18,1.905,1.905,1.6000000000000014
2018-05-21,1.914,1.914,0.47244094488188004
2018-05-22,1.9,1.9,-0.7314524555903867
2018-05-23,1.877,1.877,-1.210526315789473
2018-05-24,1.854,1.854,-1.2253596164091607
2018-05-25,1.858,1.858,0.21574973031284195
2018-05-28,1.853,1.853,-0.2691065662002168
2018-05-29,1.85,1.85,-0.16189962223420729
2018-05-30,1.811,1.811,-2.10810810810812
2018-05-31,1.852,1.852,2.2639425731640017
2018-06-01,1.841,1.841,-0.5939524838013077
2018-06-04,1.858,1.858,0.9234111895708885
2018-06-05,1.872,1.872,0.753498385360607
2018-06-06,1.865,1.865,-0.3739316239316337
2018-06-07,1.855,1.855,-0.536193029490617
2018-06-08,1.821,1.821,-1.8328840970350369
2018-06-11,1.817,1.817,-0.21965952773201902
2018-06-12,1.837,1.837,1.1007154650522821
2018-06-13,1.834,1.834,-0.16330974414806576
2018-06-14,1.832,1.832,-0.10905125408942062
2018-06-15,1.83,1.83,-0.10917030567685337
2018-06-19,1.763,1.763,-3.661202185792356
2018-06-20,1.758,1.758,-0.28360748723765816
2018-06-21,1.738,1.738,-1.1376564277588153
2018-06-22,1.733,1.733,-0.28768699654775354
2018-06-25,1.713,1.713,-1.1540680900173128
2018-06-26,1.68,1.68,-1.9264448336252293
2018-06-27,1.648,1.648,-1.904761904761909
2018-06-28,1.621,1.621,-1.6383495145630977
2018-06-29,1.667,1.667,2.8377544725478154
2018-07-02,1.592,1.592,-4.499100179964
2018-07-03,1.597,1.597,0.3140703517587884
2018-07-04,1.59,1.59,-0.4383218534752542
2018-07-05,1.576,1.576,-0.8805031446540879
2018-07-06,1.593,1.593,1.07868020304569
2018-07-09,1.648,1.648,3.4526051475203934
2018-07-10,1.658,1.658,0.6067961165048485
2018-07-11,1.62,1.62,-2.2919179734619877
2018-07-12,1.665,1.665,2.777777777777768
2018-07-13,1.662,1.662,-0.18018018018018944
2018-07-16,1.652,1.652,-0.6016847172081841
2018-07-17,1.639,1.639,-0.7869249394673039
2018-07-18,1.653,1.653,0.8541793776693174
2018-07-19,1.642,1.642,-0.6654567453115656
2018-07-20,1.709,1.709,4.080389768574921
2018-07-23,1.746,1.746,2.1650087770626048
2018-07-24,1.768,1.768,1.2600229095074411
2018-07-25,1.767,1.767,-0.05656108597286158
2018-07-26,1.75,1.75,-0.9620826259196358
2018-07-27,1.742,1.742,-0.45714285714285596
2018-07-30,1.747,1.747,0.2870264064293915
2018-07-31,1.764,1.764,0.9730967372638677
2018-08-01,1.713,1.713,-2.8911564625850317
2018-08-02,1.656,1.656,-3.327495621716292
2018-08-03,1.643,1.643,-0.7850241545893644
2018-08-06,1.627,1.627,-0.9738283627510613
2018-08-07,1.683,1.683,3.441917639827907
2018-08-08,1.648,1.648,-2.079619726678561
2018-08-09,1.692,1.692,2.669902912621369
2018-08-10,1.682,1.682,-0.5910165484633523
2018-08-13,1.661,1.661,-1.2485136741973824
2018-08-14,1.655,1.655,-0.36122817579771205
2018-08-15,1.609,1.609,-2.77945619335348
2018-08-16,1.599,1.599,-0.621504039776255
2018-08-17,1.574,1.574,-1.563477173233263
2018-08-20,1.6,1.6,1.6518424396442244
2018-08-21,1.626,1.626,1.6249999999999876
2018-08-22,1.615,1.615,-0.6765067650676415
2018-08-23,1.624,1.624,0.5572755417956765
2018-08-24,1.634,1.634,0.6157635467980205
2018-08-27,1.686,1.686,3.182374541003674
2018-08-28,1.684,1.684,-0.11862396204033177
2018-08-29,1.681,1.681,-0.1781472684085461
2018-08-30,1.663,1.663,-1.070791195716836
2018-08-31,1.653,1.653,-0.6013229104028905
2018-09-03,1.649,1.649,-0.2419842710223885
2018-09-04,1.673,1.673,1.455427531837472
2018-09-05,1.637,1.637,-2.1518230723251652
2018-09-06,1.612,1.612,-1.527183872938298
2018-09-07,1.624,1.624,0.7444168734491274
2018-09-10,1.612,1.612,-0.7389162561576401
2018-09-11,1.601,1.601,-0.6823821339950409
2018-09-12,1.597,1.597,-0.2498438475952547
2018-09-13,1.626,1.626,1.8159048215403928
2018-09-14,1.629,1.629,0.1845018450184588
2018-09-17,1.615,1.615,-0.8594229588704705
2018-09-18,1.653,1.653,2.35294117647058
2018-09-19,1.688,1.688,2.117362371445841
2018-09-20,1.679,1.679,-0.5331753554502328
2018-09-21,1.755,1.755,4.526503871351983
2018-09-25,1.732,1.732,-1.3105413105413022
2018-09-26,1.752,1.752,1.1547344110854452
2018-09-27,1.756,1.756,0.22831050228311334
2018-09-28,1.778,1.778,1.252847380410027
2018-10-08,1.684,1.684,-5.286839145106869
2018-10-09,1.676,1.676,-0.47505938242280443
2018-10-10,1.686,1.686,0.5966587112171906
2018-10-11,1.575,1.575,-6.583629893238429
2018-10-12,1.591,1.591,1.0158730158730256
2018-10-15,1.552,1.552,-2.4512884978001193
2018-10-16,1.531,1.531,-1.353092783505161
2018-10-17,1.551,1.551,1.3063357282821597
2018-10-18,1.507,1.507,-2.8368794326241176
2018-10-19,1.564,1.564,3.782349037823507
2018-10-22,1.652,1.652,5.626598465473132
2018-10-23,1.589,1.589,-3.8135593220338992
2018-10-24,1.601,1.601,0.7551919446192601
2018-10-25,1.598,1.598,-0.1873828856964299
2018-10-26,1.602,1.602,0.25031289111390187
2018-10-29,1.551,1.551,-3.183520599250944
2018-10-30,1.565,1.565,0.9026434558349505
2018-10-31,1.593,1.593,1.7891373801916854
2018-11-01,1.59,1.59,-0.18832391713746732
2018-11-02,1.652,1.652,3.899371069182389
2018-11-05,1.637,1.637,-0.9079903147699686
2018-11-06,1.633,1.633,-0.24434941967013124
2018-11-07,1.618,1.618,-0.9185548071034888
2018-11-08,1.62,1.62,0.12360939431397266
2018-11-09,1.583,1.583,-2.2839506172839585
2018-11-12,1.613,1.613,1.895135818066973
2018-11-13,1.627,1.627,0.8679479231246123
2018-11-14,1.602,1.602,-1.536570374923163
2018-11-15,1.621,1.621,1.1860174781523014
2018-11-16,1.627,1.627,0.37014188772361845
2018-11-19,1.651,1.651,1.4751075599262364
2018-11-20,1.606,1.606,-2.7256208358570566
2018-11-21,1.606,1.606,0.0
2018-11-22,1.597,1.597,-0.5603985056039873
2018-11-23,1.552,1.552,-2.8177833437695643
2018-11-26,1.555,1.555,0.19329896907216426
2018-11-27,1.549,1.549,-0.38585209003215715
2018-11-28,1.565,1.565,1.0329244673983329
2018-11-29,1.548,1.548,-1.0862619808306606
2018-11-30,1.564,1.564,1.033591731266159
2018-12-03,1.62,1.62,3.5805626598465423
2018-12-04,1.626,1.626,0.37037037037035425
2018-12-05,1.619,1.619,-0.4305043050430446
2018-12-06,1.588,1.588,-1.914762198888198
2018-12-07,1.598,1.598,0.6297229219143663
2018-12-10,1.584,1.584,-0.8760951188986232
2018-12-11,1.586,1.586,0.12626262626262985
2018-12-12,1.602,1.602,1.0088272383354413
2018-12-13,1.629,1.629,1.6853932584269593
2018-12-14,1.613,1.613,-0.9821976672805377
2018-12-17,1.627,1.627,0.8679479231246123
2018-12-18,1.611,1.611,-0.9834050399508354
2018-12-19,1.596,1.596,-0.9310986964618184
2018-12-20,1.581,1.581,-0.9398496240601628
2018-12-21,1.567,1.567,-0.8855154965211942
2018-12-24,1.582,1.582,0.9572431397575132
2018-12-25,1.557,1.557,-1.5802781289507073
2018-12-26,1.559,1.559,0.12845215157353262
2018-12-27,1.556,1.556,-0.19243104554200752
2018-12-28,1.56,1.56,0.25706940874035134
2019-01-02,1.516,1.516,-2.8205128205128216
2019-01-03,1.509,1.509,-0.4617414248021201
2019-01-04,1.543,1.543,2.2531477799867528
2019-01-07,1.568,1.568,1.620220349967605
2019-01-08,1.573,1.573,0.3188775510204023
2019-01-09,1.585,1.585,0.7628734901462098
2019-01-10,1.577,1.577,-0.5047318611987373
2019-01-11,1.588,1.588,0.6975269499048808
2019-01-14,1.59,1.59,0.12594458438286438
2019-01-15,1.608,1.608,1.132075471698113
2019-01-16,1.61,1.61,0.12437810945273853
2019-01-17,1.603,1.603,-0.43478260869566077
2019-01-18,1.635,1.635,1.9962570180910744
2019-01-21,1.646,1.646,0.6727828746177389
2019-01-22,1.621,1.621,-1.518833535844466
2019-01-23,1.624,1.624,0.18507094386182033
2019-01-24,1.633,1.633,0.5541871921182162
2019-01-25,1.641,1.641,0.48989589712187254
2019-01-28,1.642,1.642,0.06093845216330607
2019-01-29,1.653,1.653,0.6699147381242554
2019-01-30,1.644,1.644,-0.5444646098003658
2019-01-31,1.66,1.66,0.9732360097323589
2019-02-01,1.682,1.682,1.3253012048192847
2019-02-11,1.697,1.697,0.8917954815695683
2019-02-12,1.716,1.716,1.1196228638774341
2019-02-13,1.747,1.747,1.8065268065268203
2019-02-14,1.752,1.752,0.28620492272466436
2019-02-15,1.713,1.713,-2.226027397260266
2019-02-18,1.773,1.773,3.5026269702276513
2019-02-19,1.769,1.769,-0.2256063169768785
2019-02-20,1.772,1.772,0.16958733747880483
2019-02-21,1.754,1.754,-1.0158013544018019
2019-02-22,1.782,1.782,1.5963511972634015
2019-02-25,1.9,1.9,6.621773288439958
2019-02-26,1.883,1.883,-0.8947368421052593
2019-02-27,1.881,1.881,-0.10621348911311612
2019-02-28,1.882,1.882,0.05316321105794941
2019-03-01,1.91,1.91,1.4877789585547196
2019-03-04,1.944,1.944,1.7801047120418856
2019-03-05,1.959,1.959,0.7716049382716195
2019-03-06,1.994,1.994,1.7866258295048398
2019-03-07,1.985,1.985,-0.4513540621865597
2019-03-08,1.868,1.868,-5.894206549118386
2019-03-11,1.905,1.905,1.9807280513918668
2019-03-12,1.933,1.933,1.4698162729658737
2019-03-13,1.912,1.912,-1.0863942058975784
2019-03-14,1.88,1.88,-1.673640167364021
2019-03-15,1.907,1.907,1.4361702127659637
2019-03-18,1.982,1.982,3.932878867330891
2019-03-19,1.979,1.979,-0.15136226034307976
2019-03-20,1.977,1.977,-0.1010611419908991
2019-03-21,1.992,1.992,0.7587253414264028
2019-03-22,1.994,1.994,0.10040160642570406
2019-03-25,1.951,1.951,-2.1564694082246705
2019-03-26,1.905,1.905,-2.357765248590471
2019-03-27,1.95,1.95,2.3622047244094446
2019-03-28,1.937,1.937,-0.6666666666666599
2019-03-29,1.994,1.994,2.9426948890036053
2019-04-01,2.071,2.071,3.8615847542627924
2019-04-02,2.069,2.069,-0.09657170449060004
2019-04-03,2.101,2.101,1.5466408893185069
2019-04-04,2.136,2.136,1.665873393622097
2019-04-08,2.151,2.151,0.7022471910112182
2019-04-09,2.144,2.144,-0.32543003254298375
2019-04-10,2.137,2.137,-0.32649253731343864
2019-04-11,2.11,2.11,-1.263453439401041
2019-04-12,2.086,2.086,-1.1374407582938395
2019-04-15,2.08,2.08,-0.28763183125598557
2019-04-16,2.12,2.12,1.9230769230769162
2019-04-17,2.124,2.124,0.18867924528302993
2019-04-18,2.1,2.1,-1.1299435028248594
2019-04-19,2.107,2.107,0.33333333333334103
2019-04-22,2.047,2.047,-2.847650688182257
2019-04-23,2.02,2.02,-1.319003419638498
2019-04-24,2.041,2.041,1.0396039603960405
2019-04-25,1.974,1.974,-3.2827045565898993
2019-04-26,1.94,1.94,-1.722391084093211
2019-04-29,1.922,1.922,-0.9278350515463885
2019-04-30,1.949,1.949,1.4047866805411147
2019-05-06,1.816,1.816,-6.824012314007188
2019-05-07,1.846,1.846,1.6519823788546217
2019-05-08,1.816,1.816,-1.625135427952329
2019-05-09,1.775,1.775,-2.2577092511013253
2019-05-10,1.835,1.835,3.3802816901408406
2019-05-13,1.797,1.797,-2.0708446866484986
2019-05-14,1.781,1.781,-0.8903728436282732
2019-05-15,1.822,1.822,2.3020774845592396
2019-05-16,1.835,1.835,0.7135016465422472
2019-05-17,1.779,1.779,-3.051771117166213
2019-05-20,1.766,1.766,-0.7307476110174238
2019-05-21,1.793,1.793,1.528878822197055
2019-05-22,1.79,1.79,-0.1673173452314547
2019-05-23,1.762,1.762,-1.5642458100558643
2019-05-24,1.762,1.762,0.0
2019-05-27,1.789,1.789,1.53234960272417
2019-05-28,1.79,1.79,0.05589714924538747
2019-05-29,1.793,1.793,0.16759776536312554
2019-05-30,1.793,1.793,0.0
2019-05-31,1.788,1.788,-0.2788622420524245
2019-06-03,1.776,1.776,-0.6711409395973145
2019-06-04,1.766,1.766,-0.5630630630630629
2019-06-05,1.777,1.777,0.6228765571913764
2019-06-06,1.75,1.75,-1.5194147439504757
2019-06-10,1.774,1.774,1.371428571428579
2019-06-11,1.834,1.834,3.382187147688831
2019-06-12,1.816,1.816,-0.9814612868047967
2019-06-13,1.807,1.807,-0.49559471365638874
2019-06-14,1.783,1.783,-1.3281682346430568
2019-06-17,1.791,1.791,0.44868199663488095
2019-06-18,1.794,1.794,0.16750418760469454
2019-06-19,1.813,1.813,1.0590858416945403
2019-06-20,1.861,1.861,2.6475455046883534
2019-06-21,1.867,1.867,0.3224073078989864
2019-06-24,1.869,1.869,0.10712372790573355
2019-06-25,1.844,1.844,-1.3376136971642527
2019-06-26,1.85,1.85,0.32537960954446277
2019-06-27,1.872,1.872,1.1891891891891992
2019-06-28,1.861,1.861,-0.5876068376068466
2019-07-01,1.901,1.901,2.149382052659865
2019-07-02,1.914,1.914,0.6838506049447579
2019-07-03,1.916,1.916,0.10449320794148065
2019-07-04,1.913,1.913,-0.15657620041753528
2019-07-05,1.918,1.918,0.2613695765812718
2019-07-08,1.857,1.857,-3.1803962460896784
2019-07-09,1.854,1.854,-0.1615508885298822
2019-07-10,1.838,1.838,-0.8629989212513456
2019-07-11,1.839,1.839,0.05440696409140244
2019-07-12,1.852,1.852,0.7069059271343159
2019-07-15,1.853,1.853,0.053995680345564345
2019-07-16,1.855,1.855,0.10793308148948633
2019-07-17,1.852,1.852,-0.16172506738544312
2019-07-18,1.826,1.826,-1.403887688984884
2019-07-19,1.843,1.843,0.9309967141292397
2019-07-22,1.822,1.822,-1.1394465545306542
2019-07-23,1.833,1.833,0.6037321624588365
2019-07-24,1.854,1.854,1.1456628477905184
2019-07-25,1.869,1.869,0.809061488673124
2019-07-26,1.88,1.88,0.5885500267522659
2019-07-29,1.885,1.885,0.26595744680850686
2019-07-30,1.901,1.901,0.8488063660477385
2019-07-31,1.883,1.883,-0.9468700683850639
2019-08-01,1.862,1.862,-1.1152416356877248
2019-08-02,1.826,1.826,-1.9334049409237442
2019-08-05,1.781,1.781,-2.464403066812715
2019-08-06,1.735,1.735,-2.582818641212792
2019-08-07,1.727,1.727,-0.4610951008645503
2019-08-08,1.748,1.748,1.2159814707585426
2019-08-09,1.75,1.75,0.11441647597254523
2019-08-12,1.779,1.779,1.657142857142846
2019-08-13,1.763,1.763,-0.8993816750983652
2019-08-14,1.769,1.769,0.3403289846851898
2019-08-15,1.783,1.783,0.7914075749010818
2019-08-16,1.784,1.784,0.056085249579362895
2019-08-19,1.828,1.828,2.4663677130044803
2019-08-20,1.834,1.834,0.3282275711159688
2019-08-21,1.833,1.833,-0.054525627044721414
2019-08-22,1.825,1.825,-0.4364429896344779
2019-08-23,1.832,1.832,0.3835616438356171
2019-08-26,1.819,1.819,-0.7096069868995691
2019-08-27,1.855,1.855,1.979109400769663
2019-08-28,1.842,1.842,-0.7008086253369239
2019-08-29,1.829,1.829,-0.7057546145494142
2019-08-30,1.814,1.814,-0.8201202843083566
2019-09-02,1.845,1.845,1.708930540242548
2019-09-03,1.854,1.854,0.4878048780487809
2019-09-04,1.89,1.89,1.9417475728155331
2019-09-05,1.913,1.913,1.2169312169312274
2019-09-06,1.925,1.925,0.6272869837950834
2019-09-09,1.939,1.939,0.727272727272732
2019-09-10,1.93,1.93,-0.46415678184631437
2019-09-11,1.924,1.924,-0.31088082901554737
2019-09-12,1.941,1.941,0.8835758835758822
2019-09-16,1.95,1.95,0.46367851622874934
2019-09-17,1.915,1.915,-1.7948717948717885
2019-09-18,1.918,1.918,0.15665796344646044
2019-09-19,1.921,1.921,0.15641293013557434
2019-09-20,1.922,1.922,0.05205622071837723
2019-09-23,1.894,1.894,-1.4568158168574374
2019-09-24,1.897,1.897,0.15839493136220462
2019-09-25,1.87,1.87,-1.4232999472851837
2019-09-26,1.87,1.87,0.0
2019-09-27,1.856,1.856,-0.7486631016042744
2019-09-30,1.838,1.838,-0.969827586206895
2019-10-08,1.848,1.848,0.5440696409140466
2019-10-09,1.87,1.87,1.1904761904761862
2019-10-10,1.882,1.882,0.6417112299465177
2019-10-11,1.911,1.911,1.5409139213602652
2019-10-14,1.937,1.937,1.3605442176870763
2019-10-15,1.924,1.924,-0.6711409395973256
2019-10-16,1.917,1.917,-0.36382536382535413
2019-10-17,1.902,1.902,-0.7824726134585402
2019-10-18,1.873,1.873,-1.524710830704512
2019-10-21,1.878,1.878,0.26695141484249785
2019-10-22,1.882,1.882,0.21299254526092604
2019-10-23,1.877,1.877,-0.2656748140276277
2019-10-24,1.882,1.882,0.2663825253063301
2019-10-25,1.885,1.885,0.15940488841659217
2019-10-28,1.895,1.895,0.5305039787798504
2019-10-29,1.883,1.883,-0.6332453825857565
2019-10-30,1.852,1.852,-1.6463090812533165
2019-10-31,1.84,1.84,-0.6479481641468721
2019-11-01,1.864,1.864,1.304347826086949
2019-11-04,1.872,1.872,0.42918454935623185
2019-11-05,1.886,1.886,0.7478632478632452
2019-11-06,1.869,1.869,-0.9013785790031759
2019-11-07,1.876,1.876,0.3745318352059934
2019-11-08,1.866,1.866,-0.5330490405117128
2019-11-11,1.815,1.815,-2.7331189710610992
2019-11-12,1.82,1.82,0.27548209366392573
2019-11-13,1.807,1.807,-0.7142857142857229
2019-11-14,1.805,1.805,-0.11068068622025473
2019-11-15,1.79,1.79,-0.8310249307479145
2019-11-18,1.804,1.804,0.7821229050279266
2019-11-19,1.825,1.825,1.1640798226163929
2019-11-20,1.813,1.813,-0.657534246575342
2019-11-21,1.811,1.811,-0.11031439602867676
2019-11-22,1.813,1.813,0.1104362230811784
2019-11-25,1.844,1.844,1.7098731384445731
2019-11-26,1.838,1.838,-0.32537960954447387
2019-11-27,1.832,1.832,-0.32644178454842576
2019-11-28,1.825,1.825,-0.3820960698689979
2019-11-29,1.819,1.819,-0.32876712328767654
2019-12-02,1.827,1.827,0.43980208905991525
2019-12-03,1.83,1.83,0.16420361247948545
2019-12-04,1.816,1.816,-0.7650273224043769
2019-12-05,1.829,1.829,0.7158590308369961
2019-12-06,1.824,1.824,-0.27337342810278553
2019-12-09,1.84,1.84,0.8771929824561431
2019-12-10,1.847,1.847,0.38043478260869623
2019-12-11,1.862,1.862,0.8121277747699107
2019-12-12,1.861,1.861,-0.05370569280344073
2019-12-13,1.892,1.892,1.6657710908113854
2019-12-16,1.916,1.916,1.2684989429175397
2019-12-17,1.935,1.935,0.991649269311079
2019-12-18,1.93,1.93,-0.25839793281654533
2019-12-19,1.938,1.938,0.4145077720207224
2019-12-20,1.923,1.923,-0.7739938080495334
2019-12-23,1.892,1.892,-1.6120644825793118
2019-12-24,1.9,1.9,0.42283298097252064
2019-12-25,1.9,1.9,0.0
2019-12-26,1.928,1.928,1.473684210526316
2019-12-27,1.93,1.93,0.10373443983402453
2019-12-30,1.954,1.954,1.2435233160621673
2019-12-31,1.972,1.972,0.9211873080859689
2020-01-02,2.009,2.009,1.8762677484786883
2020-01-03,2.002,2.002,-0.34843205574913716
2020-01-06,1.996,1.996,-0.29970029970028955
2020-01-07,2.016,2.016,1.002004008016022
2020-01-08,1.996,1.996,-0.9920634920634885
2020-01-09,2.019,2.019,1.1523046092184464
2020-01-10,2.01,2.01,-0.4457652303120563
2020-01-13,2.021,2.021,0.5472636815920362
2020-01-14,2.036,2.036,0.742206828302816
2020-01-15,2.026,2.026,-0.4911591355599376
2020-01-16,2.022,2.022,-0.19743336623889718
2020-01-17,2.003,2.003,-0.9396636993076024
2020-01-20,2.003,2.003,0.0
2020-01-21,1.952,1.952,-2.546180728906644
2020-01-22,1.948,1.948,-0.2049180327868827
2020-01-23,1.886,1.886,-3.1827515400410733
2020-02-03,1.637,1.637,-13.20254506892895
2020-02-04,1.701,1.701,3.9095907147220554
2020-02-05,1.733,1.733,1.8812463256907774
2020-02-06,1.739,1.739,0.34622042700518385
2020-02-07,1.733,1.733,-0.34502587694077436
2020-02-10,1.776,1.776,2.4812463935372175
2020-02-11,1.79,1.79,0.7882882882882969
2020-02-12,1.797,1.797,0.3910614525139522
2020-02-13,1.781,1.781,-0.8903728436282732
2020-02-14,1.796,1.796,0.8422234699607012
2020-02-17,1.841,1.841,2.505567928730512
2020-02-18,1.843,1.843,0.10863661053774898
2020-02-19,1.841,1.841,-0.10851871947911151
2020-02-20,1.877,1.877,1.955458989679526
2020-02-21,1.893,1.893,0.8524240809802963
2020-02-24,1.875,1.875,-0.9508716323296418
2020-02-25,1.841,1.841,-1.8133333333333335
2020-02-26,1.848,1.848,0.38022813688214363
2020-02-27,1.85,1.85,0.10822510822510178
2020-02-28,1.777,1.777,-3.94594594594595
2020-03-02,1.856,1.856,4.445694991558824
2020-03-03,1.863,1.863,0.37715517241379004
2020-03-04,1.887,1.887,1.2882447665056418
2020-03-05,1.909,1.909,1.1658717541070507
2020-03-06,1.886,1.886,-1.2048192771084376
2020-03-09,1.815,1.815,-3.7645811240721083
2020-03-10,1.852,1.852,2.0385674931129527
2020-03-11,1.836,1.836,-0.8639308855291628
2020-03-12,1.795,1.795,-2.2331154684095966
2020-03-13,1.751,1.751,-2.4512534818941556
2020-03-16,1.693,1.693,-3.312392918332374
2020-03-17,1.67,1.67,-1.3585351447135352
2020-03-18,1.644,1.644,-1.556886227544907
2020-03-19,1.601,1.601,-2.615571776155712
2020-03-20,1.626,1.626,1.5615240474703196
2020-03-23,1.551,1.551,-4.612546125461248
2020-03-24,1.593,1.593,2.7079303675048294
2020-03-25,1.65,1.65,3.5781544256120457
2020-03-26,1.632,1.632,-1.0909090909090868
2020-03-27,1.645,1.645,0.7965686274509887
2020-03-30,1.623,1.623,-1.3373860182370856
2020-03-31,1.618,1.618,-0.30807147258162804
2020-04-01,1.602,1.602,-0.988875154511748
2020-04-02,1.628,1.628,1.622971285892616
2020-04-03,1.621,1.621,-0.4299754299754266
2020-04-07,1.656,1.656,2.1591610117211557
2020-04-08,1.657,1.657,0.06038647342996306
2020-04-09,1.656,1.656,-0.06035003017502705
2020-04-10,1.639,1.639,-1.0265700483091722
2020-04-13,1.629,1.629,-0.6101281269066505
2020-04-14,1.653,1.653,1.4732965009208066
2020-04-15,1.644,1.644,-0.5444646098003658
2020-04-16,1.636,1.636,-0.48661800486617945
2020-04-17,1.643,1.643,0.42787286063570296
2020-04-20,1.646,1.646,0.1825928180158254
2020-04-21,1.63,1.63,-0.9720534629404587
2020-04-22,1.631,1.631,0.06134969325153339
2020-04-23,1.623,1.623,-0.49049662783567927
2020-04-24,1.605,1.605,-1.1090573012939031
2020-04-27,1.616,1.616,0.685358255451729
2020-04-28,1.598,1.598,-1.1138613861386149
2020-04-29,1.63,1.63,2.002503128911126
2020-04-30,1.671,1.671,2.515337423312891
2020-05-06,1.67,1.67,-0.05984440454818163
2020-05-07,1.671,1.671,0.05988023952097077
2020-05-08,1.688,1.688,1.0173548773189545
2020-05-11,1.686,1.686,-0.11848341232227888
2020-05-12,1.675,1.675,-0.6524317912218192
2020-05-13,1.677,1.677,0.11940298507462366
2020-05-14,1.653,1.653,-1.4311270125223596
2020-05-15,1.648,1.648,-0.3024803387779884
2020-05-18,1.648,1.648,0.0
2020-05-19,1.656,1.656,0.4854368932038833
2020-05-20,1.64,1.64,-0.9661835748792313
2020-05-21,1.632,1.632,-0.4878048780487809
2020-05-22,1.598,1.598,-2.083333333333326
2020-05-25,1.597,1.597,-0.06257822277847547
2020-05-26,1.609,1.609,0.7514088916718897
2020-05-27,1.621,1.621,0.7458048477315016
2020-05-28,1.625,1.625,0.2467612584824197
2020-05-29,1.611,1.611,-0.861538461538458
2020-06-01,1.651,1.651,2.4829298572315306
2020-06-02,1.657,1.657,0.363416111447612
2020-06-03,1.667,1.667,0.6035003017501595
2020-06-04,1.678,1.678,0.6598680263947054
2020-06-05,1.663,1.663,-0.8939213349225206
2020-06-08,1.673,1.673,0.6013229104028905
2020-06-09,1.679,1.679,0.3586371787208664
2020-06-10,1.669,1.669,-0.5955926146515744
2020-06-11,1.652,1.652,-1.0185739964050367
2020-06-12,1.649,1.649,-0.1815980629539915
2020-06-15,1.633,1.633,-0.9702850212249814
2020-06-16,1.661,1.661,1.7146356399265095
2020-06-17,1.669,1.669,0.48163756773027533
2020-06-18,1.69,1.69,1.2582384661473878
2020-06-19,1.687,1.687,-0.17751479289940253
2020-06-22,1.675,1.675,-0.7113218731475968
2020-06-23,1.666,1.666,-0.5373134328358287
2020-06-24,1.669,1.669,0.18007202881153983
2020-06-29,1.651,1.651,-1.0784901138406244
2020-06-30,1.668,1.668,1.0296789824348895
2020-07-01,1.708,1.708,2.3980815347721895
2020-07-02,1.765,1.765,3.3372365339578325
2020-07-03,1.802,1.802,2.096317280453275
2020-07-06,1.985,1.985,10.155382907880139
2020-07-07,1.942,1.942,-2.1662468513854005
2020-07-08,1.982,1.982,2.059732234809486
2020-07-09,1.994,1.994,0.6054490413723412
2020-07-10,1.932,1.932,-3.1093279839518595
2020-07-13,1.985,1.985,2.7432712215321065
2020-07-14,1.969,1.969,-0.8060453400503764
2020-07-15,1.929,1.929,-2.031488065007625
2020-07-16,1.857,1.857,-3.732503888024885
2020-07-17,1.859,1.859,0.1077005923532548
2020-07-20,1.96,1.96,5.433028509951576
2020-07-21,1.953,1.953,-0.3571428571428559
2020-07-22,1.954,1.954,0.05120327700971483
2020-07-23,1.921,1.921,-1.6888433981576245
2020-07-24,1.844,1.844,-4.008328995314936
2020-07-27,1.831,1.831,-0.7049891540130249
2020-07-28,1.85,1.85,1.0376843255051948
2020-07-29,1.881,1.881,1.6756756756756808
2020-07-30,1.883,1.883,0.10632642211589882
2020-07-31,1.902,1.902,1.0090281465746198
2020-08-03,1.963,1.963,3.207150368033651
2020-08-04,1.964,1.964,0.05094243504839557
2020-08-05,1.949,1.949,-0.7637474541751454
2020-08-06,1.962,1.962,0.667008722421758
2020-08-07,1.957,1.957,-0.2548419979612637
2020-08-10,1.989,1.989,1.635155850792036
2020-08-11,1.976,1.976,-0.6535947712418388
2020-08-12,1.956,1.956,-1.0121457489878583
2020-08-13,1.98,1.98,1.2269938650306678
2020-08-14,1.994,1.994,0.7070707070707005
2020-08-17,2.056,2.056,3.1093279839518484
2020-08-18,2.059,2.059,0.14591439688715901
2020-08-19,2.051,2.051,-0.38853812530355025
2020-08-20,2.036,2.036,-0.7313505607021042
2020-08-21,2.033,2.033,-0.14734774066798018
2020-08-24,2.037,2.037,0.1967535661583808
2020-08-25,2.024,2.024,-0.6381934216985741
2020-08-26,1.984,1.984,-1.9762845849802368
2020-08-27,1.985,1.985,0.05040322580645018
2020-08-28,2.018,2.018,1.6624685138538986
2020-08-31,2.008,2.008,-0.49554013875122704
2020-09-01,2.006,2.006,-0.09960159362550902
2020-09-02,2.006,2.006,0.0
2020-09-03,2.001,2.001,-0.24925224327018158
2020-09-04,1.981,1.981,-0.9995002498750516
2020-09-07,1.968,1.968,-0.6562342251388298
2020-09-08,1.98,1.98,0.6097560975609762
2020-09-09,1.958,1.958,-1.1111111111111072
2020-09-10,1.94,1.94,-0.9193054136874323
2020-09-11,1.937,1.937,-0.1546391752577314
2020-09-14,1.939,1.939,0.10325245224573898
2020-09-15,1.947,1.947,0.4125838060856202
2020-09-16,1.955,1.955,0.4108885464817691
2020-09-17,1.958,1.958,0.1534526854219953
2020-09-18,1.992,1.992,1.7364657814096018
2020-09-21,1.98,1.98,-0.6024096385542133
2020-09-22,1.948,1.948,-1.6161616161616155
2020-09-23,1.947,1.947,-0.05133470225872072
2020-09-24,1.908,1.908,-2.003081664098616
2020-09-25,1.902,1.902,-0.3144654088050314
2020-09-28,1.904,1.904,0.1051524710830698
2020-09-29,1.904,1.904,0.0
2020-09-30,1.897,1.897,-0.3676470588235281
2020-10-09,1.934,1.934,1.9504480759093168
2020-10-12,1.979,1.979,2.326783867631854
2020-10-13,1.974,1.974,-0.2526528549772644
2020-10-14,1.962,1.962,-0.6079027355623157
2020-10-15,1.954,1.954,-0.4077471967380175
2020-10-16,1.957,1.957,0.15353121801433556
2020-10-19,1.946,1.946,-0.5620848237097631
2020-10-20,1.942,1.942,-0.20554984583761593
2020-10-21,1.938,1.938,-0.2059732234809486
2020-10-22,1.926,1.926,-0.6191950464396245
2020-10-23,1.918,1.918,-0.41536863966770143
2020-10-26,1.902,1.902,-0.8342022940563076
2020-10-27,1.894,1.894,-0.4206098843322792
2020-10-28,1.898,1.898,0.21119324181626542
2020-10-29,1.922,1.922,1.2644889357218192
2020-10-30,1.906,1.906,-0.8324661810613976
2020-11-02,1.917,1.917,0.5771248688352548
2020-11-03,1.935,1.935,0.9389671361502261
2020-11-04,1.96,1.96,1.2919896640826822
2020-11-05,2.006,2.006,2.346938775510199
2020-11-06,2.029,2.029,1.1465603190428775
2020-11-09,2.08,2.08,2.5135534746180355
2020-11-10,2.069,2.069,-0.5288461538461631
2020-11-11,2.084,2.084,0.7249879168680584
2020-11-12,2.097,2.097,0.6238003838771489
2020-11-13,2.077,2.077,-0.9537434430138325
2020-11-16,2.134,2.134,2.744342802118438
2020-11-17,2.145,2.145,0.5154639175257714
2020-11-18,2.159,2.159,0.6526806526806483
2020-11-19,2.14,2.14,-0.8800370541917402
2020-11-20,2.155,2.155,0.7009345794392274
2020-11-23,2.199,2.199,2.041763341067293
2020-11-24,2.194,2.194,-0.22737608003637888
2020-11-25,2.162,2.162,-1.4585232452142272
2020-11-26,2.154,2.154,-0.37002775208140326
2020-11-27,2.175,2.175,0.9749303621169769
2020-11-30,2.148,2.148,-1.2413793103448145
2020-12-01,2.154,2.154,0.27932960893852776
2020-12-02,2.156,2.156,0.09285051067782213
2020-12-03,2.131,2.131,-1.1595547309833143
2020-12-04,2.12,2.12,-0.5161895823556861
2020-12-07,2.076,2.076,-2.075471698113207
2020-12-08,2.069,2.069,-0.3371868978805481
2020-12-09,2.031,2.031,-1.8366360560657213
2020-12-10,2.048,2.048,0.8370260955194331
2020-12-11,2.041,2.041,-0.3417968750000111
2020-12-14,2.003,2.003,-1.8618324350808346
2020-12-15,1.99,1.99,-0.649026460309543
2020-12-16,1.988,1.988,-0.10050251256281673
2020-12-17,2.014,2.014,1.3078470824949617
2020-12-18,2.032,2.032,0.8937437934458892
2020-12-21,2.036,2.036,0.19685039370078705
2020-12-22,1.977,1.977,-2.8978388998035287
2020-12-23,1.98,1.98,0.15174506828528056
2020-12-24,1.97,1.97,-0.5050505050505083
2020-12-25,1.98,1.98,0.50761421319796
2020-12-28,1.967,1.967,-0.6565656565656552
2020-12-29,1.942,1.942,-1.2709710218607118
2020-12-30,1.947,1.947,0.2574665293511913
2020-12-31,1.958,1.958,0.5649717514124131
2021-01-04,1.965,1.965,0.3575076608784533
2021-01-05,1.943,1.943,-1.119592875318065
2021-01-06,1.94,1.94,-0.15440041173443442
2021-01-07,1.93,1.93,-0.5154639175257714
2021-01-08,1.943,1.943,0.6735751295336767
2021-01-11,1.91,1.91,-1.6984045290787564
2021-01-12,1.931,1.931,1.099476439790581
2021-01-13,1.938,1.938,0.36250647332987107
2021-01-14,1.936,1.936,-0.10319917440660964
2021-01-15,1.954,1.954,0.9297520661156966
2021-01-18,1.968,1.968,0.7164790174001956
2021-01-19,1.971,1.971,0.1524390243902607
2021-01-20,1.969,1.969,-0.10147133434804667
2021-01-21,1.973,1.973,0.2031488065007636
2021-01-22,1.949,1.949,-1.2164216928535199
2021-01-25,1.914,1.914,-1.7957927142124186
2021-01-26,1.903,1.903,-0.5747126436781547
2021-01-27,1.902,1.902,-0.05254860746191081
2021-01-28,1.87,1.87,-1.6824395373291168
2021-01-29,1.854,1.854,-0.8556149732620311
2021-02-01,1.871,1.871,0.916936353829545
2021-02-02,1.877,1.877,0.3206841261357507
2021-02-03,1.857,1.857,-1.0655301012253648
2021-02-04,1.84,1.84,-0.915455035002688
2021-02-05,1.859,1.859,1.0326086956521596
2021-02-08,1.872,1.872,0.6993006993007089
2021-02-09,1.888,1.888,0.8547008547008517
2021-02-10,1.907,1.907,1.0063559322033955
2021-02-18,1.97,1.97,3.303618248557938
2021-02-19,2.022,2.022,2.639593908629423
2021-02-22,2.066,2.066,2.1760633036597365
2021-02-23,2.038,2.038,-1.3552758954501476
2021-02-24,2.007,2.007,-1.5210991167811438
2021-02-25,2.049,2.049,2.0926756352765308
2021-02-26,1.997,1.997,-2.537823328452893
2021-03-01,2.032,2.032,1.7526289434151243
2021-03-02,2.017,2.017,-0.7381889763779625
2021-03-03,2.082,2.082,3.222607833415969
2021-03-04,2.078,2.078,-0.19212295869356355
2021-03-05,2.05,2.05,-1.347449470644857
2021-03-08,2.039,2.039,-0.5365853658536479
2021-03-09,2.028,2.028,-0.5394801373222236
2021-03-10,2.013,2.013,-0.7396449704142105
2021-03-11,2.06,2.06,2.334823646299067
2021-03-12,2.087,2.087,1.3106796116505004
2021-03-15,2.112,2.112,1.1978917105893494
2021-03-16,2.115,2.115,0.14204545454545858
2021-03-17,2.101,2.101,-0.6619385342789719
2021-03-18,2.101,2.101,0.0
2021-03-19,2.084,2.084,-0.8091385054735833
2021-03-22,2.11,2.11,1.24760076775432
2021-03-23,2.089,2.089,-0.9952606635071026
2021-03-24,2.041,2.041,-2.297750119674491
2021-03-25,2.043,2.043,0.09799118079374391
2021-03-26,2.075,2.075,1.566324033284383
2021-03-29,2.111,2.111,1.734939759036136
2021-03-30,2.11,2.11,-0.0473709142586598
2021-03-31,2.103,2.103,-0.33175355450235644
2021-04-01,2.121,2.121,0.8559201141226769
2021-04-02,2.098,2.098,-1.084394153701096
2021-04-06,2.105,2.105,0.3336510962821837
2021-04-07,2.125,2.125,0.9501187648456089
2021-04-08,2.126,2.126,0.04705882352940005
2021-04-09,2.13,2.13,0.18814675446847673
2021-04-12,2.137,2.137,0.3286384976525891
2021-04-13,2.105,2.105,-1.4974262985493647
2021-04-14,2.111,2.111,0.2850356294537004
2021-04-15,2.115,2.115,0.1894836570345726
2021-04-16,2.15,2.15,1.6548463356973908
2021-04-19,2.162,2.162,0.5581395348837281
2021-04-20,2.154,2.154,-0.37002775208140326
2021-04-21,2.145,2.145,-0.41782729805013297
2021-04-22,2.153,2.153,0.37296037296037365
2021-04-23,2.148,2.148,-0.23223409196470035
2021-04-26,2.14,2.14,-0.3724394785847296
2021-04-27,2.127,2.127,-0.6074766355140371
2021-04-28,2.13,2.13,0.14104372355430161
2021-04-29,2.146,2.146,0.7511737089201942
2021-04-30,2.117,2.117,-1.3513513513513487
2021-05-06,2.158,2.158,1.9367028814359921
2021-05-07,2.189,2.189,1.4365152919369795
2021-05-10,2.23,2.23,1.8730013704888027
2021-05-11,2.203,2.203,-1.2107623318385663
2021-05-12,2.214,2.214,0.49931911030414167
2021-05-13,2.171,2.171,-1.9421860885275533
2021-05-14,2.177,2.177,0.2763703362505865
2021-05-17,2.172,2.172,-0.22967386311437687
2021-05-18,2.184,2.184,0.5524861878453136
2021-05-19,2.159,2.159,-1.1446886446886628
2021-05-20,2.115,2.115,-2.0379805465493117
2021-05-21,2.12,2.12,0.23640661938533203
2021-05-24,2.118,2.118,-0.09433962264151496
2021-05-25,2.145,2.145,1.2747875354107707
2021-05-26,2.164,2.164,0.8857808857808847
2021-05-27,2.176,2.176,0.5545286506469571
2021-05-28,2.172,2.172,-0.18382352941176405
2021-05-31,2.175,2.175,0.13812154696131174
2021-06-01,2.197,2.197,1.0114942528735682
2021-06-02,2.192,2.192,-0.2275830678197477
2021-06-03,2.206,2.206,0.6386861313868453
2021-06-04,2.2,2.2,-0.27198549410697437
2021-06-07,2.197,2.197,-0.13636363636364557
2021-06-08,2.186,2.186,-0.5006827492034627
2021-06-09,2.202,2.202,0.7319304666056681
2021-06-10,2.213,2.213,0.49954586739329176
2021-06-11,2.217,2.217,0.18075011296883048
2021-06-15,2.201,2.201,-0.7216959855660843
2021-06-16,2.192,2.192,-0.4089050431621888
2021-06-17,2.184,2.184,-0.36496350364964014
2021-06-18,2.184,2.184,0.0
2021-06-21,2.172,2.172,-0.5494505494505475
2021-06-22,2.197,2.197,1.151012891344383
2021-06-23,2.233,2.233,1.6385980883022233
2021-06-24,2.245,2.245,0.53739364084191
2021-06-25,2.255,2.255,0.44543429844097204
2021-06-28,2.219,2.219,-1.5964523281596477
2021-06-29,2.198,2.198,-0.9463722397476282
2021-06-30,2.212,2.212,0.6369426751592355
2021-07-01,2.213,2.213,0.045207956600346044
2021-07-02,2.189,2.189,-1.0845006778129274
2021-07-05,2.196,2.196,0.31978072179077444
2021-07-06,2.203,2.203,0.3187613843351311
2021-07-07,2.206,2.206,0.1361779391738649
2021-07-08,2.163,2.163,-1.94922937443337
2021-07-09,2.181,2.181,0.8321775312066793
2021-07-12,2.186,2.186,0.22925263640531934
2021-07-13,2.208,2.208,1.0064043915828158
2021-07-14,2.214,2.214,0.27173913043476716
2021-07-15,2.245,2.245,1.4001806684733609
2021-07-16,2.257,2.257,0.5345211581291753
2021-07-19,2.249,2.249,-0.3544528134692082
2021-07-20,2.229,2.229,-0.8892841262783446
2021-07-21,2.225,2.225,-0.17945266935845972
2021-07-22,2.25,2.25,1.1235955056179803
2021-07-23,2.241,2.241,-0.40000000000000036
2021-07-26,2.192,2.192,-2.1865238732708625
2021-07-27,2.133,2.133,-2.691605839416067
2021-07-28,2.107,2.107,-1.2189404594467823
2021-07-29,2.129,2.129,1.0441385856668095
2021-07-30,2.16,2.16,1.4560826679192118
2021-08-02,2.137,2.137,-1.0648148148148184
2021-08-03,2.098,2.098,-1.8249883013570445
2021-08-04,2.122,2.122,1.1439466158245981
2021-08-05,2.11,2.11,-0.5655042412818112
2021-08-06,2.121,2.121,0.5213270142180093
2021-08-09,2.161,2.161,1.885902876001877
2021-08-10,2.16,2.16,-0.04627487274408981
2021-08-11,2.218,2.218,2.6851851851851682
2021-08-12,2.249,2.249,1.3976555455365247
2021-08-13,2.244,2.244,-0.22232103156958338
2021-08-16,2.252,2.252,0.35650623885916666
2021-08-17,2.218,2.218,-1.5097690941385356
2021-08-18,2.236,2.236,0.8115419296663706
2021-08-19,2.226,2.226,-0.4472271914132464
2021-08-20,2.241,2.241,0.6738544474393482
2021-08-23,2.254,2.254,0.5800981704596087
2021-08-24,2.278,2.278,1.0647737355811815
2021-08-25,2.312,2.312,1.492537313432818
2021-08-26,2.353,2.353,1.7733564013840963
2021-08-27,2.382,2.382,1.232469188270291
2021-08-30,2.407,2.407,1.049538203190603
2021-08-31,2.48,2.48,3.0328209389281158
2021-09-01,2.475,2.475,-0.20161290322580072
2021-09-02,2.554,2.554,3.1919191919191903
2021-09-03,2.531,2.531,-0.9005481597494036
2021-09-06,2.559,2.559,1.1062821019359959
2021-09-07,2.64,2.64,3.165298944900341
2021-09-08,2.676,2.676,1.3636363636363669
2021-09-09,2.777,2.777,3.774289985052315
2021-09-10,2.714,2.714,-2.2686352178610036
2021-09-13,2.786,2.786,2.6529108327192352
2021-09-14,2.716,2.716,-2.5125628140703515
2021-09-15,2.693,2.693,-0.8468335787923498
2021-09-16,2.68,2.68,-0.4827330115113271
2021-09-17,2.591,2.591,-3.3208955223880565
2021-09-22,2.649,2.649,2.238517946738705
2021-09-23,2.64,2.64,-0.3397508493771184
2021-09-24,2.526,2.526,-4.3181818181818326
2021-09-27,2.441,2.441,-3.3650039588281833
2021-09-28,2.519,2.519,3.195411716509633
2021-09-29,2.435,2.435,-3.334656609765785
2021-09-30,2.45,2.45,0.6160164271047375
2021-10-08,2.44,2.44,-0.40816326530612734
2021-10-11,2.483,2.483,1.7622950819672134
2021-10-12,2.443,2.443,-1.6109544905356432
2021-10-13,2.403,2.403,-1.6373311502251298
2021-10-14,2.386,2.386,-0.7074490220557617
2021-10-15,2.408,2.408,0.9220452640402277
2021-10-18,2.457,2.457,2.034883720930236
2021-10-19,2.469,2.469,0.48840048840048667
2021-10-20,2.395,2.395,-2.9971648440664134
2021-10-21,2.433,2.433,1.5866388308976909
2021-10-22,2.371,2.371,-2.5482942868886083
2021-10-25,2.37,2.37,-0.0421762969211259
2021-10-26,2.344,2.344,-1.097046413502123
2021-10-27,2.273,2.273,-3.0290102389078366
2021-10-28,2.196,2.196,-3.3875934887813486
2021-10-29,2.2,2.2,0.18214936247722413
2021-11-01,2.209,2.209,0.4090909090909145
2021-11-02,2.158,2.158,-2.3087369850611217
2021-11-03,2.199,2.199,1.8999073215940632
2021-11-04,2.192,2.192,-0.3183265120509149
2021-11-05,2.153,2.153,-1.779197080291972
2021-11-08,2.15,2.15,-0.13934045517882687
2021-11-09,2.136,2.136,-0.651162790697668
2021-11-10,2.129,2.129,-0.327715355805247
2021-11-11,2.176,2.176,2.207609206200112
2021-11-12,2.16,2.16,-0.7352941176470562
2021-11-15,2.164,2.164,0.18518518518517713
2021-11-16,2.147,2.147,-0.7855822550831948
2021-11-17,2.15,2.15,0.1397298556124804
2021-11-18,2.15,2.15,0.0
2021-11-19,2.186,2.186,1.6744186046511622
2021-11-22,2.185,2.185,-0.045745654162854255
2021-11-23,2.198,2.198,0.594965675057213
2021-11-24,2.23,2.23,1.455868971792551
2021-11-25,2.219,2.219,-0.4932735426009027
2021-11-26,2.187,2.187,-1.4420910319963953
2021-11-29,2.152,2.152,-1.6003657978966523
2021-11-30,2.154,2.154,0.09293680297397522
2021-12-01,2.179,2.179,1.160631383472599
2021-12-02,2.194,2.194,0.6883891693437505
2021-12-03,2.225,2.225,1.4129443938012853
2021-12-06,2.217,2.217,-0.35955056179775013
2021-12-07,2.247,2.247,1.3531799729364025
2021-12-08,2.247,2.247,0.0
2021-12-09,2.258,2.258,0.4895416110369366
2021-12-10,2.238,2.238,-0.8857395925597866
2021-12-13,2.229,2.229,-0.40214477211796273
2021-12-14,2.191,2.191,-1.704800358905345
2021-12-15,2.203,2.203,0.5476951163852162
2021-12-16,2.245,2.245,1.9064911484339753
2021-12-17,2.229,2.229,-0.7126948775055708
2021-12-20,2.203,2.203,-1.166442350829977
2021-12-21,2.242,2.242,1.7703132092601104
2021-12-22,2.237,2.237,-0.2230151650312151
2021-12-23,2.246,2.246,0.40232454179705
2021-12-24,2.235,2.235,-0.48975957257346714
2021-12-27,2.242,2.242,0.31319910514542304
2021-12-28,2.225,2.225,-0.7582515611061491
2021-12-29,2.215,2.215,-0.44943820224719877
2021-12-30,2.212,2.212,-0.13544018058688767
2021-12-31,2.236,2.236,1.0849909584086825
2022-01-04,2.278,2.278,1.8783542039355838
2022-01-05,2.269,2.269,-0.3950834064969211
2022-01-06,2.273,2.273,0.17628911414719894
2022-01-07,2.289,2.289,0.7039155301363786
2022-01-10,2.308,2.308,0.8300567933595238
2022-01-11,2.329,2.329,0.9098786828423133
2022-01-12,2.317,2.317,-0.5152425933877214
2022-01-13,2.316,2.316,-0.04315925766078532
2022-01-14,2.271,2.271,-1.943005181347146
2022-01-17,2.274,2.274,0.13210039630120463
2022-01-18,2.304,2.304,1.319261213720302
2022-01-19,2.321,2.321,0.7378472222222321
2022-01-20,2.307,2.307,-0.6031882809134137
2022-01-21,2.304,2.304,-0.13003901170351995
2022-01-24,2.29,2.29,-0.607638888888884
2022-01-25,2.211,2.211,-3.449781659388651
2022-01-26,2.219,2.219,0.36182722749886764
2022-01-27,2.201,2.201,-0.8111762054979654
2022-01-28,2.193,2.193,-0.36347114947751225
2022-02-07,2.252,2.252,2.6903784769721772
2022-02-08,2.319,2.319,2.9751332149200893
2022-02-09,2.325,2.325,0.2587322121604174
2022-02-10,2.366,2.366,1.7634408602150486
2022-02-11,2.369,2.369,0.1267962806424494
2022-02-14,2.323,2.323,-1.9417475728155442
2022-02-15,2.304,2.304,-0.8179078777443061
2022-02-16,2.333,2.333,1.2586805555555802
2022-02-17,2.319,2.319,-0.6000857265323734
2022-02-18,2.372,2.372,2.2854678740836576
2022-02-21,2.398,2.398,1.0961214165261524
2022-02-22,2.387,2.387,-0.4587155963302836
2022-02-23,2.356,2.356,-1.2987012987012991
2022-02-24,2.331,2.331,-1.0611205432937143
2022-02-25,2.311,2.311,-0.8580008580008625
2022-02-28,2.32,2.32,0.38944180008653184
2022-03-01,2.35,2.35,1.2931034482758674
2022-03-02,2.383,2.383,1.4042553191489393
2022-03-03,2.418,2.418,1.4687368862777994
2022-03-04,2.408,2.408,-0.41356492969397696
2022-03-07,2.388,2.388,-0.830564784053156
2022-03-08,2.305,2.305,-3.4757118927973063
2022-03-09,2.248,2.248,-2.4728850325379637
2022-03-10,2.294,2.294,2.0462633451957313
2022-03-11,2.314,2.314,0.8718395815169977
2022-03-14,2.275,2.275,-1.6853932584269704
2022-03-15,2.117,2.117,-6.94505494505494
2022-03-16,2.176,2.176,2.786962683042038
2022-03-17,2.206,2.206,1.3786764705882248
2022-03-18,2.276,2.276,3.1731640979147713
2022-03-21,2.295,2.295,0.8347978910369092
2022-03-22,2.343,2.343,2.091503267973849
2022-03-23,2.339,2.339,-0.17072129748185727
2022-03-24,2.346,2.346,0.29927319367251126
2022-03-25,2.347,2.347,0.04262574595055302
2022-03-28,2.393,2.393,1.9599488708990087
2022-03-29,2.411,2.411,0.7521938988717114
2022-03-30,2.419,2.419,0.3318125259228477
2022-03-31,2.458,2.458,1.6122364613476714
2022-04-01,2.491,2.491,1.3425549227013889
2022-04-06,2.536,2.536,1.8065034122842105
2022-04-07,2.49,2.49,-1.813880126182954
2022-04-08,2.525,2.525,1.4056224899598346
2022-04-11,2.466,2.466,-2.3366336633663276
2022-04-12,2.456,2.456,-0.40551500405515695
2022-04-13,2.479,2.479,0.9364820846905486
2022-04-14,2.535,2.535,2.2589753933037526
2022-04-15,2.502,2.502,-1.3017751479290074
2022-04-18,2.438,2.438,-2.5579536370903155
2022-04-19,2.482,2.482,1.8047579983593076
2022-04-20,2.395,2.395,-3.5052377115229683
2022-04-21,2.341,2.341,-2.254697286012519
2022-04-22,2.371,2.371,1.281503630926939
2022-04-25,2.247,2.247,-5.229860818220167
2022-04-26,2.208,2.208,-1.735647530040041
2022-04-27,2.244,2.244,1.6304347826086918
2022-04-28,2.29,2.29,2.049910873440286
2022-04-29,2.324,2.324,1.4847161572052237
2022-05-05,2.313,2.313,-0.47332185886401756
2022-05-06,2.238,2.238,-3.2425421530480003
2022-05-09,2.23,2.23,-0.357462019660415
2022-05-10,2.233,2.233,0.1345291479820654
2022-05-11,2.231,2.231,-0.0895656068069961
2022-05-12,2.219,2.219,-0.5378753922008039
2022-05-13,2.274,2.274,2.4785939612438135
2022-05-16,2.318,2.318,1.9349164467898028
2022-05-17,2.308,2.308,-0.43140638481450333
2022-05-18,2.28,2.28,-1.2131715771230511
2022-05-19,2.283,2.283,0.1315789473684159
2022-05-20,2.322,2.322,1.708278580814726
2022-05-23,2.326,2.326,0.17226528854434875
2022-05-24,2.282,2.282,-1.8916595012897663
2022-05-25,2.311,2.311,1.2708150744960456
2022-05-26,2.351,2.351,1.7308524448290896
2022-05-27,2.35,2.35,-0.042535091450446316
2022-05-30,2.336,2.336,-0.5957446808510736
2022-05-31,2.34,2.34,0.1712328767123239
2022-06-01,2.349,2.349,0.38461538461540545
2022-06-02,2.331,2.331,-0.766283524904221
2022-06-06,2.33,2.33,-0.04290004290004035
2022-06-07,2.345,2.345,0.6437768240343367
2022-06-08,2.383,2.383,1.6204690831556512
2022-06-09,2.39,2.39,0.2937473772555599
2022-06-10,2.41,2.41,0.8368200836819994
2022-06-13,2.366,2.366,-1.8257261410788428
2022-06-14,2.404,2.404,1.606086221470826
2022-06-15,2.407,2.407,0.12479201331114798
2022-06-16,2.36,2.36,-1.952638138761953
2022-06-17,2.353,2.353,-0.29661016949150687
2022-06-20,2.331,2.331,-0.9349766255843717
2022-06-21,2.337,2.337,0.2574002574002643
2022-06-22,2.301,2.301,-1.5404364569961526
2022-06-23,2.325,2.325,1.04302477183833
2022-06-24,2.329,2.329,0.17204301075268713
2022-06-27,2.356,2.356,1.1592958351223537
2022-06-28,2.381,2.381,1.0611205432937254
2022-06-29,2.393,2.393,0.5039899202015974
2022-06-30,2.41,2.41,0.7104053489344064
2022-07-01,2.415,2.415,0.20746887966804906
2022-07-04,2.421,2.421,0.2484472049689268
2022-07-05,2.435,2.435,0.5782734407269841
2022-07-06,2.369,2.369,-2.7104722792607783
2022-07-07,2.382,2.382,0.5487547488391753
2022-07-08,2.38,2.38,-0.08396305625525402
2022-07-11,2.353,2.353,-1.13445378151259
2022-07-12,2.376,2.376,0.9774755631109189
2022-07-13,2.374,2.374,-0.08417508417507547
2022-07-14,2.344,2.344,-1.263689974726212
2022-07-15,2.304,2.304,-1.7064846416382284
2022-07-18,2.363,2.363,2.560763888888906
2022-07-19,2.367,2.367,0.1692763436309752
2022-07-20,2.372,2.372,0.21123785382339832
2022-07-21,2.328,2.328,-1.8549747048903886
2022-07-22,2.311,2.311,-0.7302405498281761
2022-07-25,2.32,2.32,0.38944180008653184
2022-07-26,2.358,2.358,1.6379310344827758
2022-07-27,2.358,2.358,0.0
2022-07-28,2.369,2.369,0.46649703138252896
2022-07-29,2.347,2.347,-0.9286618826509163
2022-08-01,2.354,2.354,0.29825308904984915
2022-08-02,2.291,2.291,-2.6762956669498794
2022-08-03,2.263,2.263,-1.222173723264952
2022-08-04,2.267,2.267,0.1767565178965924
2022-08-05,2.271,2.271,0.1764446404940445
2022-08-08,2.302,2.302,1.3650374284456257
2022-08-09,2.323,2.323,0.912250217202426
2022-08-10,2.307,2.307,-0.688764528626773
2022-08-11,2.334,2.334,1.170351105331613
2022-08-12,2.361,2.361,1.1568123393316254
2022-08-15,2.375,2.375,0.5929690808979204
2022-08-16,2.385,2.385,0.42105263157894424
2022-08-17,2.389,2.389,0.16771488469602414
2022-08-18,2.365,2.365,-1.0046044370029095
2022-08-19,2.39,2.39,1.0570824524312794
2022-08-22,2.416,2.416,1.0878661087865948
2022-08-23,2.426,2.426,0.41390728476822236
2022-08-24,2.382,2.382,-1.8136850783182168
2022-08-25,2.447,2.447,2.7287993282955503
2022-08-26,2.426,2.426,-0.8581937065794798
2022-08-29,2.448,2.448,0.9068425391590917
2022-08-30,2.421,2.421,-1.1029411764705954
2022-08-31,2.403,2.403,-0.7434944237918129
2022-09-01,2.431,2.431,1.1652101539741944
2022-09-02,2.425,2.425,-0.2468120115179051
2022-09-05,2.479,2.479,2.2268041237113456
2022-09-06,2.528,2.528,1.9766034691407697
2022-09-07,2.52,2.52,-0.31645569620253333
2022-09-08,2.511,2.511,-0.3571428571428559
2022-09-09,2.554,2.554,1.7124651533253488
2022-09-13,2.531,2.531,-0.9005481597494036
2022-09-14,2.505,2.505,-1.02726195179772
2022-09-15,2.517,2.517,0.4790419161676551
2022-09-16,2.427,2.427,-3.5756853396901045
2022-09-19,2.427,2.427,0.0
2022-09-20,2.424,2.424,-0.12360939431397266
2022-09-21,2.451,2.451,1.113861386138626
2022-09-22,2.463,2.463,0.4895960832313362
2022-09-23,2.439,2.439,-0.974421437271622
2022-09-26,2.391,2.391,-1.9680196801968086
2022-09-27,2.407,2.407,0.6691760769552468
2022-09-28,2.386,2.386,-0.8724553385957567
2022-09-29,2.381,2.381,-0.2095557418273386
2022-09-30,2.406,2.406,1.0499790004200094
2022-10-10,2.411,2.411,0.20781379883623163
2022-10-11,2.401,2.401,-0.41476565740358184
2022-10-12,2.436,2.436,1.4577259475218707
2022-10-13,2.39,2.39,-1.8883415435139494
2022-10-14,2.422,2.422,1.3389121338912124
2022-10-17,2.413,2.413,-0.37159372419489634
2022-10-18,2.408,2.408,-0.20721094073766766
2022-10-19,2.405,2.405,-0.1245847176079784
2022-10-20,2.379,2.379,-1.08108108108107
2022-10-21,2.392,2.392,0.5464480874316946
2022-10-24,2.34,2.34,-2.1739130434782594
2022-10-25,2.312,2.312,-1.1965811965811923
2022-10-26,2.295,2.295,-0.7352941176470562
2022-10-27,2.309,2.309,0.6100217864923874
2022-10-28,2.26,2.26,-2.1221307925509025
2022-10-31,2.193,2.193,-2.96460176991149
2022-11-01,2.213,2.213,0.9119927040583731
2022-11-02,2.246,2.246,1.4911884319927626
2022-11-03,2.227,2.227,-0.8459483526269018
2022-11-04,2.275,2.275,2.1553659631791566
2022-11-07,2.3,2.3,1.098901098901095
2022-11-08,2.3,2.3,0.0
2022-11-09,2.298,2.298,-0.08695652173912327
2022-11-10,2.305,2.305,0.3046127067014792
2022-11-11,2.367,2.367,2.689804772234261
2022-11-14,2.356,2.356,-0.4647232784114941
2022-11-15,2.366,2.366,0.4244482173175079
2022-11-16,2.357,2.357,-0.3803888419273038
2022-11-17,2.336,2.336,-0.8909630886720588
2022-11-18,2.323,2.323,-0.5565068493150638
2022-11-21,2.312,2.312,-0.47352561343091404
2022-11-22,2.331,2.331,0.8217993079584929
2022-11-23,2.347,2.347,0.68640068640069
2022-11-24,2.363,2.363,0.6817213463996552
2022-11-25,2.412,2.412,2.073635209479474
2022-11-28,2.394,2.394,-0.746268656716409
2022-11-29,2.48,2.48,3.5923141186299024
2022-11-30,2.46,2.46,-0.8064516129032251
2022-12-01,2.439,2.439,-0.8536585365853666
2022-12-02,2.418,2.418,-0.8610086100861003
2022-12-05,2.471,2.471,2.1918941273779913
2022-12-06,2.459,2.459,-0.4856333468231444
2022-12-07,2.444,2.444,-0.6100040666937812
2022-12-08,2.459,2.459,0.6137479541734825
2022-12-09,2.466,2.466,0.2846685644571023
2022-12-12,2.404,2.404,-2.514193025141942
2022-12-13,2.418,2.418,0.5823627287853572
2022-12-14,2.412,2.412,-0.24813895781639062
2022-12-15,2.377,2.377,-1.4510779436152643
2022-12-16,2.399,2.399,0.9255363904080882
2022-12-19,2.36,2.36,-1.6256773655689893
2022-12-20,2.326,2.326,-1.4406779661016889
2022-12-21,2.329,2.329,0.12897678417884695
2022-12-22,2.307,2.307,-0.9446114212108281
2022-12-23,2.297,2.297,-0.4334633723450221
2022-12-26,2.29,2.29,-0.30474531998259113
2022-12-27,2.318,2.318,1.2227074235807933
2022-12-28,2.324,2.324,0.2588438308886776
2022-12-29,2.295,2.295,-1.2478485370051584
2022-12-30,2.309,2.309,0.6100217864923874
2023-01-03,2.322,2.322,0.5630142919012426
2023-01-04,2.343,2.343,0.9043927648578753
2023-01-05,2.348,2.348,0.21340162185232714
2023-01-06,2.343,2.343,-0.2129471890971013
2023-01-09,2.345,2.345,0.08536064874093974
2023-01-10,2.329,2.329,-0.6823027718550145
2023-01-11,2.351,2.351,0.9446114212108059
2023-01-12,2.338,2.338,-0.5529561888558021
2023-01-13,2.353,2.353,0.6415739948674171
2023-01-16,2.372,2.372,0.8074798130046634
2023-01-17,2.364,2.364,-0.3372681281618939
2023-01-18,2.367,2.367,0.12690355329949554
2023-01-19,2.373,2.373,0.25348542458809575
2023-01-20,2.401,2.401,1.1799410029498247
2023-01-30,2.385,2.385,-0.6663890045814247
2023-01-31,2.393,2.393,0.33542976939202607
2023-02-01,2.397,2.397,0.16715419974926427
2023-02-02,2.401,2.401,0.16687526074259385
2023-02-03,2.383,2.383,-0.7496876301540945
2023-02-06,2.368,2.368,-0.6294586655476331
2023-02-07,2.379,2.379,0.46452702702703963
2023-02-08,2.372,2.372,-0.2942412778478398
2023-02-09,2.381,2.381,0.3794266441821126
2023-02-10,2.384,2.384,0.12599748005039935
2023-02-13,2.389,2.389,0.2097315436241587
2023-02-14,2.406,2.406,0.7115948095437474
2023-02-15,2.393,2.393,-0.54031587697424
2023-02-16,2.378,2.378,-0.626828249059741
2023-02-17,2.383,2.383,0.2102607232968845
2023-02-20,2.427,2.427,1.846412085606386
2023-02-21,2.463,2.463,1.4833127317676054
2023-02-22,2.467,2.467,0.16240357287859997
2023-02-23,2.478,2.478,0.44588569112282705
2023-02-24,2.47,2.47,-0.32284100080710587
2023-02-27,2.475,2.475,0.2024291497975561
2023-02-28,2.482,2.482,0.28282828282828465
2023-03-01,2.499,2.499,0.6849315068493178
2023-03-02,2.513,2.513,0.5602240896358524
2023-03-03,2.528,2.528,0.5968961400716344
2023-03-06,2.514,2.514,-0.5537974683544444
2023-03-07,2.507,2.507,-0.27844073190134155
2023-03-08,2.505,2.505,-0.07977662544875752
2023-03-09,2.501,2.501,-0.1596806387225591
2023-03-10,2.461,2.461,-1.5993602558976416
2023-03-13,2.494,2.494,1.3409183258838109
2023-03-14,2.479,2.479,-0.6014434643143551
2023-03-15,2.503,2.503,0.9681323114159035
2023-03-16,2.482,2.482,-0.8389932081502183
2023-03-17,2.501,2.501,0.7655116841256859
2023-03-20,2.488,2.488,-0.5197920831667258
2023-03-21,2.48,2.48,-0.3215434083601254
2023-03-22,2.494,2.494,0.5645161290322775
2023-03-23,2.496,2.496,0.0801924619085792
2023-03-24,2.478,2.478,-0.7211538461538325
2023-03-27,2.457,2.457,-0.8474576271186529
2023-03-28,2.462,2.462,0.20350020350021758
2023-03-29,2.46,2.46,-0.08123476848092004
2023-03-30,2.471,2.471,0.44715447154473065
2023-03-31,2.478,2.478,0.28328611898016387
2023-04-03,2.499,2.499,0.8474576271186418
2023-04-04,2.512,2.512,0.5202080832332978
2023-04-06,2.495,2.495,-0.6767515923566836
2023-04-07,2.496,2.496,0.04008016032064354
2023-04-10,2.493,2.493,-0.12019230769231282
2023-04-11,2.516,2.516,0.922583233052543
2023-04-12,2.55,2.55,1.3513513513513375
2023-04-13,2.557,2.557,0.2745098039215632
2023-04-14,2.549,2.549,-0.3128666405944447
2023-04-17,2.583,2.583,1.3338564142801212
2023-04-18,2.602,2.602,0.7355787843592587
2023-04-19,2.597,2.597,-0.19215987701767245
2023-04-20,2.593,2.593,-0.15402387370042625
2023-04-21,2.576,2.576,-0.6556112610875409
2023-04-24,2.571,2.571,-0.19409937888198447
2023-04-25,2.593,2.593,0.8556981719175294
2023-04-26,2.599,2.599,0.23139220979562225
2023-04-27,2.607,2.607,0.30781069642169534
2023-04-28,2.643,2.643,1.380897583429208
2023-05-04,2.714,2.714,2.686341278849791
2023-05-05,2.742,2.742,1.0316875460574915
2023-05-08,2.833,2.833,3.3187454412837436
2023-05-09,2.795,2.795,-1.3413342746205537
2023-05-10,2.727,2.727,-2.4329159212880147
2023-05-11,2.72,2.72,-0.25669233590024376
2023-05-12,2.707,2.707,-0.47794117647059764
2023-05-15,2.7,2.7,-0.2585888437384387
2023-05-16,2.68,2.68,-0.7407407407407418
2023-05-17,2.667,2.667,-0.48507462686568914
2023-05-18,2.695,2.695,1.049868766404205
2023-05-19,2.652,2.652,-1.595547309833012
2023-05-22,2.642,2.642,-0.37707390648568095
2023-05-23,2.604,2.604,-1.4383043149129415
2023-05-24,2.562,2.562,-1.6129032258064613
2023-05-25,2.547,2.547,-0.5854800936768045
2023-05-26,2.575,2.575,1.0993325480957994
2023-05-29,2.606,2.606,1.203883495145619
2023-05-30,2.605,2.605,-0.038372985418266836
2023-05-31,2.572,2.572,-1.2667946257197693
2023-06-01,2.569,2.569,-0.1166407465007846
2023-06-02,2.568,2.568,-0.03892565200466214
2023-06-05,2.586,2.586,0.7009345794392496
2023-06-06,2.576,2.576,-0.3866976024748614
2023-06-07,2.607,2.607,1.203416149068337
2023-06-08,2.644,2.644,1.4192558496356034
2023-06-09,2.625,2.625,-0.7186081694402491
2023-06-12,2.594,2.594,-1.1809523809523825
2023-06-13,2.587,2.587,-0.2698535080955966
2023-06-14,2.569,2.569,-0.6957866254348799
2023-06-15,2.578,2.578,0.35033086804203695
2023-06-16,2.573,2.573,-0.19394879751745142
2023-06-19,2.536,2.536,-1.4380101049358718
2023-06-20,2.509,2.509,-1.0646687697160928
2023-06-21,2.492,2.492,-0.6775607811877249
2023-06-26,2.446,2.446,-1.8459069020866692
2023-06-27,2.499,2.499,2.1668029435813585
2023-06-28,2.519,2.519,0.800320128051224
2023-06-29,2.517,2.517,-0.07939658594681154
2023-06-30,2.522,2.522,0.19864918553833544
2023-07-03,2.557,2.557,1.3877874702616921
2023-07-04,2.534,2.534,-0.899491591709034
2023-07-05,2.532,2.532,-0.0789265982636067
2023-07-06,2.525,2.525,-0.2764612954186507
2023-07-07,2.543,2.543,0.7128712871287135
2023-07-10,2.55,2.55,0.2752654345261396
2023-07-11,2.548,2.548,-0.07843137254901489
2023-07-12,2.53,2.53,-0.7064364207221452
2023-07-13,2.561,2.561,1.2252964426877622
2023-07-14,2.576,2.576,0.5857087075361145
2023-07-17,2.559,2.559,-0.6599378881987583
2023-07-18,2.552,2.552,-0.273544353263
2023-07-19,2.571,2.571,0.7445141065830718
2023-07-20,2.562,2.562,-0.3500583430571913
2023-07-21,2.562,2.562,0.0
2023-07-24,2.56,2.56,-0.07806401249023098
2023-07-25,2.602,2.602,1.6406249999999956
2023-07-26,2.609,2.609,0.26902382782474366
2023-07-27,2.618,2.618,0.3449597546952843
2023-07-28,2.67,2.67,1.9862490450725856
2023-07-31,2.69,2.69,0.7490636704119868
2023-08-01,2.694,2.694,0.14869888475836923
2023-08-02,2.655,2.655,-1.4476614699331924
2023-08-03,2.671,2.671,0.6026365348399176
2023-08-04,2.66,2.66,-0.41183077499062914
2023-08-07,2.632,2.632,-1.0526315789473717
2023-08-08,2.627,2.627,-0.18996960486323822
2023-08-09,2.617,2.617,-0.3806623524933328
2023-08-10,2.638,2.638,0.8024455483377935
2023-08-11,2.596,2.596,-1.5921152388172821
2023-08-14,2.59,2.59,-0.23112480739599928
2023-08-15,2.614,2.614,0.9266409266409203
2023-08-16,2.613,2.613,-0.038255547054322214
2023-08-17,2.612,2.612,-0.03827018752391442
2023-08-18,2.613,2.613,0.03828483920367276
2023-08-21,2.588,2.588,-0.9567546880979716
2023-08-22,2.606,2.606,0.6955177743431129
2023-08-23,2.612,2.612,0.23023791250960102
2023-08-24,2.596,2.596,-0.6125574272588086
2023-08-25,2.599,2.599,0.11556240369801074
2023-08-28,2.641,2.641,1.6160061562139116
2023-08-29,2.641,2.641,0.0
2023-08-30,2.611,2.611,-1.135933358576291
2023-08-31,2.578,2.578,-1.263883569513613
2023-09-01,2.606,2.606,1.0861132660977546
2023-09-04,2.652,2.652,1.76515732924023
2023-09-05,2.628,2.628,-0.9049773755656076
2023-09-06,2.625,2.625,-0.11415525114155667
2023-09-07,2.617,2.617,-0.3047619047619077
2023-09-08,2.598,2.598,-0.7260221627818142
2023-09-11,2.619,2.619,0.8083140877598316
2023-09-12,2.614,2.614,-0.1909125620465968
2023-09-13,2.629,2.629,0.5738332058148554
2023-09-14,2.667,2.667,1.445416508177999
2023-09-15,2.669,2.669,0.07499062617173369
2023-09-18,2.671,2.671,0.07493443237167607
2023-09-19,2.692,2.692,0.7862223886185182
2023-09-20,2.7,2.7,0.2971768202080227
2023-09-21,2.681,2.681,-0.7037037037037064
2023-09-22,2.695,2.695,0.5221932114882533
2023-09-25,2.689,2.689,-0.22263450834878462
2023-09-26,2.676,2.676,-0.4834510970621042
2023-09-27,2.665,2.665,-0.4110612855007467
2023-09-28,2.661,2.661,-0.15009380863039157
2023-10-09,2.656,2.656,-0.18789928598270667
2023-10-10,2.627,2.627,-1.091867469879526
2023-10-11,2.618,2.618,-0.3425961172439984
2023-10-12,2.644,2.644,0.9931245225363039
2023-10-13,2.64,2.64,-0.1512859304084735
2023-10-16,2.659,2.659,0.7196969696969591
2023-10-17,2.655,2.655,-0.150432493418573
2023-10-18,2.632,2.632,-0.866290018832383
2023-10-19,2.587,2.587,-1.7097264437689996
2023-10-20,2.564,2.564,-0.8890606880556651
2023-10-23,2.534,2.534,-1.1700468018720822
2023-10-24,2.555,2.555,0.8287292817679592
2023-10-25,2.578,2.578,0.9001956947162215
2023-10-26,2.588,2.588,0.38789759503492505
2023-10-27,2.599,2.599,0.4250386398763517
2023-10-30,2.558,2.558,-1.5775298191612275
2023-10-31,2.566,2.566,0.31274433150898506
2023-11-01,2.563,2.563,-0.11691348402180779
2023-11-02,2.572,2.572,0.351150994927818
2023-11-03,2.558,2.558,-0.5443234836703059
2023-11-06,2.539,2.539,-0.7427677873338423
2023-11-07,2.541,2.541,0.07877116975185672
2023-11-08,2.54,2.54,-0.0393545848091259
2023-11-09,2.565,2.565,0.9842519685039353
2023-11-10,2.557,2.557,-0.3118908382066299
2023-11-13,2.562,2.562,0.19554165037152238
2023-11-14,2.552,2.552,-0.3903200624511993
2023-11-15,2.561,2.561,0.3526645768024972
2023-11-16,2.563,2.563,0.07809449433815452
2023-11-17,2.553,2.553,-0.3901677721420249
2023-11-20,2.557,2.557,0.15667841754798406
2023-11-21,2.573,2.573,0.6257332811888894
2023-11-22,2.565,2.565,-0.3109211037699233
2023-11-23,2.585,2.585,0.7797270955165692
2023-11-24,2.593,2.593,0.3094777562862694
2023-11-27,2.584,2.584,-0.34708831469340007
2023-11-28,2.578,2.578,-0.23219814241487446
2023-11-29,2.565,2.565,-0.5042668735453781
2023-11-30,2.574,2.574,0.35087719298245723
2023-12-01,2.586,2.586,0.4662004662004726
2023-12-04,2.592,2.592,0.23201856148493682
2023-12-05,2.556,2.556,-1.388888888888895
2023-12-06,2.553,2.553,-0.11737089201878659
2023-12-07,2.554,2.554,0.039169604386990464
2023-12-08,2.555,2.555,0.03915426781520015
2023-12-11,2.581,2.581,1.0176125244618417
2023-12-12,2.593,2.593,0.46493607129018955
2023-12-13,2.571,2.571,-0.8484381025838705
2023-12-14,2.579,2.579,0.3111629716063824
2023-12-15,2.562,2.562,-0.6591702210159145
2023-12-18,2.559,2.559,-0.11709601873535203
2023-12-19,2.551,2.551,-0.3126221180148492
2023-12-20,2.549,2.549,-0.07840062720502194
2023-12-21,2.529,2.529,-0.7846214201647661
2023-12-22,2.525,2.525,-0.15816528272044605
2023-12-25,2.523,2.523,-0.07920792079206818
2023-12-26,2.506,2.506,-0.6738010305192388
2023-12-27,2.518,2.518,0.47885075818037137
2023-12-28,2.5,2.5,-0.714853057982523
2023-12-29,2.515,2.515,0.6000000000000005
2024-01-02,2.554,2.554,1.5506958250496972
2024-01-03,2.594,2.594,1.566170712607673
2024-01-04,2.618,2.618,0.9252120277563725
2024-01-05,2.628,2.628,0.381970970206269
2024-01-08,2.599,2.599,-1.1035007610350034
2024-01-09,2.622,2.622,0.8849557522123686
2024-01-10,2.607,2.607,-0.5720823798626928
2024-01-11,2.579,2.579,-1.0740314537782902
2024-01-12,2.594,2.594,0.5816207832493037
2024-01-15,2.608,2.608,0.5397070161912154
2024-01-16,2.618,2.618,0.3834355828220781
2024-01-17,2.581,2.581,-1.413292589763171
2024-01-18,2.556,2.556,-0.968616815187906
2024-01-19,2.534,2.534,-0.8607198748043943
2024-01-22,2.465,2.465,-2.722967640094709
2024-01-23,2.483,2.483,0.7302231237322543
2024-01-24,2.551,2.551,2.7386226339106035
2024-01-25,2.623,2.623,2.8224225793806346
2024-01-26,2.664,2.664,1.5630956919557626
2024-01-29,2.679,2.679,0.5630630630630407
2024-01-30,2.645,2.645,-1.2691302724897269
2024-01-31,2.649,2.649,0.15122873345936316
2024-02-01,2.619,2.619,-1.1325028312570762
2024-02-02,2.627,2.627,0.3054600992745238
2024-02-05,2.633,2.633,0.22839741149600634
2024-02-06,2.675,2.675,1.5951386251424227
2024-02-07,2.719,2.719,1.6448598130841097
2024-02-08,2.72,2.72,0.0367782272894468
2024-02-19,2.79,2.79,2.5735294117646967
2024-02-20,2.834,2.834,1.5770609318996431
2024-02-21,2.827,2.827,-0.24700070571630484
2024-02-22,2.885,2.885,2.051644853201262
2024-02-23,2.867,2.867,-0.6239168110918514
2024-02-26,2.798,2.798,-2.4066968957098034
2024-02-27,2.815,2.815,0.6075768406004212
2024-02-28,2.809,2.809,-0.2131438721136636
2024-02-29,2.827,2.827,0.6407974368102476
2024-03-01,2.822,2.822,-0.17686593562079578
2024-03-04,2.849,2.849,0.9567682494684648
2024-03-05,2.87,2.87,0.7371007371007376
2024-03-06,2.868,2.868,-0.06968641114983853
2024-03-07,2.887,2.887,0.662482566248257
2024-03-08,2.904,2.904,0.588846553515765
2024-03-11,2.872,2.872,-1.1019283746556474
2024-03-12,2.801,2.801,-2.4721448467966534
2024-03-13,2.783,2.783,-0.6426276329882241
2024-03-14,2.792,2.792,0.3233920229967602
2024-03-15,2.786,2.786,-0.21489971346704273
2024-03-18,2.769,2.769,-0.6101938262742301
2024-03-19,2.767,2.767,-0.07222824124233362
2024-03-20,2.773,2.773,0.21684134441635194
2024-03-21,2.777,2.777,0.14424810674360522
2024-03-22,2.783,2.783,0.2160604969391411
2024-03-25,2.793,2.793,0.35932446999642487
2024-03-26,2.776,2.776,-0.6086645184389616
2024-03-27,2.775,2.775,-0.036023054755041084
2024-03-28,2.767,2.767,-0.28828828828828534
2024-03-29,2.787,2.787,0.7228044813877954
2024-04-01,2.782,2.782,-0.17940437746680749
2024-04-02,2.803,2.803,0.7548526240114928
2024-04-03,2.84,2.84,1.320014270424541
2024-04-08,2.85,2.85,0.35211267605634866
2024-04-09,2.835,2.835,-0.5263157894736858
2024-04-10,2.846,2.846,0.38800705467372243
2024-04-11,2.886,2.886,1.4054813773717534
2024-04-12,2.879,2.879,-0.2425502425502435
2024-04-15,2.945,2.945,2.292462660646044
2024-04-16,2.959,2.959,0.4753820033955858
2024-04-17,2.992,2.992,1.1152416356877248
2024-04-18,3.001,3.001,0.30080213903742603
2024-04-19,3.023,3.023,0.733088970343232
2024-04-22,2.936,2.936,-2.877935825339073
2024-04-23,2.888,2.888,-1.6348773841961872
2024-04-24,2.889,2.889,0.034626038781149227
2024-04-25,2.908,2.908,0.657667012807206
2024-04-26,2.879,2.879,-0.9972489683631292
2024-04-29,2.845,2.845,-1.180965613060081
2024-04-30,2.858,2.858,0.4569420035149374
2024-05-06,2.875,2.875,0.5948215535339418
2024-05-07,2.875,2.875,0.0
2024-05-08,2.897,2.897,0.7652173913043514
2024-05-09,2.908,2.908,0.37970314118054294
2024-05-10,2.927,2.927,0.6533700137551612
2024-05-13,2.931,2.931,0.13665869490946392
2024-05-14,2.918,2.918,-0.4435346298191756
2024-05-15,2.917,2.917,-0.034270047978079976
2024-05-16,2.924,2.924,0.23997257456291887
2024-05-17,2.945,2.945,0.7181942544459696
2024-05-20,2.984,2.984,1.3242784380305572
2024-05-21,3.0,3.0,0.536193029490617
2024-05-22,3.0,3.0,0.0
2024-05-23,2.958,2.958,-1.3999999999999901
2024-05-24,2.953,2.953,-0.16903313049358992
2024-05-27,3.01,3.01,1.9302404334575085
2024-05-28,3.001,3.001,-0.2990033222591282
2024-05-29,3.004,3.004,0.09996667777407708
2024-05-30,2.981,2.981,-0.7656458055925519
2024-05-31,2.988,2.988,0.2348205300234829
2024-06-03,2.957,2.957,-1.0374832663989308
2024-06-04,2.97,2.97,0.4396347649645138
2024-06-05,2.932,2.932,-1.2794612794612914
2024-06-06,2.949,2.949,0.5798090040927573
2024-06-07,2.976,2.976,0.9155645981688831
2024-06-11,2.92,2.92,-1.8817204301075252
2024-06-12,2.961,2.961,1.4041095890410915
2024-06-13,2.933,2.933,-0.9456264775413725
2024-06-14,2.938,2.938,0.17047391749063223
2024-06-17,2.896,2.896,-1.4295439074200278
2024-06-18,2.903,2.903,0.24171270718231774
2024-06-19,2.903,2.903,0.0
2024-06-20,2.909,2.909,0.20668274199102665
2024-06-21,2.914,2.914,0.17188037126161237
2024-06-24,2.872,2.872,-1.441317776252582
2024-06-25,2.885,2.885,0.4526462395543218
2024-06-26,2.893,2.893,0.2772963604852796
2024-06-27,2.893,2.893,0.0
2024-06-28,2.916,2.916,0.7950224680262741
2024-07-01,2.984,2.984,2.3319615912208436
2024-07-02,2.986,2.986,0.06702412868633267
2024-07-03,2.964,2.964,-0.7367716008037539
2024-07-04,2.95,2.95,-0.47233468286098645
2024-07-05,2.933,2.933,-0.5762711864406911
2024-07-08,2.922,2.922,-0.3750426184793598
2024-07-09,2.948,2.948,0.8898015058179221
2024-07-10,2.882,2.882,-2.238805970149249
2024-07-11,2.877,2.877,-0.1734906315059126
2024-07-12,2.873,2.873,-0.13903371567604017
2024-07-15,2.91,2.91,1.2878524190741425
2024-07-16,2.897,2.897,-0.44673539518901295
2024-07-17,2.884,2.884,-0.4487400759406235
2024-07-18,2.888,2.888,0.1386962552011095
2024-07-19,2.865,2.865,-0.7963988919667431
2024-07-22,2.833,2.833,-1.1169284467713814
2024-07-23,2.812,2.812,-0.7412636780797843
2024-07-24,2.814,2.814,0.07112375533429027
2024-07-25,2.8,2.8,-0.4975124378109541
2024-07-26,2.782,2.782,-0.6428571428571339
2024-07-29,2.794,2.794,0.43134435657801173
2024-07-30,2.779,2.779,-0.5368647100930657
2024-07-31,2.808,2.808,1.0435408420295111
2024-08-01,2.811,2.811,0.10683760683760646
2024-08-02,2.803,2.803,-0.28459622909996485
2024-08-05,2.762,2.762,-1.4627185158758493
2024-08-06,2.751,2.751,-0.3982621288921129
2024-08-07,2.763,2.763,0.4362050163576825
2024-08-08,2.774,2.774,0.3981179876945351
2024-08-09,2.763,2.763,-0.3965392934390799
2024-08-12,2.783,2.783,0.7238508867173366
2024-08-13,2.784,2.784,0.03593244699964249
2024-08-14,2.777,2.777,-0.25143678160918226
2024-08-15,2.806,2.806,1.0442924018725153
2024-08-16,2.811,2.811,0.1781895937277289
2024-08-19,2.841,2.841,1.067235859124871
2024-08-20,2.806,2.806,-1.2319605772615372
2024-08-21,2.773,2.773,-1.1760513186029886
2024-08-22,2.776,2.776,0.10818608005769281
2024-08-23,2.774,2.774,-0.07204610951008217
2024-08-26,2.758,2.758,-0.5767844268204758
2024-08-27,2.765,2.765,0.2538071065989911
2024-08-28,2.752,2.752,-0.4701627486437765
2024-08-29,2.696,2.696,-2.034883720930214
2024-08-30,2.705,2.705,0.3338278931750649
2024-09-02,2.72,2.72,0.5545286506469571
2024-09-03,2.693,2.693,-0.992647058823537
2024-09-04,2.692,2.692,-0.03713330857778585
2024-09-05,2.694,2.694,0.07429420505200568
2024-09-06,2.67,2.67,-0.8908685968819552
2024-09-09,2.615,2.615,-2.0599250936329527
2024-09-10,2.622,2.622,0.26768642447416724
2024-09-11,2.558,2.558,-2.440884820747524
2024-09-12,2.568,2.568,0.390930414386248
2024-09-13,2.56,2.56,-0.31152647975077885
2024-09-18,2.593,2.593,1.2890625000000044
2024-09-19,2.588,2.588,-0.19282684149632967
2024-09-20,2.589,2.589,0.03863987635239763
2024-09-23,2.62,2.62,1.1973735032831279
2024-09-24,2.754,2.754,5.1145038167938806
2024-09-25,2.8,2.8,1.6702977487291104
2024-09-26,2.904,2.904,3.7142857142857144
2024-09-27,2.893,2.893,-0.37878787878787845
2024-09-30,3.114,3.114,7.639128931904593
2024-10-08,3.119,3.119,0.16056518946694354
2024-10-09,2.863,2.863,-8.207758897082407
2024-10-10,2.985,2.985,4.261264407963661
2024-10-11,2.941,2.941,-1.4740368509212787
2024-10-14,3.027,3.027,2.9241754505270334
2024-10-15,2.946,2.946,-2.6759167492566904
2024-10-16,2.994,2.994,1.6293279022403295
2024-10-17,2.946,2.946,-1.603206412825653
2024-10-18,2.967,2.967,0.7128309572301372
2024-10-21,2.947,2.947,-0.6740815638692332
2024-10-22,2.959,2.959,0.4071937563624006
2024-10-23,2.96,2.96,0.033795201081443516
2024-10-24,2.941,2.941,-0.6418918918918992
2024-10-25,2.939,2.939,-0.06800408024481008
2024-10-28,2.96,2.96,0.7145287512759335
2024-10-29,2.915,2.915,-1.520270270270263
2024-10-30,2.88,2.88,-1.2006861063464935
2024-10-31,2.861,2.861,-0.6597222222222143
2024-11-01,2.89,2.89,1.0136315973435783
2024-11-04,2.904,2.904,0.48442906574392985
2024-11-05,2.933,2.933,0.9986225895316725
2024-11-06,2.905,2.905,-0.9546539379474916
2024-11-07,2.974,2.974,2.375215146299503
2024-11-08,2.941,2.941,-1.109616677874925
2024-11-11,2.908,2.908,-1.122067324039444
2024-11-12,2.888,2.888,-0.687757909215958
2024-11-13,2.908,2.908,0.6925207756232732
2024-11-14,2.882,2.882,-0.8940852819807388
2024-11-15,2.885,2.885,0.1040943789035298
2024-11-18,2.933,2.933,1.663778162911611
2024-11-19,2.924,2.924,-0.3068530514831247
2024-11-20,2.93,2.93,0.20519835841315004
2024-11-21,2.933,2.933,0.10238907849828838
2024-11-22,2.857,2.857,-2.591203545857468
2024-11-25,2.863,2.863,0.21001050052502634
2024-11-26,2.874,2.874,0.3842123646524698
2024-11-27,2.904,2.904,1.0438413361169019
2024-11-28,2.901,2.901,-0.10330578512397492
2024-11-29,2.916,2.916,0.5170630816959676
2024-12-02,2.924,2.924,0.274348422496562
2024-12-03,2.956,2.956,1.0943912448700521
2024-12-04,2.981,2.981,0.8457374830852515
2024-12-05,2.974,2.974,-0.2348205300234718
2024-12-06,3.017,3.017,1.4458641560188168
2024-12-09,3.025,3.025,0.26516407026848654
2024-12-10,3.021,3.021,-0.13223140495868257
2024-12-11,3.034,3.034,0.4303210857331985
2024-12-12,3.04,3.04,0.19775873434411118
2024-12-13,3.003,3.003,-1.2171052631578916
2024-12-16,3.032,3.032,0.9657009657009663
2024-12-17,3.027,3.027,-0.16490765171504052
2024-12-18,3.047,3.047,0.6607201850016509
2024-12-19,3.007,3.007,-1.312766655726949
2024-12-20,2.979,2.979,-0.9311606252078497
2024-12-23,2.993,2.993,0.46995636119502304
2024-12-24,3.026,3.026,1.1025726695623073
2024-12-25,3.041,3.041,0.4957038995373475
2024-12-26,3.031,3.031,-0.3288391976323468
2024-12-27,3.03,3.03,-0.032992411745313976
2024-12-30,3.077,3.077,1.55115511551156
2024-12-31,3.066,3.066,-0.3574910627234362
2025-01-02,2.994,2.994,-2.348336594911926
2025-01-03,2.963,2.963,-1.0354041416165694
2025-01-06,2.963,2.963,0.0
2025-01-07,2.949,2.949,-0.47249409382383867
2025-01-08,2.943,2.943,-0.20345879959307034
2025-01-09,2.899,2.899,-1.4950730547060864
2025-01-10,2.866,2.866,-1.13832355984822
2025-01-13,2.839,2.839,-0.9420795533845117
2025-01-14,2.889,2.889,1.7611835153222843
2025-01-15,2.898,2.898,0.31152647975078995
2025-01-16,2.928,2.928,1.0351966873705987
2025-01-17,2.911,2.911,-0.5806010928961713
2025-01-20,2.9,2.9,-0.37787701820680697
2025-01-21,2.884,2.884,-0.5517241379310311
2025-01-22,2.86,2.86,-0.832177531206657
2025-01-23,2.909,2.909,1.7132867132867213
2025-01-24,2.924,2.924,0.5156411137848149
2025-01-27,2.962,2.962,1.29958960328318
2025-02-05,2.9,2.9,-2.0931802835921776
2025-02-06,2.898,2.898,-0.06896551724137057
2025-02-07,2.911,2.911,0.448585231193932
2025-02-10,2.904,2.904,-0.24046719340433675
2025-02-11,2.917,2.917,0.44765840220384323
2025-02-12,2.919,2.919,0.06856359273226253
2025-02-13,2.922,2.922,0.10277492291881352
2025-02-14,2.925,2.925,0.10266940451744144
2025-02-17,2.912,2.912,-0.4444444444444362
2025-02-18,2.91,2.91,-0.06868131868130734
2025-02-19,2.892,2.892,-0.6185567010309367
2025-02-20,2.879,2.879,-0.4495159059474396
2025-02-21,2.857,2.857,-0.7641542202153406
2025-02-24,2.853,2.853,-0.14000700035001756
2025-02-25,2.832,2.832,-0.7360672975815108
2025-02-26,2.858,2.858,0.918079096045199
2025-02-27,2.885,2.885,0.9447165850244854
2025-02-28,2.867,2.867,-0.6239168110918514
2025-03-03,2.854,2.854,-0.4534356470177858
2025-03-04,2.853,2.853,-0.03503854239663706
2025-03-05,2.861,2.861,0.2804065895548602
2025-03-06,2.855,2.855,-0.20971688220902118
2025-03-07,2.854,2.854,-0.03502626970227629
2025-03-10,2.858,2.858,0.14015416958654825
2025-03-11,2.879,2.879,0.7347795661301504
2025-03-12,2.875,2.875,-0.13893713094824678
2025-03-13,2.903,2.903,0.9739130434782695
2025-03-14,2.925,2.925,0.757836720633831
2025-03-17,2.934,2.934,0.3076923076923199
2025-03-18,2.922,2.922,-0.4089979550102263
2025-03-19,2.923,2.923,0.034223134839139746
2025-03-20,2.918,2.918,-0.17105713308244175
2025-03-21,2.912,2.912,-0.20562028786841324
2025-03-24,2.935,2.935,0.7898351648351731
2025-03-25,2.957,2.957,0.7495741056217975
2025-03-26,2.958,2.958,0.033818058843437804
2025-03-27,2.956,2.956,-0.06761325219744041
2025-03-28,2.939,2.939,-0.5751014884979644
2025-03-31,2.93,2.93,-0.3062266076896858
2025-04-01,2.954,2.954,0.8191126279863514
2025-04-02,2.969,2.969,0.5077860528097444
2025-04-03,2.974,2.974,0.16840687100034835
2025-04-07,2.795,2.795,-6.018829858776065
2025-04-08,2.86,2.86,2.3255813953488413
2025-04-09,2.864,2.864,0.13986013986013734
2025-04-10,2.895,2.895,1.08240223463687
2025-04-11,2.88,2.88,-0.5181347150259086
2025-04-14,2.908,2.908,0.9722222222222188
2025-04-15,2.923,2.923,0.5158184319119741
2025-04-16,2.939,2.939,0.5473828258638402
2025-04-17,2.932,2.932,-0.23817625042531487
2025-04-18,2.934,2.934,0.06821282401092699
2025-04-21,2.924,2.924,-0.3408316291751978
2025-04-22,2.934,2.934,0.3419972640218871
2025-04-23,2.918,2.918,-0.5453306066803054
2025-04-24,2.931,2.931,0.44551062371487316
2025-04-25,2.928,2.928,-0.10235414534288667
2025-04-28,2.931,2.931,0.10245901639345245
2025-04-29,2.919,2.919,-0.4094165813715467
2025-04-30,2.895,2.895,-0.8221993833504637
2025-05-06,2.887,2.887,-0.2763385146804853
2025-05-07,2.906,2.906,0.6581226186352707
2025-05-08,2.91,2.91,0.13764624913970014
2025-05-09,2.927,2.927,0.5841924398625409
2025-05-12,2.94,2.94,0.44414075845575773
2025-05-13,2.962,2.962,0.7482993197279075
2025-05-14,2.99,2.99,0.9453072248480687
2025-05-15,2.981,2.981,-0.3010033444816207
2025-05-16,2.963,2.963,-0.6038242200603783
2025-05-19,2.974,2.974,0.3712453594330034
2025-05-20,2.978,2.978,0.13449899125757003
2025-05-21,3.007,3.007,0.9738079247817222
2025-05-22,3.008,3.008,0.03325573661456804
2025-05-23,2.98,2.98,-0.9308510638297851
2025-05-26,2.964,2.964,-0.5369127516778538
2025-05-27,2.952,2.952,-0.4048582995951455
2025-05-28,2.957,2.957,0.16937669376693165
2025-05-29,2.965,2.965,0.2705444707473692
2025-05-30,2.979,2.979,0.47217537942665366
2025-06-03,2.991,2.991,0.40281973816715944
2025-06-04,2.999,2.999,0.26746907388832675
2025-06-05,2.981,2.981,-0.6002000666889051
2025-06-06,2.981,2.981,0.0
2025-06-09,2.985,2.985,0.13418316001341246
2025-06-10,2.99,2.99,0.16750418760469454
2025-06-11,2.999,2.999,0.3010033444815985
2025-06-12,2.997,2.997,-0.06668889629877217
2025-06-13,2.982,2.982,-0.5005005005004892
2025-06-16,2.988,2.988,0.2012072434607548
2025-06-17,2.991,2.991,0.10040160642570406
2025-06-18,2.995,2.995,0.13373453694416337
2025-06-19,2.981,2.981,-0.4674457429048484
2025-06-20,2.997,2.997,0.536732640053672
2025-06-23,3.01,3.01,0.4337671004337684
2025-06-24,3.014,3.014,0.1328903654485014
2025-06-25,3.03,3.03,0.5308560053085554
2025-06-26,3.037,3.037,0.23102310231022383
2025-06-27,3.011,3.011,-0.8561080013170796
2025-06-30,3.009,3.009,-0.06642311524410749
2025-07-01,3.032,3.032,0.764373546028585
2025-07-02,3.056,3.056,0.79155672823219
2025-07-03,3.055,3.055,-0.03272251308900076
2025-07-04,3.079,3.079,0.7855973813420736
2025-07-07,3.092,3.092,0.4222150048717177
2025-07-08,3.086,3.086,-0.19404915912031306
2025-07-09,3.102,3.102,0.5184705119896327
2025-07-10,3.128,3.128,0.8381689232753065
2025-07-11,3.107,3.107,-0.6713554987212267
2025-07-14,3.129,3.129,0.7080785323463124
2025-07-15,3.09,3.09,-1.2464046021093078
2025-07-16,3.078,3.078,-0.3883495145631022
2025-07-17,3.069,3.069,-0.29239766081871066
2025-07-18,3.083,3.083,0.4561746497230512
2025-07-21,3.104,3.104,0.6811547194291334
2025-07-22,3.157,3.157,1.7074742268041287
2025-07-23,3.154,3.154,-0.0950269242952162
2025-07-24,3.164,3.164,0.3170577045022327
2025-07-25,3.15,3.15,-0.4424778761062065
2025-07-28,3.117,3.117,-1.0476190476190417
2025-07-29,3.108,3.108,-0.2887391722810384
2025-07-30,3.119,3.119,0.35392535392535507
2025-07-31,3.068,3.068,-1.635139467778135
2025-08-01,3.065,3.065,-0.09778357235984414
2025-08-04,3.079,3.079,0.4567699836868
2025-08-05,3.111,3.111,1.03929847353037
2025-08-06,3.124,3.124,0.41787206685952594
2025-08-07,3.136,3.136,0.3841229193341844
2025-08-08,3.135,3.135,-0.03188775510205577
2025-08-11,3.117,3.117,-0.574162679425827
2025-08-12,3.135,3.135,0.5774783445620768
2025-08-13,3.115,3.115,-0.6379585326953596
2025-08-14,3.094,3.094,-0.6741573033707926
2025-08-15,3.088,3.088,-0.19392372333547625
2025-08-18,3.08,3.08,-0.2590673575129543
2025-08-19,3.074,3.074,-0.1948051948052032
2025-08-20,3.097,3.097,0.7482108002602406
2025-08-21,3.113,3.113,0.5166289958023818
2025-08-22,3.11,3.11,-0.09637006103437873
2025-08-25,3.13,3.13,0.6430868167202508
2025-08-26,3.118,3.118,-0.3833865814696469
2025-08-27,3.065,3.065,-1.699807568954459
2025-08-28,3.062,3.062,-0.09787928221860476
2025-08-29,3.046,3.046,-0.5225342913128705
2025-09-01,3.028,3.028,-0.5909389363099038
2025-09-02,3.043,3.043,0.49537648612947294
2025-09-03,3.01,3.01,-1.0844561288202548
2025-09-04,3.029,3.029,0.6312292358803928
2025-09-05,3.019,3.019,-0.3301419610432399
2025-09-08,3.025,3.025,0.19874130506789545
2025-09-09,3.027,3.027,0.06611570247934129
2025-09-10,3.026,3.026,-0.033036009250098086
2025-09-11,3.031,3.031,0.16523463317912324
2025-09-12,3.016,3.016,-0.4948861761794876
2025-09-15,2.999,2.999,-0.5636604774535758
2025-09-16,2.992,2.992,-0.2334111370456804
2025-09-17,3.006,3.006,0.4679144385026701
2025-09-18,2.953,2.953,-1.763140385894879
2025-09-19,2.97,2.97,0.5756857433119045
2025-09-22,2.944,2.944,-0.8754208754208848
2025-09-23,2.962,2.962,0.6114130434782705
2025-09-24,2.968,2.968,0.2025658338960179
2025-09-25,2.954,2.954,-0.4716981132075415
2025-09-26,2.955,2.955,0.03385240352065111
2025-09-29,2.95,2.95,-0.16920473773265332
2025-09-30,2.939,2.939,-0.3728813559322086
2025-10-09,2.96,2.96,0.7145287512759335
2025-10-10,2.993,2.993,1.114864864864873
2025-10-13,2.997,2.997,0.13364517206815307
2025-10-14,3.061,3.061,2.135468802135465
2025-10-15,3.064,3.064,0.09800718719372714
2025-10-16,3.096,3.096,1.0443864229765065
2025-10-17,3.086,3.086,-0.3229974160206761
2025-10-20,3.113,3.113,0.8749189889825093
2025-10-21,3.105,3.105,-0.25698682942498774
2025-10-22,3.11,3.11,0.16103059581320522
2025-10-23,3.135,3.135,0.8038585209003246
2025-10-24,3.116,3.116,-0.6060606060605989
2025-10-27,3.129,3.129,0.4172015404364515
2025-10-28,3.124,3.124,-0.15979546180887594
2025-10-29,3.106,3.106,-0.5761843790012877
2025-10-30,3.105,3.105,-0.03219575016097931
2025-10-31,3.097,3.097,-0.25764895330112614
2025-11-03,3.14,3.14,1.3884404262189287
2025-11-04,3.17,3.17,0.9554140127388422
2025-11-05,3.179,3.179,0.28391167192429734
2025-11-06,3.183,3.183,0.12582573136206143
2025-11-07,3.188,3.188,0.15708451146718705
2025-11-10,3.213,3.213,0.7841907151819205
2025-11-11,3.204,3.204,-0.2801120448179262
2025-11-12,3.217,3.217,0.4057428214731651
2025-11-13,3.218,3.218,0.031084861672359132
2025-11-14,3.205,3.205,-0.403977625854568
2025-11-17,3.186,3.186,-0.5928237129485203
2025-11-18,3.141,3.141,-1.412429378531066
2025-11-19,3.157,3.157,0.5093919134033786
2025-11-20,3.157,3.157,0.0
2025-11-21,3.112,3.112,-1.425403864428254
2025-11-24,3.084,3.084,-0.899742930591263
2025-11-25,3.1,3.1,0.5188067444876765
2025-11-26,3.083,3.083,-0.5483870967741944
2025-11-27,3.087,3.087,0.12974375608174604
2025-11-28,3.087,3.087,0.0
2025-12-01,3.102,3.102,0.4859086491739495
2025-12-02,3.106,3.106,0.12894906511928816
2025-12-03,3.098,3.098,-0.25756600128783447
2025-12-04,3.085,3.085,-0.4196255648805658
2025-12-05,3.083,3.083,-0.06482982171798213
2025-12-08,3.067,3.067,-0.5189750243269509
2025-12-09,3.041,3.041,-0.847733941962836
2025-12-10,3.028,3.028,-0.42749095692206085
2025-12-11,3.012,3.012,-0.5284015852047519
2025-12-12,2.999,2.999,-0.431606905710491
2025-12-15,3.025,3.025,0.8669556518839494
2025-12-16,2.997,2.997,-0.9256198347107447
2025-12-17,3.0,3.0,0.10010010010010895
2025-12-18,3.032,3.032,1.0666666666666602
2025-12-19,3.031,3.031,-0.03298153034300144
2025-12-22,3.016,3.016,-0.4948861761794876
2025-12-23,3.017,3.017,0.03315649867372539
2025-12-24,3.022,3.022,0.16572754391779299
2025-12-25,3.031,3.031,0.297816015883523
2025-12-26,3.044,3.044,0.42890135268887075
2025-12-29,3.042,3.042,-0.06570302233903647
2025-12-30,3.045,3.045,0.09861932938857176
2025-12-31,3.04,3.04,-0.16420361247947435
2026-01-05,3.037,3.037,-0.09868421052632304
2026-01-06,3.075,3.075,1.2512347711557625
2026-01-07,3.089,3.089,0.45528455284551406
2026-01-08,3.078,3.078,-0.35610229847847785
2026-01-09,3.091,3.091,0.42235217673816106
2026-01-12,3.088,3.088,-0.09705596894209467
2026-01-13,3.086,3.086,-0.06476683937824967
2026-01-14,3.056,3.056,-0.9721322099805474
2026-01-15,3.045,3.045,-0.35994764397906387
2026-01-16,3.02,3.02,-0.8210180623973717
2026-01-19,3.036,3.036,0.5298013245033095
2026-01-20,3.074,3.074,1.2516469038208022
2026-01-21,3.057,3.057,-0.5530253741053981
2026-01-22,3.077,3.077,0.6542361792607032
2026-01-23,3.069,3.069,-0.259993500162492
2026-01-26,3.106,3.106,1.2056044314108894
2026-01-27,3.081,3.081,-0.8048937540244605
2026-01-28,3.132,3.132,1.6553067185978598
2026-01-29,3.166,3.166,1.085568326947639
2026-01-30,3.144,3.144,-0.6948831332912131
2026-02-02,3.046,3.046,-3.117048346055984
2026-02-03,3.051,3.051,0.16414970453053623
2026-02-04,3.15,3.15,3.2448377581120846
2026-02-05,3.136,3.136,-0.4444444444444362
2026-02-06,3.126,3.126,-0.3188775510204134
2026-02-09,3.144,3.144,0.5758157389635477
2026-02-10,3.156,3.156,0.3816793893129722
2026-02-11,3.183,3.183,0.8555133079847899
2026-02-12,3.18,3.18,-0.09425070688029447
2026-02-13,3.137,3.137,-1.3522012578616405
2026-02-24,3.19,3.19,1.6895122728721734
2026-02-25,3.194,3.194,0.12539184952977678
2026-02-26,3.195,3.195,0.03130870381966577
2026-02-27,3.232,3.232,1.1580594679186262
2026-03-02,3.303,3.303,2.1967821782178154
2026-03-03,3.367,3.367,1.9376324553436186
2026-03-04,3.304,3.304,-1.8711018711018768
2026-03-05,3.291,3.291,-0.39346246973365195
2026-03-06,3.285,3.285,-0.1823154056517673
2026-03-09,3.309,3.309,0.7305936073059405
2026-03-10,3.27,3.27,-1.1786038077969185
2026-03-11,3.313,3.313,1.314984709480127
2026-03-12,3.381,3.381,2.0525203742831177
2026-03-13,3.364,3.364,-0.5028098195800079
2026-03-16,3.335,3.335,-0.8620689655172376
2026-03-17,3.309,3.309,-0.7796101949025469
2026-03-18,3.296,3.296,-0.3928679359323173
2026-03-19,3.305,3.305,0.27305825242720516
2026-03-20,3.296,3.296,-0.2723146747352634
2026-03-23,3.234,3.234,-1.8810679611650394
2026-03-24,3.269,3.269,1.0822510822510845
2026-03-25,3.256,3.256,-0.39767513000918964
2026-03-26,3.268,3.268,0.3685503685503688
2026-03-27,3.267,3.267,-0.03059975520195435
2026-03-30,3.299,3.299,0.9794918885827952
2026-03-31,3.251,3.251,-1.4549863595028856
2026-04-01,3.241,3.241,-0.30759766225776364
2026-04-02,3.258,3.258,0.5245294662141298
2026-04-03,3.216,3.216,-1.2891344383057057
2026-04-07,3.228,3.228,0.3731343283582156
2026-04-08,3.227,3.227,-0.030978934324665808
2026-04-09,3.212,3.212,-0.46482801363494364
2026-04-10,3.218,3.218,0.18679950186799577
2026-04-13,3.223,3.223,0.15537600994406375
2026-04-14,3.223,3.223,0.0
2026-04-15,3.24,3.24,0.5274588892336451
2026-04-16,3.244,3.244,0.12345679012346622
2026-04-17,3.218,3.218,-0.801479654747228
2026-04-20,3.225,3.225,0.21752641392169814
2026-04-21,3.265,3.265,1.240310077519391
2026-04-22,3.269,3.269,0.1225114854517706
2026-04-23,3.293,3.293,0.7341694707861723
2026-04-24,3.28,3.28,-0.39477679927119036
2026-04-27,3.275,3.275,-0.1524390243902385
2026-04-28,3.325,3.325,1.526717557251911
2026-04-29,3.347,3.347,0.6616541353383409
2026-04-30,3.341,3.341,-0.17926501344487367
2026-05-06,3.341,3.341,0.0
2026-05-07,3.272,3.272,-2.065249925172119
2026-05-08,3.261,3.261,-0.33618581907089995
2026-05-11,3.263,3.263,0.06133088009812049
2026-05-12,3.257,3.257,-0.18387986515475685
2026-05-13,3.244,3.244,-0.3991403131716309
2026-05-14,3.223,3.223,-0.6473489519112308
2026-05-15,3.223,3.223,0.0
2026-05-18,3.217,3.217,-0.18616196090598391
2026-05-19,3.222,3.222,0.15542430836181786
2026-05-20,3.215,3.215,-0.21725636250776725
2026-05-21,3.172,3.172,-1.3374805598755701
2026-05-22,3.156,3.156,-0.5044136191677207
2026-05-25,3.185,3.185,0.9188846641318138
2026-05-26,3.186,3.186,0.031397174254310656
2026-05-27,3.17,3.17,-0.5021971123666091
2026-05-28,3.17,3.17,0.0
2026-05-29,3.206,3.206,1.1356466876971671
2026-06-01,3.307,3.307,3.150343106674991
2026-06-02,3.308,3.308,0.0302388872089443
2026-06-03,3.324,3.324,0.48367593712213
2026-06-04,3.327,3.327,0.09025270758122872
2026-06-05,3.321,3.321,-0.18034265103696878
2026-06-08,3.304,3.304,-0.5118940078289724
2026-06-09,3.291,3.291,-0.39346246973365195
2026-06-10,3.261,3.261,-0.9115770282588809
2026-06-11,3.26,3.26,-0.030665440049071346
2026-06-12,3.303,3.303,1.319018404907979
2026-06-15,3.249,3.249,-1.6348773841961761
2026-06-16,3.196,3.196,-1.6312711603570285
2026-06-17,3.16,3.16,-1.126408010012514
2026-06-18,3.098,3.098,-1.9620253164557067
2026-06-22,3.125,3.125,0.8715300193673281
2026-06-23,3.104,3.104,-0.6719999999999948
2026-06-24,3.048,3.048,-1.8041237113402109
2026-06-25,3.006,3.006,-1.3779527559055205
2026-06-26,2.954,2.954,-1.7298735861610015
2026-06-29,2.972,2.972,0.6093432633716978
2026-06-30,2.916,2.916,-1.8842530282637937
2026-07-01,2.963,2.963,1.6117969821673572
2026-07-02,2.993,2.993,1.0124873439081972
2026-07-03,3.024,3.024,1.0357500835282307
2026-07-06,3.089,3.089,2.1494708994709066
2026-07-07,3.044,3.044,-1.4567821301392003
2026-07-08,3.08,3.08,1.182654402102501
2026-07-09,3.04,3.04,-1.2987012987012991
2026-07-10,3.045,3.045,0.164473684210531
2026-07-13,3.066,3.066,0.6896551724137945
2026-07-14,3.138,3.138,2.3483365949119372
2026-07-15,3.185,3.185,1.4977692797960573
2026-07-16,3.146,3.146,-1.224489795918371
2026-07-17,3.135,3.135,-0.34965034965035446
2026-07-20,3.242,3.242,3.413078149920268
2026-07-21,3.205,3.205,-1.1412708204811772
2026-07-22,3.253,3.253,1.4976599063962537
2026-07-23,3.28,3.28,0.8300030740854503
2026-07-24,3.223,3.223,-1.7378048780487765
2026-07-27,3.232,3.232,0.2792429413589925
2026-07-28,3.232,3.232,0.0
2026-07-29,3.273,3.273,1.2685643564356308
2026-07-30,3.312,3.312,1.191567369385882
2026-07-31,3.304,3.304,-0.24154589371980784
2026-08-03,3.285,3.285,-0.5750605326876435
