date,unit_nav,cum_nav,ret_pct
2013-03-25,94.018,94.018,0.0
2013-03-26,94.259,94.259,0.256334
2013-03-27,94.235,94.235,-0.025462
2013-03-28,94.341,94.341,0.112485
2013-03-29,94.443,94.443,0.108118
2013-04-01,94.555,94.555,0.11859
2013-04-02,94.732,94.732,0.187193
2013-04-03,94.975,94.975,0.256513
2013-04-08,94.901,94.901,-0.077915
2013-04-09,94.877,94.877,-0.02529
2013-04-10,94.906,94.906,0.030566
2013-04-11,94.912,94.912,0.006322
2013-04-12,94.962,94.962,0.05268
2013-04-15,95.035,95.035,0.076873
2013-04-16,95.126,95.126,0.095754
2013-04-17,95.211,95.211,0.089355
2013-04-18,94.969,94.969,-0.254172
2013-04-19,94.72,94.72,-0.262191
2013-04-22,94.469,94.469,-0.264992
2013-04-23,94.755,94.755,0.302745
2013-04-24,94.764,94.764,0.009498
2013-04-25,94.899,94.899,0.142459
2013-04-26,94.967,94.967,0.071655
2013-05-02,95.107,95.107,0.14742
2013-05-03,95.113,95.113,0.006309
2013-05-06,95.091,95.091,-0.02313
2013-05-07,95.14,95.14,0.05153
2013-05-08,95.13,95.13,-0.010511
2013-05-09,95.129,95.129,-0.001051
2013-05-10,95.162,95.162,0.03469
2013-05-13,95.131,95.131,-0.032576
2013-05-14,95.123,95.123,-0.008409
2013-05-15,95.084,95.084,-0.041
2013-05-16,94.961,94.961,-0.129359
2013-05-17,95.066,95.066,0.110572
2013-05-20,95.038,95.038,-0.029453
2013-05-21,94.96,94.96,-0.082072
2013-05-22,94.981,94.981,0.022115
2013-05-23,94.974,94.974,-0.00737
2013-05-24,94.99,94.99,0.016847
2013-05-27,95.094,95.094,0.109485
2013-05-28,95.1,95.1,0.00631
2013-05-29,95.095,95.095,-0.005258
2013-05-30,95.121,95.121,0.027341
2013-05-31,95.113,95.113,-0.00841
2013-06-03,95.099,95.099,-0.014719
2013-06-04,95.095,95.095,-0.004206
2013-06-05,95.07,95.07,-0.026289
2013-06-06,95.073,95.073,0.003156
2013-06-07,95.096,95.096,0.024192
2013-06-13,95.101,95.101,0.005258
2013-06-14,95.06,95.06,-0.043112
2013-06-17,95.031,95.031,-0.030507
2013-06-18,94.978,94.978,-0.055771
2013-06-19,94.661,94.661,-0.333762
2013-06-20,93.75,93.75,-0.962382
2013-06-21,93.921,93.921,0.1824
2013-06-24,93.949,93.949,0.029812
2013-06-25,94.514,94.514,0.60139
2013-06-26,94.923,94.923,0.43274
2013-06-27,95.023,95.023,0.105349
2013-06-28,95.058,95.058,0.036833
2013-07-01,95.051,95.051,-0.007364
2013-07-02,95.058,95.058,0.007364
2013-07-03,95.001,95.001,-0.059963
2013-07-04,94.998,94.998,-0.003158
2013-07-05,95.058,95.058,0.063159
2013-07-08,95.095,95.095,0.038924
2013-07-09,94.965,94.965,-0.136705
2013-07-10,94.903,94.903,-0.065287
2013-07-11,94.329,94.329,-0.604828
2013-07-12,94.175,94.175,-0.163258
2013-07-15,94.277,94.277,0.108309
2013-07-16,94.22,94.22,-0.06046
2013-07-17,94.047,94.047,-0.183613
2013-07-18,94.035,94.035,-0.01276
2013-07-19,94.064,94.064,0.03084
2013-07-22,93.996,93.996,-0.072291
2013-07-23,94.004,94.004,0.008511
2013-07-24,93.893,93.893,-0.11808
2013-07-25,93.84,93.84,-0.056447
2013-07-26,93.909,93.909,0.073529
2013-07-29,93.97,93.97,0.064957
2013-07-30,94.085,94.085,0.122379
2013-07-31,94.272,94.272,0.198756
2013-08-01,94.371,94.371,0.105015
2013-08-02,94.17,94.17,-0.212989
2013-08-05,94.17,94.17,0.0
2013-08-06,94.18,94.18,0.010619
2013-08-07,93.836,93.836,-0.365258
2013-08-08,93.68,93.68,-0.166247
2013-08-09,93.651,93.651,-0.030956
2013-08-12,93.53,93.53,-0.129203
2013-08-13,93.36,93.36,-0.18176
2013-08-14,93.091,93.091,-0.288132
2013-08-15,93.122,93.122,0.033301
2013-08-16,93.327,93.327,0.220141
2013-08-19,92.894,92.894,-0.46396
2013-08-20,92.937,92.937,0.046289
2013-08-21,92.971,92.971,0.036584
2013-08-22,92.892,92.892,-0.084973
2013-08-23,93.148,93.148,0.275589
2013-08-26,93.193,93.193,0.04831
2013-08-27,93.196,93.196,0.003219
2013-08-28,92.856,92.856,-0.364823
2013-08-29,92.905,92.905,0.05277
2013-08-30,93.027,93.027,0.131317
2013-09-02,93.014,93.014,-0.013974
2013-09-03,92.963,92.963,-0.05483
2013-09-04,92.904,92.904,-0.063466
2013-09-05,92.847,92.847,-0.061354
2013-09-06,92.795,92.795,-0.056006
2013-09-09,92.714,92.714,-0.087289
2013-09-10,92.627,92.627,-0.093837
2013-09-11,92.292,92.292,-0.361666
2013-09-12,92.241,92.241,-0.055259
2013-09-13,92.301,92.301,0.065047
2013-09-16,92.598,92.598,0.321773
2013-09-17,92.649,92.649,0.055077
2013-09-18,92.797,92.797,0.159743
2013-09-23,92.838,92.838,0.044182
2013-09-24,92.678,92.678,-0.172343
2013-09-25,92.777,92.777,0.106821
2013-09-26,93.019,93.019,0.260841
2013-09-27,92.981,92.981,-0.040852
2013-09-30,93.028,93.028,0.050548
2013-10-08,93.076,93.076,0.051597
2013-10-09,93.149,93.149,0.078431
2013-10-10,93.091,93.091,-0.062266
2013-10-11,93.077,93.077,-0.015039
2013-10-14,92.895,92.895,-0.195537
2013-10-15,92.881,92.881,-0.015071
2013-10-16,92.959,92.959,0.083978
2013-10-17,92.763,92.763,-0.210846
2013-10-18,92.774,92.774,0.011858
2013-10-21,92.744,92.744,-0.032337
2013-10-22,92.699,92.699,-0.048521
2013-10-23,92.74,92.74,0.044229
2013-10-24,92.577,92.577,-0.17576
2013-10-25,92.482,92.482,-0.102617
2013-10-28,92.467,92.467,-0.016219
2013-10-29,92.379,92.379,-0.095169
2013-10-30,92.328,92.328,-0.055207
2013-10-31,92.627,92.627,0.323845
2013-11-01,92.707,92.707,0.086368
2013-11-04,92.592,92.592,-0.124047
2013-11-05,92.465,92.465,-0.137161
2013-11-06,92.188,92.188,-0.299573
2013-11-07,91.709,91.709,-0.51959
2013-11-08,91.326,91.326,-0.417625
2013-11-11,90.89,90.89,-0.477411
2013-11-12,91.103,91.103,0.234349
2013-11-13,90.681,90.681,-0.463212
2013-11-14,91.046,91.046,0.40251
2013-11-15,90.674,90.674,-0.408585
2013-11-18,90.504,90.504,-0.187485
2013-11-19,90.79,90.79,0.316008
2013-11-20,90.87,90.87,0.088115
2013-11-21,91.06,91.06,0.20909
2013-11-22,91.413,91.413,0.387656
2013-11-25,91.332,91.332,-0.088609
2013-11-26,91.29,91.29,-0.045986
2013-11-27,91.501,91.501,0.231132
2013-11-28,91.504,91.504,0.003279
2013-11-29,91.507,91.507,0.003279
2013-12-02,90.82,90.82,-0.750762
2013-12-03,91.176,91.176,0.391984
2013-12-04,91.268,91.268,0.100904
2013-12-05,91.361,91.361,0.101898
2013-12-06,91.314,91.314,-0.051444
2013-12-09,91.098,91.098,-0.236546
2013-12-10,90.861,90.861,-0.260159
2013-12-11,90.855,90.855,-0.006603
2013-12-12,91.105,91.105,0.275164
2013-12-13,91.137,91.137,0.035124
2013-12-16,91.041,91.041,-0.105336
2013-12-17,90.997,90.997,-0.04833
2013-12-18,90.914,90.914,-0.091212
2013-12-19,90.766,90.766,-0.162791
2013-12-20,90.79,90.79,0.026442
2013-12-23,90.907,90.907,0.128869
2013-12-24,90.883,90.883,-0.026401
2013-12-25,90.979,90.979,0.10563
2013-12-26,91.037,91.037,0.063751
2013-12-27,90.933,90.933,-0.114239
2013-12-30,90.943,90.943,0.010997
2013-12-31,91.168,91.168,0.247408
2014-01-02,90.996,90.996,-0.188663
2014-01-03,90.741,90.741,-0.280232
2014-01-06,90.553,90.553,-0.207183
2014-01-07,90.723,90.723,0.187735
2014-01-08,90.986,90.986,0.289893
2014-01-09,90.891,90.891,-0.104412
2014-01-10,90.957,90.957,0.072614
2014-01-13,91.07,91.07,0.124235
2014-01-14,90.989,90.989,-0.088943
2014-01-15,91.064,91.064,0.082428
2014-01-16,91.062,91.062,-0.002196
2014-01-17,90.92,90.92,-0.155938
2014-01-20,90.869,90.869,-0.056093
2014-01-21,91.218,91.218,0.384069
2014-01-22,91.51,91.51,0.320112
2014-01-23,91.584,91.584,0.080865
2014-01-24,91.516,91.516,-0.074249
2014-01-27,91.935,91.935,0.457843
2014-01-28,91.891,91.891,-0.04786
2014-01-29,91.855,91.855,-0.039177
2014-01-30,91.89,91.89,0.038104
2014-02-07,91.951,91.951,0.066384
2014-02-10,91.96,91.96,0.009788
2014-02-11,92.012,92.012,0.056546
2014-02-12,92.013,92.013,0.001087
2014-02-13,92.06,92.06,0.05108
2014-02-14,92.2,92.2,0.152075
2014-02-17,92.165,92.165,-0.037961
2014-02-18,92.21,92.21,0.048825
2014-02-19,92.457,92.457,0.267867
2014-02-20,92.39,92.39,-0.072466
2014-02-21,92.251,92.251,-0.150449
2014-02-24,92.415,92.415,0.177776
2014-02-25,92.623,92.623,0.225072
2014-02-26,92.623,92.623,0.0
2014-02-27,92.859,92.859,0.254796
2014-02-28,92.823,92.823,-0.038768
2014-03-03,92.751,92.751,-0.077567
2014-03-04,92.39,92.39,-0.389214
2014-03-05,92.339,92.339,-0.055201
2014-03-06,92.413,92.413,0.080139
2014-03-07,92.36,92.36,-0.057351
2014-03-10,92.356,92.356,-0.004331
2014-03-11,92.425,92.425,0.074711
2014-03-12,92.432,92.432,0.007574
2014-03-13,92.7,92.7,0.289943
2014-03-14,92.741,92.741,0.044229
2014-03-17,92.842,92.842,0.108905
2014-03-18,92.654,92.654,-0.202495
2014-03-19,92.578,92.578,-0.082026
2014-03-20,92.528,92.528,-0.054009
2014-03-21,92.739,92.739,0.228039
2014-03-24,92.747,92.747,0.008626
2014-03-25,92.694,92.694,-0.057145
2014-03-26,92.689,92.689,-0.005394
2014-03-27,92.664,92.664,-0.026972
2014-03-28,92.502,92.502,-0.174825
2014-03-31,92.449,92.449,-0.057296
2014-04-01,92.398,92.398,-0.055166
2014-04-02,92.312,92.312,-0.093076
2014-04-03,92.309,92.309,-0.00325
2014-04-04,92.212,92.212,-0.105082
2014-04-08,92.287,92.287,0.081334
2014-04-09,92.379,92.379,0.099689
2014-04-10,92.487,92.487,0.11691
2014-04-11,92.744,92.744,0.277877
2014-04-14,92.841,92.841,0.104589
2014-04-15,93.166,93.166,0.350061
2014-04-16,92.856,92.856,-0.332739
2014-04-17,93.419,93.419,0.606315
2014-04-18,93.442,93.442,0.02462
2014-04-21,93.572,93.572,0.139124
2014-04-22,93.176,93.176,-0.423204
2014-04-23,93.236,93.236,0.064394
2014-04-24,92.909,92.909,-0.350723
2014-04-25,93.199,93.199,0.312133
2014-04-28,93.058,93.058,-0.151289
2014-04-29,93.175,93.175,0.125728
2014-04-30,93.512,93.512,0.361685
2014-05-05,93.646,93.646,0.143297
2014-05-06,93.733,93.733,0.092903
2014-05-07,93.59,93.59,-0.152561
2014-05-08,93.746,93.746,0.166684
2014-05-09,94.102,94.102,0.37975
2014-05-12,94.01,94.01,-0.097766
2014-05-13,93.977,93.977,-0.035103
2014-05-14,93.85,93.85,-0.135139
2014-05-15,93.935,93.935,0.09057
2014-05-16,93.942,93.942,0.007452
2014-05-19,93.878,93.878,-0.068127
2014-05-20,93.893,93.893,0.015978
2014-05-21,93.84,93.84,-0.056447
2014-05-22,93.964,93.964,0.13214
2014-05-23,94.034,94.034,0.074497
2014-05-26,94.158,94.158,0.131867
2014-05-27,94.437,94.437,0.29631
2014-05-28,94.44,94.44,0.003177
2014-05-29,94.609,94.609,0.17895
2014-05-30,94.717,94.717,0.114154
2014-06-03,94.88,94.88,0.172092
2014-06-04,95.291,95.291,0.433179
2014-06-05,94.681,94.681,-0.640144
2014-06-06,94.752,94.752,0.074989
2014-06-09,94.787,94.787,0.036939
2014-06-10,94.768,94.768,-0.020045
2014-06-11,94.85,94.85,0.086527
2014-06-12,94.669,94.669,-0.190828
2014-06-13,94.626,94.626,-0.045421
2014-06-16,95.025,95.025,0.42166
2014-06-17,94.813,94.813,-0.223099
2014-06-18,94.826,94.826,0.013711
2014-06-19,94.79,94.79,-0.037964
2014-06-20,94.879,94.879,0.093892
2014-06-23,94.889,94.889,0.01054
2014-06-24,95.134,95.134,0.258196
2014-06-25,95.104,95.104,-0.031534
2014-06-26,94.91,94.91,-0.203987
2014-06-27,94.831,94.831,-0.083237
2014-06-30,94.776,94.776,-0.057998
2014-07-01,94.676,94.676,-0.105512
2014-07-02,94.598,94.598,-0.082386
2014-07-03,94.614,94.614,0.016914
2014-07-04,94.612,94.612,-0.002114
2014-07-07,94.57,94.57,-0.044392
2014-07-08,94.227,94.227,-0.362694
2014-07-09,93.935,93.935,-0.30989
2014-07-10,93.573,93.573,-0.385373
2014-07-11,94.302,94.302,0.779071
2014-07-14,94.408,94.408,0.112405
2014-07-15,94.33,94.33,-0.08262
2014-07-16,94.094,94.094,-0.250186
2014-07-17,93.785,93.785,-0.328395
2014-07-18,93.753,93.753,-0.034121
2014-07-21,93.805,93.805,0.055465
2014-07-22,93.895,93.895,0.095944
2014-07-23,93.904,93.904,0.009585
2014-07-24,93.864,93.864,-0.042597
2014-07-25,94.027,94.027,0.173656
2014-07-28,94.024,94.024,-0.003191
2014-07-29,94.0,94.0,-0.025525
2014-07-30,94.176,94.176,0.187234
2014-07-31,94.196,94.196,0.021237
2014-08-01,94.685,94.685,0.51913
2014-08-04,94.693,94.693,0.008449
2014-08-05,94.774,94.774,0.08554
2014-08-06,94.871,94.871,0.102349
2014-08-07,94.696,94.696,-0.184461
2014-08-08,94.792,94.792,0.101377
2014-08-11,94.837,94.837,0.047472
2014-08-12,94.77,94.77,-0.070648
2014-08-13,94.844,94.844,0.078084
2014-08-14,94.905,94.905,0.064316
2014-08-15,95.031,95.031,0.132764
2014-08-18,94.964,94.964,-0.070503
2014-08-19,94.927,94.927,-0.038962
2014-08-20,94.888,94.888,-0.041084
2014-08-21,94.83,94.83,-0.061125
2014-08-22,94.803,94.803,-0.028472
2014-08-25,94.802,94.802,-0.001055
2014-08-26,94.878,94.878,0.080167
2014-08-27,94.799,94.799,-0.083265
2014-08-28,94.862,94.862,0.066456
2014-08-29,94.883,94.883,0.022137
2014-09-01,94.94,94.94,0.060074
2014-09-02,94.906,94.906,-0.035812
2014-09-03,94.885,94.885,-0.022127
2014-09-04,94.864,94.864,-0.022132
2014-09-05,94.862,94.862,-0.002108
2014-09-09,94.891,94.891,0.030571
2014-09-10,94.826,94.826,-0.0685
2014-09-11,94.814,94.814,-0.012655
2014-09-12,94.792,94.792,-0.023203
2014-09-15,94.886,94.886,0.099164
2014-09-16,94.87,94.87,-0.016862
2014-09-17,94.889,94.889,0.020027
2014-09-18,95.38,95.38,0.517447
2014-09-19,95.482,95.482,0.106941
2014-09-22,95.583,95.583,0.105779
2014-09-23,95.842,95.842,0.270969
2014-09-24,95.378,95.378,-0.48413
2014-09-25,95.426,95.426,0.050326
2014-09-26,95.35,95.35,-0.079643
2014-09-29,95.587,95.587,0.248558
2014-09-30,96.028,96.028,0.46136
2014-10-08,95.969,95.969,-0.06144
2014-10-09,96.002,96.002,0.034386
2014-10-10,95.958,95.958,-0.045832
2014-10-13,96.043,96.043,0.08858
2014-10-14,96.746,96.746,0.731964
2014-10-15,97.118,97.118,0.384512
2014-10-16,97.421,97.421,0.311992
2014-10-17,97.69,97.69,0.276121
2014-10-20,97.866,97.866,0.180162
2014-10-21,97.621,97.621,-0.250342
2014-10-22,97.112,97.112,-0.521404
2014-10-23,97.227,97.227,0.11842
2014-10-24,97.27,97.27,0.044226
2014-10-27,97.193,97.193,-0.079161
2014-10-28,97.568,97.568,0.38583
2014-10-29,97.814,97.814,0.252132
2014-10-30,97.729,97.729,-0.0869
2014-10-31,97.695,97.695,-0.03479
2014-11-03,97.913,97.913,0.223143
2014-11-04,98.429,98.429,0.526998
2014-11-05,98.699,98.699,0.274309
2014-11-06,98.441,98.441,-0.261401
2014-11-07,98.869,98.869,0.434778
2014-11-10,99.155,99.155,0.289272
2014-11-11,99.081,99.081,-0.074631
2014-11-12,99.047,99.047,-0.034315
2014-11-13,98.828,98.828,-0.221107
2014-11-14,98.693,98.693,-0.136601
2014-11-17,98.357,98.357,-0.34045
2014-11-18,98.731,98.731,0.380247
2014-11-19,98.491,98.491,-0.243085
2014-11-20,98.485,98.485,-0.006092
2014-11-21,98.533,98.533,0.048738
2014-11-24,98.746,98.746,0.216171
2014-11-25,98.881,98.881,0.136714
2014-11-26,98.86,98.86,-0.021238
2014-11-27,98.933,98.933,0.073842
2014-11-28,98.985,98.985,0.052561
2014-12-01,99.11,99.11,0.126282
2014-12-02,98.942,98.942,-0.169509
2014-12-03,98.213,98.213,-0.736795
2014-12-04,97.778,97.778,-0.442915
2014-12-05,97.426,97.426,-0.359999
2014-12-08,97.195,97.195,-0.237103
2014-12-09,97.149,97.149,-0.047328
2014-12-10,97.35,97.35,0.206899
2014-12-11,97.427,97.427,0.079096
2014-12-12,97.564,97.564,0.140618
2014-12-15,97.68,97.68,0.118896
2014-12-16,97.797,97.797,0.119779
2014-12-17,98.31,98.31,0.524556
2014-12-18,98.011,98.011,-0.30414
2014-12-19,98.076,98.076,0.066319
2014-12-22,98.095,98.095,0.019373
2014-12-23,98.28,98.28,0.188593
2014-12-24,98.568,98.568,0.29304
2014-12-25,98.514,98.514,-0.054785
2014-12-26,98.394,98.394,-0.12181
2014-12-29,98.393,98.393,-0.001016
2014-12-30,98.155,98.155,-0.241887
2014-12-31,98.288,98.288,0.1355
2015-01-05,98.186,98.186,-0.103777
2015-01-06,98.252,98.252,0.067219
2015-01-07,98.382,98.382,0.132313
2015-01-08,98.408,98.408,0.026428
2015-01-09,98.605,98.605,0.200187
2015-01-12,98.88,98.88,0.278891
2015-01-13,99.118,99.118,0.240696
2015-01-14,99.232,99.232,0.115014
2015-01-15,99.547,99.547,0.317438
2015-01-16,100.107,100.107,0.562548
2015-01-19,100.433,100.433,0.325652
2015-01-20,100.438,100.438,0.004978
2015-01-21,100.505,100.505,0.066708
2015-01-22,100.533,100.533,0.027859
2015-01-23,100.583,100.583,0.049735
2015-01-26,100.71,100.71,0.126264
2015-01-27,100.809,100.809,0.098302
2015-01-28,100.739,100.739,-0.069438
2015-01-29,100.579,100.579,-0.158826
2015-01-30,100.203,100.203,-0.373835
2015-02-02,100.347,100.347,0.143708
2015-02-03,100.563,100.563,0.215253
2015-02-04,100.721,100.721,0.157115
2015-02-05,100.923,100.923,0.200554
2015-02-06,101.342,101.342,0.415168
2015-02-09,101.485,101.485,0.141106
2015-02-10,100.83,100.83,-0.645416
2015-02-11,101.377,101.377,0.542497
2015-02-12,101.663,101.663,0.282115
2015-02-13,101.852,101.852,0.185908
2015-02-16,101.567,101.567,-0.279818
2015-02-17,101.788,101.788,0.21759
2015-02-25,101.794,101.794,0.005895
2015-02-26,101.597,101.597,-0.193528
2015-02-27,101.619,101.619,0.021654
2015-03-02,101.297,101.297,-0.31687
2015-03-03,101.249,101.249,-0.047385
2015-03-04,101.325,101.325,0.075062
2015-03-05,101.146,101.146,-0.176659
2015-03-06,101.112,101.112,-0.033615
2015-03-09,100.765,100.765,-0.343184
2015-03-10,100.637,100.637,-0.127028
2015-03-11,101.19,101.19,0.5495
2015-03-12,101.193,101.193,0.002965
2015-03-13,101.107,101.107,-0.084986
2015-03-16,101.105,101.105,-0.001978
2015-03-17,101.168,101.168,0.062311
2015-03-18,101.144,101.144,-0.023723
2015-03-19,101.146,101.146,0.001977
2015-03-20,101.163,101.163,0.016807
2015-03-23,101.233,101.233,0.069195
2015-03-24,101.232,101.232,-0.000988
2015-03-25,101.242,101.242,0.009878
2015-03-26,101.213,101.213,-0.028644
2015-03-27,101.13,101.13,-0.082005
2015-03-30,100.628,100.628,-0.496391
2015-03-31,99.936,99.936,-0.687681
2015-04-01,100.309,100.309,0.373239
2015-04-02,100.51,100.51,0.200381
2015-04-03,100.389,100.389,-0.120386
2015-04-07,100.314,100.314,-0.074709
2015-04-08,100.145,100.145,-0.168471
2015-04-09,100.219,100.219,0.073893
2015-04-10,100.277,100.277,0.057873
2015-04-13,100.356,100.356,0.078782
2015-04-14,100.533,100.533,0.176372
2015-04-15,100.502,100.502,-0.030836
2015-04-16,101.187,101.187,0.681578
2015-04-17,101.203,101.203,0.015812
2015-04-20,101.55,101.55,0.342875
2015-04-21,101.607,101.607,0.05613
2015-04-22,101.832,101.832,0.221441
2015-04-23,101.727,101.727,-0.103111
2015-04-24,101.54,101.54,-0.183825
2015-04-27,101.83,101.83,0.285602
2015-04-28,101.949,101.949,0.116861
2015-04-29,101.989,101.989,0.039235
2015-04-30,102.12,102.12,0.128445
2015-05-04,101.802,101.802,-0.311398
2015-05-05,101.758,101.758,-0.043221
2015-05-06,101.345,101.345,-0.405865
2015-05-07,101.548,101.548,0.200306
2015-05-08,101.919,101.919,0.365344
2015-05-11,102.088,102.088,0.165818
2015-05-12,102.07,102.07,-0.017632
2015-05-13,102.022,102.022,-0.047027
2015-05-14,102.247,102.247,0.220541
2015-05-15,102.262,102.262,0.01467
2015-05-18,102.29,102.29,0.027381
2015-05-19,102.083,102.083,-0.202366
2015-05-20,101.975,101.975,-0.105796
2015-05-21,101.836,101.836,-0.136308
2015-05-22,101.93,101.93,0.092305
2015-05-25,101.925,101.925,-0.004905
2015-05-26,101.904,101.904,-0.020603
2015-05-27,101.796,101.796,-0.105982
2015-05-28,101.819,101.819,0.022594
2015-05-29,101.201,101.201,-0.606959
2015-06-01,100.69,100.69,-0.504936
2015-06-02,100.86,100.86,0.168835
2015-06-03,101.485,101.485,0.619671
2015-06-04,101.58,101.58,0.09361
2015-06-05,101.941,101.941,0.355385
2015-06-08,102.041,102.041,0.098096
2015-06-09,101.829,101.829,-0.20776
2015-06-10,101.583,101.583,-0.241581
2015-06-11,101.63,101.63,0.046268
2015-06-12,101.5,101.5,-0.127915
2015-06-15,101.089,101.089,-0.404926
2015-06-16,101.086,101.086,-0.002968
2015-06-17,100.94,100.94,-0.144431
2015-06-18,101.011,101.011,0.070339
2015-06-19,101.088,101.088,0.076229
2015-06-23,101.282,101.282,0.191912
2015-06-24,101.546,101.546,0.260658
2015-06-25,101.09,101.09,-0.449058
2015-06-26,100.685,100.685,-0.400633
2015-06-29,100.84,100.84,0.153945
2015-06-30,100.778,100.778,-0.061484
2015-07-01,100.96,100.96,0.180595
2015-07-02,100.713,100.713,-0.244651
2015-07-03,100.797,100.797,0.083405
2015-07-06,101.48,101.48,0.6776
2015-07-07,102.189,102.189,0.69866
2015-07-08,102.708,102.708,0.507882
2015-07-09,102.543,102.543,-0.16065
2015-07-10,101.932,101.932,-0.595848
2015-07-13,102.074,102.074,0.139309
2015-07-14,101.97,101.97,-0.101887
2015-07-15,102.223,102.223,0.248112
2015-07-16,102.79,102.79,0.55467
2015-07-17,103.495,103.495,0.685864
2015-07-20,103.291,103.291,-0.197111
2015-07-21,103.25,103.25,-0.039694
2015-07-22,103.206,103.206,-0.042615
2015-07-23,103.34,103.34,0.129837
2015-07-24,102.933,102.933,-0.393846
2015-07-27,102.989,102.989,0.054404
2015-07-28,103.264,103.264,0.267019
2015-07-29,103.611,103.611,0.336032
2015-07-30,103.156,103.156,-0.439143
2015-07-31,103.07,103.07,-0.083369
2015-08-03,103.283,103.283,0.206656
2015-08-04,103.072,103.072,-0.204293
2015-08-05,103.313,103.313,0.233817
2015-08-06,103.512,103.512,0.192619
2015-08-07,103.579,103.579,0.064727
2015-08-10,103.553,103.553,-0.025102
2015-08-11,103.483,103.483,-0.067598
2015-08-12,103.412,103.412,-0.06861
2015-08-13,103.298,103.298,-0.110239
2015-08-14,103.248,103.248,-0.048404
2015-08-17,102.908,102.908,-0.329304
2015-08-18,102.525,102.525,-0.372177
2015-08-19,102.588,102.588,0.061448
2015-08-20,102.576,102.576,-0.011697
2015-08-21,102.603,102.603,0.026322
2015-08-24,102.773,102.773,0.165687
2015-08-25,102.89,102.89,0.113843
2015-08-26,102.99,102.99,0.097191
2015-08-27,103.268,103.268,0.269929
2015-08-28,103.422,103.422,0.149127
2015-08-31,103.656,103.656,0.226257
2015-09-01,104.02,104.02,0.351162
2015-09-02,104.005,104.005,-0.01442
2015-09-07,103.909,103.909,-0.092303
2015-09-08,103.529,103.529,-0.365705
2015-09-09,103.557,103.557,0.027046
2015-09-10,103.34,103.34,-0.209546
2015-09-11,103.104,103.104,-0.228372
2015-09-14,103.279,103.279,0.169732
2015-09-15,103.318,103.318,0.037762
2015-09-16,103.29,103.29,-0.027101
2015-09-17,103.262,103.262,-0.027108
2015-09-18,103.248,103.248,-0.013558
2015-09-21,103.267,103.267,0.018402
2015-09-22,103.195,103.195,-0.069722
2015-09-23,103.211,103.211,0.015505
2015-09-24,103.205,103.205,-0.005813
2015-09-25,103.168,103.168,-0.035851
2015-09-28,103.191,103.191,0.022294
2015-09-29,103.319,103.319,0.124042
2015-09-30,103.581,103.581,0.253584
2015-10-08,103.469,103.469,-0.108128
2015-10-09,103.75,103.75,0.271579
2015-10-12,104.33,104.33,0.559036
2015-10-13,104.192,104.192,-0.132273
2015-10-14,104.513,104.513,0.308085
2015-10-15,104.341,104.341,-0.164573
2015-10-16,103.906,103.906,-0.416902
2015-10-19,103.954,103.954,0.046196
2015-10-20,104.479,104.479,0.505031
2015-10-21,104.389,104.389,-0.086142
2015-10-22,104.296,104.296,-0.08909
2015-10-23,104.429,104.429,0.127522
2015-10-26,104.554,104.554,0.119699
2015-10-27,104.74,104.74,0.177899
2015-10-28,104.93,104.93,0.181402
2015-10-29,104.638,104.638,-0.278281
2015-10-30,104.695,104.695,0.054474
2015-11-02,104.726,104.726,0.02961
2015-11-03,104.663,104.663,-0.060157
2015-11-04,104.296,104.296,-0.350649
2015-11-05,104.282,104.282,-0.013423
2015-11-06,104.112,104.112,-0.16302
2015-11-09,103.104,103.104,-0.968188
2015-11-10,103.391,103.391,0.27836
2015-11-11,103.807,103.807,0.402356
2015-11-12,103.903,103.903,0.092479
2015-11-13,103.893,103.893,-0.009624
2015-11-16,103.922,103.922,0.027913
2015-11-17,104.04,104.04,0.113547
2015-11-18,103.843,103.843,-0.18935
2015-11-19,103.902,103.902,0.056817
2015-11-20,103.913,103.913,0.010587
2015-11-23,103.912,103.912,-0.000962
2015-11-24,104.158,104.158,0.236739
2015-11-25,104.163,104.163,0.0048
2015-11-26,104.385,104.385,0.213128
2015-11-27,104.333,104.333,-0.049816
2015-11-30,104.468,104.468,0.129393
2015-12-01,104.323,104.323,-0.138798
2015-12-02,104.49,104.49,0.16008
2015-12-03,104.525,104.525,0.033496
2015-12-04,104.506,104.506,-0.018177
2015-12-07,104.561,104.561,0.052629
2015-12-08,104.615,104.615,0.051644
2015-12-09,104.601,104.601,-0.013382
2015-12-10,104.647,104.647,0.043977
2015-12-11,104.649,104.649,0.001911
2015-12-14,104.52,104.52,-0.123269
2015-12-15,104.594,104.594,0.0708
2015-12-16,104.675,104.675,0.077442
2015-12-17,104.711,104.711,0.034392
2015-12-18,104.99,104.99,0.266448
2015-12-21,105.411,105.411,0.400991
2015-12-22,105.349,105.349,-0.058817
2015-12-23,105.391,105.391,0.039867
2015-12-24,105.538,105.538,0.139481
2015-12-25,105.49,105.49,-0.045481
2015-12-28,105.955,105.955,0.4408
2015-12-29,105.888,105.888,-0.063234
2015-12-30,105.857,105.857,-0.029276
2015-12-31,105.735,105.735,-0.11525
2016-01-04,105.436,105.436,-0.282782
2016-01-05,105.33,105.33,-0.100535
2016-01-06,105.365,105.365,0.033229
2016-01-07,105.481,105.481,0.110093
2016-01-08,105.74,105.74,0.245542
2016-01-11,105.79,105.79,0.047286
2016-01-12,106.082,106.082,0.276019
2016-01-13,106.214,106.214,0.124432
2016-01-14,106.075,106.075,-0.130868
2016-01-15,106.178,106.178,0.097101
2016-01-18,106.059,106.059,-0.112076
2016-01-19,105.77,105.77,-0.27249
2016-01-20,105.733,105.733,-0.034982
2016-01-21,105.987,105.987,0.240228
2016-01-22,106.002,106.002,0.014153
2016-01-25,105.857,105.857,-0.13679
2016-01-26,105.918,105.918,0.057625
2016-01-27,105.719,105.719,-0.187881
2016-01-28,105.646,105.646,-0.069051
2016-01-29,105.696,105.696,0.047328
2016-02-01,105.694,105.694,-0.001892
2016-02-02,105.679,105.679,-0.014192
2016-02-03,105.8,105.8,0.114498
2016-02-04,105.764,105.764,-0.034026
2016-02-05,105.795,105.795,0.029311
2016-02-15,106.0,106.0,0.193771
2016-02-16,105.996,105.996,-0.003774
2016-02-17,105.999,105.999,0.00283
2016-02-18,105.932,105.932,-0.063208
2016-02-19,106.029,106.029,0.091568
2016-02-22,106.025,106.025,-0.003773
2016-02-23,106.087,106.087,0.058477
2016-02-24,106.256,106.256,0.159303
2016-02-25,106.169,106.169,-0.081878
2016-02-26,106.252,106.252,0.078177
2016-02-29,106.263,106.263,0.010353
2016-03-01,106.42,106.42,0.147747
2016-03-02,106.46,106.46,0.037587
2016-03-03,106.388,106.388,-0.067631
2016-03-04,106.325,106.325,-0.059217
2016-03-07,106.289,106.289,-0.033858
2016-03-08,106.311,106.311,0.020698
2016-03-09,106.39,106.39,0.07431
2016-03-10,106.529,106.529,0.130651
2016-03-11,106.827,106.827,0.279736
2016-03-14,106.562,106.562,-0.248065
2016-03-15,106.526,106.526,-0.033783
2016-03-16,106.711,106.711,0.173667
2016-03-17,106.71,106.71,-0.000937
2016-03-18,106.709,106.709,-0.000937
2016-03-21,106.604,106.604,-0.098398
2016-03-22,106.72,106.72,0.108814
2016-03-23,106.84,106.84,0.112444
2016-03-24,107.084,107.084,0.228379
2016-03-25,107.205,107.205,0.112995
2016-03-28,107.247,107.247,0.039177
2016-03-29,107.289,107.289,0.039162
2016-03-30,107.35,107.35,0.056856
2016-03-31,107.32,107.32,-0.027946
2016-04-01,107.632,107.632,0.290719
2016-04-05,107.468,107.468,-0.152371
2016-04-06,107.5,107.5,0.029776
2016-04-07,107.413,107.413,-0.08093
2016-04-08,107.41,107.41,-0.002793
2016-04-11,107.413,107.413,0.002793
2016-04-12,107.386,107.386,-0.025137
2016-04-13,107.198,107.198,-0.175069
2016-04-14,107.04,107.04,-0.147391
2016-04-15,107.034,107.034,-0.005605
2016-04-18,107.104,107.104,0.0654
2016-04-19,107.15,107.15,0.042949
2016-04-20,107.019,107.019,-0.122259
2016-04-21,106.543,106.543,-0.444781
2016-04-22,106.515,106.515,-0.02628
2016-04-25,105.92,105.92,-0.558607
2016-04-26,106.089,106.089,0.159554
2016-04-27,106.187,106.187,0.092375
2016-04-28,106.534,106.534,0.326782
2016-04-29,106.579,106.579,0.04224
2016-05-03,106.642,106.642,0.059111
2016-05-04,106.62,106.62,-0.02063
2016-05-05,106.693,106.693,0.068467
2016-05-06,106.623,106.623,-0.065609
2016-05-09,106.711,106.711,0.082534
2016-05-10,106.872,106.872,0.150875
2016-05-11,106.937,106.937,0.06082
2016-05-12,107.132,107.132,0.18235
2016-05-13,107.194,107.194,0.057873
2016-05-16,106.916,106.916,-0.259343
2016-05-17,106.934,106.934,0.016836
2016-05-18,106.822,106.822,-0.104738
2016-05-19,106.725,106.725,-0.090805
2016-05-20,106.87,106.87,0.135863
2016-05-23,106.776,106.776,-0.087957
2016-05-24,106.789,106.789,0.012175
2016-05-25,106.843,106.843,0.050567
2016-05-26,106.773,106.773,-0.065517
2016-05-27,106.786,106.786,0.012175
2016-05-30,106.743,106.743,-0.040267
2016-05-31,106.781,106.781,0.0356
2016-06-01,106.794,106.794,0.012174
2016-06-02,106.69,106.69,-0.097384
2016-06-03,106.645,106.645,-0.042178
2016-06-06,106.661,106.661,0.015003
2016-06-07,106.684,106.684,0.021564
2016-06-08,106.787,106.787,0.096547
2016-06-13,106.8,106.8,0.012174
2016-06-14,106.968,106.968,0.157303
2016-06-15,106.982,106.982,0.013088
2016-06-16,107.067,107.067,0.079453
2016-06-17,107.113,107.113,0.042964
2016-06-20,107.013,107.013,-0.093359
2016-06-21,107.027,107.027,0.013083
2016-06-22,107.092,107.092,0.060732
2016-06-23,107.146,107.146,0.050424
2016-06-24,107.313,107.313,0.155862
2016-06-27,107.544,107.544,0.215258
2016-06-28,107.52,107.52,-0.022316
2016-06-29,107.44,107.44,-0.074405
2016-06-30,107.449,107.449,0.008377
2016-07-01,107.74,107.74,0.270826
2016-07-04,107.74,107.74,0.0
2016-07-05,107.747,107.747,0.006497
2016-07-06,107.882,107.882,0.125294
2016-07-07,107.991,107.991,0.101036
2016-07-08,107.888,107.888,-0.095378
2016-07-11,107.852,107.852,-0.033368
2016-07-12,107.807,107.807,-0.041724
2016-07-13,107.751,107.751,-0.051945
2016-07-14,107.781,107.781,0.027842
2016-07-15,107.916,107.916,0.125254
2016-07-18,107.943,107.943,0.025019
2016-07-19,108.019,108.019,0.070408
2016-07-20,108.086,108.086,0.062026
2016-07-21,108.15,108.15,0.059212
2016-07-22,108.13,108.13,-0.018493
2016-07-25,108.117,108.117,-0.012023
2016-07-26,108.187,108.187,0.064745
2016-07-27,108.208,108.208,0.019411
2016-07-28,108.237,108.237,0.0268
2016-07-29,108.31,108.31,0.067445
2016-08-01,108.539,108.539,0.21143
2016-08-02,108.506,108.506,-0.030404
2016-08-03,108.517,108.517,0.010138
2016-08-04,108.461,108.461,-0.051605
2016-08-05,108.608,108.608,0.135533
2016-08-08,108.68,108.68,0.066293
2016-08-09,108.864,108.864,0.169304
2016-08-10,109.017,109.017,0.140542
2016-08-11,108.95,108.95,-0.061458
2016-08-12,108.926,108.926,-0.022028
2016-08-15,108.762,108.762,-0.150561
2016-08-16,108.913,108.913,0.138835
2016-08-17,108.935,108.935,0.0202
2016-08-18,108.869,108.869,-0.060587
2016-08-19,108.736,108.736,-0.122165
2016-08-22,108.84,108.84,0.095644
2016-08-23,108.778,108.778,-0.056964
2016-08-24,108.566,108.566,-0.194892
2016-08-25,108.571,108.571,0.004605
2016-08-26,108.698,108.698,0.116974
2016-08-29,108.74,108.74,0.038639
2016-08-30,108.679,108.679,-0.056097
2016-08-31,108.687,108.687,0.007361
2016-09-01,108.551,108.551,-0.12513
2016-09-02,108.541,108.541,-0.009212
2016-09-05,108.563,108.563,0.020269
2016-09-06,108.411,108.411,-0.140011
2016-09-07,108.446,108.446,0.032285
2016-09-08,108.49,108.49,0.040573
2016-09-09,108.656,108.656,0.153009
2016-09-12,108.522,108.522,-0.123325
2016-09-13,108.575,108.575,0.048838
2016-09-14,108.674,108.674,0.091181
2016-09-19,108.701,108.701,0.024845
2016-09-20,108.762,108.762,0.056117
2016-09-21,108.744,108.744,-0.01655
2016-09-22,108.74,108.74,-0.003678
2016-09-23,108.763,108.763,0.021151
2016-09-26,108.793,108.793,0.027583
2016-09-27,108.811,108.811,0.016545
2016-09-28,108.879,108.879,0.062494
2016-09-29,108.984,108.984,0.096437
2016-09-30,109.047,109.047,0.057807
2016-10-10,109.065,109.065,0.016507
2016-10-11,109.087,109.087,0.020171
2016-10-12,109.088,109.088,0.000917
2016-10-13,109.117,109.117,0.026584
2016-10-14,109.207,109.207,0.08248
2016-10-17,109.305,109.305,0.089738
2016-10-18,109.32,109.32,0.013723
2016-10-19,109.364,109.364,0.040249
2016-10-20,109.497,109.497,0.121612
2016-10-21,109.652,109.652,0.141556
2016-10-24,109.647,109.647,-0.00456
2016-10-25,109.538,109.538,-0.09941
2016-10-26,109.384,109.384,-0.14059
2016-10-27,109.223,109.223,-0.147188
2016-10-28,109.414,109.414,0.174872
2016-10-31,109.353,109.353,-0.055752
2016-11-01,109.391,109.391,0.03475
2016-11-02,109.301,109.301,-0.082274
2016-11-03,109.369,109.369,0.062214
2016-11-04,109.501,109.501,0.120692
2016-11-07,109.384,109.384,-0.106848
2016-11-08,109.377,109.377,-0.006399
2016-11-09,109.405,109.405,0.0256
2016-11-10,109.342,109.342,-0.057584
2016-11-11,109.359,109.359,0.015548
2016-11-14,109.071,109.071,-0.263353
2016-11-15,108.8,108.8,-0.248462
2016-11-16,108.813,108.813,0.011949
2016-11-17,108.618,108.618,-0.179207
2016-11-18,108.391,108.391,-0.208989
2016-11-21,108.464,108.464,0.067349
2016-11-22,108.583,108.583,0.109714
2016-11-23,108.651,108.651,0.062625
2016-11-24,108.444,108.444,-0.190518
2016-11-25,108.187,108.187,-0.236989
2016-11-28,108.208,108.208,0.019411
2016-11-29,107.595,107.595,-0.566502
2016-11-30,107.584,107.584,-0.010224
2016-12-01,107.567,107.567,-0.015802
2016-12-02,107.594,107.594,0.025101
2016-12-05,107.554,107.554,-0.037177
2016-12-06,107.431,107.431,-0.114361
2016-12-07,107.388,107.388,-0.040026
2016-12-08,107.474,107.474,0.080083
2016-12-09,107.423,107.423,-0.047453
2016-12-12,106.627,106.627,-0.740996
2016-12-13,106.288,106.288,-0.317931
2016-12-14,105.92,105.92,-0.346229
2016-12-15,104.075,104.075,-1.74188
2016-12-16,104.534,104.534,0.441028
2016-12-19,105.173,105.173,0.611284
2016-12-20,105.072,105.072,-0.096032
2016-12-21,105.774,105.774,0.668113
2016-12-22,106.039,106.039,0.250534
2016-12-23,105.767,105.767,-0.256509
2016-12-26,105.769,105.769,0.001891
2016-12-27,105.886,105.886,0.110618
2016-12-28,106.13,106.13,0.230437
2016-12-29,106.571,106.571,0.415528
2016-12-30,106.609,106.609,0.035657
2017-01-03,106.606,106.606,-0.002814
2017-01-04,106.479,106.479,-0.11913
2017-01-05,106.505,106.505,0.024418
2017-01-06,106.503,106.503,-0.001878
2017-01-09,106.552,106.552,0.046008
2017-01-10,106.595,106.595,0.040356
2017-01-11,106.55,106.55,-0.042216
2017-01-12,106.616,106.616,0.061943
2017-01-13,106.644,106.644,0.026262
2017-01-16,106.274,106.274,-0.346949
2017-01-17,106.319,106.319,0.042343
2017-01-18,106.43,106.43,0.104403
2017-01-19,106.615,106.615,0.173823
2017-01-20,106.771,106.771,0.146321
2017-01-23,107.039,107.039,0.251004
2017-01-24,106.772,106.772,-0.249442
2017-01-25,106.593,106.593,-0.167647
2017-01-26,106.766,106.766,0.1623
2017-02-03,106.717,106.717,-0.045895
2017-02-06,106.605,106.605,-0.10495
2017-02-07,106.585,106.585,-0.018761
2017-02-08,106.564,106.564,-0.019703
2017-02-09,106.489,106.489,-0.07038
2017-02-10,106.189,106.189,-0.281719
2017-02-13,106.262,106.262,0.068745
2017-02-14,106.276,106.276,0.013175
2017-02-15,106.49,106.49,0.201362
2017-02-16,106.719,106.719,0.215044
2017-02-17,106.671,106.671,-0.044978
2017-02-20,106.606,106.606,-0.060935
2017-02-21,106.658,106.658,0.048778
2017-02-22,106.79,106.79,0.12376
2017-02-23,106.961,106.961,0.160127
2017-02-24,106.814,106.814,-0.137433
2017-02-27,106.902,106.902,0.082386
2017-02-28,107.021,107.021,0.111317
2017-03-01,107.049,107.049,0.026163
2017-03-02,106.854,106.854,-0.18216
2017-03-03,106.91,106.91,0.052408
2017-03-06,106.811,106.811,-0.092601
2017-03-07,106.833,106.833,0.020597
2017-03-08,106.841,106.841,0.007488
2017-03-09,106.77,106.77,-0.066454
2017-03-10,106.49,106.49,-0.262246
2017-03-13,106.347,106.347,-0.134285
2017-03-14,106.549,106.549,0.189944
2017-03-15,106.444,106.444,-0.098546
2017-03-16,106.772,106.772,0.308143
2017-03-17,106.793,106.793,0.019668
2017-03-20,106.829,106.829,0.03371
2017-03-21,106.67,106.67,-0.148836
2017-03-22,106.662,106.662,-0.0075
2017-03-23,106.71,106.71,0.045002
2017-03-24,106.923,106.923,0.199606
2017-03-27,106.979,106.979,0.052374
2017-03-28,106.809,106.809,-0.15891
2017-03-29,106.821,106.821,0.011235
2017-03-30,106.516,106.516,-0.285524
2017-03-31,106.713,106.713,0.184949
2017-04-05,106.7,106.7,-0.012182
2017-04-06,106.788,106.788,0.082474
2017-04-07,106.831,106.831,0.040267
2017-04-10,106.878,106.878,0.043995
2017-04-11,106.815,106.815,-0.058946
2017-04-12,106.789,106.789,-0.024341
2017-04-13,106.806,106.806,0.015919
2017-04-14,106.83,106.83,0.022471
2017-04-17,106.587,106.587,-0.227464
2017-04-18,106.49,106.49,-0.091005
2017-04-19,106.346,106.346,-0.135224
2017-04-20,106.278,106.278,-0.063942
2017-04-21,106.164,106.164,-0.107266
2017-04-24,105.924,105.924,-0.226065
2017-04-25,105.958,105.958,0.032098
2017-04-26,105.973,105.973,0.014157
2017-04-27,105.837,105.837,-0.128335
2017-04-28,105.879,105.879,0.039684
2017-05-02,105.94,105.94,0.057613
2017-05-03,105.799,105.799,-0.133094
2017-05-04,105.478,105.478,-0.303406
2017-05-05,105.363,105.363,-0.109027
2017-05-08,105.09,105.09,-0.259104
2017-05-09,105.12,105.12,0.028547
2017-05-10,104.712,104.712,-0.388128
2017-05-11,104.834,104.834,0.11651
2017-05-12,104.79,104.79,-0.041971
2017-05-15,104.923,104.923,0.126921
2017-05-16,104.771,104.771,-0.144868
2017-05-17,104.695,104.695,-0.072539
2017-05-18,104.879,104.879,0.175749
2017-05-19,104.528,104.528,-0.334671
2017-05-22,104.426,104.426,-0.097582
2017-05-23,104.4,104.4,-0.024898
2017-05-24,104.599,104.599,0.190613
2017-05-25,105.09,105.09,0.469412
2017-05-26,104.939,104.939,-0.143686
2017-05-31,105.124,105.124,0.176293
2017-06-01,105.403,105.403,0.265401
2017-06-02,105.619,105.619,0.204928
2017-06-05,105.712,105.712,0.088052
2017-06-06,105.62,105.62,-0.087029
2017-06-07,105.536,105.536,-0.07953
2017-06-08,105.447,105.447,-0.084331
2017-06-09,105.58,105.58,0.12613
2017-06-12,105.743,105.743,0.154385
2017-06-13,105.785,105.785,0.039719
2017-06-14,105.893,105.893,0.102094
2017-06-15,105.998,105.998,0.099157
2017-06-16,105.851,105.851,-0.138682
2017-06-19,106.007,106.007,0.147377
2017-06-20,106.068,106.068,0.057543
2017-06-21,105.886,105.886,-0.171588
2017-06-22,105.709,105.709,-0.167161
2017-06-23,105.707,105.707,-0.001892
2017-06-26,105.786,105.786,0.074735
2017-06-27,105.978,105.978,0.181498
2017-06-28,105.931,105.931,-0.044349
2017-06-29,105.802,105.802,-0.121777
2017-06-30,105.618,105.618,-0.17391
2017-07-03,105.709,105.709,0.08616
2017-07-04,105.778,105.778,0.065274
2017-07-05,105.693,105.693,-0.080357
2017-07-06,105.882,105.882,0.17882
2017-07-07,105.869,105.869,-0.012278
2017-07-10,105.747,105.747,-0.115237
2017-07-11,105.8,105.8,0.05012
2017-07-12,105.796,105.796,-0.003781
2017-07-13,105.707,105.707,-0.084124
2017-07-14,105.678,105.678,-0.027434
2017-07-17,105.728,105.728,0.047314
2017-07-18,105.447,105.447,-0.265776
2017-07-19,105.522,105.522,0.071126
2017-07-20,105.598,105.598,0.072023
2017-07-21,105.634,105.634,0.034092
2017-07-24,105.577,105.577,-0.05396
2017-07-25,105.53,105.53,-0.044517
2017-07-26,105.534,105.534,0.00379
2017-07-27,105.562,105.562,0.026532
2017-07-28,105.566,105.566,0.003789
2017-07-31,105.57,105.57,0.003789
2017-08-01,105.654,105.654,0.079568
2017-08-02,105.659,105.659,0.004732
2017-08-03,105.66,105.66,0.000946
2017-08-04,105.783,105.783,0.116411
2017-08-07,105.759,105.759,-0.022688
2017-08-08,105.65,105.65,-0.103065
2017-08-09,105.654,105.654,0.003786
2017-08-10,105.666,105.666,0.011358
2017-08-11,105.755,105.755,0.084228
2017-08-14,105.804,105.804,0.046334
2017-08-15,105.989,105.989,0.174852
2017-08-16,105.731,105.731,-0.243421
2017-08-17,105.834,105.834,0.097417
2017-08-18,105.853,105.853,0.017953
2017-08-21,105.814,105.814,-0.036844
2017-08-22,105.817,105.817,0.002835
2017-08-23,105.89,105.89,0.068987
2017-08-24,105.883,105.883,-0.006611
2017-08-25,105.908,105.908,0.023611
2017-08-28,105.876,105.876,-0.030215
2017-08-29,105.853,105.853,-0.021724
2017-08-30,105.826,105.826,-0.025507
2017-08-31,105.781,105.781,-0.042523
2017-09-01,105.841,105.841,0.056721
2017-09-04,105.884,105.884,0.040627
2017-09-05,105.813,105.813,-0.067055
2017-09-06,105.884,105.884,0.0671
2017-09-07,105.933,105.933,0.046277
2017-09-08,106.041,106.041,0.101951
2017-09-11,106.058,106.058,0.016032
2017-09-12,106.034,106.034,-0.022629
2017-09-13,105.934,105.934,-0.094309
2017-09-14,106.002,106.002,0.064191
2017-09-15,105.98,105.98,-0.020754
2017-09-18,105.904,105.904,-0.071712
2017-09-19,105.911,105.911,0.00661
2017-09-20,105.784,105.784,-0.119912
2017-09-21,105.746,105.746,-0.035922
2017-09-22,105.778,105.778,0.030261
2017-09-25,105.834,105.834,0.052941
2017-09-26,105.855,105.855,0.019842
2017-09-27,105.775,105.775,-0.075575
2017-09-28,105.798,105.798,0.021744
2017-09-29,105.76,105.76,-0.035918
2017-10-09,105.74,105.74,-0.018911
2017-10-10,105.77,105.77,0.028371
2017-10-11,105.783,105.783,0.012291
2017-10-12,105.755,105.755,-0.026469
2017-10-13,105.747,105.747,-0.007565
2017-10-16,105.673,105.673,-0.069978
2017-10-17,105.665,105.665,-0.007571
2017-10-18,105.506,105.506,-0.150476
2017-10-19,105.59,105.59,0.079616
2017-10-20,105.605,105.605,0.014206
2017-10-23,105.55,105.55,-0.052081
2017-10-24,105.543,105.543,-0.006632
2017-10-25,105.505,105.505,-0.036004
2017-10-26,105.399,105.399,-0.100469
2017-10-27,105.241,105.241,-0.149907
2017-10-30,105.023,105.023,-0.207144
2017-10-31,105.164,105.164,0.134256
2017-11-01,105.147,105.147,-0.016165
2017-11-02,105.104,105.104,-0.040895
2017-11-03,104.893,104.893,-0.200754
2017-11-06,104.989,104.989,0.091522
2017-11-07,105.094,105.094,0.10001
2017-11-08,105.256,105.256,0.154148
2017-11-09,105.242,105.242,-0.013301
2017-11-10,105.41,105.41,0.159632
2017-11-13,105.097,105.097,-0.296936
2017-11-14,104.968,104.968,-0.122744
2017-11-15,105.019,105.019,0.048586
2017-11-16,105.141,105.141,0.116169
2017-11-17,105.178,105.178,0.035191
2017-11-20,105.081,105.081,-0.092225
2017-11-21,105.034,105.034,-0.044727
2017-11-22,104.834,104.834,-0.190415
2017-11-23,104.724,104.724,-0.104928
2017-11-24,104.809,104.809,0.081166
2017-11-27,104.94,104.94,0.124989
2017-11-28,105.008,105.008,0.064799
2017-11-29,105.131,105.131,0.117134
2017-11-30,105.085,105.085,-0.043755
2017-12-01,105.215,105.215,0.123709
2017-12-04,105.363,105.363,0.140664
2017-12-05,105.5,105.5,0.130027
2017-12-06,104.776,104.776,-0.686256
2017-12-07,105.342,105.342,0.5402
2017-12-08,105.261,105.261,-0.076892
2017-12-11,105.242,105.242,-0.01805
2017-12-12,105.19,105.19,-0.04941
2017-12-13,105.201,105.201,0.010457
2017-12-14,105.233,105.233,0.030418
2017-12-15,105.259,105.259,0.024707
2017-12-18,105.327,105.327,0.064603
2017-12-19,105.416,105.416,0.084499
2017-12-20,105.41,105.41,-0.005692
2017-12-21,105.392,105.392,-0.017076
2017-12-22,105.434,105.434,0.039851
2017-12-25,105.462,105.462,0.026557
2017-12-26,105.481,105.481,0.018016
2017-12-27,105.495,105.495,0.013273
2017-12-28,105.088,105.088,-0.3858
2017-12-29,105.276,105.276,0.178898
2018-01-02,105.41,105.41,0.127284
2018-01-03,105.454,105.454,0.041742
2018-01-04,105.474,105.474,0.018966
2018-01-05,105.483,105.483,0.008533
2018-01-08,105.546,105.546,0.059725
2018-01-09,105.567,105.567,0.019897
2018-01-10,105.559,105.559,-0.007578
2018-01-11,105.461,105.461,-0.092839
2018-01-12,105.557,105.557,0.091029
2018-01-15,105.432,105.432,-0.118419
2018-01-16,105.435,105.435,0.002845
2018-01-17,105.421,105.421,-0.013278
2018-01-18,105.304,105.304,-0.110984
2018-01-19,105.447,105.447,0.135797
2018-01-22,105.535,105.535,0.083454
2018-01-23,105.576,105.576,0.03885
2018-01-24,105.705,105.705,0.122187
2018-01-25,105.798,105.798,0.087981
2018-01-26,105.827,105.827,0.027411
2018-01-29,105.882,105.882,0.051972
2018-01-30,105.876,105.876,-0.005667
2018-01-31,105.735,105.735,-0.133175
2018-02-01,105.758,105.758,0.021752
2018-02-02,105.81,105.81,0.049169
2018-02-05,105.886,105.886,0.071827
2018-02-06,105.872,105.872,-0.013222
2018-02-07,105.937,105.937,0.061395
2018-02-08,105.929,105.929,-0.007552
2018-02-09,106.279,106.279,0.33041
2018-02-12,106.404,106.404,0.117615
2018-02-13,106.402,106.402,-0.00188
2018-02-14,106.41,106.41,0.007519
2018-02-22,106.259,106.259,-0.141904
2018-02-23,106.218,106.218,-0.038585
2018-02-26,106.263,106.263,0.042366
2018-02-27,106.384,106.384,0.113868
2018-02-28,106.536,106.536,0.142879
2018-03-01,106.79,106.79,0.238417
2018-03-02,106.866,106.866,0.071168
2018-03-05,106.885,106.885,0.017779
2018-03-06,106.889,106.889,0.003742
2018-03-07,106.827,106.827,-0.058004
2018-03-08,106.86,106.86,0.030891
2018-03-09,106.751,106.751,-0.102003
2018-03-12,106.733,106.733,-0.016862
2018-03-13,106.703,106.703,-0.028108
2018-03-14,106.654,106.654,-0.045922
2018-03-15,106.669,106.669,0.014064
2018-03-16,106.705,106.705,0.033749
2018-03-19,106.742,106.742,0.034675
2018-03-20,106.719,106.719,-0.021547
2018-03-21,106.721,106.721,0.001874
2018-03-22,106.722,106.722,0.000937
2018-03-23,106.94,106.94,0.204269
2018-03-26,107.387,107.387,0.417991
2018-03-27,107.229,107.229,-0.147131
2018-03-28,107.178,107.178,-0.047562
2018-03-29,106.899,106.899,-0.260315
2018-03-30,107.103,107.103,0.190834
2018-04-02,107.084,107.084,-0.01774
2018-04-03,107.196,107.196,0.104591
2018-04-04,107.224,107.224,0.02612
2018-04-09,107.382,107.382,0.147355
2018-04-10,107.396,107.396,0.013038
2018-04-11,107.407,107.407,0.010242
2018-04-12,107.476,107.476,0.064242
2018-04-13,107.666,107.666,0.176784
2018-04-16,107.976,107.976,0.287927
2018-04-17,107.894,107.894,-0.075943
2018-04-18,108.384,108.384,0.454149
2018-04-19,108.154,108.154,-0.212208
2018-04-20,108.005,108.005,-0.137767
2018-04-23,107.995,107.995,-0.009259
2018-04-24,108.142,108.142,0.136117
2018-04-25,108.234,108.234,0.085073
2018-04-26,108.201,108.201,-0.030489
2018-04-27,108.249,108.249,0.044362
2018-05-02,108.165,108.165,-0.077599
2018-05-03,108.318,108.318,0.141451
2018-05-04,108.191,108.191,-0.117247
2018-05-07,108.192,108.192,0.000924
2018-05-08,108.092,108.092,-0.092428
2018-05-09,107.897,107.897,-0.180402
2018-05-10,107.901,107.901,0.003707
2018-05-11,107.973,107.973,0.066728
2018-05-14,107.979,107.979,0.005557
2018-05-15,107.956,107.956,-0.0213
2018-05-16,107.977,107.977,0.019452
2018-05-17,107.934,107.934,-0.039823
2018-05-18,107.937,107.937,0.002779
2018-05-21,107.953,107.953,0.014823
2018-05-22,108.006,108.006,0.049095
2018-05-23,108.104,108.104,0.090736
2018-05-24,108.185,108.185,0.074928
2018-05-25,108.383,108.383,0.18302
2018-05-28,108.2,108.2,-0.168846
2018-05-29,108.062,108.062,-0.127542
2018-05-30,108.028,108.028,-0.031463
2018-05-31,108.039,108.039,0.010183
2018-06-01,108.079,108.079,0.037024
2018-06-04,108.163,108.163,0.077721
2018-06-05,108.044,108.044,-0.110019
2018-06-06,108.037,108.037,-0.006479
2018-06-07,108.008,108.008,-0.026843
2018-06-08,108.021,108.021,0.012036
2018-06-11,108.135,108.135,0.105535
2018-06-12,107.97,107.97,-0.152587
2018-06-13,107.983,107.983,0.01204
2018-06-14,107.987,107.987,0.003704
2018-06-15,108.046,108.046,0.054636
2018-06-19,108.308,108.308,0.242489
2018-06-20,108.293,108.293,-0.013849
2018-06-21,108.23,108.23,-0.058176
2018-06-22,108.306,108.306,0.070221
2018-06-25,108.452,108.452,0.134803
2018-06-26,108.5,108.5,0.044259
2018-06-27,108.437,108.437,-0.058065
2018-06-28,108.129,108.129,-0.284036
2018-06-29,108.746,108.746,0.570615
2018-07-02,108.732,108.732,-0.012874
2018-07-03,108.663,108.663,-0.063459
2018-07-04,108.89,108.89,0.208903
2018-07-05,108.886,108.886,-0.003673
2018-07-06,108.881,108.881,-0.004592
2018-07-09,108.825,108.825,-0.051432
2018-07-10,108.731,108.731,-0.086377
2018-07-11,108.696,108.696,-0.03219
2018-07-12,108.663,108.663,-0.03036
2018-07-13,108.788,108.788,0.115035
2018-07-16,108.987,108.987,0.182925
2018-07-17,109.133,109.133,0.133961
2018-07-18,109.171,109.171,0.03482
2018-07-19,109.288,109.288,0.107171
2018-07-20,109.24,109.24,-0.043921
2018-07-23,109.349,109.349,0.09978
2018-07-24,109.102,109.102,-0.225882
2018-07-25,109.115,109.115,0.011915
2018-07-26,109.3,109.3,0.169546
2018-07-27,109.129,109.129,-0.15645
2018-07-30,109.2,109.2,0.065061
2018-07-31,109.308,109.308,0.098901
2018-08-01,109.6,109.6,0.267135
2018-08-02,109.687,109.687,0.07938
2018-08-03,109.783,109.783,0.087522
2018-08-06,109.86,109.86,0.070138
2018-08-07,109.925,109.925,0.059166
2018-08-08,109.81,109.81,-0.104617
2018-08-09,109.667,109.667,-0.130225
2018-08-10,109.54,109.54,-0.115805
2018-08-13,109.4,109.4,-0.127807
2018-08-14,109.65,109.65,0.228519
2018-08-15,109.311,109.311,-0.309166
2018-08-16,109.272,109.272,-0.035678
2018-08-17,108.524,108.524,-0.68453
2018-08-20,108.569,108.569,0.041465
2018-08-21,108.574,108.574,0.004605
2018-08-22,108.627,108.627,0.048815
2018-08-23,108.741,108.741,0.104946
2018-08-24,108.904,108.904,0.149897
2018-08-27,108.868,108.868,-0.033057
2018-08-28,109.026,109.026,0.14513
2018-08-29,109.18,109.18,0.141251
2018-08-30,109.171,109.171,-0.008243
2018-08-31,109.349,109.349,0.163047
2018-09-03,109.2,109.2,-0.136261
2018-09-04,109.031,109.031,-0.154762
2018-09-05,109.168,109.168,0.125652
2018-09-06,109.123,109.123,-0.041221
2018-09-07,109.032,109.032,-0.083392
2018-09-10,109.05,109.05,0.016509
2018-09-11,108.841,108.841,-0.191655
2018-09-12,109.022,109.022,0.166298
2018-09-13,108.993,108.993,-0.0266
2018-09-14,108.972,108.972,-0.019267
2018-09-17,108.973,108.973,0.000918
2018-09-18,108.94,108.94,-0.030283
2018-09-19,108.978,108.978,0.034882
2018-09-20,109.014,109.014,0.033034
2018-09-21,109.15,109.15,0.124755
2018-09-25,109.148,109.148,-0.001832
2018-09-26,109.265,109.265,0.107194
2018-09-27,109.318,109.318,0.048506
2018-09-28,109.618,109.618,0.274429
2018-10-08,109.89,109.89,0.248134
2018-10-09,109.885,109.885,-0.00455
2018-10-10,109.436,109.436,-0.408609
2018-10-11,109.828,109.828,0.3582
2018-10-12,109.957,109.957,0.117456
2018-10-15,110.089,110.089,0.120047
2018-10-16,110.079,110.079,-0.009084
2018-10-17,110.14,110.14,0.055415
2018-10-18,110.37,110.37,0.208825
2018-10-19,110.403,110.403,0.029899
2018-10-22,110.218,110.218,-0.167568
2018-10-23,110.244,110.244,0.02359
2018-10-24,110.265,110.265,0.019049
2018-10-25,110.188,110.188,-0.069832
2018-10-26,110.186,110.186,-0.001815
2018-10-29,110.198,110.198,0.010891
2018-10-30,110.157,110.157,-0.037206
2018-10-31,110.195,110.195,0.034496
2018-11-01,110.28,110.28,0.077136
2018-11-02,110.061,110.061,-0.198585
2018-11-05,110.221,110.221,0.145374
2018-11-06,110.335,110.335,0.103429
2018-11-07,110.51,110.51,0.158608
2018-11-08,110.656,110.656,0.132115
2018-11-09,110.591,110.591,-0.058741
2018-11-12,110.822,110.822,0.208878
2018-11-13,110.716,110.716,-0.095649
2018-11-14,110.927,110.927,0.190578
2018-11-15,111.319,111.319,0.353386
2018-11-16,111.438,111.438,0.1069
2018-11-19,111.395,111.395,-0.038586
2018-11-20,111.155,111.155,-0.21545
2018-11-21,111.219,111.219,0.057577
2018-11-22,111.15,111.15,-0.06204
2018-11-23,110.581,110.581,-0.511921
2018-11-26,110.575,110.575,-0.005426
2018-11-27,110.608,110.608,0.029844
2018-11-28,110.612,110.612,0.003616
2018-11-29,110.615,110.615,0.002712
2018-11-30,110.645,110.645,0.027121
2018-12-03,110.73,110.73,0.076822
2018-12-04,111.065,111.065,0.302538
2018-12-05,111.331,111.331,0.239499
2018-12-06,111.587,111.587,0.229945
2018-12-07,111.541,111.541,-0.041223
2018-12-10,111.722,111.722,0.162272
2018-12-11,111.878,111.878,0.139632
2018-12-12,111.897,111.897,0.016983
2018-12-13,111.709,111.709,-0.168012
2018-12-14,111.555,111.555,-0.137858
2018-12-17,111.65,111.65,0.08516
2018-12-18,111.74,111.74,0.080609
2018-12-19,111.885,111.885,0.129766
2018-12-20,111.694,111.694,-0.170711
2018-12-21,111.937,111.937,0.217559
2018-12-24,111.921,111.921,-0.014294
2018-12-25,111.872,111.872,-0.043781
2018-12-26,111.859,111.859,-0.01162
2018-12-27,111.898,111.898,0.034865
2018-12-28,112.483,112.483,0.522798
2019-01-02,112.157,112.157,-0.289822
2019-01-03,112.21,112.21,0.047255
2019-01-04,112.417,112.417,0.184476
2019-01-07,112.528,112.528,0.09874
2019-01-08,112.512,112.512,-0.014219
2019-01-09,112.514,112.514,0.001778
2019-01-10,112.507,112.507,-0.006221
2019-01-11,112.461,112.461,-0.040886
2019-01-14,112.36,112.36,-0.089809
2019-01-15,112.394,112.394,0.03026
2019-01-16,112.489,112.489,0.084524
2019-01-17,112.561,112.561,0.064006
2019-01-18,112.493,112.493,-0.060412
2019-01-21,112.37,112.37,-0.10934
2019-01-22,112.405,112.405,0.031147
2019-01-23,112.378,112.378,-0.02402
2019-01-24,112.415,112.415,0.032925
2019-01-25,112.411,112.411,-0.003558
2019-01-28,112.388,112.388,-0.020461
2019-01-29,112.46,112.46,0.064064
2019-01-30,112.544,112.544,0.074693
2019-01-31,112.614,112.614,0.062198
2019-02-01,112.72,112.72,0.094127
2019-02-11,112.832,112.832,0.099361
2019-02-12,112.899,112.899,0.05938
2019-02-13,112.922,112.922,0.020372
2019-02-14,112.834,112.834,-0.07793
2019-02-15,112.958,112.958,0.109896
2019-02-18,112.829,112.829,-0.114202
2019-02-19,112.773,112.773,-0.049633
2019-02-20,112.813,112.813,0.035469
2019-02-21,112.771,112.771,-0.03723
2019-02-22,112.696,112.696,-0.066506
2019-02-25,112.45,112.45,-0.218286
2019-02-26,112.146,112.146,-0.270342
2019-02-27,112.489,112.489,0.305851
2019-02-28,112.334,112.334,-0.137791
2019-03-01,112.312,112.312,-0.019584
2019-03-04,112.253,112.253,-0.052532
2019-03-05,112.202,112.202,-0.045433
2019-03-06,112.128,112.128,-0.065952
2019-03-07,112.247,112.247,0.106129
2019-03-08,112.378,112.378,0.116707
2019-03-11,112.283,112.283,-0.084536
2019-03-12,112.32,112.32,0.032952
2019-03-13,112.333,112.333,0.011574
2019-03-14,112.257,112.257,-0.067656
2019-03-15,112.256,112.256,-0.000891
2019-03-18,112.243,112.243,-0.011581
2019-03-19,112.253,112.253,0.008909
2019-03-20,112.284,112.284,0.027616
2019-03-21,112.289,112.289,0.004453
2019-03-22,112.374,112.374,0.075698
2019-03-25,112.583,112.583,0.185986
2019-03-26,112.746,112.746,0.144782
2019-03-27,112.658,112.658,-0.078052
2019-03-28,112.766,112.766,0.095865
2019-03-29,112.752,112.752,-0.012415
2019-04-01,112.629,112.629,-0.109089
2019-04-02,112.611,112.611,-0.015982
2019-04-03,112.346,112.346,-0.235323
2019-04-04,112.314,112.314,-0.028483
2019-04-08,112.024,112.024,-0.258205
2019-04-09,112.032,112.032,0.007141
2019-04-10,111.666,111.666,-0.326692
2019-04-11,112.067,112.067,0.359107
2019-04-12,111.951,111.951,-0.10351
2019-04-15,111.763,111.763,-0.167931
2019-04-16,111.675,111.675,-0.078738
2019-04-17,111.747,111.747,0.064473
2019-04-18,111.749,111.749,0.00179
2019-04-19,111.848,111.848,0.088591
2019-04-22,111.917,111.917,0.061691
2019-04-23,111.819,111.819,-0.087565
2019-04-24,111.677,111.677,-0.126991
2019-04-25,111.806,111.806,0.115512
2019-04-26,111.897,111.897,0.081391
2019-04-29,111.729,111.729,-0.150138
2019-04-30,111.974,111.974,0.219281
2019-05-06,111.99,111.99,0.014289
2019-05-07,112.233,112.233,0.216984
2019-05-08,112.227,112.227,-0.005346
2019-05-09,112.27,112.27,0.038315
2019-05-10,112.275,112.275,0.004454
2019-05-13,112.375,112.375,0.089067
2019-05-14,112.277,112.277,-0.087208
2019-05-15,112.272,112.272,-0.004453
2019-05-16,112.311,112.311,0.034737
2019-05-17,112.473,112.473,0.144242
2019-05-20,112.466,112.466,-0.006224
2019-05-21,112.375,112.375,-0.080913
2019-05-22,112.348,112.348,-0.024027
2019-05-23,112.465,112.465,0.104141
2019-05-24,112.551,112.551,0.076468
2019-05-27,112.344,112.344,-0.183917
2019-05-28,112.502,112.502,0.140639
2019-05-29,112.586,112.586,0.074665
2019-05-30,112.71,112.71,0.110138
2019-05-31,112.846,112.846,0.120664
2019-06-03,112.886,112.886,0.035447
2019-06-04,112.891,112.891,0.004429
2019-06-05,112.946,112.946,0.04872
2019-06-06,112.882,112.882,-0.056664
2019-06-10,112.818,112.818,-0.056696
2019-06-11,112.622,112.622,-0.173731
2019-06-12,112.684,112.684,0.055051
2019-06-13,112.684,112.684,0.0
2019-06-14,112.834,112.834,0.133116
2019-06-17,112.893,112.893,0.052289
2019-06-18,112.919,112.919,0.023031
2019-06-19,112.951,112.951,0.028339
2019-06-20,112.98,112.98,0.025675
2019-06-21,113.093,113.093,0.100018
2019-06-24,113.047,113.047,-0.040674
2019-06-25,113.079,113.079,0.028307
2019-06-26,113.065,113.065,-0.012381
2019-06-27,113.037,113.037,-0.024765
2019-06-28,113.053,113.053,0.014155
2019-07-01,113.074,113.074,0.018575
2019-07-02,113.209,113.209,0.119391
2019-07-03,113.589,113.589,0.335662
2019-07-04,113.44,113.44,-0.131175
2019-07-05,113.417,113.417,-0.020275
2019-07-08,113.403,113.403,-0.012344
2019-07-09,113.47,113.47,0.059081
2019-07-10,113.401,113.401,-0.060809
2019-07-11,113.404,113.404,0.002645
2019-07-12,113.403,113.403,-0.000882
2019-07-15,113.443,113.443,0.035272
2019-07-16,113.446,113.446,0.002644
2019-07-17,113.445,113.445,-0.000881
2019-07-18,113.492,113.492,0.04143
2019-07-19,113.527,113.527,0.030839
2019-07-22,113.532,113.532,0.004404
2019-07-23,113.572,113.572,0.035232
2019-07-24,113.56,113.56,-0.010566
2019-07-25,113.531,113.531,-0.025537
2019-07-26,113.551,113.551,0.017616
2019-07-29,113.537,113.537,-0.012329
2019-07-30,113.531,113.531,-0.005285
2019-07-31,113.58,113.58,0.04316
2019-08-01,113.646,113.646,0.058109
2019-08-02,113.83,113.83,0.161906
2019-08-05,114.18,114.18,0.307476
2019-08-06,114.384,114.384,0.178665
2019-08-07,114.022,114.022,-0.316478
2019-08-08,114.036,114.036,0.012278
2019-08-09,114.317,114.317,0.246413
2019-08-12,114.53,114.53,0.186324
2019-08-13,114.519,114.519,-0.009604
2019-08-14,114.4,114.4,-0.103913
2019-08-15,114.416,114.416,0.013986
2019-08-16,114.318,114.318,-0.085652
2019-08-19,114.122,114.122,-0.171452
2019-08-20,114.11,114.11,-0.010515
2019-08-21,114.155,114.155,0.039436
2019-08-22,114.123,114.123,-0.028032
2019-08-23,113.917,113.917,-0.180507
2019-08-26,114.148,114.148,0.202779
2019-08-27,114.11,114.11,-0.03329
2019-08-28,114.13,114.13,0.017527
2019-08-29,114.16,114.16,0.026286
2019-08-30,114.081,114.081,-0.069201
2019-09-02,114.039,114.039,-0.036816
2019-09-03,113.937,113.937,-0.089443
2019-09-04,113.941,113.941,0.003511
2019-09-05,114.05,114.05,0.095664
2019-09-06,114.431,114.431,0.334064
2019-09-09,114.321,114.321,-0.096128
2019-09-10,114.272,114.272,-0.042862
2019-09-11,114.211,114.211,-0.053381
2019-09-12,114.089,114.089,-0.10682
2019-09-16,114.074,114.074,-0.013148
2019-09-17,114.122,114.122,0.042078
2019-09-18,114.076,114.076,-0.040308
2019-09-19,114.1,114.1,0.021039
2019-09-20,114.158,114.158,0.050833
2019-09-23,114.219,114.219,0.053435
2019-09-24,114.17,114.17,-0.0429
2019-09-25,114.172,114.172,0.001752
2019-09-26,114.144,114.144,-0.024524
2019-09-27,114.051,114.051,-0.081476
2019-09-30,114.289,114.289,0.208679
2019-10-08,114.241,114.241,-0.041999
2019-10-09,114.354,114.354,0.098914
2019-10-10,114.259,114.259,-0.083075
2019-10-11,114.194,114.194,-0.056888
2019-10-14,114.151,114.151,-0.037655
2019-10-15,114.181,114.181,0.026281
2019-10-16,114.17,114.17,-0.009634
2019-10-17,114.221,114.221,0.04467
2019-10-18,114.146,114.146,-0.065662
2019-10-21,113.908,113.908,-0.208505
2019-10-22,114.001,114.001,0.081645
2019-10-23,114.041,114.041,0.035087
2019-10-24,114.057,114.057,0.01403
2019-10-25,114.105,114.105,0.042084
2019-10-28,113.917,113.917,-0.164761
2019-10-29,113.85,113.85,-0.058815
2019-10-30,113.802,113.802,-0.042161
2019-10-31,113.85,113.85,0.042179
2019-11-01,113.911,113.911,0.053579
2019-11-04,113.846,113.846,-0.057062
2019-11-05,113.95,113.95,0.091351
2019-11-06,114.101,114.101,0.132514
2019-11-07,114.021,114.021,-0.070113
2019-11-08,113.969,113.969,-0.045606
2019-11-11,114.119,114.119,0.131615
2019-11-12,114.16,114.16,0.035927
2019-11-13,114.173,114.173,0.011388
2019-11-14,114.113,114.113,-0.052552
2019-11-15,114.211,114.211,0.08588
2019-11-18,114.528,114.528,0.277556
2019-11-19,114.585,114.585,0.049769
2019-11-20,114.521,114.521,-0.055854
2019-11-21,114.593,114.593,0.062871
2019-11-22,114.563,114.563,-0.02618
2019-11-25,114.46,114.46,-0.089907
2019-11-26,114.45,114.45,-0.008737
2019-11-27,114.489,114.489,0.034076
2019-11-28,114.486,114.486,-0.00262
2019-11-29,114.665,114.665,0.156351
2019-12-02,114.824,114.824,0.138665
2019-12-03,114.91,114.91,0.074897
2019-12-04,114.891,114.891,-0.016535
2019-12-05,114.871,114.871,-0.017408
2019-12-06,114.85,114.85,-0.018281
2019-12-09,114.679,114.679,-0.14889
2019-12-10,114.609,114.609,-0.06104
2019-12-11,114.646,114.646,0.032284
2019-12-12,114.648,114.648,0.001745
2019-12-13,114.651,114.651,0.002617
2019-12-16,114.636,114.636,-0.013083
2019-12-17,114.58,114.58,-0.04885
2019-12-18,114.612,114.612,0.027928
2019-12-19,114.642,114.642,0.026175
2019-12-20,114.772,114.772,0.113396
2019-12-23,114.916,114.916,0.125466
2019-12-24,115.246,115.246,0.287166
2019-12-25,115.21,115.21,-0.031238
2019-12-26,115.359,115.359,0.129329
2019-12-27,115.587,115.587,0.197644
2019-12-30,115.527,115.527,-0.051909
2019-12-31,115.741,115.741,0.185238
2020-01-02,115.267,115.267,-0.409535
2020-01-03,115.156,115.156,-0.096298
2020-01-06,115.281,115.281,0.108548
2020-01-07,115.226,115.226,-0.04771
2020-01-08,115.359,115.359,0.115425
2020-01-09,115.464,115.464,0.09102
2020-01-10,115.586,115.586,0.105661
2020-01-13,115.589,115.589,0.002595
2020-01-14,115.679,115.679,0.077862
2020-01-15,115.73,115.73,0.044088
2020-01-16,115.538,115.538,-0.165903
2020-01-17,115.65,115.65,0.096938
2020-01-20,115.704,115.704,0.046693
2020-01-21,116.27,116.27,0.489179
2020-01-22,115.991,115.991,-0.239959
2020-01-23,116.689,116.689,0.601771
2020-02-03,118.487,118.487,1.54085
2020-02-04,117.226,117.226,-1.06425
2020-02-05,117.415,117.415,0.161227
2020-02-06,117.065,117.065,-0.298088
2020-02-07,117.256,117.256,0.163157
2020-02-10,117.459,117.459,0.173125
2020-02-11,117.532,117.532,0.062149
2020-02-12,117.412,117.412,-0.1021
2020-02-13,117.237,117.237,-0.149048
2020-02-14,117.233,117.233,-0.003412
2020-02-17,117.056,117.056,-0.150981
2020-02-18,117.033,117.033,-0.019649
2020-02-19,117.059,117.059,0.022216
2020-02-20,116.914,116.914,-0.123869
2020-02-21,117.033,117.033,0.101784
2020-02-24,117.26,117.26,0.193962
2020-02-25,117.191,117.191,-0.058844
2020-02-26,117.205,117.205,0.011946
2020-02-27,117.328,117.328,0.104944
2020-02-28,117.854,117.854,0.448316
2020-03-02,117.639,117.639,-0.182429
2020-03-03,117.661,117.661,0.018701
2020-03-04,117.84,117.84,0.152132
2020-03-05,117.866,117.866,0.022064
2020-03-06,118.03,118.03,0.139141
2020-03-09,118.863,118.863,0.705753
2020-03-10,118.494,118.494,-0.310441
2020-03-11,118.493,118.493,-0.000844
2020-03-12,118.591,118.591,0.082705
2020-03-13,118.102,118.102,-0.412342
2020-03-16,117.957,117.957,-0.122775
2020-03-17,117.681,117.681,-0.233984
2020-03-18,117.681,117.681,0.0
2020-03-19,117.369,117.369,-0.265124
2020-03-20,117.591,117.591,0.189147
2020-03-23,118.187,118.187,0.506842
2020-03-24,118.202,118.202,0.012692
2020-03-25,118.221,118.221,0.016074
2020-03-26,118.487,118.487,0.225002
2020-03-27,118.69,118.69,0.171327
2020-03-30,118.848,118.848,0.13312
2020-03-31,119.083,119.083,0.197732
2020-04-01,119.315,119.315,0.194822
2020-04-02,119.161,119.161,-0.12907
2020-04-03,119.103,119.103,-0.048674
2020-04-07,119.752,119.752,0.544907
2020-04-08,120.275,120.275,0.436736
2020-04-09,120.415,120.415,0.1164
2020-04-10,120.174,120.174,-0.200141
2020-04-13,120.348,120.348,0.14479
2020-04-14,120.388,120.388,0.033237
2020-04-15,120.977,120.977,0.489251
2020-04-16,120.853,120.853,-0.102499
2020-04-17,120.774,120.774,-0.065369
2020-04-20,120.765,120.765,-0.007452
2020-04-21,120.829,120.829,0.052995
2020-04-22,121.283,121.283,0.375738
2020-04-23,121.678,121.678,0.325685
2020-04-24,121.754,121.754,0.06246
2020-04-27,121.786,121.786,0.026283
2020-04-28,121.919,121.919,0.109208
2020-04-29,122.288,122.288,0.30266
2020-04-30,122.325,122.325,0.030256
2020-05-06,122.066,122.066,-0.211731
2020-05-07,121.337,121.337,-0.597218
2020-05-08,121.175,121.175,-0.133512
2020-05-11,120.903,120.903,-0.224469
2020-05-12,121.078,121.078,0.144744
2020-05-13,121.01,121.01,-0.056162
2020-05-14,121.214,121.214,0.168581
2020-05-15,121.426,121.426,0.174897
2020-05-18,120.992,120.992,-0.357419
2020-05-19,120.8,120.8,-0.158688
2020-05-20,120.398,120.398,-0.332781
2020-05-21,120.424,120.424,0.021595
2020-05-22,120.97,120.97,0.453398
2020-05-25,120.648,120.648,-0.266182
2020-05-26,119.969,119.969,-0.562794
2020-05-27,119.677,119.677,-0.243396
2020-05-28,119.918,119.918,0.201375
2020-05-29,119.782,119.782,-0.113411
2020-06-01,119.611,119.611,-0.142759
2020-06-02,119.028,119.028,-0.487413
2020-06-03,118.716,118.716,-0.262123
2020-06-04,118.591,118.591,-0.105293
2020-06-05,118.458,118.458,-0.11215
2020-06-08,118.779,118.779,0.270982
2020-06-09,118.849,118.849,0.058933
2020-06-10,118.541,118.541,-0.259152
2020-06-11,118.716,118.716,0.147628
2020-06-12,118.901,118.901,0.155834
2020-06-15,119.039,119.039,0.116063
2020-06-16,118.362,118.362,-0.568721
2020-06-17,117.9,117.9,-0.390328
2020-06-18,117.861,117.861,-0.033079
2020-06-19,117.69,117.69,-0.145086
2020-06-22,117.832,117.832,0.120656
2020-06-23,117.291,117.291,-0.459128
2020-06-24,117.788,117.788,0.423732
2020-06-29,118.035,118.035,0.209699
2020-06-30,117.886,117.886,-0.126234
2020-07-01,118.048,118.048,0.137421
2020-07-02,118.184,118.184,0.115207
2020-07-03,118.035,118.035,-0.126075
2020-07-06,117.306,117.306,-0.617613
2020-07-07,116.988,116.988,-0.271086
2020-07-08,116.765,116.765,-0.190618
2020-07-09,116.777,116.777,0.010277
2020-07-10,117.143,117.143,0.313418
2020-07-13,116.83,116.83,-0.267195
2020-07-14,117.29,117.29,0.393734
2020-07-15,117.507,117.507,0.185012
2020-07-16,117.906,117.906,0.339554
2020-07-17,117.691,117.691,-0.182349
2020-07-20,117.433,117.433,-0.219218
2020-07-21,117.659,117.659,0.19245
2020-07-22,118.092,118.092,0.368013
2020-07-23,118.382,118.382,0.245571
2020-07-24,118.251,118.251,-0.110659
2020-07-27,118.38,118.38,0.10909
2020-07-28,118.138,118.138,-0.204426
2020-07-29,118.002,118.002,-0.11512
2020-07-30,117.875,117.875,-0.107625
2020-07-31,117.646,117.646,-0.194274
2020-08-03,117.546,117.546,-0.085001
2020-08-04,117.561,117.561,0.012761
2020-08-05,117.616,117.616,0.046784
2020-08-06,117.511,117.511,-0.089274
2020-08-07,117.506,117.506,-0.004255
2020-08-10,117.501,117.501,-0.004255
2020-08-11,117.478,117.478,-0.019574
2020-08-12,117.056,117.056,-0.359216
2020-08-13,117.168,117.168,0.095681
2020-08-14,117.191,117.191,0.01963
2020-08-17,117.319,117.319,0.109223
2020-08-18,117.397,117.397,0.066485
2020-08-19,117.28,117.28,-0.099662
2020-08-20,117.012,117.012,-0.228513
2020-08-21,117.034,117.034,0.018801
2020-08-24,117.01,117.01,-0.020507
2020-08-25,116.756,116.756,-0.217075
2020-08-26,116.635,116.635,-0.103635
2020-08-27,116.375,116.375,-0.222918
2020-08-28,116.293,116.293,-0.070462
2020-08-31,116.378,116.378,0.073091
2020-09-01,116.743,116.743,0.313633
2020-09-02,116.605,116.605,-0.118208
2020-09-03,116.582,116.582,-0.019725
2020-09-04,116.386,116.386,-0.168122
2020-09-07,116.102,116.102,-0.244016
2020-09-08,116.318,116.318,0.186043
2020-09-09,116.431,116.431,0.097147
2020-09-10,116.667,116.667,0.202695
2020-09-11,116.596,116.596,-0.060857
2020-09-14,116.385,116.385,-0.180967
2020-09-15,116.516,116.516,0.112557
2020-09-16,116.565,116.565,0.042054
2020-09-17,116.6,116.6,0.030026
2020-09-18,116.604,116.604,0.003431
2020-09-21,116.948,116.948,0.295016
2020-09-22,117.107,117.107,0.135958
2020-09-23,117.072,117.072,-0.029887
2020-09-24,116.971,116.971,-0.086272
2020-09-25,116.845,116.845,-0.107719
2020-09-28,116.744,116.744,-0.086439
2020-09-29,116.636,116.636,-0.09251
2020-09-30,116.59,116.59,-0.039439
2020-10-09,116.413,116.413,-0.151814
2020-10-12,116.49,116.49,0.066144
2020-10-13,116.326,116.326,-0.140785
2020-10-14,116.319,116.319,-0.006018
2020-10-15,116.181,116.181,-0.118639
2020-10-16,116.371,116.371,0.163538
2020-10-19,116.619,116.619,0.213112
2020-10-20,116.661,116.661,0.036015
2020-10-21,116.768,116.768,0.091719
2020-10-22,116.891,116.891,0.105337
2020-10-23,116.713,116.713,-0.152279
2020-10-26,116.6,116.6,-0.096819
2020-10-27,116.832,116.832,0.198971
2020-10-28,116.765,116.765,-0.057347
2020-10-29,116.71,116.71,-0.047103
2020-10-30,116.851,116.851,0.120812
2020-11-02,117.067,117.067,0.184851
2020-11-03,117.026,117.026,-0.035023
2020-11-04,117.104,117.104,0.066652
2020-11-05,116.973,116.973,-0.111866
2020-11-06,116.806,116.806,-0.142768
2020-11-09,116.624,116.624,-0.155814
2020-11-10,116.658,116.658,0.029154
2020-11-11,116.642,116.642,-0.013715
2020-11-12,116.591,116.591,-0.043724
2020-11-13,116.332,116.332,-0.222144
2020-11-16,116.536,116.536,0.17536
2020-11-17,116.469,116.469,-0.057493
2020-11-18,116.302,116.302,-0.143386
2020-11-19,116.237,116.237,-0.055889
2020-11-20,116.237,116.237,0.0
2020-11-23,116.547,116.547,0.266696
2020-11-24,116.414,116.414,-0.114117
2020-11-25,116.475,116.475,0.052399
2020-11-26,116.441,116.441,-0.029191
2020-11-27,116.394,116.394,-0.040364
2020-11-30,116.676,116.676,0.242281
2020-12-01,116.489,116.489,-0.160273
2020-12-02,116.523,116.523,0.029187
2020-12-03,116.432,116.432,-0.078096
2020-12-04,116.625,116.625,0.165762
2020-12-07,116.558,116.558,-0.057449
2020-12-08,116.608,116.608,0.042897
2020-12-09,116.654,116.654,0.039448
2020-12-10,116.653,116.653,-0.000857
2020-12-11,116.513,116.513,-0.120014
2020-12-14,116.405,116.405,-0.092694
2020-12-15,116.608,116.608,0.174391
2020-12-16,116.674,116.674,0.0566
2020-12-17,116.626,116.626,-0.04114
2020-12-18,116.556,116.556,-0.060021
2020-12-21,116.699,116.699,0.122688
2020-12-22,116.918,116.918,0.187662
2020-12-23,116.988,116.988,0.059871
2020-12-24,117.011,117.011,0.01966
2020-12-25,117.141,117.141,0.111101
2020-12-28,117.021,117.021,-0.102441
2020-12-29,117.09,117.09,0.058964
2020-12-30,117.156,117.156,0.056367
2020-12-31,117.202,117.202,0.039264
2021-01-04,117.014,117.014,-0.160407
2021-01-05,117.132,117.132,0.100843
2021-01-06,117.383,117.383,0.214288
2021-01-07,117.454,117.454,0.060486
2021-01-08,117.399,117.399,-0.046827
2021-01-11,117.282,117.282,-0.09966
2021-01-12,117.408,117.408,0.107433
2021-01-13,117.647,117.647,0.203564
2021-01-14,117.898,117.898,0.21335
2021-01-15,117.75,117.75,-0.125532
2021-01-18,117.582,117.582,-0.142675
2021-01-19,117.358,117.358,-0.190505
2021-01-20,117.553,117.553,0.166158
2021-01-21,117.7,117.7,0.12505
2021-01-22,117.755,117.755,0.046729
2021-01-25,117.758,117.758,0.002548
2021-01-26,117.342,117.342,-0.353267
2021-01-27,117.37,117.37,0.023862
2021-01-28,117.276,117.276,-0.080089
2021-01-29,117.3,117.3,0.020465
2021-02-01,117.419,117.419,0.101449
2021-02-02,117.481,117.481,0.052802
2021-02-03,117.556,117.556,0.06384
2021-02-04,117.528,117.528,-0.023818
2021-02-05,117.337,117.337,-0.162514
2021-02-08,117.197,117.197,-0.119314
2021-02-09,117.184,117.184,-0.011092
2021-02-10,117.356,117.356,0.146778
2021-02-18,117.239,117.239,-0.099697
2021-02-19,117.255,117.255,0.013647
2021-02-22,117.309,117.309,0.046053
2021-02-23,117.439,117.439,0.110818
2021-02-24,117.661,117.661,0.189034
2021-02-25,117.646,117.646,-0.012748
2021-02-26,117.398,117.398,-0.210802
2021-03-01,117.393,117.393,-0.004259
2021-03-02,117.873,117.873,0.408883
2021-03-03,117.794,117.794,-0.067021
2021-03-04,117.742,117.742,-0.044145
2021-03-05,117.881,117.881,0.118055
2021-03-08,117.88,117.88,-0.000848
2021-03-09,117.744,117.744,-0.115372
2021-03-10,117.819,117.819,0.063698
2021-03-11,117.734,117.734,-0.072145
2021-03-12,117.744,117.744,0.008494
2021-03-15,117.681,117.681,-0.053506
2021-03-16,117.517,117.517,-0.13936
2021-03-17,117.563,117.563,0.039143
2021-03-18,117.508,117.508,-0.046783
2021-03-19,117.484,117.484,-0.020424
2021-03-22,117.5,117.5,0.013619
2021-03-23,117.529,117.529,0.024681
2021-03-24,117.68,117.68,0.128479
2021-03-25,117.775,117.775,0.080727
2021-03-26,117.61,117.61,-0.140098
2021-03-29,117.6,117.6,-0.008503
2021-03-30,117.792,117.792,0.163265
2021-03-31,117.824,117.824,0.027167
2021-04-01,117.79,117.79,-0.028857
2021-04-02,117.972,117.972,0.154512
2021-04-06,117.894,117.894,-0.066117
2021-04-07,117.877,117.877,-0.01442
2021-04-08,117.719,117.719,-0.134038
2021-04-09,117.715,117.715,-0.003398
2021-04-12,117.939,117.939,0.19029
2021-04-13,118.203,118.203,0.223845
2021-04-14,118.163,118.163,-0.03384
2021-04-15,118.169,118.169,0.005078
2021-04-16,118.229,118.229,0.050775
2021-04-19,118.151,118.151,-0.065974
2021-04-20,118.212,118.212,0.051629
2021-04-21,118.445,118.445,0.197104
2021-04-22,118.347,118.347,-0.082739
2021-04-23,118.636,118.636,0.244197
2021-04-26,118.471,118.471,-0.139081
2021-04-27,118.373,118.373,-0.082721
2021-04-28,118.288,118.288,-0.071807
2021-04-29,118.342,118.342,0.045651
2021-04-30,118.49,118.49,0.125061
2021-05-06,118.523,118.523,0.02785
2021-05-07,118.477,118.477,-0.038811
2021-05-10,118.54,118.54,0.053175
2021-05-11,118.782,118.782,0.20415
2021-05-12,118.79,118.79,0.006735
2021-05-13,118.616,118.616,-0.146477
2021-05-14,118.629,118.629,0.01096
2021-05-17,118.777,118.777,0.124759
2021-05-18,118.746,118.746,-0.026099
2021-05-19,118.949,118.949,0.170953
2021-05-20,119.119,119.119,0.142918
2021-05-21,119.241,119.241,0.102419
2021-05-24,119.267,119.267,0.021805
2021-05-25,119.057,119.057,-0.176076
2021-05-26,119.115,119.115,0.048716
2021-05-27,119.024,119.024,-0.076397
2021-05-28,119.022,119.022,-0.00168
2021-05-31,118.792,118.792,-0.193242
2021-06-01,118.961,118.961,0.142265
2021-06-02,118.875,118.875,-0.072293
2021-06-03,118.856,118.856,-0.015983
2021-06-04,118.905,118.905,0.041226
2021-06-07,118.766,118.766,-0.1169
2021-06-08,118.786,118.786,0.01684
2021-06-09,118.75,118.75,-0.030307
2021-06-10,118.778,118.778,0.023579
2021-06-11,118.602,118.602,-0.148176
2021-06-15,118.58,118.58,-0.018549
2021-06-16,118.827,118.827,0.208298
2021-06-17,118.763,118.763,-0.05386
2021-06-18,118.858,118.858,0.079991
2021-06-21,119.117,119.117,0.217907
2021-06-22,119.051,119.051,-0.055408
2021-06-23,119.02,119.02,-0.026039
2021-06-24,118.937,118.937,-0.069736
2021-06-25,118.981,118.981,0.036994
2021-06-28,119.121,119.121,0.117666
2021-06-29,119.268,119.268,0.123404
2021-06-30,119.413,119.413,0.121575
2021-07-01,119.375,119.375,-0.031822
2021-07-02,119.357,119.357,-0.015079
2021-07-05,119.372,119.372,0.012567
2021-07-06,119.408,119.408,0.030158
2021-07-07,119.545,119.545,0.114733
2021-07-08,119.727,119.727,0.152244
2021-07-09,119.777,119.777,0.041762
2021-07-12,119.802,119.802,0.020872
2021-07-13,120.102,120.102,0.250413
2021-07-14,120.169,120.169,0.055786
2021-07-15,119.912,119.912,-0.213865
2021-07-16,119.99,119.99,0.065048
2021-07-19,120.004,120.004,0.011668
2021-07-20,120.094,120.094,0.074998
2021-07-21,120.211,120.211,0.097424
2021-07-22,120.231,120.231,0.016637
2021-07-23,120.276,120.276,0.037428
2021-07-26,120.591,120.591,0.261898
2021-07-27,120.746,120.746,0.128534
2021-07-28,120.611,120.611,-0.111805
2021-07-29,120.536,120.536,-0.062183
2021-07-30,120.716,120.716,0.149333
2021-08-02,121.06,121.06,0.284966
2021-08-03,121.001,121.001,-0.048736
2021-08-04,120.924,120.924,-0.063636
2021-08-05,120.874,120.874,-0.041348
2021-08-06,120.909,120.909,0.028956
2021-08-09,120.621,120.621,-0.238196
2021-08-10,120.505,120.505,-0.096169
2021-08-11,120.383,120.383,-0.101241
2021-08-12,120.49,120.49,0.088883
2021-08-13,120.722,120.722,0.192547
2021-08-16,120.717,120.717,-0.004142
2021-08-17,120.915,120.915,0.16402
2021-08-18,120.992,120.992,0.063681
2021-08-19,120.978,120.978,-0.011571
2021-08-20,121.056,121.056,0.064475
2021-08-23,120.982,120.982,-0.061129
2021-08-24,120.93,120.93,-0.042982
2021-08-25,120.975,120.975,0.037212
2021-08-26,120.667,120.667,-0.254598
2021-08-27,120.705,120.705,0.031492
2021-08-30,120.75,120.75,0.037281
2021-08-31,120.923,120.923,0.143271
2021-09-01,120.99,120.99,0.055407
2021-09-02,120.983,120.983,-0.005786
2021-09-03,121.018,121.018,0.02893
2021-09-06,120.914,120.914,-0.085938
2021-09-07,120.818,120.818,-0.079395
2021-09-08,120.783,120.783,-0.028969
2021-09-09,120.797,120.797,0.011591
2021-09-10,120.795,120.795,-0.001656
2021-09-13,120.749,120.749,-0.038081
2021-09-14,120.682,120.682,-0.055487
2021-09-15,120.705,120.705,0.019058
2021-09-16,120.54,120.54,-0.136697
2021-09-17,120.648,120.648,0.089597
2021-09-22,120.711,120.711,0.052218
2021-09-23,120.876,120.876,0.13669
2021-09-24,120.865,120.865,-0.0091
2021-09-27,120.861,120.861,-0.003309
2021-09-28,120.879,120.879,0.014893
2021-09-29,121.181,121.181,0.249837
2021-09-30,121.239,121.239,0.047862
2021-10-08,121.038,121.038,-0.165788
2021-10-11,120.88,120.88,-0.130538
2021-10-12,120.696,120.696,-0.152217
2021-10-13,120.65,120.65,-0.038112
2021-10-14,120.679,120.679,0.024036
2021-10-15,120.66,120.66,-0.015744
2021-10-18,120.282,120.282,-0.313277
2021-10-19,120.27,120.27,-0.009977
2021-10-20,120.31,120.31,0.033259
2021-10-21,120.488,120.488,0.147951
2021-10-22,120.343,120.343,-0.120344
2021-10-25,120.37,120.37,0.022436
2021-10-26,120.463,120.463,0.077262
2021-10-27,120.499,120.499,0.029885
2021-10-28,120.479,120.479,-0.016598
2021-10-29,120.576,120.576,0.080512
2021-11-01,120.667,120.667,0.075471
2021-11-02,120.768,120.768,0.083701
2021-11-03,120.866,120.866,0.081147
2021-11-04,120.822,120.822,-0.036404
2021-11-05,120.95,120.95,0.105941
2021-11-08,121.063,121.063,0.093427
2021-11-09,120.955,120.955,-0.08921
2021-11-10,121.118,121.118,0.134761
2021-11-11,121.083,121.083,-0.028897
2021-11-12,120.945,120.945,-0.113971
2021-11-15,121.039,121.039,0.077721
2021-11-16,121.087,121.087,0.039657
2021-11-17,121.089,121.089,0.001652
2021-11-18,121.171,121.171,0.067719
2021-11-19,121.098,121.098,-0.060245
2021-11-22,121.146,121.146,0.039637
2021-11-23,121.148,121.148,0.001651
2021-11-24,121.239,121.239,0.075115
2021-11-25,121.31,121.31,0.058562
2021-11-26,121.564,121.564,0.209381
2021-11-29,121.401,121.401,-0.134086
2021-11-30,121.419,121.419,0.014827
2021-12-01,121.36,121.36,-0.048592
2021-12-02,121.294,121.294,-0.054384
2021-12-03,121.12,121.12,-0.143453
2021-12-06,121.371,121.371,0.207232
2021-12-07,121.314,121.314,-0.046963
2021-12-08,121.345,121.345,0.025554
2021-12-09,121.3,121.3,-0.037084
2021-12-10,121.379,121.379,0.065128
2021-12-13,121.375,121.375,-0.003295
2021-12-14,121.572,121.572,0.162307
2021-12-15,121.583,121.583,0.009048
2021-12-16,121.544,121.544,-0.032077
2021-12-17,121.72,121.72,0.144804
2021-12-20,121.696,121.696,-0.019717
2021-12-21,121.645,121.645,-0.041908
2021-12-22,121.719,121.719,0.060833
2021-12-23,121.749,121.749,0.024647
2021-12-24,121.74,121.74,-0.007392
2021-12-27,121.851,121.851,0.091178
2021-12-28,121.911,121.911,0.04924
2021-12-29,121.942,121.942,0.025428
2021-12-30,122.262,122.262,0.26242
2021-12-31,122.369,122.369,0.087517
2022-01-04,122.308,122.308,-0.049849
2022-01-05,122.173,122.173,-0.110377
2022-01-06,122.104,122.104,-0.056477
2022-01-07,122.114,122.114,0.00819
2022-01-10,122.258,122.258,0.117923
2022-01-11,122.43,122.43,0.140686
2022-01-12,122.478,122.478,0.039206
2022-01-13,122.463,122.463,-0.012247
2022-01-14,122.759,122.759,0.241706
2022-01-17,122.722,122.722,-0.03014
2022-01-18,123.088,123.088,0.298235
2022-01-19,123.028,123.028,-0.048746
2022-01-20,123.006,123.006,-0.017882
2022-01-21,123.316,123.316,0.25202
2022-01-24,123.765,123.765,0.364105
2022-01-25,123.732,123.732,-0.026663
2022-01-26,123.149,123.149,-0.47118
2022-01-27,123.096,123.096,-0.043037
2022-01-28,123.354,123.354,0.209593
2022-02-07,123.243,123.243,-0.089985
2022-02-08,123.394,123.394,0.122522
2022-02-09,123.461,123.461,0.054298
2022-02-10,123.577,123.577,0.093957
2022-02-11,123.036,123.036,-0.437784
2022-02-14,122.925,122.925,-0.090217
2022-02-15,122.927,122.927,0.001627
2022-02-16,123.024,123.024,0.078909
2022-02-17,123.035,123.035,0.008941
2022-02-18,122.957,122.957,-0.063397
2022-02-21,122.675,122.675,-0.229348
2022-02-22,122.606,122.606,-0.056246
2022-02-23,122.739,122.739,0.108478
2022-02-24,122.783,122.783,0.035848
2022-02-25,122.86,122.86,0.062712
2022-02-28,122.903,122.903,0.034999
2022-03-01,122.684,122.684,-0.178189
2022-03-02,122.627,122.627,-0.046461
2022-03-03,122.633,122.633,0.004893
2022-03-04,122.573,122.573,-0.048926
2022-03-07,122.838,122.838,0.216198
2022-03-08,122.965,122.965,0.103388
2022-03-09,122.69,122.69,-0.223641
2022-03-10,122.742,122.742,0.042383
2022-03-11,122.969,122.969,0.184941
2022-03-14,123.33,123.33,0.29357
2022-03-15,122.864,122.864,-0.377848
2022-03-16,122.8,122.8,-0.05209
2022-03-17,122.824,122.824,0.019544
2022-03-18,122.995,122.995,0.139224
2022-03-21,122.945,122.945,-0.040652
2022-03-22,122.8,122.8,-0.117939
2022-03-23,122.841,122.841,0.033388
2022-03-24,122.945,122.945,0.084662
2022-03-25,123.05,123.05,0.085404
2022-03-28,123.055,123.055,0.004063
2022-03-29,122.997,122.997,-0.047133
2022-03-30,122.967,122.967,-0.024391
2022-03-31,122.866,122.866,-0.082136
2022-04-01,123.024,123.024,0.128595
2022-04-06,123.14,123.14,0.094291
2022-04-07,123.285,123.285,0.117752
2022-04-08,123.456,123.456,0.138703
2022-04-11,123.2,123.2,-0.207361
2022-04-12,123.247,123.247,0.038149
2022-04-13,123.284,123.284,0.030021
2022-04-14,123.485,123.485,0.163038
2022-04-15,123.373,123.373,-0.090699
2022-04-18,123.225,123.225,-0.119961
2022-04-19,123.274,123.274,0.039765
2022-04-20,123.31,123.31,0.029203
2022-04-21,123.2,123.2,-0.089206
2022-04-22,123.168,123.168,-0.025974
2022-04-25,123.175,123.175,0.005683
2022-04-26,123.247,123.247,0.058453
2022-04-27,123.206,123.206,-0.033267
2022-04-28,123.138,123.138,-0.055192
2022-04-29,123.269,123.269,0.106385
2022-05-05,123.27,123.27,0.000811
2022-05-06,123.175,123.175,-0.077067
2022-05-09,123.257,123.257,0.066572
2022-05-10,123.519,123.519,0.212564
2022-05-11,123.422,123.422,-0.07853
2022-05-12,123.49,123.49,0.055096
2022-05-13,123.598,123.598,0.087456
2022-05-16,123.583,123.583,-0.012136
2022-05-17,123.732,123.732,0.120567
2022-05-18,123.93,123.93,0.160023
2022-05-19,123.826,123.826,-0.083918
2022-05-20,123.757,123.757,-0.055723
2022-05-23,123.812,123.812,0.044442
2022-05-24,123.874,123.874,0.050076
2022-05-25,123.974,123.974,0.080727
2022-05-26,124.206,124.206,0.187136
2022-05-27,123.99,123.99,-0.173905
2022-05-30,123.84,123.84,-0.120977
2022-05-31,123.721,123.721,-0.096092
2022-06-01,123.685,123.685,-0.029098
2022-06-02,123.664,123.664,-0.016979
2022-06-06,123.705,123.705,0.033154
2022-06-07,123.699,123.699,-0.00485
2022-06-08,123.669,123.669,-0.024252
2022-06-09,123.69,123.69,0.016981
2022-06-10,123.644,123.644,-0.03719
2022-06-13,123.638,123.638,-0.004853
2022-06-14,123.577,123.577,-0.049338
2022-06-15,123.52,123.52,-0.046125
2022-06-16,123.515,123.515,-0.004048
2022-06-17,123.62,123.62,0.08501
2022-06-20,123.604,123.604,-0.012943
2022-06-21,123.587,123.587,-0.013754
2022-06-22,123.682,123.682,0.076869
2022-06-23,123.682,123.682,0.0
2022-06-24,123.689,123.689,0.00566
2022-06-27,123.497,123.497,-0.155228
2022-06-28,123.512,123.512,0.012146
2022-06-29,123.611,123.611,0.080154
2022-06-30,123.615,123.615,0.003236
2022-07-01,123.797,123.797,0.147231
2022-07-04,123.576,123.576,-0.178518
2022-07-05,123.458,123.458,-0.095488
2022-07-06,123.495,123.495,0.02997
2022-07-07,123.503,123.503,0.006478
2022-07-08,123.446,123.446,-0.046153
2022-07-11,123.491,123.491,0.036453
2022-07-12,123.567,123.567,0.061543
2022-07-13,123.643,123.643,0.061505
2022-07-14,123.742,123.742,0.080069
2022-07-15,123.918,123.918,0.142231
2022-07-18,123.829,123.829,-0.071822
2022-07-19,123.781,123.781,-0.038763
2022-07-20,123.832,123.832,0.041202
2022-07-21,123.905,123.905,0.058951
2022-07-22,123.998,123.998,0.075058
2022-07-25,124.019,124.019,0.016936
2022-07-26,124.147,124.147,0.10321
2022-07-27,124.156,124.156,0.007249
2022-07-28,124.13,124.13,-0.020941
2022-07-29,124.389,124.389,0.208652
2022-08-01,124.584,124.584,0.156766
2022-08-02,124.767,124.767,0.146889
2022-08-03,124.723,124.723,-0.035266
2022-08-04,124.875,124.875,0.12187
2022-08-05,124.685,124.685,-0.152152
2022-08-08,124.71,124.71,0.020051
2022-08-09,124.624,124.624,-0.06896
2022-08-10,124.677,124.677,0.042528
2022-08-11,124.642,124.642,-0.028073
2022-08-12,124.645,124.645,0.002407
2022-08-15,125.095,125.095,0.361025
2022-08-16,125.274,125.274,0.143091
2022-08-17,125.304,125.304,0.023948
2022-08-18,125.39,125.39,0.068633
2022-08-19,125.479,125.479,0.070979
2022-08-22,125.485,125.485,0.004782
2022-08-23,125.395,125.395,-0.071722
2022-08-24,125.365,125.365,-0.023924
2022-08-25,125.281,125.281,-0.067004
2022-08-26,125.222,125.222,-0.047094
2022-08-29,125.23,125.23,0.006389
2022-08-30,125.346,125.346,0.09263
2022-08-31,125.398,125.398,0.041485
2022-09-01,125.411,125.411,0.010367
2022-09-02,125.565,125.565,0.122796
2022-09-05,125.619,125.619,0.043006
2022-09-06,125.575,125.575,-0.035027
2022-09-07,125.581,125.581,0.004778
2022-09-08,125.533,125.533,-0.038222
2022-09-09,125.422,125.422,-0.088423
2022-09-13,125.316,125.316,-0.084515
2022-09-14,125.203,125.203,-0.090172
2022-09-15,125.198,125.198,-0.003994
2022-09-16,125.083,125.083,-0.091855
2022-09-19,125.098,125.098,0.011992
2022-09-20,125.242,125.242,0.11511
2022-09-21,125.268,125.268,0.02076
2022-09-22,125.265,125.265,-0.002395
2022-09-23,125.138,125.138,-0.101385
2022-09-26,124.836,124.836,-0.241334
2022-09-27,124.838,124.838,0.001602
2022-09-28,124.795,124.795,-0.034445
2022-09-29,124.574,124.574,-0.17709
2022-09-30,124.67,124.67,0.077063
2022-10-10,124.88,124.88,0.168445
2022-10-11,125.049,125.049,0.13533
2022-10-12,124.961,124.961,-0.070372
2022-10-13,125.048,125.048,0.069622
2022-10-14,125.34,125.34,0.23351
2022-10-17,125.155,125.155,-0.147599
2022-10-18,125.136,125.136,-0.015181
2022-10-19,125.229,125.229,0.074319
2022-10-20,125.139,125.139,-0.071868
2022-10-21,125.154,125.154,0.011987
2022-10-24,125.265,125.265,0.088691
2022-10-25,125.187,125.187,-0.062268
2022-10-26,125.193,125.193,0.004793
2022-10-27,125.284,125.284,0.072688
2022-10-28,125.465,125.465,0.144472
2022-10-31,125.558,125.558,0.074124
2022-11-01,125.427,125.427,-0.104334
2022-11-02,125.31,125.31,-0.093281
2022-11-03,125.427,125.427,0.093368
2022-11-04,125.303,125.303,-0.098862
2022-11-07,125.302,125.302,-0.000798
2022-11-08,125.331,125.331,0.023144
2022-11-09,125.4,125.4,0.055054
2022-11-10,125.309,125.309,-0.072568
2022-11-11,125.057,125.057,-0.201103
2022-11-14,124.711,124.711,-0.276674
2022-11-15,124.57,124.57,-0.113061
2022-11-16,124.371,124.371,-0.15975
2022-11-17,124.53,124.53,0.127843
2022-11-18,124.46,124.46,-0.056211
2022-11-21,124.699,124.699,0.19203
2022-11-22,124.753,124.753,0.043304
2022-11-23,124.973,124.973,0.176348
2022-11-24,125.133,125.133,0.128028
2022-11-25,124.89,124.89,-0.194193
2022-11-28,124.653,124.653,-0.189767
2022-11-29,124.304,124.304,-0.279977
2022-11-30,124.398,124.398,0.075621
2022-12-01,124.472,124.472,0.059486
2022-12-02,124.511,124.511,0.031332
2022-12-05,124.454,124.454,-0.045779
2022-12-06,124.321,124.321,-0.106867
2022-12-07,124.245,124.245,-0.061132
2022-12-08,124.431,124.431,0.149704
2022-12-09,124.321,124.321,-0.088402
2022-12-12,124.342,124.342,0.016892
2022-12-13,124.045,124.045,-0.238857
2022-12-14,124.31,124.31,0.213632
2022-12-15,124.391,124.391,0.06516
2022-12-16,124.359,124.359,-0.025725
2022-12-19,124.547,124.547,0.151175
2022-12-20,124.559,124.559,0.009635
2022-12-21,124.489,124.489,-0.056198
2022-12-22,124.53,124.53,0.032935
2022-12-23,124.568,124.568,0.030515
2022-12-26,124.517,124.517,-0.040941
2022-12-27,124.531,124.531,0.011243
2022-12-28,124.716,124.716,0.148557
2022-12-29,124.787,124.787,0.056929
2022-12-30,124.994,124.994,0.165883
2023-01-03,124.957,124.957,-0.029601
2023-01-04,125.178,125.178,0.176861
2023-01-05,125.111,125.111,-0.053524
2023-01-06,124.847,124.847,-0.211013
2023-01-09,124.85,124.85,0.002403
2023-01-10,124.775,124.775,-0.060072
2023-01-11,124.64,124.64,-0.108195
2023-01-12,124.675,124.675,0.028081
2023-01-13,124.703,124.703,0.022458
2023-01-16,124.6,124.6,-0.082596
2023-01-17,124.609,124.609,0.007223
2023-01-18,124.59,124.59,-0.015248
2023-01-19,124.619,124.619,0.023276
2023-01-20,124.744,124.744,0.100306
2023-01-30,124.744,124.744,0.0
2023-01-31,124.728,124.728,-0.012826
2023-02-01,124.777,124.777,0.039285
2023-02-02,124.862,124.862,0.068122
2023-02-03,124.908,124.908,0.036841
2023-02-06,124.846,124.846,-0.049637
2023-02-07,124.865,124.865,0.015219
2023-02-08,124.908,124.908,0.034437
2023-02-09,124.918,124.918,0.008006
2023-02-10,124.969,124.969,0.040827
2023-02-13,124.979,124.979,0.008002
2023-02-14,124.983,124.983,0.003201
2023-02-15,124.989,124.989,0.004801
2023-02-16,124.977,124.977,-0.009601
2023-02-17,124.992,124.992,0.012002
2023-02-20,124.898,124.898,-0.075205
2023-02-21,124.857,124.857,-0.032827
2023-02-22,124.882,124.882,0.020023
2023-02-23,124.88,124.88,-0.001602
2023-02-24,124.883,124.883,0.002402
2023-02-27,124.862,124.862,-0.016816
2023-02-28,124.844,124.844,-0.014416
2023-03-01,124.853,124.853,0.007209
2023-03-02,124.881,124.881,0.022426
2023-03-03,124.864,124.864,-0.013613
2023-03-06,124.953,124.953,0.071278
2023-03-07,125.053,125.053,0.08003
2023-03-08,125.122,125.122,0.055177
2023-03-09,125.141,125.141,0.015185
2023-03-10,125.19,125.19,0.039156
2023-03-13,125.185,125.185,-0.003994
2023-03-14,125.228,125.228,0.034349
2023-03-15,125.197,125.197,-0.024755
2023-03-16,125.256,125.256,0.047126
2023-03-17,125.326,125.326,0.055886
2023-03-20,125.411,125.411,0.067823
2023-03-21,125.349,125.349,-0.049437
2023-03-22,125.343,125.343,-0.004787
2023-03-23,125.317,125.317,-0.020743
2023-03-24,125.263,125.263,-0.043091
2023-03-27,125.273,125.273,0.007983
2023-03-28,125.297,125.297,0.019158
2023-03-29,125.325,125.325,0.022347
2023-03-30,125.36,125.36,0.027927
2023-03-31,125.37,125.37,0.007977
2023-04-03,125.36,125.36,-0.007976
2023-04-04,125.404,125.404,0.035099
2023-04-06,125.444,125.444,0.031897
2023-04-07,125.477,125.477,0.026307
2023-04-10,125.587,125.587,0.087665
2023-04-11,125.632,125.632,0.035832
2023-04-12,125.665,125.665,0.026267
2023-04-13,125.636,125.636,-0.023077
2023-04-14,125.601,125.601,-0.027858
2023-04-17,125.573,125.573,-0.022293
2023-04-18,125.626,125.626,0.042207
2023-04-19,125.702,125.702,0.060497
2023-04-20,125.682,125.682,-0.015911
2023-04-21,125.741,125.741,0.046944
2023-04-24,125.774,125.774,0.026244
2023-04-25,125.784,125.784,0.007951
2023-04-26,125.785,125.785,0.000795
2023-04-27,125.968,125.968,0.145486
2023-04-28,126.025,126.025,0.04525
2023-05-04,126.137,126.137,0.088871
2023-05-05,126.369,126.369,0.183927
2023-05-08,126.305,126.305,-0.050645
2023-05-09,126.353,126.353,0.038003
2023-05-10,126.523,126.523,0.134544
2023-05-11,126.701,126.701,0.140686
2023-05-12,126.63,126.63,-0.056037
2023-05-15,126.7,126.7,0.055279
2023-05-16,126.63,126.63,-0.055249
2023-05-17,126.618,126.618,-0.009476
2023-05-18,126.578,126.578,-0.031591
2023-05-19,126.664,126.664,0.067942
2023-05-22,126.825,126.825,0.127108
2023-05-23,127.15,127.15,0.256259
2023-05-24,127.073,127.073,-0.060558
2023-05-25,126.91,126.91,-0.128273
2023-05-26,126.904,126.904,-0.004728
2023-05-29,126.934,126.934,0.02364
2023-05-30,127.04,127.04,0.083508
2023-05-31,127.108,127.108,0.053526
2023-06-01,127.216,127.216,0.084967
2023-06-02,127.038,127.038,-0.13992
2023-06-05,127.169,127.169,0.103119
2023-06-06,127.218,127.218,0.038531
2023-06-07,127.343,127.343,0.098257
2023-06-08,127.283,127.283,-0.047117
2023-06-09,127.36,127.36,0.060495
2023-06-12,127.434,127.434,0.058103
2023-06-13,127.58,127.58,0.114569
2023-06-14,127.675,127.675,0.074463
2023-06-15,127.327,127.327,-0.272567
2023-06-16,127.048,127.048,-0.219121
2023-06-19,127.086,127.086,0.02991
2023-06-20,127.112,127.112,0.020459
2023-06-21,127.25,127.25,0.108566
2023-06-26,127.329,127.329,0.062083
2023-06-27,127.253,127.253,-0.059688
2023-06-28,127.275,127.275,0.017288
2023-06-29,127.241,127.241,-0.026714
2023-06-30,127.419,127.419,0.139892
2023-07-03,127.479,127.479,0.047089
2023-07-04,127.457,127.457,-0.017258
2023-07-05,127.646,127.646,0.148285
2023-07-06,127.689,127.689,0.033687
2023-07-07,127.702,127.702,0.010181
2023-07-10,127.694,127.694,-0.006265
2023-07-11,127.71,127.71,0.01253
2023-07-12,127.707,127.707,-0.002349
2023-07-13,127.689,127.689,-0.014095
2023-07-14,127.648,127.648,-0.032109
2023-07-17,127.74,127.74,0.072073
2023-07-18,127.822,127.822,0.064193
2023-07-19,127.856,127.856,0.026599
2023-07-20,127.853,127.853,-0.002346
2023-07-21,127.986,127.986,0.104026
2023-07-24,128.022,128.022,0.028128
2023-07-25,127.691,127.691,-0.258549
2023-07-26,127.715,127.715,0.018795
2023-07-27,127.827,127.827,0.087695
2023-07-28,127.736,127.736,-0.07119
2023-07-31,127.617,127.617,-0.093161
2023-08-01,127.711,127.711,0.073658
2023-08-02,127.716,127.716,0.003915
2023-08-03,127.773,127.773,0.04463
2023-08-04,127.817,127.817,0.034436
2023-08-07,127.873,127.873,0.043813
2023-08-08,127.9,127.9,0.021115
2023-08-09,127.925,127.925,0.019547
2023-08-10,127.874,127.874,-0.039867
2023-08-11,127.912,127.912,0.029717
2023-08-14,127.978,127.978,0.051598
2023-08-15,128.251,128.251,0.213318
2023-08-16,128.322,128.322,0.05536
2023-08-17,128.28,128.28,-0.03273
2023-08-18,128.347,128.347,0.052229
2023-08-21,128.468,128.468,0.094276
2023-08-22,128.394,128.394,-0.057602
2023-08-23,128.381,128.381,-0.010125
2023-08-24,128.35,128.35,-0.024147
2023-08-25,128.287,128.287,-0.049085
2023-08-28,128.122,128.122,-0.128618
2023-08-29,127.96,127.96,-0.126442
2023-08-30,128.213,128.213,0.197718
2023-08-31,128.239,128.239,0.020279
2023-09-01,128.098,128.098,-0.109951
2023-09-04,127.778,127.778,-0.249809
2023-09-05,127.873,127.873,0.074348
2023-09-06,127.773,127.773,-0.078203
2023-09-07,127.612,127.612,-0.126005
2023-09-08,127.717,127.717,0.082281
2023-09-11,127.717,127.717,0.0
2023-09-12,127.74,127.74,0.018009
2023-09-13,127.874,127.874,0.104901
2023-09-14,127.941,127.941,0.052395
2023-09-15,127.875,127.875,-0.051586
2023-09-18,127.733,127.733,-0.111046
2023-09-19,127.718,127.718,-0.011743
2023-09-20,127.666,127.666,-0.040715
2023-09-21,127.763,127.763,0.07598
2023-09-22,127.668,127.668,-0.074356
2023-09-25,127.641,127.641,-0.021149
2023-09-26,127.492,127.492,-0.116734
2023-09-27,127.194,127.194,-0.23374
2023-09-28,127.772,127.772,0.454424
2023-10-09,127.883,127.883,0.086873
2023-10-10,127.789,127.789,-0.073505
2023-10-11,127.549,127.549,-0.18781
2023-10-12,127.53,127.53,-0.014896
2023-10-13,127.639,127.639,0.08547
2023-10-16,127.653,127.653,0.010968
2023-10-17,127.588,127.588,-0.050919
2023-10-18,127.563,127.563,-0.019594
2023-10-19,127.328,127.328,-0.184223
2023-10-20,127.43,127.43,0.080108
2023-10-23,127.552,127.552,0.095739
2023-10-24,127.49,127.49,-0.048608
2023-10-25,127.644,127.644,0.120794
2023-10-26,127.8,127.8,0.122215
2023-10-27,127.74,127.74,-0.046948
2023-10-30,127.916,127.916,0.13778
2023-10-31,127.956,127.956,0.031271
2023-11-01,127.983,127.983,0.021101
2023-11-02,128.081,128.081,0.076573
2023-11-03,128.072,128.072,-0.007027
2023-11-06,128.035,128.035,-0.02889
2023-11-07,128.07,128.07,0.027336
2023-11-08,128.083,128.083,0.010151
2023-11-09,128.09,128.09,0.005465
2023-11-10,128.095,128.095,0.003904
2023-11-13,128.253,128.253,0.123346
2023-11-14,128.242,128.242,-0.008577
2023-11-15,128.239,128.239,-0.002339
2023-11-16,128.315,128.315,0.059264
2023-11-17,128.327,128.327,0.009352
2023-11-20,128.257,128.257,-0.054548
2023-11-21,128.196,128.196,-0.047561
2023-11-22,128.045,128.045,-0.117788
2023-11-23,127.88,127.88,-0.128861
2023-11-24,127.976,127.976,0.07507
2023-11-27,127.957,127.957,-0.014847
2023-11-28,127.945,127.945,-0.009378
2023-11-29,127.897,127.897,-0.037516
2023-11-30,127.991,127.991,0.073497
2023-12-01,128.09,128.09,0.077349
2023-12-04,127.995,127.995,-0.074167
2023-12-05,127.981,127.981,-0.010938
2023-12-06,127.963,127.963,-0.014065
2023-12-07,128.034,128.034,0.055485
2023-12-08,128.1,128.1,0.051549
2023-12-11,128.285,128.285,0.144418
2023-12-12,128.273,128.273,-0.009354
2023-12-13,128.455,128.455,0.141885
2023-12-14,128.331,128.331,-0.096532
2023-12-15,128.448,128.448,0.09117
2023-12-18,128.555,128.555,0.083302
2023-12-19,128.542,128.542,-0.010112
2023-12-20,128.451,128.451,-0.070794
2023-12-21,128.5,128.5,0.038147
2023-12-22,128.677,128.677,0.137743
2023-12-25,128.785,128.785,0.083931
2023-12-26,128.887,128.887,0.079202
2023-12-27,129.016,129.016,0.100088
2023-12-28,129.135,129.135,0.092237
2023-12-29,129.253,129.253,0.091377
2024-01-02,129.142,129.142,-0.085878
2024-01-03,129.107,129.107,-0.027102
2024-01-04,129.21,129.21,0.079779
2024-01-05,129.347,129.347,0.106029
2024-01-08,129.313,129.313,-0.026286
2024-01-09,129.334,129.334,0.01624
2024-01-10,129.317,129.317,-0.013144
2024-01-11,129.35,129.35,0.025519
2024-01-12,129.307,129.307,-0.033243
2024-01-15,129.263,129.263,-0.034028
2024-01-16,129.172,129.172,-0.070399
2024-01-17,129.269,129.269,0.075094
2024-01-18,129.24,129.24,-0.022434
2024-01-19,129.465,129.465,0.174095
2024-01-22,129.527,129.527,0.047889
2024-01-23,129.449,129.449,-0.060219
2024-01-24,129.402,129.402,-0.036308
2024-01-25,129.572,129.572,0.131374
2024-01-26,129.665,129.665,0.071775
2024-01-29,129.711,129.711,0.035476
2024-01-30,130.057,130.057,0.266747
2024-01-31,130.09,130.09,0.025373
2024-02-01,129.968,129.968,-0.093781
2024-02-02,129.956,129.956,-0.009233
2024-02-05,130.114,130.114,0.12158
2024-02-06,129.913,129.913,-0.15448
2024-02-07,129.851,129.851,-0.047724
2024-02-08,130.09,130.09,0.184057
2024-02-19,130.05,130.05,-0.030748
2024-02-20,130.092,130.092,0.032295
2024-02-21,130.175,130.175,0.063801
2024-02-22,130.233,130.233,0.044555
2024-02-23,130.399,130.399,0.127464
2024-02-26,130.411,130.411,0.009203
2024-02-27,130.449,130.449,0.029139
2024-02-28,130.46,130.46,0.008432
2024-02-29,130.511,130.511,0.039092
2024-03-01,130.43,130.43,-0.062064
2024-03-04,130.435,130.435,0.003833
2024-03-05,130.44,130.44,0.003833
2024-03-06,130.62,130.62,0.137994
2024-03-07,130.736,130.736,0.088807
2024-03-08,130.683,130.683,-0.04054
2024-03-11,130.598,130.598,-0.065043
2024-03-12,130.471,130.471,-0.097245
2024-03-13,130.434,130.434,-0.028359
2024-03-14,130.361,130.361,-0.055967
2024-03-15,130.444,130.444,0.063669
2024-03-18,130.567,130.567,0.094293
2024-03-19,130.673,130.673,0.081184
2024-03-20,130.649,130.649,-0.018366
2024-03-21,130.673,130.673,0.01837
2024-03-22,130.706,130.706,0.025254
2024-03-25,130.642,130.642,-0.048965
2024-03-26,130.627,130.627,-0.011482
2024-03-27,130.681,130.681,0.041339
2024-03-28,130.665,130.665,-0.012244
2024-03-29,130.813,130.813,0.113267
2024-04-01,130.768,130.768,-0.0344
2024-04-02,130.816,130.816,0.036706
2024-04-03,130.953,130.953,0.104727
2024-04-08,131.12,131.12,0.127527
2024-04-09,131.245,131.245,0.095333
2024-04-10,131.259,131.259,0.010667
2024-04-11,131.284,131.284,0.019046
2024-04-12,131.459,131.459,0.133299
2024-04-15,131.44,131.44,-0.014453
2024-04-16,131.367,131.367,-0.055539
2024-04-17,131.402,131.402,0.026643
2024-04-18,131.508,131.508,0.080668
2024-04-19,131.596,131.596,0.066916
2024-04-22,131.677,131.677,0.061552
2024-04-23,131.867,131.867,0.144292
2024-04-24,131.508,131.508,-0.272244
2024-04-25,131.603,131.603,0.072239
2024-04-26,131.379,131.379,-0.170209
2024-04-29,130.819,130.819,-0.426248
2024-04-30,131.202,131.202,0.292771
2024-05-06,131.415,131.415,0.162345
2024-05-07,131.581,131.581,0.126317
2024-05-08,131.605,131.605,0.01824
2024-05-09,131.486,131.486,-0.090422
2024-05-10,131.462,131.462,-0.018253
2024-05-13,131.606,131.606,0.109537
2024-05-14,131.681,131.681,0.056988
2024-05-15,131.68,131.68,-0.000759
2024-05-16,131.616,131.616,-0.048603
2024-05-17,131.517,131.517,-0.075219
2024-05-20,131.679,131.679,0.123178
2024-05-21,131.609,131.609,-0.05316
2024-05-22,131.667,131.667,0.04407
2024-05-23,131.761,131.761,0.071392
2024-05-24,131.764,131.764,0.002277
2024-05-27,131.73,131.73,-0.025804
2024-05-28,131.806,131.806,0.057694
2024-05-29,131.878,131.878,0.054626
2024-05-30,131.931,131.931,0.040189
2024-05-31,131.908,131.908,-0.017433
2024-06-03,132.05,132.05,0.107651
2024-06-04,132.082,132.082,0.024233
2024-06-05,132.121,132.121,0.029527
2024-06-06,132.095,132.095,-0.019679
2024-06-07,132.144,132.144,0.037095
2024-06-11,132.144,132.144,0.0
2024-06-12,132.126,132.126,-0.013622
2024-06-13,132.139,132.139,0.009839
2024-06-14,132.16,132.16,0.015892
2024-06-17,132.217,132.217,0.04313
2024-06-18,132.254,132.254,0.027984
2024-06-19,132.281,132.281,0.020415
2024-06-20,132.396,132.396,0.086936
2024-06-21,132.327,132.327,-0.052116
2024-06-24,132.41,132.41,0.062723
2024-06-25,132.452,132.452,0.03172
2024-06-26,132.552,132.552,0.075499
2024-06-27,132.693,132.693,0.106373
2024-06-28,132.789,132.789,0.072347
2024-07-01,132.562,132.562,-0.170948
2024-07-02,132.685,132.685,0.092787
2024-07-03,132.897,132.897,0.159777
2024-07-04,132.824,132.824,-0.05493
2024-07-05,132.718,132.718,-0.079805
2024-07-08,132.451,132.451,-0.201178
2024-07-09,132.619,132.619,0.126839
2024-07-10,132.705,132.705,0.064847
2024-07-11,132.698,132.698,-0.005275
2024-07-12,132.806,132.806,0.081388
2024-07-15,132.858,132.858,0.039155
2024-07-16,132.857,132.857,-0.000753
2024-07-17,132.889,132.889,0.024086
2024-07-18,132.848,132.848,-0.030853
2024-07-19,132.94,132.94,0.069252
2024-07-22,133.231,133.231,0.218896
2024-07-23,133.376,133.376,0.108834
2024-07-24,133.378,133.378,0.0015
2024-07-25,133.398,133.398,0.014995
2024-07-26,133.457,133.457,0.044229
2024-07-29,133.434,133.434,-0.017234
2024-07-30,133.454,133.454,0.014989
2024-07-31,133.551,133.551,0.072684
2024-08-01,133.777,133.777,0.169224
2024-08-02,133.978,133.978,0.15025
2024-08-05,134.029,134.029,0.038066
2024-08-06,133.83,133.83,-0.148475
2024-08-07,134.021,134.021,0.142718
2024-08-08,133.901,133.901,-0.089538
2024-08-09,133.716,133.716,-0.138162
2024-08-12,133.094,133.094,-0.465165
2024-08-13,133.499,133.499,0.304296
2024-08-14,133.626,133.626,0.095132
2024-08-15,133.49,133.49,-0.101777
2024-08-16,133.467,133.467,-0.01723
2024-08-19,133.526,133.526,0.044206
2024-08-20,133.504,133.504,-0.016476
2024-08-21,133.357,133.357,-0.110109
2024-08-22,133.633,133.633,0.206963
2024-08-23,133.834,133.834,0.150412
2024-08-26,133.836,133.836,0.001494
2024-08-27,133.746,133.746,-0.067246
2024-08-28,133.791,133.791,0.033646
2024-08-29,133.717,133.717,-0.05531
2024-08-30,133.675,133.675,-0.03141
2024-09-02,133.996,133.996,0.240135
2024-09-03,134.179,134.179,0.136571
2024-09-04,134.227,134.227,0.035773
2024-09-05,134.313,134.313,0.064071
2024-09-06,134.358,134.358,0.033504
2024-09-09,134.431,134.431,0.054332
2024-09-10,134.549,134.549,0.087777
2024-09-11,134.756,134.756,0.153847
2024-09-12,134.541,134.541,-0.159548
2024-09-13,134.735,134.735,0.144194
2024-09-18,134.769,134.769,0.025235
2024-09-19,134.585,134.585,-0.13653
2024-09-20,134.684,134.684,0.073559
2024-09-23,134.714,134.714,0.022274
2024-09-24,134.562,134.562,-0.112832
2024-09-25,134.887,134.887,0.241524
2024-09-26,134.78,134.78,-0.079326
2024-09-27,134.2,134.2,-0.430331
2024-09-30,133.734,133.734,-0.347243
2024-10-08,133.68,133.68,-0.040379
2024-10-09,133.96,133.96,0.209455
2024-10-10,134.288,134.288,0.244849
2024-10-11,134.36,134.36,0.053616
2024-10-14,134.338,134.338,-0.016374
2024-10-15,134.374,134.374,0.026798
2024-10-16,134.393,134.393,0.01414
2024-10-17,134.581,134.581,0.139888
2024-10-18,134.427,134.427,-0.114429
2024-10-21,134.409,134.409,-0.01339
2024-10-22,134.215,134.215,-0.144336
2024-10-23,134.076,134.076,-0.103565
2024-10-24,134.13,134.13,0.040276
2024-10-25,134.118,134.118,-0.008947
2024-10-28,134.145,134.145,0.020132
2024-10-29,134.282,134.282,0.102128
2024-10-30,134.325,134.325,0.032022
2024-10-31,134.314,134.314,-0.008189
2024-11-01,134.521,134.521,0.154116
2024-11-04,134.58,134.58,0.043859
2024-11-05,134.568,134.568,-0.008917
2024-11-06,134.619,134.619,0.037899
2024-11-07,134.739,134.739,0.08914
2024-11-08,134.792,134.792,0.039335
2024-11-11,134.83,134.83,0.028192
2024-11-12,135.021,135.021,0.14166
2024-11-13,135.02,135.02,-0.000741
2024-11-14,135.027,135.027,0.005184
2024-11-15,135.125,135.125,0.072578
2024-11-18,135.05,135.05,-0.055504
2024-11-19,135.019,135.019,-0.022954
2024-11-20,135.114,135.114,0.07036
2024-11-21,135.201,135.201,0.06439
2024-11-22,135.227,135.227,0.019231
2024-11-25,135.34,135.34,0.083563
2024-11-26,135.313,135.313,-0.01995
2024-11-27,135.254,135.254,-0.043603
2024-11-28,135.352,135.352,0.072456
2024-11-29,135.429,135.429,0.056889
2024-12-02,135.734,135.734,0.22521
2024-12-03,135.707,135.707,-0.019892
2024-12-04,135.828,135.828,0.089163
2024-12-05,135.858,135.858,0.022087
2024-12-06,135.815,135.815,-0.031651
2024-12-09,135.827,135.827,0.008836
2024-12-10,136.263,136.263,0.320997
2024-12-11,136.272,136.272,0.006605
2024-12-12,136.453,136.453,0.132823
2024-12-13,136.945,136.945,0.360564
2024-12-16,137.053,137.053,0.078864
2024-12-17,136.853,136.853,-0.145929
2024-12-18,136.845,136.845,-0.005846
2024-12-19,136.89,136.89,0.032884
2024-12-20,137.327,137.327,0.319234
2024-12-23,137.251,137.251,-0.055342
2024-12-24,137.143,137.143,-0.078688
2024-12-25,136.885,136.885,-0.188125
2024-12-26,136.887,136.887,0.001461
2024-12-27,137.178,137.178,0.212584
2024-12-30,136.893,136.893,-0.207759
2024-12-31,137.106,137.106,0.155596
2025-01-02,137.301,137.301,0.142226
2025-01-03,137.677,137.677,0.273851
2025-01-06,137.679,137.679,0.001453
2025-01-07,137.448,137.448,-0.167782
2025-01-08,137.493,137.493,0.03274
2025-01-09,137.188,137.188,-0.221829
2025-01-10,137.099,137.099,-0.064874
2025-01-13,136.929,136.929,-0.123998
2025-01-14,137.001,137.001,0.052582
2025-01-15,137.157,137.157,0.113868
2025-01-16,137.133,137.133,-0.017498
2025-01-17,137.068,137.068,-0.047399
2025-01-20,137.079,137.079,0.008025
2025-01-21,137.109,137.109,0.021885
2025-01-22,137.2,137.2,0.066371
2025-01-23,137.036,137.036,-0.119534
2025-01-24,136.894,136.894,-0.103622
2025-01-27,137.386,137.386,0.359402
2025-02-05,137.349,137.349,-0.026931
2025-02-06,137.484,137.484,0.09829
2025-02-07,137.401,137.401,-0.060371
2025-02-10,137.171,137.171,-0.167393
2025-02-11,137.138,137.138,-0.024058
2025-02-12,137.14,137.14,0.001458
2025-02-13,137.117,137.117,-0.016771
2025-02-14,136.816,136.816,-0.219521
2025-02-17,136.722,136.722,-0.068705
2025-02-18,136.527,136.527,-0.142625
2025-02-19,136.707,136.707,0.131842
2025-02-20,136.473,136.473,-0.171169
2025-02-21,136.34,136.34,-0.097455
2025-02-24,135.954,135.954,-0.283116
2025-02-25,136.143,136.143,0.139018
2025-02-26,136.155,136.155,0.008814
2025-02-27,136.097,136.097,-0.042599
2025-02-28,136.144,136.144,0.034534
2025-03-03,136.49,136.49,0.254143
2025-03-04,136.484,136.484,-0.004396
2025-03-05,136.436,136.436,-0.035169
2025-03-06,136.307,136.307,-0.09455
2025-03-07,136.027,136.027,-0.205419
2025-03-10,135.795,135.795,-0.170554
2025-03-11,135.471,135.471,-0.238595
2025-03-12,135.963,135.963,0.363177
2025-03-13,135.981,135.981,0.013239
2025-03-14,135.956,135.956,-0.018385
2025-03-17,135.669,135.669,-0.211098
2025-03-18,135.77,135.77,0.074446
2025-03-19,135.682,135.682,-0.064815
2025-03-20,135.855,135.855,0.127504
2025-03-21,135.802,135.802,-0.039012
2025-03-24,135.734,135.734,-0.050073
2025-03-25,135.907,135.907,0.127455
2025-03-26,136.066,136.066,0.116992
2025-03-27,136.117,136.117,0.037482
2025-03-28,136.087,136.087,-0.02204
2025-03-31,136.077,136.077,-0.007348
2025-04-01,136.07,136.07,-0.005144
2025-04-02,136.172,136.172,0.074961
2025-04-03,136.684,136.684,0.375995
2025-04-07,137.107,137.107,0.309473
2025-04-08,136.993,136.993,-0.083147
2025-04-09,137.074,137.074,0.059127
2025-04-10,137.208,137.208,0.097757
2025-04-11,137.255,137.255,0.034255
2025-04-14,137.133,137.133,-0.088886
2025-04-15,137.136,137.136,0.002188
2025-04-16,137.254,137.254,0.086046
2025-04-17,137.166,137.166,-0.064115
2025-04-18,137.107,137.107,-0.043014
2025-04-21,136.989,136.989,-0.086064
2025-04-22,137.04,137.04,0.037229
2025-04-23,136.911,136.911,-0.094133
2025-04-24,136.793,136.793,-0.086187
2025-04-25,136.919,136.919,0.09211
2025-04-28,136.881,136.881,-0.027754
2025-04-29,137.066,137.066,0.135154
2025-04-30,137.173,137.173,0.078065
2025-05-06,137.098,137.098,-0.054675
2025-05-07,137.06,137.06,-0.027717
2025-05-08,137.34,137.34,0.20429
2025-05-09,137.3,137.3,-0.029125
2025-05-12,137.235,137.235,-0.047342
2025-05-13,137.141,137.141,-0.068496
2025-05-14,137.025,137.025,-0.084584
2025-05-15,136.927,136.927,-0.07152
2025-05-16,136.833,136.833,-0.06865
2025-05-19,136.902,136.902,0.050426
2025-05-20,136.949,136.949,0.034331
2025-05-21,136.934,136.934,-0.010953
2025-05-22,136.933,136.933,-0.00073
2025-05-23,137.039,137.039,0.07741
2025-05-26,137.036,137.036,-0.002189
2025-05-27,136.984,136.984,-0.037946
2025-05-28,136.991,136.991,0.00511
2025-05-29,136.833,136.833,-0.115336
2025-05-30,136.966,136.966,0.097199
2025-06-03,136.959,136.959,-0.005111
2025-06-04,137.049,137.049,0.065713
2025-06-05,137.116,137.116,0.048888
2025-06-06,137.231,137.231,0.083871
2025-06-09,137.28,137.28,0.035706
2025-06-10,137.296,137.296,0.011655
2025-06-11,137.289,137.289,-0.005098
2025-06-12,137.259,137.259,-0.021852
2025-06-13,137.288,137.288,0.021128
2025-06-16,137.319,137.319,0.02258
2025-06-17,137.473,137.473,0.112148
2025-06-18,137.489,137.489,0.011639
2025-06-19,137.495,137.495,0.004364
2025-06-20,137.52,137.52,0.018182
2025-06-23,137.491,137.491,-0.021088
2025-06-24,137.438,137.438,-0.038548
2025-06-25,137.402,137.402,-0.026194
2025-06-26,137.44,137.44,0.027656
2025-06-27,137.535,137.535,0.069121
2025-06-30,137.471,137.471,-0.046534
2025-07-01,137.521,137.521,0.036371
2025-07-02,137.601,137.601,0.058173
2025-07-03,137.619,137.619,0.013081
2025-07-04,137.652,137.652,0.023979
2025-07-07,137.631,137.631,-0.015256
2025-07-08,137.521,137.521,-0.079924
2025-07-09,137.519,137.519,-0.001454
2025-07-10,137.427,137.427,-0.0669
2025-07-11,137.389,137.389,-0.027651
2025-07-14,137.317,137.317,-0.052406
2025-07-15,137.457,137.457,0.101954
2025-07-16,137.466,137.466,0.006548
2025-07-17,137.458,137.458,-0.00582
2025-07-18,137.446,137.446,-0.00873
2025-07-21,137.359,137.359,-0.063298
2025-07-22,137.285,137.285,-0.053873
2025-07-23,137.231,137.231,-0.039334
2025-07-24,136.964,136.964,-0.194562
2025-07-25,136.995,136.995,0.022634
2025-07-28,137.128,137.128,0.097084
2025-07-29,136.954,136.954,-0.126889
2025-07-30,137.093,137.093,0.101494
2025-07-31,137.203,137.203,0.080238
2025-08-01,137.211,137.211,0.005831
2025-08-04,137.183,137.183,-0.020407
2025-08-05,137.227,137.227,0.032074
2025-08-06,137.241,137.241,0.010202
2025-08-07,137.341,137.341,0.072865
2025-08-08,137.398,137.398,0.041503
2025-08-11,137.231,137.231,-0.121545
2025-08-12,137.203,137.203,-0.020404
2025-08-13,137.301,137.301,0.071427
2025-08-14,137.248,137.248,-0.038601
2025-08-15,137.235,137.235,-0.009472
2025-08-18,136.937,136.937,-0.217146
2025-08-19,136.948,136.948,0.008033
2025-08-20,136.886,136.886,-0.045273
2025-08-21,136.948,136.948,0.045293
2025-08-22,136.911,136.911,-0.027018
2025-08-25,137.03,137.03,0.086918
2025-08-26,137.036,137.036,0.004379
2025-08-27,137.074,137.074,0.02773
2025-08-28,137.006,137.006,-0.049608
2025-08-29,137.038,137.038,0.023357
2025-09-01,137.149,137.149,0.080999
2025-09-02,137.147,137.147,-0.001458
2025-09-03,137.292,137.292,0.105726
2025-09-04,137.378,137.378,0.06264
2025-09-05,137.169,137.169,-0.152135
2025-09-08,137.141,137.141,-0.020413
2025-09-09,137.121,137.121,-0.014584
2025-09-10,137.045,137.045,-0.055426
2025-09-11,137.146,137.146,0.073698
2025-09-12,137.191,137.191,0.032812
2025-09-15,137.28,137.28,0.064873
2025-09-16,137.365,137.365,0.061917
2025-09-17,137.522,137.522,0.114294
2025-09-18,137.43,137.43,-0.066898
2025-09-19,137.275,137.275,-0.112785
2025-09-22,137.387,137.387,0.081588
2025-09-23,137.262,137.262,-0.090984
2025-09-24,137.144,137.144,-0.085967
2025-09-25,137.092,137.092,-0.037916
2025-09-26,137.196,137.196,0.075861
2025-09-29,137.161,137.161,-0.025511
2025-09-30,137.368,137.368,0.150918
2025-10-09,137.463,137.463,0.069157
2025-10-10,137.433,137.433,-0.021824
2025-10-13,137.474,137.474,0.029833
2025-10-14,137.521,137.521,0.034188
2025-10-15,137.48,137.48,-0.029814
2025-10-16,137.486,137.486,0.004364
2025-10-17,137.586,137.586,0.072735
2025-10-20,137.462,137.462,-0.090125
2025-10-21,137.482,137.482,0.014549
2025-10-22,137.508,137.508,0.018912
2025-10-23,137.468,137.468,-0.029089
2025-10-24,137.459,137.459,-0.006547
2025-10-27,137.506,137.506,0.034192
2025-10-28,137.785,137.785,0.2029
2025-10-29,137.901,137.901,0.084189
2025-10-30,138.014,138.014,0.081943
2025-10-31,138.03,138.03,0.011593
2025-11-03,137.968,137.968,-0.044918
2025-11-04,137.961,137.961,-0.005074
2025-11-05,137.966,137.966,0.003624
2025-11-06,137.9,137.9,-0.047838
2025-11-07,137.929,137.929,0.02103
2025-11-10,137.925,137.925,-0.0029
2025-11-11,137.942,137.942,0.012326
2025-11-12,138.0,138.0,0.042047
2025-11-13,137.944,137.944,-0.04058
2025-11-14,137.927,137.927,-0.012324
2025-11-17,137.953,137.953,0.018851
2025-11-18,137.961,137.961,0.005799
2025-11-19,137.919,137.919,-0.030443
2025-11-20,137.992,137.992,0.05293
2025-11-21,137.954,137.954,-0.027538
2025-11-24,137.97,137.97,0.011598
2025-11-25,137.973,137.973,0.002174
2025-11-26,137.821,137.821,-0.110166
2025-11-27,137.813,137.813,-0.005805
2025-11-28,137.868,137.868,0.039909
2025-12-01,137.915,137.915,0.034091
2025-12-02,137.88,137.88,-0.025378
2025-12-03,137.892,137.892,0.008703
2025-12-04,137.751,137.751,-0.102254
2025-12-05,137.823,137.823,0.052268
2025-12-08,137.808,137.808,-0.010884
2025-12-09,137.885,137.885,0.055875
2025-12-10,137.906,137.906,0.01523
2025-12-11,138.0,138.0,0.068162
2025-12-12,137.961,137.961,-0.028261
2025-12-15,137.902,137.902,-0.042766
2025-12-16,137.876,137.876,-0.018854
2025-12-17,137.969,137.969,0.067452
2025-12-18,138.053,138.053,0.060883
2025-12-19,138.127,138.127,0.053603
2025-12-22,138.055,138.055,-0.052126
2025-12-23,138.292,138.292,0.171671
2025-12-24,138.234,138.234,-0.04194
2025-12-25,138.187,138.187,-0.034
2025-12-26,138.279,138.279,0.066576
2025-12-29,138.11,138.11,-0.122217
2025-12-30,138.087,138.087,-0.016653
2025-12-31,138.09,138.09,0.002173
2026-01-05,137.959,137.959,-0.094866
2026-01-06,137.854,137.854,-0.07611
2026-01-07,137.777,137.777,-0.055856
2026-01-08,137.898,137.898,0.087823
2026-01-09,137.887,137.887,-0.007977
2026-01-12,137.956,137.956,0.050041
2026-01-13,137.996,137.996,0.028995
2026-01-14,138.087,138.087,0.065944
2026-01-15,138.142,138.142,0.03983
2026-01-16,138.232,138.232,0.06515
2026-01-19,138.223,138.223,-0.006511
2026-01-20,138.312,138.312,0.064389
2026-01-21,138.309,138.309,-0.002169
2026-01-22,138.296,138.296,-0.009399
2026-01-23,138.343,138.343,0.033985
2026-01-26,138.316,138.316,-0.019517
2026-01-27,138.329,138.329,0.009399
2026-01-28,138.351,138.351,0.015904
2026-01-29,138.437,138.437,0.062161
2026-01-30,138.423,138.423,-0.010113
2026-02-02,138.426,138.426,0.002167
2026-02-03,138.475,138.475,0.035398
2026-02-04,138.46,138.46,-0.010832
2026-02-05,138.544,138.544,0.060667
2026-02-06,138.58,138.58,0.025985
2026-02-09,138.666,138.666,0.062058
2026-02-10,138.663,138.663,-0.002163
2026-02-11,138.727,138.727,0.046155
2026-02-12,138.785,138.785,0.041809
2026-02-13,138.839,138.839,0.038909
2026-02-24,138.855,138.855,0.011524
2026-02-25,138.739,138.739,-0.08354
2026-02-26,138.604,138.604,-0.097305
2026-02-27,138.692,138.692,0.06349
2026-03-02,138.813,138.813,0.087244
2026-03-03,138.802,138.802,-0.007924
2026-03-04,138.923,138.923,0.087175
2026-03-05,138.864,138.864,-0.04247
2026-03-06,138.9,138.9,0.025925
2026-03-09,138.731,138.731,-0.12167
2026-03-10,138.739,138.739,0.005767
2026-03-11,138.729,138.729,-0.007208
2026-03-12,138.733,138.733,0.002883
2026-03-13,138.766,138.766,0.023787
2026-03-16,138.672,138.672,-0.06774
2026-03-17,138.674,138.674,0.001442
2026-03-18,138.812,138.812,0.099514
2026-03-19,138.888,138.888,0.05475
2026-03-20,138.847,138.847,-0.02952
2026-03-23,138.794,138.794,-0.038172
2026-03-24,138.758,138.758,-0.025938
2026-03-25,138.802,138.802,0.03171
2026-03-26,138.856,138.856,0.038904
2026-03-27,138.941,138.941,0.061214
2026-03-30,139.029,139.029,0.063336
2026-03-31,139.069,139.069,0.028771
2026-04-01,138.95,138.95,-0.085569
2026-04-02,138.975,138.975,0.017992
2026-04-03,139.041,139.041,0.047491
2026-04-07,139.024,139.024,-0.012227
2026-04-08,138.952,138.952,-0.05179
2026-04-09,138.969,138.969,0.012234
2026-04-10,138.971,138.971,0.001439
2026-04-13,139.007,139.007,0.025905
2026-04-14,139.033,139.033,0.018704
2026-04-15,139.166,139.166,0.095661
2026-04-16,139.252,139.252,0.061797
2026-04-17,139.319,139.319,0.048114
2026-04-20,139.304,139.304,-0.010767
2026-04-21,139.299,139.299,-0.003589
2026-04-22,139.402,139.402,0.073942
2026-04-23,139.402,139.402,0.0
2026-04-24,139.464,139.464,0.044476
2026-04-27,139.266,139.266,-0.141972
2026-04-28,139.385,139.385,0.085448
2026-04-29,139.464,139.464,0.056678
2026-04-30,139.438,139.438,-0.018643
2026-05-06,139.376,139.376,-0.044464
2026-05-07,139.385,139.385,0.006457
2026-05-08,139.465,139.465,0.057395
2026-05-11,139.476,139.476,0.007887
2026-05-12,139.528,139.528,0.037282
2026-05-13,139.564,139.564,0.025801
2026-05-14,139.576,139.576,0.008598
2026-05-15,139.639,139.639,0.045137
2026-05-18,139.691,139.691,0.037239
2026-05-19,139.812,139.812,0.08662
2026-05-20,139.843,139.843,0.022173
2026-05-21,139.756,139.756,-0.062213
2026-05-22,139.769,139.769,0.009302
2026-05-25,139.741,139.741,-0.020033
2026-05-26,139.795,139.795,0.038643
2026-05-27,139.867,139.867,0.051504
2026-05-28,139.982,139.982,0.082221
2026-05-29,140.064,140.064,0.058579
2026-06-01,140.069,140.069,0.00357
2026-06-02,140.045,140.045,-0.017134
2026-06-03,140.029,140.029,-0.011425
2026-06-04,140.069,140.069,0.028566
2026-06-05,140.065,140.065,-0.002856
2026-06-08,139.974,139.974,-0.06497
2026-06-09,139.91,139.91,-0.045723
2026-06-10,139.843,139.843,-0.047888
2026-06-11,139.703,139.703,-0.100112
2026-06-12,139.728,139.728,0.017895
2026-06-15,139.755,139.755,0.019323
2026-06-16,139.874,139.874,0.085149
2026-06-17,139.913,139.913,0.027882
2026-06-18,139.996,139.996,0.059323
2026-06-22,140.028,140.028,0.022858
2026-06-23,139.937,139.937,-0.064987
2026-06-24,139.998,139.998,0.043591
2026-06-25,140.016,140.016,0.012857
2026-06-26,140.101,140.101,0.060707
2026-06-29,140.225,140.225,0.088508
2026-06-30,140.172,140.172,-0.037796
2026-07-01,140.017,140.017,-0.110578
2026-07-02,140.075,140.075,0.041424
2026-07-03,140.075,140.075,0.0
2026-07-06,140.133,140.133,0.041406
2026-07-07,140.128,140.128,-0.003568
2026-07-08,140.179,140.179,0.036395
2026-07-09,140.151,140.151,-0.019974
2026-07-10,140.162,140.162,0.007849
2026-07-13,140.155,140.155,-0.004994
2026-07-14,140.178,140.178,0.01641
2026-07-15,140.199,140.199,0.014981
2026-07-16,140.169,140.169,-0.021398
2026-07-17,140.192,140.192,0.016409
2026-07-20,140.195,140.195,0.00214
2026-07-21,140.204,140.204,0.00642
2026-07-22,140.279,140.279,0.053493
2026-07-23,140.247,140.247,-0.022812
2026-07-24,140.254,140.254,0.004991
2026-07-27,140.221,140.221,-0.023529
2026-07-28,140.212,140.212,-0.006418
2026-07-29,140.207,140.207,-0.003566
2026-07-30,140.233,140.233,0.018544
2026-07-31,140.35,140.35,0.083433
2026-08-03,140.337,140.337,-0.009263
2026-08-04,140.371,140.371,0.0
2026-08-05,140.38,140.38,0.006412
2026-08-06,140.395,140.395,0.010685
2026-08-07,140.466,140.466,0.050572
2026-08-10,140.481,140.481,0.010679
2026-08-11,140.45,140.45,-0.022067
2026-08-12,140.464,140.464,0.009968
2026-08-13,140.511,140.511,0.033461
2026-08-14,140.56,140.56,0.034873
2026-08-17,140.597,140.597,0.026323
2026-08-18,140.663,140.663,0.046943
2026-08-19,140.649,140.649,-0.009953
2026-08-20,140.615,140.615,-0.024174
2026-08-21,140.635,140.635,0.014223
2026-08-24,140.67,140.67,0.024887
2026-08-25,140.682,140.682,0.008531
2026-08-26,140.588,140.588,-0.066817
2026-08-27,140.514,140.514,-0.052636
2026-08-28,140.492,140.492,-0.015657
2026-08-31,140.494,140.494,0.001424
2026-09-01,140.567,140.567,0.05196
2026-09-02,140.546,140.546,-0.014939
2026-09-03,140.61,140.61,0.045537
2026-09-04,140.601,140.601,-0.006401
2026-09-07,140.602,140.602,0.000711
2026-09-08,140.59,140.59,-0.008535
2026-09-09,140.591,140.591,0.000711
2026-09-10,140.565,140.565,-0.018493
2026-09-11,140.526,140.526,-0.027745
2026-09-14,140.553,140.553,0.019214
2026-09-15,140.583,140.583,0.021344
2026-09-16,140.606,140.606,0.01636
2026-09-17,140.63,140.63,0.017069
2026-09-18,140.67,140.67,0.028443
