date,unit_nav,cum_nav,ret_pct
2013-03-25,94.018,94.018,0.0
2013-03-26,94.259,94.259,0.2563
2013-03-27,94.235,94.235,-0.0255
2013-03-28,94.341,94.341,0.1125
2013-03-29,94.443,94.443,0.1081
2013-04-01,94.555,94.555,0.1186
2013-04-02,94.732,94.732,0.1872
2013-04-03,94.975,94.975,0.2565
2013-04-08,94.901,94.901,-0.0779
2013-04-09,94.877,94.877,-0.0253
2013-04-10,94.906,94.906,0.0306
2013-04-11,94.912,94.912,0.0063
2013-04-12,94.962,94.962,0.0527
2013-04-15,95.035,95.035,0.0769
2013-04-16,95.126,95.126,0.0958
2013-04-17,95.211,95.211,0.0894
2013-04-18,94.969,94.969,-0.2542
2013-04-19,94.72,94.72,-0.2622
2013-04-22,94.469,94.469,-0.265
2013-04-23,94.755,94.755,0.3027
2013-04-24,94.764,94.764,0.0095
2013-04-25,94.899,94.899,0.1425
2013-04-26,94.967,94.967,0.0717
2013-05-02,95.107,95.107,0.1474
2013-05-03,95.113,95.113,0.0063
2013-05-06,95.091,95.091,-0.0231
2013-05-07,95.14,95.14,0.0515
2013-05-08,95.13,95.13,-0.0105
2013-05-09,95.129,95.129,-0.0011
2013-05-10,95.162,95.162,0.0347
2013-05-13,95.131,95.131,-0.0326
2013-05-14,95.123,95.123,-0.0084
2013-05-15,95.084,95.084,-0.041
2013-05-16,94.961,94.961,-0.1294
2013-05-17,95.066,95.066,0.1106
2013-05-20,95.038,95.038,-0.0295
2013-05-21,94.96,94.96,-0.0821
2013-05-22,94.981,94.981,0.0221
2013-05-23,94.974,94.974,-0.0074
2013-05-24,94.99,94.99,0.0168
2013-05-27,95.094,95.094,0.1095
2013-05-28,95.1,95.1,0.0063
2013-05-29,95.095,95.095,-0.0053
2013-05-30,95.121,95.121,0.0273
2013-05-31,95.113,95.113,-0.0084
2013-06-03,95.099,95.099,-0.0147
2013-06-04,95.095,95.095,-0.0042
2013-06-05,95.07,95.07,-0.0263
2013-06-06,95.073,95.073,0.0032
2013-06-07,95.096,95.096,0.0242
2013-06-13,95.101,95.101,0.0053
2013-06-14,95.06,95.06,-0.0431
2013-06-17,95.031,95.031,-0.0305
2013-06-18,94.978,94.978,-0.0558
2013-06-19,94.661,94.661,-0.3338
2013-06-20,93.75,93.75,-0.9624
2013-06-21,93.921,93.921,0.1824
2013-06-24,93.949,93.949,0.0298
2013-06-25,94.514,94.514,0.6014
2013-06-26,94.923,94.923,0.4327
2013-06-27,95.023,95.023,0.1053
2013-06-28,95.058,95.058,0.0368
2013-07-01,95.051,95.051,-0.0074
2013-07-02,95.058,95.058,0.0074
2013-07-03,95.001,95.001,-0.06
2013-07-04,94.998,94.998,-0.0032
2013-07-05,95.058,95.058,0.0632
2013-07-08,95.095,95.095,0.0389
2013-07-09,94.965,94.965,-0.1367
2013-07-10,94.903,94.903,-0.0653
2013-07-11,94.329,94.329,-0.6048
2013-07-12,94.175,94.175,-0.1633
2013-07-15,94.277,94.277,0.1083
2013-07-16,94.22,94.22,-0.0605
2013-07-17,94.047,94.047,-0.1836
2013-07-18,94.035,94.035,-0.0128
2013-07-19,94.064,94.064,0.0308
2013-07-22,93.996,93.996,-0.0723
2013-07-23,94.004,94.004,0.0085
2013-07-24,93.893,93.893,-0.1181
2013-07-25,93.84,93.84,-0.0564
2013-07-26,93.909,93.909,0.0735
2013-07-29,93.97,93.97,0.065
2013-07-30,94.085,94.085,0.1224
2013-07-31,94.272,94.272,0.1988
2013-08-01,94.371,94.371,0.105
2013-08-02,94.17,94.17,-0.213
2013-08-05,94.17,94.17,0.0
2013-08-06,94.18,94.18,0.0106
2013-08-07,93.836,93.836,-0.3653
2013-08-08,93.68,93.68,-0.1662
2013-08-09,93.651,93.651,-0.031
2013-08-12,93.53,93.53,-0.1292
2013-08-13,93.36,93.36,-0.1818
2013-08-14,93.091,93.091,-0.2881
2013-08-15,93.122,93.122,0.0333
2013-08-16,93.327,93.327,0.2201
2013-08-19,92.894,92.894,-0.464
2013-08-20,92.937,92.937,0.0463
2013-08-21,92.971,92.971,0.0366
2013-08-22,92.892,92.892,-0.085
2013-08-23,93.148,93.148,0.2756
2013-08-26,93.193,93.193,0.0483
2013-08-27,93.196,93.196,0.0032
2013-08-28,92.856,92.856,-0.3648
2013-08-29,92.905,92.905,0.0528
2013-08-30,93.027,93.027,0.1313
2013-09-02,93.014,93.014,-0.014
2013-09-03,92.963,92.963,-0.0548
2013-09-04,92.904,92.904,-0.0635
2013-09-05,92.847,92.847,-0.0614
2013-09-06,92.795,92.795,-0.056
2013-09-09,92.714,92.714,-0.0873
2013-09-10,92.627,92.627,-0.0938
2013-09-11,92.292,92.292,-0.3617
2013-09-12,92.241,92.241,-0.0553
2013-09-13,92.301,92.301,0.065
2013-09-16,92.598,92.598,0.3218
2013-09-17,92.649,92.649,0.0551
2013-09-18,92.797,92.797,0.1597
2013-09-23,92.838,92.838,0.0442
2013-09-24,92.678,92.678,-0.1723
2013-09-25,92.777,92.777,0.1068
2013-09-26,93.019,93.019,0.2608
2013-09-27,92.981,92.981,-0.0409
2013-09-30,93.028,93.028,0.0505
2013-10-08,93.076,93.076,0.0516
2013-10-09,93.149,93.149,0.0784
2013-10-10,93.091,93.091,-0.0623
2013-10-11,93.077,93.077,-0.015
2013-10-14,92.895,92.895,-0.1955
2013-10-15,92.881,92.881,-0.0151
2013-10-16,92.959,92.959,0.084
2013-10-17,92.763,92.763,-0.2108
2013-10-18,92.774,92.774,0.0119
2013-10-21,92.744,92.744,-0.0323
2013-10-22,92.699,92.699,-0.0485
2013-10-23,92.74,92.74,0.0442
2013-10-24,92.577,92.577,-0.1758
2013-10-25,92.482,92.482,-0.1026
2013-10-28,92.467,92.467,-0.0162
2013-10-29,92.379,92.379,-0.0952
2013-10-30,92.328,92.328,-0.0552
2013-10-31,92.627,92.627,0.3238
2013-11-01,92.707,92.707,0.0864
2013-11-04,92.592,92.592,-0.124
2013-11-05,92.465,92.465,-0.1372
2013-11-06,92.188,92.188,-0.2996
2013-11-07,91.709,91.709,-0.5196
2013-11-08,91.326,91.326,-0.4176
2013-11-11,90.89,90.89,-0.4774
2013-11-12,91.103,91.103,0.2343
2013-11-13,90.681,90.681,-0.4632
2013-11-14,91.046,91.046,0.4025
2013-11-15,90.674,90.674,-0.4086
2013-11-18,90.504,90.504,-0.1875
2013-11-19,90.79,90.79,0.316
2013-11-20,90.87,90.87,0.0881
2013-11-21,91.06,91.06,0.2091
2013-11-22,91.413,91.413,0.3877
2013-11-25,91.332,91.332,-0.0886
2013-11-26,91.29,91.29,-0.046
2013-11-27,91.501,91.501,0.2311
2013-11-28,91.504,91.504,0.0033
2013-11-29,91.507,91.507,0.0033
2013-12-02,90.82,90.82,-0.7508
2013-12-03,91.176,91.176,0.392
2013-12-04,91.268,91.268,0.1009
2013-12-05,91.361,91.361,0.1019
2013-12-06,91.314,91.314,-0.0514
2013-12-09,91.098,91.098,-0.2365
2013-12-10,90.861,90.861,-0.2602
2013-12-11,90.855,90.855,-0.0066
2013-12-12,91.105,91.105,0.2752
2013-12-13,91.137,91.137,0.0351
2013-12-16,91.041,91.041,-0.1053
2013-12-17,90.997,90.997,-0.0483
2013-12-18,90.914,90.914,-0.0912
2013-12-19,90.766,90.766,-0.1628
2013-12-20,90.79,90.79,0.0264
2013-12-23,90.907,90.907,0.1289
2013-12-24,90.883,90.883,-0.0264
2013-12-25,90.979,90.979,0.1056
2013-12-26,91.037,91.037,0.0638
2013-12-27,90.933,90.933,-0.1142
2013-12-30,90.943,90.943,0.011
2013-12-31,91.168,91.168,0.2474
2014-01-02,90.996,90.996,-0.1887
2014-01-03,90.741,90.741,-0.2802
2014-01-06,90.553,90.553,-0.2072
2014-01-07,90.723,90.723,0.1877
2014-01-08,90.986,90.986,0.2899
2014-01-09,90.891,90.891,-0.1044
2014-01-10,90.957,90.957,0.0726
2014-01-13,91.07,91.07,0.1242
2014-01-14,90.989,90.989,-0.0889
2014-01-15,91.064,91.064,0.0824
2014-01-16,91.062,91.062,-0.0022
2014-01-17,90.92,90.92,-0.1559
2014-01-20,90.869,90.869,-0.0561
2014-01-21,91.218,91.218,0.3841
2014-01-22,91.51,91.51,0.3201
2014-01-23,91.584,91.584,0.0809
2014-01-24,91.516,91.516,-0.0742
2014-01-27,91.935,91.935,0.4578
2014-01-28,91.891,91.891,-0.0479
2014-01-29,91.855,91.855,-0.0392
2014-01-30,91.89,91.89,0.0381
2014-02-07,91.951,91.951,0.0664
2014-02-10,91.96,91.96,0.0098
2014-02-11,92.012,92.012,0.0565
2014-02-12,92.013,92.013,0.0011
2014-02-13,92.06,92.06,0.0511
2014-02-14,92.2,92.2,0.1521
2014-02-17,92.165,92.165,-0.038
2014-02-18,92.21,92.21,0.0488
2014-02-19,92.457,92.457,0.2679
2014-02-20,92.39,92.39,-0.0725
2014-02-21,92.251,92.251,-0.1504
2014-02-24,92.415,92.415,0.1778
2014-02-25,92.623,92.623,0.2251
2014-02-26,92.623,92.623,0.0
2014-02-27,92.859,92.859,0.2548
2014-02-28,92.823,92.823,-0.0388
2014-03-03,92.751,92.751,-0.0776
2014-03-04,92.39,92.39,-0.3892
2014-03-05,92.339,92.339,-0.0552
2014-03-06,92.413,92.413,0.0801
2014-03-07,92.36,92.36,-0.0574
2014-03-10,92.356,92.356,-0.0043
2014-03-11,92.425,92.425,0.0747
2014-03-12,92.432,92.432,0.0076
2014-03-13,92.7,92.7,0.2899
2014-03-14,92.741,92.741,0.0442
2014-03-17,92.842,92.842,0.1089
2014-03-18,92.654,92.654,-0.2025
2014-03-19,92.578,92.578,-0.082
2014-03-20,92.528,92.528,-0.054
2014-03-21,92.739,92.739,0.228
2014-03-24,92.747,92.747,0.0086
2014-03-25,92.694,92.694,-0.0571
2014-03-26,92.689,92.689,-0.0054
2014-03-27,92.664,92.664,-0.027
2014-03-28,92.502,92.502,-0.1748
2014-03-31,92.449,92.449,-0.0573
2014-04-01,92.398,92.398,-0.0552
2014-04-02,92.312,92.312,-0.0931
2014-04-03,92.309,92.309,-0.0032
2014-04-04,92.212,92.212,-0.1051
2014-04-08,92.287,92.287,0.0813
2014-04-09,92.379,92.379,0.0997
2014-04-10,92.487,92.487,0.1169
2014-04-11,92.744,92.744,0.2779
2014-04-14,92.841,92.841,0.1046
2014-04-15,93.166,93.166,0.3501
2014-04-16,92.856,92.856,-0.3327
2014-04-17,93.419,93.419,0.6063
2014-04-18,93.442,93.442,0.0246
2014-04-21,93.572,93.572,0.1391
2014-04-22,93.176,93.176,-0.4232
2014-04-23,93.236,93.236,0.0644
2014-04-24,92.909,92.909,-0.3507
2014-04-25,93.199,93.199,0.3121
2014-04-28,93.058,93.058,-0.1513
2014-04-29,93.175,93.175,0.1257
2014-04-30,93.512,93.512,0.3617
2014-05-05,93.646,93.646,0.1433
2014-05-06,93.733,93.733,0.0929
2014-05-07,93.59,93.59,-0.1526
2014-05-08,93.746,93.746,0.1667
2014-05-09,94.102,94.102,0.3797
2014-05-12,94.01,94.01,-0.0978
2014-05-13,93.977,93.977,-0.0351
2014-05-14,93.85,93.85,-0.1351
2014-05-15,93.935,93.935,0.0906
2014-05-16,93.942,93.942,0.0075
2014-05-19,93.878,93.878,-0.0681
2014-05-20,93.893,93.893,0.016
2014-05-21,93.84,93.84,-0.0564
2014-05-22,93.964,93.964,0.1321
2014-05-23,94.034,94.034,0.0745
2014-05-26,94.158,94.158,0.1319
2014-05-27,94.437,94.437,0.2963
2014-05-28,94.44,94.44,0.0032
2014-05-29,94.609,94.609,0.1789
2014-05-30,94.717,94.717,0.1142
2014-06-03,94.88,94.88,0.1721
2014-06-04,95.291,95.291,0.4332
2014-06-05,94.681,94.681,-0.6401
2014-06-06,94.752,94.752,0.075
2014-06-09,94.787,94.787,0.0369
2014-06-10,94.768,94.768,-0.02
2014-06-11,94.85,94.85,0.0865
2014-06-12,94.669,94.669,-0.1908
2014-06-13,94.626,94.626,-0.0454
2014-06-16,95.025,95.025,0.4217
2014-06-17,94.813,94.813,-0.2231
2014-06-18,94.826,94.826,0.0137
2014-06-19,94.79,94.79,-0.038
2014-06-20,94.879,94.879,0.0939
2014-06-23,94.889,94.889,0.0105
2014-06-24,95.134,95.134,0.2582
2014-06-25,95.104,95.104,-0.0315
2014-06-26,94.91,94.91,-0.204
2014-06-27,94.831,94.831,-0.0832
2014-06-30,94.776,94.776,-0.058
2014-07-01,94.676,94.676,-0.1055
2014-07-02,94.598,94.598,-0.0824
2014-07-03,94.614,94.614,0.0169
2014-07-04,94.612,94.612,-0.0021
2014-07-07,94.57,94.57,-0.0444
2014-07-08,94.227,94.227,-0.3627
2014-07-09,93.935,93.935,-0.3099
2014-07-10,93.573,93.573,-0.3854
2014-07-11,94.302,94.302,0.7791
2014-07-14,94.408,94.408,0.1124
2014-07-15,94.33,94.33,-0.0826
2014-07-16,94.094,94.094,-0.2502
2014-07-17,93.785,93.785,-0.3284
2014-07-18,93.753,93.753,-0.0341
2014-07-21,93.805,93.805,0.0555
2014-07-22,93.895,93.895,0.0959
2014-07-23,93.904,93.904,0.0096
2014-07-24,93.864,93.864,-0.0426
2014-07-25,94.027,94.027,0.1737
2014-07-28,94.024,94.024,-0.0032
2014-07-29,94.0,94.0,-0.0255
2014-07-30,94.176,94.176,0.1872
2014-07-31,94.196,94.196,0.0212
2014-08-01,94.685,94.685,0.5191
2014-08-04,94.693,94.693,0.0084
2014-08-05,94.774,94.774,0.0855
2014-08-06,94.871,94.871,0.1023
2014-08-07,94.696,94.696,-0.1845
2014-08-08,94.792,94.792,0.1014
2014-08-11,94.837,94.837,0.0475
2014-08-12,94.77,94.77,-0.0706
2014-08-13,94.844,94.844,0.0781
2014-08-14,94.905,94.905,0.0643
2014-08-15,95.031,95.031,0.1328
2014-08-18,94.964,94.964,-0.0705
2014-08-19,94.927,94.927,-0.039
2014-08-20,94.888,94.888,-0.0411
2014-08-21,94.83,94.83,-0.0611
2014-08-22,94.803,94.803,-0.0285
2014-08-25,94.802,94.802,-0.0011
2014-08-26,94.878,94.878,0.0802
2014-08-27,94.799,94.799,-0.0833
2014-08-28,94.862,94.862,0.0665
2014-08-29,94.883,94.883,0.0221
2014-09-01,94.94,94.94,0.0601
2014-09-02,94.906,94.906,-0.0358
2014-09-03,94.885,94.885,-0.0221
2014-09-04,94.864,94.864,-0.0221
2014-09-05,94.862,94.862,-0.0021
2014-09-09,94.891,94.891,0.0306
2014-09-10,94.826,94.826,-0.0685
2014-09-11,94.814,94.814,-0.0127
2014-09-12,94.792,94.792,-0.0232
2014-09-15,94.886,94.886,0.0992
2014-09-16,94.87,94.87,-0.0169
2014-09-17,94.889,94.889,0.02
2014-09-18,95.38,95.38,0.5174
2014-09-19,95.482,95.482,0.1069
2014-09-22,95.583,95.583,0.1058
2014-09-23,95.842,95.842,0.271
2014-09-24,95.378,95.378,-0.4841
2014-09-25,95.426,95.426,0.0503
2014-09-26,95.35,95.35,-0.0796
2014-09-29,95.587,95.587,0.2486
2014-09-30,96.028,96.028,0.4614
2014-10-08,95.969,95.969,-0.0614
2014-10-09,96.002,96.002,0.0344
2014-10-10,95.958,95.958,-0.0458
2014-10-13,96.043,96.043,0.0886
2014-10-14,96.746,96.746,0.732
2014-10-15,97.118,97.118,0.3845
2014-10-16,97.421,97.421,0.312
2014-10-17,97.69,97.69,0.2761
2014-10-20,97.866,97.866,0.1802
2014-10-21,97.621,97.621,-0.2503
2014-10-22,97.112,97.112,-0.5214
2014-10-23,97.227,97.227,0.1184
2014-10-24,97.27,97.27,0.0442
2014-10-27,97.193,97.193,-0.0792
2014-10-28,97.568,97.568,0.3858
2014-10-29,97.814,97.814,0.2521
2014-10-30,97.729,97.729,-0.0869
2014-10-31,97.695,97.695,-0.0348
2014-11-03,97.913,97.913,0.2231
2014-11-04,98.429,98.429,0.527
2014-11-05,98.699,98.699,0.2743
2014-11-06,98.441,98.441,-0.2614
2014-11-07,98.869,98.869,0.4348
2014-11-10,99.155,99.155,0.2893
2014-11-11,99.081,99.081,-0.0746
2014-11-12,99.047,99.047,-0.0343
2014-11-13,98.828,98.828,-0.2211
2014-11-14,98.693,98.693,-0.1366
2014-11-17,98.357,98.357,-0.3404
2014-11-18,98.731,98.731,0.3802
2014-11-19,98.491,98.491,-0.2431
2014-11-20,98.485,98.485,-0.0061
2014-11-21,98.533,98.533,0.0487
2014-11-24,98.746,98.746,0.2162
2014-11-25,98.881,98.881,0.1367
2014-11-26,98.86,98.86,-0.0212
2014-11-27,98.933,98.933,0.0738
2014-11-28,98.985,98.985,0.0526
2014-12-01,99.11,99.11,0.1263
2014-12-02,98.942,98.942,-0.1695
2014-12-03,98.213,98.213,-0.7368
2014-12-04,97.778,97.778,-0.4429
2014-12-05,97.426,97.426,-0.36
2014-12-08,97.195,97.195,-0.2371
2014-12-09,97.149,97.149,-0.0473
2014-12-10,97.35,97.35,0.2069
2014-12-11,97.427,97.427,0.0791
2014-12-12,97.564,97.564,0.1406
2014-12-15,97.68,97.68,0.1189
2014-12-16,97.797,97.797,0.1198
2014-12-17,98.31,98.31,0.5246
2014-12-18,98.011,98.011,-0.3041
2014-12-19,98.076,98.076,0.0663
2014-12-22,98.095,98.095,0.0194
2014-12-23,98.28,98.28,0.1886
2014-12-24,98.568,98.568,0.293
2014-12-25,98.514,98.514,-0.0548
2014-12-26,98.394,98.394,-0.1218
2014-12-29,98.393,98.393,-0.001
2014-12-30,98.155,98.155,-0.2419
2014-12-31,98.288,98.288,0.1355
2015-01-05,98.186,98.186,-0.1038
2015-01-06,98.252,98.252,0.0672
2015-01-07,98.382,98.382,0.1323
2015-01-08,98.408,98.408,0.0264
2015-01-09,98.605,98.605,0.2002
2015-01-12,98.88,98.88,0.2789
2015-01-13,99.118,99.118,0.2407
2015-01-14,99.232,99.232,0.115
2015-01-15,99.547,99.547,0.3174
2015-01-16,100.107,100.107,0.5625
2015-01-19,100.433,100.433,0.3257
2015-01-20,100.438,100.438,0.005
2015-01-21,100.505,100.505,0.0667
2015-01-22,100.533,100.533,0.0279
2015-01-23,100.583,100.583,0.0497
2015-01-26,100.71,100.71,0.1263
2015-01-27,100.809,100.809,0.0983
2015-01-28,100.739,100.739,-0.0694
2015-01-29,100.579,100.579,-0.1588
2015-01-30,100.203,100.203,-0.3738
2015-02-02,100.347,100.347,0.1437
2015-02-03,100.563,100.563,0.2153
2015-02-04,100.721,100.721,0.1571
2015-02-05,100.923,100.923,0.2006
2015-02-06,101.342,101.342,0.4152
2015-02-09,101.485,101.485,0.1411
2015-02-10,100.83,100.83,-0.6454
2015-02-11,101.377,101.377,0.5425
2015-02-12,101.663,101.663,0.2821
2015-02-13,101.852,101.852,0.1859
2015-02-16,101.567,101.567,-0.2798
2015-02-17,101.788,101.788,0.2176
2015-02-25,101.794,101.794,0.0059
2015-02-26,101.597,101.597,-0.1935
2015-02-27,101.619,101.619,0.0217
2015-03-02,101.297,101.297,-0.3169
2015-03-03,101.249,101.249,-0.0474
2015-03-04,101.325,101.325,0.0751
2015-03-05,101.146,101.146,-0.1767
2015-03-06,101.112,101.112,-0.0336
2015-03-09,100.765,100.765,-0.3432
2015-03-10,100.637,100.637,-0.127
2015-03-11,101.19,101.19,0.5495
2015-03-12,101.193,101.193,0.003
2015-03-13,101.107,101.107,-0.085
2015-03-16,101.105,101.105,-0.002
2015-03-17,101.168,101.168,0.0623
2015-03-18,101.144,101.144,-0.0237
2015-03-19,101.146,101.146,0.002
2015-03-20,101.163,101.163,0.0168
2015-03-23,101.233,101.233,0.0692
2015-03-24,101.232,101.232,-0.001
2015-03-25,101.242,101.242,0.0099
2015-03-26,101.213,101.213,-0.0286
2015-03-27,101.13,101.13,-0.082
2015-03-30,100.628,100.628,-0.4964
2015-03-31,99.936,99.936,-0.6877
2015-04-01,100.309,100.309,0.3732
2015-04-02,100.51,100.51,0.2004
2015-04-03,100.389,100.389,-0.1204
2015-04-07,100.314,100.314,-0.0747
2015-04-08,100.145,100.145,-0.1685
2015-04-09,100.219,100.219,0.0739
2015-04-10,100.277,100.277,0.0579
2015-04-13,100.356,100.356,0.0788
2015-04-14,100.533,100.533,0.1764
2015-04-15,100.502,100.502,-0.0308
2015-04-16,101.187,101.187,0.6816
2015-04-17,101.203,101.203,0.0158
2015-04-20,101.55,101.55,0.3429
2015-04-21,101.607,101.607,0.0561
2015-04-22,101.832,101.832,0.2214
2015-04-23,101.727,101.727,-0.1031
2015-04-24,101.54,101.54,-0.1838
2015-04-27,101.83,101.83,0.2856
2015-04-28,101.949,101.949,0.1169
2015-04-29,101.989,101.989,0.0392
2015-04-30,102.12,102.12,0.1284
2015-05-04,101.802,101.802,-0.3114
2015-05-05,101.758,101.758,-0.0432
2015-05-06,101.345,101.345,-0.4059
2015-05-07,101.548,101.548,0.2003
2015-05-08,101.919,101.919,0.3653
2015-05-11,102.088,102.088,0.1658
2015-05-12,102.07,102.07,-0.0176
2015-05-13,102.022,102.022,-0.047
2015-05-14,102.247,102.247,0.2205
2015-05-15,102.262,102.262,0.0147
2015-05-18,102.29,102.29,0.0274
2015-05-19,102.083,102.083,-0.2024
2015-05-20,101.975,101.975,-0.1058
2015-05-21,101.836,101.836,-0.1363
2015-05-22,101.93,101.93,0.0923
2015-05-25,101.925,101.925,-0.0049
2015-05-26,101.904,101.904,-0.0206
2015-05-27,101.796,101.796,-0.106
2015-05-28,101.819,101.819,0.0226
2015-05-29,101.201,101.201,-0.607
2015-06-01,100.69,100.69,-0.5049
2015-06-02,100.86,100.86,0.1688
2015-06-03,101.485,101.485,0.6197
2015-06-04,101.58,101.58,0.0936
2015-06-05,101.941,101.941,0.3554
2015-06-08,102.041,102.041,0.0981
2015-06-09,101.829,101.829,-0.2078
2015-06-10,101.583,101.583,-0.2416
2015-06-11,101.63,101.63,0.0463
2015-06-12,101.5,101.5,-0.1279
2015-06-15,101.089,101.089,-0.4049
2015-06-16,101.086,101.086,-0.003
2015-06-17,100.94,100.94,-0.1444
2015-06-18,101.011,101.011,0.0703
2015-06-19,101.088,101.088,0.0762
2015-06-23,101.282,101.282,0.1919
2015-06-24,101.546,101.546,0.2607
2015-06-25,101.09,101.09,-0.4491
2015-06-26,100.685,100.685,-0.4006
2015-06-29,100.84,100.84,0.1539
2015-06-30,100.778,100.778,-0.0615
2015-07-01,100.96,100.96,0.1806
2015-07-02,100.713,100.713,-0.2447
2015-07-03,100.797,100.797,0.0834
2015-07-06,101.48,101.48,0.6776
2015-07-07,102.189,102.189,0.6987
2015-07-08,102.708,102.708,0.5079
2015-07-09,102.543,102.543,-0.1606
2015-07-10,101.932,101.932,-0.5958
2015-07-13,102.074,102.074,0.1393
2015-07-14,101.97,101.97,-0.1019
2015-07-15,102.223,102.223,0.2481
2015-07-16,102.79,102.79,0.5547
2015-07-17,103.495,103.495,0.6859
2015-07-20,103.291,103.291,-0.1971
2015-07-21,103.25,103.25,-0.0397
2015-07-22,103.206,103.206,-0.0426
2015-07-23,103.34,103.34,0.1298
2015-07-24,102.933,102.933,-0.3938
2015-07-27,102.989,102.989,0.0544
2015-07-28,103.264,103.264,0.267
2015-07-29,103.611,103.611,0.336
2015-07-30,103.156,103.156,-0.4391
2015-07-31,103.07,103.07,-0.0834
2015-08-03,103.283,103.283,0.2067
2015-08-04,103.072,103.072,-0.2043
2015-08-05,103.313,103.313,0.2338
2015-08-06,103.512,103.512,0.1926
2015-08-07,103.579,103.579,0.0647
2015-08-10,103.553,103.553,-0.0251
2015-08-11,103.483,103.483,-0.0676
2015-08-12,103.412,103.412,-0.0686
2015-08-13,103.298,103.298,-0.1102
2015-08-14,103.248,103.248,-0.0484
2015-08-17,102.908,102.908,-0.3293
2015-08-18,102.525,102.525,-0.3722
2015-08-19,102.588,102.588,0.0614
2015-08-20,102.576,102.576,-0.0117
2015-08-21,102.603,102.603,0.0263
2015-08-24,102.773,102.773,0.1657
2015-08-25,102.89,102.89,0.1138
2015-08-26,102.99,102.99,0.0972
2015-08-27,103.268,103.268,0.2699
2015-08-28,103.422,103.422,0.1491
2015-08-31,103.656,103.656,0.2263
2015-09-01,104.02,104.02,0.3512
2015-09-02,104.005,104.005,-0.0144
2015-09-07,103.909,103.909,-0.0923
2015-09-08,103.529,103.529,-0.3657
2015-09-09,103.557,103.557,0.027
2015-09-10,103.34,103.34,-0.2095
2015-09-11,103.104,103.104,-0.2284
2015-09-14,103.279,103.279,0.1697
2015-09-15,103.318,103.318,0.0378
2015-09-16,103.29,103.29,-0.0271
2015-09-17,103.262,103.262,-0.0271
2015-09-18,103.248,103.248,-0.0136
2015-09-21,103.267,103.267,0.0184
2015-09-22,103.195,103.195,-0.0697
2015-09-23,103.211,103.211,0.0155
2015-09-24,103.205,103.205,-0.0058
2015-09-25,103.168,103.168,-0.0359
2015-09-28,103.191,103.191,0.0223
2015-09-29,103.319,103.319,0.124
2015-09-30,103.581,103.581,0.2536
2015-10-08,103.469,103.469,-0.1081
2015-10-09,103.75,103.75,0.2716
2015-10-12,104.33,104.33,0.559
2015-10-13,104.192,104.192,-0.1323
2015-10-14,104.513,104.513,0.3081
2015-10-15,104.341,104.341,-0.1646
2015-10-16,103.906,103.906,-0.4169
2015-10-19,103.954,103.954,0.0462
2015-10-20,104.479,104.479,0.505
2015-10-21,104.389,104.389,-0.0861
2015-10-22,104.296,104.296,-0.0891
2015-10-23,104.429,104.429,0.1275
2015-10-26,104.554,104.554,0.1197
2015-10-27,104.74,104.74,0.1779
2015-10-28,104.93,104.93,0.1814
2015-10-29,104.638,104.638,-0.2783
2015-10-30,104.695,104.695,0.0545
2015-11-02,104.726,104.726,0.0296
2015-11-03,104.663,104.663,-0.0602
2015-11-04,104.296,104.296,-0.3506
2015-11-05,104.282,104.282,-0.0134
2015-11-06,104.112,104.112,-0.163
2015-11-09,103.104,103.104,-0.9682
2015-11-10,103.391,103.391,0.2784
2015-11-11,103.807,103.807,0.4024
2015-11-12,103.903,103.903,0.0925
2015-11-13,103.893,103.893,-0.0096
2015-11-16,103.922,103.922,0.0279
2015-11-17,104.04,104.04,0.1135
2015-11-18,103.843,103.843,-0.1894
2015-11-19,103.902,103.902,0.0568
2015-11-20,103.913,103.913,0.0106
2015-11-23,103.912,103.912,-0.001
2015-11-24,104.158,104.158,0.2367
2015-11-25,104.163,104.163,0.0048
2015-11-26,104.385,104.385,0.2131
2015-11-27,104.333,104.333,-0.0498
2015-11-30,104.468,104.468,0.1294
2015-12-01,104.323,104.323,-0.1388
2015-12-02,104.49,104.49,0.1601
2015-12-03,104.525,104.525,0.0335
2015-12-04,104.506,104.506,-0.0182
2015-12-07,104.561,104.561,0.0526
2015-12-08,104.615,104.615,0.0516
2015-12-09,104.601,104.601,-0.0134
2015-12-10,104.647,104.647,0.044
2015-12-11,104.649,104.649,0.0019
2015-12-14,104.52,104.52,-0.1233
2015-12-15,104.594,104.594,0.0708
2015-12-16,104.675,104.675,0.0774
2015-12-17,104.711,104.711,0.0344
2015-12-18,104.99,104.99,0.2664
2015-12-21,105.411,105.411,0.401
2015-12-22,105.349,105.349,-0.0588
2015-12-23,105.391,105.391,0.0399
2015-12-24,105.538,105.538,0.1395
2015-12-25,105.49,105.49,-0.0455
2015-12-28,105.955,105.955,0.4408
2015-12-29,105.888,105.888,-0.0632
2015-12-30,105.857,105.857,-0.0293
2015-12-31,105.735,105.735,-0.1152
2016-01-04,105.436,105.436,-0.2828
2016-01-05,105.33,105.33,-0.1005
2016-01-06,105.365,105.365,0.0332
2016-01-07,105.481,105.481,0.1101
2016-01-08,105.74,105.74,0.2455
2016-01-11,105.79,105.79,0.0473
2016-01-12,106.082,106.082,0.276
2016-01-13,106.214,106.214,0.1244
2016-01-14,106.075,106.075,-0.1309
2016-01-15,106.178,106.178,0.0971
2016-01-18,106.059,106.059,-0.1121
2016-01-19,105.77,105.77,-0.2725
2016-01-20,105.733,105.733,-0.035
2016-01-21,105.987,105.987,0.2402
2016-01-22,106.002,106.002,0.0142
2016-01-25,105.857,105.857,-0.1368
2016-01-26,105.918,105.918,0.0576
2016-01-27,105.719,105.719,-0.1879
2016-01-28,105.646,105.646,-0.0691
2016-01-29,105.696,105.696,0.0473
2016-02-01,105.694,105.694,-0.0019
2016-02-02,105.679,105.679,-0.0142
2016-02-03,105.8,105.8,0.1145
2016-02-04,105.764,105.764,-0.034
2016-02-05,105.795,105.795,0.0293
2016-02-15,106.0,106.0,0.1938
2016-02-16,105.996,105.996,-0.0038
2016-02-17,105.999,105.999,0.0028
2016-02-18,105.932,105.932,-0.0632
2016-02-19,106.029,106.029,0.0916
2016-02-22,106.025,106.025,-0.0038
2016-02-23,106.087,106.087,0.0585
2016-02-24,106.256,106.256,0.1593
2016-02-25,106.169,106.169,-0.0819
2016-02-26,106.252,106.252,0.0782
2016-02-29,106.263,106.263,0.0104
2016-03-01,106.42,106.42,0.1477
2016-03-02,106.46,106.46,0.0376
2016-03-03,106.388,106.388,-0.0676
2016-03-04,106.325,106.325,-0.0592
2016-03-07,106.289,106.289,-0.0339
2016-03-08,106.311,106.311,0.0207
2016-03-09,106.39,106.39,0.0743
2016-03-10,106.529,106.529,0.1307
2016-03-11,106.827,106.827,0.2797
2016-03-14,106.562,106.562,-0.2481
2016-03-15,106.526,106.526,-0.0338
2016-03-16,106.711,106.711,0.1737
2016-03-17,106.71,106.71,-0.0009
2016-03-18,106.709,106.709,-0.0009
2016-03-21,106.604,106.604,-0.0984
2016-03-22,106.72,106.72,0.1088
2016-03-23,106.84,106.84,0.1124
2016-03-24,107.084,107.084,0.2284
2016-03-25,107.205,107.205,0.113
2016-03-28,107.247,107.247,0.0392
2016-03-29,107.289,107.289,0.0392
2016-03-30,107.35,107.35,0.0569
2016-03-31,107.32,107.32,-0.0279
2016-04-01,107.632,107.632,0.2907
2016-04-05,107.468,107.468,-0.1524
2016-04-06,107.5,107.5,0.0298
2016-04-07,107.413,107.413,-0.0809
2016-04-08,107.41,107.41,-0.0028
2016-04-11,107.413,107.413,0.0028
2016-04-12,107.386,107.386,-0.0251
2016-04-13,107.198,107.198,-0.1751
2016-04-14,107.04,107.04,-0.1474
2016-04-15,107.034,107.034,-0.0056
2016-04-18,107.104,107.104,0.0654
2016-04-19,107.15,107.15,0.0429
2016-04-20,107.019,107.019,-0.1223
2016-04-21,106.543,106.543,-0.4448
2016-04-22,106.515,106.515,-0.0263
2016-04-25,105.92,105.92,-0.5586
2016-04-26,106.089,106.089,0.1596
2016-04-27,106.187,106.187,0.0924
2016-04-28,106.534,106.534,0.3268
2016-04-29,106.579,106.579,0.0422
2016-05-03,106.642,106.642,0.0591
2016-05-04,106.62,106.62,-0.0206
2016-05-05,106.693,106.693,0.0685
2016-05-06,106.623,106.623,-0.0656
2016-05-09,106.711,106.711,0.0825
2016-05-10,106.872,106.872,0.1509
2016-05-11,106.937,106.937,0.0608
2016-05-12,107.132,107.132,0.1824
2016-05-13,107.194,107.194,0.0579
2016-05-16,106.916,106.916,-0.2593
2016-05-17,106.934,106.934,0.0168
2016-05-18,106.822,106.822,-0.1047
2016-05-19,106.725,106.725,-0.0908
2016-05-20,106.87,106.87,0.1359
2016-05-23,106.776,106.776,-0.088
2016-05-24,106.789,106.789,0.0122
2016-05-25,106.843,106.843,0.0506
2016-05-26,106.773,106.773,-0.0655
2016-05-27,106.786,106.786,0.0122
2016-05-30,106.743,106.743,-0.0403
2016-05-31,106.781,106.781,0.0356
2016-06-01,106.794,106.794,0.0122
2016-06-02,106.69,106.69,-0.0974
2016-06-03,106.645,106.645,-0.0422
2016-06-06,106.661,106.661,0.015
2016-06-07,106.684,106.684,0.0216
2016-06-08,106.787,106.787,0.0965
2016-06-13,106.8,106.8,0.0122
2016-06-14,106.968,106.968,0.1573
2016-06-15,106.982,106.982,0.0131
2016-06-16,107.067,107.067,0.0795
2016-06-17,107.113,107.113,0.043
2016-06-20,107.013,107.013,-0.0934
2016-06-21,107.027,107.027,0.0131
2016-06-22,107.092,107.092,0.0607
2016-06-23,107.146,107.146,0.0504
2016-06-24,107.313,107.313,0.1559
2016-06-27,107.544,107.544,0.2153
2016-06-28,107.52,107.52,-0.0223
2016-06-29,107.44,107.44,-0.0744
2016-06-30,107.449,107.449,0.0084
2016-07-01,107.74,107.74,0.2708
2016-07-04,107.74,107.74,0.0
2016-07-05,107.747,107.747,0.0065
2016-07-06,107.882,107.882,0.1253
2016-07-07,107.991,107.991,0.101
2016-07-08,107.888,107.888,-0.0954
2016-07-11,107.852,107.852,-0.0334
2016-07-12,107.807,107.807,-0.0417
2016-07-13,107.751,107.751,-0.0519
2016-07-14,107.781,107.781,0.0278
2016-07-15,107.916,107.916,0.1253
2016-07-18,107.943,107.943,0.025
2016-07-19,108.019,108.019,0.0704
2016-07-20,108.086,108.086,0.062
2016-07-21,108.15,108.15,0.0592
2016-07-22,108.13,108.13,-0.0185
2016-07-25,108.117,108.117,-0.012
2016-07-26,108.187,108.187,0.0647
2016-07-27,108.208,108.208,0.0194
2016-07-28,108.237,108.237,0.0268
2016-07-29,108.31,108.31,0.0674
2016-08-01,108.539,108.539,0.2114
2016-08-02,108.506,108.506,-0.0304
2016-08-03,108.517,108.517,0.0101
2016-08-04,108.461,108.461,-0.0516
2016-08-05,108.608,108.608,0.1355
2016-08-08,108.68,108.68,0.0663
2016-08-09,108.864,108.864,0.1693
2016-08-10,109.017,109.017,0.1405
2016-08-11,108.95,108.95,-0.0615
2016-08-12,108.926,108.926,-0.022
2016-08-15,108.762,108.762,-0.1506
2016-08-16,108.913,108.913,0.1388
2016-08-17,108.935,108.935,0.0202
2016-08-18,108.869,108.869,-0.0606
2016-08-19,108.736,108.736,-0.1222
2016-08-22,108.84,108.84,0.0956
2016-08-23,108.778,108.778,-0.057
2016-08-24,108.566,108.566,-0.1949
2016-08-25,108.571,108.571,0.0046
2016-08-26,108.698,108.698,0.117
2016-08-29,108.74,108.74,0.0386
2016-08-30,108.679,108.679,-0.0561
2016-08-31,108.687,108.687,0.0074
2016-09-01,108.551,108.551,-0.1251
2016-09-02,108.541,108.541,-0.0092
2016-09-05,108.563,108.563,0.0203
2016-09-06,108.411,108.411,-0.14
2016-09-07,108.446,108.446,0.0323
2016-09-08,108.49,108.49,0.0406
2016-09-09,108.656,108.656,0.153
2016-09-12,108.522,108.522,-0.1233
2016-09-13,108.575,108.575,0.0488
2016-09-14,108.674,108.674,0.0912
2016-09-19,108.701,108.701,0.0248
2016-09-20,108.762,108.762,0.0561
2016-09-21,108.744,108.744,-0.0165
2016-09-22,108.74,108.74,-0.0037
2016-09-23,108.763,108.763,0.0212
2016-09-26,108.793,108.793,0.0276
2016-09-27,108.811,108.811,0.0165
2016-09-28,108.879,108.879,0.0625
2016-09-29,108.984,108.984,0.0964
2016-09-30,109.047,109.047,0.0578
2016-10-10,109.065,109.065,0.0165
2016-10-11,109.087,109.087,0.0202
2016-10-12,109.088,109.088,0.0009
2016-10-13,109.117,109.117,0.0266
2016-10-14,109.207,109.207,0.0825
2016-10-17,109.305,109.305,0.0897
2016-10-18,109.32,109.32,0.0137
2016-10-19,109.364,109.364,0.0402
2016-10-20,109.497,109.497,0.1216
2016-10-21,109.652,109.652,0.1416
2016-10-24,109.647,109.647,-0.0046
2016-10-25,109.538,109.538,-0.0994
2016-10-26,109.384,109.384,-0.1406
2016-10-27,109.223,109.223,-0.1472
2016-10-28,109.414,109.414,0.1749
2016-10-31,109.353,109.353,-0.0558
2016-11-01,109.391,109.391,0.0347
2016-11-02,109.301,109.301,-0.0823
2016-11-03,109.369,109.369,0.0622
2016-11-04,109.501,109.501,0.1207
2016-11-07,109.384,109.384,-0.1068
2016-11-08,109.377,109.377,-0.0064
2016-11-09,109.405,109.405,0.0256
2016-11-10,109.342,109.342,-0.0576
2016-11-11,109.359,109.359,0.0155
2016-11-14,109.071,109.071,-0.2634
2016-11-15,108.8,108.8,-0.2485
2016-11-16,108.813,108.813,0.0119
2016-11-17,108.618,108.618,-0.1792
2016-11-18,108.391,108.391,-0.209
2016-11-21,108.464,108.464,0.0673
2016-11-22,108.583,108.583,0.1097
2016-11-23,108.651,108.651,0.0626
2016-11-24,108.444,108.444,-0.1905
2016-11-25,108.187,108.187,-0.237
2016-11-28,108.208,108.208,0.0194
2016-11-29,107.595,107.595,-0.5665
2016-11-30,107.584,107.584,-0.0102
2016-12-01,107.567,107.567,-0.0158
2016-12-02,107.594,107.594,0.0251
2016-12-05,107.554,107.554,-0.0372
2016-12-06,107.431,107.431,-0.1144
2016-12-07,107.388,107.388,-0.04
2016-12-08,107.474,107.474,0.0801
2016-12-09,107.423,107.423,-0.0475
2016-12-12,106.627,106.627,-0.741
2016-12-13,106.288,106.288,-0.3179
2016-12-14,105.92,105.92,-0.3462
2016-12-15,104.075,104.075,-1.7419
2016-12-16,104.534,104.534,0.441
2016-12-19,105.173,105.173,0.6113
2016-12-20,105.072,105.072,-0.096
2016-12-21,105.774,105.774,0.6681
2016-12-22,106.039,106.039,0.2505
2016-12-23,105.767,105.767,-0.2565
2016-12-26,105.769,105.769,0.0019
2016-12-27,105.886,105.886,0.1106
2016-12-28,106.13,106.13,0.2304
2016-12-29,106.571,106.571,0.4155
2016-12-30,106.609,106.609,0.0357
2017-01-03,106.606,106.606,-0.0028
2017-01-04,106.479,106.479,-0.1191
2017-01-05,106.505,106.505,0.0244
2017-01-06,106.503,106.503,-0.0019
2017-01-09,106.552,106.552,0.046
2017-01-10,106.595,106.595,0.0404
2017-01-11,106.55,106.55,-0.0422
2017-01-12,106.616,106.616,0.0619
2017-01-13,106.644,106.644,0.0263
2017-01-16,106.274,106.274,-0.3469
2017-01-17,106.319,106.319,0.0423
2017-01-18,106.43,106.43,0.1044
2017-01-19,106.615,106.615,0.1738
2017-01-20,106.771,106.771,0.1463
2017-01-23,107.039,107.039,0.251
2017-01-24,106.772,106.772,-0.2494
2017-01-25,106.593,106.593,-0.1676
2017-01-26,106.766,106.766,0.1623
2017-02-03,106.717,106.717,-0.0459
2017-02-06,106.605,106.605,-0.105
2017-02-07,106.585,106.585,-0.0188
2017-02-08,106.564,106.564,-0.0197
2017-02-09,106.489,106.489,-0.0704
2017-02-10,106.189,106.189,-0.2817
2017-02-13,106.262,106.262,0.0687
2017-02-14,106.276,106.276,0.0132
2017-02-15,106.49,106.49,0.2014
2017-02-16,106.719,106.719,0.215
2017-02-17,106.671,106.671,-0.045
2017-02-20,106.606,106.606,-0.0609
2017-02-21,106.658,106.658,0.0488
2017-02-22,106.79,106.79,0.1238
2017-02-23,106.961,106.961,0.1601
2017-02-24,106.814,106.814,-0.1374
2017-02-27,106.902,106.902,0.0824
2017-02-28,107.021,107.021,0.1113
2017-03-01,107.049,107.049,0.0262
2017-03-02,106.854,106.854,-0.1822
2017-03-03,106.91,106.91,0.0524
2017-03-06,106.811,106.811,-0.0926
2017-03-07,106.833,106.833,0.0206
2017-03-08,106.841,106.841,0.0075
2017-03-09,106.77,106.77,-0.0665
2017-03-10,106.49,106.49,-0.2622
2017-03-13,106.347,106.347,-0.1343
2017-03-14,106.549,106.549,0.1899
2017-03-15,106.444,106.444,-0.0985
2017-03-16,106.772,106.772,0.3081
2017-03-17,106.793,106.793,0.0197
2017-03-20,106.829,106.829,0.0337
2017-03-21,106.67,106.67,-0.1488
2017-03-22,106.662,106.662,-0.0075
2017-03-23,106.71,106.71,0.045
2017-03-24,106.923,106.923,0.1996
2017-03-27,106.979,106.979,0.0524
2017-03-28,106.809,106.809,-0.1589
2017-03-29,106.821,106.821,0.0112
2017-03-30,106.516,106.516,-0.2855
2017-03-31,106.713,106.713,0.1849
2017-04-05,106.7,106.7,-0.0122
2017-04-06,106.788,106.788,0.0825
2017-04-07,106.831,106.831,0.0403
2017-04-10,106.878,106.878,0.044
2017-04-11,106.815,106.815,-0.0589
2017-04-12,106.789,106.789,-0.0243
2017-04-13,106.806,106.806,0.0159
2017-04-14,106.83,106.83,0.0225
2017-04-17,106.587,106.587,-0.2275
2017-04-18,106.49,106.49,-0.091
2017-04-19,106.346,106.346,-0.1352
2017-04-20,106.278,106.278,-0.0639
2017-04-21,106.164,106.164,-0.1073
2017-04-24,105.924,105.924,-0.2261
2017-04-25,105.958,105.958,0.0321
2017-04-26,105.973,105.973,0.0142
2017-04-27,105.837,105.837,-0.1283
2017-04-28,105.879,105.879,0.0397
2017-05-02,105.94,105.94,0.0576
2017-05-03,105.799,105.799,-0.1331
2017-05-04,105.478,105.478,-0.3034
2017-05-05,105.363,105.363,-0.109
2017-05-08,105.09,105.09,-0.2591
2017-05-09,105.12,105.12,0.0285
2017-05-10,104.712,104.712,-0.3881
2017-05-11,104.834,104.834,0.1165
2017-05-12,104.79,104.79,-0.042
2017-05-15,104.923,104.923,0.1269
2017-05-16,104.771,104.771,-0.1449
2017-05-17,104.695,104.695,-0.0725
2017-05-18,104.879,104.879,0.1757
2017-05-19,104.528,104.528,-0.3347
2017-05-22,104.426,104.426,-0.0976
2017-05-23,104.4,104.4,-0.0249
2017-05-24,104.599,104.599,0.1906
2017-05-25,105.09,105.09,0.4694
2017-05-26,104.939,104.939,-0.1437
2017-05-31,105.124,105.124,0.1763
2017-06-01,105.403,105.403,0.2654
2017-06-02,105.619,105.619,0.2049
2017-06-05,105.712,105.712,0.0881
2017-06-06,105.62,105.62,-0.087
2017-06-07,105.536,105.536,-0.0795
2017-06-08,105.447,105.447,-0.0843
2017-06-09,105.58,105.58,0.1261
2017-06-12,105.743,105.743,0.1544
2017-06-13,105.785,105.785,0.0397
2017-06-14,105.893,105.893,0.1021
2017-06-15,105.998,105.998,0.0992
2017-06-16,105.851,105.851,-0.1387
2017-06-19,106.007,106.007,0.1474
2017-06-20,106.068,106.068,0.0575
2017-06-21,105.886,105.886,-0.1716
2017-06-22,105.709,105.709,-0.1672
2017-06-23,105.707,105.707,-0.0019
2017-06-26,105.786,105.786,0.0747
2017-06-27,105.978,105.978,0.1815
2017-06-28,105.931,105.931,-0.0443
2017-06-29,105.802,105.802,-0.1218
2017-06-30,105.618,105.618,-0.1739
2017-07-03,105.709,105.709,0.0862
2017-07-04,105.778,105.778,0.0653
2017-07-05,105.693,105.693,-0.0804
2017-07-06,105.882,105.882,0.1788
2017-07-07,105.869,105.869,-0.0123
2017-07-10,105.747,105.747,-0.1152
2017-07-11,105.8,105.8,0.0501
2017-07-12,105.796,105.796,-0.0038
2017-07-13,105.707,105.707,-0.0841
2017-07-14,105.678,105.678,-0.0274
2017-07-17,105.728,105.728,0.0473
2017-07-18,105.447,105.447,-0.2658
2017-07-19,105.522,105.522,0.0711
2017-07-20,105.598,105.598,0.072
2017-07-21,105.634,105.634,0.0341
2017-07-24,105.577,105.577,-0.054
2017-07-25,105.53,105.53,-0.0445
2017-07-26,105.534,105.534,0.0038
2017-07-27,105.562,105.562,0.0265
2017-07-28,105.566,105.566,0.0038
2017-07-31,105.57,105.57,0.0038
2017-08-01,105.654,105.654,0.0796
2017-08-02,105.659,105.659,0.0047
2017-08-03,105.66,105.66,0.0009
2017-08-04,105.783,105.783,0.1164
2017-08-07,105.759,105.759,-0.0227
2017-08-08,105.65,105.65,-0.1031
2017-08-09,105.654,105.654,0.0038
2017-08-10,105.666,105.666,0.0114
2017-08-11,105.755,105.755,0.0842
2017-08-14,105.804,105.804,0.0463
2017-08-15,105.989,105.989,0.1749
2017-08-16,105.731,105.731,-0.2434
2017-08-17,105.834,105.834,0.0974
2017-08-18,105.853,105.853,0.018
2017-08-21,105.814,105.814,-0.0368
2017-08-22,105.817,105.817,0.0028
2017-08-23,105.89,105.89,0.069
2017-08-24,105.89,105.89,0.0
2017-08-25,106.25242113095237,106.25242113095237,0.3423
2017-08-28,106.44376147959183,106.44376147959183,0.1801
2017-08-29,106.21190199829931,106.21190199829931,-0.2178
2017-08-30,106.32895727040814,106.32895727040814,0.1102
2017-08-31,106.46514657738093,106.46514657738093,0.1281
2017-09-01,106.31657642431972,106.31657642431972,-0.1395
2017-09-04,106.33008280187074,106.33008280187074,0.0127
2017-09-05,106.32107855017006,106.32107855017006,-0.0085
2017-09-06,106.32220408163265,106.32220408163265,0.0011
2017-09-07,106.26705303996599,106.26705303996599,-0.0519
2017-09-08,106.4235019132653,106.4235019132653,0.1472
2017-09-11,106.46514657738093,106.46514657738093,0.0391
2017-09-12,106.42462744472789,106.42462744472789,-0.0381
2017-09-13,106.46176998299318,106.46176998299318,0.0349
2017-09-14,106.47752742346937,106.47752742346937,0.0148
2017-09-15,106.68687627551017,106.68687627551017,0.1966
2017-09-18,106.77804432397956,106.77804432397956,0.0855
2017-09-19,106.60358694727888,106.60358694727888,-0.1634
2017-09-20,106.72064221938773,106.72064221938773,0.1098
2017-09-21,106.78254644982992,106.78254644982992,0.058
2017-09-22,106.9783889243197,106.9783889243197,0.1834
2017-09-25,107.08193781887752,107.08193781887752,0.0968
2017-09-26,106.85007833758502,106.85007833758502,-0.2165
2017-09-27,106.82194005102038,106.82194005102038,-0.0263
2017-09-28,106.94912510629248,106.94912510629248,0.1191
2017-09-29,106.47865295493193,106.47865295493193,-0.4399
2017-10-09,106.62046991921765,106.62046991921765,0.1332
2017-10-10,106.69250393282312,106.69250393282312,0.0676
2017-10-11,106.4606444515306,106.4606444515306,-0.2173
2017-10-12,106.45614232568026,106.45614232568026,-0.0042
2017-10-13,106.3706019345238,106.3706019345238,-0.0804
2017-10-16,106.35597002551019,106.35597002551019,-0.0138
2017-10-17,106.01831058673469,106.01831058673469,-0.3175
2017-10-18,106.07346162840136,106.07346162840136,0.052
2017-10-19,106.2828104804422,106.2828104804422,0.1974
2017-10-20,106.17588499149662,106.17588499149662,-0.1006
2017-10-23,106.12973820153064,106.12973820153064,-0.0435
2017-10-24,106.0937211947279,106.0937211947279,-0.0339
2017-10-25,106.08471694302723,106.08471694302723,-0.0085
2017-10-26,106.02618930697281,106.02618930697281,-0.0552
2017-10-27,106.01718505527214,106.01718505527214,-0.0085
2017-10-30,105.79207876275512,105.79207876275512,-0.2123
2017-10-31,105.77632132227895,105.77632132227895,-0.0149
2017-11-01,105.79207876275512,105.79207876275512,0.0149
2017-11-02,105.67952561649662,105.67952561649662,-0.1064
2017-11-03,105.56697247023813,105.56697247023813,-0.1065
2017-11-06,105.5827299107143,105.5827299107143,0.0149
2017-11-07,105.5838554421769,105.5838554421769,0.0011
2017-11-08,105.56697247023813,105.56697247023813,-0.016
2017-11-09,105.45216826105445,105.45216826105445,-0.1088
2017-11-10,104.97719398384356,104.97719398384356,-0.4504
2017-11-13,105.0042067389456,105.0042067389456,0.0257
2017-11-14,105.31935554846939,105.31935554846939,0.3001
2017-11-15,104.54048777636055,104.54048777636055,-0.7395
2017-11-16,104.21633471513607,104.21633471513607,-0.3101
2017-11-17,104.42230697278912,104.42230697278912,0.1976
2017-11-20,104.45607291666666,104.45607291666666,0.0323
2017-11-21,104.47633248299319,104.47633248299319,0.0194
2017-11-22,104.27036022534013,104.27036022534013,-0.1971
2017-11-23,105.20680240221087,105.20680240221087,0.8981
2017-11-24,104.44144100765305,104.44144100765305,-0.7275
2017-11-27,105.00083014455781,105.00083014455781,0.5356
2017-11-28,104.32888786139453,104.32888786139453,-0.6399
2017-11-29,103.6017945365646,103.6017945365646,-0.6969
2017-11-30,104.0159901147959,104.0159901147959,0.3998
2017-12-01,104.21183258928569,104.21183258928569,0.1883
2017-12-04,104.20845599489795,104.20845599489795,-0.0032
2017-12-05,104.20958152636052,104.20958152636052,0.0011
2017-12-06,104.04750499574827,104.04750499574827,-0.1555
2017-12-07,104.2185857780612,104.2185857780612,0.1644
2017-12-08,103.99347948554419,103.99347948554419,-0.216
2017-12-11,103.99685607993194,103.99685607993194,0.0032
2017-12-12,104.10378156887752,104.10378156887752,0.1028
2017-12-13,104.1589326105442,104.1589326105442,0.053
2017-12-14,104.10715816326528,104.10715816326528,-0.0497
2017-12-15,103.99235395408162,103.99235395408162,-0.1103
2017-12-18,104.10378156887752,104.10378156887752,0.1071
2017-12-19,104.04750499574827,104.04750499574827,-0.0541
2017-12-20,104.38516443452377,104.38516443452377,0.3245
2017-12-21,104.3829133715986,104.3829133715986,-0.0022
2017-12-22,104.39079209183672,104.39079209183672,0.0075
2017-12-25,104.39641974914964,104.39641974914964,0.0054
2017-12-26,104.4977175807823,104.4977175807823,0.097
2017-12-27,104.34351977040815,104.34351977040815,-0.1476
2017-12-28,103.14707982568025,103.14707982568025,-1.1466
2017-12-29,104.3468963647959,104.3468963647959,1.1632
2018-01-02,104.44144100765304,104.44144100765304,0.0906
2018-01-03,104.39641974914963,104.39641974914963,-0.0431
2018-01-04,104.39754528061222,104.39754528061222,0.0011
2018-01-05,104.30412616921767,104.30412616921767,-0.0895
2018-01-08,104.20057727465984,104.20057727465984,-0.0993
2018-01-09,104.35590061649657,104.35590061649657,0.1491
2018-01-10,104.22083684098637,104.22083684098637,-0.1294
2018-01-11,103.92594759778909,103.92594759778909,-0.2829
2018-01-12,103.9405795068027,103.9405795068027,0.0141
2018-01-15,103.99122842261905,103.99122842261905,0.0487
2018-01-16,104.05763477891155,104.05763477891155,0.0639
2018-01-17,103.80439019982992,103.80439019982992,-0.2434
2018-01-18,103.88092633928572,103.88092633928572,0.0737
2018-01-19,104.2129581207483,104.2129581207483,0.3196
2018-01-22,104.72957706207484,104.72957706207484,0.4957
2018-01-23,104.49771758078232,104.49771758078232,-0.2214
2018-01-24,104.49771758078232,104.49771758078232,0.0
2018-01-25,104.00923692602042,104.00923692602042,-0.4675
2018-01-26,104.24672406462587,104.24672406462587,0.2283
2018-01-29,104.22759002976191,104.22759002976191,-0.0184
2018-01-30,104.05988584183675,104.05988584183675,-0.1609
2018-01-31,104.27598788265308,104.27598788265308,0.2077
2018-02-01,104.17806664540818,104.17806664540818,-0.0939
2018-02-02,104.40542400085035,104.40542400085035,0.2182
2018-02-05,104.40767506377551,104.40767506377551,0.0022
2018-02-06,104.21746024659863,104.21746024659863,-0.1822
2018-02-07,104.44256653911565,104.44256653911565,0.216
2018-02-08,104.60126647534015,104.60126647534015,0.1519
2018-02-09,104.66654730017008,104.66654730017008,0.0624
2018-02-12,104.49884311224491,104.49884311224491,-0.1602
2018-02-13,104.53373458758507,104.53373458758507,0.0334
2018-02-14,105.21918324829934,105.21918324829934,0.6557
2018-02-22,104.8916535926871,104.8916535926871,-0.3113
2018-02-23,104.8916535926871,104.8916535926871,0.0
2018-02-26,105.73017453231296,105.73017453231296,0.7994
2018-02-27,105.90463190901364,105.90463190901364,0.165
2018-02-28,105.86748937074834,105.86748937074834,-0.0351
2018-03-01,105.78307451105447,105.78307451105447,-0.0797
2018-03-02,105.67052136479597,105.67052136479597,-0.1064
2018-03-05,105.56809800170072,105.56809800170072,-0.0969
2018-03-06,105.62887670068031,105.62887670068031,0.0576
2018-03-07,105.56697247023814,105.56697247023814,-0.0586
2018-03-08,105.42290444302726,105.42290444302726,-0.1365
2018-03-09,105.43190869472795,105.43190869472795,0.0085
2018-03-12,105.44541507227898,105.44541507227898,0.0128
2018-03-13,105.39814275085041,105.39814275085041,-0.0448
2018-03-14,105.31710448554428,105.31710448554428,-0.0769
2018-03-15,105.36325127551025,105.36325127551025,0.0438
2018-03-16,105.3756321215987,105.3756321215987,0.0118
2018-03-19,105.5332065263606,105.5332065263606,0.1495
2018-03-20,105.56697247023814,105.56697247023814,0.032
2018-03-21,105.54896396683677,105.54896396683677,-0.0171
2018-03-22,105.7808234481293,105.7808234481293,0.2197
2018-03-23,106.45614232568032,106.45614232568032,0.6384
2018-03-26,106.12973820153067,106.12973820153067,-0.3066
2018-03-27,105.97216379676877,105.97216379676877,-0.1485
2018-03-28,106.09372119472793,106.09372119472793,0.1147
2018-03-29,105.7144170918368,105.7144170918368,-0.3575
2018-03-30,105.97779145408168,105.97779145408168,0.2491
2018-04-02,106.20739987244902,106.20739987244902,0.2167
2018-04-03,106.21978071853745,106.21978071853745,0.0117
2018-04-04,106.33120833333336,106.33120833333336,0.1049
2018-04-09,106.72176775085039,106.72176775085039,0.3673
2018-04-10,106.63735289115651,106.63735289115651,-0.0791
2018-04-11,106.749906037415,106.749906037415,0.1055
2018-04-12,106.80055495323133,106.80055495323133,0.0474
2018-04-13,106.79380176445581,106.79380176445581,-0.0063
2018-04-16,106.91761022534016,106.91761022534016,0.1159
2018-04-17,107.25414413265308,107.25414413265308,0.3148
2018-04-18,107.59405463435374,107.59405463435374,0.3169
2018-04-19,108.26824798044218,108.26824798044218,0.6266
2018-04-20,108.29188414115647,108.29188414115647,0.0218
2018-04-23,108.26824798044218,108.26824798044218,-0.0218
2018-04-24,108.3808011267007,108.3808011267007,0.104
2018-04-25,108.2682479804422,108.2682479804422,-0.1038
2018-04-26,108.2682479804422,108.2682479804422,0.0
2018-04-27,108.2682479804422,108.2682479804422,0.0
2018-05-02,107.69535246598642,107.69535246598642,-0.5291
2018-05-03,107.71673756377554,107.71673756377554,0.0199
2018-05-04,107.80227795493201,107.80227795493201,0.0794
2018-05-07,107.82141198979598,107.82141198979598,0.0177
2018-05-08,107.60530994897964,107.60530994897964,-0.2004
2018-05-09,107.33405686649665,107.33405686649665,-0.2521
2018-05-10,107.1427165178572,107.1427165178572,-0.1783
2018-05-11,107.2552696641157,107.2552696641157,0.105
2018-05-14,106.69925712159869,106.69925712159869,-0.5184
2018-05-15,106.91873575680277,106.91873575680277,0.2057
2018-05-16,107.0301633715987,107.0301633715987,0.1042
2018-05-17,107.1427165178572,107.1427165178572,0.1052
2018-05-18,107.1427165178572,107.1427165178572,0.0
2018-05-21,107.2552696641157,107.2552696641157,0.105
2018-05-22,107.4803759566327,107.4803759566327,0.2099
2018-05-23,107.4803759566327,107.4803759566327,0.0
2018-05-24,107.75388010204088,107.75388010204088,0.2545
2018-05-25,107.68409715136062,107.68409715136062,-0.0648
2018-05-28,108.22210119047625,108.22210119047625,0.4996
2018-05-29,108.30651605017013,108.30651605017013,0.078
2018-05-30,108.49335427295925,108.49335427295925,0.1725
2018-05-31,108.48322448979599,108.48322448979599,-0.0093
2018-06-01,108.38530325255108,108.38530325255108,-0.0903
2018-06-04,108.31552030187082,108.31552030187082,-0.0644
2018-06-05,108.07015444302728,108.07015444302728,-0.2265
2018-06-06,108.11742676445584,108.11742676445584,0.0437
2018-06-07,107.89344600340142,107.89344600340142,-0.2072
2018-06-08,107.71561203231299,107.71561203231299,-0.1648
2018-06-11,108.000371492347,108.000371492347,0.2644
2018-06-12,107.98011192602047,107.98011192602047,-0.0188
2018-06-13,107.70660778061232,107.70660778061232,-0.2533
2018-06-14,107.77413966836741,107.77413966836741,0.0627
2018-06-15,107.88669281462592,107.88669281462592,0.1044
2018-06-19,107.70885884353747,107.70885884353747,-0.1648
2018-06-20,107.93058854166672,107.93058854166672,0.2059
2018-06-21,108.26824798044223,108.26824798044223,0.3128
2018-06-22,108.47984789540821,108.47984789540821,0.1954
2018-06-25,108.71846056547625,108.71846056547625,0.22
2018-06-26,108.60590741921773,108.60590741921773,-0.1035
2018-06-27,108.26937351190482,108.26937351190482,-0.3099
2018-06-28,108.60590741921773,108.60590741921773,0.3108
2018-06-29,108.94356685799325,108.94356685799325,0.3109
2018-07-02,109.16417102465991,109.16417102465991,0.2025
2018-07-03,109.61438360969392,109.61438360969392,0.4124
2018-07-04,109.28122629676875,109.28122629676875,-0.3039
2018-07-05,109.28122629676875,109.28122629676875,0.0
2018-07-06,109.28122629676875,109.28122629676875,0.0
2018-07-09,109.05612000425174,109.05612000425174,-0.206
2018-07-10,109.13940933248303,109.13940933248303,0.0764
2018-07-11,108.89516900510208,108.89516900510208,-0.2238
2018-07-12,109.16867315051024,109.16867315051024,0.2512
2018-07-13,109.16979868197282,109.16979868197282,0.001
2018-07-16,109.55135384778914,109.55135384778914,0.3495
2018-07-17,109.70892825255105,109.70892825255105,0.1438
2018-07-18,109.53784747023812,109.53784747023812,-0.1559
2018-07-19,109.84286649659866,109.84286649659866,0.2785
2018-07-20,109.95654517431973,109.95654517431973,0.1035
2018-07-23,109.61888573554423,109.61888573554423,-0.3071
2018-07-24,109.4095368835034,109.4095368835034,-0.191
2018-07-25,109.28122629676872,109.28122629676872,-0.1173
2018-07-26,109.3813985969388,109.3813985969388,0.0917
2018-07-27,109.4489304846939,109.4489304846939,0.0617
2018-07-30,109.39377944302723,109.39377944302723,-0.0504
2018-07-31,109.50520705782316,109.50520705782316,0.1019
2018-08-01,109.50408152636057,109.50408152636057,-0.001
2018-08-02,110.06909832057826,110.06909832057826,0.516
2018-08-03,110.18165146683677,110.18165146683677,0.1023
2018-08-06,110.61948320578234,110.61948320578234,0.3974
2018-08-07,110.13663020833336,110.13663020833336,-0.4365
2018-08-08,109.66278146258506,109.66278146258506,-0.4302
2018-08-09,109.67628784013608,109.67628784013608,0.0123
2018-08-10,109.73706653911569,109.73706653911569,0.0554
2018-08-13,109.10226679421771,109.10226679421771,-0.5785
2018-08-14,109.32737308673472,109.32737308673472,0.2063
2018-08-15,109.71455590986398,109.71455590986398,0.3541
2018-08-16,109.39940710034017,109.39940710034017,-0.2872
2018-08-17,109.39940710034017,109.39940710034017,0.0
2018-08-20,108.43820323129256,108.43820323129256,-0.8786
2018-08-21,108.66330952380957,108.66330952380957,0.2076
2018-08-22,108.42582238520414,108.42582238520414,-0.2186
2018-08-23,108.94356685799328,108.94356685799328,0.4775
2018-08-24,108.72408822278918,108.72408822278918,-0.2015
2018-08-27,108.97395620748304,108.97395620748304,0.2298
2018-08-28,108.96382642431979,108.96382642431979,-0.0093
2018-08-29,109.09326254251707,109.09326254251707,0.1188
2018-08-30,109.27672417091843,109.27672417091843,0.1682
2018-08-31,109.36789221938781,109.36789221938781,0.0834
2018-09-03,109.15741783588442,109.15741783588442,-0.1924
2018-09-04,109.14728805272115,109.14728805272115,-0.0093
2018-09-05,109.05612000425175,109.05612000425175,-0.0835
2018-09-06,108.93006048044224,108.93006048044224,-0.1156
2018-09-07,108.89516900510209,108.89516900510209,-0.032
2018-09-10,108.8422690263606,108.8422690263606,-0.0486
2018-09-11,108.59127551020414,108.59127551020414,-0.2306
2018-09-12,108.46071386054427,108.46071386054427,-0.1202
2018-09-13,108.43820323129256,108.43820323129256,-0.0208
2018-09-14,108.69594993622452,108.69594993622452,0.2377
2018-09-17,108.83213924319732,108.83213924319732,0.1253
2018-09-18,108.92555835459187,108.92555835459187,0.0858
2018-09-19,108.9075498511905,108.9075498511905,-0.0165
2018-09-20,108.68469462159867,108.68469462159867,-0.2046
2018-09-21,108.51473937074833,108.51473937074833,-0.1564
2018-09-25,108.70720525085036,108.70720525085036,0.1774
2018-09-26,108.75222650935378,108.75222650935378,0.0414
2018-09-27,108.87603497023814,108.87603497023814,0.1138
2018-09-28,109.13828380102044,109.13828380102044,0.2409
2018-10-08,109.17655187074833,109.17655187074833,0.0351
2018-10-09,109.31724330357146,109.31724330357146,0.1289
2018-10-10,109.24746035289118,109.24746035289118,-0.0638
2018-10-11,109.43767517006805,109.43767517006805,0.1741
2018-10-12,109.63464317602043,109.63464317602043,0.18
2018-10-15,109.62563892431976,109.62563892431976,-0.0082
2018-10-16,109.66390699404765,109.66390699404765,0.0349
2018-10-17,109.74944738520409,109.74944738520409,0.078
2018-10-18,109.72356016156465,109.72356016156465,-0.0236
2018-10-19,109.92052816751703,109.92052816751703,0.1795
2018-10-22,109.78771545493201,109.78771545493201,-0.1208
2018-10-23,109.728062287415,109.728062287415,-0.0543
2018-10-24,109.83273671343541,109.83273671343541,0.0954
2018-10-25,110.03420684523815,110.03420684523815,0.1834
2018-10-26,110.04996428571434,110.04996428571434,0.0143
2018-10-29,110.06347066326536,110.06347066326536,0.0123
2018-10-30,110.32909608843543,110.32909608843543,0.2413
2018-10-31,110.29645567602047,110.29645567602047,-0.0296
2018-11-01,110.37411734693883,110.37411734693883,0.0704
2018-11-02,110.31671524234702,110.31671524234702,-0.052
2018-11-05,110.1737727465987,110.1737727465987,-0.1296
2018-11-06,110.362862032313,110.362862032313,0.1716
2018-11-07,110.50017687074839,110.50017687074839,0.1244
2018-11-08,110.85697034438785,110.85697034438785,0.3229
2018-11-09,110.7781831420069,110.7781831420069,-0.0711
2018-11-12,110.82432993197287,110.82432993197287,0.0417
2018-11-13,110.8288320578232,110.8288320578232,0.0041
2018-11-14,111.19800637755111,111.19800637755111,0.3331
2018-11-15,111.54467006802729,111.54467006802729,0.3118
2018-11-16,111.76639976615654,111.76639976615654,0.1988
2018-11-19,111.91834651360553,111.91834651360553,0.136
2018-11-20,111.79791464710891,111.79791464710891,-0.1076
2018-11-21,111.80579336734701,111.80579336734701,0.007
2018-11-22,111.72813169642863,111.72813169642863,-0.0695
2018-11-23,111.73938701105449,111.73938701105449,0.0101
2018-11-26,111.53003815901366,111.53003815901366,-0.1874
2018-11-27,111.54016794217692,111.54016794217692,0.0091
2018-11-28,111.58293813775516,111.58293813775516,0.0383
2018-11-29,111.81592315051024,111.81592315051024,0.2088
2018-11-30,111.63021045918371,111.63021045918371,-0.1661
2018-12-03,111.79904017857147,111.79904017857147,0.1512
2018-12-04,112.05678688350343,112.05678688350343,0.2305
2018-12-05,112.34604846938781,112.34604846938781,0.2581
2018-12-06,112.47661011904766,112.47661011904766,0.1162
2018-12-07,112.52275690901364,112.52275690901364,0.041
2018-12-10,112.65669515306125,112.65669515306125,0.119
2018-12-11,112.82665040391159,112.82665040391159,0.1509
2018-12-12,112.86604400510207,112.86604400510207,0.0349
2018-12-13,112.4721079931973,112.4721079931973,-0.349
2018-12-14,112.0747953869048,112.0747953869048,-0.3533
2018-12-17,111.99375712159866,111.99375712159866,-0.0723
2018-12-18,111.80916996173471,111.80916996173471,-0.1648
2018-12-19,111.96561883503402,111.96561883503402,0.1399
2018-12-20,112.31453358843538,112.31453358843538,0.3116
2018-12-21,112.57002923044219,112.57002923044219,0.2275
2018-12-24,112.37643781887756,112.37643781887756,-0.172
2018-12-25,112.43946758078233,112.43946758078233,0.0561
2018-12-26,112.69833981717689,112.69833981717689,0.2302
2018-12-27,112.83565465561226,112.83565465561226,0.1218
2018-12-28,113.37140763180274,113.37140763180274,0.4748
2019-01-02,113.31062893282314,113.31062893282314,-0.0536
2019-01-03,113.50984800170069,113.50984800170069,0.1758
2019-01-04,113.35452465986396,113.35452465986396,-0.1368
2019-01-07,113.22846513605442,113.22846513605442,-0.1112
2019-01-08,113.32413531037416,113.32413531037416,0.0845
2019-01-09,113.41417782738095,113.41417782738095,0.0795
2019-01-10,113.43556292517007,113.43556292517007,0.0189
2019-01-11,113.42768420493196,113.42768420493196,-0.0069
2019-01-14,113.38266294642857,113.38266294642857,-0.0397
2019-01-15,113.33313956207483,113.33313956207483,-0.0437
2019-01-16,113.61677349064627,113.61677349064627,0.2503
2019-01-17,113.82724787414968,113.82724787414968,0.1852
2019-01-18,113.71582025935375,113.71582025935375,-0.0979
2019-01-21,113.55824585459185,113.55824585459185,-0.1386
2019-01-22,113.57963095238097,113.57963095238097,0.0188
2019-01-23,113.46932886904762,113.46932886904762,-0.0971
2019-01-24,113.51660119047618,113.51660119047618,0.0417
2019-01-25,113.34777147108844,113.34777147108844,-0.1487
2019-01-28,113.34326934523808,113.34326934523808,-0.004
2019-01-29,113.4243076105442,113.4243076105442,0.0715
2019-01-30,113.52335437925169,113.52335437925169,0.0873
2019-01-31,113.61564795918368,113.61564795918368,0.0813
2019-02-01,113.73382876275511,113.73382876275511,0.104
2019-02-11,113.94205208333332,113.94205208333332,0.1831
2019-02-12,114.03096906887755,114.03096906887755,0.078
2019-02-13,114.09737542517007,114.09737542517007,0.0582
2019-02-14,113.9533073979592,113.9533073979592,-0.1263
2019-02-15,114.09737542517007,114.09737542517007,0.1264
2019-02-18,113.98144568452382,113.98144568452382,-0.1016
2019-02-19,113.88127338435376,113.88127338435376,-0.0879
2019-02-20,113.75521386054423,113.75521386054423,-0.1107
2019-02-21,113.67192453231294,113.67192453231294,-0.0732
2019-02-22,113.48396077806125,113.48396077806125,-0.1654
2019-02-25,113.34889700255104,113.34889700255104,-0.119
2019-02-26,112.99548012329936,112.99548012329936,-0.3118
2019-02-27,113.22058641581637,113.22058641581637,0.1992
2019-02-28,113.23184173044221,113.23184173044221,0.0099
2019-03-01,113.17556515731297,113.17556515731297,-0.0497
2019-03-04,113.16093324829939,113.16093324829939,-0.0129
2019-03-05,113.04050138180278,113.04050138180278,-0.1064
2019-03-06,113.03262266156469,113.03262266156469,-0.007
2019-03-07,113.41867995323135,113.41867995323135,0.3415
2019-03-08,113.48621184098643,113.48621184098643,0.0595
2019-03-11,113.48170971513609,113.48170971513609,-0.004
2019-03-12,113.57737988945581,113.57737988945581,0.0843
2019-03-13,113.64040965136059,113.64040965136059,0.0555
2019-03-14,113.62240114795922,113.62240114795922,-0.0158
2019-03-15,113.66404581207485,113.66404581207485,0.0367
2019-03-18,113.61114583333335,113.61114583333335,-0.0465
2019-03-19,113.67192453231296,113.67192453231296,0.0535
2019-03-20,113.77097130102044,113.77097130102044,0.0871
2019-03-21,113.76759470663268,113.76759470663268,-0.003
2019-03-22,113.96343718112249,113.96343718112249,0.1721
2019-03-25,114.22118388605445,114.22118388605445,0.2262
2019-03-26,114.49018590561228,114.49018590561228,0.2355
2019-03-27,114.44741571003405,114.44741571003405,-0.0374
2019-03-28,114.33486256377554,114.33486256377554,-0.0983
2019-03-29,114.21105410289118,114.21105410289118,-0.1083
2019-04-01,114.10075201955785,114.10075201955785,-0.0966
2019-04-02,113.70343941326533,113.70343941326533,-0.3482
2019-04-03,113.24309704506805,113.24309704506805,-0.4049
2019-04-04,112.91106526360548,112.91106526360548,-0.2932
2019-04-08,112.65782068452386,112.65782068452386,-0.2243
2019-04-09,112.69496322278916,112.69496322278916,0.033
2019-04-10,112.49011649659869,112.49011649659869,-0.1818
2019-04-11,112.73098022959188,112.73098022959188,0.2141
2019-04-12,112.56777816751705,112.56777816751705,-0.1448
2019-04-15,111.93748054846942,111.93748054846942,-0.5599
2019-04-16,111.667352997449,111.667352997449,-0.2413
2019-04-17,111.97687414965989,111.97687414965989,0.2772
2019-04-18,111.8710741921769,111.8710741921769,-0.0945
2019-04-19,111.99488265306127,111.99488265306127,0.1107
2019-04-22,111.76527423469392,111.76527423469392,-0.205
2019-04-23,111.57618494897964,111.57618494897964,-0.1692
2019-04-24,111.47601264880957,111.47601264880957,-0.0898
2019-04-25,111.56492963435377,111.56492963435377,0.0798
2019-04-26,111.69549128401364,111.69549128401364,0.117
2019-04-29,111.52103390731295,111.52103390731295,-0.1562
2019-04-30,111.86544653486396,111.86544653486396,0.3088
2019-05-06,112.19635278486398,112.19635278486398,0.2958
2019-05-07,112.2391229804422,112.2391229804422,0.0381
2019-05-08,112.33366762329935,112.33366762329935,0.0842
2019-05-09,112.48899096513607,112.48899096513607,0.1383
2019-05-10,112.69158662840138,112.69158662840138,0.1801
2019-05-13,113.16318431122451,113.16318431122451,0.4185
2019-05-14,113.0067354379252,113.0067354379252,-0.1383
2019-05-15,112.9999822491497,112.9999822491497,-0.006
2019-05-16,113.0742673256803,113.0742673256803,0.0657
2019-05-17,113.21383322704085,113.21383322704085,0.1234
2019-05-20,113.22733960459188,113.22733960459188,0.0119
2019-05-21,112.97972268282317,112.97972268282317,-0.2187
2019-05-22,112.88180144557826,112.88180144557826,-0.0867
2019-05-23,112.90656313775513,112.90656313775513,0.0219
2019-05-24,112.82777593537418,112.82777593537418,-0.0698
2019-05-27,112.45522502125853,112.45522502125853,-0.3302
2019-05-28,112.706218537415,112.706218537415,0.2232
2019-05-29,112.90543760629255,112.90543760629255,0.1768
2019-05-30,113.02474394132656,113.02474394132656,0.1057
2019-05-31,113.1271673044218,113.1271673044218,0.0906
2019-06-03,113.34889700255104,113.34889700255104,0.196
2019-06-04,113.58525860969391,113.58525860969391,0.2085
2019-06-05,113.75296279761908,113.75296279761908,0.1476
2019-06-06,113.77885002125853,113.77885002125853,0.0228
2019-06-10,113.67192453231296,113.67192453231296,-0.094
2019-06-11,113.40179698129256,113.40179698129256,-0.2376
2019-06-12,113.37816082057827,113.37816082057827,-0.0208
2019-06-13,113.53010756802723,113.53010756802723,0.134
2019-06-14,113.71582025935378,113.71582025935378,0.1636
2019-06-17,113.7968585246599,113.7968585246599,0.0713
2019-06-18,113.68205431547622,113.68205431547622,-0.1009
2019-06-19,113.61789902210887,113.61789902210887,-0.0564
2019-06-20,113.67305006377553,113.67305006377553,0.0485
2019-06-21,113.67192453231294,113.67192453231294,-0.001
2019-06-24,113.6370330569728,113.6370330569728,-0.0307
2019-06-25,113.7203223852041,113.7203223852041,0.0733
2019-06-26,113.66179474914968,113.66179474914968,-0.0515
2019-06-27,113.61452242772111,113.61452242772111,-0.0416
2019-06-28,113.71131813350341,113.71131813350341,0.0852
2019-07-01,113.78447767857145,113.78447767857145,0.0643
2019-07-02,113.89027763605445,113.89027763605445,0.093
2019-07-03,114.11650946003402,114.11650946003402,0.1986
2019-07-04,114.42490508078231,114.42490508078231,0.2702
2019-07-05,114.22230941751701,114.22230941751701,-0.1771
2019-07-08,114.13789455782313,114.13789455782313,-0.0739
2019-07-09,114.2459455782313,114.2459455782313,0.0947
2019-07-10,114.19079453656462,114.19079453656462,-0.0483
2019-07-11,114.24819664115647,114.24819664115647,0.0503
2019-07-12,114.25494982993199,114.25494982993199,0.0059
2019-07-15,114.33486256377553,114.33486256377553,0.0699
2019-07-16,114.30222215136057,114.30222215136057,-0.0285
2019-07-17,114.32360724914969,114.32360724914969,0.0187
2019-07-18,114.40802210884357,114.40802210884357,0.0738
2019-07-19,114.43165826955786,114.43165826955786,0.0207
2019-07-22,114.49356250000005,114.49356250000005,0.0541
2019-07-23,114.5430858843538,114.5430858843538,0.0433
2019-07-24,114.50031568877557,114.50031568877557,-0.0373
2019-07-25,114.38100935374155,114.38100935374155,-0.1042
2019-07-26,114.41252423469393,114.41252423469393,0.0276
2019-07-29,114.34836894132658,114.34836894132658,-0.0561
2019-07-30,114.32135618622453,114.32135618622453,-0.0236
2019-07-31,114.50256675170074,114.50256675170074,0.1585
2019-08-01,114.53745822704089,114.53745822704089,0.0305
2019-08-02,114.84247725340144,114.84247725340144,0.2663
2019-08-05,115.28931324404769,115.28931324404769,0.3891
2019-08-06,115.58195142431981,115.58195142431981,0.2538
2019-08-07,115.47164934098647,115.47164934098647,-0.0954
2019-08-08,115.60671311649666,115.60671311649666,0.117
2019-08-09,116.05692570153069,116.05692570153069,0.3894
2019-08-12,115.9657576530613,115.9657576530613,-0.0786
2019-08-13,116.09069164540824,116.09069164540824,0.1077
2019-08-14,116.15822353316334,116.15822353316334,0.0582
2019-08-15,116.1087001488096,116.1087001488096,-0.0426
2019-08-16,115.95562786989802,115.95562786989802,-0.1318
2019-08-19,115.79692793367354,115.79692793367354,-0.1369
2019-08-20,115.69563010204088,115.69563010204088,-0.0875
2019-08-21,115.63034927721095,115.63034927721095,-0.0564
2019-08-22,115.58532801870756,115.58532801870756,-0.0389
2019-08-23,115.45589190051027,115.45589190051027,-0.112
2019-08-26,115.71926626275517,115.71926626275517,0.2281
2019-08-27,115.56731951530618,115.56731951530618,-0.1313
2019-08-28,115.62021949404766,115.62021949404766,0.0458
2019-08-29,115.73277264030617,115.73277264030617,0.0973
2019-08-30,115.65060884353746,115.65060884353746,-0.071
2019-09-02,115.52792591411568,115.52792591411568,-0.1061
2019-09-03,115.52905144557828,115.52905144557828,0.001
2019-09-04,115.54030676020413,115.54030676020413,0.0097
2019-09-05,115.63034927721094,115.63034927721094,0.0779
2019-09-06,115.91060661139461,115.91060661139461,0.2424
2019-09-09,115.72039179421773,115.72039179421773,-0.1641
2019-09-10,115.60783864795924,115.60783864795924,-0.0973
2019-09-11,115.6179684311225,115.6179684311225,0.0088
2019-09-12,115.47052380952387,115.47052380952387,-0.1275
2019-09-16,115.30507068452386,115.30507068452386,-0.1433
2019-09-17,115.38048129251705,115.38048129251705,0.0654
2019-09-18,115.29268983843541,115.29268983843541,-0.0761
2019-09-19,115.24541751700684,115.24541751700684,-0.041
2019-09-20,115.26117495748304,115.26117495748304,0.0137
2019-09-23,115.27468133503406,115.27468133503406,0.0117
2019-09-24,115.24541751700684,115.24541751700684,-0.0254
2019-09-25,115.23528773384358,115.23528773384358,-0.0088
2019-09-26,114.94264955357148,114.94264955357148,-0.2539
2019-09-27,114.82334321853746,114.82334321853746,-0.1038
2019-09-30,114.83009640731298,114.83009640731298,0.0059
2019-10-08,114.95277933673476,114.95277933673476,0.1068
2019-10-09,115.13511543367352,115.13511543367352,0.1586
2019-10-10,115.15650053146264,115.15650053146264,0.0186
2019-10-11,115.01918569302727,115.01918569302727,-0.1192
2019-10-14,114.9482772108844,114.9482772108844,-0.0616
2019-10-15,114.93589636479597,114.93589636479597,-0.0108
2019-10-16,114.89875382653065,114.89875382653065,-0.0323
2019-10-17,114.92013892431976,114.92013892431976,0.0186
2019-10-18,114.81771556122452,114.81771556122452,-0.0891
2019-10-21,114.62750074404765,114.62750074404765,-0.1657
2019-10-22,114.48118165391159,114.48118165391159,-0.1276
2019-10-23,114.50481781462588,114.50481781462588,0.0206
2019-10-24,114.54421141581636,114.54421141581636,0.0344
2019-10-25,114.48343271683676,114.48343271683676,-0.0531
2019-10-28,114.25720089285716,114.25720089285716,-0.1976
2019-10-29,113.95105633503404,113.95105633503404,-0.2679
2019-10-30,113.78335214710887,113.78335214710887,-0.1472
2019-10-31,113.9533073979592,113.9533073979592,0.1494
2019-11-01,114.05460522959186,114.05460522959186,0.0889
2019-11-04,113.97919462159865,113.97919462159865,-0.0661
2019-11-05,114.12101158588437,114.12101158588437,0.1244
2019-11-06,114.23469026360546,114.23469026360546,0.0996
2019-11-07,114.21105410289117,114.21105410289117,-0.0207
2019-11-08,114.02534141156464,114.02534141156464,-0.1626
2019-11-11,114.21217963435376,114.21217963435376,0.1639
2019-11-12,114.28759024234695,114.28759024234695,0.066
2019-11-13,114.45416889880953,114.45416889880953,0.1458
2019-11-14,114.58473054846941,114.58473054846941,0.1141
2019-11-15,114.61737096088437,114.61737096088437,0.0285
2019-11-18,114.84360278486396,114.84360278486396,0.1974
2019-11-19,114.95503039965988,114.95503039965988,0.097
2019-11-20,115.02818994472788,115.02818994472788,0.0636
2019-11-21,115.02143675595238,115.02143675595238,-0.0059
2019-11-22,114.98204315476191,114.98204315476191,-0.0342
2019-11-25,114.84923044217689,114.84923044217689,-0.1155
2019-11-26,114.89875382653064,114.89875382653064,0.0431
2019-11-27,114.98654528061228,114.98654528061228,0.0764
2019-11-28,115.02256228741498,115.02256228741498,0.0313
2019-11-29,115.0214367559524,115.0214367559524,-0.001
2019-12-02,115.12386011904765,115.12386011904765,0.089
2019-12-03,115.10247502125853,115.10247502125853,-0.0186
2019-12-04,115.27243027210886,115.27243027210886,0.1477
2019-12-05,115.33208343962588,115.33208343962588,0.0517
2019-12-06,115.29719196428574,115.29719196428574,-0.0303
2019-12-09,115.29043877551022,115.29043877551022,-0.0059
2019-12-10,115.1565005314626,115.1565005314626,-0.1162
2019-12-11,115.18801541241497,115.18801541241497,0.0274
2019-12-12,115.24091539115649,115.24091539115649,0.0459
2019-12-13,115.15987712585037,115.15987712585037,-0.0703
2019-12-16,115.12836224489799,115.12836224489799,-0.0274
2019-12-17,114.9088836096939,114.9088836096939,-0.1906
2019-12-18,114.9088836096939,114.9088836096939,0.0
2019-12-19,114.94264955357146,114.94264955357146,0.0294
2019-12-20,115.13961755952383,115.13961755952383,0.1714
2019-12-23,115.61796843112246,115.61796843112246,0.4155
2019-12-24,115.70801094812926,115.70801094812926,0.0779
2019-12-25,115.82056409438778,115.82056409438778,0.0973
2019-12-26,115.97701296768709,115.97701296768709,0.1351
2019-12-27,115.97926403061227,115.97926403061227,0.0019
2019-12-30,115.97138531037419,115.97138531037419,-0.0068
2019-12-31,116.0006491284014,116.0006491284014,0.0252
2020-01-02,115.8667108843538,115.8667108843538,-0.1155
2020-01-03,115.87571513605447,115.87571513605447,0.0078
2020-01-06,116.03441507227896,116.03441507227896,0.137
2020-01-07,115.96012999574835,115.96012999574835,-0.064
2020-01-08,115.96463212159868,115.96463212159868,0.0039
2020-01-09,115.98826828231297,115.98826828231297,0.0204
2020-01-10,116.45536383928577,116.45536383928577,0.4027
2020-01-13,116.40696598639462,116.40696598639462,-0.0416
2020-01-14,116.30566815476196,116.30566815476196,-0.087
2020-01-15,116.346187287415,116.346187287415,0.0348
2020-01-16,116.31579793792521,116.31579793792521,-0.0261
2020-01-17,116.41146811224493,116.41146811224493,0.0823
2020-01-20,116.53752763605448,116.53752763605448,0.1083
2020-01-21,116.82228709608849,116.82228709608849,0.2444
2020-01-22,116.96860618622455,116.96860618622455,0.1252
2020-01-23,117.34340816326537,117.34340816326537,0.3204
2020-02-03,118.77508418367354,118.77508418367354,1.2201
2020-02-04,118.67378635204089,118.67378635204089,-0.0853
2020-02-05,118.70530123299326,118.70530123299326,0.0266
2020-02-06,118.70755229591845,118.70755229591845,0.0019
2020-02-07,118.88200967261912,118.88200967261912,0.147
2020-02-10,119.09811171343544,119.09811171343544,0.1818
2020-02-11,119.19040529336742,119.19040529336742,0.0775
2020-02-12,119.18702869897966,119.18702869897966,-0.0028
2020-02-13,119.06096917517011,119.06096917517011,-0.1058
2020-02-14,119.04746279761909,119.04746279761909,-0.0113
2020-02-17,118.8437416028912,118.8437416028912,-0.1711
2020-02-18,118.60062680697284,118.60062680697284,-0.2046
2020-02-19,118.57136298894562,118.57136298894562,-0.0247
2020-02-20,118.39803114370754,118.39803114370754,-0.1462
2020-02-21,118.63551828231297,118.63551828231297,0.2006
2020-02-24,118.89551605017012,118.89551605017012,0.2192
2020-02-25,118.9045203018708,118.9045203018708,0.0076
2020-02-26,119.00694366496604,119.00694366496604,0.0861
2020-02-27,119.24105420918374,119.24105420918374,0.1967
2020-02-28,119.63611575255112,119.63611575255112,0.3313
2020-03-02,119.64737106717696,119.64737106717696,0.0094
2020-03-03,119.6372412840137,119.6372412840137,-0.0085
2020-03-04,119.86234757653071,119.86234757653071,0.1882
2020-03-05,120.10883896683683,120.10883896683683,0.2056
2020-03-06,120.58718983843546,120.58718983843546,0.3983
2020-03-09,122.16631048044226,122.16631048044226,1.3095
2020-03-10,121.18259598214294,121.18259598214294,-0.8052
2020-03-11,121.19610235969395,121.19610235969395,0.0111
2020-03-12,121.41670652636061,121.41670652636061,0.182
2020-03-13,120.39922608418374,120.39922608418374,-0.838
2020-03-16,120.41160693027216,120.41160693027216,0.0103
2020-03-17,119.94338584183679,119.94338584183679,-0.3889
2020-03-18,120.01316879251705,120.01316879251705,0.0582
2020-03-19,119.66988169642862,119.66988169642862,-0.286
2020-03-20,119.63611575255108,119.63611575255108,-0.0282
2020-03-23,120.30017931547624,120.30017931547624,0.5551
2020-03-24,120.50952816751708,120.50952816751708,0.174
2020-03-25,120.51965795068034,120.51965795068034,0.0084
2020-03-26,120.70649617346946,120.70649617346946,0.155
2020-03-27,120.73575999149665,120.73575999149665,0.0242
2020-03-30,120.76727487244905,120.76727487244905,0.0261
2020-03-31,120.8910833333334,120.8910833333334,0.1025
2020-04-01,121.06554071003409,121.06554071003409,0.1443
2020-04-02,121.02389604591843,121.02389604591843,-0.0344
2020-04-03,121.02502157738103,121.02502157738103,0.0009
2020-04-07,121.54276605017014,121.54276605017014,0.4278
2020-04-08,121.78588084608852,121.78588084608852,0.2
2020-04-09,121.65419366496606,121.65419366496606,-0.1081
2020-04-10,121.52813414115654,121.52813414115654,-0.1036
2020-04-13,121.62492984693887,121.62492984693887,0.0796
2020-04-14,121.58215965136064,121.58215965136064,-0.0352
2020-04-15,121.74311065051032,121.74311065051032,0.1324
2020-04-16,122.08639774659875,122.08639774659875,0.282
2020-04-17,121.97497013180282,121.97497013180282,-0.0913
2020-04-20,121.58441071428582,121.58441071428582,-0.3202
2020-04-21,121.58328518282323,121.58328518282323,-0.0009
2020-04-22,121.90293611819737,121.90293611819737,0.2629
2020-04-23,122.51747629676879,122.51747629676879,0.5041
2020-04-24,122.82362085459194,122.82362085459194,0.2499
2020-04-27,122.79210597363955,122.79210597363955,-0.0257
2020-04-28,122.93842506377561,122.93842506377561,0.1192
2020-04-29,123.06786118197289,123.06786118197289,0.1053
2020-04-30,122.78872937925179,122.78872937925179,-0.2268
2020-05-06,122.55011670918377,122.55011670918377,-0.1943
2020-05-07,121.94908290816335,121.94908290816335,-0.4904
2020-05-08,121.63055750425178,121.63055750425178,-0.2612
2020-05-11,121.01151519983001,121.01151519983001,-0.509
2020-05-12,121.36380654761912,121.36380654761912,0.2911
2020-05-13,121.07567049319735,121.07567049319735,-0.2374
2020-05-14,121.0182683886055,121.0182683886055,-0.0474
2020-05-15,121.24787680697283,121.24787680697283,0.1897
2020-05-18,120.69073873299325,120.69073873299325,-0.4595
2020-05-19,120.85619185799325,120.85619185799325,0.1371
2020-05-20,121.08692580782316,121.08692580782316,0.1909
2020-05-21,121.14320238095243,121.14320238095243,0.0465
2020-05-22,121.73410639880956,121.73410639880956,0.4878
2020-05-25,121.32778954081638,121.32778954081638,-0.3338
2020-05-26,120.85844292091842,120.85844292091842,-0.3868
2020-05-27,120.85619185799324,120.85619185799324,-0.0019
2020-05-28,121.22198958333337,121.22198958333337,0.3027
2020-05-29,120.79878975340138,120.79878975340138,-0.3491
2020-06-01,120.42511330782315,120.42511330782315,-0.3093
2020-06-02,120.04468367346941,120.04468367346941,-0.3159
2020-06-03,119.82970716411566,119.82970716411566,-0.1791
2020-06-04,119.40988392857143,119.40988392857143,-0.3503
2020-06-05,119.30183290816326,119.30183290816326,-0.0905
2020-06-08,119.72728380102042,119.72728380102042,0.3566
2020-06-09,119.70477317176872,119.70477317176872,-0.0188
2020-06-10,119.67100722789117,119.67100722789117,-0.0282
2020-06-11,120.22476870748302,120.22476870748302,0.4627
2020-06-12,120.33169419642861,120.33169419642861,0.0889
2020-06-15,120.67047916666672,120.67047916666672,0.2815
2020-06-16,119.73403698979597,119.73403698979597,-0.776
2020-06-17,119.62936256377557,119.62936256377557,-0.0874
2020-06-18,119.42564136904767,119.42564136904767,-0.1703
2020-06-19,119.45603071853745,119.45603071853745,0.0254
2020-06-22,119.47854134778918,119.47854134778918,0.0188
2020-06-23,118.85949904336739,118.85949904336739,-0.5181
2020-06-24,119.43352008928578,119.43352008928578,0.4829
2020-06-29,119.48529453656471,119.48529453656471,0.0434
2020-06-30,119.36936479591844,119.36936479591844,-0.097
2020-07-01,119.4852945365647,119.4852945365647,0.0971
2020-07-02,119.65412425595244,119.65412425595244,0.1413
2020-07-03,119.52356260629257,119.52356260629257,-0.1091
2020-07-06,118.38114817176877,118.38114817176877,-0.9558
2020-07-07,117.8532739158164,117.8532739158164,-0.4459
2020-07-08,117.44808258928579,117.44808258928579,-0.3438
2020-07-09,117.23535714285721,117.23535714285721,-0.1811
2020-07-10,117.54150170068036,117.54150170068036,0.2611
2020-07-13,117.32990178571436,117.32990178571436,-0.18
2020-07-14,117.82175903486403,117.82175903486403,0.4192
2020-07-15,118.26634396258513,118.26634396258513,0.3773
2020-07-16,118.56010767431982,118.56010767431982,0.2484
2020-07-17,118.2235737670069,118.2235737670069,-0.2839
2020-07-20,118.09863977465996,118.09863977465996,-0.1057
2020-07-21,118.16504613095246,118.16504613095246,0.0562
2020-07-22,118.93490965136061,118.93490965136061,0.6515
2020-07-23,119.08235427295926,119.08235427295926,0.124
2020-07-24,119.2905775935375,119.2905775935375,0.1749
2020-07-27,119.34910522959193,119.34910522959193,0.0491
2020-07-28,119.01819897959193,119.01819897959193,-0.2773
2020-07-29,118.82910969387764,118.82910969387764,-0.1589
2020-07-30,118.58149277210893,118.58149277210893,-0.2084
2020-07-31,118.12902912414974,118.12902912414974,-0.3816
2020-08-03,118.22019717261912,118.22019717261912,0.0772
2020-08-04,118.24383333333341,118.24383333333341,0.02
2020-08-05,118.40478433248308,118.40478433248308,0.1361
2020-08-06,118.44980559098649,118.44980559098649,0.038
2020-08-07,118.29673331207492,118.29673331207492,-0.1292
2020-08-10,118.41603964710895,118.41603964710895,0.1009
2020-08-11,118.27197161989807,118.27197161989807,-0.1217
2020-08-12,118.07612914540826,118.07612914540826,-0.1656
2020-08-13,118.39465454931981,118.39465454931981,0.2698
2020-08-14,118.43855027636063,118.43855027636063,0.0371
2020-08-17,118.5398481079933,118.5398481079933,0.0855
2020-08-18,118.57586511479602,118.57586511479602,0.0304
2020-08-19,118.3743949829933,118.3743949829933,-0.1699
2020-08-20,118.08513339710896,118.08513339710896,-0.2444
2020-08-21,118.1267780612246,118.1267780612246,0.0353
2020-08-24,118.10651849489807,118.10651849489807,-0.0172
2020-08-25,117.75985480442189,117.75985480442189,-0.2935
2020-08-26,117.59777827380964,117.59777827380964,-0.1376
2020-08-27,117.67318888180283,117.67318888180283,0.0641
2020-08-28,117.32314859693888,117.32314859693888,-0.2975
2020-08-31,117.4120655824831,117.4120655824831,0.0758
2020-09-01,117.85439944727902,117.85439944727902,0.3767
2020-09-02,117.67994207057835,117.67994207057835,-0.148
2020-09-03,118.02210363520419,118.02210363520419,0.2908
2020-09-04,118.05024192176883,118.05024192176883,0.0238
2020-09-07,117.77673777636066,117.77673777636066,-0.2317
2020-09-08,118.16954825680283,118.16954825680283,0.3335
2020-09-09,118.49145025510215,118.49145025510215,0.2724
2020-09-10,118.56235873724502,118.56235873724502,0.0598
2020-09-11,117.92868452380964,117.92868452380964,-0.5345
2020-09-14,117.49422937925182,117.49422937925182,-0.3684
2020-09-15,117.96132493622461,117.96132493622461,0.3975
2020-09-16,118.00409513180284,118.00409513180284,0.0363
2020-09-17,117.94219090136065,117.94219090136065,-0.0525
2020-09-18,117.96582706207492,117.96582706207492,0.02
2020-09-21,118.53084385629262,118.53084385629262,0.479
2020-09-22,118.73343951955792,118.73343951955792,0.1709
2020-09-23,118.45768431122458,118.45768431122458,-0.2322
2020-09-24,118.4036588010205,118.4036588010205,-0.0456
2020-09-25,118.23257801870758,118.23257801870758,-0.1445
2020-09-28,118.39127795493205,118.39127795493205,0.1342
2020-09-29,118.1763014455783,118.1763014455783,-0.1816
2020-09-30,117.93431218112254,117.93431218112254,-0.2048
2020-10-09,117.76773352465993,117.76773352465993,-0.1412
2020-10-12,117.43007408588443,117.43007408588443,-0.2867
2020-10-13,117.4829740646259,117.4829740646259,0.045
2020-10-14,117.37042091836742,117.37042091836742,-0.0958
2020-10-15,117.27587627551027,117.27587627551027,-0.0806
2020-10-16,117.52461872874156,117.52461872874156,0.2121
2020-10-19,117.7924952168368,117.7924952168368,0.2279
2020-10-20,117.56288679846944,117.56288679846944,-0.1949
2020-10-21,117.5955272108844,117.5955272108844,0.0278
2020-10-22,117.74072076955785,117.74072076955785,0.1235
2020-10-23,117.67318888180277,117.67318888180277,-0.0574
2020-10-26,117.51223788265311,117.51223788265311,-0.1368
2020-10-27,117.80825265731298,117.80825265731298,0.2519
2020-10-28,117.78911862244904,117.78911862244904,-0.0162
2020-10-29,117.85890157312932,117.85890157312932,0.0592
2020-10-30,117.83976753826538,117.83976753826538,-0.0162
2020-11-02,118.09638871173475,118.09638871173475,0.2178
2020-11-03,118.04461426445584,118.04461426445584,-0.0438
2020-11-04,118.04236320153066,118.04236320153066,-0.0019
2020-11-05,118.02660576105448,118.02660576105448,-0.0133
2020-11-06,118.01422491496606,118.01422491496606,-0.0105
2020-11-09,117.77898883928579,117.77898883928579,-0.1993
2020-11-10,117.73846970663273,117.73846970663273,-0.0344
2020-11-11,117.68894632227898,117.68894632227898,-0.0421
2020-11-12,117.74297183248308,117.74297183248308,0.0459
2020-11-13,117.37604857568034,117.37604857568034,-0.3116
2020-11-16,117.49760597363952,117.49760597363952,0.1036
2020-11-17,117.5302463860545,117.5302463860545,0.0278
2020-11-18,117.2972613732994,117.2972613732994,-0.1982
2020-11-19,117.16895078656471,117.16895078656471,-0.1094
2020-11-20,117.1014188988096,117.1014188988096,-0.0576
2020-11-23,117.25336564625859,117.25336564625859,0.1298
2020-11-24,117.20609332483001,117.20609332483001,-0.0403
2020-11-25,117.2443613945579,117.2443613945579,0.0327
2020-11-26,117.23198054846945,117.23198054846945,-0.0106
2020-11-27,117.19371247874157,117.19371247874157,-0.0326
2020-11-30,117.3647932610545,117.3647932610545,0.146
2020-12-01,117.28375499574838,117.28375499574838,-0.069
2020-12-02,117.21734863945586,117.21734863945586,-0.0566
2020-12-03,117.19146141581639,117.19146141581639,-0.0221
2020-12-04,117.61015911989803,117.61015911989803,0.3573
2020-12-07,117.44245493197285,117.44245493197285,-0.1426
2020-12-08,117.8228845663266,117.8228845663266,0.3239
2020-12-09,117.70582929421775,117.70582929421775,-0.0993
2020-12-10,117.67318888180279,117.67318888180279,-0.0277
2020-12-11,117.48072300170074,117.48072300170074,-0.1636
2020-12-14,117.30626562500005,117.30626562500005,-0.1485
2020-12-15,117.3400315688776,117.3400315688776,0.0288
2020-12-16,117.34565922619053,117.34565922619053,0.0048
2020-12-17,117.24323586309531,117.24323586309531,-0.0873
2020-12-18,117.2443613945579,117.2443613945579,0.001
2020-12-21,117.22635289115654,117.22635289115654,-0.0154
2020-12-22,117.45933790391165,117.45933790391165,0.1987
2020-12-23,117.53362298044226,117.53362298044226,0.0632
2020-12-24,117.54375276360551,117.54375276360551,0.0086
2020-12-25,117.6956995110545,117.6956995110545,0.1293
2020-12-28,117.72271226615653,117.72271226615653,0.023
2020-12-29,117.9354377125851,117.9354377125851,0.1807
2020-12-30,118.00296960034021,118.00296960034021,0.0573
2020-12-31,117.84089306972795,117.84089306972795,-0.1373
2021-01-04,117.76548246173476,117.76548246173476,-0.064
2021-01-05,117.95907387329939,117.95907387329939,0.1644
2021-01-06,118.21794610969394,118.21794610969394,0.2195
2021-01-07,118.20218866921775,118.20218866921775,-0.0133
2021-01-08,118.22469929846943,118.22469929846943,0.019
2021-01-11,118.18530569727896,118.18530569727896,-0.0333
2021-01-12,118.25171205357147,118.25171205357147,0.0562
2021-01-13,118.53084385629256,118.53084385629256,0.236
2021-01-14,118.7007991071429,118.7007991071429,0.1434
2021-01-15,118.88426073554427,118.88426073554427,0.1546
2021-01-18,118.5972502125851,118.5972502125851,-0.2414
2021-01-19,118.47794387755107,118.47794387755107,-0.1006
2021-01-20,118.71993314200685,118.71993314200685,0.2042
2021-01-21,118.72668633078236,118.72668633078236,0.0057
2021-01-22,118.98105644132657,118.98105644132657,0.2142
2021-01-25,118.92477986819732,118.92477986819732,-0.0473
2021-01-26,118.42054177295921,118.42054177295921,-0.424
2021-01-27,118.32262053571432,118.32262053571432,-0.0827
2021-01-28,118.28097587159867,118.28097587159867,-0.0352
2021-01-29,118.04011213860548,118.04011213860548,-0.2036
2021-02-01,118.4149141156463,118.4149141156463,0.3175
2021-02-02,118.57811617772111,118.57811617772111,0.1378
2021-02-03,118.47906940901363,118.47906940901363,-0.0835
2021-02-04,118.46893962585037,118.46893962585037,-0.0085
2021-02-05,118.11552274659866,118.11552274659866,-0.2983
2021-02-08,117.86452923044219,117.86452923044219,-0.2125
2021-02-09,117.95682281037418,117.95682281037418,0.0783
2021-02-10,118.25171205357145,118.25171205357145,0.25
2021-02-18,118.14253550170069,118.14253550170069,-0.0923
2021-02-19,118.24495886479595,118.24495886479595,0.0867
2021-02-22,118.1279035926871,118.1279035926871,-0.099
2021-02-23,118.31924394132658,118.31924394132658,0.162
2021-02-24,118.36426519982997,118.36426519982997,0.0381
2021-02-25,118.33725244472794,118.33725244472794,-0.0228
2021-02-26,118.22357376700685,118.22357376700685,-0.0961
2021-03-01,118.03786107568034,118.03786107568034,-0.1571
2021-03-02,118.41491411564631,118.41491411564631,0.3194
2021-03-03,118.25733971088441,118.25733971088441,-0.1331
2021-03-04,118.24720992772114,118.24720992772114,-0.0086
2021-03-05,118.39690561224495,118.39690561224495,0.1266
2021-03-08,118.54209917091842,118.54209917091842,0.1226
2021-03-09,118.57924170918372,118.57924170918372,0.0313
2021-03-10,118.69292038690482,118.69292038690482,0.0959
2021-03-11,118.54547576530618,118.54547576530618,-0.1242
2021-03-12,118.50720769557829,118.50720769557829,-0.0323
2021-03-15,118.42166730442182,118.42166730442182,-0.0722
2021-03-16,118.34625669642864,118.34625669642864,-0.0637
2021-03-17,118.29335671768712,118.29335671768712,-0.0447
2021-03-18,118.09413764880958,118.09413764880958,-0.1684
2021-03-19,118.23145248724497,118.23145248724497,0.1163
2021-03-22,118.3350013818028,118.3350013818028,0.0876
2021-03-23,118.36876732568035,118.36876732568035,0.0285
2021-03-24,118.51283535289123,118.51283535289123,0.1217
2021-03-25,118.56348426870755,118.56348426870755,0.0427
2021-03-26,118.46781409438782,118.46781409438782,-0.0807
2021-03-29,118.44530346513612,118.44530346513612,-0.019
2021-03-30,118.54322470238102,118.54322470238102,0.0827
2021-03-31,118.77395865221095,118.77395865221095,0.1946
2021-04-01,118.64002040816334,118.64002040816334,-0.1128
2021-04-02,118.64677359693886,118.64677359693886,0.0057
2021-04-06,118.61525871598647,118.61525871598647,-0.0266
2021-04-07,118.65465231717695,118.65465231717695,0.0332
2021-04-08,118.5375970450681,118.5375970450681,-0.0987
2021-04-09,118.6208863732994,118.6208863732994,0.0703
2021-04-12,118.87187988945585,118.87187988945585,0.2116
2021-04-13,119.18590316751707,119.18590316751707,0.2642
2021-04-14,119.264690369898,119.264690369898,0.0661
2021-04-15,119.09023299319733,119.09023299319733,-0.1463
2021-04-16,119.49317325680276,119.49317325680276,0.3383
2021-04-19,119.42789243197284,119.42789243197284,-0.0546
2021-04-20,119.52243707482997,119.52243707482997,0.0792
2021-04-21,119.52919026360547,119.52919026360547,0.0057
2021-04-22,119.45377965561228,119.45377965561228,-0.0631
2021-04-23,119.77680718537418,119.77680718537418,0.2704
2021-04-26,119.63386468962588,119.63386468962588,-0.1193
2021-04-27,119.5201860119048,119.5201860119048,-0.095
2021-04-28,119.19040529336739,119.19040529336739,-0.2759
2021-04-29,119.35360735544221,119.35360735544221,0.1369
2021-04-30,119.59109449404765,119.59109449404765,0.199
2021-05-06,119.56633280187079,119.56633280187079,-0.0207
2021-05-07,119.54157110969393,119.54157110969393,-0.0207
2021-05-10,119.54382217261909,119.54382217261909,0.0019
2021-05-11,119.79594122023813,119.79594122023813,0.2109
2021-05-12,119.77343059098644,119.77343059098644,-0.0188
2021-05-13,119.68789019982997,119.68789019982997,-0.0714
2021-05-14,119.74979443027216,119.74979443027216,0.0517
2021-05-17,119.71715401785718,119.71715401785718,-0.0273
2021-05-18,119.66087744472793,119.66087744472793,-0.047
2021-05-19,119.93775818452387,119.93775818452387,0.2314
2021-05-20,120.17749638605449,120.17749638605449,0.1999
2021-05-21,120.53654092261911,120.53654092261911,0.2988
2021-05-24,120.6490940688776,120.6490940688776,0.0934
2021-05-25,120.58268771258508,120.58268771258508,-0.055
2021-05-26,120.77853018707489,120.77853018707489,0.1624
2021-05-27,120.50390051020413,120.50390051020413,-0.2274
2021-05-28,120.51290476190482,120.51290476190482,0.0075
2021-05-31,120.41498352465993,120.41498352465993,-0.0813
2021-06-01,120.53654092261911,120.53654092261911,0.1009
2021-06-02,120.71437489370756,120.71437489370756,0.1475
2021-06-03,120.81229613095243,120.81229613095243,0.0811
2021-06-04,120.59506855867352,120.59506855867352,-0.1798
2021-06-07,120.39472395833339,120.39472395833339,-0.1661
2021-06-08,120.38571970663271,120.38571970663271,-0.0075
2021-06-09,120.39922608418374,120.39922608418374,0.0112
2021-06-10,120.40372821003406,120.40372821003406,0.0037
2021-06-11,120.28329634353747,120.28329634353747,-0.1
2021-06-15,120.0716964285715,120.0716964285715,-0.1759
2021-06-16,120.21801551870755,120.21801551870755,0.1219
2021-06-17,120.03905601615651,120.03905601615651,-0.1489
2021-06-18,120.2348984906463,120.2348984906463,0.1631
2021-06-21,120.37671545493201,120.37671545493201,0.1179
2021-06-22,120.3103090986395,120.3103090986395,-0.0552
2021-06-23,120.28104528061229,120.28104528061229,-0.0243
2021-06-24,120.34294951105447,120.34294951105447,0.0515
2021-06-25,120.47238562925173,120.47238562925173,0.1076
2021-06-28,120.42623883928574,120.42623883928574,-0.0383
2021-06-29,120.58944090136056,120.58944090136056,0.1355
2021-06-30,120.78415784438778,120.78415784438778,0.1615
2021-07-01,120.88658120748302,120.88658120748302,0.0848
2021-07-02,120.94848543792521,120.94848543792521,0.0512
2021-07-05,120.94285778061229,120.94285778061229,-0.0047
2021-07-06,120.9867535076531,120.9867535076531,0.0363
2021-07-07,121.13307259778918,121.13307259778918,0.1209
2021-07-08,121.54951923894565,121.54951923894565,0.3438
2021-07-09,121.78137872023815,121.78137872023815,0.1908
2021-07-12,121.81964678996606,121.81964678996606,0.0314
2021-07-13,122.37340826955787,122.37340826955787,0.4546
2021-07-14,122.59626349914971,122.59626349914971,0.1821
2021-07-15,122.09652752976196,122.09652752976196,-0.4076
2021-07-16,122.15730622874155,122.15730622874155,0.0498
2021-07-19,122.10665731292522,122.10665731292522,-0.0415
2021-07-20,122.33851679421774,122.33851679421774,0.1899
2021-07-21,122.42743377976194,122.42743377976194,0.0727
2021-07-22,122.39366783588439,122.39366783588439,-0.0276
2021-07-23,122.45332100340141,122.45332100340141,0.0487
2021-07-26,122.63115497448983,122.63115497448983,0.1452
2021-07-27,122.6941847363946,122.6941847363946,0.0514
2021-07-28,122.74370812074835,122.74370812074835,0.0404
2021-07-29,122.63453156887759,122.63453156887759,-0.0889
2021-07-30,122.8596378613946,122.8596378613946,0.1836
2021-08-02,123.1826653911565,123.1826653911565,0.2629
2021-08-03,123.47980569727893,123.47980569727893,0.2412
2021-08-04,123.28508875425172,123.28508875425172,-0.1577
2021-08-05,123.3469929846939,123.3469929846939,0.0502
2021-08-06,123.36500148809526,123.36500148809526,0.0146
2021-08-09,122.9721910076531,122.9721910076531,-0.3184
2021-08-10,122.8438804209184,122.8438804209184,-0.1043
2021-08-11,122.46907844387759,122.46907844387759,-0.3051
2021-08-12,122.6626698554422,122.6626698554422,0.1581
2021-08-13,122.77072087585036,122.77072087585036,0.0881
2021-08-16,122.76396768707484,122.76396768707484,-0.0055
2021-08-17,122.82136979166667,122.82136979166667,0.0468
2021-08-18,123.10725478316326,123.10725478316326,0.2328
2021-08-19,123.16240582482993,123.16240582482993,0.0448
2021-08-20,123.13089094387755,123.13089094387755,-0.0256
2021-08-23,123.0757399022109,123.0757399022109,-0.0448
2021-08-24,123.2175568664966,123.2175568664966,0.1152
2021-08-25,123.23218877551021,123.23218877551021,0.0119
2021-08-26,122.79210597363945,122.79210597363945,-0.3571
2021-08-27,122.90691018282313,122.90691018282313,0.0935
2021-08-30,122.93392293792517,122.93392293792517,0.022
2021-08-31,123.03296970663266,123.03296970663266,0.0806
2021-09-01,123.35487170493195,123.35487170493195,0.2616
2021-09-02,123.29409300595238,123.29409300595238,-0.0493
2021-09-03,123.35036957908162,123.35036957908162,0.0456
2021-09-06,123.30759938350339,123.30759938350339,-0.0347
2021-09-07,123.23781643282311,123.23781643282311,-0.0566
2021-09-08,123.11400797193876,123.11400797193876,-0.1005
2021-09-09,123.06561011904762,123.06561011904762,-0.0393
2021-09-10,123.06110799319727,123.06110799319727,-0.0037
2021-09-13,122.89115274234693,122.89115274234693,-0.1381
2021-09-14,122.76171662414964,122.76171662414964,-0.1053
2021-09-15,122.62102519132651,122.62102519132651,-0.1146
2021-09-16,122.77184640731289,122.77184640731289,0.123
2021-09-17,122.94405272108843,122.94405272108843,0.1403
2021-09-22,123.05322927295917,123.05322927295917,0.0888
2021-09-23,123.05548033588434,123.05548033588434,0.0018
2021-09-24,123.02734204931971,123.02734204931971,-0.0229
2021-09-27,123.10387818877548,123.10387818877548,0.0622
2021-09-28,123.02846758078229,123.02846758078229,-0.0613
2021-09-29,123.26933131377548,123.26933131377548,0.1958
2021-09-30,123.27158237670065,123.27158237670065,0.0018
2021-10-08,123.01496120323127,123.01496120323127,-0.2082
2021-10-11,122.92266762329929,122.92266762329929,-0.075
2021-10-12,122.66942304421767,122.66942304421767,-0.206
2021-10-13,122.64128475765304,122.64128475765304,-0.0229
2021-10-14,122.71106770833333,122.71106770833333,0.0569
2021-10-15,122.69418473639455,122.69418473639455,-0.0138
2021-10-18,122.23496789965985,122.23496789965985,-0.3743
2021-10-19,122.15843176020407,122.15843176020407,-0.0626
2021-10-20,122.27436150085033,122.27436150085033,0.0949
2021-10-21,122.41955505952382,122.41955505952382,0.1187
2021-10-22,122.47583163265307,122.47583163265307,0.046
2021-10-25,122.46232525510204,122.46232525510204,-0.011
2021-10-26,122.58050605867346,122.58050605867346,0.0965
2021-10-27,122.64241028911563,122.64241028911563,0.0505
2021-10-28,122.66717198129251,122.66717198129251,0.0202
2021-10-29,122.81349107142856,122.81349107142856,0.1193
2021-11-01,122.98119525935373,122.98119525935373,0.1366
2021-11-02,123.2535738732993,123.2535738732993,0.2215
2021-11-03,123.46855038265304,123.46855038265304,0.1744
2021-11-04,123.3897631802721,123.3897631802721,-0.0638
2021-11-05,123.4730525085034,123.4730525085034,0.0675
2021-11-08,123.56534608843539,123.56534608843539,0.0747
2021-11-09,123.47868016581633,123.47868016581633,-0.0701
2021-11-10,123.34699298469388,123.34699298469388,-0.1066
2021-11-11,123.11851009778911,123.11851009778911,-0.1852
2021-11-12,123.20292495748298,123.20292495748298,0.0686
2021-11-15,123.41002274659861,123.41002274659861,0.1681
2021-11-16,123.56534608843535,123.56534608843535,0.1259
2021-11-17,123.42465465561222,123.42465465561222,-0.1139
2021-11-18,123.67677370323125,123.67677370323125,0.2043
2021-11-19,123.51244610969383,123.51244610969383,-0.1329
2021-11-22,123.59460990646254,123.59460990646254,0.0665
2021-11-23,123.60248862670063,123.60248862670063,0.0064
2021-11-24,123.63512903911563,123.63512903911563,0.0264
2021-11-25,123.72179496173466,123.72179496173466,0.0701
2021-11-26,124.03581823979589,124.03581823979589,0.2538
2021-11-29,123.97278847789113,123.97278847789113,-0.0508
2021-11-30,123.82084173044215,123.82084173044215,-0.1226
2021-12-01,123.71053964710883,123.71053964710883,-0.0891
2021-12-02,123.84560342261905,123.84560342261905,0.1092
2021-12-03,123.79382897534013,123.79382897534013,-0.0418
2021-12-06,123.96378422619048,123.96378422619048,0.1373
2021-12-07,123.83659917091838,123.83659917091838,-0.1026
2021-12-08,123.86473745748299,123.86473745748299,0.0227
2021-12-09,123.70603752125851,123.70603752125851,-0.1281
2021-12-10,123.89737786989795,123.89737786989795,0.1547
2021-12-13,123.71053964710883,123.71053964710883,-0.1508
2021-12-14,124.04707355442176,124.04707355442176,0.272
2021-12-15,123.96603528911564,123.96603528911564,-0.0653
2021-12-16,123.89287574404761,123.89287574404761,-0.059
2021-12-17,124.02568845663264,124.02568845663264,0.1072
2021-12-20,123.97503954081631,123.97503954081631,-0.0408
2021-12-21,123.97391400935373,123.97391400935373,-0.0009
2021-12-22,124.10447565901362,124.10447565901362,0.1053
2021-12-23,124.35096704931973,124.35096704931973,0.1986
2021-12-24,124.35096704931973,124.35096704931973,0.0
2021-12-27,124.55581377551023,124.55581377551023,0.1647
2021-12-28,124.51079251700682,124.51079251700682,-0.0361
2021-12-29,124.49278401360547,124.49278401360547,-0.0145
2021-12-30,124.73139668367348,124.73139668367348,0.1917
2021-12-31,124.69537967687077,124.69537967687077,-0.0289
2022-01-04,124.87546471088436,124.87546471088436,0.1444
2022-01-05,124.83607110969388,124.83607110969388,-0.0315
2022-01-06,124.67962223639456,124.67962223639456,-0.1253
2022-01-07,124.70438392857145,124.70438392857145,0.0199
2022-01-10,124.83494557823131,124.83494557823131,0.1047
2022-01-11,124.81130941751702,124.81130941751702,-0.0189
2022-01-12,124.75840943877552,124.75840943877552,-0.0424
2022-01-13,124.90472852891158,124.90472852891158,0.1173
2022-01-14,125.07693484268707,125.07693484268707,0.1379
2022-01-17,125.10732419217686,125.10732419217686,0.0243
2022-01-18,125.41909640731292,125.41909640731292,0.2492
2022-01-19,125.76463456632654,125.76463456632654,0.2755
2022-01-20,125.6160644132653,125.6160644132653,-0.1181
2022-01-21,125.94584513180273,125.94584513180273,0.2625
2022-01-24,126.29025775935375,126.29025775935375,0.2735
2022-01-25,126.26549606717688,126.26549606717688,-0.0196
2022-01-26,125.68134523809525,125.68134523809525,-0.4626
2022-01-27,125.5946793154762,125.5946793154762,-0.069
2022-01-28,125.64532823129254,125.64532823129254,0.0403
2022-02-07,125.64307716836736,125.64307716836736,-0.0018
2022-02-08,125.78939625850342,125.78939625850342,0.1165
2022-02-09,125.79614944727892,125.79614944727892,0.0054
2022-02-10,125.82316220238097,125.82316220238097,0.0215
2022-02-11,125.33243048469389,125.33243048469389,-0.39
2022-02-14,125.07806037414967,125.07806037414967,-0.203
2022-02-15,125.17935820578234,125.17935820578234,0.081
2022-02-16,125.23225818452383,125.23225818452383,0.0423
2022-02-17,125.32117517006803,125.32117517006803,0.071
2022-02-18,125.30429219812925,125.30429219812925,-0.0135
2022-02-21,125.06117740221089,125.06117740221089,-0.194
2022-02-22,124.84057323554423,124.84057323554423,-0.1764
2022-02-23,125.06567952806122,125.06567952806122,0.1803
2022-02-24,125.16810289115644,125.16810289115644,0.0819
2022-02-25,125.24914115646256,125.24914115646256,0.0647
2022-02-28,125.36957302295916,125.36957302295916,0.0962
2022-03-01,125.06342846513603,125.06342846513603,-0.2442
2022-03-02,125.03754124149658,125.03754124149658,-0.0207
2022-03-03,124.77641794217685,124.77641794217685,-0.2088
2022-03-04,124.72464349489792,124.72464349489792,-0.0415
2022-03-07,124.90810512329928,124.90810512329928,0.1471
2022-03-08,125.03303911564622,125.03303911564622,0.1
2022-03-09,124.61659247448976,124.61659247448976,-0.3331
2022-03-10,124.86420939625847,124.86420939625847,0.1987
2022-03-11,125.17147948554418,125.17147948554418,0.2461
2022-03-14,125.81303241921768,125.81303241921768,0.5125
2022-03-15,125.43147725340134,125.43147725340134,-0.3033
2022-03-16,125.2997900722789,125.2997900722789,-0.105
2022-03-17,125.20749649234692,125.20749649234692,-0.0737
2022-03-18,125.40784109268708,125.40784109268708,0.16
2022-03-21,125.24689009353742,125.24689009353742,-0.1283
2022-03-22,125.18160926870748,125.18160926870748,-0.0521
2022-03-23,125.22663052721087,125.22663052721087,0.036
2022-03-24,125.25927093962585,125.25927093962585,0.0261
2022-03-25,125.473121917517,125.473121917517,0.1707
2022-03-28,125.50913892431973,125.50913892431973,0.0287
2022-03-29,125.5564112457483,125.5564112457483,0.0377
2022-03-30,125.64307716836736,125.64307716836736,0.069
2022-03-31,125.46861979166667,125.46861979166667,-0.1389
2022-04-01,125.6768431122449,125.6768431122449,0.166
2022-04-06,125.7972749787415,125.7972749787415,0.0958
2022-04-07,125.87493664965987,125.87493664965987,0.0617
2022-04-08,126.14168760629254,126.14168760629254,0.2119
2022-04-11,126.05277062074833,126.05277062074833,-0.0705
2022-04-12,126.12255357142861,126.12255357142861,0.0554
2022-04-13,126.0190046768708,126.0190046768708,-0.0821
2022-04-14,126.17545355017012,126.17545355017012,0.1241
2022-04-15,126.00774936224495,126.00774936224495,-0.1329
2022-04-18,125.8006515731293,125.8006515731293,-0.1644
2022-04-19,125.68922395833339,125.68922395833339,-0.0886
2022-04-20,125.49788360969393,125.49788360969393,-0.1522
2022-04-21,125.71623671343542,125.71623671343542,0.174
2022-04-22,125.69372608418372,125.69372608418372,-0.0179
2022-04-25,125.82991539115653,125.82991539115653,0.1084
2022-04-26,125.94471960034018,125.94471960034018,0.0912
2022-04-27,125.85467708333339,125.85467708333339,-0.0715
2022-04-28,125.6892239583334,125.6892239583334,-0.1315
2022-04-29,125.83104092261911,125.83104092261911,0.1128
2022-05-05,125.79727497874156,125.79727497874156,-0.0268
2022-05-06,125.7409984056123,125.7409984056123,-0.0447
2022-05-09,125.8839409013606,125.8839409013606,0.1137
2022-05-10,126.10679613095243,126.10679613095243,0.177
2022-05-11,125.97736001275516,125.97736001275516,-0.1026
2022-05-12,126.08878762755106,126.08878762755106,0.0885
2022-05-13,126.13605994897964,126.13605994897964,0.0375
2022-05-16,126.06290040391161,126.06290040391161,-0.058
2022-05-17,126.10454506802728,126.10454506802728,0.033
2022-05-18,126.15294292091842,126.15294292091842,0.0384
2022-05-19,126.13268335459189,126.13268335459189,-0.0161
2022-05-20,126.14844079506807,126.14844079506807,0.0125
2022-05-23,126.29363435374155,126.29363435374155,0.1151
2022-05-24,126.40956409438783,126.40956409438783,0.0918
2022-05-25,126.56376190476196,126.56376190476196,0.122
2022-05-26,126.83951711309531,126.83951711309531,0.2179
2022-05-27,126.86202774234701,126.86202774234701,0.0177
2022-05-30,126.69995121173477,126.69995121173477,-0.1278
2022-05-31,126.48272363945586,126.48272363945586,-0.1715
2022-06-01,126.55813424744905,126.55813424744905,0.0596
2022-06-02,126.45120875850347,126.45120875850347,-0.0845
2022-06-06,126.37692368197285,126.37692368197285,-0.0587
2022-06-07,126.38480240221097,126.38480240221097,0.0062
2022-06-08,126.40281090561234,126.40281090561234,0.0142
2022-06-09,126.60315550595247,126.60315550595247,0.1585
2022-06-10,126.55925977891165,126.55925977891165,-0.0347
2022-06-13,126.64480017006811,126.64480017006811,0.0676
2022-06-14,126.45233428996607,126.45233428996607,-0.152
2022-06-15,126.4590874787416,126.4590874787416,0.0053
2022-06-16,126.37804921343546,126.37804921343546,-0.0641
2022-06-17,126.42307047193884,126.42307047193884,0.0356
2022-06-20,126.35441305272116,126.35441305272116,-0.0543
2022-06-21,126.37579815051028,126.37579815051028,0.0169
2022-06-22,126.4568364158164,126.4568364158164,0.0641
2022-06-23,126.43207472363953,126.43207472363953,-0.0196
2022-06-24,126.40506196853748,126.40506196853748,-0.0214
2022-06-27,126.07865784438782,126.07865784438782,-0.2582
2022-06-28,126.10004294217694,126.10004294217694,0.017
2022-06-29,126.07077912414974,126.07077912414974,-0.0232
2022-06-30,126.23735778061231,126.23735778061231,0.1321
2022-07-01,126.2767513818028,126.2767513818028,0.0312
2022-07-04,126.080908907313,126.080908907313,-0.1551
2022-07-05,126.080908907313,126.080908907313,0.0
2022-07-06,126.24861309523817,126.24861309523817,0.133
2022-07-07,126.3881789965987,126.3881789965987,0.1105
2022-07-08,126.33077689200685,126.33077689200685,-0.0454
2022-07-11,126.4703427933674,126.4703427933674,0.1105
2022-07-12,126.48835129676877,126.48835129676877,0.0142
2022-07-13,126.6222895408164,126.6222895408164,0.1059
2022-07-14,126.63354485544227,126.63354485544227,0.0089
2022-07-15,126.80462563775521,126.80462563775521,0.1351
2022-07-18,126.6999512117348,126.6999512117348,-0.0825
2022-07-19,126.62791719812935,126.62791719812935,-0.0569
2022-07-20,126.68081717687085,126.68081717687085,0.0418
2022-07-21,126.83276392431982,126.83276392431982,0.1199
2022-07-22,126.88791496598648,126.88791496598648,0.0435
2022-07-25,126.93631281887762,126.93631281887762,0.0381
2022-07-26,127.0758787202382,127.0758787202382,0.1099
2022-07-27,127.1512893282314,127.1512893282314,0.0593
2022-07-28,127.13215529336746,127.13215529336746,-0.015
2022-07-29,127.59812531887768,127.59812531887768,0.3665
2022-08-01,127.73994228316339,127.73994228316339,0.1111
2022-08-02,127.89188903061236,127.89188903061236,0.119
2022-08-03,127.8885124362246,127.8885124362246,-0.0026
2022-08-04,128.0685974702382,128.0685974702382,0.1408
2022-08-05,127.98755920493205,127.98755920493205,-0.0633
2022-08-08,127.84349117772116,127.84349117772116,-0.1126
2022-08-09,127.74894653486403,127.74894653486403,-0.074
2022-08-10,127.96955070153068,127.96955070153068,0.1727
2022-08-11,127.80747417091843,127.80747417091843,-0.1267
2022-08-12,127.70955293367352,127.70955293367352,-0.0766
2022-08-15,128.32859523809532,128.32859523809532,0.4847
2022-08-16,128.54132068452387,128.54132068452387,0.1658
2022-08-17,128.54469727891163,128.54469727891163,0.0026
2022-08-18,128.74504187925174,128.74504187925174,0.1559
2022-08-19,128.95101413690483,128.95101413690483,0.16
2022-08-22,128.833958864796,128.833958864796,-0.0908
2022-08-23,128.84296311649666,128.84296311649666,0.007
2022-08-24,128.847465242347,128.847465242347,0.0035
2022-08-25,128.7112759353742,128.7112759353742,-0.1057
2022-08-26,128.56270578231297,128.56270578231297,-0.1154
2022-08-29,128.66850573979596,128.66850573979596,0.0823
2022-08-30,128.84296311649666,128.84296311649666,0.1356
2022-08-31,128.8553439625851,128.8553439625851,0.0096
2022-09-01,128.96001838860553,128.96001838860553,0.0812
2022-09-02,129.17724596088442,129.17724596088442,0.1684
2022-09-05,129.09058003826536,129.09058003826536,-0.0671
2022-09-06,128.9892822066327,128.9892822066327,-0.0785
2022-09-07,128.97915242346946,128.97915242346946,-0.0079
2022-09-08,128.893612032313,128.893612032313,-0.0663
2022-09-09,128.92625244472796,128.92625244472796,0.0253
2022-09-13,128.77993335459192,128.77993335459192,-0.1135
2022-09-14,128.62911213860554,128.62911213860554,-0.1171
2022-09-15,128.64149298469397,128.64149298469397,0.0096
2022-09-16,128.38712287414975,128.38712287414975,-0.1977
2022-09-19,128.50192708333344,128.50192708333344,0.0894
2022-09-20,128.806946109694,128.806946109694,0.2374
2022-09-21,128.89361203231303,128.89361203231303,0.0673
2022-09-22,128.87672906037426,128.87672906037426,-0.0131
2022-09-23,128.57621215986407,128.57621215986407,-0.2332
2022-09-26,127.93015710034025,127.93015710034025,-0.5025
2022-09-27,127.96054644983003,127.96054644983003,0.0238
2022-09-28,127.99543792517018,127.99543792517018,0.0273
2022-09-29,127.65440189200692,127.65440189200692,-0.2664
2022-09-30,127.74106781462598,127.74106781462598,0.0679
2022-10-10,128.14738467261918,128.14738467261918,0.3181
2022-10-11,128.2419293154763,128.2419293154763,0.0738
2022-10-12,128.14963573554436,128.14963573554436,-0.072
2022-10-13,128.21604209183687,128.21604209183687,0.0518
2022-10-14,128.44339944727906,128.44339944727906,0.1773
2022-10-17,128.46140795068044,128.46140795068044,0.014
2022-10-18,128.46928667091854,128.46928667091854,0.0061
2022-10-19,128.57621215986413,128.57621215986413,0.0832
2022-10-20,128.36461224489813,128.36461224489813,-0.1646
2022-10-21,128.50080155187092,128.50080155187092,0.1061
2022-10-24,128.58183981717704,128.58183981717704,0.0631
2022-10-25,128.54919940476208,128.54919940476208,-0.0254
2022-10-26,128.55257599914984,128.55257599914984,0.0026
2022-10-27,128.83170780187092,128.83170780187092,0.2171
2022-10-28,128.95551626275525,128.95551626275525,0.0961
2022-10-31,129.2684140093539,129.2684140093539,0.2426
2022-11-01,129.06919494047636,129.06919494047636,-0.1541
2022-11-02,128.7427908163267,128.7427908163267,-0.2529
2022-11-03,128.97577582908178,128.97577582908178,0.181
2022-11-04,128.77655676020424,128.77655676020424,-0.1545
2022-11-07,128.86772480867364,128.86772480867364,0.0708
2022-11-08,128.94200988520424,128.94200988520424,0.0576
2022-11-09,129.06806940901376,129.06806940901376,0.0978
2022-11-10,129.0331779336736,129.0331779336736,-0.027
2022-11-11,128.71465252976205,128.71465252976205,-0.2469
2022-11-14,127.99768898809539,127.99768898809539,-0.557
2022-11-15,127.85136989795934,127.85136989795934,-0.1143
2022-11-16,127.456308354592,127.456308354592,-0.309
2022-11-17,127.85249542942192,127.85249542942192,0.3108
2022-11-18,127.81422735969403,127.81422735969403,-0.0299
2022-11-21,128.0505889668369,128.0505889668369,0.1849
2022-11-22,127.85924861819744,127.85924861819744,-0.1494
2022-11-23,128.11361872874164,128.11361872874164,0.1989
2022-11-24,128.449027104592,128.449027104592,0.2618
2022-11-25,128.21941868622466,128.21941868622466,-0.1788
2022-11-28,127.87500605867365,127.87500605867365,-0.2686
2022-11-29,127.38765093537434,127.38765093537434,-0.3811
2022-11-30,127.55648065476208,127.55648065476208,0.1325
2022-12-01,127.69492102466005,127.69492102466005,0.1085
2022-12-02,127.80409757653078,127.80409757653078,0.0855
2022-12-05,127.68254017857159,127.68254017857159,-0.0951
2022-12-06,127.38990199829948,127.38990199829948,-0.2292
2022-12-07,127.41691475340151,127.41691475340151,0.0212
2022-12-08,127.74106781462599,127.74106781462599,0.2544
2022-12-09,127.58349340986409,127.58349340986409,-0.1234
2022-12-12,127.6060040391158,127.6060040391158,0.0176
2022-12-13,127.39440412414983,127.39440412414983,-0.1658
2022-12-14,127.72643590561239,127.72643590561239,0.2606
2022-12-15,127.76357844387769,127.76357844387769,0.0291
2022-12-16,127.78158694727905,127.78158694727905,0.0141
2022-12-19,128.02019961734706,128.02019961734706,0.1867
2022-12-20,127.94253794642869,127.94253794642869,-0.0607
2022-12-21,128.00219111394568,128.00219111394568,0.0466
2022-12-22,128.00669323979605,128.00669323979605,0.0035
2022-12-23,127.98981026785728,127.98981026785728,-0.0132
2022-12-26,127.89414009353753,127.89414009353753,-0.0747
2022-12-27,127.86149968112257,127.86149968112257,-0.0255
2022-12-28,127.88851243622462,127.88851243622462,0.0211
2022-12-29,128.04496130952393,128.04496130952393,0.1223
2022-12-30,128.2272974064627,128.2272974064627,0.1424
2023-01-03,128.2351761267008,128.2351761267008,0.0061
2023-01-04,128.3466037414967,128.3466037414967,0.0869
2023-01-05,128.34885480442188,128.34885480442188,0.0018
2023-01-06,128.18002508503412,128.18002508503412,-0.1315
2023-01-09,128.24530590986404,128.24530590986404,0.0509
2023-01-10,128.14063148384366,128.14063148384366,-0.0816
2023-01-11,127.98755920493208,127.98755920493208,-0.1195
2023-01-12,128.02357621173482,128.02357621173482,0.0281
2023-01-13,128.00219111394568,128.00219111394568,-0.0167
2023-01-16,127.75457419217697,127.75457419217697,-0.1934
2023-01-17,127.78721460459194,127.78721460459194,0.0255
2023-01-18,127.70167421343548,127.70167421343548,-0.0669
2023-01-19,127.66002954931982,127.66002954931982,-0.0326
2023-01-20,127.81760395408172,127.81760395408172,0.1234
2023-01-30,127.90764647108851,127.90764647108851,0.0704
2023-01-31,127.99543792517015,127.99543792517015,0.0686
2023-02-01,128.006693239796,128.006693239796,0.0088
2023-02-02,128.07872725340144,128.07872725340144,0.0563
2023-02-03,128.19578252551028,128.19578252551028,0.0914
2023-02-06,128.20141018282322,128.20141018282322,0.0044
2023-02-07,128.1732718962586,128.1732718962586,-0.0219
2023-02-08,128.10911660289125,128.10911660289125,-0.0501
2023-02-09,128.12374851190486,128.12374851190486,0.0114
2023-02-10,128.22166974914978,128.22166974914978,0.0764
2023-02-13,128.25205909863956,128.25205909863956,0.0237
2023-02-14,128.27456972789128,128.27456972789128,0.0176
2023-02-15,128.22392081207497,128.22392081207497,-0.0395
2023-02-16,128.2363016581634,128.2363016581634,0.0097
2023-02-17,128.27682079081646,128.27682079081646,0.0316
2023-02-20,128.24530590986407,128.24530590986407,-0.0246
2023-02-21,128.22279528061236,128.22279528061236,-0.0176
2023-02-22,128.2498080357144,128.2498080357144,0.0211
2023-02-23,128.2576867559525,128.2576867559525,0.0061
2023-02-24,128.23967825255113,128.23967825255113,-0.014
2023-02-27,128.21266549744908,128.21266549744908,-0.0211
2023-02-28,128.19353146258513,128.19353146258513,-0.0149
2023-03-01,128.21716762329942,128.21716762329942,0.0184
2023-03-02,128.18452721088445,128.18452721088445,-0.0255
2023-03-03,128.16426764455792,128.16426764455792,-0.0158
2023-03-06,128.34322714710893,128.34322714710893,0.1396
2023-03-07,128.49742495748308,128.49742495748308,0.1201
2023-03-08,128.6381163903062,128.6381163903062,0.1095
2023-03-09,128.63586532738105,128.63586532738105,-0.0017
2023-03-10,128.6853887117348,128.6853887117348,0.0385
2023-03-13,128.7304099702382,128.7304099702382,0.035
2023-03-14,128.77430569727903,128.77430569727903,0.0341
2023-03-15,128.71802912414978,128.71802912414978,-0.0437
2023-03-16,128.84971630527224,128.84971630527224,0.1023
2023-03-17,128.93525669642872,128.93525669642872,0.0664
2023-03-20,128.97690136054436,128.97690136054436,0.0323
2023-03-21,128.78330994897973,128.78330994897973,-0.1501
2023-03-22,128.839586522109,128.839586522109,0.0437
2023-03-23,128.81257376700694,128.81257376700694,-0.021
2023-03-24,128.7698035714287,128.7698035714287,-0.0332
2023-03-27,128.81257376700694,128.81257376700694,0.0332
2023-03-28,128.80356951530626,128.80356951530626,-0.007
2023-03-29,128.88798437500014,128.88798437500014,0.0655
2023-03-30,128.75066953656477,128.75066953656477,-0.1065
2023-03-31,128.81144823554433,128.81144823554433,0.0472
2023-04-03,128.8362099277212,128.8362099277212,0.0192
2023-04-04,128.88460778061236,128.88460778061236,0.0376
2023-04-06,128.90824394132665,128.90824394132665,0.0183
2023-04-07,129.0005375212586,129.0005375212586,0.0716
2023-04-10,129.07932472363956,129.07932472363956,0.0611
2023-04-11,129.0894545068028,129.0894545068028,0.0078
2023-04-12,129.2301459396259,129.2301459396259,0.109
2023-04-13,129.26391188350345,129.26391188350345,0.0261
2023-04-14,129.19637999574837,129.19637999574837,-0.0522
2023-04-17,129.18737574404767,129.18737574404767,-0.007
2023-04-18,129.21889062500006,129.21889062500006,0.0244
2023-04-19,129.34945227465994,129.34945227465994,0.101
2023-04-20,129.24702891156468,129.24702891156468,-0.0792
2023-04-21,129.436118197279,129.436118197279,0.1463
2023-04-24,129.55204793792524,129.55204793792524,0.0896
2023-04-25,129.56893090986404,129.56893090986404,0.013
2023-04-26,129.6229564200681,129.6229564200681,0.0417
2023-04-27,129.72537978316336,129.72537978316336,0.079
2023-04-28,129.8210499574831,129.8210499574831,0.0737
2023-05-04,130.06303922193888,130.06303922193888,0.1864
2023-05-05,130.28927104591847,130.28927104591847,0.1739
2023-05-08,130.14295195578242,130.14295195578242,-0.1123
2023-05-09,130.27126254251712,130.27126254251712,0.0986
2023-05-10,130.4535986394559,130.4535986394559,0.14
2023-05-11,130.65169217687085,130.65169217687085,0.1518
2023-05-12,130.51437733843548,130.51437733843548,-0.1051
2023-05-15,130.50874968112257,130.50874968112257,-0.0043
2023-05-16,130.45922629676883,130.45922629676883,-0.0379
2023-05-17,130.4468454506804,130.4468454506804,-0.0095
2023-05-18,130.43671566751712,130.43671566751712,-0.0078
2023-05-19,130.58416028911577,130.58416028911577,0.113
2023-05-22,130.613424107143,130.613424107143,0.0224
2023-05-23,130.90043463010218,130.90043463010218,0.2197
2023-05-24,130.8542878401362,130.8542878401362,-0.0353
2023-05-25,130.73835809948994,130.73835809948994,-0.0886
2023-05-26,130.49974542942192,130.49974542942192,-0.1825
2023-05-29,130.62017729591852,130.62017729591852,0.0923
2023-05-30,130.62693048469404,130.62693048469404,0.0052
2023-05-31,130.67082621173483,130.67082621173483,0.0336
2023-06-01,130.8396559311226,130.8396559311226,0.1292
2023-06-02,130.7552410714287,130.7552410714287,-0.0645
2023-06-05,130.8081410501702,130.8081410501702,0.0405
2023-06-06,130.95896226615662,130.95896226615662,0.1153
2023-06-07,131.0816451955784,131.0816451955784,0.0937
2023-06-08,131.05350690901378,131.05350690901378,-0.0215
2023-06-09,131.20320259353758,131.20320259353758,0.1142
2023-06-12,131.29437064200698,131.29437064200698,0.0695
2023-06-13,131.54311309523828,131.54311309523828,0.1895
2023-06-14,131.9021576318029,131.9021576318029,0.2729
2023-06-15,131.50484502551038,131.50484502551038,-0.3012
2023-06-16,130.99723033588455,130.99723033588455,-0.386
2023-06-19,131.10303029336754,131.10303029336754,0.0808
2023-06-20,131.07826860119067,131.07826860119067,-0.0189
2023-06-21,131.2403451318029,131.2403451318029,0.1236
2023-06-26,131.41930463435395,131.41930463435395,0.1364
2023-06-27,131.1975749362247,131.1975749362247,-0.1687
2023-06-28,131.21670897108862,131.21670897108862,0.0146
2023-06-29,131.26398129251717,131.26398129251717,0.036
2023-06-30,131.52397906037433,131.52397906037433,0.1981
2023-07-03,131.45757270408183,131.45757270408183,-0.0505
2023-07-04,131.47333014455802,131.47333014455802,0.012
2023-07-05,131.49133864795937,131.49133864795937,0.0137
2023-07-06,131.53973650085052,131.53973650085052,0.0368
2023-07-07,131.57687903911582,131.57687903911582,0.0282
2023-07-10,131.60164073129272,131.60164073129272,0.0188
2023-07-11,131.70856622023828,131.70856622023828,0.0812
2023-07-12,131.73220238095257,131.73220238095257,0.0179
2023-07-13,131.67367474489814,131.67367474489814,-0.0444
2023-07-14,131.61852370323146,131.61852370323146,-0.0419
2023-07-17,131.75021088435392,131.75021088435392,0.1001
2023-07-18,131.9471788903063,131.9471788903063,0.1495
2023-07-19,131.92016613520425,131.92016613520425,-0.0205
2023-07-20,131.93029591836753,131.93029591836753,0.0077
2023-07-21,132.0968745748301,132.0968745748301,0.1263
2023-07-24,132.19029368622466,132.19029368622466,0.0707
2023-07-25,131.67029815051038,131.67029815051038,-0.3934
2023-07-26,131.8031108630954,131.8031108630954,0.1009
2023-07-27,131.95393207908182,131.95393207908182,0.1144
2023-07-28,131.90778528911582,131.90778528911582,-0.035
2023-07-31,131.74008110119067,131.74008110119067,-0.1271
2023-08-01,131.84250446428592,131.84250446428592,0.0777
2023-08-02,131.96181079931992,131.96181079931992,0.0905
2023-08-03,132.03271928146276,132.03271928146276,0.0537
2023-08-04,132.03384481292534,132.03384481292534,0.0009
2023-08-07,132.0822426658165,132.0822426658165,0.0367
2023-08-08,132.12388732993216,132.12388732993216,0.0315
2023-08-09,132.16890858843556,132.16890858843556,0.0341
2023-08-10,132.1509000850342,132.1509000850342,-0.0136
2023-08-11,132.17003411989816,132.17003411989816,0.0145
2023-08-14,132.29721917517028,132.29721917517028,0.0962
2023-08-15,132.66864455782334,132.66864455782334,0.2808
2023-08-16,132.88924872449002,132.88924872449002,0.1663
2023-08-17,132.87799340986416,132.87799340986416,-0.0085
2023-08-18,132.96240826955804,132.96240826955804,0.0635
2023-08-21,133.27643154761927,133.27643154761927,0.2362
2023-08-22,133.114355017007,133.114355017007,-0.1216
2023-08-23,133.10084863945596,133.10084863945596,-0.0101
2023-08-24,133.07045928996615,133.07045928996615,-0.0228
2023-08-25,133.0063039965988,133.0063039965988,-0.0482
2023-08-28,132.90725722789134,132.90725722789134,-0.0745
2023-08-29,132.65964030612264,132.65964030612264,-0.1863
2023-08-30,132.73955303996618,132.73955303996618,0.0602
2023-08-31,132.8352232142859,132.8352232142859,0.0721
2023-09-01,132.69678284438794,132.69678284438794,-0.1042
2023-09-04,132.28934045493216,132.28934045493216,-0.307
2023-09-05,132.36812765731312,132.36812765731312,0.0596
2023-09-06,132.20717665816346,132.20717665816346,-0.1216
2023-09-07,132.08449372874168,132.08449372874168,-0.0928
2023-09-08,132.18354049744917,132.18354049744917,0.075
2023-09-11,132.16890858843556,132.16890858843556,-0.0111
2023-09-12,132.2038000637757,132.2038000637757,0.0264
2023-09-13,132.33211065051037,132.33211065051037,0.0971
2023-09-14,132.47730420918384,132.47730420918384,0.1097
2023-09-15,132.3219808673471,132.3219808673471,-0.1172
2023-09-18,132.11825967261922,132.11825967261922,-0.154
2023-09-19,132.12501286139474,132.12501286139474,0.0051
2023-09-20,132.0912469175172,132.0912469175172,-0.0256
2023-09-21,132.12726392431992,132.12726392431992,0.0273
2023-09-22,131.94380229591854,131.94380229591854,-0.1389
2023-09-25,131.76934491921787,131.76934491921787,-0.1322
2023-09-26,131.66692155612265,131.66692155612265,-0.0777
2023-09-27,131.65228964710903,131.65228964710903,-0.0111
2023-09-28,132.00458099489813,132.00458099489813,0.2676
2023-10-09,132.03947247023825,132.03947247023825,0.0264
2023-10-10,132.0597320365648,132.0597320365648,0.0153
2023-10-11,131.81999383503418,131.81999383503418,-0.1815
2023-10-12,131.85038318452396,131.85038318452396,0.0231
2023-10-13,132.02033843537433,132.02033843537433,0.1289
2023-10-16,132.13289158163283,132.13289158163283,0.0853
2023-10-17,132.0518533163267,132.0518533163267,-0.0613
2023-10-18,132.02146396683693,132.02146396683693,-0.023
2023-10-19,131.8132406462587,131.8132406462587,-0.1577
2023-10-20,132.01808737244914,132.01808737244914,0.1554
2023-10-23,132.1644064625852,132.1644064625852,0.1108
2023-10-24,131.99557674319743,131.99557674319743,-0.1277
2023-10-25,132.12838945578247,132.12838945578247,0.1006
2023-10-26,132.1644064625852,132.1644064625852,0.0273
2023-10-27,132.17566177721102,132.17566177721102,0.0085
2023-10-30,132.2308128188777,132.2308128188777,0.0417
2023-10-31,132.4108978528913,132.4108978528913,0.1362
2023-11-01,132.55271481717705,132.55271481717705,0.1071
2023-11-02,132.68890412414984,132.68890412414984,0.1027
2023-11-03,132.67539774659883,132.67539774659883,-0.0102
2023-11-06,132.66076583758522,132.66076583758522,-0.011
2023-11-07,132.73279985119066,132.73279985119066,0.0543
2023-11-08,132.74180410289134,132.74180410289134,0.0068
2023-11-09,132.74968282312943,132.74968282312943,0.0059
2023-11-10,132.7688168579934,132.7688168579934,0.0144
2023-11-13,132.83072108843555,132.83072108843555,0.0466
2023-11-14,132.750808354592,132.750808354592,-0.0602
2023-11-15,132.71028922193895,132.71028922193895,-0.0305
2023-11-16,132.82059130527227,132.82059130527227,0.0831
2023-11-17,132.8768678784015,132.8768678784015,0.0424
2023-11-20,132.87349128401374,132.87349128401374,-0.0025
2023-11-21,132.90388063350352,132.90388063350352,0.0229
2023-11-22,132.8284700255103,132.8284700255103,-0.0567
2023-11-23,132.64050627125863,132.64050627125863,-0.1415
2023-11-24,132.66076583758516,132.66076583758516,0.0153
2023-11-27,132.61799564200695,132.61799564200695,-0.0322
2023-11-28,132.7204190051022,132.7204190051022,0.0772
2023-11-29,132.67877434098656,132.67877434098656,-0.0314
2023-11-30,132.72829772534033,132.72829772534033,0.0373
2023-12-01,132.85210618622466,132.85210618622466,0.0933
2023-12-04,132.77669557823148,132.77669557823148,-0.0568
2023-12-05,132.7823232355444,132.7823232355444,0.0042
2023-12-06,132.73167431972809,132.73167431972809,-0.0381
2023-12-07,132.783448767007,132.783448767007,0.039
2023-12-08,132.8374742772111,132.8374742772111,0.0407
2023-12-11,133.0940954506805,133.0940954506805,0.1932
2023-12-12,133.02768909438797,133.02768909438797,-0.0499
2023-12-13,133.19876987670088,133.19876987670088,0.1286
2023-12-14,133.1886400935376,133.1886400935376,-0.0076
2023-12-15,133.27755707908182,133.27755707908182,0.0668
2023-12-18,133.37322725340155,133.37322725340155,0.0718
2023-12-19,133.38673363095256,133.38673363095256,0.0101
2023-12-20,133.33495918367365,133.33495918367365,-0.0388
2023-12-21,133.3968634141158,133.3968634141158,0.0464
2023-12-22,133.50041230867362,133.50041230867362,0.0776
2023-12-25,133.61521651785728,133.61521651785728,0.086
2023-12-26,133.68049734268723,133.68049734268723,0.0489
2023-12-27,133.79079942602056,133.79079942602056,0.0825
2023-12-28,133.79079942602056,133.79079942602056,0.0
2023-12-29,134.04516953656477,134.04516953656477,0.1901
2024-01-02,134.30179071003417,134.30179071003417,0.1914
2024-01-03,133.94274617346957,133.94274617346957,-0.2673
2024-01-04,134.22187797619063,134.22187797619063,0.2084
2024-01-05,134.6248182397961,134.6248182397961,0.3002
2024-01-08,134.4143438562927,134.4143438562927,-0.1563
2024-01-09,134.58542463860564,134.58542463860564,0.1273
2024-01-10,134.53927784863964,134.53927784863964,-0.0343
2024-01-11,134.45036086309543,134.45036086309543,-0.0661
2024-01-12,134.30066517857162,134.30066517857162,-0.1113
2024-01-15,134.32205027636073,134.32205027636073,0.0159
2024-01-16,134.2804056122451,134.2804056122451,-0.031
2024-01-17,134.4458587372451,134.4458587372451,0.1232
2024-01-18,134.54940763180292,134.54940763180292,0.077
2024-01-19,134.6236927083335,134.6236927083335,0.0552
2024-01-22,134.74862670068043,134.74862670068043,0.0928
2024-01-23,134.67996928146275,134.67996928146275,-0.051
2024-01-24,134.69460119047633,134.69460119047633,0.0109
2024-01-25,134.7058565051022,134.7058565051022,0.0084
2024-01-26,134.80827986819742,134.80827986819742,0.076
2024-01-29,134.88706707057838,134.88706707057838,0.0584
2024-01-30,135.27987755102055,135.27987755102055,0.2912
2024-01-31,135.5106115008505,135.5106115008505,0.1706
2024-02-01,135.5252434098641,135.5252434098641,0.0108
2024-02-02,135.4948540603743,135.4948540603743,-0.0224
2024-02-05,135.7143326955784,135.7143326955784,0.162
2024-02-06,135.34515837585053,135.34515837585053,-0.272
2024-02-07,135.4239455782315,135.4239455782315,0.0582
2024-02-08,135.6186625212587,135.6186625212587,0.1438
2024-02-19,135.64454974489817,135.64454974489817,0.0191
2024-02-20,135.74134545068048,135.74134545068048,0.0714
2024-02-21,135.83701562500022,135.83701562500022,0.0705
2024-02-22,135.81112840136078,135.81112840136078,-0.0191
2024-02-23,136.01484959608865,136.01484959608865,0.15
2024-02-26,136.12852827380974,136.12852827380974,0.0836
2024-02-27,136.33900265731313,136.33900265731313,0.1546
2024-02-28,136.52133875425193,136.52133875425193,0.1337
2024-02-29,136.7486961096941,136.7486961096941,0.1665
2024-03-01,136.22419844812947,136.22419844812947,-0.3835
2024-03-04,136.4020324192179,136.4020324192179,0.1305
2024-03-05,136.4324217687077,136.4324217687077,0.0223
2024-03-06,136.8871364795921,136.8871364795921,0.3333
2024-03-07,137.0379576955785,137.0379576955785,0.1102
2024-03-08,137.00531728316352,137.00531728316352,-0.0238
2024-03-11,136.86237478741523,136.86237478741523,-0.1043
2024-03-12,136.3164920280615,136.3164920280615,-0.3989
2024-03-13,136.26021545493225,136.26021545493225,-0.0413
2024-03-14,136.21294313350367,136.21294313350367,-0.0347
2024-03-15,136.3772707270411,136.3772707270411,0.1206
2024-03-18,136.4977025935377,136.4977025935377,0.0883
2024-03-19,136.81735352891187,136.81735352891187,0.2342
2024-03-20,136.66090465561254,136.66090465561254,-0.1143
2024-03-21,136.66090465561254,136.66090465561254,0.0
2024-03-22,136.65415146683702,136.65415146683702,-0.0049
2024-03-25,136.45718346088464,136.45718346088464,-0.1441
2024-03-26,136.47856855867377,136.47856855867377,0.0157
2024-03-27,136.57536426445606,136.57536426445606,0.0709
2024-03-28,136.60125148809553,136.60125148809553,0.019
2024-03-29,136.75995142432004,136.75995142432004,0.1162
2024-04-01,136.5888706420071,136.5888706420071,-0.1251
2024-04-02,136.6496493409867,136.6496493409867,0.0445
2024-04-03,136.9501662414969,136.9501662414969,0.2199
2024-04-08,137.0086938775513,137.0086938775513,0.0427
2024-04-09,137.1662682823132,137.1662682823132,0.115
2024-04-10,137.05709173044247,137.05709173044247,-0.0796
2024-04-11,137.03570663265336,137.03570663265336,-0.0156
2024-04-12,137.30020652636085,137.30020652636085,0.193
2024-04-15,137.4307681760207,137.4307681760207,0.0951
2024-04-16,137.44314902210914,137.44314902210914,0.009
2024-04-17,137.49379793792548,137.49379793792548,0.0369
2024-04-18,137.7402893282316,137.7402893282316,0.1793
2024-04-19,137.77292974064656,137.77292974064656,0.0237
2024-04-22,137.87197650935406,137.87197650935406,0.0719
2024-04-23,138.2062593537418,138.2062593537418,0.2425
2024-04-24,137.56245535714316,137.56245535714316,-0.4658
2024-04-25,137.63223830782343,137.63223830782343,0.0507
2024-04-26,137.29908099489828,137.29908099489828,-0.2421
2024-04-29,136.6057536139459,136.6057536139459,-0.505
2024-04-30,137.1313768069731,137.1313768069731,0.3848
2024-05-06,137.23492570153093,137.23492570153093,0.0755
2024-05-07,137.59397023809555,137.59397023809555,0.2616
2024-05-08,137.73578720238126,137.73578720238126,0.1031
2024-05-09,137.53206600765336,137.53206600765336,-0.1479
2024-05-10,137.33509800170097,137.33509800170097,-0.1432
2024-05-13,137.633363839286,137.633363839286,0.2172
2024-05-14,137.70427232142887,137.70427232142887,0.0515
2024-05-15,137.6041000212588,137.6041000212588,-0.0727
2024-05-16,137.50955537840167,137.50955537840167,-0.0687
2024-05-17,137.3182150297622,137.3182150297622,-0.1391
2024-05-20,137.56920854591866,137.56920854591866,0.1828
2024-05-21,137.47691496598668,137.47691496598668,-0.0671
2024-05-22,137.58496598639485,137.58496598639485,0.0786
2024-05-23,137.74704251700712,137.74704251700712,0.1178
2024-05-24,137.68513828656492,137.68513828656492,-0.0449
2024-05-27,137.66037659438805,137.66037659438805,-0.018
2024-05-28,137.844963754252,137.844963754252,0.1341
2024-05-29,137.964270089286,137.964270089286,0.0866
2024-05-30,137.9721488095241,137.9721488095241,0.0057
2024-05-31,137.75492123724518,137.75492123724518,-0.1574
2024-06-03,137.84608928571458,137.84608928571458,0.0662
2024-06-04,137.85621906887783,137.85621906887783,0.0073
2024-06-05,138.01491900510234,138.01491900510234,0.1151
2024-06-06,138.05656366921798,138.05656366921798,0.0302
2024-06-07,138.17136787840164,138.17136787840164,0.0832
2024-06-11,138.19162744472817,138.19162744472817,0.0147
2024-06-12,138.1376019345241,138.1376019345241,-0.0391
2024-06-13,138.24565295493224,138.24565295493224,0.0782
2024-06-14,138.32106356292545,138.32106356292545,0.0545
2024-06-17,138.400976296769,138.400976296769,0.0578
2024-06-18,138.53266347789142,138.53266347789142,0.0951
2024-06-19,138.5585507015309,138.5585507015309,0.0187
2024-06-20,138.66885278486424,138.66885278486424,0.0796
2024-06-21,138.55517410714316,138.55517410714316,-0.082
2024-06-24,138.68461022534044,138.68461022534044,0.0934
2024-06-25,138.84218463010234,138.84218463010234,0.1136
2024-06-26,138.9040888605445,138.9040888605445,0.0446
2024-06-27,139.08980155187103,139.08980155187103,0.1337
2024-06-28,139.25412914540846,139.25412914540846,0.1181
2024-07-01,138.7926612457486,138.7926612457486,-0.3314
2024-07-02,139.02339519557853,139.02339519557853,0.1662
2024-07-03,139.1483291879255,139.1483291879255,0.0899
2024-07-04,139.2091078869051,139.2091078869051,0.0437
2024-07-05,138.93898033588468,138.93898033588468,-0.194
2024-07-08,138.5157805059527,138.5157805059527,-0.3046
2024-07-09,138.87369951105475,138.87369951105475,0.2584
2024-07-10,138.8680718537418,138.8680718537418,-0.0041
2024-07-11,138.96374202806155,138.96374202806155,0.0689
2024-07-12,139.1449525935377,139.1449525935377,0.1304
2024-07-15,139.26538446003428,139.26538446003428,0.0866
2024-07-16,139.2349951105445,139.2349951105445,-0.0218
2024-07-17,139.3948205782316,139.3948205782316,0.1148
2024-07-18,139.30928018707513,139.30928018707513,-0.0614
2024-07-19,139.3430461309527,139.3430461309527,0.0242
2024-07-22,139.63906090561255,139.63906090561255,0.2124
2024-07-23,139.90243526785744,139.90243526785744,0.1886
2024-07-24,140.02962032312956,140.02962032312956,0.0909
2024-07-25,140.0487543579935,140.0487543579935,0.0137
2024-07-26,140.2817393707486,140.2817393707486,0.1664
2024-07-29,140.38979039115677,140.38979039115677,0.077
2024-07-30,140.4618244047622,140.4618244047622,0.0513
2024-07-31,140.6340307185377,140.6340307185377,0.1226
2024-08-01,140.87264338860572,140.87264338860572,0.1697
2024-08-02,140.89177742346968,140.89177742346968,0.0136
2024-08-05,141.30147087585064,141.30147087585064,0.2908
2024-08-06,140.81186468962613,140.81186468962613,-0.3465
2024-08-07,141.19341985544247,141.19341985544247,0.271
2024-08-08,140.7116923894561,140.7116923894561,-0.3412
2024-08-09,140.41455208333366,140.41455208333366,-0.2112
2024-08-12,139.45897587159897,139.45897587159897,-0.6805
2024-08-13,139.9013097363949,139.9013097363949,0.3172
2024-08-14,140.37853507653094,140.37853507653094,0.3411
2024-08-15,140.2007011054425,140.2007011054425,-0.1267
2024-08-16,140.33238828656496,140.33238828656496,0.0939
2024-08-19,140.55411798469422,140.55411798469422,0.158
2024-08-20,140.4944648171772,140.4944648171772,-0.0424
2024-08-21,140.33576488095272,140.33576488095272,-0.113
2024-08-22,140.63403071853776,140.63403071853776,0.2125
2024-08-23,140.6970604804425,140.6970604804425,0.0448
2024-08-26,140.70719026360578,140.70719026360578,0.0072
2024-08-27,140.41004995748332,140.41004995748332,-0.2112
2024-08-28,140.5856328656466,140.5856328656466,0.1251
2024-08-29,140.41117548894593,140.41117548894593,-0.1241
2024-08-30,140.39316698554455,140.39316698554455,-0.0128
2024-09-02,140.66329453656493,140.66329453656493,0.1924
2024-09-03,140.8490072278915,140.8490072278915,0.132
2024-09-04,140.93904974489828,140.93904974489828,0.0639
2024-09-05,141.10000074404795,141.10000074404795,0.1142
2024-09-06,141.1022518069731,141.1022518069731,0.0016
2024-09-09,141.21480495323163,141.21480495323163,0.0798
2024-09-10,141.38363467261937,141.38363467261937,0.1196
2024-09-11,141.5828537414969,141.5828537414969,0.1409
2024-09-12,141.46354740646288,141.46354740646288,-0.0843
2024-09-13,141.74943239795945,141.74943239795945,0.2021
2024-09-18,141.99142166241523,141.99142166241523,0.1707
2024-09-19,141.9036302083336,141.9036302083336,-0.0618
2024-09-20,142.1388662840139,142.1388662840139,0.1658
2024-09-23,142.2120258290819,142.2120258290819,0.0515
2024-09-24,141.68415157312953,141.68415157312953,-0.3712
2024-09-25,142.15349819302747,142.15349819302747,0.3313
2024-09-26,141.74830686649685,141.74830686649685,-0.285
2024-09-27,140.52935629251726,140.52935629251726,-0.8599
2024-09-30,139.9710926870751,139.9710926870751,-0.3973
2024-10-08,140.16693516156488,140.16693516156488,0.1399
2024-10-09,140.45507121598666,140.45507121598666,0.2056
2024-10-10,141.09437308673498,141.09437308673498,0.4552
2024-10-11,140.99194972363972,140.99194972363972,-0.0726
2024-10-14,141.00320503826558,141.00320503826558,0.008
2024-10-15,141.20129857568057,141.20129857568057,0.1405
2024-10-16,141.1979219812928,141.1979219812928,-0.0024
2024-10-17,141.42640486819758,141.42640486819758,0.1618
2024-10-18,141.35999851190505,141.35999851190505,-0.047
2024-10-21,141.37237935799348,141.37237935799348,0.0088
2024-10-22,141.27896024659893,141.27896024659893,-0.0661
2024-10-23,141.002079506803,141.002079506803,-0.196
2024-10-24,140.95368165391184,140.95368165391184,-0.0343
2024-10-25,140.86476466836763,140.86476466836763,-0.0631
2024-10-28,140.80286043792546,140.80286043792546,-0.0439
2024-10-29,141.01558588435404,141.01558588435404,0.1511
2024-10-30,141.00545610119076,141.00545610119076,-0.0072
2024-10-31,141.03922204506833,141.03922204506833,0.0239
2024-11-01,141.26770493197307,141.26770493197307,0.162
2024-11-04,141.2890900297622,141.2890900297622,0.0151
2024-11-05,141.35211979166698,141.35211979166698,0.0446
2024-11-06,141.44666443452414,141.44666443452414,0.0669
2024-11-07,141.4781793154765,141.4781793154765,0.0223
2024-11-08,141.6785239158166,141.6785239158166,0.1416
2024-11-11,141.72354517432004,141.72354517432004,0.0318
2024-11-12,142.03419185799348,142.03419185799348,0.2192
2024-11-13,142.02068548044247,142.02068548044247,-0.0095
2024-11-14,141.99142166241526,141.99142166241526,-0.0206
2024-11-15,142.0623301445581,142.0623301445581,0.0499
2024-11-18,141.82034088010232,141.82034088010232,-0.1703
2024-11-19,141.88449617346967,141.88449617346967,0.0452
2024-11-20,141.9576557185377,141.9576557185377,0.0516
2024-11-21,142.12761096938803,142.12761096938803,0.1197
2024-11-22,142.21652795493225,142.21652795493225,0.0626
2024-11-25,142.40111511479617,142.40111511479617,0.1298
2024-11-26,142.59695758928595,142.59695758928595,0.1375
2024-11-27,142.45626615646282,142.45626615646282,-0.0987
2024-11-28,142.6689916028914,142.6689916028914,0.1493
2024-11-29,142.8321936649662,142.8321936649662,0.1144
2024-12-02,143.1653509778914,143.1653509778914,0.2333
2024-12-03,143.29028497023833,143.29028497023833,0.0873
2024-12-04,143.61331250000023,143.61331250000023,0.2254
2024-12-05,143.75738052721113,143.75738052721113,0.1003
2024-12-06,143.5784210246601,143.5784210246601,-0.1245
2024-12-09,143.7652592474492,143.7652592474492,0.1301
2024-12-10,144.6307929421771,144.6307929421771,0.602
2024-12-11,144.8795353954084,144.8795353954084,0.172
2024-12-12,145.1890565476193,145.1890565476193,0.2136
2024-12-13,145.72255846088458,145.72255846088458,0.3675
2024-12-16,146.30558375850364,146.30558375850364,0.4001
2024-12-17,145.98143069727914,145.98143069727914,-0.2216
2024-12-18,145.6595286989798,145.6595286989798,-0.2205
2024-12-19,145.50870748299343,145.50870748299343,-0.1035
2024-12-20,146.22116889880976,146.22116889880976,0.4896
2024-12-23,146.42263903061252,146.42263903061252,0.1378
2024-12-24,146.11199234693905,146.11199234693905,-0.2122
2024-12-25,145.9431626275513,145.9431626275513,-0.1155
2024-12-26,145.8958903061227,145.8958903061227,-0.0324
2024-12-27,146.4305177508506,146.4305177508506,0.3664
2024-12-30,146.20203486394584,146.20203486394584,-0.156
2024-12-31,146.4845432610547,146.4845432610547,0.1932
2025-01-02,147.26566209608873,147.26566209608873,0.5332
2025-01-03,147.6269576955785,147.6269576955785,0.2453
2025-01-06,147.72262786989825,147.72262786989825,0.0648
2025-01-07,147.52340880102068,147.52340880102068,-0.1349
2025-01-08,147.50765136054451,147.50765136054451,-0.0107
2025-01-09,147.30167910289143,147.30167910289143,-0.1396
2025-01-10,147.13172385204112,147.13172385204112,-0.1154
2025-01-13,147.050685586735,147.050685586735,-0.0551
2025-01-14,147.2071344600343,147.2071344600343,0.1064
2025-01-15,147.48514073129283,147.48514073129283,0.1889
2025-01-16,147.29492591411596,147.29492591411596,-0.129
2025-01-17,147.1958791454085,147.1958791454085,-0.0672
2025-01-20,147.0360536777214,147.0360536777214,-0.1086
2025-01-21,147.16548979591872,147.16548979591872,0.088
2025-01-22,147.2330216836738,147.2330216836738,0.0459
2025-01-23,147.15648554421801,147.15648554421801,-0.052
2025-01-24,146.99215795068062,146.99215795068062,-0.1117
2025-01-27,147.5650534651364,147.5650534651364,0.3897
2025-02-05,147.63708747874185,147.63708747874185,0.0488
2025-02-06,147.72825552721125,147.72825552721125,0.0618
2025-02-07,147.66747682823166,147.66747682823166,-0.0411
2025-02-10,147.520032206633,147.520032206633,-0.0998
2025-02-11,147.5628024022112,147.5628024022112,0.029
2025-02-12,147.56055133928604,147.56055133928604,-0.0015
2025-02-13,147.52228326955813,147.52228326955813,-0.0259
2025-02-14,147.28141953656493,147.28141953656493,-0.1633
2025-02-17,146.8615963010207,146.8615963010207,-0.285
2025-02-18,146.71752827380985,146.71752827380985,-0.0981
2025-02-19,146.87285161564657,146.87285161564657,0.1059
2025-02-20,146.7209048681976,146.7209048681976,-0.1035
2025-02-21,146.40913265306156,146.40913265306156,-0.2125
2025-02-24,145.7371903698983,145.7371903698983,-0.4589
2025-02-25,145.8576222363949,145.8576222363949,0.0826
2025-02-26,146.25043271683705,146.25043271683705,0.2693
2025-02-27,145.98255622874183,145.98255622874183,-0.1832
2025-02-28,146.21554124149694,146.21554124149694,0.1596
2025-03-03,146.4147603103745,146.4147603103745,0.1363
2025-03-04,146.361860331633,146.361860331633,-0.0361
2025-03-05,146.38774755527245,146.38774755527245,0.0177
2025-03-06,146.00619238945615,146.00619238945615,-0.2606
2025-03-07,145.57961596513638,145.57961596513638,-0.2922
2025-03-10,145.2475841836738,145.2475841836738,-0.2281
2025-03-11,144.66455888605475,144.66455888605475,-0.4014
2025-03-12,145.23745440051053,145.23745440051053,0.396
2025-03-13,145.08213105867384,145.08213105867384,-0.1069
2025-03-14,144.8491460459187,144.8491460459187,-0.1606
2025-03-17,144.39668239795952,144.39668239795952,-0.3124
2025-03-18,144.37754836309557,144.37754836309557,-0.0133
2025-03-19,144.50698448129285,144.50698448129285,0.0897
2025-03-20,145.13052891156497,145.13052891156497,0.4315
2025-03-21,145.1282778486398,145.1282778486398,-0.0016
2025-03-24,144.96282472363978,144.96282472363978,-0.114
2025-03-25,145.322994791667,145.322994791667,0.2485
2025-03-26,145.44680325255135,145.44680325255135,0.0852
2025-03-27,145.50758195153094,145.50758195153094,0.0418
2025-03-28,145.30611181972822,145.30611181972822,-0.1385
2025-03-31,145.28585225340169,145.28585225340169,-0.0139
2025-04-01,145.3083628826534,145.3083628826534,0.0155
2025-04-02,145.5255904549323,145.5255904549323,0.1495
2025-04-03,146.44402412840174,146.44402412840174,0.6311
2025-04-07,147.4344918154766,147.4344918154766,0.6763
2025-04-08,146.97865157312967,146.97865157312967,-0.3092
2025-04-09,147.09007918792557,147.09007918792557,0.0758
2025-04-10,147.10696215986434,147.10696215986434,0.0115
2025-04-11,147.0810749362249,147.0810749362249,-0.0176
2025-04-14,147.0810749362249,147.0810749362249,0.0
2025-04-15,147.18574936224533,147.18574936224533,0.0712
2025-04-16,147.3905960884358,147.3905960884358,0.1392
2025-04-17,147.35232801870794,147.35232801870794,-0.026
2025-04-18,147.2656620960889,147.2656620960889,-0.0588
2025-04-21,147.1069621598644,147.1069621598644,-0.1078
2025-04-22,147.25553231292562,147.25553231292562,0.101
2025-04-23,147.09908343962633,147.09908343962633,-0.1062
2025-04-24,147.00678985969432,147.00678985969432,-0.0627
2025-04-25,147.09458131377596,147.09458131377596,0.0597
2025-04-28,147.1958791454086,147.1958791454086,0.0689
2025-04-29,147.5515470875855,147.5515470875855,0.2416
2025-04-30,147.60107047193924,147.60107047193924,0.0336
2025-05-06,147.54929602466032,147.54929602466032,-0.0351
2025-05-07,147.42098543792565,147.42098543792565,-0.087
2025-05-08,147.54254283588483,147.54254283588483,0.0825
2025-05-09,147.65284491921815,147.65284491921815,0.0748
2025-05-12,147.4975215773814,147.4975215773814,-0.1052
2025-05-13,147.30618122874196,147.30618122874196,-0.1297
2025-05-14,147.18349829932018,147.18349829932018,-0.0833
2025-05-15,147.15423448129295,147.15423448129295,-0.0199
2025-05-16,147.04055580357186,147.04055580357186,-0.0773
2025-05-19,147.12609619472838,147.12609619472838,0.0582
2025-05-20,147.21726424319775,147.21726424319775,0.062
2025-05-21,147.26678762755148,147.26678762755148,0.0336
2025-05-22,147.22289190051063,147.22289190051063,-0.0298
2025-05-23,147.21501318027254,147.21501318027254,-0.0054
2025-05-26,147.24315146683716,147.24315146683716,0.0191
2025-05-27,147.19587914540858,147.19587914540858,-0.0321
2025-05-28,147.1497323554426,147.1497323554426,-0.0314
2025-05-29,146.99553454506847,146.99553454506847,-0.1048
2025-05-30,147.12609619472835,147.12609619472835,0.0888
2025-06-03,147.15085788690521,147.15085788690521,0.0168
2025-06-04,147.20825999149704,147.20825999149704,0.039
2025-06-05,147.24540252976237,147.24540252976237,0.0252
2025-06-06,147.3680854591841,147.3680854591841,0.0833
2025-06-09,147.54591943027256,147.54591943027256,0.1207
2025-06-10,147.60669812925215,147.60669812925215,0.0412
2025-06-11,147.7316321215991,147.7316321215991,0.0846
2025-06-12,147.72150233843584,147.72150233843584,-0.0069
2025-06-13,147.71474914966032,147.71474914966032,-0.0046
2025-06-16,147.75189168792562,147.75189168792562,0.0251
2025-06-17,147.89933630952427,147.89933630952427,0.0998
2025-06-18,147.89033205782357,147.89033205782357,-0.0061
2025-06-19,147.9195958758508,147.9195958758508,0.0198
2025-06-20,147.95786394557868,147.95786394557868,0.0259
2025-06-23,147.92297247023856,147.92297247023856,-0.0236
2025-06-24,147.85656611394606,147.85656611394606,-0.0449
2025-06-25,147.71812574404808,147.71812574404808,-0.0936
2025-06-26,147.7192512755107,147.7192512755107,0.0008
2025-06-27,147.8689469600345,147.8689469600345,0.1013
2025-06-30,147.70236830357192,147.70236830357192,-0.1127
2025-07-01,147.80591719812972,147.80591719812972,0.0701
2025-07-02,147.97699798044266,147.97699798044266,0.1157
2025-07-03,148.00401073554468,148.00401073554468,0.0183
2025-07-04,148.02539583333376,148.02539583333376,0.0144
2025-07-07,148.04227880527253,148.04227880527253,0.0114
2025-07-08,147.962366071429,147.962366071429,-0.054
2025-07-09,147.9229724702385,147.9229724702385,-0.0266
2025-07-10,147.72938105867385,147.72938105867385,-0.1309
2025-07-11,147.67085342261944,147.67085342261944,-0.0396
2025-07-14,147.5549236819732,147.5549236819732,-0.0785
2025-07-15,147.81604698129294,147.81604698129294,0.177
2025-07-16,147.82842782738138,147.82842782738138,0.0084
2025-07-17,147.82730229591877,147.82730229591877,-0.0008
2025-07-18,147.73613424744934,147.73613424744934,-0.0617
2025-07-21,147.59431728316363,147.59431728316363,-0.096
2025-07-22,147.44687266156498,147.44687266156498,-0.0999
2025-07-23,147.37371311649696,147.37371311649696,-0.0496
2025-07-24,146.98540476190513,146.98540476190513,-0.2635
2025-07-25,146.78843675595272,146.78843675595272,-0.134
2025-07-28,147.18124723639488,147.18124723639488,0.2676
2025-07-29,146.82557929421802,146.82557929421802,-0.2417
2025-07-30,147.07994940476223,147.07994940476223,0.1732
2025-07-31,147.3759641794221,147.3759641794221,0.2013
2025-08-01,147.37146205357178,147.37146205357178,-0.0031
2025-08-04,147.3748386479595,147.3748386479595,0.0023
2025-08-05,147.3928471513609,147.3928471513609,0.0122
2025-08-06,147.48063860544252,147.48063860544252,0.0596
2025-08-07,147.52453433248334,147.52453433248334,0.0298
2025-08-08,147.58418750000035,147.58418750000035,0.0404
2025-08-11,147.28141953656495,147.28141953656495,-0.2051
2025-08-12,147.1598621386058,147.1598621386058,-0.0825
2025-08-13,147.23414721513637,147.23414721513637,0.0505
2025-08-14,147.0675685586738,147.0675685586738,-0.1131
2025-08-15,147.0383047406466,147.0383047406466,-0.0199
2025-08-18,146.49467304421802,146.49467304421802,-0.3697
2025-08-19,146.55995386904792,146.55995386904792,0.0446
2025-08-20,146.4113837159867,146.4113837159867,-0.1014
2025-08-21,146.4462751913268,146.4462751913268,0.0238
2025-08-22,146.38887308673498,146.38887308673498,-0.0392
2025-08-25,146.63086235119073,146.63086235119073,0.1653
2025-08-26,146.73328571428596,146.73328571428596,0.0699
2025-08-27,146.83458354591863,146.83458354591863,0.069
2025-08-28,146.50030070153088,146.50030070153088,-0.2277
2025-08-29,146.5498240858846,146.5498240858846,0.0338
2025-09-01,146.6702559523812,146.6702559523812,0.0822
2025-09-02,146.67813467261928,146.67813467261928,0.0054
2025-09-03,146.80644525935398,146.80644525935398,0.0875
2025-09-04,147.1215940688778,147.1215940688778,0.2147
2025-09-05,146.68376232993225,146.68376232993225,-0.2976
2025-09-08,146.53294111394584,146.53294111394584,-0.1028
2025-09-09,146.45865603741524,146.45865603741524,-0.0507
2025-09-10,146.11874553571457,146.11874553571457,-0.2321
2025-09-11,146.1997838010207,146.1997838010207,0.0555
2025-09-12,146.45190284863972,146.45190284863972,0.1724
2025-09-15,146.56220493197307,146.56220493197307,0.0753
2025-09-16,146.63423894557852,146.63423894557852,0.0491
2025-09-17,146.83570907738124,146.83570907738124,0.1374
2025-09-18,146.80419419642888,146.80419419642888,-0.0215
2025-09-19,146.59371981292546,146.59371981292546,-0.1434
2025-09-22,146.6038495960887,146.6038495960887,0.0069
2025-09-23,146.40688159013635,146.40688159013635,-0.1344
2025-09-24,146.1626412627554,146.1626412627554,-0.1668
2025-09-25,146.1153689413268,146.1153689413268,-0.0323
2025-09-26,146.33259651360572,146.33259651360572,0.1487
2025-09-29,146.2594369685377,146.2594369685377,-0.05
2025-09-30,146.5520751488098,146.5520751488098,0.2001
2025-10-09,146.69839423894584,146.69839423894584,0.0998
2025-10-10,146.62073256802748,146.62073256802748,-0.0529
2025-10-13,146.7693027210887,146.7693027210887,0.1013
2025-10-14,147.03042602040844,147.03042602040844,0.1779
2025-10-15,146.9516388180275,146.9516388180275,-0.0536
2025-10-16,147.06981962159892,147.06981962159892,0.0804
2025-10-17,147.30843229166695,147.30843229166695,0.1622
2025-10-20,147.03042602040847,147.03042602040847,-0.1887
2025-10-21,147.02142176870777,147.02142176870777,-0.0061
2025-10-22,147.03830474064657,147.03830474064657,0.0115
2025-10-23,146.92575159438803,146.92575159438803,-0.0765
2025-10-24,146.8537175807826,146.8537175807826,-0.049
2025-10-27,147.02254730017037,147.02254730017037,0.115
2025-10-28,147.45812797619078,147.45812797619078,0.2963
2025-10-29,147.45812797619078,147.45812797619078,0.0
2025-10-30,147.62245556972817,147.62245556972817,0.1114
2025-10-31,147.71474914966015,147.71474914966015,0.0625
2025-11-03,147.73613424744923,147.73613424744923,0.0145
2025-11-04,147.7901597576533,147.7901597576533,0.0366
2025-11-05,147.78790869472815,147.78790869472815,-0.0015
2025-11-06,147.6303342899662,147.6303342899662,-0.1066
2025-11-07,147.601070471939,147.601070471939,-0.0198
2025-11-10,147.541417304422,147.541417304422,-0.0404
2025-11-11,147.4570024447281,147.4570024447281,-0.0572
2025-11-12,147.57293218537436,147.57293218537436,0.0786
2025-11-13,147.46713222789137,147.46713222789137,-0.0717
2025-11-14,147.55042155612264,147.55042155612264,0.0565
2025-11-17,147.67648107993216,147.67648107993216,0.0854
2025-11-18,147.71024702380973,147.71024702380973,0.0229
2025-11-19,147.6483427933676,147.6483427933676,-0.0419
2025-11-20,147.68886192602065,147.68886192602065,0.0274
2025-11-21,147.65847257653084,147.65847257653084,-0.0206
2025-11-24,147.67423001700706,147.67423001700706,0.0107
2025-11-25,147.53916624149684,147.53916624149684,-0.0915
2025-11-26,147.1947536139458,147.1947536139458,-0.2334
2025-11-27,147.2116365858846,147.2116365858846,0.0115
2025-11-28,147.23527274659887,147.23527274659887,0.0161
2025-12-01,147.37033652210908,147.37033652210908,0.0917
2025-12-02,147.28367059949005,147.28367059949005,-0.0588
2025-12-03,147.35683014455807,147.35683014455807,0.0497
2025-12-04,146.8829813988098,146.8829813988098,-0.3216
2025-12-05,147.14748129251728,147.14748129251728,0.1801
2025-12-08,147.14072810374176,147.14072810374176,-0.0046
2025-12-09,147.36808545918396,147.36808545918396,0.1545
2025-12-10,147.3602067389459,147.3602067389459,-0.0053
2025-12-11,147.50990242346967,147.50990242346967,0.1016
2025-12-12,147.40522799744926,147.40522799744926,-0.071
2025-12-15,147.09795790816355,147.09795790816355,-0.2085
2025-12-16,147.12046853741523,147.12046853741523,0.0153
2025-12-17,147.29154931972815,147.29154931972815,0.1163
2025-12-18,147.3253152636057,147.3253152636057,0.0229
2025-12-19,147.41985990646285,147.41985990646285,0.0642
2025-12-22,147.27128975340162,147.27128975340162,-0.1008
2025-12-23,147.63258535289143,147.63258535289143,0.2453
2025-12-24,147.5425428358846,147.5425428358846,-0.061
2025-12-25,147.58981515731318,147.58981515731318,0.032
2025-12-26,147.51327901785743,147.51327901785743,-0.0519
2025-12-29,147.0551877125853,147.0551877125853,-0.3105
2025-12-30,146.9932834821431,146.9932834821431,-0.0421
2025-12-31,147.01016645408188,147.01016645408188,0.0115
2026-01-05,146.91449627976215,146.91449627976215,-0.0651
2026-01-06,146.7096495535717,146.7096495535717,-0.1394
2026-01-07,146.67250701530637,146.67250701530637,-0.0253
2026-01-08,146.90436649659893,146.90436649659893,0.1581
2026-01-09,147.0461834608846,147.0461834608846,0.0965
2026-01-12,147.0608153698982,147.0608153698982,0.01
2026-01-13,147.1880004251703,147.1880004251703,0.0865
2026-01-14,147.25328125000024,147.25328125000024,0.0444
2026-01-15,147.36921099064648,147.36921099064648,0.0787
2026-01-16,147.46488116496622,147.46488116496622,0.0649
2026-01-19,147.5031492346941,147.5031492346941,0.026
2026-01-20,147.7969129464288,147.7969129464288,0.1992
2026-01-21,147.93535331632677,147.93535331632677,0.0937
2026-01-22,147.85206398809547,147.85206398809547,-0.0563
2026-01-23,147.85318951955807,147.85318951955807,0.0008
2026-01-26,147.91734481292542,147.91734481292542,0.0434
2026-01-27,147.86219377125877,147.86219377125877,-0.0373
2026-01-28,147.95786394557848,147.95786394557848,0.0647
2026-01-29,148.0253958333336,148.0253958333336,0.0456
2026-01-30,148.09630431547646,148.09630431547646,0.0479
2026-02-02,148.10418303571456,148.10418303571456,0.0053
2026-02-03,148.08167240646284,148.08167240646284,-0.0152
2026-02-04,148.02764689625874,148.02764689625874,-0.0365
2026-02-05,148.2347446853744,148.2347446853744,0.1399
2026-02-06,148.35967867772135,148.35967867772135,0.0843
2026-02-09,148.4249595025513,148.4249595025513,0.044
2026-02-10,148.45985097789142,148.45985097789142,0.0235
2026-02-11,148.55889774659894,148.55889774659894,0.0667
2026-02-12,148.6759530187078,148.6759530187078,0.0788
2026-02-13,148.61967644557856,148.61967644557856,-0.0379
2026-02-24,148.6072955994901,148.6072955994901,-0.0083
2026-02-25,148.36418080357174,148.36418080357174,-0.1636
2026-02-26,148.1615851403064,148.1615851403064,-0.1366
2026-02-27,148.33041485969417,148.33041485969417,0.1139
2026-03-02,148.51950414540846,148.51950414540846,0.1275
2026-03-03,148.59153815901388,148.59153815901388,0.0485
2026-03-04,148.6039190051023,148.6039190051023,0.0083
2026-03-05,148.60279347363974,148.60279347363974,-0.0008
2026-03-06,148.6523168579935,148.6523168579935,0.0333
2026-03-09,148.28764466411593,148.28764466411593,-0.2453
2026-03-10,148.32478720238126,148.32478720238126,0.025
2026-03-11,148.31803401360574,148.31803401360574,-0.0046
2026-03-12,148.38444036989824,148.38444036989824,0.0448
2026-03-13,148.36643186649684,148.36643186649684,-0.0121
2026-03-16,148.08392346938803,148.08392346938803,-0.1904
2026-03-17,148.15820854591863,148.15820854591863,0.0502
2026-03-18,148.36980846088463,148.36980846088463,0.1428
2026-03-19,148.4260850340139,148.4260850340139,0.0379
2026-03-20,148.2617574404765,148.2617574404765,-0.1107
2026-03-23,148.10868516156492,148.10868516156492,-0.1032
2026-03-24,148.22911702806152,148.22911702806152,0.0813
2026-03-25,148.31915954506832,148.31915954506832,0.0607
2026-03-26,148.42608503401394,148.42608503401394,0.0721
2026-03-27,148.41595525085066,148.41595525085066,-0.0068
2026-03-30,148.59491475340167,148.59491475340167,0.1206
2026-03-31,148.62755516581663,148.62755516581663,0.022
2026-04-01,148.45309778911596,148.45309778911596,-0.1174
2026-04-02,148.526257334184,148.526257334184,0.0493
2026-04-03,148.53301052295953,148.53301052295953,0.0045
2026-04-07,148.59266369047654,148.59266369047654,0.0402
2026-04-08,148.57915731292553,148.57915731292553,-0.0091
2026-04-09,148.6624466411568,148.6624466411568,0.0561
2026-04-10,148.68045514455818,148.68045514455818,0.0121
2026-04-13,148.78400403911598,148.78400403911598,0.0696
2026-04-14,149.02374224064658,149.02374224064658,0.1611
2026-04-15,149.0451273384357,149.0451273384357,0.0144
2026-04-16,149.06426137329962,149.06426137329962,0.0128
2026-04-17,149.28486553996626,149.28486553996626,0.148
2026-04-20,149.2972463860547,149.2972463860547,0.0083
2026-04-21,149.3659038052724,149.3659038052724,0.046
2026-04-22,149.55836968537446,149.55836968537446,0.1289
2026-04-23,149.45369525935408,149.45369525935408,-0.07
2026-04-24,149.33326339285748,149.33326339285748,-0.0806
2026-04-27,149.00798480017042,149.00798480017042,-0.2178
2026-04-28,149.22408684098673,149.22408684098673,0.145
2026-04-29,149.3085017006806,149.3085017006806,0.0566
2026-04-30,149.3096272321432,149.3096272321432,0.0008
2026-05-06,149.16555920493232,149.16555920493232,-0.0965
2026-05-07,149.1835677083337,149.1835677083337,0.0121
2026-05-08,149.28261447704122,149.28261447704122,0.0664
2026-05-11,149.34226764455823,149.34226764455823,0.04
2026-05-12,149.4852101403065,149.4852101403065,0.0957
2026-05-13,149.54598883928608,149.54598883928608,0.0407
2026-05-14,149.50096758078269,149.50096758078269,-0.0301
2026-05-15,149.55049096513645,149.55049096513645,0.0331
2026-05-18,149.6427845450684,149.6427845450684,0.0617
2026-05-19,149.81161426445615,149.81161426445615,0.1128
2026-05-20,149.81273979591876,149.81273979591876,0.0008
2026-05-21,149.67204836309563,149.67204836309563,-0.0939
2026-05-22,149.6191483843541,149.6191483843541,-0.0353
2026-05-25,149.67992708333372,149.67992708333372,0.0406
2026-05-26,149.7519610969392,149.7519610969392,0.0481
2026-05-27,149.9680631377555,149.9680631377555,0.1443
2026-05-28,150.18191411564663,150.18191411564663,0.1426
2026-05-29,150.21905665391196,150.21905665391196,0.0247
2026-06-01,150.31247576530652,150.31247576530652,0.0622
2026-06-02,150.3676268069732,150.3676268069732,0.0367
2026-06-03,150.2978438562929,150.2978438562929,-0.0464
2026-06-04,150.3597480867351,150.3597480867351,0.0412
2026-06-05,150.2899651360548,150.2899651360548,-0.0464
2026-06-08,150.09637372449018,150.09637372449018,-0.1288
2026-06-09,149.928669536565,149.928669536565,-0.1117
2026-06-10,149.81949298469428,149.81949298469428,-0.0728
2026-06-11,149.65966751700716,149.65966751700716,-0.1067
2026-06-12,149.7395802508507,149.7395802508507,0.0534
2026-06-15,149.83975255102078,149.83975255102078,0.0669
2026-06-16,150.0277163052725,150.0277163052725,0.1254
2026-06-17,150.17741198979633,150.17741198979633,0.0998
2026-06-18,150.1920438988099,150.1920438988099,0.0097
2026-06-22,150.16615667517047,150.16615667517047,-0.0172
2026-06-23,149.97031420068066,149.97031420068066,-0.1304
2026-06-24,150.1110056335038,150.1110056335038,0.0938
2026-06-25,150.2224332482997,150.2224332482997,0.0742
2026-06-26,150.28208641581668,150.28208641581668,0.0397
2026-06-29,150.47792889030646,150.47792889030646,0.1303
2026-06-30,150.3473672406466,150.3473672406466,-0.0868
2026-07-01,150.1301396683677,150.1301396683677,-0.1445
2026-07-02,150.24832047193914,150.24832047193914,0.0787
2026-07-03,150.20892687074863,150.20892687074863,-0.0262
2026-07-06,150.3338608630956,150.3338608630956,0.0832
2026-07-07,150.35299489795955,150.35299489795955,0.0127
2026-07-08,150.41940125425205,150.41940125425205,0.0442
2026-07-09,150.4542927295922,150.4542927295922,0.0232
2026-07-10,150.44078635204116,150.44078635204116,-0.009
2026-07-13,150.41940125425202,150.41940125425202,-0.0142
2026-07-14,150.3912629676874,150.3912629676874,-0.0187
2026-07-15,150.4374097576534,150.4374097576534,0.0307
2026-07-16,150.4239033801024,150.4239033801024,-0.009
2026-07-17,150.47342676445615,150.47342676445615,0.0329
2026-07-20,150.47342676445615,150.47342676445615,0.0
2026-07-21,150.49368633078268,150.49368633078268,0.0135
2026-07-22,150.6197458545922,150.6197458545922,0.0838
2026-07-23,150.603988414116,150.603988414116,-0.0105
2026-07-24,150.69515646258543,150.69515646258543,0.0605
2026-07-27,150.7041607142861,150.7041607142861,0.006
2026-07-28,150.67939902210924,150.67939902210924,-0.0164
2026-07-29,150.68727774234733,150.68727774234733,0.0052
2026-07-30,150.80996067176912,150.80996067176912,0.0814
2026-07-31,150.9371457270412,150.9371457270412,0.0843
2026-08-03,150.9382712585038,150.9382712585038,0.0007
2026-08-04,151.0181839923473,151.0181839923473,0.0529
2026-08-05,151.02606271258537,151.02606271258537,0.0052
2026-08-06,151.01593292942212,151.01593292942212,-0.0067
2026-08-07,151.08909247449014,151.08909247449014,0.0484
2026-08-10,151.15212223639492,151.15212223639492,0.0417
2026-08-11,151.10372438350376,151.10372438350376,-0.032
2026-08-12,151.1127286352044,151.1127286352044,0.006
2026-08-13,151.1825115858847,151.1825115858847,0.0462
2026-08-14,151.35809449404798,151.35809449404798,0.1161
2026-08-17,151.3625966198983,151.3625966198983,0.003
2026-08-18,151.49203273809562,151.49203273809562,0.0855
2026-08-19,151.43575616496636,151.43575616496636,-0.0371
2026-08-20,151.3051945153065,151.3051945153065,-0.0862
2026-08-21,151.37272640306162,151.37272640306162,0.0446
2026-08-24,151.46614551445617,151.46614551445617,0.0617
2026-08-25,151.4717731717691,151.4717731717691,0.0037
2026-08-26,151.39298596938815,151.39298596938815,-0.052
2026-08-27,151.19039030612282,151.19039030612282,-0.1338
2026-08-28,151.25004347363983,151.25004347363983,0.0395
2026-08-31,151.29281366921808,151.29281366921808,0.0283
2026-09-01,151.39298596938815,151.39298596938815,0.0662
2026-09-02,151.3974880952385,151.3974880952385,0.003
2026-09-03,151.4807774234698,151.4807774234698,0.055
2026-09-04,151.49991145833374,151.49991145833374,0.0126
2026-09-07,151.51229230442217,151.51229230442217,0.0082
2026-09-08,151.51341783588475,151.51341783588475,0.0007
2026-09-09,151.55393696853784,151.55393696853784,0.0267
2026-09-10,151.50891571003442,151.50891571003442,-0.0297
2026-09-11,151.47064764030654,151.47064764030654,-0.0253
2026-09-14,151.47740082908206,151.47740082908206,0.0045
2026-09-15,151.54718377976235,151.54718377976235,0.0461
2026-09-16,151.57757312925213,151.57757312925213,0.0201
2026-09-17,151.6034603528916,151.6034603528916,0.0171
2026-09-18,151.65298373724536,151.65298373724536,0.0327
