date,open,close,high,low,vol
2013-10-28,0.243,0.24,0.243,0.240,683645.000
2013-10-29,0.239,0.238,0.243,0.233,321852.000
2013-10-30,0.238,0.241,0.241,0.238,188323.000
2013-10-31,0.241,0.236,0.241,0.235,48462.000
2013-11-01,0.235,0.239,0.240,0.235,69316.000
2013-11-04,0.239,0.234,0.239,0.234,99348.000
2013-11-05,0.232,0.235,0.235,0.231,133686.000
2013-11-06,0.234,0.231,0.234,0.231,61142.000
2013-11-07,0.230,0.227,0.230,0.225,81811.000
2013-11-08,0.225,0.223,0.227,0.223,59876.000
2013-11-11,0.210,0.23,0.230,0.210,67117.000
2013-11-12,0.230,0.233,0.234,0.230,73821.000
2013-11-13,0.233,0.229,0.233,0.228,29643.000
2013-11-14,0.229,0.232,0.235,0.229,48820.000
2013-11-15,0.233,0.234,0.237,0.233,63717.000
2013-11-18,0.234,0.235,0.237,0.234,47067.000
2013-11-19,0.235,0.234,0.235,0.234,15831.000
2013-11-20,0.235,0.235,0.236,0.233,13284.000
2013-11-21,0.233,0.235,0.235,0.233,24859.000
2013-11-22,0.235,0.233,0.235,0.232,30279.000
2013-11-25,0.232,0.234,0.234,0.232,25072.000
2013-11-26,0.233,0.233,0.235,0.233,36312.000
2013-11-27,0.234,0.235,0.236,0.233,44435.000
2013-11-28,0.235,0.237,0.238,0.235,57627.000
2013-11-29,0.236,0.238,0.240,0.236,81095.000
2013-12-02,0.236,0.232,0.238,0.232,51396.000
2013-12-03,0.232,0.237,0.239,0.232,37568.000
2013-12-04,0.238,0.24,0.242,0.237,62465.000
2013-12-05,0.241,0.241,0.241,0.239,22003.000
2013-12-06,0.240,0.241,0.242,0.240,23659.000
2013-12-09,0.242,0.24,0.243,0.239,15651.000
2013-12-10,0.240,0.238,0.240,0.237,23222.000
2013-12-11,0.237,0.236,0.237,0.235,16857.000
2013-12-12,0.237,0.239,0.239,0.236,9564.000
2013-12-13,0.236,0.238,0.239,0.236,22952.000
2013-12-16,0.238,0.235,0.239,0.235,26337.000
2013-12-17,0.234,0.236,0.237,0.234,29474.000
2013-12-18,0.236,0.237,0.238,0.236,14371.000
2013-12-19,0.237,0.234,0.237,0.234,54436.000
2013-12-20,0.234,0.232,0.235,0.231,40215.000
2013-12-23,0.235,0.238,0.239,0.232,27708.000
2013-12-24,0.239,0.238,0.239,0.236,11741.000
2013-12-25,0.237,0.237,0.238,0.236,16165.000
2013-12-26,0.237,0.237,0.238,0.236,38513.000
2013-12-27,0.238,0.238,0.239,0.236,12171.000
2013-12-30,0.237,0.237,0.239,0.237,30442.000
2013-12-31,0.238,0.239,0.241,0.238,25733.000
2014-01-02,0.240,0.244,0.245,0.238,99366.000
2014-01-03,0.244,0.242,0.245,0.242,22182.000
2014-01-06,0.240,0.237,0.240,0.237,11178.000
2014-01-07,0.237,0.238,0.240,0.236,32128.000
2014-01-08,0.238,0.24,0.241,0.238,25466.000
2014-01-09,0.239,0.239,0.242,0.238,22347.000
2014-01-10,0.238,0.234,0.239,0.234,14910.000
2014-01-13,0.235,0.232,0.235,0.231,6834.000
2014-01-14,0.232,0.233,0.234,0.230,22920.000
2014-01-15,0.235,0.236,0.236,0.234,15891.000
2014-01-16,0.236,0.235,0.236,0.234,6478.000
2014-01-17,0.234,0.231,0.234,0.231,7967.000
2014-01-20,0.230,0.227,0.230,0.225,11843.000
2014-01-21,0.229,0.229,0.230,0.228,5476.000
2014-01-22,0.229,0.233,0.233,0.229,13267.000
2014-01-23,0.233,0.233,0.233,0.231,14385.000
2014-01-24,0.233,0.233,0.234,0.231,7935.000
2014-01-27,0.234,0.229,0.235,0.229,24109.000
2014-01-28,0.230,0.23,0.231,0.228,43678.000
2014-01-29,0.231,0.231,0.231,0.230,10061.000
2014-01-30,0.231,0.23,0.231,0.230,3880.000
2014-02-07,0.229,0.228,0.229,0.228,5100.000
2014-02-10,0.228,0.236,0.236,0.228,20070.000
2014-02-11,0.236,0.237,0.240,0.236,62378.000
2014-02-12,0.238,0.238,0.238,0.236,32567.000
2014-02-13,0.238,0.234,0.239,0.233,9950.000
2014-02-14,0.234,0.237,0.237,0.234,12818.000
2014-02-17,0.238,0.239,0.239,0.237,40769.000
2014-02-18,0.238,0.238,0.240,0.238,51566.000
2014-02-19,0.238,0.241,0.242,0.238,59766.000
2014-02-20,0.241,0.239,0.242,0.238,58442.000
2014-02-21,0.240,0.238,0.240,0.237,23088.000
2014-02-24,0.236,0.238,0.239,0.234,49786.000
2014-02-25,0.238,0.232,0.241,0.231,55596.000
2014-02-26,0.231,0.233,0.233,0.229,23524.000
2014-02-27,0.232,0.226,0.234,0.225,23618.000
2014-02-28,0.231,0.227,0.231,0.224,20677.000
2014-03-03,0.227,0.228,0.228,0.227,4819.000
2014-03-04,0.227,0.227,0.227,0.224,11279.000
2014-03-05,0.227,0.224,0.227,0.223,7509.000
2014-03-06,0.223,0.222,0.223,0.219,18754.000
2014-03-07,0.222,0.225,0.226,0.221,10368.000
2014-03-10,0.224,0.22,0.224,0.220,12126.000
2014-03-11,0.220,0.222,0.223,0.220,5967.000
2014-03-12,0.224,0.223,0.225,0.221,15253.000
2014-03-13,0.223,0.225,0.226,0.223,13375.000
2014-03-14,0.225,0.224,0.225,0.222,13679.000
2014-03-17,0.224,0.226,0.226,0.224,6539.000
2014-03-18,0.226,0.227,0.228,0.226,12270.000
2014-03-19,0.227,0.224,0.227,0.223,2104.000
2014-03-20,0.224,0.218,0.224,0.218,9524.000
2014-03-21,0.218,0.221,0.221,0.215,10494.000
2014-03-24,0.224,0.22,0.229,0.218,6835.000
2014-03-25,0.218,0.219,0.220,0.218,2292.000
2014-03-26,0.220,0.223,0.224,0.220,13244.000
2014-03-27,0.221,0.22,0.222,0.219,6890.000
2014-03-28,0.220,0.216,0.220,0.215,8343.000
2014-03-31,0.218,0.214,0.218,0.213,11057.000
2014-04-01,0.215,0.216,0.216,0.215,1767.000
2014-04-02,0.215,0.214,0.216,0.213,9292.000
2014-04-03,0.214,0.214,0.216,0.214,4761.000
2014-04-04,0.214,0.216,0.216,0.213,6897.000
2014-04-08,0.215,0.22,0.221,0.215,21546.000
2014-04-09,0.220,0.221,0.222,0.219,5965.000
2014-04-10,0.219,0.221,0.221,0.219,7996.000
2014-04-11,0.222,0.224,0.225,0.222,14472.000
2014-04-14,0.224,0.224,0.224,0.223,6686.000
2014-04-15,0.224,0.221,0.224,0.221,8053.000
2014-04-16,0.219,0.221,0.221,0.219,19650.000
2014-04-17,0.221,0.22,0.221,0.220,2034.000
2014-04-18,0.224,0.22,0.224,0.215,7099.000
2014-04-21,0.218,0.217,0.220,0.217,37532.000
2014-04-22,0.217,0.216,0.217,0.214,16256.000
2014-04-23,0.215,0.215,0.216,0.214,3095.000
2014-04-24,0.214,0.213,0.215,0.213,10615.000
2014-04-25,0.213,0.211,0.213,0.210,8290.000
2014-04-28,0.210,0.206,0.211,0.206,17796.000
2014-04-29,0.207,0.207,0.213,0.203,3451.000
2014-04-30,0.211,0.21,0.211,0.207,8348.000
2014-05-05,0.201,0.212,0.212,0.201,7786.000
2014-05-06,0.211,0.212,0.213,0.211,9028.000
2014-05-07,0.211,0.21,0.212,0.209,6966.000
2014-05-08,0.209,0.21,0.211,0.209,6810.000
2014-05-09,0.210,0.21,0.210,0.209,13867.000
2014-05-12,0.210,0.213,0.213,0.209,15461.000
2014-05-13,0.209,0.212,0.212,0.209,5190.000
2014-05-14,0.212,0.212,0.213,0.212,4509.000
2014-05-15,0.211,0.209,0.211,0.209,3722.000
2014-05-16,0.210,0.208,0.210,0.207,5782.000
2014-05-19,0.205,0.205,0.207,0.203,10463.000
2014-05-20,0.206,0.205,0.206,0.204,6483.000
2014-05-21,0.204,0.206,0.206,0.203,5389.000
2014-05-22,0.206,0.205,0.208,0.205,8072.000
2014-05-23,0.203,0.207,0.207,0.203,26973.000
2014-05-26,0.207,0.21,0.211,0.207,13343.000
2014-05-27,0.210,0.21,0.211,0.209,7462.000
2014-05-28,0.211,0.211,0.211,0.209,2442.000
2014-05-29,0.211,0.21,0.213,0.210,21972.000
2014-05-30,0.210,0.21,0.210,0.209,6442.000
2014-06-03,0.210,0.21,0.211,0.210,2336.000
2014-06-04,0.209,0.207,0.209,0.206,7377.000
2014-06-05,0.205,0.209,0.209,0.205,8192.000
2014-06-06,0.209,0.209,0.210,0.208,2135.000
2014-06-09,0.208,0.209,0.210,0.208,3469.000
2014-06-10,0.203,0.21,0.210,0.203,8677.000
2014-06-11,0.210,0.213,0.213,0.210,19383.000
2014-06-12,0.210,0.212,0.212,0.210,11250.000
2014-06-13,0.211,0.212,0.213,0.210,3945.000
2014-06-16,0.211,0.211,0.212,0.211,3172.000
2014-06-17,0.211,0.211,0.212,0.211,21890.000
2014-06-18,0.212,0.211,0.212,0.210,19426.000
2014-06-19,0.210,0.207,0.210,0.206,5219.000
2014-06-20,0.207,0.207,0.208,0.206,2889.000
2014-06-23,0.208,0.206,0.208,0.206,5326.000
2014-06-24,0.208,0.209,0.209,0.208,14918.000
2014-06-25,0.208,0.209,0.209,0.208,13543.000
2014-06-26,0.209,0.21,0.210,0.209,5536.000
2014-06-27,0.210,0.212,0.212,0.210,27719.000
2014-06-30,0.212,0.213,0.213,0.212,21504.000
2014-07-01,0.213,0.212,0.213,0.211,1465.000
2014-07-02,0.212,0.212,0.212,0.210,3358.000
2014-07-03,0.211,0.215,0.215,0.211,12506.000
2014-07-04,0.213,0.212,0.214,0.212,6436.000
2014-07-07,0.212,0.211,0.213,0.211,15809.000
2014-07-08,0.208,0.211,0.212,0.208,5031.000
2014-07-09,0.213,0.208,0.213,0.208,7322.000
2014-07-10,0.208,0.207,0.209,0.207,6354.000
2014-07-11,0.208,0.208,0.209,0.207,18401.000
2014-07-14,0.208,0.209,0.209,0.206,4584.000
2014-07-15,0.209,0.212,0.212,0.209,10760.000
2014-07-16,0.212,0.21,0.214,0.210,14624.000
2014-07-17,0.210,0.209,0.210,0.208,3325.000
2014-07-18,0.211,0.21,0.211,0.209,3516.000
2014-07-21,0.210,0.212,0.212,0.209,13979.000
2014-07-22,0.212,0.213,0.213,0.211,29866.000
2014-07-23,0.212,0.211,0.213,0.210,8085.000
2014-07-24,0.211,0.212,0.214,0.210,13412.000
2014-07-25,0.212,0.214,0.214,0.212,21180.000
2014-07-28,0.213,0.217,0.218,0.213,22897.000
2014-07-29,0.217,0.218,0.220,0.216,12703.000
2014-07-30,0.218,0.219,0.220,0.218,24564.000
2014-07-31,0.221,0.22,0.221,0.219,13436.000
2014-08-01,0.220,0.223,0.226,0.220,29133.000
2014-08-04,0.224,0.223,0.225,0.222,8155.000
2014-08-05,0.223,0.223,0.223,0.221,10677.000
2014-08-06,0.220,0.222,0.223,0.220,23762.000
2014-08-07,0.222,0.219,0.222,0.219,20693.000
2014-08-08,0.221,0.22,0.221,0.219,4657.000
2014-08-11,0.220,0.222,0.223,0.220,8222.000
2014-08-12,0.222,0.222,0.222,0.220,6519.000
2014-08-13,0.221,0.221,0.222,0.220,4821.000
2014-08-14,0.220,0.219,0.222,0.219,19016.000
2014-08-15,0.219,0.221,0.222,0.219,4731.000
2014-08-18,0.219,0.223,0.224,0.219,20322.000
2014-08-19,0.224,0.223,0.224,0.220,10459.000
2014-08-20,0.222,0.222,0.223,0.221,12325.000
2014-08-21,0.222,0.22,0.222,0.220,6972.000
2014-08-22,0.222,0.222,0.222,0.221,12437.000
2014-08-25,0.222,0.221,0.222,0.220,14450.000
2014-08-26,0.220,0.218,0.220,0.217,14141.000
2014-08-27,0.218,0.217,0.218,0.217,4970.000
2014-08-28,0.218,0.217,0.218,0.215,15895.000
2014-08-29,0.218,0.218,0.218,0.216,7124.000
2014-09-01,0.219,0.22,0.220,0.218,16440.000
2014-09-02,0.220,0.221,0.221,0.218,26424.000
2014-09-03,0.221,0.222,0.223,0.221,21128.000
2014-09-04,0.223,0.223,0.223,0.222,19186.000
2014-09-05,0.223,0.225,0.225,0.223,15745.000
2014-09-09,0.225,0.225,0.226,0.223,9714.000
2014-09-10,0.224,0.224,0.225,0.224,4701.000
2014-09-11,0.224,0.223,0.226,0.222,10820.000
2014-09-12,0.223,0.224,0.224,0.222,5863.000
2014-09-15,0.224,0.224,0.225,0.223,7429.000
2014-09-16,0.225,0.221,0.226,0.220,12886.000
2014-09-17,0.220,0.223,0.223,0.220,12513.000
2014-09-18,0.223,0.226,0.226,0.223,87569.000
2014-09-19,0.226,0.228,0.228,0.225,13623.000
2014-09-22,0.226,0.225,0.227,0.225,25510.000
2014-09-23,0.225,0.228,0.229,0.224,73202.000
2014-09-24,0.225,0.229,0.230,0.225,17835.000
2014-09-25,0.230,0.228,0.230,0.228,13706.000
2014-09-26,0.226,0.228,0.230,0.226,1971.000
2014-09-29,0.232,0.23,0.232,0.228,6416.000
2014-09-30,0.230,0.232,0.233,0.230,15484.000
2014-10-08,0.231,0.242,0.242,0.231,41820.000
2014-10-09,0.242,0.24,0.242,0.237,40024.000
2014-10-10,0.236,0.24,0.240,0.236,9444.000
2014-10-13,0.236,0.241,0.242,0.236,53098.000
2014-10-14,0.242,0.237,0.242,0.237,5967.000
2014-10-15,0.237,0.244,0.245,0.236,48999.000
2014-10-16,0.244,0.242,0.251,0.241,89608.000
2014-10-17,0.242,0.241,0.242,0.238,9204.000
2014-10-20,0.243,0.244,0.246,0.243,7971.000
2014-10-21,0.243,0.24,0.243,0.239,16948.000
2014-10-22,0.240,0.236,0.240,0.235,4854.000
2014-10-23,0.236,0.233,0.237,0.232,7036.000
2014-10-24,0.233,0.232,0.233,0.231,4652.000
2014-10-27,0.232,0.233,0.233,0.231,5723.000
2014-10-28,0.235,0.238,0.238,0.235,6060.000
2014-10-29,0.240,0.24,0.240,0.238,5813.000
2014-10-30,0.239,0.24,0.242,0.239,9050.000
2014-10-31,0.240,0.239,0.242,0.238,2657.000
2014-11-03,0.240,0.239,0.240,0.238,15053.000
2014-11-04,0.238,0.237,0.240,0.236,3865.000
2014-11-05,0.236,0.236,0.237,0.233,5458.000
2014-11-06,0.236,0.237,0.237,0.234,6415.000
2014-11-07,0.237,0.236,0.238,0.235,8618.000
2014-11-10,0.236,0.237,0.237,0.234,4857.000
2014-11-11,0.237,0.234,0.238,0.233,5711.000
2014-11-12,0.236,0.237,0.238,0.234,15455.000
2014-11-13,0.236,0.235,0.237,0.234,5360.000
2014-11-14,0.235,0.239,0.244,0.235,16487.000
2014-11-17,0.240,0.24,0.242,0.239,9965.000
2014-11-18,0.240,0.238,0.240,0.238,2375.000
2014-11-19,0.240,0.24,0.240,0.238,4925.000
2014-11-20,0.238,0.237,0.238,0.236,4615.000
2014-11-21,0.238,0.24,0.240,0.238,6462.000
2014-11-24,0.241,0.241,0.242,0.239,13978.000
2014-11-25,0.241,0.24,0.243,0.240,22651.000
2014-11-26,0.242,0.244,0.244,0.240,29795.000
2014-11-27,0.244,0.244,0.244,0.242,24722.000
2014-11-28,0.244,0.243,0.244,0.241,7382.000
2014-12-01,0.245,0.247,0.248,0.240,26129.000
2014-12-02,0.245,0.248,0.250,0.245,42505.000
2014-12-03,0.248,0.25,0.251,0.246,62452.000
2014-12-04,0.248,0.254,0.256,0.248,79215.000
2014-12-05,0.254,0.253,0.257,0.248,49692.000
2014-12-08,0.249,0.25,0.254,0.246,56047.000
2014-12-09,0.250,0.25,0.257,0.247,93995.000
2014-12-10,0.247,0.255,0.258,0.246,24407.000
2014-12-11,0.255,0.253,0.258,0.250,15886.000
2014-12-12,0.250,0.255,0.258,0.250,25871.000
2014-12-15,0.257,0.261,0.262,0.255,47798.000
2014-12-16,0.260,0.258,0.263,0.256,21288.000
2014-12-17,0.258,0.253,0.260,0.247,9419.000
2014-12-18,0.251,0.251,0.254,0.250,22390.000
2014-12-19,0.248,0.247,0.254,0.246,16461.000
2014-12-22,0.247,0.243,0.247,0.240,10101.000
2014-12-23,0.243,0.242,0.250,0.241,15353.000
2014-12-24,0.244,0.243,0.244,0.243,3415.000
2014-12-25,0.246,0.245,0.246,0.244,1906.000
2014-12-26,0.247,0.25,0.250,0.244,5303.000
2014-12-29,0.250,0.249,0.250,0.245,7653.000
2014-12-30,0.250,0.247,0.250,0.245,4112.000
2014-12-31,0.247,0.247,0.248,0.243,3842.000
2015-01-05,0.246,0.257,0.258,0.246,106154.000
2015-01-06,0.255,0.266,0.270,0.255,93823.000
2015-01-07,0.263,0.261,0.266,0.259,30179.000
2015-01-08,0.259,0.261,0.266,0.258,22507.000
2015-01-09,0.260,0.259,0.261,0.258,15841.000
2015-01-12,0.260,0.258,0.260,0.253,14570.000
2015-01-13,0.259,0.261,0.264,0.258,17613.000
2015-01-14,0.260,0.259,0.262,0.257,18630.000
2015-01-15,0.258,0.26,0.262,0.256,17643.000
2015-01-16,0.260,0.263,0.263,0.259,21927.000
2015-01-19,0.263,0.255,0.263,0.254,26617.000
2015-01-20,0.255,0.26,0.263,0.255,12956.000
2015-01-21,0.262,0.262,0.265,0.259,27213.000
2015-01-22,0.262,0.267,0.269,0.262,37132.000
2015-01-23,0.268,0.265,0.268,0.263,15201.000
2015-01-26,0.265,0.27,0.271,0.263,30396.000
2015-01-27,0.273,0.273,0.273,0.267,37092.000
2015-01-28,0.270,0.271,0.272,0.268,9952.000
2015-01-29,0.270,0.266,0.270,0.266,9566.000
2015-01-30,0.266,0.266,0.272,0.264,7204.000
2015-02-02,0.263,0.265,0.265,0.259,5463.000
2015-02-03,0.265,0.263,0.265,0.262,55601.000
2015-02-04,0.261,0.26,0.263,0.260,5625.000
2015-02-05,0.261,0.26,0.261,0.259,9442.000
2015-02-06,0.257,0.255,0.260,0.255,4945.000
2015-02-09,0.260,0.255,0.260,0.255,5671.000
2015-02-10,0.255,0.255,0.256,0.254,9068.000
2015-02-11,0.256,0.258,0.259,0.256,8341.000
2015-02-12,0.258,0.26,0.260,0.256,7364.000
2015-02-13,0.259,0.262,0.266,0.259,21364.000
2015-02-16,0.260,0.264,0.264,0.260,6006.000
2015-02-17,0.264,0.265,0.265,0.264,9163.000
2015-02-25,0.267,0.266,0.269,0.263,16336.000
2015-02-26,0.266,0.266,0.267,0.264,6615.000
2015-02-27,0.266,0.267,0.268,0.265,15833.000
2015-03-02,0.267,0.268,0.269,0.264,18658.000
2015-03-03,0.265,0.265,0.270,0.265,17350.000
2015-03-04,0.265,0.273,0.275,0.265,36979.000
2015-03-05,0.275,0.274,0.277,0.270,27042.000
2015-03-06,0.272,0.268,0.274,0.267,22762.000
2015-03-09,0.266,0.272,0.272,0.265,10252.000
2015-03-10,0.272,0.273,0.275,0.270,19072.000
2015-03-11,0.274,0.272,0.275,0.271,15467.000
2015-03-12,0.270,0.272,0.275,0.270,12549.000
2015-03-13,0.272,0.275,0.275,0.268,18348.000
2015-03-16,0.276,0.284,0.285,0.272,39960.000
2015-03-17,0.280,0.282,0.284,0.280,21396.000
2015-03-18,0.281,0.287,0.288,0.280,25729.000
2015-03-19,0.281,0.283,0.287,0.281,7726.000
2015-03-20,0.284,0.305,0.308,0.283,13338.000
2015-03-23,0.293,0.292,0.300,0.290,81653.000
2015-03-24,0.292,0.296,0.298,0.285,33972.000
2015-03-25,0.296,0.298,0.300,0.291,28491.000
2015-03-26,0.298,0.294,0.298,0.293,8230.000
2015-03-27,0.293,0.295,0.299,0.292,14428.560
2015-03-30,0.297,0.302,0.303,0.296,20461.000
2015-03-31,0.302,0.299,0.303,0.296,32110.000
2015-04-01,0.302,0.305,0.307,0.299,37773.000
2015-04-02,0.308,0.308,0.312,0.307,9376.000
2015-04-03,0.308,0.31,0.310,0.305,7384.000
2015-04-07,0.310,0.319,0.319,0.310,24246.000
2015-04-08,0.320,0.314,0.324,0.312,42826.000
2015-04-09,0.314,0.311,0.315,0.303,23923.000
2015-04-10,0.314,0.321,0.322,0.306,25530.000
2015-04-13,0.322,0.336,0.345,0.322,32770.000
2015-04-14,0.336,0.338,0.345,0.330,20135.000
2015-04-15,0.336,0.327,0.336,0.325,14584.000
2015-04-16,0.323,0.328,0.335,0.315,10145.000
2015-04-17,0.335,0.331,0.335,0.322,25016.000
2015-04-20,0.330,0.321,0.330,0.320,17046.000
2015-04-21,0.321,0.325,0.326,0.320,12991.000
2015-04-22,0.327,0.336,0.336,0.327,26506.000
2015-04-23,0.336,0.335,0.339,0.333,18566.000
2015-04-24,0.333,0.338,0.338,0.327,30123.000
2015-04-27,0.338,0.34,0.342,0.335,20417.000
2015-04-28,0.340,0.33,0.343,0.325,13882.000
2015-04-29,0.325,0.335,0.339,0.325,14645.000
2015-04-30,0.338,0.334,0.340,0.334,7249.000
2015-05-04,0.334,0.335,0.336,0.331,7624.000
2015-05-05,0.335,0.321,0.337,0.302,17368.000
2015-05-06,0.325,0.327,0.336,0.325,12196.000
2015-05-07,0.327,0.322,0.330,0.318,14343.000
2015-05-08,0.322,0.329,0.330,0.322,18289.000
2015-05-11,0.330,0.341,0.341,0.329,20048.000
2015-05-12,0.342,0.345,0.345,0.333,23090.000
2015-05-13,0.333,0.344,0.345,0.333,18020.000
2015-05-14,0.346,0.342,0.346,0.338,4686.000
2015-05-15,0.339,0.337,0.342,0.334,6383.000
2015-05-18,0.337,0.342,0.343,0.333,9890.000
2015-05-19,0.342,0.35,0.350,0.338,29790.000
2015-05-20,0.350,0.36,0.363,0.348,15759.000
2015-05-21,0.360,0.373,0.373,0.360,17032.000
2015-05-22,0.373,0.369,0.384,0.365,21053.000
2015-05-25,0.370,0.379,0.380,0.365,9222.000
2015-05-26,0.379,0.387,0.388,0.376,21462.000
2015-05-27,0.375,0.393,0.395,0.375,16959.000
2015-05-28,0.387,0.368,0.395,0.368,8407.000
2015-05-29,0.359,0.379,0.393,0.359,11408.000
2015-06-01,0.387,0.4,0.401,0.380,15422.000
2015-06-02,0.404,0.405,0.407,0.395,9781.000
2015-06-03,0.403,0.403,0.409,0.395,8551.000
2015-06-04,0.403,0.392,0.403,0.377,11332.000
2015-06-05,0.395,0.394,0.403,0.391,10086.000
2015-06-08,0.395,0.391,0.397,0.382,18414.000
2015-06-09,0.391,0.388,0.395,0.388,9080.000
2015-06-10,0.388,0.395,0.398,0.380,8032.000
2015-06-11,0.395,0.401,0.405,0.387,20707.000
2015-06-12,0.401,0.405,0.406,0.401,14041.000
2015-06-15,0.405,0.4,0.410,0.397,5635.000
2015-06-16,0.403,0.387,0.403,0.375,9287.000
2015-06-17,0.390,0.39,0.394,0.378,14221.000
2015-06-18,0.394,0.381,0.394,0.381,13492.000
2015-06-19,0.380,0.361,0.380,0.350,12174.000
2015-06-23,0.363,0.366,0.370,0.340,6342.000
2015-06-24,0.363,0.374,0.378,0.363,11140.000
2015-06-25,0.374,0.369,0.386,0.369,12091.000
2015-06-26,0.363,0.34,0.375,0.333,6949.000
2015-06-29,0.350,0.312,0.353,0.308,5904.000
2015-06-30,0.310,0.343,0.343,0.310,7691.000
2015-07-01,0.343,0.35,0.364,0.339,16930.000
2015-07-02,0.350,0.335,0.363,0.315,16787.000
2015-07-03,0.315,0.315,0.333,0.308,7020.000
2015-07-06,0.347,0.312,0.347,0.284,33235.000
2015-07-07,0.308,0.281,0.308,0.281,12949.000
2015-07-08,0.253,0.253,0.267,0.253,34287.000
2015-07-09,0.253,0.278,0.278,0.253,22220.000
2015-07-10,0.306,0.306,0.306,0.306,5635.000
2015-07-13,0.333,0.337,0.337,0.318,35596.000
2015-07-14,0.340,0.35,0.368,0.337,45480.000
2015-07-15,0.342,0.325,0.350,0.321,13610.000
2015-07-16,0.320,0.33,0.345,0.300,47494.000
2015-07-17,0.333,0.343,0.345,0.326,25760.000
2015-07-20,0.343,0.337,0.350,0.330,30471.000
2015-07-21,0.333,0.333,0.338,0.330,17471.000
2015-07-22,0.335,0.336,0.345,0.332,18470.000
2015-07-23,0.334,0.347,0.348,0.334,48317.000
2015-07-24,0.347,0.341,0.349,0.340,30899.000
2015-07-27,0.325,0.316,0.340,0.313,30022.000
2015-07-28,0.285,0.315,0.323,0.285,15628.000
2015-07-29,0.314,0.327,0.330,0.308,12515.000
2015-07-30,0.328,0.322,0.332,0.319,13000.000
2015-07-31,0.313,0.322,0.328,0.313,6562.000
2015-08-03,0.313,0.319,0.323,0.310,4851.000
2015-08-04,0.320,0.336,0.337,0.317,15574.000
2015-08-05,0.336,0.333,0.348,0.325,21846.000
2015-08-06,0.328,0.33,0.341,0.325,1306.000
2015-08-07,0.338,0.335,0.338,0.328,5153.000
2015-08-10,0.335,0.344,0.345,0.329,9797.000
2015-08-11,0.344,0.339,0.344,0.336,5055.000
2015-08-12,0.338,0.334,0.341,0.330,3622.000
2015-08-13,0.335,0.335,0.336,0.330,4372.000
2015-08-14,0.335,0.333,0.336,0.333,2922.000
2015-08-17,0.333,0.334,0.335,0.325,5447.000
2015-08-18,0.336,0.32,0.345,0.320,28883.000
2015-08-19,0.325,0.335,0.337,0.313,22017.000
2015-08-20,0.326,0.325,0.332,0.323,5713.000
2015-08-21,0.320,0.313,0.320,0.301,10766.000
2015-08-24,0.290,0.282,0.313,0.282,16935.000
2015-08-25,0.275,0.258,0.275,0.258,7297.000
2015-08-26,0.275,0.268,0.278,0.263,7977.000
2015-08-27,0.271,0.275,0.275,0.269,6800.000
2015-08-28,0.272,0.287,0.288,0.272,6975.000
2015-08-31,0.283,0.28,0.283,0.275,4097.000
2015-09-01,0.281,0.276,0.281,0.263,4228.000
2015-09-02,0.268,0.275,0.278,0.265,3714.000
2015-09-07,0.275,0.279,0.286,0.272,6018.000
2015-09-08,0.282,0.287,0.287,0.274,5872.000
2015-09-09,0.288,0.293,0.295,0.288,5386.000
2015-09-10,0.289,0.291,0.295,0.289,921.000
2015-09-11,0.290,0.289,0.292,0.284,2313.000
2015-09-14,0.281,0.276,0.293,0.275,3704.000
2015-09-15,0.276,0.265,0.276,0.263,2725.000
2015-09-16,0.274,0.284,0.285,0.266,3481.000
2015-09-17,0.278,0.275,0.285,0.274,2007.000
2015-09-18,0.270,0.279,0.282,0.270,1095.000
2015-09-21,0.266,0.284,0.284,0.266,4315.000
2015-09-22,0.284,0.284,0.284,0.280,4449.000
2015-09-23,0.284,0.281,0.284,0.277,940.000
2015-09-24,0.280,0.281,0.282,0.279,824.000
2015-09-25,0.275,0.274,0.281,0.274,1812.000
2015-09-28,0.272,0.278,0.278,0.272,1133.000
2015-09-29,0.272,0.274,0.277,0.266,2503.000
2015-09-30,0.271,0.272,0.275,0.271,1003.000
2015-10-08,0.288,0.289,0.299,0.286,11017.000
2015-10-09,0.288,0.287,0.288,0.281,3484.000
2015-10-12,0.285,0.296,0.298,0.285,8235.000
2015-10-13,0.293,0.294,0.295,0.293,4070.000
2015-10-14,0.293,0.291,0.294,0.288,4544.000
2015-10-15,0.294,0.296,0.297,0.288,2001.000
2015-10-16,0.296,0.296,0.298,0.293,4689.000
2015-10-19,0.293,0.296,0.296,0.293,2412.000
2015-10-20,0.295,0.296,0.296,0.293,2401.000
2015-10-21,0.294,0.287,0.300,0.285,6234.000
2015-10-22,0.292,0.298,0.298,0.288,7296.000
2015-10-23,0.303,0.311,0.320,0.302,16037.000
2015-10-26,0.313,0.314,0.314,0.308,13941.000
2015-10-27,0.308,0.313,0.316,0.305,7226.000
2015-10-28,0.309,0.306,0.314,0.306,2152.000
2015-10-29,0.306,0.307,0.310,0.306,2440.000
2015-10-30,0.305,0.306,0.314,0.300,9415.000
2015-11-02,0.303,0.304,0.311,0.303,3540.000
2015-11-03,0.307,0.302,0.307,0.301,2547.000
2015-11-04,0.306,0.312,0.312,0.305,5269.000
2015-11-05,0.310,0.313,0.315,0.308,9554.000
2015-11-06,0.315,0.317,0.318,0.313,9661.000
2015-11-09,0.316,0.319,0.321,0.316,5564.000
2015-11-10,0.319,0.321,0.322,0.313,3018.000
2015-11-11,0.319,0.316,0.320,0.313,2975.000
2015-11-12,0.320,0.321,0.322,0.317,5902.000
2015-11-13,0.321,0.315,0.321,0.313,1855.000
2015-11-16,0.311,0.316,0.316,0.311,1105.000
2015-11-17,0.316,0.315,0.320,0.314,1721.000
2015-11-18,0.313,0.31,0.313,0.310,1371.000
2015-11-19,0.310,0.313,0.315,0.310,1491.000
2015-11-20,0.318,0.315,0.318,0.313,2677.000
2015-11-23,0.315,0.316,0.319,0.315,547.000
2015-11-24,0.313,0.315,0.316,0.310,2448.000
2015-11-25,0.317,0.318,0.318,0.313,3189.000
2015-11-26,0.318,0.316,0.318,0.316,2725.000
2015-11-27,0.315,0.307,0.316,0.302,5672.000
2015-11-30,0.307,0.303,0.310,0.300,5005.000
2015-12-01,0.303,0.311,0.312,0.303,3782.000
2015-12-02,0.311,0.316,0.318,0.308,5676.000
2015-12-03,0.314,0.318,0.320,0.309,2320.000
2015-12-04,0.312,0.317,0.319,0.312,1176.000
2015-12-07,0.318,0.322,0.324,0.317,1516.000
2015-12-08,0.321,0.32,0.322,0.310,2086.000
2015-12-09,0.309,0.315,0.319,0.309,1463.000
2015-12-10,0.319,0.322,0.323,0.314,6356.000
2015-12-11,0.322,0.32,0.322,0.315,1033.000
2015-12-14,0.313,0.32,0.320,0.313,893.000
2015-12-15,0.320,0.32,0.320,0.320,602.000
2015-12-16,0.320,0.318,0.320,0.318,928.000
2015-12-17,0.322,0.324,0.324,0.318,3710.000
2015-12-18,0.324,0.323,0.327,0.323,2001.000
2015-12-21,0.323,0.339,0.339,0.323,8147.000
2015-12-22,0.339,0.339,0.340,0.331,3390.000
2015-12-23,0.334,0.336,0.350,0.334,2473.000
2015-12-24,0.331,0.33,0.337,0.328,1123.000
2015-12-25,0.334,0.329,0.334,0.328,592.000
2015-12-28,0.340,0.328,0.340,0.328,843.000
2015-12-29,0.333,0.328,0.333,0.326,1473.000
2015-12-30,0.326,0.334,0.338,0.326,862.000
2015-12-31,0.327,0.332,0.335,0.327,850.000
2016-01-04,0.326,0.325,0.332,0.325,2423.000
2016-01-05,0.311,0.323,0.325,0.311,762.000
2016-01-06,0.322,0.325,0.326,0.319,541.000
2016-01-07,0.315,0.315,0.315,0.315,81.000
2016-01-08,0.323,0.32,0.323,0.301,1666.000
2016-01-11,0.315,0.303,0.315,0.302,2389.000
2016-01-12,0.293,0.303,0.322,0.293,779.000
2016-01-13,0.300,0.302,0.318,0.288,9298.000
2016-01-14,0.295,0.296,0.300,0.283,6200.000
2016-01-15,0.289,0.279,0.289,0.275,4361.000
2016-01-18,0.282,0.28,0.282,0.271,1235.000
2016-01-19,0.282,0.287,0.287,0.277,3860.000
2016-01-20,0.287,0.286,0.287,0.280,4394.000
2016-01-21,0.290,0.281,0.290,0.279,349.000
2016-01-22,0.273,0.282,0.288,0.273,595.000
2016-01-25,0.288,0.285,0.288,0.273,328.000
2016-01-26,0.285,0.278,0.285,0.275,1688.000
2016-01-27,0.265,0.28,0.280,0.265,390.000
2016-01-28,0.280,0.27,0.280,0.266,1067.000
2016-01-29,0.275,0.278,0.278,0.266,769.000
2016-02-01,0.290,0.273,0.290,0.265,517.000
2016-02-02,0.285,0.28,0.285,0.270,305.000
2016-02-03,0.272,0.279,0.279,0.270,736.000
2016-02-04,0.280,0.288,0.291,0.277,3315.000
2016-02-05,0.285,0.283,0.285,0.277,634.000
2016-02-15,0.282,0.28,0.282,0.274,321.000
2016-02-16,0.283,0.283,0.284,0.278,1807.000
2016-02-17,0.283,0.282,0.283,0.280,3495.000
2016-02-18,0.280,0.278,0.282,0.278,3109.000
2016-02-19,0.275,0.276,0.278,0.275,1355.000
2016-02-22,0.280,0.282,0.282,0.277,4409.000
2016-02-23,0.282,0.28,0.282,0.278,770.000
2016-02-24,0.281,0.281,0.284,0.277,1792.000
2016-02-25,0.281,0.275,0.281,0.266,5827.000
2016-02-26,0.275,0.269,0.275,0.265,2424.000
2016-02-29,0.269,0.262,0.269,0.258,10523.000
2016-03-01,0.262,0.266,0.266,0.260,1411.000
2016-03-02,0.266,0.271,0.273,0.261,1413.000
2016-03-03,0.267,0.271,0.274,0.267,1565.000
2016-03-04,0.291,0.273,0.291,0.268,621.000
2016-03-07,0.283,0.271,0.283,0.264,800.000
2016-03-08,0.275,0.273,0.275,0.269,493.000
2016-03-09,0.268,0.273,0.274,0.267,257.000
2016-03-10,0.273,0.272,0.273,0.269,777.000
2016-03-11,0.270,0.271,0.271,0.270,65.000
2016-03-14,0.273,0.273,0.280,0.273,1442.000
2016-03-15,0.276,0.275,0.276,0.272,2206.000
2016-03-16,0.275,0.275,0.276,0.273,902.000
2016-03-17,0.275,0.277,0.277,0.275,1235.000
2016-03-18,0.277,0.28,0.283,0.277,2697.000
2016-03-21,0.287,0.284,0.287,0.281,1450.000
2016-03-22,0.279,0.283,0.285,0.279,1059.000
2016-03-23,0.278,0.281,0.283,0.278,836.000
2016-03-24,0.280,0.277,0.280,0.277,2555.000
2016-03-25,0.277,0.282,0.282,0.273,4381.000
2016-03-28,0.280,0.282,0.286,0.280,1331.000
2016-03-29,0.282,0.282,0.285,0.279,477.000
2016-03-30,0.277,0.285,0.285,0.277,2368.000
2016-03-31,0.283,0.283,0.285,0.283,330.000
2016-04-01,0.286,0.283,0.286,0.280,1450.000
2016-04-05,0.283,0.284,0.286,0.280,2130.000
2016-04-06,0.284,0.285,0.287,0.284,956.000
2016-04-07,0.283,0.285,0.285,0.283,1390.000
2016-04-08,0.279,0.281,0.283,0.279,395.000
2016-04-11,0.284,0.285,0.285,0.279,841.000
2016-04-12,0.282,0.285,0.285,0.282,216.000
2016-04-13,0.283,0.287,0.289,0.283,2640.000
2016-04-14,0.289,0.287,0.289,0.284,402.000
2016-04-15,0.283,0.287,0.287,0.283,37.000
2016-04-18,0.284,0.284,0.285,0.283,448.000
2016-04-19,0.284,0.286,0.286,0.284,318.000
2016-04-20,0.284,0.278,0.284,0.276,1694.000
2016-04-21,0.280,0.28,0.284,0.279,574.000
2016-04-22,0.283,0.283,0.283,0.283,13.000
2016-04-25,0.285,0.281,0.285,0.278,585.000
2016-04-26,0.279,0.281,0.281,0.276,1193.000
2016-04-27,0.281,0.279,0.281,0.279,414.000
2016-04-28,0.282,0.28,0.282,0.275,570.000
2016-04-29,0.280,0.28,0.280,0.277,197.000
2016-05-03,0.273,0.285,0.285,0.273,3741.000
2016-05-04,0.285,0.284,0.287,0.281,838.000
2016-05-05,0.287,0.286,0.287,0.282,1413.000
2016-05-06,0.282,0.28,0.283,0.280,1086.000
2016-05-09,0.277,0.276,0.280,0.276,334.000
2016-05-10,0.284,0.28,0.284,0.274,660.000
2016-05-11,0.280,0.285,0.286,0.280,1204.000
2016-05-12,0.278,0.285,0.285,0.278,380.000
2016-05-13,0.285,0.28,0.285,0.279,26.000
2016-05-16,0.280,0.282,0.282,0.280,225.000
2016-05-17,0.279,0.282,0.283,0.279,874.000
2016-05-18,0.282,0.282,0.282,0.276,472.000
2016-05-19,0.276,0.281,0.282,0.276,1183.000
2016-05-20,0.281,0.281,0.281,0.281,7.000
2016-05-23,0.289,0.279,0.289,0.278,1148.000
2016-05-24,0.280,0.279,0.280,0.276,699.000
2016-05-25,0.279,0.279,0.279,0.277,370.000
2016-05-26,0.276,0.278,0.278,0.276,544.000
2016-05-27,0.278,0.278,0.278,0.276,679.000
2016-05-30,0.278,0.277,0.278,0.275,420.000
2016-05-31,0.278,0.283,0.283,0.278,2286.000
2016-06-01,0.282,0.282,0.282,0.280,650.000
2016-06-02,0.280,0.282,0.282,0.280,36.000
2016-06-03,0.282,0.282,0.283,0.282,1367.000
2016-06-06,0.283,0.282,0.284,0.282,3457.000
2016-06-07,0.284,0.282,0.285,0.282,1511.000
2016-06-08,0.284,0.285,0.285,0.283,2163.000
2016-06-13,0.285,0.28,0.285,0.280,422.000
2016-06-14,0.288,0.283,0.288,0.283,930.000
2016-06-15,0.276,0.283,0.285,0.276,1144.000
2016-06-16,0.284,0.284,0.284,0.284,180.000
2016-06-17,0.284,0.287,0.287,0.284,3307.000
2016-06-20,0.280,0.286,0.286,0.280,249.000
2016-06-21,0.281,0.286,0.286,0.281,82.000
2016-06-22,0.286,0.286,0.286,0.281,31.000
2016-06-23,0.281,0.285,0.285,0.281,1002.000
2016-06-24,0.286,0.283,0.286,0.280,1257.000
2016-06-27,0.278,0.283,0.286,0.278,876.000
2016-06-28,0.282,0.291,0.292,0.282,3270.000
2016-06-29,0.293,0.292,0.293,0.286,3137.000
2016-06-30,0.288,0.293,0.295,0.288,711.000
2016-07-01,0.293,0.293,0.294,0.291,221.000
2016-07-04,0.286,0.293,0.296,0.286,841.000
2016-07-05,0.287,0.293,0.296,0.287,869.000
2016-07-06,0.287,0.294,0.298,0.287,2459.000
2016-07-07,0.298,0.3,0.306,0.298,4522.000
2016-07-08,0.296,0.299,0.300,0.296,2097.000
2016-07-11,0.300,0.303,0.305,0.299,4763.000
2016-07-12,0.307,0.311,0.312,0.301,6301.000
2016-07-13,0.313,0.313,0.320,0.313,2450.000
2016-07-14,0.313,0.311,0.320,0.310,535.000
2016-07-15,0.305,0.313,0.313,0.305,1403.000
2016-07-18,0.313,0.31,0.313,0.308,1211.000
2016-07-19,0.310,0.309,0.310,0.309,265.000
2016-07-20,0.309,0.31,0.310,0.306,602.000
2016-07-21,0.310,0.309,0.312,0.308,995.000
2016-07-22,0.306,0.306,0.311,0.306,721.000
2016-07-25,0.306,0.308,0.309,0.306,610.000
2016-07-26,0.309,0.313,0.313,0.309,865.000
2016-07-27,0.313,0.311,0.315,0.303,3984.000
2016-07-28,0.306,0.313,0.313,0.306,624.000
2016-07-29,0.315,0.316,0.316,0.308,3382.000
2016-08-01,0.308,0.31,0.312,0.308,652.000
2016-08-02,0.309,0.311,0.312,0.309,73.000
2016-08-03,0.311,0.312,0.313,0.311,366.000
2016-08-04,0.315,0.314,0.315,0.312,625.000
2016-08-05,0.312,0.317,0.318,0.308,1387.000
2016-08-08,0.311,0.316,0.316,0.308,778.000
2016-08-09,0.315,0.317,0.317,0.313,641.000
2016-08-10,0.316,0.317,0.318,0.313,695.000
2016-08-11,0.318,0.316,0.318,0.316,96.000
2016-08-12,0.314,0.321,0.321,0.313,5942.000
2016-08-15,0.314,0.321,0.324,0.314,1037.000
2016-08-16,0.322,0.318,0.322,0.318,194.000
2016-08-17,0.321,0.321,0.321,0.318,4122.000
2016-08-18,0.314,0.321,0.322,0.314,615.000
2016-08-19,0.322,0.321,0.322,0.317,2023.000
2016-08-22,0.321,0.321,0.321,0.317,1065.000
2016-08-23,0.321,0.322,0.322,0.317,505.000
2016-08-24,0.322,0.319,0.322,0.319,214.000
2016-08-25,0.323,0.32,0.323,0.316,203.000
2016-08-26,0.320,0.322,0.323,0.318,638.000
2016-08-29,0.322,0.323,0.323,0.314,1572.000
2016-08-30,0.324,0.323,0.324,0.321,2725.000
2016-08-31,0.324,0.323,0.324,0.321,1533.000
2016-09-01,0.323,0.323,0.324,0.321,408.000
2016-09-02,0.323,0.321,0.323,0.321,159.000
2016-09-05,0.321,0.323,0.324,0.321,497.000
2016-09-06,0.319,0.323,0.323,0.319,607.000
2016-09-07,0.318,0.322,0.323,0.318,541.000
2016-09-08,0.322,0.322,0.323,0.320,994.000
2016-09-09,0.318,0.323,0.323,0.318,528.000
2016-09-12,0.323,0.316,0.323,0.316,876.000
2016-09-13,0.315,0.319,0.321,0.315,1202.000
2016-09-14,0.315,0.316,0.318,0.315,76.000
2016-09-19,0.316,0.318,0.320,0.316,489.000
2016-09-20,0.318,0.32,0.320,0.316,825.000
2016-09-21,0.320,0.32,0.320,0.320,331.000
2016-09-22,0.318,0.322,0.323,0.318,90.000
2016-09-23,0.322,0.322,0.322,0.318,249.000
2016-09-26,0.318,0.32,0.321,0.318,142.000
2016-09-27,0.315,0.319,0.320,0.315,381.000
2016-09-28,0.319,0.319,0.319,0.316,60.000
2016-09-29,0.318,0.32,0.321,0.317,277.000
2016-09-30,0.319,0.321,0.321,0.319,424.000
2016-10-10,0.321,0.325,0.325,0.320,1421.000
2016-10-11,0.327,0.327,0.327,0.325,1461.000
2016-10-12,0.323,0.327,0.327,0.323,555.000
2016-10-13,0.324,0.327,0.328,0.324,511.000
2016-10-14,0.324,0.327,0.327,0.324,251.000
2016-10-17,0.341,0.328,0.341,0.323,383.000
2016-10-18,0.327,0.33,0.332,0.327,674.000
2016-10-19,0.330,0.329,0.330,0.325,221.000
2016-10-20,0.329,0.327,0.329,0.327,386.000
2016-10-21,0.326,0.329,0.329,0.326,372.000
2016-10-24,0.329,0.328,0.329,0.326,645.000
2016-10-25,0.326,0.327,0.327,0.325,1132.000
2016-10-26,0.327,0.326,0.327,0.326,2082.000
2016-10-27,0.327,0.325,0.327,0.325,2690.000
2016-10-28,0.326,0.327,0.328,0.325,1371.000
2016-10-31,0.326,0.325,0.326,0.323,645.000
2016-11-01,0.325,0.327,0.327,0.325,601.000
2016-11-02,0.325,0.327,0.327,0.325,404.000
2016-11-03,0.324,0.328,0.328,0.324,656.000
2016-11-04,0.328,0.327,0.328,0.326,847.000
2016-11-07,0.328,0.326,0.328,0.325,4854.000
2016-11-08,0.327,0.328,0.328,0.326,732.000
2016-11-09,0.326,0.327,0.327,0.324,1549.000
2016-11-10,0.328,0.329,0.330,0.325,276.000
2016-11-11,0.328,0.328,0.328,0.326,331.000
2016-11-14,0.321,0.325,0.330,0.321,543.000
2016-11-15,0.325,0.326,0.326,0.325,712.000
2016-11-16,0.326,0.327,0.328,0.325,556.000
2016-11-17,0.327,0.327,0.327,0.326,707.000
2016-11-18,0.333,0.33,0.334,0.326,86.000
2016-11-21,0.327,0.328,0.328,0.324,384.000
2016-11-22,0.323,0.329,0.329,0.323,847.000
2016-11-23,0.326,0.327,0.330,0.326,441.000
2016-11-24,0.327,0.33,0.331,0.327,2252.000
2016-11-25,0.331,0.332,0.333,0.326,2005.000
2016-11-28,0.332,0.331,0.337,0.330,1933.000
2016-11-29,0.334,0.336,0.337,0.331,1760.000
2016-11-30,0.333,0.333,0.333,0.333,39.000
2016-12-01,0.328,0.336,0.337,0.328,707.000
2016-12-02,0.334,0.33,0.334,0.330,559.000
2016-12-05,0.323,0.33,0.331,0.323,397.000
2016-12-06,0.323,0.328,0.329,0.323,1222.000
2016-12-07,0.330,0.33,0.330,0.325,731.000
2016-12-08,0.338,0.33,0.338,0.328,184.000
2016-12-09,0.329,0.328,0.329,0.327,122.000
2016-12-12,0.329,0.323,0.329,0.323,506.000
2016-12-13,0.323,0.323,0.336,0.318,126.000
2016-12-14,0.320,0.323,0.324,0.318,305.000
2016-12-15,0.323,0.323,0.327,0.323,677.000
2016-12-16,0.316,0.325,0.332,0.316,121.000
2016-12-19,0.335,0.335,0.335,0.317,210.000
2016-12-20,0.318,0.328,0.328,0.318,33.000
2016-12-21,0.325,0.325,0.328,0.319,163.000
2016-12-22,0.328,0.328,0.328,0.328,24.000
2016-12-23,0.318,0.328,0.335,0.318,236.000
2016-12-26,0.317,0.331,0.331,0.317,103.000
2016-12-27,0.329,0.328,0.329,0.323,172.000
2016-12-28,0.320,0.328,0.328,0.320,105.000
2016-12-29,0.327,0.323,0.328,0.321,142.000
2016-12-30,0.336,0.329,0.341,0.328,3176.000
2017-01-03,0.328,0.334,0.335,0.324,598.000
2017-01-04,0.326,0.333,0.334,0.326,92.000
2017-01-05,0.327,0.331,0.332,0.327,411.000
2017-01-06,0.325,0.329,0.330,0.325,351.000
2017-01-09,0.324,0.329,0.334,0.324,471.000
2017-01-10,0.331,0.33,0.331,0.326,40.000
2017-01-11,0.329,0.33,0.330,0.328,31.000
2017-01-13,0.323,0.325,0.328,0.323,95.000
2017-01-16,0.336,0.323,0.336,0.323,39.000
2017-01-17,0.327,0.324,0.328,0.324,186.000
2017-01-18,0.325,0.325,0.325,0.325,251.000
2017-01-19,0.325,0.325,0.325,0.325,19.000
2017-01-20,0.322,0.327,0.327,0.321,1283.000
2017-01-23,0.323,0.326,0.328,0.323,563.000
2017-01-24,0.326,0.325,0.326,0.321,31.000
2017-01-25,0.326,0.328,0.331,0.326,345.000
2017-01-26,0.325,0.332,0.332,0.325,840.000
2017-02-03,0.330,0.332,0.332,0.328,776.000
2017-02-06,0.332,0.335,0.336,0.328,713.000
2017-02-07,0.329,0.33,0.334,0.329,596.000
2017-02-08,0.330,0.331,0.332,0.327,86.000
2017-02-09,0.331,0.331,0.331,0.328,489.000
2017-02-10,0.327,0.33,0.330,0.327,1015.000
2017-02-13,0.328,0.33,0.330,0.326,850.000
2017-02-14,0.328,0.329,0.330,0.328,477.000
2017-02-15,0.330,0.33,0.330,0.327,324.000
2017-02-16,0.326,0.329,0.329,0.326,589.000
2017-02-17,0.328,0.328,0.329,0.328,92.000
2017-02-20,0.329,0.332,0.332,0.329,978.000
2017-02-21,0.333,0.332,0.333,0.330,304.000
2017-02-22,0.331,0.333,0.336,0.331,371.000
2017-02-23,0.333,0.333,0.335,0.328,2684.000
2017-02-24,0.336,0.336,0.336,0.334,2105.000
2017-02-27,0.337,0.335,0.337,0.334,1751.000
2017-02-28,0.333,0.333,0.333,0.331,246.000
2017-03-01,0.331,0.333,0.334,0.331,280.000
2017-03-02,0.333,0.334,0.334,0.332,488.000
2017-03-03,0.326,0.328,0.333,0.326,351.000
2017-03-06,0.328,0.33,0.335,0.328,967.000
2017-03-07,0.334,0.333,0.334,0.329,456.000
2017-03-08,0.335,0.333,0.335,0.330,569.000
2017-03-09,0.329,0.331,0.333,0.329,133.000
2017-03-10,0.332,0.333,0.333,0.329,1539.000
2017-03-13,0.327,0.334,0.334,0.327,1851.000
2017-03-14,0.335,0.335,0.335,0.332,1022.000
2017-03-15,0.335,0.34,0.340,0.334,2819.000
2017-03-16,0.336,0.339,0.340,0.336,934.000
2017-03-17,0.334,0.34,0.341,0.334,837.000
2017-03-20,0.350,0.344,0.350,0.335,2426.000
2017-03-21,0.344,0.349,0.349,0.341,10081.000
2017-03-22,0.350,0.36,0.363,0.350,16169.000
2017-03-23,0.360,0.355,0.375,0.353,2107.000
2017-03-24,0.356,0.358,0.359,0.353,4770.000
2017-03-27,0.358,0.353,0.358,0.353,608.000
2017-03-28,0.357,0.354,0.357,0.352,326.000
2017-03-29,0.352,0.355,0.358,0.352,197.000
2017-03-30,0.354,0.354,0.356,0.346,4126.000
2017-03-31,0.350,0.358,0.358,0.350,11379.000
2017-04-05,0.357,0.359,0.368,0.357,846.000
2017-04-06,0.359,0.37,0.374,0.359,1261.000
2017-04-07,0.370,0.368,0.370,0.352,534.000
2017-04-10,0.357,0.359,0.367,0.357,439.000
2017-04-11,0.356,0.356,0.357,0.353,295.000
2017-04-12,0.356,0.355,0.358,0.348,461.000
2017-04-13,0.353,0.358,0.360,0.351,658.000
2017-04-14,0.351,0.355,0.357,0.351,122.000
2017-04-17,0.352,0.352,0.360,0.344,361.000
2017-04-18,0.357,0.355,0.357,0.351,263.000
2017-04-19,0.352,0.357,0.357,0.349,697.000
2017-04-20,0.356,0.363,0.369,0.355,3220.000
2017-04-21,0.363,0.361,0.364,0.361,1080.000
2017-04-24,0.362,0.361,0.362,0.354,776.000
2017-04-25,0.362,0.36,0.362,0.357,522.000
2017-04-26,0.358,0.359,0.362,0.358,3079.000
2017-04-27,0.351,0.36,0.361,0.351,1164.000
2017-04-28,0.360,0.357,0.360,0.352,808.000
2017-05-02,0.351,0.353,0.357,0.351,1120.000
2017-05-03,0.353,0.357,0.357,0.351,256.000
2017-05-04,0.356,0.352,0.356,0.352,662.000
2017-05-05,0.369,0.359,0.369,0.352,5801.000
2017-05-08,0.358,0.355,0.359,0.352,274.000
2017-05-09,0.355,0.353,0.355,0.352,245.000
2017-05-10,0.351,0.353,0.354,0.351,940.000
2017-05-11,0.349,0.353,0.353,0.349,131.000
2017-05-12,0.355,0.354,0.355,0.352,499.000
2017-05-15,0.354,0.359,0.359,0.354,1432.000
2017-05-16,0.359,0.362,0.367,0.357,1606.000
2017-05-17,0.367,0.362,0.367,0.359,702.000
2017-05-18,0.362,0.363,0.363,0.362,514.000
2017-05-19,0.365,0.362,0.365,0.362,229.000
2017-05-22,0.362,0.365,0.366,0.362,459.000
2017-05-23,0.361,0.369,0.369,0.361,4207.000
2017-05-24,0.369,0.367,0.369,0.363,241.000
2017-05-25,0.368,0.366,0.368,0.365,1307.000
2017-05-26,0.366,0.364,0.366,0.363,172.000
2017-05-31,0.362,0.365,0.365,0.362,1486.000
2017-06-01,0.366,0.367,0.369,0.363,593.000
2017-06-02,0.369,0.367,0.369,0.366,195.000
2017-06-05,0.368,0.363,0.368,0.363,559.000
2017-06-06,0.363,0.366,0.366,0.363,245.000
2017-06-07,0.366,0.37,0.372,0.366,1086.000
2017-06-08,0.372,0.375,0.376,0.370,1307.000
2017-06-09,0.375,0.379,0.381,0.375,1576.000
2017-06-12,0.380,0.387,0.387,0.380,2206.000
2017-06-13,0.382,0.387,0.388,0.381,3913.000
2017-06-14,0.379,0.386,0.387,0.379,3535.000
2017-06-15,0.384,0.383,0.385,0.376,2485.000
2017-06-16,0.374,0.381,0.382,0.373,657.000
2017-06-19,0.380,0.383,0.384,0.377,1587.000
2017-06-20,0.382,0.383,0.384,0.378,805.000
2017-06-21,0.381,0.381,0.381,0.378,5085.000
2017-06-22,0.382,0.375,0.382,0.375,1176.000
2017-06-23,0.375,0.379,0.379,0.375,1318.000
2017-06-26,0.380,0.385,0.386,0.380,2569.000
2017-06-27,0.384,0.384,0.388,0.384,1473.000
2017-06-28,0.384,0.386,0.387,0.383,587.000
2017-06-29,0.383,0.382,0.386,0.381,1069.000
2017-06-30,0.381,0.382,0.384,0.380,653.000
2017-07-03,0.382,0.383,0.384,0.381,432.000
2017-07-04,0.381,0.378,0.382,0.378,1080.000
2017-07-05,0.378,0.38,0.381,0.376,952.000
2017-07-06,0.379,0.38,0.381,0.378,443.000
2017-07-07,0.375,0.379,0.380,0.375,384.000
2017-07-10,0.379,0.379,0.379,0.375,128.000
2017-07-11,0.375,0.378,0.379,0.375,1337.000
2017-07-12,0.378,0.377,0.378,0.373,1064.000
2017-07-13,0.377,0.372,0.377,0.370,3340.000
2017-07-14,0.372,0.369,0.372,0.369,498.000
2017-07-17,0.370,0.372,0.374,0.349,1527.000
2017-07-18,0.361,0.366,0.374,0.361,287.000
2017-07-19,0.370,0.367,0.371,0.367,263.000
2017-07-20,0.375,0.372,0.375,0.367,527.000
2017-07-21,0.367,0.372,0.373,0.367,389.000
2017-07-24,0.370,0.373,0.373,0.369,267.000
2017-07-25,0.368,0.372,0.372,0.368,376.000
2017-07-26,0.372,0.368,0.372,0.367,316.000
2017-07-27,0.368,0.37,0.370,0.368,190.000
2017-07-28,0.370,0.37,0.370,0.368,138.000
2017-07-31,0.370,0.375,0.375,0.370,2407.000
2017-08-01,0.375,0.375,0.378,0.366,775.000
2017-08-02,0.367,0.372,0.372,0.367,1700.000
2017-08-03,0.368,0.368,0.372,0.368,588.000
2017-08-04,0.373,0.368,0.373,0.368,374.000
2017-08-07,0.368,0.361,0.371,0.360,6384.000
2017-08-08,0.364,0.366,0.366,0.362,921.000
2017-08-09,0.366,0.367,0.370,0.364,1490.000
2017-08-10,0.370,0.367,0.370,0.364,2329.000
2017-08-11,0.365,0.364,0.367,0.361,4268.000
2017-08-14,0.366,0.37,0.370,0.366,3558.000
2017-08-15,0.369,0.368,0.371,0.367,1130.000
2017-08-16,0.367,0.366,0.368,0.365,1245.000
2017-08-17,0.368,0.367,0.368,0.365,512.000
2017-08-18,0.366,0.365,0.366,0.365,354.000
2017-08-21,0.366,0.367,0.368,0.366,508.000
2017-08-22,0.369,0.366,0.369,0.366,330.000
2017-08-23,0.368,0.367,0.368,0.366,265.000
2017-08-24,0.367,0.364,0.367,0.364,1049.000
2017-08-25,0.365,0.367,0.367,0.365,251.000
2017-08-28,0.366,0.368,0.368,0.366,1379.000
2017-08-29,0.367,0.368,0.368,0.365,609.000
2017-08-30,0.367,0.367,0.368,0.366,573.000
2017-08-31,0.368,0.368,0.368,0.365,1004.000
2017-09-01,0.366,0.367,0.368,0.366,748.000
2017-09-04,0.368,0.371,0.373,0.367,1350.000
2017-09-05,0.370,0.372,0.372,0.370,1537.000
2017-09-06,0.369,0.37,0.372,0.369,262.000
2017-09-07,0.371,0.37,0.371,0.370,491.000
2017-09-08,0.367,0.371,0.372,0.367,378.000
2017-09-11,0.371,0.37,0.371,0.365,914.000
2017-09-12,0.369,0.368,0.369,0.351,1333.000
2017-09-13,0.364,0.37,0.371,0.364,2195.000
2017-09-14,0.372,0.369,0.372,0.367,293.000
2017-09-15,0.369,0.369,0.370,0.366,556.000
2017-09-18,0.369,0.371,0.372,0.369,761.000
2017-09-19,0.372,0.371,0.372,0.370,526.000
2017-09-20,0.367,0.371,0.371,0.367,1028.000
2017-09-21,0.371,0.368,0.371,0.368,993.000
2017-09-22,0.370,0.369,0.370,0.367,810.000
2017-09-25,0.371,0.369,0.371,0.368,1251.000
2017-09-26,0.369,0.369,0.371,0.369,377.000
2017-09-27,0.371,0.37,0.371,0.369,730.000
2017-09-28,0.370,0.375,0.376,0.368,9495.000
2017-09-29,0.374,0.38,0.380,0.374,8140.000
2017-10-09,0.384,0.384,0.386,0.381,2740.000
2017-10-10,0.384,0.385,0.386,0.380,1749.000
2017-10-11,0.385,0.39,0.405,0.385,3971.000
2017-10-12,0.390,0.395,0.405,0.390,3836.000
2017-10-13,0.395,0.398,0.400,0.389,2088.000
2017-10-16,0.395,0.393,0.397,0.390,1442.000
2017-10-17,0.391,0.395,0.396,0.389,1834.000
2017-10-18,0.400,0.403,0.406,0.399,12027.000
2017-10-19,0.407,0.407,0.408,0.403,9106.000
2017-10-20,0.408,0.407,0.408,0.403,2046.000
2017-10-23,0.407,0.409,0.411,0.406,6940.000
2017-10-24,0.409,0.409,0.410,0.406,2561.000
2017-10-25,0.409,0.415,0.416,0.407,4500.000
2017-10-26,0.414,0.421,0.423,0.413,4054.000
2017-10-27,0.421,0.42,0.421,0.408,3114.000
2017-10-30,0.420,0.418,0.423,0.408,4617.000
2017-10-31,0.417,0.415,0.417,0.412,1409.000
2017-11-01,0.415,0.416,0.422,0.412,4211.000
2017-11-02,0.413,0.412,0.414,0.409,2854.000
2017-11-03,0.414,0.412,0.415,0.411,4391.000
2017-11-06,0.415,0.437,0.437,0.412,10299.000
2017-11-07,0.437,0.429,0.437,0.427,12568.000
2017-11-08,0.429,0.426,0.430,0.421,12890.000
2017-11-09,0.426,0.419,0.426,0.417,12318.000
2017-11-10,0.421,0.423,0.424,0.418,12899.000
2017-11-13,0.423,0.421,0.423,0.418,9830.000
2017-11-14,0.421,0.415,0.422,0.415,8448.000
2017-11-15,0.415,0.415,0.416,0.409,7076.000
2017-11-16,0.413,0.421,0.422,0.413,4509.000
2017-11-17,0.421,0.421,0.422,0.415,7293.000
2017-11-20,0.420,0.421,0.421,0.415,4426.000
2017-11-21,0.421,0.424,0.426,0.421,8917.000
2017-11-22,0.426,0.424,0.426,0.424,5675.000
2017-11-23,0.422,0.406,0.422,0.405,18012.000
2017-11-24,0.405,0.403,0.408,0.400,15317.000
2017-11-27,0.412,0.402,0.412,0.375,5399.000
2017-11-28,0.396,0.402,0.402,0.396,6758.000
2017-11-29,0.405,0.4,0.405,0.396,6220.000
2017-11-30,0.403,0.397,0.403,0.395,1067.000
2017-12-01,0.395,0.397,0.400,0.395,1251.000
2017-12-04,0.397,0.399,0.402,0.395,13101.000
2017-12-05,0.399,0.399,0.401,0.397,2070.000
2017-12-06,0.397,0.397,0.403,0.395,13099.000
2017-12-07,0.397,0.394,0.398,0.394,9473.000
2017-12-08,0.396,0.399,0.400,0.395,1092.000
2017-12-11,0.400,0.409,0.410,0.399,5443.000
2017-12-12,0.406,0.406,0.417,0.401,2446.000
2017-12-13,0.409,0.41,0.411,0.405,2799.000
2017-12-14,0.410,0.41,0.412,0.408,1115.000
2017-12-15,0.411,0.404,0.411,0.403,1814.000
2017-12-18,0.404,0.405,0.409,0.403,10905.000
2017-12-19,0.409,0.409,0.409,0.398,2233.000
2017-12-20,0.410,0.409,0.410,0.407,1363.000
2017-12-21,0.411,0.415,0.415,0.405,3151.000
2017-12-22,0.418,0.417,0.418,0.415,2721.000
2017-12-25,0.417,0.417,0.421,0.413,2893.000
2017-12-26,0.417,0.415,0.418,0.413,2123.000
2017-12-27,0.415,0.411,0.415,0.409,1770.000
2017-12-28,0.410,0.41,0.413,0.408,2182.000
2017-12-29,0.411,0.412,0.416,0.409,11319.000
2018-01-02,0.422,0.411,0.422,0.411,10888.000
2018-01-03,0.411,0.414,0.415,0.411,8021.000
2018-01-04,0.415,0.415,0.415,0.412,5754.000
2018-01-05,0.415,0.414,0.415,0.413,4462.000
2018-01-08,0.415,0.418,0.418,0.413,5583.000
2018-01-09,0.418,0.428,0.428,0.416,21228.000
2018-01-10,0.428,0.428,0.428,0.423,7103.000
2018-01-11,0.428,0.426,0.428,0.423,3488.000
2018-01-12,0.426,0.429,0.429,0.423,2643.000
2018-01-15,0.428,0.428,0.433,0.426,3845.000
2018-01-16,0.427,0.432,0.433,0.423,8945.000
2018-01-17,0.432,0.429,0.435,0.428,6532.000
2018-01-18,0.428,0.425,0.432,0.424,5185.000
2018-01-19,0.426,0.425,0.427,0.423,4484.000
2018-01-22,0.424,0.432,0.432,0.424,10980.000
2018-01-23,0.433,0.432,0.433,0.430,4185.000
2018-01-24,0.432,0.434,0.434,0.429,6008.000
2018-01-25,0.435,0.429,0.435,0.428,6836.000
2018-01-26,0.430,0.431,0.431,0.429,4375.000
2018-01-29,0.431,0.42,0.431,0.400,7384.000
2018-01-30,0.419,0.417,0.419,0.416,3212.000
2018-01-31,0.417,0.417,0.421,0.416,4876.000
2018-02-01,0.417,0.413,0.420,0.408,4435.000
2018-02-02,0.413,0.414,0.416,0.410,3813.000
2018-02-05,0.413,0.409,0.413,0.401,5381.000
2018-02-06,0.407,0.397,0.407,0.393,8091.000
2018-02-07,0.398,0.396,0.405,0.393,2475.000
2018-02-08,0.395,0.4,0.401,0.393,2773.000
2018-02-09,0.392,0.382,0.392,0.377,6308.000
2018-02-12,0.383,0.395,0.397,0.383,4744.000
2018-02-13,0.400,0.398,0.430,0.376,8602.000
2018-02-14,0.396,0.405,0.405,0.393,4413.000
2018-02-22,0.409,0.406,0.410,0.404,8658.000
2018-02-23,0.408,0.406,0.408,0.405,3810.000
2018-02-26,0.410,0.412,0.412,0.407,6560.000
2018-02-27,0.413,0.409,0.413,0.408,3252.000
2018-02-28,0.409,0.406,0.410,0.404,4515.000
2018-03-01,0.404,0.41,0.411,0.404,3453.000
2018-03-02,0.410,0.409,0.411,0.407,2490.000
2018-03-05,0.407,0.412,0.413,0.407,3400.000
2018-03-06,0.413,0.421,0.422,0.413,6696.000
2018-03-07,0.423,0.419,0.423,0.419,4100.000
2018-03-08,0.418,0.432,0.433,0.418,19755.000
2018-03-09,0.432,0.44,0.440,0.431,12761.000
2018-03-12,0.439,0.439,0.444,0.437,12507.000
2018-03-13,0.438,0.435,0.439,0.434,9723.000
2018-03-14,0.430,0.435,0.440,0.430,5655.000
2018-03-15,0.434,0.439,0.440,0.431,4422.000
2018-03-16,0.438,0.439,0.442,0.437,3735.000
2018-03-19,0.438,0.451,0.452,0.434,7509.000
2018-03-20,0.450,0.46,0.470,0.447,32074.000
2018-03-21,0.463,0.46,0.467,0.457,19940.000
2018-03-22,0.460,0.459,0.462,0.450,18037.000
2018-03-23,0.445,0.445,0.455,0.437,27961.000
2018-03-26,0.440,0.457,0.463,0.438,31582.000
2018-03-27,0.468,0.467,0.475,0.457,36498.000
2018-03-28,0.460,0.457,0.467,0.454,41600.000
2018-03-29,0.458,0.448,0.458,0.443,33184.000
2018-03-30,0.449,0.46,0.460,0.447,28556.000
2018-04-02,0.463,0.457,0.463,0.455,23156.000
2018-04-03,0.450,0.453,0.455,0.448,27344.000
2018-04-04,0.457,0.456,0.464,0.456,34215.000
2018-04-09,0.455,0.454,0.457,0.450,13034.000
2018-04-10,0.455,0.46,0.461,0.454,19448.000
2018-04-11,0.461,0.458,0.461,0.457,16707.000
2018-04-12,0.458,0.46,0.461,0.455,32125.000
2018-04-13,0.460,0.45,0.462,0.450,25413.000
2018-04-16,0.446,0.451,0.453,0.446,9278.000
2018-04-17,0.451,0.444,0.452,0.443,11560.000
2018-04-18,0.444,0.44,0.444,0.435,19396.000
2018-04-19,0.441,0.446,0.447,0.439,10718.000
2018-04-20,0.441,0.446,0.452,0.441,24511.000
2018-04-23,0.446,0.444,0.450,0.441,8395.000
2018-04-24,0.445,0.448,0.449,0.445,6959.000
2018-04-25,0.448,0.458,0.458,0.448,16602.000
2018-04-26,0.458,0.453,0.458,0.451,11800.000
2018-04-27,0.453,0.46,0.461,0.450,15957.000
2018-05-02,0.461,0.466,0.468,0.458,17587.000
2018-05-03,0.464,0.464,0.466,0.455,19237.000
2018-05-04,0.461,0.468,0.470,0.460,14846.000
2018-05-07,0.468,0.479,0.480,0.468,28516.000
2018-05-08,0.479,0.479,0.482,0.477,24933.000
2018-05-09,0.478,0.481,0.481,0.477,18179.000
2018-05-10,0.481,0.498,0.513,0.480,31633.000
2018-05-11,0.498,0.485,0.506,0.484,55612.000
2018-05-14,0.479,0.492,0.495,0.479,34257.000
2018-05-15,0.488,0.501,0.503,0.488,47206.000
2018-05-16,0.498,0.509,0.513,0.498,47080.000
2018-05-17,0.511,0.503,0.512,0.500,26453.000
2018-05-18,0.503,0.507,0.509,0.496,38935.000
2018-05-21,0.507,0.507,0.511,0.502,32833.000
2018-05-22,0.506,0.515,0.516,0.504,52925.000
2018-05-23,0.513,0.514,0.522,0.513,56275.000
2018-05-24,0.513,0.515,0.518,0.513,27331.000
2018-05-25,0.515,0.528,0.533,0.515,36625.000
2018-05-28,0.526,0.539,0.540,0.522,43699.000
2018-05-29,0.541,0.51,0.549,0.509,91558.000
2018-05-30,0.492,0.508,0.520,0.492,72904.000
2018-05-31,0.510,0.526,0.528,0.508,45356.000
2018-06-01,0.520,0.509,0.526,0.498,53210.000
2018-06-04,0.509,0.503,0.509,0.494,25059.000
2018-06-05,0.503,0.52,0.525,0.503,43730.000
2018-06-06,0.522,0.526,0.528,0.516,33924.000
2018-06-07,0.526,0.517,0.527,0.517,32543.000
2018-06-08,0.515,0.515,0.521,0.511,22636.000
2018-06-11,0.514,0.5,0.514,0.496,48587.000
2018-06-12,0.500,0.51,0.512,0.498,41709.000
2018-06-13,0.509,0.501,0.509,0.499,23955.000
2018-06-14,0.500,0.495,0.506,0.492,33974.000
2018-06-15,0.496,0.488,0.497,0.486,30444.000
2018-06-19,0.485,0.477,0.494,0.472,56918.000
2018-06-20,0.477,0.493,0.495,0.473,43882.000
2018-06-21,0.490,0.491,0.502,0.487,41323.000
2018-06-22,0.489,0.496,0.497,0.483,27993.000
2018-06-25,0.500,0.496,0.500,0.493,36230.000
2018-06-26,0.493,0.493,0.496,0.487,21758.000
2018-06-27,0.493,0.479,0.494,0.475,35494.000
2018-06-28,0.476,0.469,0.480,0.453,29060.000
2018-06-29,0.469,0.485,0.487,0.469,33638.000
2018-07-02,0.486,0.484,0.497,0.481,32267.000
2018-07-03,0.483,0.48,0.487,0.462,45024.000
2018-07-04,0.477,0.469,0.477,0.467,18283.000
2018-07-05,0.471,0.457,0.471,0.457,24592.000
2018-07-06,0.457,0.464,0.470,0.454,44726.000
2018-07-09,0.465,0.48,0.480,0.464,63625.000
2018-07-10,0.480,0.483,0.483,0.476,48777.000
2018-07-11,0.479,0.482,0.484,0.470,73393.000
2018-07-12,0.482,0.492,0.496,0.482,88033.000
2018-07-13,0.495,0.501,0.505,0.490,100800.000
2018-07-16,0.500,0.505,0.506,0.498,68073.000
2018-07-17,0.505,0.497,0.505,0.492,95919.000
2018-07-18,0.493,0.498,0.502,0.493,90502.000
2018-07-19,0.496,0.487,0.498,0.485,101315.000
2018-07-20,0.485,0.49,0.490,0.482,95783.000
2018-07-23,0.468,0.47,0.476,0.461,161002.000
2018-07-24,0.465,0.474,0.478,0.462,234305.000
2018-07-25,0.470,0.481,0.482,0.470,96021.000
2018-07-26,0.483,0.476,0.488,0.475,94426.000
2018-07-27,0.476,0.471,0.476,0.470,55075.000
2018-07-30,0.470,0.459,0.470,0.455,133546.000
2018-07-31,0.457,0.461,0.464,0.457,94442.000
2018-08-01,0.461,0.451,0.462,0.450,77680.000
2018-08-02,0.450,0.451,0.452,0.443,76784.000
2018-08-03,0.450,0.437,0.452,0.437,86969.000
2018-08-06,0.431,0.419,0.437,0.416,217889.000
2018-08-07,0.420,0.429,0.429,0.415,149954.000
2018-08-08,0.428,0.42,0.430,0.419,109945.000
2018-08-09,0.418,0.435,0.439,0.418,174018.000
2018-08-10,0.433,0.445,0.449,0.433,200907.000
2018-08-13,0.444,0.448,0.448,0.439,184664.000
2018-08-14,0.447,0.447,0.450,0.445,190566.000
2018-08-15,0.446,0.43,0.446,0.429,204242.000
2018-08-16,0.429,0.429,0.436,0.423,168605.000
2018-08-17,0.433,0.415,0.434,0.413,148032.000
2018-08-20,0.414,0.407,0.415,0.396,208262.000
2018-08-21,0.407,0.425,0.425,0.407,214982.000
2018-08-22,0.425,0.422,0.426,0.420,47152.000
2018-08-23,0.423,0.425,0.429,0.421,55704.000
2018-08-24,0.425,0.426,0.430,0.421,73278.000
2018-08-27,0.427,0.443,0.444,0.427,89222.000
2018-08-28,0.445,0.442,0.445,0.439,73265.000
2018-08-29,0.440,0.44,0.442,0.438,23278.000
2018-08-30,0.438,0.435,0.442,0.433,42559.000
2018-08-31,0.435,0.423,0.435,0.422,92413.000
2018-09-03,0.425,0.424,0.425,0.417,76417.000
2018-09-04,0.425,0.425,0.427,0.419,86549.000
2018-09-05,0.424,0.42,0.426,0.420,47491.000
2018-09-06,0.419,0.415,0.422,0.414,59998.000
2018-09-07,0.415,0.422,0.426,0.415,101207.000
2018-09-10,0.422,0.416,0.424,0.414,76193.000
2018-09-11,0.417,0.418,0.420,0.414,33278.000
2018-09-12,0.418,0.406,0.418,0.405,89604.000
2018-09-13,0.410,0.397,0.412,0.385,199189.000
2018-09-14,0.397,0.395,0.398,0.392,77361.000
2018-09-17,0.395,0.387,0.395,0.385,39083.000
2018-09-18,0.386,0.394,0.395,0.383,50965.000
2018-09-19,0.393,0.4,0.404,0.391,108179.000
2018-09-20,0.400,0.398,0.403,0.397,43099.000
2018-09-21,0.398,0.408,0.409,0.396,94731.000
2018-09-25,0.403,0.409,0.411,0.403,57280.000
2018-09-26,0.409,0.416,0.420,0.409,81730.000
2018-09-27,0.419,0.419,0.424,0.415,98128.000
2018-09-28,0.418,0.424,0.425,0.418,74297.000
2018-10-08,0.419,0.404,0.419,0.403,103963.000
2018-10-09,0.403,0.405,0.409,0.402,40163.000
2018-10-10,0.405,0.4,0.407,0.394,85797.000
2018-10-11,0.385,0.385,0.392,0.382,102318.000
2018-10-12,0.385,0.391,0.393,0.384,61414.000
2018-10-15,0.391,0.389,0.397,0.388,46372.000
2018-10-16,0.389,0.382,0.392,0.378,89210.000
2018-10-17,0.385,0.379,0.387,0.370,99604.000
2018-10-18,0.376,0.364,0.376,0.363,139412.000
2018-10-19,0.360,0.367,0.369,0.354,84366.000
2018-10-22,0.368,0.387,0.389,0.368,157055.000
2018-10-23,0.384,0.377,0.386,0.374,85768.000
2018-10-24,0.373,0.371,0.377,0.366,105374.000
2018-10-25,0.363,0.364,0.366,0.356,85534.000
2018-10-26,0.366,0.364,0.368,0.360,83266.000
2018-10-29,0.363,0.353,0.363,0.351,84248.000
2018-10-30,0.353,0.358,0.362,0.349,75081.000
2018-10-31,0.360,0.37,0.371,0.360,118599.000
2018-11-01,0.373,0.373,0.380,0.372,138521.000
2018-11-02,0.380,0.393,0.394,0.380,147765.000
2018-11-05,0.392,0.388,0.393,0.383,141081.000
2018-11-06,0.387,0.39,0.390,0.384,87554.000
2018-11-07,0.390,0.386,0.392,0.386,103571.000
2018-11-08,0.389,0.388,0.392,0.386,119021.000
2018-11-09,0.388,0.384,0.388,0.383,54868.000
2018-11-12,0.384,0.391,0.391,0.381,83930.000
2018-11-13,0.388,0.395,0.396,0.384,206351.000
2018-11-14,0.395,0.391,0.395,0.390,98874.000
2018-11-15,0.391,0.392,0.392,0.385,153289.000
2018-11-16,0.392,0.385,0.392,0.380,208606.000
2018-11-19,0.382,0.389,0.390,0.382,105791.000
2018-11-20,0.386,0.383,0.388,0.383,44179.000
2018-11-21,0.371,0.39,0.391,0.371,143764.000
2018-11-22,0.390,0.389,0.392,0.387,97193.000
2018-11-23,0.389,0.382,0.389,0.381,110901.000
2018-11-26,0.381,0.381,0.383,0.379,44963.000
2018-11-27,0.382,0.381,0.383,0.379,158115.000
2018-11-28,0.381,0.383,0.383,0.376,45342.000
2018-11-29,0.385,0.381,0.387,0.380,130467.000
2018-11-30,0.380,0.385,0.386,0.379,116129.000
2018-12-03,0.394,0.398,0.399,0.391,171384.000
2018-12-04,0.398,0.402,0.402,0.396,125481.000
2018-12-05,0.398,0.404,0.408,0.395,352580.000
2018-12-06,0.403,0.385,0.403,0.384,390442.000
2018-12-07,0.379,0.369,0.380,0.369,179967.000
2018-12-10,0.363,0.364,0.366,0.361,87850.000
2018-12-11,0.365,0.369,0.370,0.365,153756.000
2018-12-12,0.370,0.364,0.371,0.363,107338.000
2018-12-13,0.364,0.368,0.370,0.363,58768.000
2018-12-14,0.368,0.36,0.368,0.358,66093.000
2018-12-17,0.354,0.352,0.359,0.347,76695.000
2018-12-18,0.351,0.349,0.353,0.347,71168.000
2018-12-19,0.350,0.338,0.351,0.337,97721.000
2018-12-20,0.338,0.334,0.338,0.331,86821.000
2018-12-21,0.334,0.326,0.334,0.323,127387.000
2018-12-24,0.325,0.334,0.336,0.324,132552.000
2018-12-25,0.330,0.335,0.336,0.328,95836.000
2018-12-26,0.335,0.333,0.337,0.332,74710.000
2018-12-27,0.336,0.33,0.339,0.329,77182.000
2018-12-28,0.329,0.332,0.333,0.327,52879.000
2019-01-02,0.332,0.32,0.333,0.319,97701.000
2019-01-03,0.320,0.311,0.321,0.309,108580.000
2019-01-04,0.310,0.32,0.321,0.306,121211.000
2019-01-07,0.321,0.322,0.323,0.318,180763.000
2019-01-08,0.323,0.323,0.324,0.320,91253.000
2019-01-09,0.322,0.327,0.332,0.322,290181.000
2019-01-10,0.328,0.325,0.329,0.322,109301.000
2019-01-11,0.325,0.325,0.326,0.322,69880.000
2019-01-14,0.325,0.318,0.325,0.317,41041.000
2019-01-15,0.318,0.328,0.328,0.318,90657.000
2019-01-16,0.328,0.333,0.334,0.326,125368.000
2019-01-17,0.331,0.331,0.335,0.330,75320.000
2019-01-18,0.332,0.342,0.342,0.331,181563.000
2019-01-21,0.342,0.341,0.347,0.340,385448.000
2019-01-22,0.341,0.335,0.341,0.334,109213.000
2019-01-23,0.333,0.335,0.336,0.333,65842.000
2019-01-24,0.335,0.338,0.338,0.332,46402.000
2019-01-25,0.338,0.338,0.340,0.335,59866.000
2019-01-28,0.339,0.331,0.339,0.331,104294.000
2019-01-29,0.329,0.334,0.334,0.329,92552.000
2019-01-30,0.332,0.331,0.335,0.331,49163.000
2019-01-31,0.331,0.332,0.334,0.330,60062.000
2019-02-01,0.334,0.345,0.345,0.334,195188.000
2019-02-11,0.344,0.351,0.351,0.341,128841.000
2019-02-12,0.351,0.361,0.363,0.351,319927.000
2019-02-13,0.362,0.366,0.368,0.359,218378.000
2019-02-14,0.364,0.367,0.368,0.363,155057.000
2019-02-15,0.364,0.361,0.367,0.360,183665.000
2019-02-18,0.361,0.375,0.375,0.361,271514.000
2019-02-19,0.375,0.374,0.377,0.367,275065.000
2019-02-20,0.371,0.367,0.371,0.362,267656.000
2019-02-21,0.366,0.364,0.369,0.363,223568.000
2019-02-22,0.363,0.369,0.369,0.360,253770.000
2019-02-25,0.370,0.384,0.384,0.370,570374.000
2019-02-26,0.384,0.386,0.405,0.379,938599.000
2019-02-27,0.385,0.383,0.388,0.379,388806.000
2019-02-28,0.380,0.391,0.392,0.380,370376.000
2019-03-01,0.395,0.394,0.397,0.389,330372.000
2019-03-04,0.396,0.4,0.405,0.394,597640.000
2019-03-05,0.397,0.4,0.400,0.394,307444.000
2019-03-06,0.400,0.401,0.403,0.396,364611.000
2019-03-07,0.399,0.394,0.400,0.392,316779.000
2019-03-08,0.388,0.387,0.399,0.385,369782.000
2019-03-11,0.390,0.4,0.400,0.390,449572.000
2019-03-12,0.403,0.402,0.404,0.396,327620.000
2019-03-13,0.399,0.4,0.403,0.398,248220.000
2019-03-14,0.399,0.397,0.402,0.394,335802.000
2019-03-15,0.396,0.402,0.406,0.396,212764.000
2019-03-18,0.403,0.42,0.421,0.403,377187.000
2019-03-19,0.423,0.414,0.423,0.411,426874.000
2019-03-20,0.413,0.413,0.415,0.406,186181.000
2019-03-21,0.412,0.413,0.414,0.409,230491.000
2019-03-22,0.412,0.418,0.418,0.409,254645.000
2019-03-25,0.409,0.408,0.416,0.408,223420.000
2019-03-26,0.408,0.401,0.410,0.400,242104.000
2019-03-27,0.403,0.414,0.415,0.403,384738.000
2019-03-28,0.413,0.415,0.419,0.412,415985.000
2019-03-29,0.418,0.428,0.428,0.413,247316.000
2019-04-01,0.431,0.438,0.438,0.430,321124.000
2019-04-02,0.438,0.433,0.438,0.429,339042.000
2019-04-03,0.430,0.434,0.434,0.429,330852.000
2019-04-04,0.435,0.434,0.435,0.430,368065.000
2019-04-08,0.435,0.43,0.438,0.425,583952.000
2019-04-09,0.429,0.437,0.438,0.425,372237.000
2019-04-10,0.437,0.445,0.447,0.434,522507.000
2019-04-11,0.445,0.433,0.447,0.431,474998.000
2019-04-12,0.434,0.43,0.434,0.426,168751.000
2019-04-15,0.434,0.424,0.437,0.423,230490.000
2019-04-16,0.424,0.431,0.431,0.420,241637.000
2019-04-17,0.431,0.431,0.433,0.428,239389.000
2019-04-18,0.430,0.428,0.431,0.427,140887.000
2019-04-19,0.428,0.43,0.433,0.426,176404.000
2019-04-22,0.430,0.425,0.431,0.423,241079.000
2019-04-23,0.425,0.425,0.427,0.423,146125.000
2019-04-24,0.425,0.426,0.427,0.420,190727.000
2019-04-25,0.426,0.422,0.430,0.421,225465.000
2019-04-26,0.419,0.413,0.421,0.413,180398.000
2019-04-29,0.413,0.422,0.428,0.413,270058.000
2019-04-30,0.420,0.423,0.424,0.420,87087.000
2019-05-06,0.411,0.399,0.412,0.397,381118.000
2019-05-07,0.400,0.409,0.413,0.400,196252.000
2019-05-08,0.400,0.404,0.410,0.400,140249.000
2019-05-09,0.402,0.392,0.403,0.391,200497.000
2019-05-10,0.399,0.403,0.403,0.388,209459.000
2019-05-13,0.397,0.401,0.404,0.395,128617.000
2019-05-14,0.396,0.397,0.403,0.396,71771.000
2019-05-15,0.399,0.409,0.409,0.399,138867.000
2019-05-16,0.409,0.411,0.411,0.404,150191.000
2019-05-17,0.410,0.401,0.411,0.400,208454.000
2019-05-20,0.401,0.394,0.401,0.389,138103.000
2019-05-21,0.394,0.399,0.402,0.384,162499.000
2019-05-22,0.399,0.398,0.400,0.395,90747.000
2019-05-23,0.398,0.39,0.398,0.388,149099.000
2019-05-24,0.389,0.388,0.392,0.387,120109.000
2019-05-27,0.391,0.392,0.393,0.384,156637.000
2019-05-28,0.392,0.395,0.398,0.392,151447.000
2019-05-29,0.394,0.395,0.397,0.392,100805.000
2019-05-30,0.393,0.392,0.396,0.388,130689.000
2019-05-31,0.392,0.394,0.398,0.392,139939.000
2019-06-03,0.394,0.394,0.398,0.393,222374.000
2019-06-04,0.395,0.387,0.395,0.386,205766.000
2019-06-05,0.388,0.373,0.390,0.373,345312.000
2019-06-06,0.373,0.368,0.373,0.365,264849.000
2019-06-10,0.371,0.373,0.374,0.366,249658.000
2019-06-11,0.373,0.384,0.384,0.373,228353.000
2019-06-12,0.383,0.382,0.383,0.380,121686.000
2019-06-13,0.382,0.383,0.385,0.378,79452.000
2019-06-14,0.383,0.383,0.388,0.382,107171.000
2019-06-17,0.385,0.385,0.389,0.384,86041.000
2019-06-18,0.385,0.387,0.387,0.382,101554.000
2019-06-19,0.393,0.393,0.396,0.392,180880.000
2019-06-20,0.391,0.4,0.403,0.391,169021.000
2019-06-21,0.401,0.403,0.405,0.400,185624.000
2019-06-24,0.403,0.403,0.406,0.400,102808.000
2019-06-25,0.404,0.403,0.406,0.397,96786.000
2019-06-26,0.402,0.407,0.408,0.400,176366.000
2019-06-27,0.409,0.411,0.412,0.407,152375.000
2019-06-28,0.409,0.409,0.411,0.406,112632.000
2019-07-01,0.418,0.421,0.422,0.413,217310.000
2019-07-02,0.421,0.428,0.428,0.420,197328.000
2019-07-03,0.428,0.421,0.429,0.418,171127.000
2019-07-04,0.420,0.413,0.422,0.411,275728.000
2019-07-05,0.413,0.419,0.420,0.413,232684.000
2019-07-08,0.417,0.411,0.419,0.406,182606.000
2019-07-09,0.411,0.41,0.413,0.407,69328.000
2019-07-10,0.410,0.412,0.415,0.410,177814.000
2019-07-11,0.413,0.412,0.417,0.410,120856.000
2019-07-12,0.411,0.414,0.415,0.411,126570.000
2019-07-15,0.411,0.415,0.417,0.408,216448.000
2019-07-16,0.414,0.412,0.416,0.410,124363.000
2019-07-17,0.411,0.411,0.413,0.409,113052.000
2019-07-18,0.408,0.407,0.411,0.406,139806.000
2019-07-19,0.407,0.407,0.411,0.406,136213.000
2019-07-22,0.407,0.405,0.410,0.402,202129.000
2019-07-23,0.405,0.407,0.407,0.404,95974.000
2019-07-24,0.408,0.41,0.412,0.407,130817.000
2019-07-25,0.410,0.412,0.412,0.409,135390.000
2019-07-26,0.411,0.414,0.415,0.410,109840.000
2019-07-29,0.416,0.411,0.416,0.410,87922.000
2019-07-30,0.411,0.413,0.414,0.410,73377.000
2019-07-31,0.412,0.411,0.414,0.409,126135.000
2019-08-01,0.409,0.407,0.410,0.406,100337.000
2019-08-02,0.401,0.403,0.405,0.399,98450.000
2019-08-05,0.402,0.395,0.402,0.395,169792.000
2019-08-06,0.387,0.394,0.395,0.385,98846.000
2019-08-07,0.395,0.396,0.398,0.392,109796.000
2019-08-08,0.396,0.402,0.403,0.396,74215.000
2019-08-09,0.405,0.403,0.409,0.403,138072.000
2019-08-12,0.403,0.407,0.407,0.401,165487.000
2019-08-13,0.405,0.407,0.408,0.403,129041.000
2019-08-14,0.409,0.414,0.414,0.409,127675.000
2019-08-15,0.408,0.415,0.416,0.406,189025.000
2019-08-16,0.419,0.417,0.420,0.413,201649.000
2019-08-19,0.419,0.426,0.426,0.419,210072.000
2019-08-20,0.426,0.423,0.426,0.419,150192.000
2019-08-21,0.422,0.421,0.423,0.419,195098.000
2019-08-22,0.421,0.425,0.426,0.421,194114.000
2019-08-23,0.425,0.44,0.443,0.425,379989.000
2019-08-26,0.431,0.441,0.446,0.431,447112.000
2019-08-27,0.442,0.445,0.451,0.442,508405.000
2019-08-28,0.445,0.441,0.445,0.438,333301.000
2019-08-29,0.440,0.441,0.442,0.437,211696.000
2019-08-30,0.443,0.444,0.449,0.441,290037.000
2019-09-02,0.444,0.448,0.449,0.441,253801.000
2019-09-03,0.448,0.444,0.448,0.441,311288.000
2019-09-04,0.443,0.443,0.445,0.439,356779.000
2019-09-05,0.443,0.444,0.447,0.443,459618.000
2019-09-06,0.445,0.449,0.449,0.441,576607.000
2019-09-09,0.450,0.451,0.451,0.445,287763.000
2019-09-10,0.450,0.457,0.459,0.448,454727.000
2019-09-11,0.457,0.446,0.457,0.446,593832.000
2019-09-12,0.446,0.448,0.449,0.444,180189.000
2019-09-16,0.448,0.449,0.451,0.447,188278.000
2019-09-17,0.449,0.444,0.451,0.443,147225.000
2019-09-18,0.445,0.446,0.449,0.444,163998.000
2019-09-19,0.447,0.45,0.450,0.445,104692.000
2019-09-20,0.451,0.455,0.457,0.450,344502.000
2019-09-23,0.453,0.448,0.455,0.445,187966.000
2019-09-24,0.448,0.452,0.456,0.448,284706.000
2019-09-25,0.448,0.448,0.452,0.446,214224.000
2019-09-26,0.448,0.44,0.451,0.440,214987.000
2019-09-27,0.440,0.442,0.444,0.437,170924.000
2019-09-30,0.440,0.441,0.445,0.440,96383.000
2019-10-08,0.441,0.441,0.445,0.440,94157.000
2019-10-09,0.441,0.438,0.441,0.433,70455.000
2019-10-10,0.438,0.452,0.453,0.438,227415.000
2019-10-11,0.452,0.453,0.455,0.450,237710.000
2019-10-14,0.459,0.457,0.459,0.456,171584.000
2019-10-15,0.458,0.461,0.465,0.457,171517.000
2019-10-16,0.461,0.462,0.468,0.461,136414.000
2019-10-17,0.463,0.461,0.468,0.459,125953.000
2019-10-18,0.461,0.461,0.467,0.458,126652.000
2019-10-21,0.461,0.455,0.462,0.451,116744.000
2019-10-22,0.456,0.461,0.462,0.455,154215.000
2019-10-23,0.460,0.455,0.462,0.453,136328.000
2019-10-24,0.454,0.452,0.457,0.448,222990.000
2019-10-25,0.453,0.463,0.463,0.453,208756.000
2019-10-28,0.462,0.47,0.470,0.462,209676.000
2019-10-29,0.470,0.472,0.475,0.468,133123.000
2019-10-30,0.473,0.47,0.473,0.468,110458.000
2019-10-31,0.471,0.475,0.478,0.469,142329.000
2019-11-01,0.475,0.482,0.483,0.474,294965.000
2019-11-04,0.485,0.484,0.488,0.482,233149.000
2019-11-05,0.483,0.485,0.486,0.481,172930.000
2019-11-06,0.485,0.483,0.485,0.482,117967.000
2019-11-07,0.485,0.485,0.488,0.483,143577.000
2019-11-08,0.488,0.487,0.490,0.485,152496.000
2019-11-11,0.483,0.476,0.485,0.475,187072.000
2019-11-12,0.475,0.48,0.480,0.474,209080.000
2019-11-13,0.481,0.486,0.488,0.477,186762.000
2019-11-14,0.486,0.493,0.494,0.485,204018.000
2019-11-15,0.491,0.488,0.494,0.488,198533.000
2019-11-18,0.489,0.492,0.493,0.488,130574.000
2019-11-19,0.493,0.503,0.503,0.492,316638.000
2019-11-20,0.503,0.5,0.504,0.498,175454.000
2019-11-21,0.499,0.491,0.499,0.489,406676.000
2019-11-22,0.491,0.475,0.495,0.471,579974.000
2019-11-25,0.474,0.472,0.477,0.466,225905.000
2019-11-26,0.473,0.475,0.479,0.473,171556.000
2019-11-27,0.475,0.474,0.477,0.471,162027.000
2019-11-28,0.476,0.475,0.477,0.472,134375.000
2019-11-29,0.478,0.461,0.478,0.455,465182.000
2019-12-02,0.458,0.455,0.459,0.454,273417.000
2019-12-03,0.454,0.455,0.455,0.445,443555.000
2019-12-04,0.452,0.458,0.459,0.451,290226.000
2019-12-05,0.458,0.461,0.465,0.458,230829.000
2019-12-06,0.462,0.464,0.464,0.459,265731.000
2019-12-09,0.464,0.455,0.465,0.452,524932.000
2019-12-10,0.453,0.459,0.459,0.452,244265.000
2019-12-11,0.459,0.458,0.459,0.455,164000.000
2019-12-12,0.458,0.457,0.460,0.456,140133.000
2019-12-13,0.459,0.465,0.465,0.459,269010.000
2019-12-16,0.466,0.466,0.467,0.463,348502.000
2019-12-17,0.467,0.471,0.472,0.464,551565.000
2019-12-18,0.471,0.464,0.471,0.463,660651.000
2019-12-19,0.464,0.464,0.465,0.462,280998.000
2019-12-20,0.464,0.461,0.466,0.461,360849.000
2019-12-23,0.461,0.46,0.466,0.459,396566.000
2019-12-24,0.460,0.46,0.461,0.458,213682.000
2019-12-25,0.460,0.46,0.460,0.457,290588.000
2019-12-26,0.459,0.464,0.464,0.459,292628.000
2019-12-27,0.464,0.461,0.466,0.461,288464.000
2019-12-30,0.460,0.464,0.464,0.456,374486.000
2019-12-31,0.463,0.474,0.475,0.463,1014734.000
2020-01-02,0.475,0.474,0.475,0.470,944915.000
2020-01-03,0.474,0.472,0.475,0.470,464989.000
2020-01-06,0.470,0.467,0.472,0.464,816111.000
2020-01-07,0.467,0.472,0.473,0.467,595627.000
2020-01-08,0.469,0.468,0.471,0.467,329641.000
2020-01-09,0.470,0.48,0.480,0.470,720577.000
2020-01-10,0.480,0.483,0.485,0.480,512016.000
2020-01-13,0.482,0.486,0.486,0.479,403316.000
2020-01-14,0.486,0.481,0.486,0.480,366486.000
2020-01-15,0.481,0.483,0.487,0.480,380066.000
2020-01-16,0.483,0.483,0.484,0.478,286963.000
2020-01-17,0.483,0.49,0.493,0.483,574328.000
2020-01-20,0.504,0.495,0.505,0.487,1567057.000
2020-01-21,0.502,0.501,0.506,0.496,2326077.000
2020-01-22,0.504,0.495,0.504,0.490,1404897.000
2020-01-23,0.495,0.483,0.497,0.477,1144911.000
2020-02-03,0.501,0.451,0.501,0.435,2001651.000
2020-02-04,0.455,0.472,0.476,0.455,1050548.000
2020-02-05,0.477,0.489,0.490,0.473,1469017.000
2020-02-06,0.491,0.503,0.509,0.485,1915916.000
2020-02-07,0.505,0.497,0.509,0.489,1471944.000
2020-02-10,0.496,0.491,0.496,0.486,913115.000
2020-02-11,0.491,0.494,0.496,0.488,816544.000
2020-02-12,0.495,0.5,0.501,0.494,726679.000
2020-02-13,0.501,0.496,0.501,0.492,688068.000
2020-02-14,0.498,0.497,0.501,0.493,489515.000
2020-02-17,0.497,0.505,0.506,0.496,771574.000
2020-02-18,0.508,0.501,0.509,0.499,464071.000
2020-02-19,0.498,0.494,0.500,0.493,461546.000
2020-02-20,0.493,0.5,0.500,0.493,488740.000
2020-02-21,0.499,0.501,0.502,0.495,670787.000
2020-02-24,0.501,0.499,0.502,0.495,492128.000
2020-02-25,0.493,0.504,0.507,0.490,793766.000
2020-02-26,0.499,0.488,0.499,0.487,572618.000
2020-02-27,0.490,0.491,0.495,0.488,264167.000
2020-02-28,0.484,0.476,0.489,0.475,322128.000
2020-03-02,0.479,0.487,0.489,0.476,310293.000
2020-03-03,0.492,0.5,0.505,0.492,618366.000
2020-03-04,0.500,0.5,0.500,0.494,298933.000
2020-03-05,0.505,0.516,0.516,0.503,861570.000
2020-03-06,0.514,0.515,0.525,0.512,525492.000
2020-03-09,0.508,0.501,0.512,0.500,457040.000
2020-03-10,0.498,0.507,0.508,0.490,352938.000
2020-03-11,0.506,0.499,0.509,0.498,223719.000
2020-03-12,0.493,0.483,0.495,0.480,345571.000
2020-03-13,0.462,0.473,0.479,0.455,447019.000
2020-03-16,0.477,0.459,0.479,0.457,381437.000
2020-03-17,0.459,0.458,0.469,0.443,380355.000
2020-03-18,0.460,0.454,0.471,0.453,317091.000
2020-03-19,0.453,0.448,0.457,0.437,614792.000
2020-03-20,0.451,0.46,0.460,0.450,210104.000
2020-03-23,0.455,0.451,0.458,0.446,227083.000
2020-03-24,0.457,0.466,0.467,0.456,252052.000
2020-03-25,0.475,0.481,0.483,0.471,361914.000
2020-03-26,0.479,0.491,0.491,0.476,388741.000
2020-03-27,0.498,0.492,0.503,0.489,351592.000
2020-03-30,0.486,0.484,0.491,0.478,286220.000
2020-03-31,0.486,0.49,0.491,0.483,234274.000
2020-04-01,0.489,0.482,0.491,0.481,329613.000
2020-04-02,0.481,0.49,0.490,0.478,177560.000
2020-04-03,0.490,0.495,0.500,0.489,321143.000
2020-04-07,0.500,0.507,0.508,0.497,285965.000
2020-04-08,0.506,0.506,0.510,0.499,223561.000
2020-04-09,0.507,0.519,0.522,0.505,385348.000
2020-04-10,0.517,0.513,0.529,0.511,335945.000
2020-04-13,0.512,0.516,0.520,0.509,264116.000
2020-04-14,0.518,0.523,0.525,0.510,222208.000
2020-04-15,0.522,0.52,0.528,0.518,294582.000
2020-04-16,0.518,0.521,0.525,0.515,251312.000
2020-04-17,0.521,0.518,0.524,0.517,225139.000
2020-04-20,0.517,0.521,0.525,0.517,180742.000
2020-04-21,0.522,0.517,0.523,0.512,262044.000
2020-04-22,0.515,0.528,0.528,0.512,249355.000
2020-04-23,0.529,0.528,0.535,0.525,180150.000
2020-04-24,0.527,0.52,0.528,0.518,647894.000
2020-04-27,0.521,0.531,0.534,0.517,308006.000
2020-04-28,0.531,0.531,0.534,0.521,194910.000
2020-04-29,0.531,0.524,0.535,0.522,137442.000
2020-04-30,0.522,0.523,0.526,0.520,207571.000
2020-05-06,0.520,0.532,0.533,0.516,197226.000
2020-05-07,0.533,0.533,0.535,0.529,195549.000
2020-05-08,0.534,0.538,0.543,0.533,228391.000
2020-05-11,0.540,0.53,0.541,0.528,278473.000
2020-05-12,0.530,0.536,0.537,0.528,179251.000
2020-05-13,0.535,0.544,0.545,0.534,237093.000
2020-05-14,0.545,0.544,0.546,0.540,144105.000
2020-05-15,0.543,0.539,0.547,0.535,253678.000
2020-05-18,0.536,0.548,0.551,0.535,309675.000
2020-05-19,0.552,0.552,0.560,0.548,166353.000
2020-05-20,0.553,0.547,0.555,0.543,147887.000
2020-05-21,0.547,0.55,0.558,0.546,185589.000
2020-05-22,0.550,0.536,0.551,0.531,278537.000
2020-05-25,0.536,0.543,0.543,0.532,133128.000
2020-05-26,0.543,0.552,0.553,0.542,129295.000
2020-05-27,0.553,0.542,0.553,0.540,281641.000
2020-05-28,0.541,0.534,0.541,0.526,271525.000
2020-05-29,0.531,0.54,0.542,0.530,126762.000
2020-06-01,0.543,0.55,0.551,0.543,135361.000
2020-06-02,0.550,0.546,0.550,0.543,242423.000
2020-06-03,0.546,0.548,0.553,0.546,339081.000
2020-06-04,0.551,0.554,0.554,0.546,204399.000
2020-06-05,0.553,0.558,0.559,0.549,113436.000
2020-06-08,0.560,0.551,0.561,0.548,257082.000
2020-06-09,0.551,0.561,0.561,0.551,151588.000
2020-06-10,0.560,0.57,0.573,0.560,170296.000
2020-06-11,0.571,0.568,0.575,0.563,126368.000
2020-06-12,0.561,0.576,0.577,0.560,175945.000
2020-06-15,0.578,0.574,0.582,0.573,261591.000
2020-06-16,0.577,0.587,0.588,0.575,296429.000
2020-06-17,0.590,0.601,0.603,0.589,436340.000
2020-06-18,0.601,0.598,0.602,0.586,409482.000
2020-06-19,0.595,0.612,0.614,0.594,257202.000
2020-06-22,0.613,0.618,0.628,0.612,317763.000
2020-06-23,0.618,0.631,0.631,0.614,261961.000
2020-06-24,0.633,0.628,0.634,0.617,566269.000
2020-06-29,0.624,0.627,0.628,0.620,285860.000
2020-06-30,0.627,0.632,0.636,0.627,430222.000
2020-07-01,0.633,0.626,0.635,0.616,502230.000
2020-07-02,0.626,0.621,0.629,0.617,574301.000
2020-07-03,0.621,0.631,0.631,0.613,415613.000
2020-07-06,0.631,0.634,0.643,0.623,622190.000
2020-07-07,0.634,0.652,0.660,0.626,667606.000
2020-07-08,0.653,0.653,0.658,0.646,510120.000
2020-07-09,0.652,0.677,0.677,0.649,591288.000
2020-07-10,0.679,0.684,0.689,0.672,681682.000
2020-07-13,0.685,0.706,0.713,0.685,586755.000
2020-07-14,0.713,0.714,0.720,0.695,653336.000
2020-07-15,0.717,0.724,0.743,0.714,821684.000
2020-07-16,0.730,0.68,0.730,0.674,1058865.000
2020-07-17,0.672,0.686,0.696,0.672,671296.000
2020-07-20,0.691,0.688,0.694,0.665,589003.000
2020-07-21,0.688,0.711,0.713,0.681,691440.000
2020-07-22,0.708,0.717,0.724,0.700,583583.000
2020-07-23,0.710,0.735,0.735,0.710,729552.000
2020-07-24,0.728,0.696,0.728,0.688,787583.000
2020-07-27,0.698,0.71,0.714,0.698,627344.000
2020-07-28,0.714,0.71,0.720,0.696,526824.000
2020-07-29,0.705,0.736,0.737,0.703,624195.000
2020-07-30,0.741,0.742,0.762,0.734,659866.000
2020-07-31,0.740,0.752,0.752,0.732,1029460.000
2020-08-03,0.755,0.771,0.772,0.745,606961.000
2020-08-04,0.769,0.763,0.788,0.759,623098.000
2020-08-05,0.763,0.775,0.777,0.747,479439.000
2020-08-06,0.777,0.756,0.786,0.747,765853.000
2020-08-07,0.755,0.742,0.763,0.727,824778.000
2020-08-10,0.738,0.737,0.745,0.718,814365.000
2020-08-11,0.737,0.732,0.752,0.729,485219.000
2020-08-12,0.729,0.709,0.735,0.695,519952.000
2020-08-13,0.709,0.696,0.712,0.693,552369.000
2020-08-14,0.694,0.702,0.704,0.685,457371.000
2020-08-17,0.702,0.712,0.713,0.696,445150.000
2020-08-18,0.713,0.722,0.727,0.713,339796.000
2020-08-19,0.722,0.697,0.722,0.696,462059.000
2020-08-20,0.691,0.693,0.701,0.685,245799.000
2020-08-21,0.698,0.698,0.705,0.693,288357.000
2020-08-24,0.700,0.702,0.703,0.684,231754.000
2020-08-25,0.701,0.705,0.710,0.701,278341.000
2020-08-26,0.704,0.707,0.723,0.704,444308.000
2020-08-27,0.708,0.713,0.713,0.698,238853.000
2020-08-28,0.712,0.736,0.736,0.709,527784.000
2020-08-31,0.739,0.729,0.740,0.727,410241.000
2020-09-01,0.726,0.726,0.733,0.721,309011.000
2020-09-02,0.726,0.729,0.730,0.718,293171.000
2020-09-03,0.725,0.725,0.744,0.721,359140.000
2020-09-04,0.712,0.713,0.717,0.703,303359.000
2020-09-07,0.710,0.69,0.716,0.689,322392.000
2020-09-08,0.691,0.694,0.697,0.686,199198.000
2020-09-09,0.683,0.663,0.683,0.655,392963.000
2020-09-10,0.670,0.663,0.677,0.661,252069.000
2020-09-11,0.660,0.674,0.675,0.655,208218.000
2020-09-14,0.678,0.667,0.683,0.663,233512.000
2020-09-15,0.668,0.675,0.675,0.657,268936.000
2020-09-16,0.673,0.663,0.678,0.658,306570.000
2020-09-17,0.659,0.647,0.660,0.642,321869.000
2020-09-18,0.649,0.657,0.657,0.643,327234.000
2020-09-21,0.658,0.655,0.663,0.652,300884.000
2020-09-22,0.656,0.655,0.665,0.653,353514.000
2020-09-23,0.658,0.674,0.679,0.651,666859.000
2020-09-24,0.669,0.664,0.670,0.661,529544.000
2020-09-25,0.665,0.665,0.675,0.660,493978.000
2020-09-28,0.667,0.657,0.669,0.655,195102.000
2020-09-29,0.659,0.664,0.668,0.651,286920.000
2020-09-30,0.667,0.67,0.679,0.666,342125.000
2020-10-09,0.679,0.692,0.693,0.677,493200.000
2020-10-12,0.694,0.713,0.713,0.693,487120.000
2020-10-13,0.713,0.717,0.722,0.707,379675.000
2020-10-14,0.716,0.714,0.722,0.713,334106.000
2020-10-15,0.714,0.71,0.714,0.705,294857.000
2020-10-16,0.707,0.713,0.717,0.702,276402.000
2020-10-19,0.713,0.694,0.716,0.693,312435.000
2020-10-20,0.692,0.699,0.701,0.688,158163.000
2020-10-21,0.701,0.701,0.711,0.698,305880.000
2020-10-22,0.696,0.69,0.698,0.683,241305.000
2020-10-23,0.690,0.672,0.694,0.661,588584.000
2020-10-26,0.661,0.671,0.673,0.653,266418.000
2020-10-27,0.669,0.689,0.690,0.669,445619.000
2020-10-28,0.689,0.696,0.699,0.684,296618.000
2020-10-29,0.690,0.709,0.713,0.689,437431.000
2020-10-30,0.709,0.698,0.713,0.693,303702.000
2020-11-02,0.697,0.69,0.699,0.684,414076.000
2020-11-03,0.691,0.698,0.699,0.684,272049.000
2020-11-04,0.699,0.702,0.703,0.695,249936.000
2020-11-05,0.709,0.702,0.709,0.695,354147.000
2020-11-06,0.703,0.683,0.703,0.675,585172.000
2020-11-09,0.685,0.696,0.699,0.682,499454.000
2020-11-10,0.704,0.692,0.711,0.688,395109.000
2020-11-11,0.691,0.674,0.691,0.671,336080.000
2020-11-12,0.677,0.681,0.687,0.676,220008.000
2020-11-13,0.681,0.679,0.681,0.673,192715.000
2020-11-16,0.682,0.681,0.683,0.674,168795.000
2020-11-17,0.678,0.665,0.679,0.661,359259.000
2020-11-18,0.666,0.654,0.669,0.654,404632.000
2020-11-19,0.654,0.658,0.659,0.650,239925.000
2020-11-20,0.660,0.661,0.664,0.659,304395.000
2020-11-23,0.666,0.659,0.666,0.654,642244.000
2020-11-24,0.659,0.654,0.659,0.650,411727.000
2020-11-25,0.653,0.641,0.654,0.640,453521.000
2020-11-26,0.643,0.637,0.646,0.635,312357.000
2020-11-27,0.639,0.642,0.644,0.633,370220.000
2020-11-30,0.644,0.647,0.651,0.637,447324.000
2020-12-01,0.647,0.665,0.666,0.645,600824.000
2020-12-02,0.665,0.665,0.667,0.658,354588.000
2020-12-03,0.667,0.681,0.685,0.663,584583.000
2020-12-04,0.681,0.689,0.690,0.676,500044.000
2020-12-07,0.683,0.677,0.684,0.673,329867.000
2020-12-08,0.680,0.676,0.681,0.675,351075.000
2020-12-09,0.675,0.669,0.681,0.668,346944.000
2020-12-10,0.672,0.675,0.676,0.663,308127.000
2020-12-11,0.679,0.671,0.680,0.666,333063.000
2020-12-14,0.673,0.681,0.682,0.667,444268.000
2020-12-15,0.678,0.699,0.701,0.678,516794.000
2020-12-16,0.700,0.703,0.705,0.693,456807.000
2020-12-17,0.716,0.728,0.732,0.715,879429.000
2020-12-18,0.727,0.73,0.733,0.719,572345.000
2020-12-21,0.729,0.736,0.737,0.721,651539.000
2020-12-22,0.736,0.731,0.747,0.729,547220.000
2020-12-23,0.728,0.731,0.734,0.720,478265.000
2020-12-24,0.731,0.733,0.741,0.729,442991.000
2020-12-25,0.734,0.753,0.754,0.732,481795.000
2020-12-28,0.755,0.742,0.758,0.740,435058.000
2020-12-29,0.740,0.73,0.744,0.725,360208.000
2020-12-30,0.732,0.743,0.746,0.729,484641.000
2020-12-31,0.747,0.751,0.754,0.738,557892.000
2021-01-04,0.748,0.757,0.759,0.744,763996.000
2021-01-05,0.755,0.769,0.770,0.750,641088.000
2021-01-06,0.772,0.783,0.785,0.767,632572.000
2021-01-07,0.783,0.796,0.796,0.775,498047.000
2021-01-08,0.794,0.791,0.805,0.783,427527.000
2021-01-11,0.789,0.774,0.793,0.770,465380.000
2021-01-12,0.771,0.792,0.792,0.769,423127.000
2021-01-13,0.793,0.777,0.793,0.771,580471.000
2021-01-14,0.775,0.763,0.777,0.761,604362.000
2021-01-15,0.762,0.761,0.764,0.748,534401.000
2021-01-18,0.760,0.763,0.769,0.749,374448.000
2021-01-19,0.764,0.747,0.765,0.746,428987.000
2021-01-20,0.750,0.778,0.778,0.750,611928.000
2021-01-21,0.781,0.792,0.793,0.780,478685.000
2021-01-22,0.795,0.831,0.832,0.793,648355.000
2021-01-25,0.833,0.832,0.837,0.822,549001.000
2021-01-26,0.830,0.805,0.830,0.803,464252.000
2021-01-27,0.806,0.801,0.810,0.785,361072.000
2021-01-28,0.793,0.779,0.798,0.776,443088.000
2021-01-29,0.780,0.774,0.789,0.763,535729.000
2021-02-01,0.773,0.792,0.792,0.772,532124.000
2021-02-02,0.795,0.809,0.809,0.782,384352.000
2021-02-03,0.810,0.813,0.828,0.805,537346.000
2021-02-04,0.807,0.804,0.818,0.793,406725.000
2021-02-05,0.804,0.828,0.840,0.804,561579.000
2021-02-08,0.829,0.852,0.854,0.828,490045.000
2021-02-09,0.855,0.868,0.869,0.847,507324.000
2021-02-10,0.869,0.89,0.892,0.858,436033.000
2021-02-18,0.906,0.849,0.907,0.848,723031.000
2021-02-19,0.845,0.849,0.854,0.824,578494.000
2021-02-22,0.849,0.804,0.850,0.804,803769.000
2021-02-23,0.800,0.803,0.816,0.795,533200.000
2021-02-24,0.803,0.767,0.804,0.760,819112.000
2021-02-25,0.770,0.769,0.780,0.764,485179.000
2021-02-26,0.755,0.757,0.771,0.743,519279.000
2021-03-01,0.764,0.768,0.768,0.749,408098.000
2021-03-02,0.772,0.748,0.772,0.741,576496.000
2021-03-03,0.745,0.763,0.764,0.741,382708.000
2021-03-04,0.753,0.734,0.755,0.729,474779.000
2021-03-05,0.715,0.734,0.740,0.715,367376.000
2021-03-08,0.738,0.686,0.742,0.685,769169.000
2021-03-09,0.685,0.668,0.693,0.658,672940.000
2021-03-10,0.680,0.686,0.694,0.678,613837.000
2021-03-11,0.685,0.704,0.714,0.685,682142.000
2021-03-12,0.707,0.705,0.709,0.693,336252.000
2021-03-15,0.703,0.677,0.703,0.667,400866.000
2021-03-16,0.680,0.682,0.688,0.671,325260.000
2021-03-17,0.679,0.686,0.690,0.670,402326.000
2021-03-18,0.688,0.701,0.703,0.688,418583.000
2021-03-19,0.687,0.684,0.696,0.678,321124.000
2021-03-22,0.687,0.688,0.699,0.679,351273.000
2021-03-23,0.688,0.688,0.696,0.678,298691.000
2021-03-24,0.684,0.685,0.695,0.680,292563.000
2021-03-25,0.677,0.692,0.694,0.674,386118.000
2021-03-26,0.696,0.72,0.721,0.696,681704.000
2021-03-29,0.718,0.715,0.724,0.709,420927.000
2021-03-30,0.716,0.727,0.734,0.713,395091.000
2021-03-31,0.726,0.722,0.726,0.713,348763.000
2021-04-01,0.722,0.737,0.739,0.722,494422.000
2021-04-02,0.741,0.742,0.748,0.734,496545.000
2021-04-06,0.742,0.73,0.742,0.727,311759.000
2021-04-07,0.727,0.726,0.730,0.715,263390.000
2021-04-08,0.723,0.74,0.741,0.718,384381.000
2021-04-09,0.738,0.726,0.740,0.723,341472.000
2021-04-12,0.725,0.706,0.730,0.703,443537.000
2021-04-13,0.702,0.712,0.720,0.701,451991.000
2021-04-14,0.713,0.712,0.720,0.700,555719.000
2021-04-15,0.710,0.706,0.713,0.698,367605.000
2021-04-16,0.711,0.702,0.711,0.695,487402.000
2021-04-19,0.704,0.723,0.724,0.697,538283.000
2021-04-20,0.723,0.725,0.732,0.714,386273.000
2021-04-21,0.720,0.741,0.741,0.719,428784.000
2021-04-22,0.741,0.741,0.744,0.734,671233.000
2021-04-23,0.741,0.758,0.763,0.739,535125.000
2021-04-26,0.765,0.755,0.780,0.754,613760.000
2021-04-27,0.751,0.775,0.775,0.748,557804.000
2021-04-28,0.774,0.791,0.791,0.770,440987.000
2021-04-29,0.789,0.788,0.793,0.776,436155.000
2021-04-30,0.786,0.801,0.807,0.785,511377.000
2021-05-06,0.788,0.765,0.793,0.756,783695.000
2021-05-07,0.765,0.746,0.774,0.746,559278.000
2021-05-10,0.749,0.761,0.768,0.749,397638.000
2021-05-11,0.759,0.776,0.776,0.748,479775.000
2021-05-12,0.775,0.787,0.789,0.768,469945.000
2021-05-13,0.783,0.792,0.796,0.778,529445.000
2021-05-14,0.796,0.811,0.820,0.790,627023.000
2021-05-17,0.815,0.828,0.834,0.815,581862.000
2021-05-18,0.827,0.821,0.832,0.810,464441.000
2021-05-19,0.818,0.818,0.822,0.810,392185.000
2021-05-20,0.816,0.815,0.824,0.813,365735.000
2021-05-21,0.816,0.804,0.823,0.801,436828.000
2021-05-24,0.802,0.799,0.803,0.779,597606.000
2021-05-25,0.803,0.823,0.824,0.803,601213.000
2021-05-26,0.823,0.822,0.829,0.812,403437.000
2021-05-27,0.821,0.829,0.831,0.810,493125.000
2021-05-28,0.828,0.812,0.830,0.807,750455.000
2021-05-31,0.812,0.824,0.827,0.810,472511.000
2021-06-01,0.824,0.839,0.840,0.819,668599.000
2021-06-02,0.839,0.822,0.842,0.819,475851.000
2021-06-03,0.819,0.814,0.825,0.810,429627.000
2021-06-04,0.811,0.818,0.822,0.802,378832.000
2021-06-07,0.817,0.82,0.821,0.805,315487.000
2021-06-08,0.820,0.807,0.829,0.800,460975.000
2021-06-09,0.805,0.809,0.813,0.799,304517.000
2021-06-10,0.811,0.824,0.830,0.811,526478.000
2021-06-11,0.823,0.821,0.826,0.808,358955.000
2021-06-15,0.816,0.805,0.822,0.803,500143.000
2021-06-16,0.804,0.779,0.807,0.778,470338.000
2021-06-17,0.776,0.784,0.791,0.776,338353.000
2021-06-18,0.784,0.791,0.797,0.782,376881.000
2021-06-21,0.789,0.794,0.799,0.781,383975.000
2021-06-22,0.795,0.815,0.815,0.787,577315.000
2021-06-23,0.815,0.815,0.825,0.811,470005.000
2021-06-24,0.814,0.802,0.815,0.794,575413.000
2021-06-28,0.821,0.836,0.837,0.821,1895809.000
2021-06-29,0.838,0.829,0.841,0.826,1889394.000
2021-06-30,0.830,0.832,0.835,0.825,1547409.000
2021-07-01,0.834,0.848,0.855,0.832,2926237.000
2021-07-02,0.844,0.809,0.846,0.808,3723661.000
2021-07-05,0.800,0.804,0.815,0.796,2288088.000
2021-07-06,0.805,0.775,0.806,0.754,4067477.000
2021-07-07,0.766,0.791,0.798,0.766,2440205.000
2021-07-08,0.791,0.777,0.800,0.775,2322358.000
2021-07-09,0.771,0.779,0.780,0.755,1918793.000
2021-07-12,0.782,0.797,0.799,0.768,2415613.000
2021-07-13,0.795,0.799,0.804,0.788,1487259.000
2021-07-14,0.796,0.801,0.815,0.789,2662492.000
2021-07-15,0.802,0.807,0.807,0.793,1870180.000
2021-07-16,0.807,0.803,0.809,0.796,1955861.000
2021-07-19,0.802,0.821,0.822,0.802,2329074.000
2021-07-20,0.818,0.826,0.832,0.818,2273141.000
2021-07-21,0.828,0.835,0.836,0.820,2051391.000
2021-07-22,0.833,0.809,0.834,0.803,4782640.000
2021-07-23,0.805,0.783,0.805,0.780,3728166.000
2021-07-26,0.778,0.741,0.778,0.722,5953661.000
2021-07-27,0.737,0.711,0.742,0.710,3989971.000
2021-07-28,0.707,0.732,0.733,0.698,3601678.000
2021-07-29,0.740,0.748,0.754,0.740,3137260.000
2021-07-30,0.745,0.741,0.745,0.722,2754865.000
2021-08-02,0.738,0.751,0.753,0.711,3260325.000
2021-08-03,0.745,0.778,0.781,0.742,4225871.000
2021-08-04,0.779,0.778,0.781,0.763,3358601.000
2021-08-05,0.773,0.772,0.783,0.761,2873799.000
2021-08-06,0.767,0.744,0.768,0.737,3947474.000
2021-08-09,0.735,0.749,0.750,0.733,2182128.000
2021-08-10,0.751,0.759,0.759,0.738,2507012.000
2021-08-11,0.759,0.742,0.760,0.739,3216755.000
2021-08-12,0.735,0.729,0.742,0.726,2569860.000
2021-08-13,0.730,0.727,0.737,0.720,2188300.000
2021-08-16,0.725,0.724,0.728,0.719,2900626.000
2021-08-17,0.721,0.699,0.727,0.695,4102160.000
2021-08-18,0.699,0.698,0.707,0.694,2493139.000
2021-08-19,0.699,0.701,0.709,0.698,2251625.000
2021-08-20,0.690,0.665,0.691,0.658,5980170.000
2021-08-23,0.660,0.675,0.677,0.654,3296535.000
2021-08-24,0.676,0.688,0.691,0.674,2777824.000
2021-08-25,0.688,0.692,0.698,0.681,2370192.000
2021-08-26,0.692,0.666,0.692,0.665,3030084.000
2021-08-27,0.664,0.665,0.681,0.662,2568728.000
2021-08-30,0.668,0.663,0.673,0.657,2331907.000
2021-08-31,0.663,0.648,0.670,0.647,3461468.000
2021-09-01,0.649,0.659,0.667,0.636,3535003.000
2021-09-02,0.660,0.638,0.661,0.636,4703863.000
2021-09-03,0.637,0.641,0.646,0.626,3269406.000
2021-09-06,0.643,0.675,0.677,0.641,5844831.000
2021-09-07,0.673,0.673,0.673,0.664,4439655.000
2021-09-08,0.673,0.667,0.675,0.663,2997586.000
2021-09-09,0.667,0.667,0.674,0.662,2594912.000
2021-09-10,0.666,0.664,0.668,0.656,3244197.000
2021-09-13,0.668,0.659,0.675,0.654,4579965.000
2021-09-14,0.660,0.663,0.670,0.657,3210120.000
2021-09-15,0.660,0.652,0.662,0.648,3439183.000
2021-09-16,0.649,0.654,0.660,0.643,3565882.000
2021-09-17,0.652,0.684,0.688,0.647,6780414.000
2021-09-22,0.676,0.68,0.693,0.673,3907624.000
2021-09-23,0.678,0.68,0.690,0.670,3928164.000
2021-09-24,0.677,0.685,0.691,0.673,4252611.000
2021-09-27,0.694,0.696,0.706,0.683,4924113.000
2021-09-28,0.694,0.691,0.701,0.683,4193676.000
2021-09-29,0.684,0.68,0.690,0.673,4038617.000
2021-09-30,0.679,0.69,0.692,0.678,3977983.000
2021-10-08,0.687,0.694,0.698,0.678,3420161.000
2021-10-11,0.692,0.683,0.703,0.680,4465211.000
2021-10-12,0.679,0.68,0.690,0.673,3522500.000
2021-10-13,0.677,0.692,0.694,0.675,4516488.000
2021-10-14,0.689,0.677,0.692,0.672,5367176.000
2021-10-15,0.671,0.669,0.674,0.664,4225697.000
2021-10-18,0.668,0.657,0.669,0.653,3875695.000
2021-10-19,0.656,0.667,0.671,0.655,3541830.000
2021-10-20,0.666,0.665,0.671,0.653,3807600.000
2021-10-21,0.664,0.662,0.669,0.659,3359352.000
2021-10-22,0.662,0.666,0.670,0.658,3386091.000
2021-10-25,0.665,0.668,0.672,0.664,3579101.000
2021-10-26,0.665,0.663,0.672,0.661,3737525.000
2021-10-27,0.662,0.648,0.663,0.646,4299082.000
2021-10-28,0.646,0.646,0.653,0.642,3297932.000
2021-10-29,0.645,0.655,0.657,0.636,4341736.000
2021-11-01,0.654,0.642,0.657,0.638,5130813.000
2021-11-02,0.640,0.632,0.645,0.630,5395610.000
2021-11-03,0.634,0.638,0.644,0.634,3707732.000
2021-11-04,0.640,0.641,0.645,0.636,3566723.000
2021-11-05,0.640,0.641,0.647,0.638,3539424.000
2021-11-08,0.641,0.627,0.641,0.623,7406020.000
2021-11-09,0.627,0.631,0.633,0.624,3998887.000
2021-11-10,0.631,0.647,0.648,0.623,7615805.000
2021-11-11,0.644,0.645,0.650,0.640,5827430.000
2021-11-12,0.646,0.642,0.647,0.640,4531603.000
2021-11-15,0.642,0.656,0.656,0.641,6336343.000
2021-11-16,0.657,0.676,0.678,0.656,10197210.000
2021-11-17,0.677,0.676,0.685,0.671,5658725.000
2021-11-18,0.673,0.661,0.674,0.659,5751268.000
2021-11-19,0.656,0.659,0.661,0.653,5913303.000
2021-11-22,0.660,0.653,0.660,0.650,8169040.000
2021-11-23,0.655,0.654,0.658,0.651,6491913.000
2021-11-24,0.654,0.659,0.660,0.649,7875625.000
2021-11-25,0.659,0.665,0.668,0.657,6846923.000
2021-11-26,0.667,0.664,0.672,0.664,6926598.000
2021-11-29,0.676,0.664,0.686,0.663,6753090.000
2021-11-30,0.662,0.663,0.664,0.655,5133499.000
2021-12-01,0.660,0.655,0.661,0.653,5101649.000
2021-12-02,0.652,0.646,0.656,0.645,5070930.000
2021-12-03,0.647,0.651,0.652,0.646,3996018.000
2021-12-06,0.650,0.639,0.651,0.638,6609244.000
2021-12-07,0.641,0.644,0.647,0.639,4660304.000
2021-12-08,0.645,0.652,0.652,0.641,5476512.000
2021-12-09,0.654,0.668,0.670,0.650,9615747.000
2021-12-10,0.665,0.662,0.669,0.659,8448568.000
2021-12-13,0.661,0.656,0.667,0.656,8040416.000
2021-12-14,0.655,0.659,0.663,0.654,5576523.000
2021-12-15,0.658,0.639,0.659,0.636,11702702.000
2021-12-16,0.635,0.642,0.644,0.634,6157122.000
2021-12-17,0.644,0.636,0.648,0.635,7254972.000
2021-12-20,0.634,0.624,0.638,0.624,8090938.000
2021-12-21,0.625,0.631,0.632,0.624,4796048.000
2021-12-22,0.632,0.632,0.635,0.629,3475728.000
2021-12-23,0.634,0.627,0.635,0.625,5114426.000
2021-12-24,0.628,0.63,0.632,0.624,4957216.000
2021-12-27,0.630,0.634,0.634,0.627,6962301.000
2021-12-28,0.633,0.638,0.638,0.628,5768670.000
2021-12-29,0.638,0.629,0.643,0.628,6951218.000
2021-12-30,0.628,0.633,0.634,0.624,5701545.000
2021-12-31,0.633,0.633,0.636,0.630,5677531.000
2022-01-04,0.630,0.617,0.631,0.615,11018730.000
2022-01-05,0.616,0.609,0.617,0.606,7076072.000
2022-01-06,0.606,0.601,0.609,0.595,7795820.000
2022-01-07,0.601,0.599,0.604,0.597,4721269.000
2022-01-10,0.598,0.604,0.606,0.592,5219367.000
2022-01-11,0.601,0.604,0.607,0.599,4536694.000
2022-01-12,0.603,0.609,0.611,0.601,5906308.000
2022-01-13,0.609,0.596,0.610,0.596,5971239.000
2022-01-14,0.594,0.597,0.600,0.591,5488288.000
2022-01-17,0.597,0.599,0.601,0.594,4651484.000
2022-01-18,0.598,0.598,0.604,0.593,5168722.000
2022-01-19,0.598,0.582,0.598,0.580,8870943.000
2022-01-20,0.580,0.58,0.585,0.579,6279350.000
2022-01-21,0.580,0.566,0.580,0.565,7893326.000
2022-01-24,0.561,0.564,0.569,0.560,5647055.000
2022-01-25,0.562,0.552,0.566,0.551,6830349.000
2022-01-26,0.554,0.542,0.556,0.537,8237115.000
2022-01-27,0.542,0.534,0.543,0.533,6135475.000
2022-01-28,0.536,0.53,0.539,0.529,6515938.000
2022-02-07,0.538,0.536,0.545,0.534,5539482.000
2022-02-08,0.529,0.529,0.529,0.516,10112636.000
2022-02-09,0.528,0.533,0.535,0.522,7525360.000
2022-02-10,0.533,0.526,0.534,0.524,7862375.000
2022-02-11,0.523,0.509,0.523,0.508,9031771.000
2022-02-14,0.506,0.511,0.517,0.506,6257528.000
2022-02-15,0.510,0.533,0.534,0.508,12052630.000
2022-02-16,0.535,0.533,0.539,0.532,6427875.000
2022-02-17,0.533,0.534,0.538,0.530,4617649.000
2022-02-18,0.530,0.537,0.538,0.528,4132638.000
2022-02-21,0.542,0.537,0.543,0.534,4767123.000
2022-02-22,0.533,0.528,0.534,0.526,4981237.000
2022-02-23,0.529,0.539,0.539,0.529,5321263.000
2022-02-24,0.536,0.527,0.542,0.521,7208960.000
2022-02-25,0.531,0.544,0.548,0.531,7812794.000
2022-02-28,0.543,0.546,0.547,0.537,6077131.000
2022-03-01,0.546,0.548,0.552,0.544,4948087.000
2022-03-02,0.544,0.542,0.545,0.537,6833876.000
2022-03-03,0.544,0.536,0.546,0.536,6169169.000
2022-03-04,0.531,0.533,0.541,0.530,6201625.000
2022-03-07,0.530,0.515,0.531,0.512,7726413.000
2022-03-08,0.514,0.502,0.521,0.497,8904379.000
2022-03-09,0.501,0.487,0.502,0.468,10897719.000
2022-03-10,0.498,0.504,0.506,0.496,7805735.000
2022-03-11,0.495,0.516,0.516,0.493,10674443.000
2022-03-14,0.519,0.508,0.523,0.508,8824850.000
2022-03-15,0.502,0.488,0.512,0.486,9482349.000
2022-03-16,0.494,0.504,0.506,0.478,10432203.000
2022-03-17,0.511,0.524,0.533,0.510,14425649.000
2022-03-18,0.519,0.527,0.529,0.518,8077837.000
2022-03-21,0.530,0.532,0.533,0.521,6991803.000
2022-03-22,0.528,0.52,0.530,0.518,6751745.000
2022-03-23,0.521,0.532,0.534,0.517,9073689.000
2022-03-24,0.526,0.544,0.550,0.522,10990961.000
2022-03-25,0.542,0.527,0.544,0.526,11836065.000
2022-03-28,0.521,0.52,0.526,0.517,7838244.000
2022-03-29,0.522,0.525,0.528,0.517,6824120.000
2022-03-30,0.529,0.538,0.539,0.519,8572419.000
2022-03-31,0.534,0.535,0.545,0.533,7011415.000
2022-04-01,0.530,0.532,0.535,0.525,6873717.000
2022-04-06,0.534,0.53,0.539,0.527,7337321.000
2022-04-07,0.525,0.521,0.533,0.520,7330188.000
2022-04-08,0.521,0.516,0.522,0.511,7650182.000
2022-04-11,0.513,0.507,0.516,0.505,7138959.000
2022-04-12,0.506,0.519,0.522,0.504,8249571.000
2022-04-13,0.515,0.507,0.516,0.506,7469337.000
2022-04-14,0.509,0.51,0.515,0.504,8611038.000
2022-04-15,0.506,0.515,0.522,0.504,8183345.000
2022-04-18,0.512,0.514,0.516,0.508,5867588.000
2022-04-19,0.513,0.502,0.517,0.500,7079467.000
2022-04-20,0.502,0.494,0.504,0.492,7284059.000
2022-04-21,0.492,0.481,0.497,0.477,9105276.000
2022-04-22,0.478,0.48,0.487,0.471,7986636.000
2022-04-25,0.472,0.456,0.475,0.455,7827799.000
2022-04-26,0.456,0.463,0.471,0.453,7339133.000
2022-04-27,0.457,0.472,0.472,0.452,7938346.000
2022-04-28,0.470,0.469,0.472,0.462,5953291.000
2022-04-29,0.469,0.479,0.480,0.466,7605593.000
2022-05-05,0.476,0.48,0.483,0.474,6223162.000
2022-05-06,0.470,0.47,0.476,0.467,5930746.000
2022-05-09,0.467,0.465,0.472,0.464,5142768.000
2022-05-10,0.460,0.469,0.472,0.457,5467380.000
2022-05-11,0.470,0.479,0.488,0.468,9288496.000
2022-05-12,0.476,0.484,0.487,0.475,6832293.000
2022-05-13,0.488,0.483,0.492,0.480,4948176.000
2022-05-16,0.486,0.476,0.487,0.474,5282149.000
2022-05-17,0.475,0.471,0.476,0.467,5974043.000
2022-05-18,0.472,0.466,0.474,0.466,5048809.000
2022-05-19,0.461,0.465,0.466,0.460,5142531.000
2022-05-20,0.468,0.479,0.481,0.468,6974126.000
2022-05-23,0.483,0.479,0.484,0.476,5277434.000
2022-05-24,0.480,0.461,0.480,0.461,8268611.000
2022-05-25,0.460,0.463,0.465,0.460,5665993.000
2022-05-26,0.464,0.458,0.465,0.454,7531113.000
2022-05-27,0.461,0.462,0.471,0.461,8233502.000
2022-05-30,0.465,0.468,0.470,0.459,6145640.000
2022-05-31,0.467,0.478,0.479,0.462,9170521.000
2022-06-01,0.477,0.476,0.481,0.471,6080669.000
2022-06-02,0.473,0.469,0.474,0.466,7185886.000
2022-06-06,0.469,0.483,0.483,0.467,10111015.000
2022-06-07,0.482,0.49,0.491,0.480,9619900.000
2022-06-08,0.491,0.498,0.505,0.490,15909914.000
2022-06-09,0.498,0.488,0.501,0.486,8793941.000
2022-06-10,0.483,0.492,0.493,0.481,9566957.000
2022-06-13,0.484,0.482,0.486,0.478,8987301.000
2022-06-14,0.477,0.484,0.485,0.473,8247950.000
2022-06-15,0.485,0.492,0.498,0.484,11420427.000
2022-06-16,0.492,0.498,0.504,0.492,9370079.000
2022-06-17,0.494,0.514,0.515,0.491,12296845.000
2022-06-20,0.515,0.522,0.528,0.514,12452386.000
2022-06-21,0.521,0.517,0.526,0.512,8952195.000
2022-06-22,0.517,0.509,0.521,0.508,9050599.000
2022-06-23,0.510,0.512,0.512,0.502,11131901.000
2022-06-24,0.513,0.525,0.526,0.512,11699845.000
2022-06-27,0.527,0.535,0.541,0.527,10751549.000
2022-06-28,0.535,0.535,0.536,0.526,11386584.000
2022-06-29,0.533,0.533,0.546,0.530,11851703.000
2022-06-30,0.533,0.549,0.553,0.533,11700205.000
2022-07-01,0.549,0.546,0.554,0.542,8625112.000
2022-07-04,0.549,0.572,0.573,0.546,13159017.000
2022-07-05,0.573,0.575,0.579,0.560,14718795.000
2022-07-06,0.572,0.56,0.581,0.556,12977306.000
2022-07-07,0.559,0.551,0.563,0.542,12789555.000
2022-07-08,0.552,0.552,0.560,0.550,10037386.000
2022-07-11,0.553,0.546,0.556,0.541,11828949.000
2022-07-12,0.549,0.529,0.552,0.528,12651051.000
2022-07-13,0.528,0.53,0.534,0.526,7937237.000
2022-07-14,0.530,0.542,0.549,0.529,10345991.000
2022-07-15,0.540,0.529,0.545,0.529,8506445.000
2022-07-18,0.530,0.531,0.532,0.515,9699545.000
2022-07-19,0.530,0.523,0.533,0.518,11123804.000
2022-07-20,0.527,0.528,0.534,0.524,10090349.000
2022-07-21,0.527,0.527,0.532,0.524,10071428.000
2022-07-22,0.529,0.525,0.534,0.521,9582544.000
2022-07-25,0.522,0.521,0.524,0.516,8467120.000
2022-07-26,0.524,0.519,0.527,0.516,9736596.000
2022-07-27,0.519,0.51,0.519,0.509,11281097.000
2022-07-28,0.512,0.506,0.514,0.504,12722485.000
2022-07-29,0.506,0.491,0.507,0.490,13626910.000
2022-08-01,0.489,0.493,0.494,0.484,9888830.000
2022-08-02,0.489,0.482,0.490,0.479,10298138.000
2022-08-03,0.483,0.485,0.493,0.482,11583964.000
2022-08-04,0.488,0.496,0.497,0.487,12227519.000
2022-08-05,0.497,0.509,0.509,0.497,11877351.000
2022-08-08,0.510,0.503,0.510,0.500,9007011.000
2022-08-09,0.501,0.5,0.502,0.495,7890759.000
2022-08-10,0.498,0.489,0.499,0.487,10360938.000
2022-08-11,0.493,0.505,0.506,0.491,12953927.000
2022-08-12,0.503,0.506,0.508,0.500,8509318.000
2022-08-15,0.504,0.497,0.505,0.496,9747779.000
2022-08-16,0.498,0.491,0.499,0.489,11027367.000
2022-08-17,0.490,0.495,0.498,0.487,8428093.000
2022-08-18,0.494,0.485,0.494,0.484,12392495.000
2022-08-19,0.483,0.481,0.483,0.479,11890434.000
2022-08-22,0.479,0.484,0.484,0.474,9549923.000
2022-08-23,0.482,0.477,0.484,0.475,9548903.000
2022-08-24,0.476,0.472,0.481,0.471,10132482.000
2022-08-25,0.473,0.478,0.478,0.470,9926913.000
2022-08-26,0.478,0.479,0.485,0.476,9565327.000
2022-08-29,0.474,0.473,0.475,0.470,9704207.000
2022-08-30,0.472,0.471,0.475,0.467,9020174.000
2022-08-31,0.470,0.48,0.485,0.469,14470440.000
2022-09-01,0.479,0.478,0.484,0.477,8771071.000
2022-09-02,0.479,0.473,0.484,0.471,10010655.000
2022-09-05,0.473,0.465,0.476,0.462,14519678.000
2022-09-06,0.466,0.464,0.466,0.461,9024508.000
2022-09-07,0.463,0.463,0.465,0.458,9675367.000
2022-09-08,0.464,0.461,0.467,0.460,8933799.000
2022-09-09,0.465,0.475,0.475,0.465,14738985.000
2022-09-13,0.472,0.466,0.474,0.466,12874411.000
2022-09-14,0.461,0.464,0.465,0.458,10616021.000
2022-09-15,0.466,0.462,0.472,0.459,12581693.000
2022-09-16,0.460,0.448,0.462,0.448,15285004.000
2022-09-19,0.447,0.441,0.450,0.439,11472159.000
2022-09-20,0.443,0.442,0.444,0.437,9759481.000
2022-09-21,0.439,0.429,0.440,0.428,14654511.000
2022-09-22,0.425,0.421,0.427,0.419,12718175.000
2022-09-23,0.420,0.419,0.423,0.413,12854382.000
2022-09-26,0.415,0.416,0.423,0.415,10813325.000
2022-09-27,0.417,0.439,0.439,0.416,18742217.000
2022-09-28,0.435,0.434,0.442,0.433,13102706.000
2022-09-29,0.439,0.444,0.453,0.439,15862553.000
2022-09-30,0.441,0.442,0.449,0.441,9522598.000
2022-10-10,0.444,0.428,0.446,0.427,10442002.000
2022-10-11,0.429,0.426,0.431,0.420,8443686.000
2022-10-12,0.425,0.429,0.429,0.412,15661564.000
2022-10-13,0.426,0.438,0.443,0.424,14133484.000
2022-10-14,0.443,0.482,0.482,0.441,39953811.000
2022-10-17,0.479,0.481,0.490,0.476,21264472.000
2022-10-18,0.482,0.484,0.488,0.471,17456816.000
2022-10-19,0.479,0.474,0.481,0.471,15266124.000
2022-10-20,0.470,0.475,0.485,0.468,14474765.000
2022-10-21,0.473,0.473,0.478,0.468,10211128.000
2022-10-24,0.471,0.455,0.473,0.451,17743599.000
2022-10-25,0.454,0.444,0.455,0.439,16376190.000
2022-10-26,0.446,0.469,0.474,0.445,19732440.000
2022-10-27,0.470,0.46,0.470,0.454,20805003.000
2022-10-28,0.453,0.45,0.462,0.447,15967570.000
2022-10-31,0.443,0.446,0.452,0.438,16863620.000
2022-11-01,0.448,0.464,0.464,0.441,19764329.000
2022-11-02,0.460,0.471,0.480,0.458,25033022.000
2022-11-03,0.465,0.468,0.472,0.462,16644211.000
2022-11-04,0.467,0.478,0.483,0.466,18312732.000
2022-11-07,0.476,0.479,0.479,0.472,15450258.000
2022-11-08,0.477,0.47,0.478,0.466,15348757.000
2022-11-09,0.468,0.467,0.474,0.466,11549330.000
2022-11-10,0.465,0.464,0.470,0.461,11717001.000
2022-11-11,0.480,0.467,0.482,0.466,33307880.000
2022-11-14,0.467,0.479,0.482,0.465,22429522.000
2022-11-15,0.479,0.482,0.482,0.467,21182391.000
2022-11-16,0.481,0.482,0.493,0.478,20910360.000
2022-11-17,0.479,0.48,0.484,0.473,15434285.000
2022-11-18,0.483,0.487,0.491,0.482,17940827.000
2022-11-21,0.481,0.482,0.483,0.476,12151010.000
2022-11-22,0.480,0.473,0.487,0.468,16261955.000
2022-11-23,0.471,0.463,0.471,0.459,15942193.000
2022-11-24,0.464,0.465,0.469,0.462,11408089.000
2022-11-25,0.464,0.465,0.466,0.456,11349906.000
2022-11-28,0.454,0.457,0.459,0.450,15555635.000
2022-11-29,0.456,0.468,0.469,0.456,15169535.000
2022-11-30,0.467,0.464,0.468,0.462,10370967.000
2022-12-01,0.472,0.473,0.475,0.468,17138896.000
2022-12-02,0.471,0.469,0.474,0.468,11120403.000
2022-12-05,0.473,0.471,0.475,0.468,17655029.000
2022-12-06,0.470,0.471,0.477,0.467,13315208.000
2022-12-07,0.469,0.471,0.475,0.466,16374898.000
2022-12-08,0.471,0.47,0.473,0.468,10475745.000
2022-12-09,0.470,0.47,0.471,0.464,14782626.000
2022-12-12,0.471,0.473,0.478,0.470,15923423.000
2022-12-13,0.474,0.471,0.475,0.466,13141984.000
2022-12-14,0.471,0.47,0.475,0.467,11479057.000
2022-12-15,0.470,0.468,0.474,0.466,10852782.000
2022-12-16,0.467,0.47,0.472,0.466,12732320.000
2022-12-19,0.471,0.458,0.472,0.457,13997856.000
2022-12-20,0.457,0.451,0.460,0.450,12113856.000
2022-12-21,0.453,0.452,0.456,0.452,7901364.000
2022-12-22,0.455,0.46,0.467,0.452,12950162.000
2022-12-23,0.457,0.464,0.465,0.456,10309805.000
2022-12-26,0.465,0.463,0.467,0.462,6584619.000
2022-12-27,0.465,0.469,0.470,0.460,10260100.000
2022-12-28,0.467,0.469,0.473,0.467,8638129.000
2022-12-29,0.468,0.476,0.479,0.466,12507723.000
2022-12-30,0.477,0.478,0.480,0.475,8665316.000
2023-01-03,0.478,0.477,0.482,0.472,10813260.000
2023-01-04,0.476,0.48,0.482,0.476,10552893.000
2023-01-05,0.482,0.494,0.498,0.481,17405028.000
2023-01-06,0.494,0.491,0.495,0.488,8937791.000
2023-01-09,0.492,0.495,0.497,0.488,8889284.000
2023-01-10,0.495,0.502,0.505,0.492,11124427.000
2023-01-11,0.502,0.499,0.507,0.498,9286118.000
2023-01-12,0.499,0.496,0.503,0.495,8421395.000
2023-01-13,0.498,0.511,0.511,0.496,11266521.000
2023-01-16,0.512,0.531,0.540,0.510,20197706.000
2023-01-17,0.530,0.528,0.533,0.524,9525113.000
2023-01-18,0.527,0.523,0.528,0.521,8188160.000
2023-01-19,0.523,0.534,0.539,0.520,14814155.000
2023-01-20,0.534,0.532,0.542,0.531,11108451.000
2023-01-30,0.539,0.527,0.541,0.526,9781786.000
2023-01-31,0.526,0.513,0.528,0.512,12961190.000
2023-02-01,0.514,0.518,0.519,0.509,10637197.000
2023-02-02,0.518,0.52,0.527,0.515,10799249.000
2023-02-03,0.516,0.515,0.521,0.510,13157402.000
2023-02-06,0.508,0.503,0.510,0.501,16101720.000
2023-02-07,0.506,0.504,0.509,0.501,11935319.000
2023-02-08,0.505,0.505,0.511,0.504,8408120.000
2023-02-09,0.503,0.512,0.512,0.502,10233139.000
2023-02-10,0.510,0.51,0.512,0.505,10356245.000
2023-02-13,0.509,0.514,0.520,0.509,12704882.000
2023-02-14,0.514,0.515,0.517,0.511,9775415.000
2023-02-15,0.515,0.507,0.517,0.506,9664449.000
2023-02-16,0.507,0.505,0.513,0.498,11842058.000
2023-02-17,0.502,0.502,0.507,0.500,9885377.000
2023-02-20,0.501,0.509,0.511,0.495,14292578.000
2023-02-21,0.508,0.506,0.509,0.503,9504701.000
2023-02-22,0.503,0.503,0.507,0.500,7286583.000
2023-02-23,0.501,0.498,0.506,0.496,10926612.000
2023-02-24,0.499,0.494,0.500,0.492,8211012.000
2023-02-27,0.491,0.489,0.493,0.487,8164641.000
2023-02-28,0.490,0.494,0.496,0.489,9965960.000
2023-03-01,0.494,0.496,0.496,0.489,13619300.000
2023-03-02,0.494,0.491,0.495,0.490,9378272.000
2023-03-03,0.492,0.492,0.497,0.489,11045401.000
2023-03-06,0.492,0.49,0.493,0.488,9835776.000
2023-03-07,0.489,0.482,0.494,0.481,15494136.000
2023-03-08,0.480,0.48,0.482,0.477,9861842.000
2023-03-09,0.480,0.48,0.483,0.478,9504325.000
2023-03-10,0.477,0.48,0.485,0.474,15160784.000
2023-03-13,0.478,0.477,0.481,0.476,11362061.000
2023-03-14,0.477,0.477,0.483,0.476,14337897.000
2023-03-15,0.481,0.475,0.483,0.473,13300370.000
2023-03-16,0.473,0.473,0.478,0.471,11484838.000
2023-03-17,0.475,0.463,0.476,0.460,21796713.000
2023-03-20,0.461,0.456,0.462,0.453,14524521.000
2023-03-21,0.458,0.471,0.472,0.457,16855986.000
2023-03-22,0.472,0.472,0.475,0.471,11278340.000
2023-03-23,0.471,0.472,0.475,0.470,8264827.000
2023-03-24,0.473,0.469,0.475,0.468,9981562.000
2023-03-27,0.469,0.474,0.477,0.463,13523133.000
2023-03-28,0.474,0.475,0.476,0.472,8827394.000
2023-03-29,0.475,0.471,0.475,0.470,9257461.000
2023-03-30,0.471,0.473,0.474,0.468,8748594.000
2023-03-31,0.473,0.47,0.475,0.469,8460492.000
2023-04-03,0.469,0.466,0.471,0.463,15527387.000
2023-04-04,0.465,0.469,0.469,0.463,15915183.000
2023-04-06,0.469,0.472,0.472,0.467,17241631.000
2023-04-07,0.471,0.483,0.484,0.470,30501169.000
2023-04-10,0.484,0.487,0.490,0.483,24293107.000
2023-04-11,0.488,0.485,0.492,0.482,17241378.000
2023-04-12,0.485,0.481,0.488,0.479,14427070.000
2023-04-13,0.479,0.489,0.492,0.476,21859477.000
2023-04-14,0.492,0.488,0.498,0.486,20932553.000
2023-04-17,0.486,0.49,0.492,0.485,18147948.000
2023-04-18,0.487,0.485,0.488,0.482,18213479.000
2023-04-19,0.484,0.481,0.485,0.478,19182091.000
2023-04-20,0.480,0.471,0.482,0.470,22071059.000
2023-04-21,0.470,0.464,0.473,0.463,16868926.000
2023-04-24,0.465,0.462,0.470,0.460,14556561.000
2023-04-25,0.463,0.455,0.463,0.450,26902920.000
2023-04-26,0.452,0.455,0.459,0.451,13936500.000
2023-04-27,0.454,0.459,0.462,0.453,12920036.000
2023-04-28,0.461,0.461,0.465,0.457,12944866.000
2023-05-04,0.461,0.462,0.466,0.460,9876636.000
2023-05-05,0.463,0.455,0.463,0.454,12373690.000
2023-05-08,0.459,0.457,0.460,0.453,15384386.000
2023-05-09,0.457,0.453,0.459,0.451,14348721.000
2023-05-10,0.452,0.454,0.455,0.448,18305597.000
2023-05-11,0.454,0.452,0.460,0.451,15194674.000
2023-05-12,0.451,0.449,0.455,0.448,10543200.000
2023-05-15,0.449,0.459,0.459,0.447,13050778.000
2023-05-16,0.461,0.463,0.464,0.459,13565670.000
2023-05-17,0.463,0.459,0.463,0.457,9607312.000
2023-05-18,0.459,0.455,0.461,0.453,9237108.000
2023-05-19,0.454,0.459,0.462,0.452,11788585.000
2023-05-22,0.459,0.462,0.466,0.459,16239138.000
2023-05-23,0.463,0.462,0.468,0.461,12414692.000
2023-05-24,0.461,0.455,0.461,0.454,11172748.000
2023-05-25,0.454,0.452,0.455,0.449,11063228.000
2023-05-26,0.452,0.453,0.456,0.452,9899841.000
2023-05-29,0.454,0.452,0.457,0.448,10940896.000
2023-05-30,0.451,0.447,0.453,0.439,15508234.000
2023-05-31,0.445,0.437,0.447,0.436,16295503.000
2023-06-01,0.437,0.441,0.445,0.436,12792832.000
2023-06-02,0.441,0.443,0.445,0.439,11402572.000
2023-06-05,0.443,0.44,0.445,0.438,8432251.000
2023-06-06,0.441,0.433,0.441,0.432,11676762.000
2023-06-07,0.434,0.426,0.435,0.423,13926131.000
2023-06-08,0.425,0.423,0.426,0.421,13645289.000
2023-06-09,0.424,0.428,0.429,0.423,11327779.000
2023-06-12,0.427,0.428,0.430,0.423,9849335.000
2023-06-13,0.428,0.429,0.432,0.426,8787454.000
2023-06-14,0.430,0.431,0.435,0.428,12187377.000
2023-06-15,0.432,0.441,0.441,0.431,13913204.000
2023-06-16,0.441,0.443,0.446,0.440,10151679.000
2023-06-19,0.442,0.438,0.443,0.437,8074541.000
2023-06-20,0.439,0.436,0.441,0.435,10149475.000
2023-06-21,0.434,0.425,0.435,0.423,15026197.000
2023-06-26,0.422,0.423,0.424,0.419,12199998.000
2023-06-27,0.424,0.424,0.428,0.422,11899145.000
2023-06-28,0.424,0.421,0.425,0.420,8109361.000
2023-06-29,0.421,0.421,0.424,0.419,10473186.000
2023-06-30,0.421,0.425,0.428,0.420,12678570.000
2023-07-03,0.426,0.429,0.429,0.424,11268135.000
2023-07-04,0.428,0.432,0.435,0.423,16997318.000
2023-07-05,0.431,0.428,0.432,0.428,8585697.000
2023-07-06,0.428,0.422,0.428,0.421,12528633.000
2023-07-07,0.421,0.421,0.424,0.420,10957349.000
2023-07-10,0.423,0.423,0.429,0.422,12550196.000
2023-07-11,0.425,0.427,0.427,0.422,9820241.000
2023-07-12,0.427,0.425,0.428,0.424,7909352.000
2023-07-13,0.426,0.433,0.434,0.425,15625446.000
2023-07-14,0.433,0.431,0.434,0.430,8282852.000
2023-07-17,0.430,0.427,0.431,0.426,7883106.000
2023-07-18,0.428,0.43,0.430,0.426,7899695.000
2023-07-19,0.429,0.426,0.430,0.425,8929662.000
2023-07-20,0.428,0.424,0.431,0.424,7848152.000
2023-07-21,0.425,0.429,0.434,0.424,14712562.000
2023-07-24,0.428,0.431,0.436,0.428,11670659.000
2023-07-25,0.434,0.436,0.436,0.431,14719311.000
2023-07-26,0.435,0.44,0.442,0.434,14683961.000
2023-07-27,0.440,0.441,0.444,0.439,13639325.000
2023-07-28,0.440,0.448,0.449,0.438,15228032.000
2023-07-31,0.450,0.437,0.451,0.434,28375041.000
2023-08-01,0.436,0.435,0.442,0.433,20321622.000
2023-08-02,0.434,0.428,0.435,0.428,20520020.000
2023-08-03,0.427,0.434,0.435,0.426,16981642.000
2023-08-04,0.436,0.431,0.438,0.431,16341407.000
2023-08-07,0.429,0.418,0.430,0.416,38905788.000
2023-08-08,0.416,0.42,0.423,0.415,21448421.000
2023-08-09,0.419,0.426,0.429,0.418,23960459.000
2023-08-10,0.425,0.427,0.427,0.422,12145942.000
2023-08-11,0.427,0.421,0.429,0.420,13600778.000
2023-08-14,0.418,0.423,0.423,0.417,14749735.000
2023-08-15,0.422,0.419,0.423,0.416,14132047.000
2023-08-16,0.419,0.42,0.425,0.418,14199009.000
2023-08-17,0.419,0.422,0.423,0.417,12733636.000
2023-08-18,0.422,0.416,0.423,0.415,14271041.000
2023-08-21,0.413,0.412,0.417,0.409,16121519.000
2023-08-22,0.412,0.41,0.414,0.402,20035452.000
2023-08-23,0.408,0.402,0.409,0.401,12309749.000
2023-08-24,0.403,0.412,0.414,0.402,17579121.000
2023-08-25,0.410,0.409,0.414,0.407,12253718.000
2023-08-28,0.433,0.415,0.435,0.413,22150102.000
2023-08-29,0.414,0.421,0.423,0.413,15044554.000
2023-08-30,0.422,0.421,0.423,0.418,14187831.000
2023-08-31,0.419,0.419,0.420,0.416,10174795.000
2023-09-01,0.419,0.416,0.420,0.414,11431206.000
2023-09-04,0.417,0.42,0.422,0.416,11624351.000
2023-09-05,0.419,0.418,0.420,0.417,7973520.000
2023-09-06,0.417,0.412,0.418,0.411,12775087.000
2023-09-07,0.412,0.405,0.412,0.405,12111629.000
2023-09-08,0.404,0.405,0.408,0.404,11000136.000
2023-09-11,0.406,0.415,0.416,0.405,21058225.000
2023-09-12,0.414,0.413,0.416,0.412,8409229.000
2023-09-13,0.413,0.411,0.415,0.407,11769531.000
2023-09-14,0.410,0.411,0.412,0.407,9325994.000
2023-09-15,0.412,0.417,0.421,0.410,21650326.000
2023-09-18,0.417,0.423,0.425,0.417,17464559.000
2023-09-19,0.423,0.421,0.424,0.418,9174069.000
2023-09-20,0.421,0.419,0.421,0.418,8730792.000
2023-09-21,0.418,0.415,0.419,0.414,8686970.000
2023-09-22,0.414,0.419,0.420,0.410,11110462.000
2023-09-25,0.419,0.425,0.427,0.418,18039630.000
2023-09-26,0.425,0.423,0.426,0.422,6922198.000
2023-09-27,0.423,0.432,0.433,0.423,17158374.000
2023-09-28,0.432,0.428,0.434,0.427,10157687.000
2023-10-09,0.428,0.433,0.434,0.423,13345306.000
2023-10-10,0.433,0.426,0.433,0.425,9508719.000
2023-10-11,0.427,0.435,0.440,0.427,20835779.000
2023-10-12,0.439,0.437,0.440,0.434,12012348.000
2023-10-13,0.434,0.435,0.439,0.433,10696778.000
2023-10-16,0.437,0.428,0.439,0.427,14895137.000
2023-10-17,0.430,0.427,0.431,0.422,12763365.000
2023-10-18,0.426,0.42,0.426,0.420,13289645.000
2023-10-19,0.418,0.415,0.420,0.413,14093014.000
2023-10-20,0.412,0.408,0.413,0.406,17262564.000
2023-10-23,0.406,0.409,0.411,0.403,13690770.000
2023-10-24,0.409,0.411,0.413,0.405,16473037.000
2023-10-25,0.414,0.408,0.415,0.406,19234913.000
2023-10-26,0.406,0.412,0.412,0.405,14983779.000
2023-10-27,0.410,0.426,0.429,0.408,28124862.000
2023-10-30,0.425,0.438,0.439,0.425,28871019.000
2023-10-31,0.437,0.438,0.439,0.433,15083914.000
2023-11-01,0.438,0.435,0.439,0.430,13383779.000
2023-11-02,0.436,0.433,0.440,0.433,10917178.000
2023-11-03,0.434,0.435,0.439,0.432,12651223.000
2023-11-06,0.439,0.445,0.447,0.438,19258938.000
2023-11-07,0.444,0.442,0.446,0.442,11552662.000
2023-11-08,0.442,0.445,0.450,0.440,15243094.000
2023-11-09,0.444,0.441,0.448,0.439,11627344.000
2023-11-10,0.439,0.44,0.443,0.436,10091283.000
2023-11-13,0.442,0.435,0.443,0.433,11805039.000
2023-11-14,0.436,0.435,0.439,0.433,9261435.000
2023-11-15,0.440,0.44,0.442,0.437,15476211.000
2023-11-16,0.438,0.432,0.441,0.432,11753415.000
2023-11-17,0.432,0.435,0.435,0.430,9978606.000
2023-11-20,0.436,0.439,0.441,0.433,12290998.000
2023-11-21,0.440,0.439,0.443,0.438,11685589.000
2023-11-22,0.439,0.433,0.439,0.432,11622729.000
2023-11-23,0.433,0.435,0.435,0.431,9580872.000
2023-11-24,0.435,0.434,0.437,0.432,10032168.000
2023-11-27,0.434,0.43,0.434,0.427,12281523.000
2023-11-28,0.430,0.436,0.437,0.428,11347191.000
2023-11-29,0.436,0.434,0.438,0.432,9922382.000
2023-11-30,0.434,0.436,0.438,0.432,10874199.000
2023-12-01,0.436,0.434,0.439,0.428,15145622.000
2023-12-04,0.434,0.422,0.434,0.422,16260100.000
2023-12-05,0.421,0.416,0.423,0.415,15788242.000
2023-12-06,0.415,0.417,0.421,0.413,20857431.000
2023-12-07,0.416,0.412,0.416,0.410,11787595.000
2023-12-08,0.412,0.416,0.418,0.410,11700229.000
2023-12-11,0.415,0.419,0.422,0.411,12860940.000
2023-12-12,0.419,0.417,0.420,0.415,8554965.000
2023-12-13,0.417,0.413,0.418,0.413,10555346.000
2023-12-14,0.415,0.412,0.419,0.411,10761211.000
2023-12-15,0.413,0.407,0.415,0.405,19675574.000
2023-12-18,0.406,0.407,0.412,0.403,16929414.000
2023-12-19,0.407,0.403,0.407,0.401,15072410.000
2023-12-20,0.404,0.401,0.408,0.400,10710150.000
2023-12-21,0.399,0.405,0.406,0.398,13245079.000
2023-12-22,0.405,0.403,0.406,0.400,13814895.000
2023-12-25,0.402,0.404,0.406,0.401,9089030.000
2023-12-26,0.404,0.401,0.404,0.398,10349618.000
2023-12-27,0.401,0.403,0.403,0.398,11940032.000
2023-12-28,0.402,0.41,0.411,0.400,20774226.000
2023-12-29,0.409,0.411,0.414,0.409,12202670.000
2024-01-02,0.412,0.407,0.412,0.405,10384187.000
2024-01-03,0.406,0.405,0.410,0.404,12578833.000
2024-01-04,0.405,0.401,0.405,0.397,15865270.000
2024-01-05,0.400,0.393,0.401,0.392,18239961.000
2024-01-08,0.392,0.389,0.394,0.388,12157971.000
2024-01-09,0.389,0.39,0.393,0.387,14170862.000
2024-01-10,0.389,0.386,0.392,0.385,13077975.000
2024-01-11,0.390,0.39,0.393,0.385,13344787.000
2024-01-12,0.388,0.384,0.391,0.384,13564838.000
2024-01-15,0.382,0.385,0.389,0.381,11245125.000
2024-01-16,0.384,0.385,0.385,0.379,14345236.000
2024-01-17,0.383,0.376,0.385,0.375,13932365.000
2024-01-18,0.374,0.381,0.382,0.368,19684678.000
2024-01-19,0.379,0.381,0.384,0.378,12674340.000
2024-01-22,0.381,0.374,0.383,0.371,14862454.000
2024-01-23,0.372,0.375,0.378,0.371,13717069.000
2024-01-24,0.377,0.379,0.379,0.368,13708981.000
2024-01-25,0.378,0.382,0.383,0.375,18016153.000
2024-01-26,0.380,0.371,0.383,0.368,22655636.000
2024-01-29,0.371,0.36,0.373,0.360,19797954.000
2024-01-30,0.358,0.353,0.360,0.352,18045320.000
2024-01-31,0.349,0.341,0.350,0.341,18800176.000
2024-02-01,0.339,0.344,0.349,0.338,17586005.000
2024-02-02,0.345,0.334,0.347,0.325,20325081.000
2024-02-05,0.329,0.34,0.347,0.326,23697601.000
2024-02-06,0.338,0.363,0.364,0.337,24718606.000
2024-02-07,0.364,0.372,0.372,0.362,15584473.000
2024-02-08,0.372,0.368,0.375,0.365,12164809.000
2024-02-19,0.369,0.369,0.370,0.364,13694132.000
2024-02-20,0.368,0.371,0.373,0.366,9135485.000
2024-02-21,0.369,0.375,0.379,0.368,13985842.000
2024-02-22,0.374,0.376,0.376,0.372,8824855.000
2024-02-23,0.375,0.375,0.376,0.370,9439423.000
2024-02-26,0.374,0.374,0.377,0.370,10329867.000
2024-02-27,0.373,0.378,0.378,0.371,12171425.000
2024-02-28,0.378,0.372,0.385,0.372,20316840.000
2024-02-29,0.371,0.379,0.379,0.370,12711455.000
2024-03-01,0.378,0.378,0.379,0.374,9580601.000
2024-03-04,0.378,0.387,0.390,0.377,16768345.000
2024-03-05,0.384,0.386,0.387,0.382,11976837.000
2024-03-06,0.385,0.384,0.387,0.381,8050043.000
2024-03-07,0.379,0.369,0.380,0.369,16391620.000
2024-03-08,0.369,0.37,0.374,0.367,10311490.000
2024-03-11,0.370,0.38,0.380,0.369,15305945.000
2024-03-12,0.381,0.389,0.390,0.381,17889299.000
2024-03-13,0.389,0.385,0.389,0.383,11939268.000
2024-03-14,0.397,0.387,0.399,0.383,16621244.000
2024-03-15,0.384,0.384,0.390,0.380,9866049.000
2024-03-18,0.383,0.386,0.386,0.378,11512936.000
2024-03-19,0.384,0.381,0.385,0.380,11255755.000
2024-03-20,0.380,0.379,0.381,0.376,10922543.000
2024-03-21,0.379,0.376,0.380,0.375,9386525.000
2024-03-22,0.375,0.371,0.375,0.368,13412979.000
2024-03-25,0.371,0.369,0.375,0.368,8458078.000
2024-03-26,0.368,0.367,0.369,0.365,10045181.000
2024-03-27,0.367,0.363,0.369,0.363,8791692.000
2024-03-28,0.363,0.365,0.368,0.361,9516498.000
2024-03-29,0.363,0.363,0.365,0.360,8297866.000
2024-04-01,0.363,0.369,0.369,0.362,10557547.000
2024-04-02,0.368,0.363,0.368,0.362,10949692.000
2024-04-03,0.362,0.361,0.365,0.360,11875267.000
2024-04-08,0.359,0.354,0.359,0.354,10496725.000
2024-04-09,0.356,0.361,0.361,0.352,12684637.000
2024-04-10,0.359,0.355,0.360,0.354,8758495.000
2024-04-11,0.353,0.353,0.356,0.351,12489385.000
2024-04-12,0.352,0.348,0.355,0.348,8775234.000
2024-04-15,0.348,0.352,0.356,0.348,11395668.000
2024-04-16,0.350,0.348,0.352,0.347,9930269.000
2024-04-17,0.348,0.354,0.354,0.346,14455039.000
2024-04-18,0.353,0.35,0.356,0.350,11755343.000
2024-04-19,0.349,0.347,0.349,0.344,10100885.000
2024-04-22,0.347,0.349,0.352,0.347,7676716.000
2024-04-23,0.348,0.353,0.354,0.345,15929882.000
2024-04-24,0.352,0.351,0.352,0.349,9757217.000
2024-04-25,0.349,0.351,0.355,0.348,9969721.000
2024-04-26,0.350,0.359,0.360,0.350,16307335.000
2024-04-29,0.359,0.369,0.372,0.359,20705516.000
2024-04-30,0.368,0.368,0.371,0.366,11941968.000
2024-05-06,0.372,0.377,0.379,0.371,15367478.000
2024-05-07,0.378,0.377,0.378,0.375,9026841.000
2024-05-08,0.376,0.372,0.377,0.371,10057444.000
2024-05-09,0.371,0.373,0.375,0.370,11051736.000
2024-05-10,0.374,0.371,0.375,0.369,8161790.000
2024-05-13,0.374,0.371,0.375,0.369,9934690.000
2024-05-14,0.371,0.376,0.378,0.370,13003315.000
2024-05-15,0.375,0.37,0.375,0.369,8556798.000
2024-05-16,0.371,0.369,0.372,0.367,11151780.000
2024-05-17,0.370,0.369,0.372,0.365,13613229.000
2024-05-20,0.368,0.369,0.370,0.366,11699664.000
2024-05-21,0.368,0.365,0.368,0.363,8279776.000
2024-05-22,0.365,0.364,0.366,0.362,9688796.000
2024-05-23,0.363,0.359,0.364,0.359,9744571.000
2024-05-24,0.359,0.355,0.361,0.355,12624861.000
2024-05-27,0.355,0.357,0.358,0.352,9200947.000
2024-05-28,0.356,0.355,0.358,0.353,8244251.000
2024-05-29,0.355,0.355,0.357,0.353,7111467.000
2024-05-30,0.355,0.353,0.356,0.351,8090870.000
2024-05-31,0.355,0.352,0.357,0.351,8431083.000
2024-06-03,0.351,0.35,0.353,0.348,10478995.000
2024-06-04,0.349,0.357,0.357,0.349,12858061.000
2024-06-05,0.356,0.357,0.360,0.355,9604312.000
2024-06-06,0.358,0.353,0.358,0.353,9399801.000
2024-06-07,0.355,0.352,0.356,0.350,8985390.000
2024-06-11,0.351,0.353,0.354,0.348,9441007.000
2024-06-12,0.353,0.354,0.356,0.350,11850917.000
2024-06-13,0.354,0.349,0.354,0.348,11176363.000
2024-06-14,0.348,0.347,0.349,0.342,15162386.000
2024-06-17,0.345,0.347,0.348,0.344,7311715.000
2024-06-18,0.347,0.343,0.348,0.343,10657551.000
2024-06-19,0.344,0.341,0.345,0.340,8519605.000
2024-06-20,0.341,0.336,0.343,0.335,12027890.000
2024-06-21,0.335,0.334,0.336,0.331,10742497.000
2024-06-24,0.333,0.331,0.335,0.330,12161243.000
2024-06-25,0.332,0.329,0.333,0.328,10923936.000
2024-06-26,0.330,0.334,0.335,0.328,11285290.000
2024-06-27,0.334,0.329,0.334,0.328,9655909.000
2024-06-28,0.328,0.326,0.331,0.325,12985833.000
2024-07-01,0.326,0.327,0.328,0.322,10589362.000
2024-07-02,0.326,0.323,0.327,0.322,12197357.000
2024-07-03,0.323,0.322,0.326,0.320,10442992.000
2024-07-04,0.322,0.317,0.323,0.317,13886234.000
2024-07-05,0.316,0.325,0.326,0.315,15643740.000
2024-07-08,0.324,0.317,0.324,0.316,11940167.000
2024-07-09,0.317,0.319,0.320,0.313,12029734.000
2024-07-10,0.318,0.319,0.323,0.317,11466622.000
2024-07-11,0.323,0.329,0.330,0.321,15979240.000
2024-07-12,0.329,0.329,0.331,0.326,10405479.000
2024-07-15,0.327,0.326,0.329,0.324,7557291.000
2024-07-16,0.325,0.327,0.328,0.324,7399489.000
2024-07-17,0.327,0.335,0.336,0.326,17373708.000
2024-07-18,0.334,0.338,0.339,0.333,12139167.000
2024-07-19,0.337,0.341,0.341,0.336,10548320.000
2024-07-22,0.341,0.342,0.345,0.339,10951613.000
2024-07-23,0.342,0.332,0.342,0.332,12087986.000
2024-07-24,0.331,0.328,0.335,0.328,10082911.000
2024-07-25,0.326,0.328,0.330,0.325,8670081.000
2024-07-26,0.328,0.328,0.329,0.324,10795537.000
2024-07-29,0.328,0.322,0.328,0.321,10025093.000
2024-07-30,0.322,0.32,0.324,0.318,11816239.000
2024-07-31,0.319,0.334,0.335,0.319,18368484.000
2024-08-01,0.335,0.332,0.337,0.330,11073904.000
2024-08-02,0.331,0.334,0.341,0.330,15063954.000
2024-08-05,0.333,0.334,0.342,0.333,15068408.000
2024-08-06,0.335,0.338,0.340,0.334,11955259.000
2024-08-07,0.338,0.336,0.338,0.334,10877460.000
2024-08-08,0.335,0.338,0.341,0.334,12052067.000
2024-08-09,0.338,0.331,0.340,0.331,11296054.000
2024-08-12,0.331,0.336,0.338,0.330,10474160.000
2024-08-13,0.335,0.332,0.336,0.329,11186203.000
2024-08-14,0.332,0.328,0.332,0.326,8067816.000
2024-08-15,0.327,0.329,0.332,0.326,10041288.000
2024-08-16,0.329,0.329,0.330,0.325,8026787.000
2024-08-19,0.330,0.326,0.333,0.325,7853358.000
2024-08-20,0.326,0.322,0.327,0.321,8240900.000
2024-08-21,0.322,0.32,0.324,0.320,6064612.000
2024-08-22,0.321,0.318,0.323,0.318,8950008.000
2024-08-23,0.317,0.317,0.320,0.316,7173322.000
2024-08-26,0.318,0.315,0.319,0.313,9608756.000
2024-08-27,0.314,0.315,0.316,0.313,6869731.000
2024-08-28,0.314,0.314,0.316,0.312,7806838.000
2024-08-29,0.313,0.317,0.319,0.312,9603620.000
2024-08-30,0.319,0.323,0.326,0.317,13011310.000
2024-09-02,0.322,0.316,0.322,0.316,9657740.000
2024-09-03,0.315,0.32,0.323,0.315,9093931.000
2024-09-04,0.318,0.319,0.323,0.317,9076812.000
2024-09-05,0.319,0.322,0.323,0.319,8322386.000
2024-09-06,0.321,0.316,0.322,0.315,8810329.000
2024-09-09,0.316,0.316,0.320,0.314,10389747.000
2024-09-10,0.316,0.314,0.317,0.311,9588801.000
2024-09-11,0.313,0.315,0.317,0.311,8722741.000
2024-09-12,0.315,0.311,0.318,0.311,10874667.000
2024-09-13,0.311,0.31,0.313,0.309,9005957.000
2024-09-18,0.310,0.309,0.311,0.307,8038577.000
2024-09-19,0.310,0.312,0.315,0.306,10916658.000
2024-09-20,0.312,0.308,0.313,0.306,12192536.000
2024-09-23,0.311,0.307,0.314,0.307,11064006.000
2024-09-24,0.309,0.317,0.318,0.306,21972640.000
2024-09-25,0.320,0.322,0.328,0.320,26138409.000
2024-09-26,0.321,0.335,0.336,0.318,28715618.000
2024-09-27,0.341,0.363,0.365,0.341,30863992.000
2024-09-30,0.381,0.399,0.399,0.373,57248015.000
2024-10-08,0.439,0.439,0.439,0.410,85738307.000
2024-10-09,0.425,0.4,0.431,0.398,48582490.000
2024-10-10,0.403,0.4,0.414,0.392,31582466.000
2024-10-11,0.396,0.379,0.397,0.374,37076396.000
2024-10-14,0.380,0.382,0.383,0.372,24663321.000
2024-10-15,0.381,0.37,0.383,0.369,21669995.000
2024-10-16,0.365,0.363,0.368,0.360,22367346.000
2024-10-17,0.365,0.36,0.368,0.359,16222348.000
2024-10-18,0.359,0.376,0.385,0.357,40260193.000
2024-10-21,0.376,0.377,0.382,0.369,37555464.000
2024-10-22,0.375,0.381,0.384,0.374,24064626.000
2024-10-23,0.382,0.382,0.384,0.377,31799924.000
2024-10-24,0.381,0.376,0.382,0.375,21545744.000
2024-10-25,0.375,0.382,0.384,0.371,31423186.000
2024-10-28,0.382,0.385,0.386,0.378,27274987.000
2024-10-29,0.387,0.378,0.389,0.377,28350339.000
2024-10-30,0.375,0.373,0.380,0.370,20683206.000
2024-10-31,0.372,0.37,0.375,0.368,23033684.000
2024-11-01,0.369,0.371,0.376,0.368,21072259.000
2024-11-04,0.372,0.375,0.375,0.371,15001055.000
2024-11-05,0.374,0.383,0.384,0.371,34741044.000
2024-11-06,0.384,0.382,0.390,0.380,32883400.000
2024-11-07,0.380,0.397,0.398,0.379,44923584.000
2024-11-08,0.402,0.394,0.405,0.392,35063713.000
2024-11-11,0.390,0.397,0.398,0.387,31941312.000
2024-11-12,0.398,0.402,0.412,0.397,53081632.000
2024-11-13,0.400,0.399,0.404,0.394,27404119.000
2024-11-14,0.398,0.387,0.398,0.387,25100863.000
2024-11-15,0.386,0.38,0.389,0.380,23572492.000
2024-11-18,0.380,0.375,0.383,0.373,23244497.000
2024-11-19,0.377,0.379,0.380,0.371,17927713.000
2024-11-20,0.378,0.387,0.390,0.377,31385501.000
2024-11-21,0.387,0.385,0.387,0.382,17796558.000
2024-11-22,0.384,0.371,0.385,0.370,23205364.000
2024-11-25,0.371,0.368,0.374,0.365,18976879.000
2024-11-26,0.368,0.37,0.375,0.367,18856170.000
2024-11-27,0.369,0.376,0.377,0.368,17637432.000
2024-11-28,0.376,0.373,0.377,0.370,13671628.000
2024-11-29,0.372,0.377,0.381,0.372,19170062.000
2024-12-02,0.378,0.381,0.382,0.375,16947703.000
2024-12-03,0.380,0.379,0.380,0.377,20267505.000
2024-12-04,0.378,0.374,0.379,0.373,13981093.000
2024-12-05,0.374,0.373,0.374,0.370,12603120.000
2024-12-06,0.373,0.382,0.383,0.372,23949840.000
2024-12-09,0.385,0.383,0.387,0.381,16410709.000
2024-12-10,0.393,0.381,0.396,0.380,28440386.000
2024-12-11,0.380,0.381,0.383,0.379,15003909.000
2024-12-12,0.381,0.385,0.385,0.380,24150833.000
2024-12-13,0.383,0.374,0.383,0.373,21055531.000
2024-12-16,0.374,0.37,0.374,0.368,15760735.000
2024-12-17,0.370,0.369,0.372,0.368,15036892.000
2024-12-18,0.370,0.37,0.371,0.368,10118322.000
2024-12-19,0.368,0.369,0.370,0.365,14832498.000
2024-12-20,0.368,0.368,0.371,0.367,14020012.000
2024-12-23,0.368,0.366,0.370,0.365,18942227.000
2024-12-24,0.366,0.37,0.370,0.365,12353110.000
2024-12-25,0.372,0.369,0.373,0.367,14359539.000
2024-12-26,0.369,0.367,0.369,0.366,9464518.000
2024-12-27,0.366,0.366,0.368,0.365,14722871.000
2024-12-30,0.366,0.366,0.370,0.365,12928898.000
2024-12-31,0.366,0.361,0.367,0.361,15520326.000
2025-01-02,0.361,0.351,0.362,0.349,23732602.000
2025-01-03,0.352,0.348,0.354,0.346,17516211.000
2025-01-06,0.349,0.349,0.353,0.348,18031285.000
2025-01-07,0.350,0.344,0.350,0.341,19215013.000
2025-01-08,0.344,0.341,0.345,0.337,19307607.000
2025-01-09,0.341,0.341,0.344,0.339,10451387.000
2025-01-10,0.341,0.336,0.342,0.336,14152011.000
2025-01-13,0.334,0.338,0.339,0.334,13621894.000
2025-01-14,0.338,0.346,0.347,0.337,18159909.000
2025-01-15,0.346,0.343,0.346,0.341,10902060.000
2025-01-16,0.343,0.34,0.347,0.339,15823656.000
2025-01-17,0.339,0.341,0.343,0.338,11179710.000
2025-01-20,0.343,0.347,0.349,0.343,19701019.000
2025-01-21,0.348,0.346,0.349,0.343,12407105.000
2025-01-22,0.345,0.342,0.346,0.341,10245222.000
2025-01-23,0.345,0.343,0.348,0.343,15239917.000
2025-01-24,0.343,0.346,0.348,0.342,15346844.000
2025-01-27,0.346,0.346,0.349,0.345,10719766.000
2025-02-05,0.348,0.346,0.348,0.343,12729438.000
2025-02-06,0.346,0.349,0.350,0.343,17143361.000
2025-02-07,0.349,0.354,0.357,0.348,29811745.000
2025-02-10,0.354,0.357,0.357,0.352,18716041.000
2025-02-11,0.357,0.353,0.358,0.352,12784427.000
2025-02-12,0.352,0.354,0.354,0.350,12732094.000
2025-02-13,0.354,0.353,0.356,0.351,17640043.000
2025-02-14,0.353,0.362,0.363,0.352,33745915.000
2025-02-17,0.364,0.364,0.368,0.361,25468299.000
2025-02-18,0.362,0.357,0.364,0.356,19154122.000
2025-02-19,0.356,0.358,0.361,0.354,19489555.000
2025-02-20,0.358,0.365,0.369,0.358,25458188.000
2025-02-21,0.366,0.373,0.374,0.365,33739665.000
2025-02-24,0.372,0.368,0.374,0.366,20584093.000
2025-02-25,0.364,0.362,0.366,0.361,14607642.000
2025-02-26,0.364,0.367,0.367,0.362,15714102.000
2025-02-27,0.366,0.367,0.370,0.363,17705548.000
2025-02-28,0.365,0.357,0.369,0.357,21544599.000
2025-03-03,0.358,0.358,0.364,0.357,17126252.000
2025-03-04,0.357,0.359,0.360,0.355,11706498.000
2025-03-05,0.359,0.356,0.359,0.354,13194404.000
2025-03-06,0.357,0.362,0.362,0.357,18432102.000
2025-03-07,0.360,0.358,0.361,0.356,17002344.000
2025-03-10,0.359,0.359,0.362,0.355,13259432.000
2025-03-11,0.356,0.36,0.360,0.355,14029852.000
2025-03-12,0.361,0.357,0.363,0.357,12117633.000
2025-03-13,0.357,0.356,0.359,0.355,11238660.000
2025-03-14,0.357,0.366,0.367,0.356,31949123.000
2025-03-17,0.368,0.365,0.368,0.364,12733118.000
2025-03-18,0.369,0.37,0.375,0.367,23558794.000
2025-03-19,0.370,0.37,0.373,0.368,21264363.000
2025-03-20,0.371,0.366,0.371,0.365,15933188.000
2025-03-21,0.365,0.36,0.367,0.359,17960212.000
2025-03-24,0.360,0.359,0.361,0.356,12421494.000
2025-03-25,0.359,0.36,0.360,0.357,9868946.000
2025-03-26,0.360,0.359,0.363,0.358,12504119.000
2025-03-27,0.358,0.366,0.367,0.356,22569094.000
2025-03-28,0.365,0.366,0.371,0.365,20357154.000
2025-03-31,0.365,0.362,0.369,0.361,13144868.000
2025-04-01,0.364,0.374,0.376,0.363,33389215.000
2025-04-02,0.374,0.369,0.374,0.367,22042534.000
2025-04-03,0.366,0.366,0.371,0.364,18152853.000
2025-04-07,0.355,0.342,0.356,0.333,34384073.000
2025-04-08,0.343,0.344,0.347,0.339,23118548.000
2025-04-09,0.339,0.343,0.344,0.333,23328799.000
2025-04-10,0.348,0.348,0.353,0.346,22127903.000
2025-04-11,0.346,0.349,0.350,0.344,17246953.000
2025-04-14,0.350,0.35,0.353,0.348,14013838.000
2025-04-15,0.349,0.347,0.349,0.345,13264453.000
2025-04-16,0.346,0.348,0.348,0.342,14838092.000
2025-04-17,0.346,0.348,0.349,0.345,11331670.000
2025-04-18,0.348,0.347,0.350,0.345,9115742.000
2025-04-21,0.345,0.348,0.349,0.344,11351020.000
2025-04-22,0.348,0.352,0.353,0.347,16624131.000
2025-04-23,0.352,0.351,0.355,0.350,9673032.000
2025-04-24,0.352,0.352,0.355,0.350,12145435.000
2025-04-25,0.353,0.351,0.355,0.350,15687915.000
2025-04-28,0.350,0.349,0.351,0.348,11567270.000
2025-04-29,0.350,0.35,0.352,0.349,8991349.000
2025-04-30,0.350,0.354,0.356,0.349,16545879.000
2025-05-06,0.357,0.357,0.358,0.355,10318688.000
2025-05-07,0.360,0.357,0.362,0.355,11545086.000
2025-05-08,0.356,0.357,0.358,0.355,6364841.000
2025-05-09,0.357,0.358,0.360,0.356,9731562.000
2025-05-12,0.357,0.357,0.358,0.354,12749290.000
2025-05-13,0.359,0.36,0.361,0.358,16052127.000
2025-05-14,0.359,0.363,0.364,0.358,14042599.000
2025-05-15,0.363,0.363,0.365,0.362,10945360.000
2025-05-16,0.363,0.363,0.364,0.360,9219030.000
2025-05-19,0.363,0.363,0.364,0.360,7317803.000
2025-05-20,0.363,0.368,0.369,0.363,14461947.000
2025-05-21,0.367,0.371,0.373,0.366,17577253.000
2025-05-22,0.370,0.369,0.372,0.368,12415676.000
2025-05-23,0.370,0.37,0.376,0.369,18124069.000
2025-05-26,0.369,0.365,0.371,0.364,13241419.000
2025-05-27,0.365,0.367,0.369,0.365,8928339.000
2025-05-28,0.367,0.367,0.369,0.366,7961019.000
2025-05-29,0.367,0.372,0.373,0.365,13270970.000
2025-05-30,0.371,0.373,0.376,0.371,13342322.000
2025-06-03,0.372,0.375,0.377,0.371,11418739.000
2025-06-04,0.376,0.379,0.380,0.374,15747422.000
2025-06-05,0.379,0.376,0.380,0.374,12061422.000
2025-06-06,0.376,0.373,0.377,0.372,9378189.000
2025-06-09,0.373,0.378,0.382,0.373,16030875.000
2025-06-10,0.378,0.379,0.383,0.376,18755288.000
2025-06-11,0.379,0.378,0.382,0.377,10643951.000
2025-06-12,0.377,0.383,0.384,0.376,14833157.000
2025-06-13,0.382,0.377,0.386,0.376,19543898.000
2025-06-16,0.376,0.374,0.378,0.372,20859707.000
2025-06-17,0.375,0.367,0.378,0.366,18545392.000
2025-06-18,0.367,0.365,0.368,0.364,7618170.000
2025-06-19,0.365,0.361,0.367,0.360,12390929.000
2025-06-20,0.362,0.363,0.364,0.361,6934309.000
2025-06-23,0.362,0.363,0.364,0.359,12236042.000
2025-06-24,0.364,0.365,0.366,0.362,16042051.000
2025-06-25,0.366,0.369,0.369,0.363,13788382.000
2025-06-26,0.368,0.366,0.369,0.364,13598213.000
2025-06-27,0.365,0.365,0.367,0.364,12545396.000
2025-06-30,0.365,0.368,0.369,0.363,12341209.000
2025-07-01,0.368,0.37,0.371,0.368,9648629.000
2025-07-02,0.371,0.368,0.373,0.367,9281595.000
2025-07-03,0.369,0.37,0.371,0.367,8884092.000
2025-07-04,0.371,0.371,0.374,0.370,13182006.000
2025-07-07,0.372,0.367,0.373,0.366,11080805.000
2025-07-08,0.367,0.369,0.370,0.366,12224160.000
2025-07-09,0.370,0.374,0.376,0.367,19489286.000
2025-07-10,0.372,0.375,0.378,0.372,12501125.000
2025-07-11,0.377,0.381,0.384,0.376,23076079.000
2025-07-14,0.380,0.38,0.383,0.379,11141196.000
2025-07-15,0.381,0.381,0.383,0.377,14611557.000
2025-07-16,0.381,0.381,0.384,0.379,10793129.000
2025-07-17,0.381,0.387,0.387,0.380,17371193.000
2025-07-18,0.388,0.391,0.392,0.387,17165796.000
2025-07-21,0.392,0.39,0.392,0.387,15059095.000
2025-07-22,0.390,0.392,0.396,0.389,15988152.000
2025-07-23,0.392,0.393,0.397,0.391,15731984.000
2025-07-24,0.392,0.401,0.404,0.392,22761683.000
2025-07-25,0.402,0.401,0.408,0.400,23417186.000
2025-07-28,0.405,0.41,0.412,0.405,28187925.000
2025-07-29,0.415,0.421,0.424,0.410,32614342.000
2025-07-30,0.420,0.424,0.431,0.418,33852572.000
2025-07-31,0.422,0.416,0.424,0.413,27405896.000
2025-08-01,0.414,0.409,0.421,0.407,21611189.000
2025-08-04,0.406,0.409,0.409,0.400,20769714.000
2025-08-05,0.410,0.411,0.413,0.408,14175015.000
2025-08-06,0.411,0.41,0.415,0.408,12553293.000
2025-08-07,0.409,0.407,0.413,0.405,12992767.000
2025-08-08,0.406,0.406,0.408,0.402,13048616.000
2025-08-11,0.405,0.407,0.410,0.404,12950526.000
2025-08-12,0.409,0.408,0.412,0.405,12948331.000
2025-08-13,0.409,0.418,0.419,0.408,19073477.000
2025-08-14,0.419,0.415,0.423,0.413,17445359.000
2025-08-15,0.413,0.417,0.419,0.413,13144863.000
2025-08-18,0.418,0.418,0.421,0.416,17689594.000
2025-08-19,0.418,0.411,0.426,0.410,21538508.000
2025-08-20,0.409,0.415,0.415,0.407,14088818.000
2025-08-21,0.416,0.42,0.424,0.416,21427562.000
2025-08-22,0.421,0.424,0.424,0.418,14513236.000
2025-08-25,0.426,0.434,0.434,0.424,21584696.000
2025-08-26,0.433,0.429,0.433,0.428,15108255.000
2025-08-27,0.429,0.42,0.433,0.420,22206608.000
2025-08-28,0.419,0.419,0.421,0.409,21589603.000
2025-08-29,0.419,0.431,0.433,0.418,22199904.000
2025-09-01,0.433,0.446,0.448,0.431,28552722.000
2025-09-02,0.449,0.448,0.456,0.442,23779453.000
2025-09-03,0.447,0.447,0.455,0.444,18896820.000
2025-09-04,0.450,0.431,0.450,0.425,22891327.000
2025-09-05,0.431,0.446,0.448,0.429,19373243.000
2025-09-08,0.447,0.456,0.458,0.447,20982986.000
2025-09-09,0.454,0.445,0.459,0.442,17771972.000
2025-09-10,0.444,0.443,0.450,0.440,12659118.000
2025-09-11,0.435,0.44,0.441,0.422,25368331.000
2025-09-12,0.442,0.441,0.445,0.437,16134086.000
2025-09-15,0.441,0.443,0.445,0.439,12714927.000
2025-09-16,0.442,0.441,0.443,0.436,11959318.000
2025-09-17,0.441,0.445,0.446,0.438,13326728.000
2025-09-18,0.445,0.443,0.452,0.439,18562357.000
2025-09-19,0.443,0.439,0.446,0.436,12430298.000
2025-09-22,0.441,0.44,0.448,0.437,12481386.000
2025-09-23,0.440,0.432,0.440,0.426,15753766.000
2025-09-24,0.431,0.435,0.436,0.430,9486023.000
2025-09-25,0.438,0.443,0.444,0.436,14924221.000
2025-09-26,0.439,0.433,0.439,0.433,11718900.000
2025-09-29,0.432,0.435,0.436,0.425,12884779.000
2025-09-30,0.435,0.446,0.446,0.434,14522228.000
2025-10-09,0.446,0.448,0.448,0.438,21059070.000
2025-10-10,0.445,0.437,0.446,0.434,16652130.000
2025-10-13,0.425,0.426,0.429,0.421,18749972.000
2025-10-14,0.427,0.416,0.429,0.413,21171570.000
2025-10-15,0.416,0.422,0.423,0.413,25757459.000
2025-10-16,0.422,0.424,0.429,0.419,16734247.000
2025-10-17,0.423,0.415,0.425,0.414,17415904.000
2025-10-20,0.416,0.414,0.420,0.413,10863035.000
2025-10-21,0.416,0.419,0.420,0.415,10450443.000
2025-10-22,0.419,0.416,0.422,0.415,8165487.000
2025-10-23,0.415,0.416,0.417,0.410,12474381.000
2025-10-24,0.416,0.417,0.421,0.415,10049667.000
2025-10-27,0.423,0.423,0.428,0.420,15021218.000
2025-10-28,0.421,0.416,0.421,0.414,13291468.000
2025-10-29,0.415,0.42,0.420,0.412,12510757.000
2025-10-30,0.416,0.409,0.417,0.407,25039509.000
2025-10-31,0.409,0.413,0.416,0.407,14559693.000
2025-11-03,0.414,0.409,0.415,0.407,15019720.000
2025-11-04,0.408,0.402,0.409,0.399,16077499.000
2025-11-05,0.399,0.402,0.404,0.398,9104448.000
2025-11-06,0.402,0.404,0.404,0.399,8340934.000
2025-11-07,0.402,0.401,0.404,0.400,8349539.000
2025-11-10,0.402,0.405,0.406,0.399,12674689.000
2025-11-11,0.406,0.404,0.407,0.401,10900967.000
2025-11-12,0.404,0.405,0.409,0.403,13833750.000
2025-11-13,0.405,0.411,0.412,0.404,15832350.000
2025-11-14,0.409,0.408,0.413,0.407,12079832.000
2025-11-17,0.407,0.401,0.408,0.399,17009169.000
2025-11-18,0.401,0.399,0.403,0.398,11735796.000
2025-11-19,0.399,0.398,0.400,0.396,11219411.000
2025-11-20,0.399,0.394,0.401,0.394,11129468.000
2025-11-21,0.392,0.387,0.396,0.385,20914167.000
2025-11-24,0.390,0.392,0.393,0.388,11222957.000
2025-11-25,0.393,0.393,0.395,0.391,9109580.000
2025-11-26,0.394,0.394,0.398,0.393,9709715.000
2025-11-27,0.394,0.392,0.395,0.390,9486211.000
2025-11-28,0.394,0.393,0.394,0.389,7931712.000
2025-12-01,0.392,0.393,0.394,0.390,9661467.000
2025-12-02,0.393,0.388,0.394,0.387,11325865.000
2025-12-03,0.387,0.386,0.389,0.385,9336212.000
2025-12-04,0.386,0.387,0.388,0.385,8131583.000
2025-12-05,0.387,0.389,0.390,0.384,18634391.000
2025-12-08,0.391,0.391,0.394,0.389,10371417.000
2025-12-09,0.391,0.391,0.396,0.389,11710569.000
2025-12-10,0.390,0.392,0.393,0.385,11702633.000
2025-12-11,0.392,0.39,0.394,0.389,10175712.000
2025-12-12,0.390,0.391,0.392,0.387,10144263.000
2025-12-15,0.390,0.384,0.390,0.384,12659130.000
2025-12-16,0.384,0.378,0.386,0.377,13584531.000
2025-12-17,0.378,0.383,0.385,0.376,13102291.000
2025-12-18,0.382,0.383,0.386,0.381,9458211.000
2025-12-19,0.384,0.388,0.390,0.382,10488471.000
2025-12-22,0.388,0.387,0.389,0.384,7838986.000
2025-12-23,0.386,0.385,0.388,0.384,8488963.000
2025-12-24,0.384,0.384,0.387,0.383,7814157.000
2025-12-25,0.384,0.388,0.388,0.383,8986880.000
2025-12-26,0.387,0.387,0.388,0.384,8047720.000
2025-12-29,0.386,0.383,0.387,0.383,9097126.000
2025-12-30,0.383,0.381,0.383,0.380,8343548.000
2025-12-31,0.382,0.378,0.384,0.378,8940055.000
2026-01-05,0.380,0.392,0.394,0.379,21645294.000
2026-01-06,0.393,0.396,0.397,0.391,16478434.000
2026-01-07,0.396,0.397,0.401,0.395,12426170.000
2026-01-08,0.399,0.399,0.401,0.397,12011342.000
2026-01-09,0.399,0.403,0.403,0.398,12240959.000
2026-01-12,0.404,0.404,0.407,0.401,15273384.000
2026-01-13,0.407,0.41,0.418,0.407,26314688.000
2026-01-14,0.411,0.407,0.418,0.403,21424661.000
2026-01-15,0.406,0.404,0.410,0.403,12869005.000
2026-01-16,0.404,0.399,0.406,0.398,13436680.000
2026-01-19,0.398,0.396,0.400,0.394,13723619.000
2026-01-20,0.396,0.393,0.397,0.391,12442213.000
2026-01-21,0.392,0.39,0.395,0.389,12220796.000
2026-01-22,0.391,0.388,0.392,0.386,13628109.000
2026-01-23,0.388,0.388,0.391,0.386,18723423.000
2026-01-26,0.388,0.387,0.390,0.383,20546016.000
2026-01-27,0.388,0.381,0.388,0.380,21677058.000
2026-01-28,0.382,0.378,0.383,0.376,22802604.000
2026-01-29,0.376,0.386,0.386,0.374,23963958.000
2026-01-30,0.384,0.38,0.388,0.379,18195962.000
2026-02-02,0.378,0.372,0.381,0.371,18410392.000
2026-02-03,0.373,0.377,0.377,0.371,11455143.000
2026-02-04,0.375,0.38,0.382,0.373,14708000.000
2026-02-05,0.380,0.384,0.386,0.379,19562987.000
2026-02-06,0.383,0.383,0.386,0.381,10580625.000
2026-02-09,0.385,0.383,0.385,0.382,9457546.000
2026-02-10,0.383,0.388,0.390,0.382,14450597.000
2026-02-11,0.387,0.388,0.390,0.387,8754040.000
2026-02-12,0.388,0.387,0.392,0.387,9284436.000
2026-02-13,0.387,0.382,0.388,0.382,9640098.000
2026-02-24,0.385,0.381,0.386,0.381,10100584.000
2026-02-25,0.381,0.382,0.384,0.380,7345531.000
2026-02-26,0.384,0.38,0.385,0.378,10674692.000
2026-02-27,0.379,0.379,0.381,0.377,5980569.000
2026-03-02,0.375,0.371,0.378,0.370,16598173.000
2026-03-03,0.372,0.366,0.375,0.365,17852864.000
2026-03-04,0.364,0.361,0.366,0.358,14684446.000
2026-03-05,0.364,0.363,0.367,0.361,10532376.000
2026-03-06,0.362,0.372,0.372,0.361,11599453.000
2026-03-09,0.368,0.367,0.369,0.363,11492034.000
2026-03-10,0.368,0.374,0.375,0.368,11695991.000
2026-03-11,0.374,0.373,0.375,0.371,7708059.000
2026-03-12,0.373,0.371,0.375,0.369,8278929.000
2026-03-13,0.369,0.368,0.371,0.367,9454310.000
2026-03-16,0.368,0.369,0.372,0.365,9376652.000
2026-03-17,0.370,0.371,0.377,0.368,15670669.000
2026-03-18,0.370,0.37,0.372,0.367,9908187.000
2026-03-19,0.368,0.365,0.370,0.364,12114131.000
2026-03-20,0.365,0.362,0.369,0.360,11114904.000
2026-03-23,0.358,0.348,0.358,0.346,25481461.000
2026-03-24,0.352,0.357,0.357,0.351,13559053.000
2026-03-25,0.358,0.359,0.360,0.356,7618608.000
2026-03-26,0.358,0.353,0.362,0.351,10997148.000
2026-03-27,0.350,0.365,0.365,0.349,19928188.000
2026-03-30,0.361,0.365,0.367,0.360,10455288.000
2026-03-31,0.366,0.364,0.373,0.364,13375631.000
2026-04-01,0.368,0.377,0.377,0.364,21264182.000
2026-04-02,0.376,0.374,0.378,0.373,14589954.000
2026-04-03,0.372,0.368,0.373,0.366,11250229.000
2026-04-07,0.369,0.369,0.373,0.363,10267935.000
2026-04-08,0.373,0.375,0.375,0.368,11845254.000
2026-04-09,0.373,0.373,0.378,0.372,9128765.000
2026-04-10,0.373,0.373,0.378,0.371,10692896.000
2026-04-13,0.371,0.371,0.373,0.369,8031727.000
2026-04-14,0.372,0.375,0.375,0.368,9648402.000
2026-04-15,0.378,0.377,0.380,0.373,13402037.000
2026-04-16,0.377,0.377,0.379,0.374,8372404.000
2026-04-17,0.375,0.366,0.375,0.365,17756980.000
2026-04-20,0.366,0.365,0.367,0.363,8746089.000
2026-04-21,0.366,0.365,0.368,0.362,7946026.000
2026-04-22,0.363,0.363,0.365,0.361,7555758.000
2026-04-23,0.364,0.365,0.370,0.363,12527007.000
2026-04-24,0.365,0.366,0.369,0.362,10261894.000
2026-04-27,0.366,0.364,0.366,0.362,6735920.000
2026-04-28,0.370,0.372,0.378,0.369,20322876.000
2026-04-29,0.372,0.374,0.376,0.370,10304163.000
2026-04-30,0.372,0.37,0.373,0.368,9528835.000
2026-05-06,0.370,0.368,0.371,0.367,9469950.000
2026-05-07,0.370,0.368,0.371,0.367,9494481.000
2026-05-08,0.369,0.366,0.369,0.364,11809267.000
2026-05-11,0.365,0.37,0.371,0.362,16314244.000
2026-05-12,0.369,0.372,0.380,0.367,25309663.000
2026-05-13,0.372,0.37,0.373,0.366,14817387.000
2026-05-14,0.369,0.36,0.373,0.359,22967470.000
2026-05-15,0.359,0.356,0.363,0.355,14754546.000
2026-05-18,0.355,0.349,0.356,0.347,17372889.000
2026-05-19,0.349,0.349,0.353,0.346,14328192.000
2026-05-20,0.348,0.347,0.349,0.343,13692261.000
2026-05-21,0.347,0.349,0.357,0.346,20179019.000
2026-05-22,0.349,0.345,0.351,0.343,14070051.000
2026-05-25,0.343,0.34,0.343,0.338,17892016.000
2026-05-26,0.340,0.34,0.343,0.338,12084420.000
2026-05-27,0.340,0.342,0.345,0.334,20144557.000
2026-05-28,0.341,0.336,0.343,0.334,13211988.000
2026-05-29,0.336,0.344,0.347,0.336,21753414.000
2026-06-01,0.343,0.34,0.347,0.337,18137042.000
2026-06-02,0.339,0.336,0.339,0.333,17376613.000
2026-06-03,0.335,0.33,0.335,0.329,20239445.000
2026-06-04,0.328,0.325,0.330,0.323,14319360.000
2026-06-05,0.327,0.327,0.334,0.326,17489092.000
2026-06-08,0.325,0.322,0.328,0.318,17313034.000
2026-06-09,0.320,0.32,0.321,0.315,18365606.000
2026-06-10,0.318,0.325,0.326,0.317,16281316.000
2026-06-11,0.323,0.325,0.327,0.321,12238933.000
2026-06-12,0.326,0.332,0.334,0.322,18049068.000
2026-06-15,0.332,0.329,0.333,0.327,11089831.000
2026-06-16,0.328,0.323,0.329,0.323,9354038.000
2026-06-17,0.324,0.323,0.325,0.321,9243837.000
2026-06-18,0.322,0.326,0.331,0.320,15422510.000
2026-06-22,0.325,0.333,0.333,0.319,16205297.000
2026-06-23,0.332,0.333,0.341,0.331,23344229.000
2026-06-24,0.333,0.341,0.346,0.333,28805997.000
2026-06-25,0.337,0.341,0.344,0.333,18964283.000
2026-06-26,0.341,0.335,0.345,0.334,20084526.000
2026-06-29,0.335,0.356,0.356,0.330,31899666.000
2026-06-30,0.354,0.35,0.355,0.347,18166267.000
2026-07-01,0.347,0.359,0.360,0.337,32662071.000
2026-07-02,0.358,0.357,0.367,0.355,24271316.000
2026-07-03,0.360,0.363,0.366,0.355,21115515.000
2026-07-06,0.362,0.367,0.375,0.358,28301529.000
2026-07-07,0.363,0.354,0.364,0.353,18924111.000
2026-07-08,0.355,0.349,0.359,0.349,14650209.000
2026-07-09,0.346,0.356,0.360,0.345,15884028.000
2026-07-10,0.354,0.363,0.368,0.352,21873307.000
2026-07-13,0.362,0.36,0.364,0.357,13989540.000
2026-07-14,0.358,0.367,0.368,0.356,17980653.000
2026-07-15,0.365,0.379,0.386,0.365,37115212.000
2026-07-16,0.376,0.378,0.385,0.370,23535408.000
2026-07-17,0.378,0.364,0.380,0.361,22329956.000
2026-07-20,0.359,0.376,0.377,0.359,20177052.000
2026-07-21,0.377,0.376,0.378,0.368,14365377.000
2026-07-22,0.373,0.377,0.385,0.372,16061314.000
2026-07-23,0.376,0.377,0.381,0.371,14263312.000
2026-07-24,0.376,0.365,0.378,0.364,14878668.000
2026-07-27,0.366,0.368,0.374,0.365,11046282.000
2026-07-28,0.367,0.366,0.370,0.364,9688376.000
2026-07-29,0.368,0.373,0.375,0.366,15058341.000
2026-07-30,0.373,0.376,0.378,0.370,13699900.000
2026-07-31,0.372,0.377,0.379,0.370,10882845.000
2026-08-03,0.378,0.374,0.380,0.372,9987221.000
