date,open,close,high,low,vol
2017-09-01,0.990,1.011,1.028,0.990,3231687.000
2017-09-04,1.023,1.031,1.040,1.018,681439.000
2017-09-05,1.027,1.03,1.034,1.006,264359.000
2017-09-06,1.014,1.039,1.065,1.014,579107.000
2017-09-07,1.039,1.021,1.039,1.020,267597.000
2017-09-08,1.022,1.033,1.045,1.022,433122.000
2017-09-11,1.026,1.066,1.068,1.026,388452.000
2017-09-12,1.070,1.067,1.101,1.050,495983.000
2017-09-13,1.053,1.063,1.064,1.046,258596.000
2017-09-14,1.058,1.045,1.060,1.041,194558.000
2017-09-15,1.042,1.018,1.045,1.015,362899.000
2017-09-18,1.019,1.023,1.030,1.011,253057.000
2017-09-19,1.023,1.017,1.028,1.012,260520.000
2017-09-20,1.016,1.042,1.043,1.015,313438.000
2017-09-21,1.043,1.014,1.043,1.013,144875.000
2017-09-22,1.012,0.997,1.012,0.992,338960.000
2017-09-25,0.998,0.978,1.005,0.978,143805.000
2017-09-26,0.988,0.988,0.995,0.981,133907.000
2017-09-27,0.985,1.004,1.009,0.984,136905.000
2017-09-28,1.004,0.996,1.009,0.994,45396.000
2017-09-29,0.996,0.999,1.009,0.989,46977.000
2017-10-09,1.005,1.004,1.012,1.001,55640.000
2017-10-10,1.004,0.993,1.004,0.985,60163.000
2017-10-11,0.992,0.977,0.992,0.968,284532.000
2017-10-12,0.978,0.97,0.978,0.957,212099.000
2017-10-13,0.971,0.973,0.978,0.971,174727.000
2017-10-16,0.974,0.982,0.987,0.967,245437.000
2017-10-17,0.979,0.961,0.979,0.959,134372.000
2017-10-18,0.962,0.946,0.962,0.945,83543.000
2017-10-19,0.941,0.944,0.952,0.940,74706.000
2017-10-20,0.944,0.962,0.963,0.942,101727.000
2017-10-23,0.960,0.96,0.960,0.951,21595.000
2017-10-24,0.960,0.964,0.968,0.957,36926.000
2017-10-25,0.964,0.961,0.964,0.955,31446.000
2017-10-26,0.961,0.971,0.972,0.956,52114.000
2017-10-27,0.969,0.957,0.969,0.956,28239.000
2017-10-30,0.955,0.938,0.955,0.927,60130.000
2017-10-31,0.941,0.95,0.952,0.936,86041.000
2017-11-01,0.956,0.953,0.961,0.948,116339.000
2017-11-02,0.945,0.945,0.958,0.941,34581.000
2017-11-03,0.940,0.929,0.945,0.925,56181.000
2017-11-06,0.926,0.93,0.933,0.920,49260.000
2017-11-07,0.932,0.937,0.941,0.923,30189.000
2017-11-08,0.935,0.941,0.948,0.929,97959.000
2017-11-09,0.943,0.939,0.948,0.935,59965.000
2017-11-10,0.938,0.935,0.939,0.933,31694.000
2017-11-13,0.937,0.933,0.938,0.925,71351.000
2017-11-14,0.933,0.924,0.936,0.920,48441.000
2017-11-15,0.921,0.894,0.921,0.894,146054.000
2017-11-16,0.895,0.885,0.898,0.885,49480.000
2017-11-17,0.886,0.868,0.892,0.866,53469.000
2017-11-20,0.868,0.877,0.878,0.855,44488.000
2017-11-21,0.877,0.873,0.877,0.866,44597.000
2017-11-22,0.874,0.88,0.882,0.872,33326.000
2017-11-23,0.882,0.875,0.899,0.874,137646.000
2017-11-24,0.876,0.894,0.899,0.866,70139.000
2017-11-27,0.895,0.874,0.900,0.873,111780.000
2017-11-28,0.865,0.887,0.888,0.865,40800.000
2017-11-29,0.887,0.906,0.909,0.882,228857.000
2017-11-30,0.913,0.898,0.913,0.893,78879.000
2017-12-01,0.898,0.895,0.903,0.890,68923.000
2017-12-04,0.905,0.895,0.905,0.894,55872.000
2017-12-05,0.891,0.865,0.891,0.860,95192.000
2017-12-06,0.856,0.861,0.863,0.845,80572.000
2017-12-07,0.860,0.861,0.868,0.858,39313.000
2017-12-08,0.861,0.867,0.869,0.857,35501.000
2017-12-11,0.869,0.88,0.880,0.864,40452.000
2017-12-12,0.878,0.877,0.890,0.876,111481.000
2017-12-13,0.875,0.878,0.879,0.870,21959.000
2017-12-14,0.877,0.876,0.887,0.873,38594.000
2017-12-15,0.879,0.872,0.879,0.867,29479.000
2017-12-18,0.871,0.874,0.875,0.866,21669.000
2017-12-19,0.872,0.873,0.874,0.869,20485.000
2017-12-20,0.871,0.859,0.872,0.854,30528.000
2017-12-21,0.859,0.865,0.869,0.856,26224.000
2017-12-22,0.862,0.876,0.882,0.862,53693.000
2017-12-25,0.877,0.871,0.882,0.871,45650.000
2017-12-26,0.875,0.877,0.877,0.864,24285.000
2017-12-27,0.876,0.886,0.898,0.876,96134.000
2017-12-28,0.889,0.921,0.925,0.886,210717.000
2017-12-29,0.925,0.917,0.925,0.907,169610.000
2018-01-02,0.920,0.923,0.923,0.912,36217.000
2018-01-03,0.923,0.933,0.943,0.918,90867.000
2018-01-04,0.931,0.947,0.947,0.924,51559.000
2018-01-05,0.943,0.939,0.948,0.936,52360.000
2018-01-08,0.935,0.96,0.965,0.934,123738.000
2018-01-09,0.960,0.96,0.969,0.952,65001.000
2018-01-10,0.955,0.948,0.966,0.941,57703.000
2018-01-11,0.945,0.953,0.962,0.945,74469.000
2018-01-12,0.955,0.947,0.956,0.941,67612.000
2018-01-15,0.947,0.911,0.947,0.905,79235.000
2018-01-16,0.911,0.919,0.919,0.907,57879.000
2018-01-17,0.919,0.904,0.919,0.890,65205.000
2018-01-18,0.904,0.905,0.911,0.898,70194.000
2018-01-19,0.905,0.91,0.914,0.900,48293.000
2018-01-22,0.905,0.921,0.921,0.905,63493.000
2018-01-23,0.926,0.934,0.936,0.919,102825.000
2018-01-24,0.933,0.928,0.933,0.919,87525.000
2018-01-25,0.939,0.939,0.947,0.934,185606.000
2018-01-26,0.935,0.929,0.935,0.921,79669.000
2018-01-29,0.924,0.929,0.942,0.924,102729.000
2018-01-30,0.929,0.924,0.944,0.922,128355.000
2018-01-31,0.922,0.916,0.925,0.909,59279.000
2018-02-01,0.914,0.884,0.921,0.882,63079.000
2018-02-02,0.884,0.908,0.915,0.861,91152.000
2018-02-05,0.892,0.902,0.912,0.889,41699.000
2018-02-06,0.876,0.865,0.906,0.862,107841.000
2018-02-07,0.875,0.865,0.888,0.857,63974.000
2018-02-08,0.855,0.854,0.870,0.845,38514.000
2018-02-09,0.845,0.81,0.859,0.796,41272.000
2018-02-12,0.812,0.84,0.843,0.811,185815.000
2018-02-13,0.840,0.851,0.857,0.840,26560.000
2018-02-14,0.853,0.862,0.863,0.847,18721.000
2018-02-22,0.865,0.892,0.901,0.865,95375.000
2018-02-23,0.893,0.9,0.900,0.883,54170.000
2018-02-26,0.899,0.907,0.913,0.890,134893.000
2018-02-27,0.907,0.887,0.907,0.886,24299.000
2018-02-28,0.877,0.895,0.901,0.870,37298.000
2018-03-01,0.890,0.898,0.900,0.882,30673.000
2018-03-02,0.892,0.893,0.909,0.888,71880.000
2018-03-05,0.895,0.892,0.905,0.887,48963.000
2018-03-06,0.899,0.904,0.905,0.883,57388.000
2018-03-07,0.899,0.887,0.903,0.887,38326.000
2018-03-08,0.892,0.89,0.903,0.888,82694.000
2018-03-09,0.887,0.892,0.893,0.885,21195.000
2018-03-12,0.891,0.921,0.924,0.891,106422.000
2018-03-13,0.922,0.917,0.922,0.912,45403.000
2018-03-14,0.917,0.922,0.938,0.912,107736.000
2018-03-15,0.923,0.919,0.926,0.911,44979.000
2018-03-16,0.919,0.905,0.919,0.904,12455.000
2018-03-19,0.899,0.902,0.907,0.892,31616.000
2018-03-20,0.892,0.896,0.900,0.889,11087.000
2018-03-21,0.897,0.886,0.903,0.882,55753.000
2018-03-22,0.892,0.887,0.899,0.886,50003.000
2018-03-23,0.872,0.842,0.872,0.825,54277.000
2018-03-26,0.835,0.861,0.861,0.830,42526.000
2018-03-27,0.865,0.887,0.887,0.865,19850.000
2018-03-28,0.878,0.867,0.878,0.864,6823.000
2018-03-29,0.871,0.871,0.872,0.860,6054.000
2018-03-30,0.868,0.868,0.872,0.866,7597.000
2018-04-02,0.870,0.868,0.876,0.867,10209.000
2018-04-03,0.863,0.856,0.863,0.852,7567.000
2018-04-04,0.856,0.851,0.863,0.850,6837.000
2018-04-09,0.849,0.854,0.861,0.849,39309.000
2018-04-10,0.855,0.874,0.874,0.855,35154.000
2018-04-11,0.883,0.881,0.887,0.872,33509.000
2018-04-12,0.886,0.87,0.886,0.869,14934.000
2018-04-13,0.873,0.864,0.874,0.860,11831.000
2018-04-16,0.862,0.855,0.866,0.852,10794.000
2018-04-17,0.858,0.831,0.859,0.830,27321.000
2018-04-18,0.835,0.835,0.838,0.813,34504.000
2018-04-19,0.842,0.856,0.862,0.841,80872.000
2018-04-20,0.848,0.837,0.850,0.834,24635.000
2018-04-23,0.837,0.829,0.837,0.820,17364.000
2018-04-24,0.829,0.838,0.841,0.815,38697.000
2018-04-25,0.834,0.833,0.841,0.830,28759.000
2018-04-26,0.832,0.819,0.833,0.816,15083.000
2018-04-27,0.826,0.818,0.831,0.813,22183.000
2018-05-02,0.820,0.814,0.822,0.814,8827.000
2018-05-03,0.815,0.818,0.819,0.803,25336.000
2018-05-04,0.818,0.815,0.821,0.813,10606.000
2018-05-07,0.819,0.831,0.833,0.817,37267.000
2018-05-08,0.832,0.84,0.840,0.831,18653.000
2018-05-09,0.833,0.838,0.840,0.831,12351.000
2018-05-10,0.840,0.838,0.844,0.836,21207.000
2018-05-11,0.839,0.851,0.859,0.839,49060.000
2018-05-14,0.851,0.854,0.873,0.850,33862.000
2018-05-15,0.855,0.857,0.857,0.847,9502.000
2018-05-16,0.856,0.842,0.856,0.840,9473.000
2018-05-17,0.842,0.842,0.852,0.839,36236.000
2018-05-18,0.844,0.846,0.849,0.836,15923.000
2018-05-21,0.847,0.851,0.859,0.847,11367.000
2018-05-22,0.856,0.851,0.856,0.841,35222.000
2018-05-23,0.847,0.834,0.850,0.833,11735.000
2018-05-24,0.828,0.833,0.839,0.828,16416.000
2018-05-25,0.831,0.823,0.835,0.819,8865.000
2018-05-28,0.823,0.817,0.824,0.815,9108.000
2018-05-29,0.817,0.816,0.820,0.813,25013.000
2018-05-30,0.804,0.792,0.807,0.792,25858.000
2018-05-31,0.797,0.797,0.800,0.790,12592.000
2018-06-01,0.796,0.798,0.806,0.793,25426.000
2018-06-04,0.799,0.788,0.799,0.787,17954.000
2018-06-05,0.795,0.797,0.798,0.786,18479.000
2018-06-06,0.808,0.81,0.813,0.799,29710.000
2018-06-07,0.811,0.808,0.818,0.807,56340.000
2018-06-08,0.807,0.793,0.807,0.790,20178.000
2018-06-11,0.793,0.799,0.804,0.793,38461.000
2018-06-12,0.799,0.801,0.801,0.788,16361.000
2018-06-13,0.798,0.791,0.798,0.790,7339.000
2018-06-14,0.792,0.789,0.795,0.787,13674.000
2018-06-15,0.788,0.777,0.790,0.770,55480.000
2018-06-19,0.768,0.724,0.768,0.715,32929.000
2018-06-20,0.724,0.727,0.729,0.713,9039.000
2018-06-21,0.725,0.704,0.731,0.702,19609.000
2018-06-22,0.702,0.716,0.718,0.685,16381.000
2018-06-25,0.717,0.711,0.726,0.710,23756.000
2018-06-26,0.707,0.714,0.718,0.700,19083.000
2018-06-27,0.714,0.709,0.717,0.707,4199.000
2018-06-28,0.710,0.705,0.719,0.704,10929.000
2018-06-29,0.705,0.723,0.725,0.701,27158.000
2018-07-02,0.725,0.706,0.725,0.700,24608.000
2018-07-03,0.706,0.708,0.709,0.687,21161.000
2018-07-04,0.707,0.701,0.710,0.698,5559.000
2018-07-05,0.699,0.678,0.699,0.677,11070.000
2018-07-06,0.677,0.683,0.691,0.667,10869.000
2018-07-09,0.684,0.697,0.698,0.683,17880.000
2018-07-10,0.695,0.708,0.712,0.695,54284.000
2018-07-11,0.700,0.699,0.708,0.686,9537.000
2018-07-12,0.696,0.71,0.712,0.694,19191.000
2018-07-13,0.710,0.718,0.721,0.706,25030.000
2018-07-16,0.719,0.714,0.719,0.707,22144.000
2018-07-17,0.711,0.712,0.714,0.705,13699.000
2018-07-18,0.712,0.705,0.715,0.705,11639.000
2018-07-19,0.708,0.696,0.710,0.695,8318.000
2018-07-20,0.697,0.702,0.705,0.692,19998.000
2018-07-23,0.702,0.717,0.719,0.701,22371.000
2018-07-24,0.720,0.733,0.737,0.717,34848.000
2018-07-25,0.738,0.728,0.741,0.725,20375.000
2018-07-26,0.730,0.721,0.735,0.719,14503.000
2018-07-27,0.720,0.716,0.721,0.714,8536.000
2018-07-30,0.716,0.714,0.724,0.710,25910.000
2018-07-31,0.714,0.709,0.716,0.707,14852.000
2018-08-01,0.709,0.695,0.715,0.694,13305.000
2018-08-02,0.695,0.682,0.695,0.663,25824.000
2018-08-03,0.682,0.671,0.682,0.667,14312.000
2018-08-06,0.672,0.644,0.672,0.642,22346.000
2018-08-07,0.644,0.657,0.658,0.630,37910.000
2018-08-08,0.653,0.646,0.659,0.644,6774.000
2018-08-09,0.647,0.66,0.665,0.647,38242.000
2018-08-10,0.660,0.661,0.664,0.656,3614.000
2018-08-13,0.657,0.663,0.664,0.651,10911.000
2018-08-14,0.661,0.663,0.665,0.655,9020.000
2018-08-15,0.662,0.644,0.662,0.644,11771.000
2018-08-16,0.641,0.637,0.645,0.630,10096.000
2018-08-17,0.640,0.627,0.653,0.627,7886.000
2018-08-20,0.630,0.637,0.637,0.626,4774.000
2018-08-21,0.637,0.645,0.648,0.637,6407.000
2018-08-22,0.645,0.638,0.645,0.635,5895.000
2018-08-23,0.637,0.64,0.642,0.634,3207.000
2018-08-24,0.635,0.638,0.641,0.634,5188.000
2018-08-27,0.640,0.648,0.650,0.638,10086.000
2018-08-28,0.650,0.655,0.660,0.645,24066.000
2018-08-29,0.655,0.649,0.655,0.646,11122.000
2018-08-30,0.645,0.642,0.652,0.641,9090.000
2018-08-31,0.641,0.632,0.641,0.629,17973.000
2018-09-03,0.634,0.632,0.634,0.624,16459.000
2018-09-04,0.631,0.635,0.637,0.627,16159.000
2018-09-05,0.632,0.622,0.633,0.620,17943.000
2018-09-06,0.620,0.618,0.626,0.614,18463.000
2018-09-07,0.618,0.616,0.624,0.615,10784.000
2018-09-10,0.616,0.602,0.616,0.601,13535.000
2018-09-11,0.604,0.6,0.604,0.595,26520.000
2018-09-12,0.600,0.603,0.607,0.599,3847.000
2018-09-13,0.606,0.612,0.615,0.606,29029.000
2018-09-14,0.613,0.617,0.623,0.613,27956.000
2018-09-17,0.611,0.601,0.611,0.599,7854.000
2018-09-18,0.600,0.612,0.612,0.598,10178.000
2018-09-19,0.612,0.619,0.623,0.610,14868.000
2018-09-20,0.619,0.62,0.628,0.619,23690.000
2018-09-21,0.625,0.635,0.639,0.616,24489.000
2018-09-25,0.635,0.634,0.638,0.630,15275.000
2018-09-26,0.635,0.637,0.641,0.633,11573.000
2018-09-27,0.635,0.63,0.639,0.630,9446.000
2018-09-28,0.630,0.638,0.638,0.626,14291.000
2018-10-08,0.633,0.621,0.637,0.619,39342.000
2018-10-09,0.618,0.628,0.632,0.618,10689.000
2018-10-10,0.631,0.625,0.635,0.619,5621.000
2018-10-11,0.605,0.571,0.614,0.564,16934.000
2018-10-12,0.575,0.576,0.580,0.558,20769.000
2018-10-15,0.575,0.566,0.576,0.565,4661.000
2018-10-16,0.566,0.547,0.569,0.547,10712.000
2018-10-17,0.559,0.546,0.564,0.534,14444.000
2018-10-18,0.551,0.526,0.551,0.525,12116.000
2018-10-19,0.526,0.536,0.539,0.515,9061.000
2018-10-22,0.542,0.568,0.574,0.538,24804.000
2018-10-23,0.560,0.552,0.564,0.551,21580.000
2018-10-24,0.553,0.561,0.610,0.549,23546.000
2018-10-25,0.558,0.561,0.567,0.542,12735.000
2018-10-26,0.567,0.565,0.578,0.561,30431.000
2018-10-29,0.562,0.552,0.565,0.548,16544.000
2018-10-30,0.547,0.559,0.562,0.544,18623.000
2018-10-31,0.562,0.577,0.581,0.552,45885.000
2018-11-01,0.581,0.578,0.585,0.567,34972.000
2018-11-02,0.587,0.594,0.601,0.580,43779.000
2018-11-05,0.592,0.588,0.596,0.584,19253.000
2018-11-06,0.582,0.582,0.587,0.578,13783.000
2018-11-07,0.585,0.597,0.608,0.585,46618.000
2018-11-08,0.597,0.582,0.600,0.580,25009.000
2018-11-09,0.582,0.573,0.585,0.570,14352.000
2018-11-12,0.573,0.583,0.584,0.567,20354.000
2018-11-13,0.579,0.592,0.593,0.575,32869.000
2018-11-14,0.590,0.588,0.596,0.585,18084.000
2018-11-15,0.588,0.596,0.597,0.586,13610.000
2018-11-16,0.598,0.596,0.602,0.593,15242.000
2018-11-19,0.596,0.598,0.601,0.591,20525.000
2018-11-20,0.594,0.59,0.602,0.589,33068.000
2018-11-21,0.587,0.588,0.589,0.581,15643.000
2018-11-22,0.590,0.586,0.592,0.584,8104.000
2018-11-23,0.583,0.556,0.583,0.556,49408.000
2018-11-26,0.553,0.552,0.559,0.549,24448.000
2018-11-27,0.559,0.557,0.560,0.553,16577.000
2018-11-28,0.552,0.562,0.562,0.549,21345.000
2018-11-29,0.565,0.56,0.576,0.560,80965.000
2018-11-30,0.557,0.566,0.566,0.555,23293.000
2018-12-03,0.576,0.581,0.583,0.572,34839.000
2018-12-04,0.579,0.583,0.583,0.578,19629.000
2018-12-05,0.575,0.583,0.591,0.573,38367.000
2018-12-06,0.580,0.578,0.584,0.576,27425.000
2018-12-07,0.576,0.575,0.580,0.573,10201.000
2018-12-10,0.573,0.571,0.576,0.569,14316.000
2018-12-11,0.571,0.576,0.576,0.571,7361.000
2018-12-12,0.579,0.576,0.579,0.574,9465.000
2018-12-13,0.575,0.579,0.582,0.571,25500.000
2018-12-14,0.576,0.561,0.582,0.561,20810.000
2018-12-17,0.559,0.566,0.567,0.558,18132.000
2018-12-18,0.563,0.567,0.568,0.561,19358.000
2018-12-19,0.567,0.56,0.567,0.560,9950.000
2018-12-20,0.560,0.559,0.563,0.555,8068.000
2018-12-21,0.559,0.552,0.560,0.549,10998.000
2018-12-24,0.551,0.553,0.554,0.549,2101.000
2018-12-25,0.550,0.544,0.550,0.535,9454.000
2018-12-26,0.543,0.543,0.545,0.541,3552.000
2018-12-27,0.546,0.536,0.551,0.536,7751.000
2018-12-28,0.537,0.542,0.543,0.536,2006.000
2019-01-02,0.543,0.532,0.543,0.532,5252.000
2019-01-03,0.532,0.539,0.542,0.531,18924.000
2019-01-04,0.539,0.554,0.555,0.538,19999.000
2019-01-07,0.560,0.565,0.566,0.551,24294.000
2019-01-08,0.563,0.556,0.565,0.552,26648.000
2019-01-09,0.559,0.553,0.559,0.552,61867.000
2019-01-10,0.551,0.551,0.556,0.548,29219.000
2019-01-11,0.551,0.556,0.556,0.549,47406.000
2019-01-14,0.554,0.553,0.558,0.551,21054.000
2019-01-15,0.552,0.558,0.560,0.551,18531.000
2019-01-16,0.557,0.555,0.558,0.552,21023.000
2019-01-17,0.556,0.551,0.559,0.549,37462.000
2019-01-18,0.551,0.565,0.566,0.550,47440.000
2019-01-21,0.568,0.565,0.568,0.561,45405.000
2019-01-22,0.563,0.556,0.563,0.551,33995.000
2019-01-23,0.553,0.557,0.559,0.551,26550.000
2019-01-24,0.557,0.555,0.557,0.551,34021.000
2019-01-25,0.552,0.553,0.555,0.551,45523.000
2019-01-28,0.557,0.551,0.558,0.549,47153.000
2019-01-29,0.549,0.54,0.549,0.532,48716.000
2019-01-30,0.540,0.536,0.542,0.535,17256.000
2019-01-31,0.535,0.528,0.541,0.525,35974.000
2019-02-01,0.529,0.54,0.540,0.529,39091.000
2019-02-11,0.540,0.558,0.558,0.540,74525.000
2019-02-12,0.558,0.56,0.562,0.553,75054.000
2019-02-13,0.560,0.576,0.581,0.558,128688.000
2019-02-14,0.577,0.574,0.579,0.569,73465.000
2019-02-15,0.573,0.573,0.583,0.569,65502.000
2019-02-18,0.579,0.592,0.592,0.575,60173.000
2019-02-19,0.590,0.594,0.597,0.586,67911.000
2019-02-20,0.596,0.605,0.615,0.595,91809.000
2019-02-21,0.605,0.604,0.611,0.599,78419.000
2019-02-22,0.600,0.609,0.611,0.593,71323.000
2019-02-25,0.642,0.672,0.672,0.615,433760.000
2019-02-26,0.691,0.664,0.692,0.645,548196.000
2019-02-27,0.654,0.651,0.669,0.645,219838.000
2019-02-28,0.651,0.648,0.657,0.644,165222.000
2019-03-01,0.650,0.652,0.652,0.640,113855.000
2019-03-04,0.658,0.664,0.676,0.652,259056.000
2019-03-05,0.658,0.67,0.672,0.653,255154.000
2019-03-06,0.671,0.693,0.694,0.670,304472.000
2019-03-07,0.698,0.71,0.725,0.679,294991.000
2019-03-08,0.680,0.661,0.699,0.660,296177.000
2019-03-11,0.659,0.676,0.681,0.659,171223.000
2019-03-12,0.683,0.678,0.688,0.670,232441.000
2019-03-13,0.680,0.675,0.687,0.671,170717.000
2019-03-14,0.670,0.669,0.695,0.663,199583.000
2019-03-15,0.672,0.675,0.678,0.662,132811.000
2019-03-18,0.677,0.695,0.695,0.677,225636.000
2019-03-19,0.695,0.691,0.696,0.685,87731.000
2019-03-20,0.689,0.681,0.690,0.672,167757.000
2019-03-21,0.688,0.69,0.696,0.684,183154.000
2019-03-22,0.684,0.685,0.691,0.675,129900.000
2019-03-25,0.676,0.67,0.680,0.670,95043.000
2019-03-26,0.674,0.662,0.677,0.658,78226.000
2019-03-27,0.660,0.654,0.664,0.648,105037.000
2019-03-28,0.650,0.647,0.653,0.643,60882.000
2019-03-29,0.650,0.664,0.665,0.640,240172.000
2019-04-01,0.673,0.699,0.700,0.671,346479.000
2019-04-02,0.715,0.713,0.723,0.688,441338.000
2019-04-03,0.714,0.713,0.717,0.699,219991.000
2019-04-04,0.717,0.722,0.732,0.713,382211.000
2019-04-08,0.733,0.735,0.744,0.717,455534.000
2019-04-09,0.728,0.714,0.728,0.707,291114.000
2019-04-10,0.714,0.709,0.714,0.699,208388.000
2019-04-11,0.709,0.695,0.715,0.694,194037.000
2019-04-12,0.689,0.689,0.697,0.683,145193.000
2019-04-15,0.703,0.685,0.708,0.684,212418.000
2019-04-16,0.676,0.708,0.709,0.674,422693.000
2019-04-17,0.705,0.704,0.711,0.700,240732.000
2019-04-18,0.708,0.694,0.709,0.692,179628.000
2019-04-19,0.691,0.7,0.701,0.686,169973.000
2019-04-22,0.700,0.685,0.701,0.681,176846.000
2019-04-23,0.685,0.677,0.685,0.671,202752.000
2019-04-24,0.677,0.681,0.681,0.669,120969.000
2019-04-25,0.677,0.658,0.680,0.657,181246.000
2019-04-26,0.655,0.644,0.660,0.644,204056.000
2019-04-29,0.645,0.613,0.647,0.612,351784.000
2019-04-30,0.613,0.62,0.621,0.609,212496.000
2019-05-06,0.595,0.571,0.602,0.568,256208.000
2019-05-07,0.576,0.579,0.583,0.571,177872.000
2019-05-08,0.574,0.579,0.585,0.563,104894.000
2019-05-09,0.581,0.576,0.582,0.573,127774.000
2019-05-10,0.580,0.591,0.592,0.569,291326.000
2019-05-13,0.580,0.581,0.587,0.578,150930.000
2019-05-14,0.576,0.582,0.589,0.576,140811.000
2019-05-15,0.586,0.589,0.590,0.583,98193.000
2019-05-16,0.586,0.616,0.617,0.586,332108.000
2019-05-17,0.617,0.586,0.620,0.583,934276.000
2019-05-20,0.589,0.594,0.594,0.570,159411.000
2019-05-21,0.596,0.617,0.621,0.587,364951.000
2019-05-22,0.617,0.605,0.618,0.603,356337.000
2019-05-23,0.603,0.593,0.606,0.591,151239.000
2019-05-24,0.593,0.587,0.602,0.584,202839.000
2019-05-27,0.590,0.604,0.604,0.584,114805.000
2019-05-28,0.602,0.599,0.605,0.596,160603.000
2019-05-29,0.600,0.611,0.617,0.600,898008.000
2019-05-30,0.605,0.617,0.619,0.602,221862.000
2019-05-31,0.616,0.626,0.631,0.612,253419.000
2019-06-03,0.623,0.612,0.625,0.611,277802.000
2019-06-04,0.612,0.603,0.620,0.599,88893.000
2019-06-05,0.607,0.609,0.613,0.606,64139.000
2019-06-06,0.607,0.605,0.612,0.601,63058.000
2019-06-10,0.606,0.611,0.612,0.595,81177.000
2019-06-11,0.611,0.628,0.631,0.606,275661.000
2019-06-12,0.629,0.636,0.652,0.627,334976.000
2019-06-13,0.634,0.635,0.640,0.627,114413.000
2019-06-14,0.635,0.63,0.645,0.629,161435.000
2019-06-17,0.625,0.637,0.643,0.625,85916.000
2019-06-18,0.633,0.626,0.633,0.619,312036.000
2019-06-19,0.635,0.627,0.637,0.626,296476.000
2019-06-20,0.631,0.639,0.641,0.623,377106.000
2019-06-21,0.639,0.65,0.658,0.636,359517.000
2019-06-24,0.650,0.654,0.658,0.648,212976.000
2019-06-25,0.656,0.657,0.660,0.646,187337.000
2019-06-26,0.650,0.64,0.650,0.638,216334.000
2019-06-27,0.638,0.643,0.644,0.638,116516.000
2019-06-28,0.643,0.638,0.648,0.635,98251.000
2019-07-01,0.641,0.648,0.648,0.635,209181.000
2019-07-02,0.644,0.651,0.652,0.642,166742.000
2019-07-03,0.657,0.647,0.659,0.646,108494.000
2019-07-04,0.647,0.638,0.650,0.635,130760.000
2019-07-05,0.638,0.64,0.642,0.635,78357.000
2019-07-08,0.634,0.616,0.639,0.611,160402.000
2019-07-09,0.610,0.617,0.617,0.610,39387.000
2019-07-10,0.617,0.607,0.617,0.605,102249.000
2019-07-11,0.614,0.618,0.623,0.613,130588.000
2019-07-12,0.618,0.613,0.618,0.611,75707.000
2019-07-15,0.613,0.617,0.624,0.606,2565500.000
2019-07-16,0.617,0.618,0.621,0.614,265270.000
2019-07-17,0.617,0.617,0.619,0.607,178577.000
2019-07-18,0.619,0.615,0.626,0.615,382665.000
2019-07-19,0.621,0.628,0.632,0.620,257732.000
2019-07-22,0.626,0.613,0.627,0.602,338668.000
2019-07-23,0.609,0.612,0.613,0.607,358180.000
2019-07-24,0.613,0.619,0.622,0.613,271608.000
2019-07-25,0.619,0.617,0.619,0.614,199206.000
2019-07-26,0.615,0.613,0.616,0.609,172251.000
2019-07-29,0.614,0.612,0.615,0.611,127205.000
2019-07-30,0.612,0.619,0.621,0.612,249830.000
2019-07-31,0.619,0.621,0.623,0.612,155111.000
2019-08-01,0.614,0.616,0.622,0.610,244770.000
2019-08-02,0.612,0.619,0.622,0.612,247599.000
2019-08-05,0.617,0.629,0.633,0.617,681988.000
2019-08-06,0.624,0.611,0.629,0.608,601394.000
2019-08-07,0.619,0.637,0.641,0.619,303346.000
2019-08-08,0.644,0.636,0.650,0.633,169730.000
2019-08-09,0.635,0.631,0.644,0.630,113252.000
2019-08-12,0.630,0.626,0.630,0.620,244665.000
2019-08-13,0.628,0.637,0.639,0.627,212300.000
2019-08-14,0.628,0.633,0.635,0.625,1119252.000
2019-08-15,0.625,0.629,0.631,0.623,387093.000
2019-08-16,0.630,0.632,0.637,0.627,607442.000
2019-08-19,0.633,0.639,0.640,0.625,278961.000
2019-08-20,0.637,0.646,0.649,0.633,352765.000
2019-08-21,0.644,0.638,0.644,0.637,170387.000
2019-08-22,0.636,0.637,0.637,0.628,242042.000
2019-08-23,0.634,0.634,0.637,0.631,145187.000
2019-08-26,0.636,0.638,0.641,0.635,176451.000
2019-08-27,0.633,0.643,0.643,0.633,172499.000
2019-08-28,0.641,0.639,0.644,0.637,110134.000
2019-08-29,0.639,0.641,0.643,0.635,117686.000
2019-08-30,0.637,0.641,0.644,0.636,132225.000
2019-09-02,0.643,0.649,0.650,0.641,197628.000
2019-09-03,0.650,0.65,0.650,0.646,120332.000
2019-09-04,0.652,0.658,0.660,0.651,212245.000
2019-09-05,0.669,0.665,0.675,0.659,409081.000
2019-09-06,0.661,0.657,0.663,0.655,200153.000
2019-09-09,0.659,0.668,0.668,0.656,156938.000
2019-09-10,0.666,0.668,0.676,0.662,257578.000
2019-09-11,0.672,0.664,0.672,0.663,171451.000
2019-09-12,0.665,0.665,0.667,0.660,108792.000
2019-09-16,0.668,0.669,0.669,0.663,123764.000
2019-09-17,0.666,0.651,0.666,0.650,177621.000
2019-09-18,0.652,0.648,0.654,0.647,75465.000
2019-09-19,0.647,0.656,0.657,0.646,90494.000
2019-09-20,0.656,0.657,0.657,0.653,78547.000
2019-09-23,0.656,0.65,0.656,0.647,63777.000
2019-09-24,0.651,0.654,0.654,0.647,63958.000
2019-09-25,0.654,0.649,0.655,0.643,72758.000
2019-09-26,0.648,0.628,0.649,0.626,160235.000
2019-09-27,0.629,0.626,0.631,0.622,103033.000
2019-09-30,0.626,0.618,0.628,0.618,59391.000
2019-10-08,0.620,0.617,0.621,0.615,47455.000
2019-10-09,0.617,0.624,0.624,0.615,60842.000
2019-10-10,0.624,0.626,0.627,0.622,31566.000
2019-10-11,0.625,0.623,0.625,0.618,86234.000
2019-10-14,0.624,0.625,0.628,0.621,149635.000
2019-10-15,0.624,0.613,0.625,0.613,149606.000
2019-10-16,0.615,0.608,0.616,0.605,126901.000
2019-10-17,0.608,0.608,0.610,0.605,87287.000
2019-10-18,0.609,0.598,0.610,0.596,112208.000
2019-10-21,0.598,0.595,0.600,0.590,72144.000
2019-10-22,0.597,0.599,0.600,0.595,55788.000
2019-10-23,0.600,0.596,0.600,0.593,66712.000
2019-10-24,0.596,0.593,0.596,0.590,79549.000
2019-10-25,0.594,0.596,0.598,0.591,59535.000
2019-10-28,0.595,0.606,0.607,0.595,137393.000
2019-10-29,0.604,0.596,0.605,0.596,98506.000
2019-10-30,0.598,0.591,0.598,0.590,76218.000
2019-10-31,0.592,0.588,0.594,0.588,83885.000
2019-11-01,0.589,0.595,0.595,0.588,61365.000
2019-11-04,0.595,0.598,0.600,0.594,73648.000
2019-11-05,0.598,0.603,0.606,0.594,166072.000
2019-11-06,0.601,0.603,0.610,0.598,171561.000
2019-11-07,0.602,0.6,0.603,0.597,80434.000
2019-11-08,0.602,0.597,0.605,0.596,81287.000
2019-11-11,0.594,0.583,0.596,0.582,149192.000
2019-11-12,0.583,0.578,0.586,0.575,105016.000
2019-11-13,0.580,0.581,0.582,0.578,69205.000
2019-11-14,0.580,0.58,0.580,0.576,44008.000
2019-11-15,0.577,0.577,0.585,0.576,48925.000
2019-11-18,0.576,0.58,0.581,0.573,52906.000
2019-11-19,0.579,0.591,0.592,0.579,135561.000
2019-11-20,0.591,0.595,0.598,0.589,144505.000
2019-11-21,0.594,0.594,0.596,0.590,75526.000
2019-11-22,0.594,0.598,0.602,0.593,171082.000
2019-11-25,0.601,0.609,0.609,0.590,195298.000
2019-11-26,0.610,0.607,0.610,0.599,195626.000
2019-11-27,0.607,0.612,0.615,0.601,174032.000
2019-11-28,0.613,0.605,0.613,0.604,47545.000
2019-11-29,0.605,0.601,0.605,0.598,91887.000
2019-12-02,0.600,0.602,0.604,0.598,69859.000
2019-12-03,0.599,0.607,0.609,0.598,67198.000
2019-12-04,0.605,0.619,0.621,0.605,165992.000
2019-12-05,0.620,0.621,0.622,0.613,142226.000
2019-12-06,0.619,0.619,0.621,0.617,91358.000
2019-12-09,0.619,0.619,0.623,0.616,81529.000
2019-12-10,0.619,0.625,0.630,0.618,169448.000
2019-12-11,0.625,0.621,0.626,0.618,118754.000
2019-12-12,0.624,0.62,0.627,0.620,136895.000
2019-12-13,0.621,0.629,0.629,0.621,132234.000
2019-12-16,0.630,0.631,0.632,0.623,201067.000
2019-12-17,0.631,0.648,0.648,0.630,359417.000
2019-12-18,0.648,0.648,0.649,0.642,322756.000
2019-12-19,0.645,0.65,0.650,0.644,163002.000
2019-12-20,0.647,0.641,0.652,0.638,175590.000
2019-12-23,0.640,0.636,0.646,0.632,257166.000
2019-12-24,0.636,0.667,0.669,0.636,578609.000
2019-12-25,0.668,0.666,0.668,0.660,310055.000
2019-12-26,0.664,0.673,0.675,0.664,370913.000
2019-12-27,0.679,0.694,0.717,0.676,1359937.000
2019-12-30,0.691,0.701,0.702,0.683,1234539.000
2019-12-31,0.696,0.701,0.706,0.694,850309.000
2020-01-02,0.713,0.711,0.716,0.702,750479.000
2020-01-03,0.713,0.723,0.730,0.707,1474403.000
2020-01-06,0.730,0.75,0.752,0.730,1458400.000
2020-01-07,0.742,0.74,0.745,0.733,1154906.000
2020-01-08,0.750,0.74,0.763,0.735,1301119.000
2020-01-09,0.732,0.731,0.739,0.726,1043839.000
2020-01-10,0.729,0.727,0.731,0.720,585452.000
2020-01-13,0.726,0.733,0.735,0.719,862244.000
2020-01-14,0.735,0.751,0.760,0.735,1421222.000
2020-01-15,0.744,0.734,0.747,0.728,728466.000
2020-01-16,0.730,0.73,0.740,0.726,390057.000
2020-01-17,0.734,0.728,0.735,0.721,446196.000
2020-01-20,0.726,0.732,0.733,0.719,638792.000
2020-01-21,0.733,0.714,0.733,0.709,733960.000
2020-01-22,0.707,0.719,0.726,0.697,1146212.000
2020-01-23,0.713,0.697,0.722,0.685,924916.000
2020-02-03,0.625,0.625,0.646,0.625,362203.000
2020-02-04,0.623,0.638,0.690,0.619,661707.000
2020-02-05,0.639,0.657,0.668,0.635,636495.000
2020-02-06,0.657,0.666,0.667,0.644,688899.000
2020-02-07,0.657,0.659,0.664,0.647,483705.000
2020-02-10,0.653,0.69,0.691,0.653,741370.000
2020-02-11,0.690,0.686,0.698,0.678,725089.000
2020-02-12,0.682,0.723,0.724,0.681,888418.000
2020-02-13,0.724,0.722,0.739,0.715,1264545.000
2020-02-14,0.721,0.74,0.752,0.721,1202678.000
2020-02-17,0.744,0.756,0.758,0.734,1054382.000
2020-02-18,0.760,0.759,0.764,0.747,874520.000
2020-02-19,0.755,0.741,0.755,0.738,1011918.000
2020-02-20,0.739,0.745,0.745,0.731,766916.000
2020-02-21,0.747,0.758,0.761,0.746,1211298.000
2020-02-24,0.761,0.754,0.767,0.737,897482.000
2020-02-25,0.735,0.759,0.761,0.731,961865.000
2020-02-26,0.740,0.731,0.750,0.728,870900.000
2020-02-27,0.732,0.729,0.738,0.724,438341.000
2020-02-28,0.704,0.68,0.714,0.678,891677.000
2020-03-02,0.684,0.701,0.704,0.681,473276.000
2020-03-03,0.717,0.709,0.723,0.703,643973.000
2020-03-04,0.709,0.72,0.721,0.705,603205.000
2020-03-05,0.728,0.726,0.728,0.714,986207.000
2020-03-06,0.721,0.725,0.734,0.718,599173.000
2020-03-09,0.713,0.687,0.718,0.685,1015040.000
2020-03-10,0.676,0.697,0.697,0.665,719503.000
2020-03-11,0.699,0.687,0.699,0.686,389694.000
2020-03-12,0.678,0.668,0.678,0.661,486985.000
2020-03-13,0.636,0.654,0.662,0.626,749947.000
2020-03-16,0.654,0.625,0.660,0.623,571257.000
2020-03-17,0.627,0.617,0.635,0.601,762577.000
2020-03-18,0.621,0.605,0.628,0.603,383972.000
2020-03-19,0.603,0.6,0.605,0.583,874098.000
2020-03-20,0.603,0.611,0.611,0.592,499114.000
2020-03-23,0.593,0.584,0.598,0.582,709426.000
2020-03-24,0.605,0.612,0.613,0.595,843263.000
2020-03-25,0.631,0.627,0.634,0.621,1117486.000
2020-03-26,0.621,0.619,0.626,0.613,449982.000
2020-03-27,0.623,0.614,0.625,0.614,651369.000
2020-03-30,0.608,0.599,0.608,0.594,381523.000
2020-03-31,0.602,0.606,0.610,0.598,809849.000
2020-04-01,0.603,0.617,0.621,0.600,658159.000
2020-04-02,0.609,0.622,0.622,0.604,993034.000
2020-04-03,0.620,0.614,0.625,0.613,755171.000
2020-04-07,0.627,0.637,0.639,0.625,737682.000
2020-04-08,0.632,0.641,0.647,0.631,566119.000
2020-04-09,0.644,0.639,0.644,0.635,440797.000
2020-04-10,0.646,0.627,0.648,0.627,489420.000
2020-04-13,0.624,0.624,0.628,0.621,283186.000
2020-04-14,0.629,0.649,0.650,0.629,703209.000
2020-04-15,0.647,0.643,0.652,0.641,441989.000
2020-04-16,0.637,0.643,0.645,0.634,299246.000
2020-04-17,0.646,0.639,0.647,0.637,413073.000
2020-04-20,0.637,0.64,0.640,0.632,272928.000
2020-04-21,0.635,0.627,0.636,0.622,390280.000
2020-04-22,0.620,0.629,0.630,0.620,305753.000
2020-04-23,0.631,0.63,0.635,0.628,260374.000
2020-04-24,0.629,0.628,0.635,0.624,261006.000
2020-04-27,0.623,0.618,0.625,0.617,306517.000
2020-04-28,0.615,0.607,0.617,0.593,364221.000
2020-04-29,0.604,0.609,0.614,0.604,439016.000
2020-04-30,0.613,0.626,0.626,0.611,400723.000
2020-05-06,0.619,0.643,0.643,0.618,761994.000
2020-05-07,0.638,0.639,0.643,0.635,375626.000
2020-05-08,0.644,0.648,0.651,0.637,461695.000
2020-05-11,0.649,0.638,0.649,0.635,526230.000
2020-05-12,0.636,0.632,0.637,0.626,445505.000
2020-05-13,0.628,0.635,0.638,0.627,299057.000
2020-05-14,0.633,0.632,0.638,0.631,239346.000
2020-05-15,0.635,0.641,0.643,0.633,411938.000
2020-05-18,0.646,0.662,0.670,0.643,1332962.000
2020-05-19,0.661,0.656,0.661,0.652,839714.000
2020-05-20,0.657,0.653,0.665,0.651,616335.000
2020-05-21,0.655,0.643,0.656,0.640,495988.000
2020-05-22,0.639,0.632,0.640,0.625,498288.000
2020-05-25,0.630,0.625,0.631,0.620,415891.000
2020-05-26,0.628,0.636,0.637,0.627,469648.000
2020-05-27,0.634,0.634,0.636,0.628,385708.000
2020-05-28,0.634,0.645,0.646,0.630,532901.000
2020-05-29,0.639,0.648,0.649,0.639,342124.000
2020-06-01,0.649,0.661,0.662,0.646,798103.000
2020-06-02,0.661,0.66,0.665,0.657,455760.000
2020-06-03,0.660,0.654,0.660,0.653,422215.000
2020-06-04,0.652,0.657,0.659,0.652,292486.000
2020-06-05,0.655,0.656,0.656,0.649,237399.000
2020-06-08,0.658,0.662,0.667,0.656,483228.000
2020-06-09,0.664,0.662,0.668,0.659,490566.000
2020-06-10,0.663,0.657,0.665,0.655,343862.000
2020-06-11,0.661,0.663,0.667,0.658,638929.000
2020-06-12,0.650,0.656,0.658,0.646,375978.000
2020-06-15,0.649,0.647,0.657,0.645,360231.000
2020-06-16,0.649,0.669,0.670,0.649,676009.000
2020-06-17,0.668,0.67,0.672,0.662,390548.000
2020-06-18,0.670,0.674,0.677,0.664,627727.000
2020-06-19,0.674,0.677,0.679,0.670,435873.000
2020-06-22,0.683,0.682,0.691,0.680,597693.000
2020-06-23,0.685,0.684,0.687,0.679,381532.000
2020-06-24,0.686,0.684,0.689,0.681,423367.000
2020-06-29,0.681,0.677,0.685,0.673,428623.000
2020-06-30,0.677,0.683,0.685,0.676,413973.000
2020-07-01,0.687,0.697,0.699,0.687,596578.000
2020-07-02,0.699,0.705,0.706,0.689,1874826.000
2020-07-03,0.715,0.725,0.725,0.709,3573573.000
2020-07-06,0.750,0.793,0.800,0.725,9092002.000
2020-07-07,0.826,0.776,0.833,0.766,9198899.000
2020-07-08,0.777,0.817,0.818,0.767,7067382.000
2020-07-09,0.834,0.843,0.850,0.810,8543946.000
2020-07-10,0.827,0.815,0.833,0.811,4910395.000
2020-07-13,0.820,0.873,0.875,0.820,6786901.000
2020-07-14,0.857,0.838,0.857,0.821,9054485.000
2020-07-15,0.846,0.807,0.853,0.800,5315107.000
2020-07-16,0.810,0.776,0.824,0.770,4861857.000
2020-07-17,0.775,0.773,0.786,0.760,3391593.000
2020-07-20,0.781,0.82,0.821,0.777,5839003.000
2020-07-21,0.827,0.815,0.832,0.806,3831204.000
2020-07-22,0.845,0.827,0.854,0.822,5983084.000
2020-07-23,0.826,0.832,0.840,0.811,4715116.000
2020-07-24,0.828,0.797,0.836,0.791,5284053.000
2020-07-27,0.806,0.833,0.835,0.801,6770157.000
2020-07-28,0.857,0.826,0.866,0.821,7419791.000
2020-07-29,0.825,0.838,0.839,0.812,4088184.000
2020-07-30,0.839,0.826,0.843,0.823,3370862.000
2020-07-31,0.824,0.834,0.837,0.815,4160773.000
2020-08-03,0.835,0.85,0.852,0.825,5116874.000
2020-08-04,0.857,0.848,0.863,0.845,4888051.000
2020-08-05,0.857,0.874,0.880,0.844,6500846.000
2020-08-06,0.880,0.899,0.907,0.875,8296620.000
2020-08-07,0.906,0.887,0.914,0.870,8783707.000
2020-08-10,0.868,0.865,0.870,0.847,5182846.000
2020-08-11,0.860,0.835,0.864,0.827,6225526.000
2020-08-12,0.805,0.812,0.815,0.786,5992359.000
2020-08-13,0.814,0.808,0.816,0.805,2248655.000
2020-08-14,0.811,0.812,0.820,0.802,2225862.000
2020-08-17,0.812,0.841,0.843,0.806,4104940.000
2020-08-18,0.850,0.853,0.860,0.846,3566035.000
2020-08-19,0.857,0.848,0.860,0.843,3443416.000
2020-08-20,0.830,0.827,0.837,0.826,1903177.000
2020-08-21,0.830,0.825,0.836,0.820,1207288.000
2020-08-24,0.825,0.834,0.839,0.818,1441881.000
2020-08-25,0.835,0.82,0.838,0.815,1943208.000
2020-08-26,0.816,0.799,0.820,0.795,1655435.000
2020-08-27,0.805,0.808,0.809,0.798,831975.000
2020-08-28,0.802,0.82,0.820,0.797,1736871.000
2020-08-31,0.825,0.832,0.847,0.825,2887344.000
2020-09-01,0.830,0.846,0.848,0.828,2070580.000
2020-09-02,0.844,0.827,0.844,0.822,2133623.000
2020-09-03,0.821,0.815,0.827,0.812,1355412.000
2020-09-04,0.804,0.812,0.812,0.801,1004358.000
2020-09-07,0.814,0.805,0.827,0.799,1770690.000
2020-09-08,0.805,0.809,0.811,0.789,1425350.000
2020-09-09,0.795,0.784,0.797,0.780,1906843.000
2020-09-10,0.795,0.781,0.800,0.778,1395790.000
2020-09-11,0.776,0.783,0.784,0.771,876994.000
2020-09-14,0.785,0.798,0.804,0.785,1553895.000
2020-09-15,0.801,0.807,0.808,0.798,1037217.000
2020-09-16,0.802,0.799,0.805,0.795,740324.000
2020-09-17,0.796,0.79,0.798,0.785,749344.000
2020-09-18,0.790,0.813,0.815,0.789,1562918.000
2020-09-21,0.816,0.808,0.821,0.804,1451944.000
2020-09-22,0.792,0.785,0.799,0.782,1899487.000
2020-09-23,0.787,0.782,0.790,0.777,1005501.000
2020-09-24,0.773,0.75,0.774,0.747,2675894.000
2020-09-25,0.755,0.751,0.757,0.745,975284.000
2020-09-28,0.751,0.749,0.753,0.745,843411.000
2020-09-29,0.753,0.752,0.761,0.752,875918.000
2020-09-30,0.754,0.746,0.755,0.740,874527.000
2020-10-09,0.757,0.769,0.774,0.756,1455608.000
2020-10-12,0.779,0.791,0.792,0.771,2073598.000
2020-10-13,0.786,0.788,0.790,0.779,1481366.000
2020-10-14,0.781,0.78,0.783,0.776,912124.000
2020-10-15,0.777,0.78,0.787,0.777,1030113.000
2020-10-16,0.783,0.777,0.786,0.772,772040.000
2020-10-19,0.779,0.782,0.785,0.774,853866.000
2020-10-20,0.776,0.783,0.783,0.769,1004031.000
2020-10-21,0.785,0.784,0.790,0.779,1179140.000
2020-10-22,0.782,0.781,0.783,0.771,613192.000
2020-10-23,0.778,0.771,0.785,0.770,904693.000
2020-10-26,0.768,0.769,0.773,0.760,799424.000
2020-10-27,0.768,0.778,0.778,0.766,681375.000
2020-10-28,0.777,0.788,0.790,0.773,1179105.000
2020-10-29,0.774,0.783,0.786,0.770,1051821.000
2020-10-30,0.780,0.762,0.784,0.761,1227091.000
2020-11-02,0.761,0.774,0.776,0.761,1125119.000
2020-11-03,0.779,0.814,0.817,0.779,3210926.000
2020-11-04,0.814,0.812,0.817,0.805,1612902.000
2020-11-05,0.819,0.826,0.827,0.811,1977779.000
2020-11-06,0.842,0.839,0.851,0.832,3004168.000
2020-11-09,0.846,0.872,0.878,0.846,3094020.000
2020-11-10,0.865,0.85,0.865,0.845,2568947.000
2020-11-11,0.846,0.841,0.856,0.839,1769576.000
2020-11-12,0.837,0.844,0.850,0.831,1371695.000
2020-11-13,0.847,0.856,0.863,0.845,1994692.000
2020-11-16,0.861,0.898,0.906,0.855,5390646.000
2020-11-17,0.893,0.883,0.902,0.873,3879195.000
2020-11-18,0.881,0.888,0.904,0.875,4038731.000
2020-11-19,0.885,0.875,0.885,0.863,3031381.000
2020-11-20,0.870,0.909,0.913,0.870,4688174.000
2020-11-23,0.918,0.939,0.956,0.914,5633533.000
2020-11-24,0.932,0.951,0.954,0.918,5311073.000
2020-11-25,0.950,0.924,0.958,0.919,6076605.000
2020-11-26,0.921,0.924,0.928,0.909,4643003.000
2020-11-27,0.926,0.92,0.928,0.898,5126647.000
2020-11-30,0.919,0.933,0.954,0.914,6863713.000
2020-12-01,0.923,0.941,0.942,0.915,3498107.000
2020-12-02,0.948,0.935,0.956,0.927,4027408.000
2020-12-03,0.924,0.905,0.932,0.904,5110478.000
2020-12-04,0.904,0.928,0.929,0.901,3861743.000
2020-12-07,0.923,0.919,0.935,0.915,2494601.000
2020-12-08,0.923,0.922,0.931,0.912,2153225.000
2020-12-09,0.923,0.91,0.937,0.908,2096739.000
2020-12-10,0.901,0.897,0.903,0.885,2675190.000
2020-12-11,0.912,0.887,0.918,0.873,3441921.000
2020-12-14,0.875,0.894,0.896,0.866,2128990.000
2020-12-15,0.887,0.892,0.895,0.878,2014778.000
2020-12-16,0.894,0.89,0.903,0.884,1716972.000
2020-12-17,0.890,0.933,0.933,0.887,4622648.000
2020-12-18,0.933,0.951,0.957,0.928,4821719.000
2020-12-21,0.955,0.979,0.980,0.948,3389624.000
2020-12-22,0.964,0.928,0.966,0.925,4020577.000
2020-12-23,0.922,0.945,0.959,0.922,2600925.000
2020-12-24,0.949,0.951,0.967,0.943,2290583.000
2020-12-25,0.943,1.002,1.003,0.940,4500106.000
2020-12-28,1.005,1.007,1.017,0.989,4303947.000
2020-12-29,0.999,0.951,1.002,0.950,5261261.000
2020-12-30,0.953,0.981,0.991,0.953,3622439.000
2020-12-31,0.977,0.994,1.005,0.975,2731500.000
2021-01-04,1.008,1.058,1.065,1.008,3834518.000
2021-01-05,1.055,1.066,1.076,1.037,3662809.000
2021-01-06,1.075,1.069,1.089,1.050,3809992.000
2021-01-07,1.064,1.112,1.120,1.060,5596502.000
2021-01-08,1.123,1.109,1.133,1.066,6525106.000
2021-01-11,1.095,1.065,1.113,1.055,6199648.000
2021-01-12,1.043,1.089,1.090,1.035,5370765.000
2021-01-13,1.088,1.056,1.119,1.046,5315014.000
2021-01-14,1.039,1.03,1.052,1.020,3840749.000
2021-01-15,1.035,1.04,1.049,1.008,4047977.000
2021-01-18,1.032,1.058,1.063,1.018,3886041.000
2021-01-19,1.053,1.02,1.060,1.012,4480317.000
2021-01-20,1.020,1.05,1.054,1.020,4296597.000
2021-01-21,1.051,1.091,1.101,1.046,4834531.000
2021-01-22,1.089,1.101,1.112,1.071,5033777.000
2021-01-25,1.098,1.115,1.148,1.095,4662217.000
2021-01-26,1.105,1.094,1.118,1.070,4063406.000
2021-01-27,1.090,1.085,1.097,1.051,3937097.000
2021-01-28,1.057,1.046,1.082,1.042,3487223.000
2021-01-29,1.063,1.034,1.070,1.010,3047630.000
2021-02-01,1.041,1.046,1.053,1.026,2396286.000
2021-02-02,1.053,1.077,1.081,1.039,2919823.000
2021-02-03,1.065,1.084,1.109,1.061,3148437.000
2021-02-04,1.075,1.038,1.078,1.021,3610933.000
2021-02-05,1.032,0.987,1.044,0.983,4484657.000
2021-02-08,0.994,1.029,1.032,0.981,3709889.000
2021-02-09,1.036,1.085,1.085,1.036,3902267.000
2021-02-10,1.084,1.109,1.114,1.066,3224379.000
2021-02-18,1.222,1.2,1.222,1.161,8092452.000
2021-02-19,1.180,1.198,1.207,1.148,7476573.000
2021-02-22,1.239,1.265,1.320,1.239,9726703.000
2021-02-23,1.250,1.238,1.270,1.222,9788305.000
2021-02-24,1.229,1.182,1.255,1.169,9640927.000
2021-02-25,1.219,1.169,1.224,1.163,9192927.000
2021-02-26,1.115,1.12,1.147,1.107,7612760.000
2021-03-01,1.121,1.16,1.161,1.114,7355586.000
2021-03-02,1.150,1.12,1.154,1.110,6572589.000
2021-03-03,1.126,1.163,1.164,1.120,6758169.000
2021-03-04,1.131,1.115,1.137,1.105,6181307.000
2021-03-05,1.075,1.076,1.089,1.052,6160023.000
2021-03-08,1.095,1.043,1.106,1.042,4580398.000
2021-03-09,1.035,1.024,1.062,0.991,6081314.000
2021-03-10,1.039,1.03,1.045,1.018,3539024.000
2021-03-11,1.035,1.096,1.097,1.026,7370496.000
2021-03-12,1.100,1.079,1.100,1.066,5745934.000
2021-03-15,1.072,1.084,1.104,1.063,5154585.000
2021-03-16,1.084,1.057,1.084,1.039,3777731.000
2021-03-17,1.040,1.064,1.068,1.026,3304789.000
2021-03-18,1.076,1.065,1.081,1.062,2785267.000
2021-03-19,1.035,1.04,1.052,1.025,2754127.000
2021-03-22,1.037,1.042,1.055,1.025,2328084.000
2021-03-23,1.046,1.0,1.047,0.993,3424780.000
2021-03-24,0.988,0.957,0.997,0.956,3899370.000
2021-03-25,0.955,0.966,0.976,0.955,3516512.000
2021-03-26,0.965,0.999,1.004,0.965,3098831.000
2021-03-29,1.004,0.996,1.008,0.985,2268504.000
2021-03-30,0.989,1.013,1.017,0.978,3224487.000
2021-03-31,1.003,0.985,1.003,0.977,2074098.000
2021-04-01,0.988,0.995,0.998,0.982,1772970.000
2021-04-02,0.998,1.005,1.008,0.987,2589373.000
2021-04-06,1.015,1.008,1.023,1.008,2432814.000
2021-04-07,1.008,1.022,1.023,0.996,2912683.000
2021-04-08,1.015,1.036,1.047,1.011,3555043.000
2021-04-09,1.037,1.032,1.047,1.025,2807251.000
2021-04-12,1.025,0.988,1.029,0.983,2736083.000
2021-04-13,0.981,0.982,0.989,0.971,2038643.000
2021-04-14,0.983,1.005,1.006,0.982,2476705.000
2021-04-15,1.009,1.02,1.023,0.996,3333065.000
2021-04-16,1.033,1.016,1.034,1.010,2896289.000
2021-04-19,1.010,1.053,1.055,1.001,3892234.000
2021-04-20,1.043,1.043,1.060,1.036,2832897.000
2021-04-21,1.030,1.038,1.042,1.022,1978654.000
2021-04-22,1.046,1.042,1.053,1.037,2240148.000
2021-04-23,1.033,1.051,1.055,1.031,2420568.000
2021-04-26,1.064,1.062,1.085,1.057,3954643.000
2021-04-27,1.067,1.063,1.077,1.044,2870901.000
2021-04-28,1.054,1.065,1.070,1.039,2253900.000
2021-04-29,1.071,1.077,1.083,1.053,3192069.000
2021-04-30,1.069,1.071,1.084,1.059,2966342.000
2021-05-06,1.091,1.101,1.108,1.075,3671967.000
2021-05-07,1.112,1.131,1.155,1.112,4906134.000
2021-05-10,1.155,1.192,1.193,1.146,5244790.000
2021-05-11,1.155,1.135,1.156,1.108,6005636.000
2021-05-12,1.125,1.141,1.148,1.119,4030078.000
2021-05-13,1.110,1.082,1.111,1.079,4576503.000
2021-05-14,1.082,1.09,1.091,1.064,4353217.000
2021-05-17,1.085,1.122,1.129,1.085,4493475.000
2021-05-18,1.135,1.134,1.151,1.127,3393898.000
2021-05-19,1.117,1.141,1.145,1.114,3322697.000
2021-05-20,1.108,1.106,1.119,1.094,3225968.000
2021-05-21,1.103,1.111,1.127,1.098,2977129.000
2021-05-24,1.105,1.103,1.117,1.096,2330836.000
2021-05-25,1.107,1.116,1.117,1.087,3728171.000
2021-05-26,1.113,1.128,1.131,1.108,4315578.000
2021-05-27,1.125,1.126,1.127,1.116,2631139.000
2021-05-28,1.146,1.143,1.157,1.137,4364028.000
2021-05-31,1.155,1.173,1.178,1.152,3194816.000
2021-06-01,1.166,1.174,1.177,1.148,2908768.000
2021-06-02,1.167,1.157,1.185,1.152,3280584.000
2021-06-03,1.155,1.159,1.179,1.148,2794964.000
2021-06-04,1.131,1.154,1.168,1.125,2367957.000
2021-06-07,1.151,1.149,1.164,1.141,1542388.000
2021-06-08,1.146,1.121,1.160,1.117,2353502.000
2021-06-09,1.127,1.125,1.135,1.117,1856104.000
2021-06-10,1.123,1.134,1.139,1.122,1881923.000
2021-06-11,1.131,1.138,1.144,1.112,3366008.000
2021-06-15,1.132,1.095,1.133,1.090,2538045.000
2021-06-16,1.085,1.046,1.087,1.043,3284070.000
2021-06-17,1.036,1.051,1.060,1.036,1946255.000
2021-06-18,1.036,1.075,1.075,1.026,2522220.000
2021-06-21,1.064,1.066,1.079,1.058,1695108.000
2021-06-22,1.071,1.072,1.080,1.058,1612987.000
2021-06-23,1.072,1.092,1.097,1.069,2065232.000
2021-06-24,1.097,1.084,1.099,1.077,1362183.000
2021-06-25,1.086,1.114,1.119,1.083,2128683.000
2021-06-28,1.112,1.104,1.119,1.098,1477199.000
2021-06-29,1.104,1.086,1.110,1.084,1338797.000
2021-06-30,1.086,1.105,1.110,1.085,1669123.000
2021-07-01,1.106,1.085,1.109,1.084,1530606.000
2021-07-02,1.081,1.099,1.114,1.078,2480245.000
2021-07-05,1.106,1.158,1.160,1.106,3650882.000
2021-07-06,1.165,1.165,1.178,1.138,3048263.000
2021-07-07,1.147,1.203,1.205,1.133,3447304.000
2021-07-08,1.206,1.205,1.232,1.204,3155497.000
2021-07-09,1.205,1.285,1.287,1.198,3342099.000
2021-07-12,1.309,1.322,1.341,1.291,3852517.000
2021-07-13,1.324,1.322,1.326,1.293,2881027.000
2021-07-14,1.305,1.275,1.308,1.268,2502971.000
2021-07-15,1.271,1.315,1.322,1.251,2630927.000
2021-07-16,1.305,1.318,1.356,1.299,3132349.000
2021-07-19,1.311,1.306,1.353,1.297,2791748.000
2021-07-20,1.279,1.309,1.318,1.277,2256784.000
2021-07-21,1.321,1.376,1.377,1.314,2319242.000
2021-07-22,1.385,1.405,1.413,1.366,2236011.000
2021-07-23,1.405,1.405,1.455,1.394,2727186.000
2021-07-26,1.416,1.423,1.435,1.365,3189171.000
2021-07-27,1.433,1.351,1.469,1.341,4721279.000
2021-07-28,1.323,1.316,1.359,1.283,3129850.000
2021-07-29,1.351,1.4,1.403,1.338,2767005.000
2021-07-30,1.400,1.415,1.425,1.371,2900382.000
2021-08-02,1.432,1.417,1.452,1.371,2873159.000
2021-08-03,1.393,1.332,1.404,1.321,2740494.000
2021-08-04,1.333,1.4,1.403,1.327,2398479.000
2021-08-05,1.377,1.376,1.399,1.353,1671460.000
2021-08-06,1.400,1.425,1.433,1.388,2237289.000
2021-08-09,1.394,1.396,1.402,1.359,2278800.000
2021-08-10,1.384,1.385,1.412,1.357,1965138.000
2021-08-11,1.388,1.41,1.424,1.379,2647506.000
2021-08-12,1.410,1.442,1.450,1.399,2357744.000
2021-08-13,1.429,1.455,1.475,1.414,2522062.000
2021-08-16,1.447,1.392,1.450,1.386,2525292.000
2021-08-17,1.389,1.377,1.421,1.365,1961610.000
2021-08-18,1.376,1.39,1.415,1.358,1876577.000
2021-08-19,1.373,1.399,1.413,1.346,1610212.000
2021-08-20,1.382,1.394,1.409,1.365,1707485.000
2021-08-23,1.405,1.435,1.445,1.392,1509788.000
2021-08-24,1.438,1.475,1.498,1.437,1753256.000
2021-08-25,1.475,1.498,1.501,1.441,1638177.000
2021-08-26,1.498,1.517,1.541,1.490,1906279.000
2021-08-27,1.512,1.566,1.574,1.496,2228240.000
2021-08-30,1.574,1.614,1.634,1.569,2822566.000
2021-08-31,1.605,1.646,1.650,1.576,3278197.000
2021-09-01,1.651,1.531,1.675,1.523,5201593.000
2021-09-02,1.507,1.563,1.580,1.507,2603625.000
2021-09-03,1.547,1.505,1.578,1.489,2655399.000
2021-09-06,1.515,1.523,1.526,1.464,2411752.000
2021-09-07,1.517,1.556,1.569,1.506,2043753.000
2021-09-08,1.545,1.556,1.583,1.540,2002952.000
2021-09-09,1.553,1.606,1.609,1.553,2788467.000
2021-09-10,1.609,1.645,1.671,1.597,2495740.000
2021-09-13,1.667,1.69,1.692,1.633,2474393.000
2021-09-14,1.653,1.629,1.675,1.612,2502683.000
2021-09-15,1.616,1.643,1.651,1.603,1859114.000
2021-09-16,1.651,1.567,1.663,1.562,2495248.000
2021-09-17,1.549,1.517,1.574,1.471,2466407.000
2021-09-22,1.487,1.519,1.527,1.487,1687365.000
2021-09-23,1.535,1.521,1.545,1.508,2277830.000
2021-09-24,1.524,1.468,1.542,1.464,1440751.000
2021-09-27,1.455,1.383,1.459,1.365,2088986.000
2021-09-28,1.375,1.375,1.390,1.362,2379897.000
2021-09-29,1.357,1.321,1.369,1.311,2152656.000
2021-09-30,1.331,1.353,1.357,1.327,1865520.000
2021-10-08,1.382,1.342,1.390,1.330,2303621.000
2021-10-11,1.348,1.363,1.369,1.326,1232345.000
2021-10-12,1.357,1.321,1.363,1.298,1330947.000
2021-10-13,1.317,1.34,1.345,1.312,1321695.000
2021-10-14,1.346,1.376,1.386,1.344,1879316.000
2021-10-15,1.376,1.387,1.394,1.361,1320027.000
2021-10-18,1.400,1.427,1.427,1.380,1983153.000
2021-10-19,1.418,1.427,1.429,1.400,1342480.000
2021-10-20,1.394,1.419,1.438,1.386,1600859.000
2021-10-21,1.431,1.435,1.455,1.422,1440115.000
2021-10-22,1.421,1.387,1.432,1.381,1445064.000
2021-10-25,1.380,1.41,1.412,1.367,1212749.000
2021-10-26,1.416,1.418,1.438,1.413,1143823.000
2021-10-27,1.415,1.401,1.425,1.390,845570.000
2021-10-28,1.385,1.344,1.398,1.340,1453146.000
2021-10-29,1.349,1.355,1.362,1.338,1200049.000
2021-11-01,1.351,1.336,1.362,1.326,1170008.000
2021-11-02,1.344,1.32,1.355,1.302,1660439.000
2021-11-03,1.317,1.316,1.318,1.287,1313927.000
2021-11-04,1.314,1.321,1.323,1.305,1139553.000
2021-11-05,1.315,1.308,1.340,1.307,1431924.000
2021-11-08,1.314,1.365,1.367,1.314,1858123.000
2021-11-09,1.371,1.369,1.373,1.355,1144645.000
2021-11-10,1.365,1.342,1.365,1.318,1388897.000
2021-11-11,1.338,1.351,1.353,1.331,1175733.000
2021-11-12,1.354,1.352,1.369,1.348,1378898.000
2021-11-15,1.351,1.319,1.351,1.311,1073603.000
2021-11-16,1.312,1.296,1.322,1.293,1023030.000
2021-11-17,1.291,1.329,1.330,1.291,1321553.000
2021-11-18,1.323,1.346,1.362,1.313,1456417.000
2021-11-19,1.340,1.359,1.360,1.335,1293787.000
2021-11-22,1.363,1.401,1.402,1.361,1778978.000
2021-11-23,1.411,1.398,1.416,1.397,1903382.000
2021-11-24,1.398,1.421,1.427,1.396,1690679.000
2021-11-25,1.425,1.419,1.435,1.413,1148561.000
2021-11-26,1.413,1.433,1.452,1.406,1105528.000
2021-11-29,1.405,1.441,1.443,1.401,1148020.000
2021-11-30,1.456,1.427,1.461,1.420,920895.000
2021-12-01,1.427,1.42,1.433,1.402,957849.000
2021-12-02,1.418,1.42,1.431,1.403,960035.000
2021-12-03,1.420,1.435,1.438,1.403,982329.000
2021-12-06,1.435,1.413,1.441,1.411,990627.000
2021-12-07,1.424,1.397,1.428,1.376,1266859.000
2021-12-08,1.401,1.421,1.423,1.399,980873.000
2021-12-09,1.423,1.42,1.428,1.411,977735.000
2021-12-10,1.410,1.434,1.435,1.406,961778.000
2021-12-13,1.435,1.435,1.435,1.410,1083199.000
2021-12-14,1.429,1.392,1.429,1.389,1516154.000
2021-12-15,1.390,1.366,1.398,1.361,1307185.000
2021-12-16,1.366,1.378,1.380,1.353,1050891.000
2021-12-17,1.378,1.363,1.393,1.361,1176584.000
2021-12-20,1.355,1.323,1.372,1.321,1248669.000
2021-12-21,1.320,1.327,1.331,1.311,780946.000
2021-12-22,1.331,1.325,1.337,1.320,861104.000
2021-12-23,1.339,1.329,1.342,1.324,1085078.000
2021-12-24,1.331,1.277,1.336,1.275,1794910.000
2021-12-27,1.277,1.274,1.288,1.264,2119934.000
2021-12-28,1.275,1.313,1.314,1.275,1475184.000
2021-12-29,1.310,1.304,1.328,1.303,1053026.000
2021-12-30,1.306,1.306,1.317,1.302,855538.000
2021-12-31,1.309,1.324,1.329,1.307,1141541.000
2022-01-04,1.331,1.294,1.334,1.284,1082069.000
2022-01-05,1.284,1.259,1.292,1.255,1136738.000
2022-01-06,1.253,1.276,1.281,1.249,1061506.000
2022-01-07,1.270,1.245,1.274,1.237,1203155.000
2022-01-10,1.245,1.257,1.265,1.238,1001238.000
2022-01-11,1.255,1.253,1.267,1.248,871350.000
2022-01-12,1.276,1.304,1.305,1.274,2049724.000
2022-01-13,1.308,1.273,1.310,1.273,1687772.000
2022-01-14,1.270,1.274,1.278,1.258,935415.000
2022-01-17,1.268,1.262,1.268,1.248,1075318.000
2022-01-18,1.262,1.272,1.280,1.253,929915.000
2022-01-19,1.268,1.24,1.272,1.231,1183936.000
2022-01-20,1.244,1.23,1.258,1.225,1027719.000
2022-01-21,1.227,1.24,1.249,1.216,1444393.000
2022-01-24,1.230,1.259,1.269,1.222,1344789.000
2022-01-25,1.251,1.228,1.268,1.227,1078373.000
2022-01-26,1.237,1.236,1.250,1.221,875079.000
2022-01-27,1.241,1.206,1.248,1.204,866472.000
2022-01-28,1.207,1.177,1.215,1.156,1162876.000
2022-02-07,1.205,1.219,1.237,1.203,1273947.000
2022-02-08,1.222,1.219,1.222,1.183,931669.000
2022-02-09,1.225,1.263,1.263,1.223,1524787.000
2022-02-10,1.267,1.273,1.282,1.257,1561566.000
2022-02-11,1.271,1.27,1.305,1.258,1806239.000
2022-02-14,1.263,1.282,1.298,1.263,1293284.000
2022-02-15,1.285,1.293,1.295,1.264,1253464.000
2022-02-16,1.294,1.3,1.315,1.287,1148482.000
2022-02-17,1.296,1.347,1.350,1.293,1624285.000
2022-02-18,1.339,1.342,1.347,1.330,1163084.000
2022-02-21,1.344,1.336,1.351,1.322,1368795.000
2022-02-22,1.352,1.367,1.368,1.340,1388004.000
2022-02-23,1.360,1.372,1.374,1.352,1304351.000
2022-02-24,1.364,1.356,1.378,1.338,1060518.000
2022-02-25,1.365,1.374,1.393,1.356,1190567.000
2022-02-28,1.377,1.406,1.406,1.375,1136902.000
2022-03-01,1.406,1.372,1.406,1.357,1632157.000
2022-03-02,1.371,1.391,1.399,1.366,1892569.000
2022-03-03,1.400,1.387,1.410,1.385,2244011.000
2022-03-04,1.381,1.36,1.394,1.352,1396886.000
2022-03-07,1.370,1.356,1.382,1.345,1000368.000
2022-03-08,1.356,1.278,1.356,1.263,2001219.000
2022-03-09,1.272,1.241,1.272,1.194,2130758.000
2022-03-10,1.253,1.263,1.281,1.241,1398465.000
2022-03-11,1.243,1.258,1.262,1.216,847474.000
2022-03-14,1.235,1.207,1.243,1.206,734713.000
2022-03-15,1.192,1.146,1.204,1.145,1300557.000
2022-03-16,1.173,1.194,1.201,1.125,1519515.000
2022-03-17,1.210,1.213,1.235,1.208,1041367.000
2022-03-18,1.203,1.222,1.226,1.200,775591.000
2022-03-21,1.237,1.249,1.259,1.217,813013.000
2022-03-22,1.246,1.256,1.273,1.235,902489.000
2022-03-23,1.256,1.25,1.261,1.242,744519.000
2022-03-24,1.252,1.267,1.275,1.242,1249334.000
2022-03-25,1.264,1.248,1.279,1.245,980340.000
2022-03-28,1.234,1.231,1.249,1.209,940684.000
2022-03-29,1.230,1.231,1.243,1.221,824521.000
2022-03-30,1.236,1.25,1.251,1.224,833516.000
2022-03-31,1.249,1.221,1.249,1.210,798124.000
2022-04-01,1.213,1.229,1.240,1.206,874584.000
2022-04-06,1.223,1.222,1.227,1.201,781630.000
2022-04-07,1.212,1.209,1.229,1.206,772277.000
2022-04-08,1.205,1.214,1.224,1.191,827394.000
2022-04-11,1.206,1.15,1.206,1.144,908268.000
2022-04-12,1.144,1.169,1.170,1.139,1451116.000
2022-04-13,1.167,1.204,1.214,1.160,1589108.000
2022-04-14,1.205,1.21,1.216,1.192,1003239.000
2022-04-15,1.191,1.179,1.201,1.172,942234.000
2022-04-18,1.168,1.171,1.174,1.143,988746.000
2022-04-19,1.175,1.176,1.189,1.171,951497.000
2022-04-20,1.175,1.127,1.175,1.126,1777764.000
2022-04-21,1.127,1.079,1.133,1.074,1234649.000
2022-04-22,1.067,1.073,1.083,1.051,1225511.000
2022-04-25,1.045,0.982,1.047,0.978,1816581.000
2022-04-26,0.979,0.95,0.987,0.943,1451755.000
2022-04-27,0.935,1.029,1.035,0.934,1679023.000
2022-04-28,1.021,1.022,1.045,1.012,927821.000
2022-04-29,1.029,1.075,1.077,1.025,1055816.000
2022-05-05,1.075,1.073,1.085,1.057,667649.000
2022-05-06,1.039,1.032,1.046,1.023,909725.000
2022-05-09,1.021,1.037,1.044,1.018,1354068.000
2022-05-10,1.016,1.049,1.050,1.008,4127299.000
2022-05-11,1.044,1.073,1.090,1.039,5221639.000
2022-05-12,1.058,1.061,1.072,1.049,2049904.000
2022-05-13,1.065,1.066,1.070,1.049,1401330.000
2022-05-16,1.074,1.069,1.090,1.065,923951.000
2022-05-17,1.069,1.104,1.109,1.068,1201918.000
2022-05-18,1.107,1.099,1.110,1.094,937919.000
2022-05-19,1.082,1.111,1.111,1.071,947872.000
2022-05-20,1.124,1.145,1.147,1.111,1380740.000
2022-05-23,1.150,1.174,1.178,1.141,1144488.000
2022-05-24,1.169,1.132,1.179,1.129,1041568.000
2022-05-25,1.129,1.143,1.148,1.120,939017.000
2022-05-26,1.144,1.145,1.154,1.115,859105.000
2022-05-27,1.154,1.14,1.160,1.128,1095972.000
2022-05-30,1.140,1.145,1.153,1.135,739298.000
2022-05-31,1.145,1.154,1.155,1.124,985759.000
2022-06-01,1.141,1.138,1.143,1.125,1498227.000
2022-06-02,1.134,1.155,1.162,1.128,1182715.000
2022-06-06,1.155,1.217,1.220,1.155,1226062.000
2022-06-07,1.217,1.216,1.227,1.202,826904.000
2022-06-08,1.219,1.243,1.251,1.207,1458763.000
2022-06-09,1.230,1.228,1.243,1.215,1018414.000
2022-06-10,1.212,1.259,1.261,1.210,833645.000
2022-06-13,1.246,1.285,1.298,1.244,1511076.000
2022-06-14,1.262,1.276,1.277,1.231,1053573.000
2022-06-15,1.274,1.268,1.293,1.259,1084790.000
2022-06-16,1.268,1.267,1.288,1.260,950963.000
2022-06-17,1.258,1.308,1.308,1.255,1491494.000
2022-06-20,1.310,1.294,1.311,1.277,1232690.000
2022-06-21,1.287,1.244,1.287,1.228,1615996.000
2022-06-22,1.242,1.237,1.261,1.237,1070995.000
2022-06-23,1.238,1.26,1.261,1.211,1061737.000
2022-06-24,1.251,1.252,1.257,1.239,1350411.000
2022-06-27,1.247,1.297,1.314,1.245,1636390.000
2022-06-28,1.297,1.32,1.321,1.288,1067914.000
2022-06-29,1.315,1.263,1.315,1.262,1489284.000
2022-06-30,1.267,1.289,1.298,1.266,1146277.000
2022-07-01,1.289,1.317,1.324,1.275,1878671.000
2022-07-04,1.299,1.336,1.341,1.299,984895.000
2022-07-05,1.336,1.351,1.356,1.323,1269879.000
2022-07-06,1.328,1.312,1.336,1.296,1031995.000
2022-07-07,1.310,1.323,1.331,1.296,761235.000
2022-07-08,1.328,1.313,1.341,1.310,880005.000
2022-07-11,1.304,1.257,1.307,1.244,960673.000
2022-07-12,1.254,1.24,1.273,1.233,810613.000
2022-07-13,1.234,1.246,1.249,1.212,1094908.000
2022-07-14,1.235,1.246,1.258,1.223,799008.000
2022-07-15,1.237,1.224,1.262,1.221,859082.000
2022-07-18,1.225,1.244,1.244,1.215,769206.000
2022-07-19,1.239,1.239,1.259,1.229,987011.000
2022-07-20,1.245,1.253,1.265,1.245,716999.000
2022-07-21,1.252,1.23,1.252,1.226,1161679.000
2022-07-22,1.230,1.227,1.238,1.210,979172.000
2022-07-25,1.227,1.216,1.239,1.215,764711.000
2022-07-26,1.219,1.242,1.253,1.219,867981.000
2022-07-27,1.240,1.242,1.246,1.222,790613.000
2022-07-28,1.249,1.24,1.252,1.234,757545.000
2022-07-29,1.241,1.23,1.249,1.229,742151.000
2022-08-01,1.230,1.252,1.253,1.217,738763.000
2022-08-02,1.236,1.206,1.236,1.198,1038154.000
2022-08-03,1.207,1.198,1.232,1.190,873904.000
2022-08-04,1.199,1.208,1.224,1.191,759980.000
2022-08-05,1.213,1.244,1.245,1.203,1097384.000
2022-08-08,1.233,1.248,1.256,1.226,926787.000
2022-08-09,1.252,1.26,1.266,1.243,873762.000
2022-08-10,1.264,1.262,1.281,1.251,975599.000
2022-08-11,1.268,1.267,1.270,1.243,804158.000
2022-08-12,1.263,1.266,1.282,1.259,850104.000
2022-08-15,1.265,1.289,1.294,1.262,1125020.000
2022-08-16,1.291,1.27,1.291,1.266,710748.000
2022-08-17,1.272,1.255,1.273,1.240,1135082.000
2022-08-18,1.248,1.246,1.262,1.244,766900.000
2022-08-19,1.240,1.217,1.246,1.216,825757.000
2022-08-22,1.216,1.268,1.270,1.203,1506926.000
2022-08-23,1.264,1.261,1.269,1.248,1231301.000
2022-08-24,1.264,1.225,1.273,1.221,1027676.000
2022-08-25,1.223,1.225,1.236,1.204,1136543.000
2022-08-26,1.225,1.232,1.255,1.220,1036810.000
2022-08-29,1.213,1.223,1.230,1.206,1069962.000
2022-08-30,1.222,1.212,1.224,1.205,971622.000
2022-08-31,1.206,1.169,1.217,1.163,1031090.000
2022-09-01,1.169,1.156,1.176,1.155,871683.000
2022-09-02,1.160,1.147,1.168,1.140,866577.000
2022-09-05,1.142,1.152,1.156,1.140,774315.000
2022-09-06,1.155,1.189,1.190,1.154,1234024.000
2022-09-07,1.176,1.206,1.212,1.175,817828.000
2022-09-08,1.204,1.194,1.210,1.193,691318.000
2022-09-09,1.199,1.226,1.226,1.197,844577.000
2022-09-13,1.230,1.231,1.245,1.226,1411266.000
2022-09-14,1.210,1.213,1.233,1.207,823776.000
2022-09-15,1.219,1.173,1.228,1.166,1050661.000
2022-09-16,1.169,1.134,1.172,1.133,1024828.000
2022-09-19,1.132,1.133,1.149,1.115,825939.000
2022-09-20,1.144,1.17,1.180,1.143,896734.000
2022-09-21,1.165,1.179,1.183,1.156,894299.000
2022-09-22,1.170,1.178,1.188,1.166,891569.000
2022-09-23,1.172,1.148,1.174,1.135,873126.000
2022-09-26,1.127,1.12,1.146,1.115,828064.000
2022-09-27,1.121,1.121,1.124,1.093,856496.000
2022-09-28,1.112,1.059,1.113,1.057,1129008.000
2022-09-29,1.075,1.073,1.085,1.066,1289624.000
2022-09-30,1.069,1.063,1.087,1.062,720185.000
2022-10-10,1.063,1.042,1.073,1.037,763942.000
2022-10-11,1.047,1.057,1.063,1.043,893480.000
2022-10-12,1.054,1.078,1.079,1.026,820470.000
2022-10-13,1.064,1.064,1.078,1.062,508956.000
2022-10-14,1.074,1.096,1.098,1.067,692936.000
2022-10-17,1.082,1.089,1.092,1.071,819430.000
2022-10-18,1.094,1.084,1.099,1.081,450043.000
2022-10-19,1.086,1.074,1.098,1.073,532035.000
2022-10-20,1.065,1.062,1.074,1.048,708265.000
2022-10-21,1.065,1.05,1.068,1.043,518436.000
2022-10-24,1.058,1.048,1.079,1.041,619100.000
2022-10-25,1.048,1.046,1.058,1.017,681293.000
2022-10-26,1.045,1.057,1.068,1.044,545482.000
2022-10-27,1.064,1.064,1.083,1.062,596586.000
2022-10-28,1.055,1.025,1.055,1.022,604671.000
2022-10-31,1.013,1.015,1.031,1.008,643833.000
2022-11-01,1.020,1.061,1.061,1.019,600867.000
2022-11-02,1.056,1.078,1.085,1.053,785887.000
2022-11-03,1.063,1.069,1.080,1.057,479209.000
2022-11-04,1.071,1.122,1.123,1.069,796980.000
2022-11-07,1.149,1.149,1.160,1.139,1561626.000
2022-11-08,1.141,1.152,1.156,1.135,1183078.000
2022-11-09,1.173,1.148,1.180,1.146,1179172.000
2022-11-10,1.133,1.123,1.135,1.118,850451.000
2022-11-11,1.171,1.155,1.180,1.148,1404560.000
2022-11-14,1.165,1.134,1.167,1.125,1083771.000
2022-11-15,1.122,1.149,1.149,1.117,939747.000
2022-11-16,1.149,1.133,1.150,1.131,810659.000
2022-11-17,1.128,1.116,1.129,1.102,724773.000
2022-11-18,1.112,1.099,1.114,1.096,854055.000
2022-11-21,1.085,1.1,1.100,1.076,597781.000
2022-11-22,1.100,1.091,1.106,1.086,635377.000
2022-11-23,1.090,1.097,1.102,1.085,515468.000
2022-11-24,1.105,1.103,1.117,1.099,869984.000
2022-11-25,1.101,1.096,1.107,1.092,580753.000
2022-11-28,1.074,1.079,1.084,1.062,593880.000
2022-11-29,1.077,1.099,1.100,1.077,755350.000
2022-11-30,1.092,1.103,1.112,1.092,681968.000
2022-12-01,1.122,1.124,1.133,1.119,1419647.000
2022-12-02,1.120,1.107,1.123,1.104,751496.000
2022-12-05,1.114,1.129,1.130,1.108,1245004.000
2022-12-06,1.120,1.131,1.133,1.108,776131.000
2022-12-07,1.123,1.123,1.138,1.116,1310096.000
2022-12-08,1.120,1.121,1.132,1.114,652729.000
2022-12-09,1.119,1.148,1.150,1.117,1028449.000
2022-12-12,1.141,1.112,1.141,1.107,996758.000
2022-12-13,1.108,1.113,1.123,1.107,562112.000
2022-12-14,1.116,1.11,1.125,1.107,666844.000
2022-12-15,1.108,1.116,1.117,1.091,759907.000
2022-12-16,1.104,1.09,1.104,1.082,669266.000
2022-12-19,1.089,1.079,1.112,1.074,730035.000
2022-12-20,1.076,1.064,1.077,1.059,479231.000
2022-12-21,1.069,1.057,1.077,1.056,847960.000
2022-12-22,1.063,1.038,1.068,1.035,490959.000
2022-12-23,1.027,1.034,1.038,1.025,572328.000
2022-12-26,1.027,1.048,1.048,1.025,879225.000
2022-12-27,1.048,1.062,1.063,1.047,522195.000
2022-12-28,1.056,1.052,1.062,1.041,494202.000
2022-12-29,1.047,1.046,1.057,1.045,453530.000
2022-12-30,1.051,1.038,1.054,1.038,505190.000
2023-01-03,1.038,1.067,1.068,1.031,586736.000
2023-01-04,1.058,1.048,1.063,1.043,506075.000
2023-01-05,1.051,1.061,1.072,1.051,649756.000
2023-01-06,1.059,1.078,1.088,1.056,790277.000
2023-01-09,1.084,1.11,1.114,1.082,1074018.000
2023-01-10,1.106,1.111,1.118,1.098,1056191.000
2023-01-11,1.112,1.106,1.125,1.104,1090524.000
2023-01-12,1.116,1.113,1.133,1.112,785610.000
2023-01-13,1.118,1.12,1.131,1.110,762076.000
2023-01-16,1.120,1.13,1.137,1.118,806546.000
2023-01-17,1.131,1.127,1.132,1.118,767915.000
2023-01-18,1.127,1.136,1.147,1.127,1063149.000
2023-01-19,1.138,1.143,1.145,1.132,962713.000
2023-01-20,1.143,1.18,1.190,1.143,1528249.000
2023-01-30,1.201,1.19,1.214,1.188,1413183.000
2023-01-31,1.189,1.196,1.203,1.184,1286102.000
2023-02-01,1.204,1.232,1.235,1.202,1857831.000
2023-02-02,1.233,1.221,1.234,1.213,2101074.000
2023-02-03,1.215,1.204,1.215,1.184,1625987.000
2023-02-06,1.186,1.179,1.188,1.169,1110534.000
2023-02-07,1.178,1.186,1.190,1.175,796915.000
2023-02-08,1.188,1.18,1.197,1.180,876484.000
2023-02-09,1.178,1.186,1.187,1.170,1511075.000
2023-02-10,1.186,1.168,1.186,1.158,1065203.000
2023-02-13,1.158,1.167,1.171,1.155,1313802.000
2023-02-14,1.168,1.177,1.185,1.167,1075616.000
2023-02-15,1.177,1.164,1.185,1.161,1212606.000
2023-02-16,1.161,1.134,1.165,1.125,3771222.000
2023-02-17,1.135,1.13,1.148,1.128,1865555.000
2023-02-20,1.128,1.152,1.152,1.122,1027705.000
2023-02-21,1.154,1.179,1.180,1.152,4375655.000
2023-02-22,1.171,1.162,1.172,1.158,1238777.000
2023-02-23,1.162,1.17,1.170,1.158,894976.000
2023-02-24,1.168,1.15,1.170,1.142,1045426.000
2023-02-27,1.142,1.141,1.155,1.137,985540.000
2023-02-28,1.145,1.145,1.147,1.131,718457.000
2023-03-01,1.146,1.161,1.161,1.140,1286682.000
2023-03-02,1.158,1.143,1.159,1.142,1911969.000
2023-03-03,1.141,1.142,1.146,1.133,829994.000
2023-03-06,1.143,1.142,1.146,1.124,1339637.000
2023-03-07,1.138,1.131,1.153,1.130,1385640.000
2023-03-08,1.124,1.121,1.125,1.114,870418.000
2023-03-09,1.126,1.121,1.132,1.117,835741.000
2023-03-10,1.115,1.103,1.115,1.101,1235146.000
2023-03-13,1.102,1.113,1.117,1.097,966187.000
2023-03-14,1.114,1.108,1.125,1.092,1197030.000
2023-03-15,1.108,1.104,1.113,1.103,597608.000
2023-03-16,1.094,1.068,1.094,1.064,1364686.000
2023-03-17,1.074,1.075,1.086,1.070,1110447.000
2023-03-20,1.080,1.086,1.091,1.074,891423.000
2023-03-21,1.089,1.101,1.102,1.080,841066.000
2023-03-22,1.102,1.097,1.109,1.092,717140.000
2023-03-23,1.095,1.108,1.109,1.093,763413.000
2023-03-24,1.109,1.105,1.113,1.101,688673.000
2023-03-27,1.102,1.103,1.105,1.091,738989.000
2023-03-28,1.103,1.087,1.107,1.083,648833.000
2023-03-29,1.087,1.082,1.097,1.080,521513.000
2023-03-30,1.080,1.092,1.092,1.071,670650.000
2023-03-31,1.096,1.101,1.105,1.093,1006557.000
2023-04-03,1.101,1.107,1.111,1.092,1286395.000
2023-04-04,1.107,1.1,1.107,1.095,1410274.000
2023-04-06,1.099,1.115,1.115,1.095,1074415.000
2023-04-07,1.115,1.109,1.137,1.105,1225204.000
2023-04-10,1.107,1.115,1.116,1.100,1072230.000
2023-04-11,1.113,1.141,1.142,1.105,1623736.000
2023-04-12,1.141,1.147,1.152,1.135,1364884.000
2023-04-13,1.140,1.135,1.152,1.129,1406395.000
2023-04-14,1.142,1.171,1.173,1.142,2308645.000
2023-04-17,1.166,1.183,1.185,1.156,2383882.000
2023-04-18,1.180,1.182,1.195,1.171,1921313.000
2023-04-19,1.181,1.177,1.186,1.172,1293493.000
2023-04-20,1.172,1.151,1.172,1.140,2516598.000
2023-04-21,1.145,1.128,1.152,1.122,1964465.000
2023-04-24,1.123,1.1,1.124,1.093,1444203.000
2023-04-25,1.099,1.065,1.107,1.054,1646544.000
2023-04-26,1.060,1.078,1.092,1.048,1415043.000
2023-04-27,1.076,1.078,1.085,1.067,1044346.000
2023-04-28,1.077,1.088,1.094,1.075,1244700.000
2023-05-04,1.093,1.088,1.102,1.085,843073.000
2023-05-05,1.088,1.067,1.090,1.063,777274.000
2023-05-08,1.070,1.084,1.089,1.069,970694.000
2023-05-09,1.087,1.066,1.090,1.065,1031105.000
2023-05-10,1.066,1.074,1.081,1.064,850341.000
2023-05-11,1.071,1.066,1.074,1.062,705317.000
2023-05-12,1.061,1.03,1.062,1.030,1351403.000
2023-05-15,1.031,1.069,1.073,1.031,1552037.000
2023-05-16,1.070,1.062,1.072,1.059,891499.000
2023-05-17,1.057,1.053,1.062,1.048,952322.000
2023-05-18,1.057,1.053,1.061,1.043,861367.000
2023-05-19,1.046,1.042,1.050,1.033,697185.000
2023-05-22,1.041,1.044,1.048,1.037,568561.000
2023-05-23,1.045,1.027,1.045,1.027,847577.000
2023-05-24,1.027,1.022,1.034,1.020,803920.000
2023-05-25,1.018,1.009,1.021,0.999,1372860.000
2023-05-26,1.008,1.008,1.011,0.990,928542.000
2023-05-29,1.008,1.003,1.012,0.997,881177.000
2023-05-30,1.001,1.001,1.006,0.987,1408972.000
2023-05-31,1.001,0.999,1.004,0.991,1311069.000
2023-06-01,0.999,1.007,1.016,0.997,910708.000
2023-06-02,1.014,1.047,1.048,1.013,2081746.000
2023-06-05,1.041,1.034,1.041,1.029,2081426.000
2023-06-06,1.032,1.022,1.039,1.018,766596.000
2023-06-07,1.026,1.014,1.029,1.009,670259.000
2023-06-08,1.010,1.02,1.026,1.008,784506.000
2023-06-09,1.027,1.032,1.034,1.022,870303.000
2023-06-12,1.024,1.026,1.031,1.018,1118898.000
2023-06-13,1.026,1.026,1.029,1.018,749422.000
2023-06-14,1.031,1.028,1.034,1.022,2374629.000
2023-06-15,1.029,1.04,1.040,1.013,1762892.000
2023-06-16,1.037,1.046,1.048,1.037,1415129.000
2023-06-19,1.043,1.025,1.045,1.022,1075099.000
2023-06-20,1.021,1.018,1.025,1.014,926188.000
2023-06-21,1.015,0.998,1.021,0.998,804903.000
2023-06-26,0.995,0.99,1.004,0.989,776638.000
2023-06-27,0.990,1.006,1.006,0.987,1019444.000
2023-06-28,1.004,1.002,1.005,0.989,713463.000
2023-06-29,0.999,0.996,1.001,0.993,586048.000
2023-06-30,0.993,1.009,1.013,0.993,1123887.000
2023-07-03,1.013,1.027,1.028,1.013,968236.000
2023-07-04,1.035,1.024,1.043,1.019,989928.000
2023-07-05,1.019,1.045,1.046,1.019,1569280.000
2023-07-06,1.045,1.025,1.045,1.022,1100786.000
2023-07-07,1.021,1.024,1.032,1.007,1185691.000
2023-07-10,1.026,1.031,1.039,1.025,816040.000
2023-07-11,1.031,1.036,1.037,1.021,1464690.000
2023-07-12,1.036,1.033,1.041,1.029,882099.000
2023-07-13,1.046,1.055,1.059,1.033,1459198.000
2023-07-14,1.055,1.047,1.060,1.045,1078933.000
2023-07-17,1.043,1.034,1.044,1.030,1272739.000
2023-07-18,1.032,1.034,1.040,1.027,694090.000
2023-07-19,1.034,1.037,1.041,1.030,881424.000
2023-07-20,1.038,1.04,1.057,1.038,1037325.000
2023-07-21,1.037,1.03,1.040,1.025,833034.000
2023-07-24,1.027,1.013,1.028,1.011,867558.000
2023-07-25,1.023,1.047,1.047,1.023,1616732.000
2023-07-26,1.046,1.05,1.052,1.040,2114780.000
2023-07-27,1.050,1.041,1.051,1.037,959167.000
2023-07-28,1.032,1.048,1.050,1.023,2134695.000
2023-07-31,1.048,1.063,1.075,1.048,2504704.000
2023-08-01,1.064,1.065,1.073,1.056,2767760.000
2023-08-02,1.064,1.054,1.064,1.052,1108464.000
2023-08-03,1.052,1.051,1.053,1.044,1889382.000
2023-08-04,1.055,1.062,1.066,1.055,1887982.000
2023-08-07,1.054,1.055,1.062,1.051,1169767.000
2023-08-08,1.054,1.06,1.067,1.048,1488794.000
2023-08-09,1.055,1.049,1.059,1.047,1011718.000
2023-08-10,1.049,1.051,1.056,1.046,544979.000
2023-08-11,1.050,1.027,1.053,1.026,1058154.000
2023-08-14,1.021,1.018,1.025,1.006,1905140.000
2023-08-15,1.015,1.011,1.021,1.001,1131944.000
2023-08-16,1.005,1.0,1.011,1.000,920840.000
2023-08-17,0.996,1.006,1.006,0.984,1043044.000
2023-08-18,1.002,0.985,1.007,0.984,1146962.000
2023-08-21,0.984,0.976,0.989,0.975,815987.000
2023-08-22,0.977,0.982,0.986,0.966,1087559.000
2023-08-23,0.979,0.959,0.981,0.958,915364.000
2023-08-24,0.966,0.977,0.987,0.965,997195.000
2023-08-25,0.970,0.962,0.973,0.957,1550660.000
2023-08-28,1.010,0.967,1.013,0.961,1670746.000
2023-08-29,0.965,0.981,0.984,0.961,1361435.000
2023-08-30,0.982,0.982,0.995,0.977,780067.000
2023-08-31,0.981,0.972,0.986,0.969,846682.000
2023-09-01,0.974,0.994,0.997,0.973,1431984.000
2023-09-04,0.999,1.025,1.029,0.998,2596455.000
2023-09-05,1.017,1.02,1.023,1.011,1212885.000
2023-09-06,1.017,1.017,1.019,1.010,868978.000
2023-09-07,1.013,1.0,1.015,0.998,1436834.000
2023-09-08,0.999,0.99,1.002,0.987,980972.000
2023-09-11,0.991,1.006,1.012,0.987,1237900.000
2023-09-12,1.006,1.003,1.015,1.001,1027884.000
2023-09-13,1.001,0.997,1.006,0.991,885766.000
2023-09-14,0.997,1.003,1.005,0.996,1892637.000
2023-09-15,1.006,1.003,1.013,0.997,1099160.000
2023-09-18,0.998,1.004,1.007,0.988,1079220.000
2023-09-19,1.002,0.997,1.004,0.994,649621.000
2023-09-20,0.995,0.989,0.996,0.989,700213.000
2023-09-21,0.987,0.979,0.990,0.978,759204.000
2023-09-22,0.976,0.985,0.985,0.969,999747.000
2023-09-25,0.980,0.975,0.983,0.972,699544.000
2023-09-26,0.973,0.967,0.975,0.966,594485.000
2023-09-27,0.965,0.968,0.976,0.962,1211178.000
2023-09-28,0.968,0.965,0.973,0.961,667565.000
2023-10-09,0.960,0.961,0.963,0.946,872100.000
2023-10-10,0.960,0.965,0.974,0.960,786699.000
2023-10-11,0.967,0.955,0.968,0.952,926855.000
2023-10-12,0.959,0.982,0.983,0.959,1650868.000
2023-10-13,0.973,0.966,0.974,0.961,857118.000
2023-10-16,0.969,0.952,0.972,0.949,686804.000
2023-10-17,0.953,0.953,0.954,0.945,588777.000
2023-10-18,0.950,0.937,0.952,0.935,623980.000
2023-10-19,0.933,0.92,0.935,0.920,1375596.000
2023-10-20,0.919,0.925,0.936,0.918,814465.000
2023-10-23,0.923,0.899,0.923,0.891,762988.000
2023-10-24,0.899,0.915,0.915,0.899,997095.000
2023-10-25,0.923,0.921,0.933,0.920,902100.000
2023-10-26,0.917,0.923,0.924,0.908,569101.000
2023-10-27,0.917,0.941,0.944,0.916,646754.000
2023-10-30,0.941,0.947,0.955,0.939,670086.000
2023-10-31,0.943,0.943,0.948,0.936,526213.000
2023-11-01,0.944,0.938,0.945,0.933,354000.000
2023-11-02,0.939,0.926,0.945,0.926,607213.000
2023-11-03,0.929,0.93,0.934,0.926,629743.000
2023-11-06,0.938,0.938,0.940,0.928,1099540.000
2023-11-07,0.935,0.929,0.935,0.921,1131147.000
2023-11-08,0.923,0.921,0.927,0.915,737012.000
2023-11-09,0.917,0.924,0.928,0.916,704224.000
2023-11-10,0.920,0.918,0.922,0.915,481653.000
2023-11-13,0.920,0.923,0.924,0.914,581900.000
2023-11-14,0.926,0.921,0.926,0.916,577413.000
2023-11-15,0.931,0.939,0.943,0.931,1542959.000
2023-11-16,0.935,0.926,0.936,0.923,1110176.000
2023-11-17,0.922,0.928,0.929,0.919,632932.000
2023-11-20,0.930,0.93,0.931,0.919,752522.000
2023-11-21,0.931,0.932,0.942,0.930,690612.000
2023-11-22,0.928,0.913,0.930,0.912,1060607.000
2023-11-23,0.911,0.917,0.917,0.906,1004004.000
2023-11-24,0.913,0.906,0.914,0.905,612410.000
2023-11-27,0.904,0.9,0.909,0.896,531394.000
2023-11-28,0.899,0.903,0.903,0.893,362559.000
2023-11-29,0.905,0.904,0.910,0.902,446592.000
2023-11-30,0.900,0.898,0.904,0.892,545430.000
2023-12-01,0.897,0.898,0.902,0.889,586729.000
2023-12-04,0.903,0.907,0.918,0.899,1063235.000
2023-12-05,0.898,0.892,0.905,0.888,795272.000
2023-12-06,0.890,0.909,0.916,0.886,957154.000
2023-12-07,0.907,0.904,0.909,0.894,788462.000
2023-12-08,0.909,0.897,0.910,0.896,551821.000
2023-12-11,0.890,0.888,0.892,0.873,636454.000
2023-12-12,0.886,0.887,0.888,0.880,386522.000
2023-12-13,0.884,0.87,0.884,0.868,566336.000
2023-12-14,0.882,0.87,0.886,0.868,639218.000
2023-12-15,0.876,0.875,0.887,0.871,542899.000
2023-12-18,0.870,0.862,0.875,0.859,483033.000
2023-12-19,0.859,0.858,0.864,0.853,375481.000
2023-12-20,0.862,0.858,0.868,0.857,549819.000
2023-12-21,0.853,0.866,0.868,0.850,635198.000
2023-12-22,0.867,0.884,0.891,0.860,865686.000
2023-12-25,0.878,0.89,0.890,0.878,492122.000
2023-12-26,0.890,0.888,0.892,0.882,377974.000
2023-12-27,0.888,0.892,0.893,0.878,570841.000
2023-12-28,0.891,0.918,0.921,0.891,953032.000
2023-12-29,0.914,0.92,0.923,0.911,810114.000
2024-01-02,0.920,0.92,0.927,0.916,736987.000
2024-01-03,0.917,0.922,0.925,0.915,790975.000
2024-01-04,0.918,0.911,0.919,0.905,575278.000
2024-01-05,0.909,0.906,0.927,0.902,817483.000
2024-01-08,0.906,0.894,0.912,0.894,550225.000
2024-01-09,0.894,0.905,0.906,0.889,643538.000
2024-01-10,0.902,0.9,0.915,0.894,550980.000
2024-01-11,0.897,0.916,0.920,0.892,788253.000
2024-01-12,0.911,0.911,0.921,0.907,741864.000
2024-01-15,0.911,0.901,0.913,0.900,721378.000
2024-01-16,0.899,0.901,0.909,0.888,794502.000
2024-01-17,0.899,0.871,0.899,0.870,699939.000
2024-01-18,0.865,0.871,0.874,0.845,895474.000
2024-01-19,0.867,0.866,0.881,0.866,794647.000
2024-01-22,0.866,0.825,0.866,0.821,1092802.000
2024-01-23,0.823,0.836,0.841,0.813,970906.000
2024-01-24,0.837,0.847,0.851,0.819,922422.000
2024-01-25,0.847,0.872,0.875,0.846,1033089.000
2024-01-26,0.871,0.875,0.883,0.869,639081.000
2024-01-29,0.876,0.858,0.879,0.857,718476.000
2024-01-30,0.856,0.842,0.862,0.840,576237.000
2024-01-31,0.838,0.816,0.841,0.816,737371.000
2024-02-01,0.810,0.817,0.829,0.805,517365.000
2024-02-02,0.817,0.796,0.824,0.773,1050294.000
2024-02-05,0.785,0.775,0.794,0.753,869277.000
2024-02-06,0.766,0.817,0.821,0.766,914185.000
2024-02-07,0.820,0.851,0.851,0.815,1188423.000
2024-02-08,0.853,0.86,0.874,0.852,866353.000
2024-02-19,0.862,0.866,0.869,0.854,660369.000
2024-02-20,0.862,0.871,0.872,0.855,534874.000
2024-02-21,0.869,0.88,0.896,0.865,1003862.000
2024-02-22,0.877,0.888,0.890,0.871,691269.000
2024-02-23,0.891,0.898,0.901,0.887,568766.000
2024-02-26,0.895,0.889,0.904,0.885,659731.000
2024-02-27,0.886,0.897,0.898,0.882,561440.000
2024-02-28,0.897,0.887,0.918,0.886,776918.000
2024-02-29,0.887,0.91,0.915,0.885,927761.000
2024-03-01,0.909,0.92,0.923,0.909,906294.000
2024-03-04,0.925,0.925,0.935,0.919,710882.000
2024-03-05,0.926,0.924,0.936,0.919,924559.000
2024-03-06,0.925,0.929,0.937,0.917,577207.000
2024-03-07,0.933,0.958,0.971,0.933,3365812.000
2024-03-08,0.958,0.961,0.961,0.943,1891100.000
2024-03-11,0.963,0.973,0.974,0.958,1947841.000
2024-03-12,0.973,0.953,0.974,0.947,1505156.000
2024-03-13,0.950,0.96,0.964,0.945,1570259.000
2024-03-14,0.974,0.973,0.997,0.967,1910458.000
2024-03-15,0.965,1.008,1.009,0.963,3522317.000
2024-03-18,1.008,1.01,1.014,0.994,3209613.000
2024-03-19,1.005,1.003,1.026,1.002,2180174.000
2024-03-20,0.997,1.002,1.007,0.989,1526518.000
2024-03-21,1.015,1.006,1.021,1.001,1868072.000
2024-03-22,0.999,0.98,1.003,0.974,3148571.000
2024-03-25,0.977,0.986,1.004,0.977,2311164.000
2024-03-26,0.987,0.984,0.992,0.970,1848827.000
2024-03-27,0.984,0.97,0.987,0.970,1220830.000
2024-03-28,0.967,0.988,0.996,0.967,1703367.000
2024-03-29,0.997,1.022,1.022,0.997,2711576.000
2024-04-01,1.035,1.042,1.052,1.030,2913708.000
2024-04-02,1.042,1.053,1.054,1.037,2300785.000
2024-04-03,1.063,1.089,1.094,1.054,4120930.000
2024-04-08,1.094,1.086,1.130,1.078,5919135.000
2024-04-09,1.079,1.09,1.099,1.074,4353849.000
2024-04-10,1.094,1.097,1.107,1.076,2856806.000
2024-04-11,1.075,1.094,1.122,1.069,3526576.000
2024-04-12,1.105,1.105,1.115,1.088,2316687.000
2024-04-15,1.091,1.104,1.106,1.063,2277918.000
2024-04-16,1.097,1.055,1.103,1.050,3017477.000
2024-04-17,1.054,1.078,1.080,1.050,1997690.000
2024-04-18,1.073,1.093,1.096,1.066,2066119.000
2024-04-19,1.094,1.086,1.118,1.076,2196944.000
2024-04-22,1.092,1.061,1.104,1.060,1752760.000
2024-04-23,1.039,1.012,1.042,1.011,3361269.000
2024-04-24,1.004,1.022,1.024,1.001,1821362.000
2024-04-25,1.015,1.032,1.040,1.007,1753719.000
2024-04-26,1.034,1.06,1.061,1.028,1634566.000
2024-04-29,1.059,1.054,1.059,1.039,1839459.000
2024-04-30,1.054,1.044,1.064,1.041,1530273.000
2024-05-06,1.035,1.052,1.053,1.024,1936487.000
2024-05-07,1.057,1.06,1.074,1.055,1719927.000
2024-05-08,1.051,1.052,1.062,1.038,1587962.000
2024-05-09,1.049,1.078,1.085,1.046,2305313.000
2024-05-10,1.091,1.086,1.097,1.066,1963496.000
2024-05-13,1.073,1.072,1.078,1.058,1870669.000
2024-05-14,1.078,1.079,1.090,1.070,1520211.000
2024-05-15,1.076,1.067,1.090,1.066,2055667.000
2024-05-16,1.081,1.061,1.088,1.056,1904405.000
2024-05-17,1.057,1.076,1.077,1.047,1789380.000
2024-05-20,1.105,1.117,1.125,1.088,4238313.000
2024-05-21,1.118,1.082,1.121,1.078,2982244.000
2024-05-22,1.079,1.072,1.089,1.067,2349531.000
2024-05-23,1.043,1.037,1.046,1.027,2577443.000
2024-05-24,1.031,1.037,1.044,1.030,2074175.000
2024-05-27,1.034,1.052,1.053,1.034,2335412.000
2024-05-28,1.059,1.05,1.071,1.049,2334685.000
2024-05-29,1.049,1.077,1.084,1.049,3977952.000
2024-05-30,1.076,1.045,1.079,1.041,2127309.000
2024-05-31,1.043,1.04,1.049,1.032,1156642.000
2024-06-03,1.032,1.019,1.036,1.009,2148340.000
2024-06-04,1.019,1.031,1.038,1.013,1530752.000
2024-06-05,1.015,1.007,1.021,1.005,2091507.000
2024-06-06,1.017,1.017,1.030,1.014,2047301.000
2024-06-07,1.028,1.019,1.031,1.005,1826495.000
2024-06-11,0.995,0.996,0.998,0.986,1950651.000
2024-06-12,0.991,1.005,1.009,0.991,1065280.000
2024-06-13,1.005,0.988,1.005,0.980,1846573.000
2024-06-14,0.981,0.991,0.993,0.977,1036370.000
2024-06-17,0.989,0.978,0.995,0.977,1370064.000
2024-06-18,0.978,0.985,0.990,0.971,2761371.000
2024-06-19,0.989,0.989,1.001,0.985,1790019.000
2024-06-20,0.991,0.982,1.003,0.979,2126734.000
2024-06-21,0.986,0.977,0.990,0.973,1556487.000
2024-06-24,0.962,0.955,0.967,0.951,1220757.000
2024-06-25,0.955,0.956,0.967,0.950,1339785.000
2024-06-26,0.951,0.966,0.967,0.939,1860058.000
2024-06-27,0.958,0.943,0.963,0.942,1177421.000
2024-06-28,0.942,0.962,0.970,0.942,1493100.000
2024-07-01,0.970,0.985,0.988,0.962,1602251.000
2024-07-02,0.985,0.973,0.986,0.969,1064898.000
2024-07-03,0.972,0.973,0.976,0.965,1084165.000
2024-07-04,0.981,0.966,0.989,0.965,1479078.000
2024-07-05,0.965,0.992,0.993,0.957,1987527.000
2024-07-08,0.991,0.981,0.998,0.980,1427813.000
2024-07-09,0.978,1.002,1.005,0.977,1954310.000
2024-07-10,1.001,0.987,1.015,0.983,1833539.000
2024-07-11,0.995,1.025,1.029,0.990,2744563.000
2024-07-12,1.031,1.006,1.032,1.000,2432497.000
2024-07-15,1.003,1.013,1.023,0.998,1655659.000
2024-07-16,1.011,1.022,1.025,1.007,1367568.000
2024-07-17,1.027,0.995,1.029,0.993,2002973.000
2024-07-18,0.987,0.994,0.995,0.972,2014743.000
2024-07-19,0.978,0.977,0.980,0.953,1711976.000
2024-07-22,0.969,0.965,0.973,0.957,1226168.000
2024-07-23,0.962,0.919,0.969,0.918,2005425.000
2024-07-24,0.916,0.911,0.923,0.907,1453422.000
2024-07-25,0.900,0.888,0.903,0.885,1580831.000
2024-07-26,0.888,0.91,0.916,0.888,1927606.000
2024-07-29,0.913,0.908,0.919,0.905,1050985.000
2024-07-30,0.903,0.9,0.904,0.891,1211388.000
2024-07-31,0.903,0.936,0.936,0.902,1696846.000
2024-08-01,0.945,0.933,0.951,0.928,1353683.000
2024-08-02,0.918,0.917,0.924,0.913,908604.000
2024-08-05,0.907,0.894,0.919,0.894,1203965.000
2024-08-06,0.897,0.894,0.905,0.885,956806.000
2024-08-07,0.894,0.897,0.904,0.885,1350423.000
2024-08-08,0.892,0.888,0.893,0.879,1057392.000
2024-08-09,0.896,0.893,0.907,0.892,1329301.000
2024-08-12,0.891,0.893,0.896,0.887,826596.000
2024-08-13,0.900,0.897,0.901,0.888,988252.000
2024-08-14,0.894,0.884,0.899,0.883,1123076.000
2024-08-15,0.881,0.893,0.897,0.877,1117433.000
2024-08-16,0.901,0.894,0.906,0.890,1185928.000
2024-08-19,0.896,0.909,0.918,0.895,1574633.000
2024-08-20,0.909,0.898,0.916,0.894,1913419.000
2024-08-21,0.896,0.908,0.911,0.892,1996449.000
2024-08-22,0.908,0.895,0.909,0.894,864022.000
2024-08-23,0.889,0.892,0.895,0.884,769627.000
2024-08-26,0.900,0.904,0.904,0.893,869977.000
2024-08-27,0.900,0.891,0.900,0.884,863297.000
2024-08-28,0.887,0.883,0.900,0.879,1193066.000
2024-08-29,0.876,0.89,0.895,0.872,940321.000
2024-08-30,0.889,0.896,0.906,0.884,1685121.000
2024-09-02,0.891,0.875,0.891,0.872,1425950.000
2024-09-03,0.872,0.878,0.886,0.868,971688.000
2024-09-04,0.870,0.857,0.870,0.855,1219792.000
2024-09-05,0.857,0.857,0.871,0.852,1691840.000
2024-09-06,0.857,0.852,0.861,0.850,870535.000
2024-09-09,0.846,0.837,0.846,0.829,1528003.000
2024-09-10,0.837,0.833,0.839,0.821,1018789.000
2024-09-11,0.830,0.842,0.843,0.830,906923.000
2024-09-12,0.844,0.841,0.852,0.838,1317915.000
2024-09-13,0.849,0.838,0.855,0.837,892982.000
2024-09-18,0.841,0.845,0.849,0.831,1017906.000
2024-09-19,0.845,0.872,0.872,0.834,1897553.000
2024-09-20,0.870,0.883,0.883,0.864,1294999.000
2024-09-23,0.878,0.882,0.893,0.878,1315073.000
2024-09-24,0.886,0.918,0.918,0.886,1520494.000
2024-09-25,0.930,0.927,0.954,0.926,2043304.000
2024-09-26,0.925,0.964,0.964,0.924,1878785.000
2024-09-27,0.981,1.008,1.012,0.975,907945.000
2024-09-30,1.065,1.103,1.107,1.020,4999804.000
2024-10-08,1.215,1.128,1.215,1.052,10113322.000
2024-10-09,1.080,1.014,1.080,1.014,4521909.000
2024-10-10,1.008,1.031,1.058,1.003,4128044.000
2024-10-11,1.036,1.008,1.036,0.997,2393353.000
2024-10-14,1.012,1.039,1.043,1.010,2344686.000
2024-10-15,1.028,1.003,1.034,1.002,1994287.000
2024-10-16,0.995,1.012,1.019,0.991,2674864.000
2024-10-17,1.015,0.996,1.022,0.995,1425961.000
2024-10-18,0.994,1.021,1.037,0.994,2840495.000
2024-10-21,1.028,1.046,1.057,1.026,2806914.000
2024-10-22,1.044,1.053,1.055,1.034,2415729.000
2024-10-23,1.059,1.055,1.065,1.040,2878004.000
2024-10-24,1.043,1.04,1.045,1.027,1776221.000
2024-10-25,1.037,1.044,1.057,1.031,1909293.000
2024-10-28,1.046,1.054,1.054,1.039,1769152.000
2024-10-29,1.056,1.037,1.056,1.034,2312522.000
2024-10-30,1.032,1.025,1.042,1.015,1664244.000
2024-10-31,1.023,1.021,1.031,1.014,1355588.000
2024-11-01,1.018,1.06,1.081,1.015,4542731.000
2024-11-04,1.069,1.061,1.071,1.042,2780190.000
2024-11-05,1.055,1.095,1.100,1.051,4098897.000
2024-11-06,1.097,1.105,1.123,1.090,4100063.000
2024-11-07,1.084,1.103,1.103,1.068,3788433.000
2024-11-08,1.122,1.089,1.127,1.086,4057385.000
2024-11-11,1.074,1.092,1.093,1.068,2478696.000
2024-11-12,1.085,1.076,1.112,1.067,2470626.000
2024-11-13,1.073,1.085,1.096,1.069,1974523.000
2024-11-14,1.079,1.049,1.084,1.046,2275366.000
2024-11-15,1.044,1.031,1.059,1.030,1777580.000
2024-11-18,1.028,1.012,1.035,1.005,1976319.000
2024-11-19,1.016,1.047,1.049,1.014,1944378.000
2024-11-20,1.048,1.053,1.057,1.042,2111852.000
2024-11-21,1.050,1.055,1.057,1.043,1986621.000
2024-11-22,1.053,1.027,1.057,1.025,1014763.000
2024-11-25,1.031,1.023,1.043,1.012,1095997.000
2024-11-26,1.019,1.008,1.022,1.006,825595.000
2024-11-27,1.008,1.019,1.019,0.986,1446829.000
2024-11-28,1.019,1.004,1.019,1.002,940520.000
2024-11-29,1.002,1.016,1.023,0.996,1108486.000
2024-12-02,1.017,1.026,1.028,1.014,1232265.000
2024-12-03,1.025,1.025,1.027,1.016,1641326.000
2024-12-04,1.032,1.026,1.037,1.024,1471559.000
2024-12-05,1.025,1.019,1.025,1.013,849801.000
2024-12-06,1.015,1.029,1.031,1.011,1871537.000
2024-12-09,1.027,1.028,1.040,1.024,1361676.000
2024-12-10,1.055,1.033,1.061,1.030,1917237.000
2024-12-11,1.034,1.046,1.054,1.031,1332497.000
2024-12-12,1.046,1.052,1.054,1.042,1149043.000
2024-12-13,1.045,1.022,1.045,1.020,1298070.000
2024-12-16,1.021,1.006,1.022,1.001,1058922.000
2024-12-17,1.005,0.999,1.010,0.997,756223.000
2024-12-18,1.000,0.994,1.004,0.992,1083969.000
2024-12-19,0.988,0.99,0.991,0.973,1028083.000
2024-12-20,0.985,0.984,0.990,0.981,1086654.000
2024-12-23,0.983,0.981,0.990,0.978,1291200.000
2024-12-24,0.982,0.989,0.990,0.977,2589440.000
2024-12-25,0.989,0.979,0.989,0.973,1405272.000
2024-12-26,0.981,0.983,0.987,0.979,731351.000
2024-12-27,0.979,0.978,0.987,0.976,1235146.000
2024-12-30,0.978,0.981,0.984,0.975,973435.000
2024-12-31,0.981,0.958,0.982,0.957,1765141.000
2025-01-02,0.957,0.948,0.970,0.942,1479495.000
2025-01-03,0.949,0.957,0.980,0.949,1934381.000
2025-01-06,0.957,0.966,0.981,0.950,2954617.000
2025-01-07,0.966,0.985,0.985,0.957,1724958.000
2025-01-08,0.984,0.969,0.984,0.954,1726189.000
2025-01-09,0.966,0.976,0.978,0.963,1395577.000
2025-01-10,0.976,0.972,0.990,0.970,1520947.000
2025-01-13,0.967,0.995,1.001,0.964,3186696.000
2025-01-14,0.994,1.01,1.010,0.984,2530194.000
2025-01-15,1.005,0.999,1.011,0.990,1821652.000
2025-01-16,1.005,1.017,1.021,1.003,3116270.000
2025-01-17,1.017,1.022,1.024,1.013,1159800.000
2025-01-20,1.021,1.012,1.022,1.009,2226817.000
2025-01-21,1.012,1.006,1.014,0.997,1395473.000
2025-01-22,1.006,1.006,1.009,0.998,1002968.000
2025-01-23,1.008,0.999,1.021,0.998,1035857.000
2025-01-24,0.997,1.009,1.010,0.993,1133054.000
2025-01-27,1.008,1.005,1.017,1.003,815978.000
2025-02-05,1.014,1.017,1.021,1.009,1230509.000
2025-02-06,1.019,1.03,1.030,1.014,1334282.000
2025-02-07,1.028,1.043,1.047,1.021,3944689.000
2025-02-10,1.044,1.045,1.050,1.038,2095183.000
2025-02-11,1.047,1.045,1.059,1.043,1897571.000
2025-02-12,1.040,1.039,1.041,1.025,2104820.000
2025-02-13,1.036,1.032,1.046,1.031,2201906.000
2025-02-14,1.035,1.04,1.043,1.031,5000346.000
2025-02-17,1.031,1.015,1.031,1.011,2627236.000
2025-02-18,1.014,1.006,1.019,1.003,1225258.000
2025-02-19,1.008,1.015,1.015,1.005,1113335.000
2025-02-20,1.013,1.02,1.021,1.011,1304987.000
2025-02-21,1.020,1.016,1.029,1.013,1424762.000
2025-02-24,1.013,1.015,1.017,1.007,1302894.000
2025-02-25,1.011,1.002,1.019,1.001,1381401.000
2025-02-26,1.002,1.008,1.015,1.001,1151208.000
2025-02-27,1.007,1.003,1.009,0.993,1379325.000
2025-02-28,1.001,0.985,1.002,0.985,2473278.000
2025-03-03,0.992,1.012,1.021,0.992,2972719.000
2025-03-04,1.012,1.015,1.017,1.000,2286328.000
2025-03-05,1.013,1.025,1.026,1.003,1807212.000
2025-03-06,1.028,1.039,1.040,1.028,2273588.000
2025-03-07,1.036,1.053,1.064,1.036,2871898.000
2025-03-10,1.062,1.065,1.067,1.050,2855488.000
2025-03-11,1.050,1.071,1.073,1.046,2455239.000
2025-03-12,1.075,1.071,1.080,1.065,2978521.000
2025-03-13,1.075,1.078,1.085,1.067,2843582.000
2025-03-14,1.100,1.091,1.110,1.084,4139964.000
2025-03-17,1.092,1.081,1.094,1.079,1813748.000
2025-03-18,1.081,1.096,1.106,1.081,1760585.000
2025-03-19,1.095,1.095,1.097,1.084,4014323.000
2025-03-20,1.103,1.092,1.107,1.091,2349251.000
2025-03-21,1.089,1.066,1.094,1.062,2451013.000
2025-03-24,1.066,1.087,1.090,1.062,2164731.000
2025-03-25,1.087,1.089,1.096,1.078,2627120.000
2025-03-26,1.097,1.082,1.111,1.080,2102669.000
2025-03-27,1.072,1.071,1.079,1.063,1491434.000
2025-03-28,1.073,1.071,1.078,1.060,2803932.000
2025-03-31,1.068,1.062,1.072,1.051,1448078.000
2025-04-01,1.064,1.065,1.074,1.060,2472503.000
2025-04-02,1.061,1.054,1.069,1.052,1089162.000
2025-04-03,1.051,1.038,1.055,1.036,3365378.000
2025-04-07,0.968,0.933,0.974,0.933,4255870.000
2025-04-08,0.943,0.946,0.947,0.923,2611825.000
2025-04-09,0.935,0.958,0.962,0.909,1457682.000
2025-04-10,0.980,0.995,1.007,0.975,2491459.000
2025-04-11,1.000,1.003,1.010,0.997,948872.000
2025-04-14,1.008,1.028,1.038,1.008,1486737.000
2025-04-15,1.025,1.02,1.026,1.012,803293.000
2025-04-16,1.028,1.019,1.028,1.004,680806.000
2025-04-17,1.025,1.014,1.036,1.011,959703.000
2025-04-18,1.007,1.011,1.013,0.999,493553.000
2025-04-21,1.015,1.05,1.051,1.015,1799443.000
2025-04-22,1.051,1.045,1.056,1.042,1007700.000
2025-04-23,1.037,1.03,1.042,1.026,1042855.000
2025-04-24,1.034,1.023,1.041,1.022,804693.000
2025-04-25,1.026,1.025,1.037,1.023,640131.000
2025-04-28,1.023,1.021,1.025,1.016,563857.000
2025-04-29,1.018,1.019,1.024,1.016,450359.000
2025-04-30,1.019,1.017,1.024,1.015,370515.000
2025-05-06,1.026,1.042,1.042,1.026,1102502.000
2025-05-07,1.046,1.045,1.050,1.037,758957.000
2025-05-08,1.041,1.037,1.044,1.032,739448.000
2025-05-09,1.033,1.034,1.037,1.027,574163.000
2025-05-12,1.034,1.043,1.044,1.027,1393174.000
2025-05-13,1.043,1.047,1.049,1.039,806356.000
2025-05-14,1.046,1.055,1.055,1.042,851571.000
2025-05-15,1.052,1.042,1.053,1.037,536751.000
2025-05-16,1.042,1.04,1.048,1.036,1072267.000
2025-05-19,1.040,1.036,1.042,1.030,398505.000
2025-05-20,1.035,1.04,1.042,1.034,342493.000
2025-05-21,1.045,1.063,1.063,1.043,1244465.000
2025-05-22,1.060,1.053,1.063,1.051,541464.000
2025-05-23,1.051,1.054,1.061,1.049,584160.000
2025-05-26,1.049,1.054,1.063,1.048,1195612.000
2025-05-27,1.050,1.033,1.053,1.027,1349864.000
2025-05-28,1.029,1.032,1.037,1.029,331585.000
2025-05-29,1.027,1.037,1.040,1.024,446432.000
2025-05-30,1.037,1.029,1.037,1.025,582107.000
2025-06-03,1.038,1.042,1.048,1.037,540674.000
2025-06-04,1.040,1.055,1.060,1.040,863021.000
2025-06-05,1.056,1.051,1.062,1.050,1521227.000
2025-06-06,1.054,1.064,1.068,1.054,1292179.000
2025-06-09,1.059,1.067,1.069,1.052,1283210.000
2025-06-10,1.065,1.068,1.073,1.060,878724.000
2025-06-11,1.068,1.09,1.094,1.066,1413730.000
2025-06-12,1.090,1.102,1.104,1.083,1430533.000
2025-06-13,1.106,1.101,1.111,1.096,1246013.000
2025-06-16,1.101,1.097,1.109,1.092,1481701.000
2025-06-17,1.094,1.097,1.104,1.093,781346.000
2025-06-18,1.099,1.095,1.100,1.084,679759.000
2025-06-19,1.088,1.076,1.094,1.073,879363.000
2025-06-20,1.075,1.072,1.081,1.070,587121.000
2025-06-23,1.071,1.082,1.083,1.071,752257.000
2025-06-24,1.082,1.088,1.096,1.077,677898.000
2025-06-25,1.091,1.096,1.096,1.083,986715.000
2025-06-26,1.095,1.101,1.112,1.091,1288246.000
2025-06-27,1.111,1.123,1.135,1.107,2904674.000
2025-06-30,1.125,1.124,1.125,1.113,2743252.000
2025-07-01,1.124,1.14,1.140,1.113,1636250.000
2025-07-02,1.137,1.149,1.158,1.133,3330428.000
2025-07-03,1.154,1.151,1.157,1.143,1991813.000
2025-07-04,1.144,1.134,1.148,1.131,3124598.000
2025-07-07,1.130,1.125,1.133,1.124,1655951.000
2025-07-08,1.125,1.137,1.142,1.125,2395084.000
2025-07-09,1.142,1.115,1.147,1.111,3042509.000
2025-07-10,1.120,1.131,1.134,1.120,1592381.000
2025-07-11,1.138,1.153,1.170,1.136,3220839.000
2025-07-14,1.162,1.158,1.174,1.156,2299047.000
2025-07-15,1.152,1.144,1.159,1.135,2675277.000
2025-07-16,1.142,1.141,1.149,1.135,1557279.000
2025-07-17,1.141,1.145,1.147,1.134,1018585.000
2025-07-18,1.148,1.174,1.181,1.147,2065674.000
2025-07-21,1.180,1.208,1.209,1.176,3765579.000
2025-07-22,1.211,1.237,1.237,1.207,2721028.000
2025-07-23,1.247,1.232,1.251,1.229,4410960.000
2025-07-24,1.224,1.273,1.283,1.222,4259648.000
2025-07-25,1.267,1.273,1.279,1.264,2259573.000
2025-07-28,1.259,1.267,1.270,1.244,2214910.000
2025-07-29,1.255,1.264,1.269,1.252,2237047.000
2025-07-30,1.267,1.256,1.271,1.243,2295532.000
2025-07-31,1.236,1.214,1.239,1.207,3629593.000
2025-08-01,1.210,1.209,1.217,1.205,1528972.000
2025-08-04,1.207,1.23,1.230,1.207,1837052.000
2025-08-05,1.233,1.235,1.239,1.227,2505805.000
2025-08-06,1.235,1.249,1.252,1.233,2341188.000
2025-08-07,1.254,1.266,1.267,1.230,2990398.000
2025-08-08,1.266,1.282,1.290,1.259,3017029.000
2025-08-11,1.292,1.29,1.295,1.276,2290729.000
2025-08-12,1.282,1.284,1.288,1.271,1755773.000
2025-08-13,1.281,1.312,1.312,1.281,2834567.000
2025-08-14,1.312,1.305,1.319,1.296,2886845.000
2025-08-15,1.293,1.331,1.334,1.288,2655044.000
2025-08-18,1.337,1.337,1.353,1.317,3907659.000
2025-08-19,1.334,1.329,1.350,1.323,3463038.000
2025-08-20,1.319,1.341,1.353,1.317,1726531.000
2025-08-21,1.340,1.336,1.362,1.328,2474703.000
2025-08-22,1.332,1.353,1.359,1.332,2427556.000
2025-08-25,1.385,1.431,1.435,1.377,5763972.000
2025-08-26,1.426,1.412,1.429,1.399,4649322.000
2025-08-27,1.420,1.402,1.437,1.399,4752316.000
2025-08-28,1.400,1.428,1.429,1.387,4605921.000
2025-08-29,1.430,1.471,1.477,1.430,3241225.000
2025-09-01,1.501,1.518,1.519,1.458,6235502.000
2025-09-02,1.528,1.496,1.540,1.484,8231338.000
2025-09-03,1.518,1.491,1.530,1.468,5123352.000
2025-09-04,1.485,1.429,1.502,1.399,7026245.000
2025-09-05,1.416,1.492,1.493,1.416,4921927.000
2025-09-08,1.523,1.489,1.523,1.476,4584083.000
2025-09-09,1.490,1.5,1.534,1.484,6003638.000
2025-09-10,1.479,1.485,1.500,1.460,4821340.000
2025-09-11,1.480,1.509,1.510,1.475,3681221.000
2025-09-12,1.523,1.547,1.563,1.518,6543397.000
2025-09-15,1.549,1.535,1.559,1.531,4640556.000
2025-09-16,1.551,1.515,1.556,1.481,8417420.000
2025-09-17,1.502,1.518,1.520,1.488,5302238.000
2025-09-18,1.499,1.464,1.500,1.444,7740818.000
2025-09-19,1.460,1.483,1.495,1.460,4510147.000
2025-09-22,1.498,1.497,1.504,1.467,3587704.000
2025-09-23,1.497,1.483,1.519,1.459,5303341.000
2025-09-24,1.474,1.503,1.504,1.473,4307503.000
2025-09-25,1.529,1.533,1.548,1.518,6344502.000
2025-09-26,1.531,1.532,1.566,1.526,4718503.000
2025-09-29,1.551,1.595,1.596,1.533,5921147.000
2025-09-30,1.615,1.653,1.658,1.614,7237018.000
2025-10-09,1.750,1.797,1.800,1.716,11733724.000
2025-10-10,1.785,1.732,1.791,1.721,13633464.000
2025-10-13,1.678,1.799,1.806,1.678,14068553.000
2025-10-14,1.846,1.728,1.851,1.712,14140100.000
2025-10-15,1.741,1.744,1.756,1.693,9970862.000
2025-10-16,1.735,1.704,1.746,1.696,6133967.000
2025-10-17,1.726,1.671,1.745,1.666,6894562.000
2025-10-20,1.658,1.648,1.673,1.636,5968240.000
2025-10-21,1.668,1.674,1.690,1.648,5174441.000
2025-10-22,1.610,1.652,1.656,1.608,5748305.000
2025-10-23,1.642,1.671,1.676,1.619,4725554.000
2025-10-24,1.688,1.7,1.709,1.677,5486222.000
2025-10-27,1.714,1.741,1.753,1.710,6658491.000
2025-10-28,1.730,1.686,1.732,1.681,6937336.000
2025-10-29,1.691,1.764,1.767,1.691,6749167.000
2025-10-30,1.754,1.784,1.808,1.746,7639712.000
2025-10-31,1.776,1.744,1.785,1.742,5026879.000
2025-11-03,1.731,1.719,1.740,1.671,6271420.000
2025-11-04,1.705,1.667,1.716,1.651,3990151.000
2025-11-05,1.626,1.674,1.681,1.619,6101284.000
2025-11-06,1.673,1.728,1.729,1.669,5971162.000
2025-11-07,1.724,1.738,1.749,1.711,3421762.000
2025-11-10,1.757,1.746,1.777,1.731,5045549.000
2025-11-11,1.762,1.722,1.768,1.718,3425727.000
2025-11-12,1.715,1.723,1.750,1.696,3562331.000
2025-11-13,1.739,1.794,1.810,1.733,7234232.000
2025-11-14,1.766,1.76,1.781,1.747,4372861.000
2025-11-17,1.753,1.751,1.771,1.742,3932587.000
2025-11-18,1.745,1.702,1.749,1.688,5285790.000
2025-11-19,1.707,1.75,1.760,1.707,3786973.000
2025-11-20,1.750,1.742,1.785,1.738,4100027.000
2025-11-21,1.712,1.65,1.712,1.648,6447826.000
2025-11-24,1.650,1.638,1.658,1.608,4300506.000
2025-11-25,1.657,1.674,1.684,1.648,3568943.000
2025-11-26,1.681,1.674,1.694,1.668,2424354.000
2025-11-27,1.689,1.676,1.710,1.673,2881716.000
2025-11-28,1.682,1.704,1.710,1.670,3009899.000
2025-12-01,1.748,1.756,1.784,1.742,5416375.000
2025-12-02,1.745,1.731,1.745,1.720,3357507.000
2025-12-03,1.732,1.742,1.764,1.729,3563313.000
2025-12-04,1.769,1.748,1.787,1.741,3767599.000
2025-12-05,1.739,1.793,1.797,1.739,5055597.000
2025-12-08,1.800,1.806,1.806,1.769,5673161.000
2025-12-09,1.790,1.746,1.791,1.734,4880437.000
2025-12-10,1.754,1.764,1.766,1.737,4829043.000
2025-12-11,1.781,1.751,1.793,1.749,3996808.000
2025-12-12,1.779,1.77,1.784,1.754,3338020.000
2025-12-15,1.748,1.762,1.782,1.746,2947602.000
2025-12-16,1.755,1.715,1.757,1.702,5907294.000
2025-12-17,1.726,1.775,1.784,1.726,4403659.000
2025-12-18,1.774,1.772,1.800,1.761,4013359.000
2025-12-19,1.768,1.807,1.809,1.751,4084973.000
2025-12-22,1.830,1.847,1.858,1.821,4871827.000
2025-12-23,1.859,1.859,1.891,1.837,5546430.000
2025-12-24,1.877,1.869,1.883,1.850,6286545.000
2025-12-25,1.844,1.847,1.855,1.824,4900191.000
2025-12-26,1.873,1.92,1.932,1.873,7819516.000
2025-12-29,1.950,1.878,1.951,1.875,12752255.000
2025-12-30,1.816,1.909,1.921,1.816,9679351.000
2025-12-31,1.909,1.927,1.962,1.907,6088531.000
2026-01-05,1.956,1.981,1.984,1.937,8211033.000
2026-01-06,2.014,2.06,2.073,2.007,8159780.000
2026-01-07,2.080,2.068,2.103,2.046,9295787.000
2026-01-08,2.040,2.032,2.081,2.007,10036481.000
2026-01-09,2.013,2.094,2.101,2.012,9183074.000
2026-01-12,2.149,2.118,2.157,2.081,10805667.000
2026-01-13,2.119,2.141,2.186,2.114,11210519.000
2026-01-14,2.157,2.148,2.200,2.131,12969039.000
2026-01-15,2.147,2.206,2.245,2.136,14256950.000
2026-01-16,2.206,2.175,2.249,2.163,14566480.000
2026-01-19,2.174,2.177,2.190,2.127,10057366.000
2026-01-20,2.188,2.184,2.209,2.107,12200105.000
2026-01-21,2.184,2.253,2.255,2.177,9744567.000
2026-01-22,2.225,2.236,2.247,2.202,8472649.000
2026-01-23,2.266,2.293,2.308,2.245,7835384.000
2026-01-26,2.358,2.414,2.427,2.356,12628902.000
2026-01-27,2.386,2.391,2.451,2.341,17363459.000
2026-01-28,2.405,2.549,2.563,2.381,16324977.000
2026-01-29,2.630,2.595,2.674,2.462,23641936.000
2026-01-30,2.450,2.339,2.474,2.336,26194639.000
2026-02-02,2.105,2.105,2.220,2.105,21225405.000
2026-02-03,2.189,2.249,2.260,2.139,18048539.000
2026-02-04,2.297,2.253,2.307,2.223,9481407.000
2026-02-05,2.198,2.144,2.226,2.110,10401399.000
2026-02-06,2.047,2.153,2.182,2.047,8257876.000
2026-02-09,2.203,2.199,2.216,2.175,6092699.000
2026-02-10,2.204,2.195,2.215,2.181,4948320.000
2026-02-11,2.193,2.256,2.274,2.191,6241051.000
2026-02-12,2.255,2.271,2.299,2.250,6083099.000
2026-02-13,2.223,2.193,2.245,2.187,7707055.000
2026-02-24,2.262,2.26,2.276,2.244,6757795.000
2026-02-25,2.270,2.347,2.373,2.262,9041771.000
2026-02-26,2.370,2.329,2.372,2.321,7593331.000
2026-02-27,2.313,2.41,2.414,2.313,8799913.000
2026-03-02,2.482,2.498,2.500,2.371,12623270.000
2026-03-03,2.453,2.362,2.480,2.350,13259419.000
2026-03-04,2.263,2.345,2.398,2.263,8870072.000
2026-03-05,2.383,2.326,2.390,2.300,8785819.000
2026-03-06,2.292,2.279,2.319,2.245,6987934.000
2026-03-09,2.226,2.257,2.273,2.173,9343232.000
2026-03-10,2.272,2.279,2.289,2.259,4500543.000
2026-03-11,2.290,2.271,2.299,2.262,4149849.000
2026-03-12,2.250,2.254,2.284,2.228,6620575.000
2026-03-13,2.233,2.193,2.283,2.187,6902744.000
2026-03-16,2.163,2.126,2.183,2.073,13092812.000
2026-03-17,2.131,2.091,2.157,2.090,7395885.000
2026-03-18,2.085,2.075,2.094,2.038,6370075.000
2026-03-19,2.010,1.944,2.023,1.935,12406758.000
2026-03-20,1.935,1.917,1.978,1.915,9231871.000
2026-03-23,1.852,1.823,1.907,1.819,10427630.000
2026-03-24,1.870,1.892,1.894,1.811,10216093.000
2026-03-25,1.950,1.952,1.976,1.934,7816051.000
2026-03-26,1.945,1.919,1.961,1.908,4393096.000
2026-03-27,1.881,1.976,1.989,1.877,6291082.000
2026-03-30,1.978,2.008,2.010,1.951,4977174.000
2026-03-31,2.009,1.983,2.024,1.968,4501869.000
2026-04-01,2.032,2.026,2.035,2.004,5602440.000
2026-04-02,2.018,1.991,2.030,1.972,5037143.000
2026-04-03,1.990,1.971,2.000,1.961,3047414.000
2026-04-07,1.970,1.992,1.998,1.970,2715046.000
2026-04-08,2.060,2.119,2.120,2.060,7502239.000
2026-04-09,2.081,2.103,2.122,2.075,5137457.000
2026-04-10,2.120,2.096,2.128,2.090,4429296.000
2026-04-13,2.078,2.096,2.104,2.075,4117045.000
2026-04-14,2.140,2.136,2.144,2.108,5368811.000
2026-04-15,2.168,2.104,2.174,2.097,5137963.000
2026-04-16,2.115,2.17,2.170,2.115,5274975.000
2026-04-17,2.152,2.167,2.184,2.150,3438028.000
2026-04-20,2.166,2.179,2.197,2.160,4008419.000
2026-04-21,2.182,2.18,2.186,2.147,3793952.000
2026-04-22,2.158,2.179,2.187,2.153,4610108.000
2026-04-23,2.178,2.098,2.185,2.081,7641208.000
2026-04-24,2.083,2.118,2.131,2.066,5021146.000
2026-04-27,2.112,2.095,2.120,2.091,3263695.000
2026-04-28,2.081,2.043,2.084,2.036,4231091.000
2026-04-29,2.032,2.14,2.140,2.032,5640092.000
2026-04-30,2.128,2.119,2.154,2.101,3802627.000
2026-05-06,2.134,2.199,2.200,2.114,7010343.000
2026-05-07,2.231,2.207,2.235,2.178,7521276.000
2026-05-08,2.188,2.206,2.215,2.165,5402754.000
2026-05-11,2.199,2.208,2.225,2.186,6728432.000
2026-05-12,2.236,2.188,2.249,2.180,7461637.000
2026-05-13,2.196,2.209,2.226,2.188,6090579.000
2026-05-14,2.199,2.13,2.209,2.128,6221129.000
2026-05-15,2.105,2.039,2.110,2.025,7084865.000
2026-05-18,1.990,2.009,2.017,1.973,5219627.000
2026-05-19,2.006,1.981,2.006,1.942,4130930.000
2026-05-20,1.950,1.985,2.000,1.931,5014681.000
2026-05-21,2.007,1.947,2.036,1.943,5406835.000
2026-05-22,1.951,2.019,2.029,1.941,4943173.000
2026-05-25,2.050,2.025,2.066,2.010,6963712.000
2026-05-26,2.009,2.095,2.100,1.984,8702050.000
2026-05-27,2.085,2.013,2.092,2.000,6577594.000
2026-05-28,1.983,1.991,2.008,1.937,6201677.000
2026-05-29,2.012,1.965,2.028,1.953,5004277.000
2026-06-01,1.961,1.949,1.988,1.944,4392999.000
2026-06-02,1.955,2.015,2.022,1.926,6172113.000
2026-06-03,1.997,2.032,2.054,1.988,6251299.000
2026-06-04,2.004,1.97,2.007,1.958,4819733.000
2026-06-05,1.950,1.926,1.983,1.917,4577961.000
2026-06-08,1.844,1.82,1.876,1.792,7037861.000
2026-06-09,1.829,1.869,1.874,1.792,6040614.000
2026-06-10,1.823,1.843,1.864,1.820,4417864.000
2026-06-11,1.825,1.88,1.898,1.825,6814212.000
2026-06-12,1.932,1.976,2.020,1.913,8888713.000
2026-06-15,2.039,2.063,2.100,2.009,12935426.000
2026-06-16,2.040,2.049,2.080,2.033,7949287.000
2026-06-17,2.041,2.045,2.069,2.018,6735269.000
2026-06-18,2.016,2.05,2.099,2.005,8883197.000
2026-06-22,2.034,2.155,2.162,2.027,9318782.000
2026-06-23,2.149,1.976,2.149,1.960,10896987.000
2026-06-24,1.944,1.98,1.981,1.913,8376877.000
2026-06-25,1.935,1.922,1.954,1.908,6769038.000
2026-06-26,1.921,1.839,1.932,1.831,9153821.000
2026-06-29,1.837,1.864,1.876,1.826,6191198.000
2026-06-30,1.831,1.854,1.856,1.804,4345969.000
2026-07-01,1.841,1.848,1.879,1.830,4761967.000
2026-07-02,1.863,1.88,1.913,1.827,6643508.000
2026-07-03,1.916,1.892,1.932,1.885,7572541.000
2026-07-06,1.895,1.865,1.953,1.861,6547730.000
2026-07-07,1.837,1.803,1.855,1.799,5028288.000
2026-07-08,1.790,1.75,1.799,1.750,4488156.000
2026-07-09,1.730,1.745,1.763,1.665,7022946.000
2026-07-10,1.750,1.756,1.803,1.729,5023442.000
2026-07-13,1.734,1.679,1.734,1.673,4089751.000
2026-07-14,1.667,1.774,1.774,1.658,6742199.000
2026-07-15,1.781,1.739,1.781,1.734,4415006.000
2026-07-16,1.720,1.725,1.756,1.710,3952437.000
2026-07-17,1.702,1.636,1.706,1.626,5674546.000
2026-07-20,1.650,1.625,1.675,1.605,4654522.000
2026-07-21,1.649,1.71,1.711,1.622,5758052.000
2026-07-22,1.723,1.768,1.794,1.720,7097369.000
2026-07-23,1.775,1.822,1.851,1.759,10244408.000
2026-07-24,1.759,1.735,1.787,1.727,6658234.000
2026-07-27,1.761,1.776,1.777,1.733,4623788.000
2026-07-28,1.743,1.736,1.757,1.720,5320490.000
2026-07-29,1.736,1.768,1.784,1.712,4038007.000
2026-07-30,1.780,1.747,1.801,1.734,5093550.000
2026-07-31,1.778,1.792,1.820,1.777,4702451.000
2026-08-03,1.790,1.778,1.793,1.753,3630532.000
