date,open,close,high,low,vol
2016-08-08,0.987,1.017,1.020,0.977,2300057.000
2016-08-09,1.012,1.016,1.017,1.010,474880.000
2016-08-10,1.015,1.013,1.023,1.011,361996.000
2016-08-11,1.013,0.996,1.013,0.995,220937.000
2016-08-12,0.998,1.001,1.003,0.992,125584.000
2016-08-15,1.003,1.022,1.028,1.000,659481.000
2016-08-16,1.025,1.029,1.035,1.025,279838.000
2016-08-17,1.033,1.039,1.049,1.024,517126.000
2016-08-18,1.040,1.033,1.040,1.027,207218.000
2016-08-19,1.034,1.031,1.035,1.024,208889.000
2016-08-22,1.031,1.005,1.032,1.002,319649.000
2016-08-23,1.006,1.01,1.016,1.004,136778.000
2016-08-24,1.010,1.018,1.025,1.010,281687.000
2016-08-25,1.010,1.01,1.015,0.998,149523.000
2016-08-26,1.010,1.012,1.021,1.010,161435.000
2016-08-29,1.021,1.018,1.030,1.015,249004.000
2016-08-30,1.018,1.027,1.034,1.015,301808.000
2016-08-31,1.026,1.023,1.026,1.014,154971.000
2016-09-01,1.022,1.013,1.025,1.012,246948.000
2016-09-02,1.012,1.001,1.012,0.996,318647.000
2016-09-05,1.003,1.003,1.008,0.999,199581.000
2016-09-06,1.003,1.012,1.014,0.994,221026.000
2016-09-07,1.012,1.019,1.026,1.012,452522.000
2016-09-08,1.015,1.02,1.022,1.015,145515.000
2016-09-09,1.020,1.018,1.026,1.016,126196.000
2016-09-12,1.014,0.992,1.014,0.987,488138.000
2016-09-13,0.992,0.994,0.996,0.986,116945.000
2016-09-14,0.991,0.987,0.991,0.984,139525.000
2016-09-19,0.989,0.992,0.994,0.988,120284.000
2016-09-20,0.992,0.986,0.992,0.984,110902.000
2016-09-21,0.986,0.989,0.991,0.985,169811.000
2016-09-22,0.991,0.99,0.993,0.989,117505.000
2016-09-23,0.991,0.987,0.991,0.986,114604.000
2016-09-26,0.987,0.962,0.987,0.961,160599.000
2016-09-27,0.960,0.963,0.964,0.953,177666.000
2016-09-28,0.961,0.965,0.968,0.960,90511.000
2016-09-29,0.966,0.966,0.971,0.965,71801.000
2016-09-30,0.965,0.971,0.973,0.965,61285.000
2016-10-10,0.976,0.996,0.996,0.975,189590.000
2016-10-11,1.001,1.007,1.010,0.999,180640.000
2016-10-12,1.007,1.006,1.007,1.001,80434.000
2016-10-13,0.999,1.006,1.010,0.999,124524.000
2016-10-14,1.009,1.006,1.009,0.995,130080.000
2016-10-17,1.008,0.992,1.011,0.989,187446.000
2016-10-18,0.992,1.005,1.005,0.989,123608.000
2016-10-19,1.005,1.008,1.013,1.002,283232.000
2016-10-20,1.008,1.007,1.015,1.006,291072.000
2016-10-21,1.007,1.006,1.010,0.999,102436.000
2016-10-24,1.007,1.014,1.015,1.003,180476.000
2016-10-25,1.014,1.012,1.016,1.010,162601.000
2016-10-26,1.012,1.005,1.012,1.003,113652.000
2016-10-27,1.005,1.005,1.009,1.003,265792.000
2016-10-28,1.005,0.998,1.011,0.998,235291.000
2016-10-31,1.000,0.995,1.000,0.991,157664.000
2016-11-01,0.996,0.998,1.001,0.994,196307.000
2016-11-02,0.998,0.994,1.003,0.991,166815.000
2016-11-03,0.993,0.996,1.004,0.988,257538.000
2016-11-04,0.998,0.989,1.000,0.987,193022.000
2016-11-07,0.988,0.985,0.991,0.984,119007.000
2016-11-08,0.989,0.991,0.995,0.986,158471.000
2016-11-09,0.990,0.982,0.993,0.972,157538.000
2016-11-10,0.982,0.994,0.995,0.982,139867.000
2016-11-11,0.992,0.998,0.998,0.988,171716.000
2016-11-14,0.998,1.005,1.006,0.996,157111.000
2016-11-15,1.004,1.005,1.007,1.000,154116.000
2016-11-16,1.004,1.003,1.008,1.003,153930.000
2016-11-17,1.003,1.007,1.009,1.000,176999.000
2016-11-18,1.003,1.003,1.011,1.003,156800.000
2016-11-21,1.003,1.004,1.009,1.002,159412.000
2016-11-22,1.005,1.008,1.008,1.002,178003.000
2016-11-23,1.007,1.011,1.019,1.007,224753.000
2016-11-24,1.008,1.0,1.010,1.000,180344.000
2016-11-25,0.998,1.007,1.008,0.992,162731.000
2016-11-28,1.007,1.008,1.013,1.007,150032.000
2016-11-29,1.007,1.014,1.019,1.006,183589.000
2016-11-30,1.013,1.005,1.013,1.002,163472.000
2016-12-01,1.006,1.017,1.022,1.006,151258.000
2016-12-02,1.018,1.003,1.022,1.002,149070.000
2016-12-05,1.003,1.004,1.023,0.993,155262.000
2016-12-06,1.004,1.007,1.011,1.002,115061.000
2016-12-07,1.007,1.02,1.022,1.005,160673.000
2016-12-08,1.020,1.005,1.020,1.004,150508.000
2016-12-09,1.004,1.001,1.006,0.997,163300.000
2016-12-12,1.002,0.96,1.005,0.955,217305.000
2016-12-13,0.961,0.972,0.977,0.956,135224.000
2016-12-14,0.973,0.978,0.988,0.962,128756.000
2016-12-15,0.971,0.987,0.999,0.971,176418.000
2016-12-16,0.987,0.984,0.989,0.981,103589.000
2016-12-19,0.984,0.981,0.989,0.977,102932.000
2016-12-20,0.982,0.975,0.982,0.970,137841.000
2016-12-21,0.976,0.992,0.996,0.976,153917.000
2016-12-22,0.992,0.992,0.995,0.988,132069.000
2016-12-23,0.993,0.99,1.000,0.990,125911.000
2016-12-26,0.990,0.992,0.992,0.975,123984.000
2016-12-27,0.991,0.988,0.993,0.988,101208.000
2016-12-28,0.988,0.985,0.991,0.983,166275.000
2016-12-29,0.983,0.984,0.988,0.979,130225.000
2016-12-30,0.984,0.978,0.984,0.976,118066.000
2017-01-03,0.980,1.004,1.004,0.979,209973.000
2017-01-04,1.000,1.013,1.014,0.999,105076.000
2017-01-05,1.015,1.024,1.028,1.008,301207.000
2017-01-06,1.023,1.017,1.030,1.017,150574.000
2017-01-09,1.017,1.048,1.055,1.014,260966.000
2017-01-10,1.050,1.035,1.052,1.033,212331.000
2017-01-11,1.040,1.036,1.046,1.033,126547.000
2017-01-12,1.036,1.021,1.036,1.020,120742.000
2017-01-13,1.019,1.01,1.029,1.005,147571.000
2017-01-16,1.010,0.981,1.010,0.951,318538.000
2017-01-17,0.977,0.996,0.997,0.967,198123.000
2017-01-18,0.994,0.992,1.000,0.990,87548.000
2017-01-19,0.986,0.981,0.989,0.980,87945.000
2017-01-20,0.980,0.995,0.997,0.980,117026.000
2017-01-23,1.000,1.013,1.021,1.000,141728.000
2017-01-24,1.014,1.008,1.014,1.002,106639.000
2017-01-25,1.010,1.008,1.010,1.002,113782.000
2017-01-26,1.008,1.019,1.019,1.008,113834.000
2017-02-03,1.020,1.023,1.030,1.014,88361.000
2017-02-06,1.023,1.033,1.033,1.017,141572.000
2017-02-07,1.033,1.023,1.033,1.017,110969.000
2017-02-08,1.021,1.043,1.043,1.018,147164.000
2017-02-09,1.041,1.043,1.044,1.036,104809.000
2017-02-10,1.042,1.036,1.044,1.034,115656.000
2017-02-13,1.036,1.037,1.041,1.028,105195.000
2017-02-14,1.038,1.034,1.045,1.030,102852.000
2017-02-15,1.032,1.02,1.032,1.016,137441.000
2017-02-16,1.020,1.025,1.029,1.019,129443.000
2017-02-17,1.024,1.031,1.035,1.020,150931.000
2017-02-20,1.035,1.038,1.038,1.029,117566.000
2017-02-21,1.035,1.041,1.041,1.031,127388.000
2017-02-22,1.041,1.037,1.042,1.034,85856.000
2017-02-23,1.034,1.031,1.038,1.026,84876.000
2017-02-24,1.030,1.041,1.043,1.028,113151.000
2017-02-27,1.043,1.032,1.043,1.030,103694.000
2017-02-28,1.032,1.035,1.037,1.031,115909.000
2017-03-01,1.035,1.044,1.050,1.034,96803.000
2017-03-02,1.043,1.037,1.046,1.036,121458.000
2017-03-03,1.036,1.043,1.048,1.033,96870.000
2017-03-06,1.045,1.057,1.058,1.044,145647.000
2017-03-07,1.059,1.054,1.059,1.048,111304.000
2017-03-08,1.055,1.057,1.069,1.053,149519.000
2017-03-09,1.059,1.046,1.059,1.043,98058.000
2017-03-10,1.045,1.04,1.049,1.037,90857.000
2017-03-13,1.039,1.049,1.050,1.039,90066.000
2017-03-14,1.049,1.048,1.054,1.047,108593.000
2017-03-15,1.048,1.041,1.048,1.039,98722.000
2017-03-16,1.040,1.05,1.050,1.040,112359.000
2017-03-17,1.051,1.042,1.055,1.041,130870.000
2017-03-20,1.042,1.041,1.045,1.034,96104.000
2017-03-21,1.040,1.04,1.041,1.037,97844.000
2017-03-22,1.037,1.029,1.038,1.029,123150.000
2017-03-23,1.030,1.036,1.038,1.023,175811.000
2017-03-24,1.035,1.041,1.041,1.031,114047.000
2017-03-27,1.040,1.047,1.049,1.039,101856.000
2017-03-28,1.049,1.043,1.050,1.042,82947.000
2017-03-29,1.042,1.043,1.049,1.038,86546.000
2017-03-30,1.042,1.024,1.044,1.021,107215.000
2017-03-31,1.022,1.044,1.050,1.022,111275.000
2017-04-05,1.041,1.058,1.059,1.037,106377.000
2017-04-06,1.055,1.057,1.060,1.052,85277.000
2017-04-07,1.059,1.07,1.078,1.059,108082.000
2017-04-10,1.094,1.072,1.096,1.064,299378.000
2017-04-11,1.076,1.118,1.127,1.069,457943.000
2017-04-12,1.130,1.104,1.150,1.100,1054292.000
2017-04-13,1.086,1.095,1.103,1.086,206854.000
2017-04-14,1.097,1.084,1.109,1.081,332227.000
2017-04-17,1.083,1.053,1.083,1.050,222912.000
2017-04-18,1.054,1.044,1.064,1.043,185509.000
2017-04-19,1.046,1.028,1.046,1.016,226672.000
2017-04-20,1.028,1.025,1.035,1.012,165966.000
2017-04-21,1.026,1.015,1.028,1.013,205781.000
2017-04-24,1.017,0.988,1.017,0.987,295496.000
2017-04-25,0.990,0.997,0.999,0.975,239881.000
2017-04-26,0.997,0.987,0.999,0.985,235589.000
2017-04-27,0.987,0.979,0.987,0.955,415820.000
2017-04-28,0.976,0.987,0.988,0.976,173892.000
2017-05-02,0.989,0.979,0.989,0.976,88646.000
2017-05-03,0.979,0.981,0.986,0.973,111123.000
2017-05-04,0.979,0.965,0.979,0.963,114157.000
2017-05-05,0.965,0.939,0.969,0.936,241166.000
2017-05-08,0.943,0.903,0.944,0.902,216599.000
2017-05-09,0.903,0.911,0.914,0.896,182330.000
2017-05-10,0.912,0.882,0.913,0.881,200074.000
2017-05-11,0.880,0.876,0.881,0.850,243745.000
2017-05-12,0.874,0.871,0.878,0.866,138462.000
2017-05-15,0.873,0.877,0.886,0.873,135778.000
2017-05-16,0.878,0.889,0.890,0.859,214642.000
2017-05-17,0.889,0.897,0.903,0.886,192426.000
2017-05-18,0.890,0.885,0.896,0.882,127214.000
2017-05-19,0.887,0.88,0.889,0.877,137794.000
2017-05-22,0.883,0.868,0.886,0.866,150158.000
2017-05-23,0.869,0.832,0.869,0.831,274582.000
2017-05-24,0.830,0.839,0.839,0.811,220516.000
2017-05-25,0.838,0.844,0.848,0.828,233212.000
2017-05-26,0.843,0.845,0.850,0.840,98426.000
2017-05-31,0.855,0.845,0.857,0.844,197376.000
2017-06-01,0.841,0.824,0.845,0.823,134708.000
2017-06-02,0.822,0.835,0.836,0.815,193481.000
2017-06-05,0.837,0.843,0.845,0.836,275589.000
2017-06-06,0.847,0.853,0.854,0.842,339448.000
2017-06-07,0.854,0.863,0.865,0.850,240198.000
2017-06-08,0.864,0.861,0.867,0.859,209192.000
2017-06-09,0.859,0.863,0.864,0.854,268956.000
2017-06-12,0.861,0.849,0.861,0.847,168938.000
2017-06-13,0.848,0.854,0.856,0.847,119131.000
2017-06-14,0.855,0.861,0.866,0.854,181478.000
2017-06-15,0.861,0.87,0.874,0.860,238501.000
2017-06-16,0.870,0.874,0.878,0.865,170437.000
2017-06-19,0.873,0.892,0.895,0.873,309649.000
2017-06-20,0.891,0.891,0.896,0.890,144949.000
2017-06-21,0.894,0.892,0.902,0.886,186896.000
2017-06-22,0.892,0.875,0.892,0.874,188559.000
2017-06-23,0.875,0.878,0.880,0.861,206072.000
2017-06-26,0.879,0.886,0.886,0.873,190621.000
2017-06-27,0.888,0.891,0.895,0.883,191880.000
2017-06-28,0.890,0.88,0.890,0.879,120576.000
2017-06-29,0.881,0.885,0.887,0.880,142864.000
2017-06-30,0.883,0.883,0.884,0.878,123875.000
2017-07-03,0.883,0.887,0.888,0.878,112163.000
2017-07-04,0.886,0.891,0.892,0.884,150311.000
2017-07-05,0.891,0.897,0.897,0.887,137063.000
2017-07-06,0.896,0.896,0.899,0.885,141343.000
2017-07-07,0.894,0.904,0.907,0.890,154808.000
2017-07-10,0.909,0.904,0.920,0.900,247397.000
2017-07-11,0.900,0.896,0.905,0.893,191926.000
2017-07-12,0.890,0.885,0.896,0.875,332734.000
2017-07-13,0.884,0.892,0.893,0.882,195261.000
2017-07-14,0.889,0.888,0.895,0.883,174657.000
2017-07-17,0.883,0.836,0.887,0.834,596284.000
2017-07-18,0.832,0.84,0.842,0.822,395553.000
2017-07-19,0.841,0.847,0.847,0.833,328356.000
2017-07-20,0.845,0.85,0.855,0.843,239304.000
2017-07-21,0.848,0.858,0.860,0.848,350525.000
2017-07-24,0.858,0.872,0.874,0.851,235465.000
2017-07-25,0.874,0.867,0.877,0.861,301272.000
2017-07-26,0.868,0.87,0.870,0.860,197511.000
2017-07-27,0.869,0.88,0.881,0.862,230534.000
2017-07-28,0.879,0.871,0.879,0.870,174649.000
2017-07-31,0.876,0.864,0.876,0.861,163063.000
2017-08-01,0.865,0.86,0.870,0.857,210522.000
2017-08-02,0.866,0.843,0.866,0.841,241888.000
2017-08-03,0.844,0.847,0.854,0.842,149099.000
2017-08-04,0.849,0.89,0.899,0.849,1070134.000
2017-08-07,0.890,0.885,0.890,0.879,498553.000
2017-08-08,0.882,0.888,0.894,0.871,500338.000
2017-08-09,0.883,0.881,0.886,0.879,203402.000
2017-08-10,0.883,0.884,0.897,0.879,472897.000
2017-08-11,0.889,0.883,0.900,0.876,778122.000
2017-08-14,0.879,0.891,0.893,0.873,551369.000
2017-08-15,0.891,0.893,0.898,0.887,458948.000
2017-08-16,0.893,0.904,0.906,0.890,387497.000
2017-08-17,0.906,0.915,0.924,0.903,609942.000
2017-08-18,0.912,0.906,0.915,0.903,266596.000
2017-08-21,0.906,0.906,0.912,0.901,210476.000
2017-08-22,0.907,0.893,0.908,0.892,194823.000
2017-08-23,0.893,0.896,0.901,0.890,181838.000
2017-08-24,0.894,0.89,0.898,0.886,363998.000
2017-08-25,0.891,0.898,0.898,0.887,284758.000
2017-08-28,0.897,0.906,0.908,0.894,381863.000
2017-08-29,0.900,0.891,0.902,0.890,461303.000
2017-08-30,0.890,0.895,0.895,0.890,170209.000
2017-08-31,0.893,0.895,0.898,0.891,300616.000
2017-09-01,0.898,0.899,0.899,0.893,145516.000
2017-09-04,0.905,0.912,0.912,0.905,424308.000
2017-09-05,0.912,0.909,0.913,0.906,166399.000
2017-09-06,0.905,0.918,0.920,0.905,396332.000
2017-09-07,0.919,0.909,0.921,0.909,441991.000
2017-09-08,0.912,0.908,0.914,0.900,269381.000
2017-09-11,0.907,0.912,0.913,0.903,241210.000
2017-09-12,0.910,0.909,0.913,0.907,203110.000
2017-09-13,0.907,0.911,0.914,0.907,213846.000
2017-09-14,0.910,0.906,0.911,0.903,180740.000
2017-09-15,0.907,0.916,0.918,0.907,406860.000
2017-09-18,0.916,0.919,0.920,0.913,83282.000
2017-09-19,0.920,0.913,0.920,0.911,142308.000
2017-09-20,0.913,0.925,0.925,0.913,292504.000
2017-09-21,0.925,0.917,0.926,0.916,151513.000
2017-09-22,0.915,0.914,0.918,0.906,192846.000
2017-09-25,0.914,0.912,0.925,0.909,193160.000
2017-09-26,0.911,0.914,0.915,0.904,193195.000
2017-09-27,0.915,0.921,0.924,0.915,373775.000
2017-09-28,0.923,0.925,0.932,0.920,230646.000
2017-09-29,0.927,0.933,0.933,0.927,114381.000
2017-10-09,0.936,0.933,0.943,0.932,118529.000
2017-10-10,0.934,0.937,0.938,0.929,103537.000
2017-10-11,0.935,0.931,0.936,0.930,101886.000
2017-10-12,0.931,0.945,0.950,0.928,297382.000
2017-10-13,0.942,0.941,0.942,0.937,123570.000
2017-10-16,0.940,0.939,0.955,0.938,202937.000
2017-10-17,0.935,0.931,0.939,0.929,193837.000
2017-10-18,0.933,0.928,0.939,0.927,134277.000
2017-10-19,0.926,0.91,0.926,0.909,192767.000
2017-10-20,0.908,0.917,0.917,0.906,117925.000
2017-10-23,0.917,0.917,0.919,0.915,128774.000
2017-10-24,0.917,0.908,0.918,0.902,126689.000
2017-10-25,0.908,0.91,0.911,0.906,129138.000
2017-10-26,0.910,0.917,0.918,0.907,165018.000
2017-10-27,0.917,0.909,0.917,0.906,176541.000
2017-10-30,0.908,0.886,0.908,0.881,244854.000
2017-10-31,0.886,0.888,0.889,0.880,196017.000
2017-11-01,0.887,0.89,0.894,0.885,160170.000
2017-11-02,0.888,0.882,0.889,0.880,128851.000
2017-11-03,0.883,0.878,0.885,0.875,105619.000
2017-11-06,0.880,0.888,0.889,0.880,305772.000
2017-11-07,0.888,0.904,0.904,0.886,235794.000
2017-11-08,0.901,0.903,0.909,0.900,135609.000
2017-11-09,0.902,0.907,0.908,0.899,68532.000
2017-11-10,0.908,0.905,0.909,0.903,115835.000
2017-11-13,0.905,0.901,0.905,0.899,113805.000
2017-11-14,0.900,0.908,0.914,0.900,197665.000
2017-11-15,0.907,0.896,0.908,0.895,94126.000
2017-11-16,0.896,0.892,0.898,0.891,117518.000
2017-11-17,0.891,0.858,0.893,0.856,236162.000
2017-11-20,0.860,0.862,0.864,0.839,140496.000
2017-11-21,0.862,0.864,0.869,0.856,156384.000
2017-11-22,0.865,0.886,0.892,0.862,528642.000
2017-11-23,0.883,0.867,0.889,0.866,132539.000
2017-11-24,0.860,0.863,0.872,0.860,103265.000
2017-11-27,0.863,0.854,0.868,0.852,159216.000
2017-11-28,0.854,0.863,0.864,0.851,126615.000
2017-11-29,0.865,0.859,0.865,0.852,116973.000
2017-11-30,0.859,0.857,0.868,0.856,195489.000
2017-12-01,0.858,0.865,0.865,0.852,99674.000
2017-12-04,0.864,0.855,0.866,0.854,138166.000
2017-12-05,0.857,0.841,0.865,0.836,245252.000
2017-12-06,0.841,0.852,0.853,0.834,240464.000
2017-12-07,0.848,0.865,0.873,0.848,409536.000
2017-12-08,0.861,0.866,0.872,0.860,122089.000
2017-12-11,0.866,0.875,0.875,0.865,123606.000
2017-12-12,0.878,0.865,0.878,0.864,109335.000
2017-12-13,0.865,0.871,0.873,0.863,116461.000
2017-12-14,0.871,0.876,0.877,0.868,124413.000
2017-12-15,0.875,0.875,0.878,0.868,96806.000
2017-12-18,0.873,0.867,0.875,0.863,85078.000
2017-12-19,0.868,0.869,0.871,0.866,122411.000
2017-12-20,0.870,0.859,0.871,0.858,130956.000
2017-12-21,0.860,0.863,0.866,0.850,111139.000
2017-12-22,0.860,0.855,0.862,0.852,88318.000
2017-12-25,0.855,0.834,0.856,0.832,232878.000
2017-12-26,0.836,0.84,0.841,0.831,133400.000
2017-12-27,0.840,0.835,0.841,0.833,104267.000
2017-12-28,0.834,0.837,0.841,0.832,89534.000
2017-12-29,0.839,0.842,0.843,0.837,93257.000
2018-01-02,0.844,0.849,0.849,0.842,90641.000
2018-01-03,0.849,0.857,0.857,0.846,142240.000
2018-01-04,0.856,0.856,0.860,0.854,180871.000
2018-01-05,0.857,0.851,0.857,0.849,169967.000
2018-01-08,0.850,0.85,0.852,0.845,136407.000
2018-01-09,0.847,0.85,0.853,0.847,112062.000
2018-01-10,0.850,0.84,0.851,0.837,135799.000
2018-01-11,0.840,0.846,0.847,0.837,94100.000
2018-01-12,0.846,0.836,0.846,0.835,148540.000
2018-01-15,0.836,0.803,0.837,0.802,495588.000
2018-01-16,0.802,0.799,0.808,0.796,169161.000
2018-01-17,0.801,0.804,0.805,0.788,225607.000
2018-01-18,0.804,0.803,0.805,0.800,123687.000
2018-01-19,0.805,0.812,0.822,0.805,333571.000
2018-01-22,0.818,0.816,0.819,0.803,320101.000
2018-01-23,0.816,0.816,0.818,0.812,204715.000
2018-01-24,0.815,0.826,0.830,0.812,258224.000
2018-01-25,0.826,0.836,0.848,0.825,600050.000
2018-01-26,0.834,0.83,0.835,0.829,310597.000
2018-01-29,0.832,0.816,0.834,0.815,322709.000
2018-01-30,0.816,0.818,0.821,0.815,152243.000
2018-01-31,0.816,0.796,0.816,0.795,280954.000
2018-02-01,0.798,0.768,0.801,0.767,398578.000
2018-02-02,0.769,0.769,0.772,0.751,251138.000
2018-02-05,0.759,0.764,0.767,0.758,127165.000
2018-02-06,0.751,0.718,0.758,0.716,354914.000
2018-02-07,0.731,0.716,0.734,0.701,229725.000
2018-02-08,0.718,0.731,0.736,0.716,202084.000
2018-02-09,0.715,0.705,0.724,0.693,251456.000
2018-02-12,0.709,0.719,0.722,0.709,134331.000
2018-02-13,0.726,0.725,0.738,0.720,202899.000
2018-02-14,0.726,0.724,0.726,0.720,103785.000
2018-02-22,0.728,0.735,0.737,0.727,93151.000
2018-02-23,0.735,0.74,0.745,0.731,133441.000
2018-02-26,0.740,0.76,0.762,0.740,273441.000
2018-02-27,0.762,0.78,0.788,0.759,353593.000
2018-02-28,0.768,0.782,0.794,0.767,470939.000
2018-03-01,0.778,0.792,0.793,0.770,328682.000
2018-03-02,0.792,0.788,0.797,0.784,168327.000
2018-03-05,0.797,0.802,0.803,0.792,164607.000
2018-03-06,0.801,0.809,0.812,0.798,136789.000
2018-03-07,0.808,0.797,0.809,0.796,185643.000
2018-03-08,0.795,0.797,0.800,0.792,110904.000
2018-03-09,0.799,0.814,0.818,0.796,199519.000
2018-03-12,0.819,0.826,0.827,0.814,349110.000
2018-03-13,0.826,0.818,0.828,0.816,145437.000
2018-03-14,0.816,0.8,0.816,0.799,144563.000
2018-03-15,0.798,0.803,0.809,0.793,178941.000
2018-03-16,0.804,0.796,0.805,0.795,93718.000
2018-03-19,0.796,0.802,0.813,0.793,147804.000
2018-03-20,0.800,0.808,0.808,0.794,147377.000
2018-03-21,0.808,0.813,0.828,0.808,264220.000
2018-03-22,0.813,0.8,0.813,0.799,352560.000
2018-03-23,0.788,0.772,0.789,0.750,370381.000
2018-03-26,0.762,0.812,0.812,0.762,364942.000
2018-03-27,0.812,0.833,0.834,0.807,407311.000
2018-03-28,0.822,0.828,0.837,0.820,346764.000
2018-03-29,0.827,0.822,0.831,0.814,176255.000
2018-03-30,0.823,0.851,0.851,0.822,706082.000
2018-04-02,0.849,0.868,0.876,0.845,489441.000
2018-04-03,0.859,0.858,0.865,0.845,319108.000
2018-04-04,0.862,0.856,0.879,0.852,561270.000
2018-04-09,0.854,0.88,0.882,0.848,405113.000
2018-04-10,0.879,0.856,0.881,0.848,567183.000
2018-04-11,0.862,0.859,0.864,0.849,343450.000
2018-04-12,0.855,0.85,0.867,0.849,426272.000
2018-04-13,0.859,0.855,0.868,0.852,389046.000
2018-04-16,0.858,0.862,0.863,0.850,184580.000
2018-04-17,0.861,0.844,0.876,0.843,336611.000
2018-04-18,0.848,0.87,0.875,0.841,357954.000
2018-04-19,0.875,0.892,0.908,0.865,788373.000
2018-04-20,0.891,0.885,0.905,0.881,425254.000
2018-04-23,0.881,0.848,0.888,0.835,439989.000
2018-04-24,0.848,0.869,0.869,0.839,310085.000
2018-04-25,0.861,0.87,0.877,0.859,214675.000
2018-04-26,0.870,0.854,0.877,0.853,230732.000
2018-04-27,0.854,0.843,0.862,0.830,289412.000
2018-05-02,0.843,0.831,0.845,0.826,338983.000
2018-05-03,0.831,0.836,0.836,0.810,237292.000
2018-05-04,0.832,0.837,0.843,0.827,442233.000
2018-05-07,0.835,0.847,0.848,0.835,185584.000
2018-05-08,0.854,0.851,0.864,0.847,407993.000
2018-05-09,0.851,0.845,0.853,0.842,296068.000
2018-05-10,0.847,0.835,0.847,0.829,166331.000
2018-05-11,0.835,0.828,0.839,0.823,167193.000
2018-05-14,0.830,0.812,0.833,0.809,444847.000
2018-05-15,0.812,0.822,0.823,0.811,284527.000
2018-05-16,0.823,0.823,0.831,0.819,296049.000
2018-05-17,0.822,0.815,0.825,0.811,188957.000
2018-05-18,0.814,0.817,0.819,0.807,172820.000
2018-05-21,0.818,0.828,0.830,0.818,256554.000
2018-05-22,0.828,0.826,0.828,0.818,224941.000
2018-05-23,0.826,0.822,0.833,0.822,281491.000
2018-05-24,0.822,0.816,0.827,0.813,196903.000
2018-05-25,0.818,0.81,0.820,0.806,344881.000
2018-05-28,0.810,0.79,0.810,0.788,277637.000
2018-05-29,0.790,0.781,0.794,0.780,226274.000
2018-05-30,0.775,0.761,0.784,0.760,235616.000
2018-05-31,0.765,0.761,0.770,0.755,228610.000
2018-06-01,0.761,0.751,0.768,0.748,295074.000
2018-06-04,0.755,0.748,0.755,0.744,238934.000
2018-06-05,0.748,0.763,0.764,0.748,469415.000
2018-06-06,0.763,0.76,0.768,0.758,547236.000
2018-06-07,0.762,0.751,0.763,0.751,353406.000
2018-06-08,0.750,0.74,0.752,0.734,301429.000
2018-06-11,0.737,0.731,0.738,0.728,308131.000
2018-06-12,0.731,0.736,0.736,0.723,214130.000
2018-06-13,0.730,0.718,0.733,0.718,266709.000
2018-06-14,0.717,0.711,0.722,0.709,298313.000
2018-06-15,0.712,0.693,0.714,0.690,486173.000
2018-06-19,0.685,0.652,0.692,0.640,489435.000
2018-06-20,0.653,0.671,0.677,0.652,377283.000
2018-06-21,0.670,0.651,0.677,0.650,392146.000
2018-06-22,0.648,0.664,0.667,0.642,565846.000
2018-06-25,0.670,0.659,0.673,0.658,190616.000
2018-06-26,0.650,0.679,0.679,0.648,300212.000
2018-06-27,0.678,0.677,0.685,0.673,398830.000
2018-06-28,0.679,0.671,0.685,0.668,225742.000
2018-06-29,0.672,0.695,0.695,0.668,462819.000
2018-07-02,0.694,0.69,0.700,0.682,458978.000
2018-07-03,0.690,0.719,0.720,0.688,824049.000
2018-07-04,0.713,0.708,0.718,0.703,375196.000
2018-07-05,0.709,0.692,0.709,0.690,322750.000
2018-07-06,0.694,0.699,0.715,0.688,556282.000
2018-07-09,0.701,0.715,0.716,0.701,435118.000
2018-07-10,0.715,0.72,0.720,0.710,429084.000
2018-07-11,0.709,0.699,0.710,0.688,725956.000
2018-07-12,0.700,0.717,0.719,0.694,494095.000
2018-07-13,0.718,0.712,0.720,0.709,284878.000
2018-07-16,0.711,0.723,0.728,0.709,416730.000
2018-07-17,0.723,0.722,0.723,0.710,776405.000
2018-07-18,0.722,0.711,0.725,0.711,483649.000
2018-07-19,0.709,0.695,0.713,0.694,355605.000
2018-07-20,0.697,0.712,0.714,0.694,463175.000
2018-07-23,0.713,0.74,0.742,0.712,688557.000
2018-07-24,0.743,0.743,0.749,0.738,610415.000
2018-07-25,0.743,0.744,0.754,0.741,402503.000
2018-07-26,0.747,0.735,0.747,0.731,289704.000
2018-07-27,0.735,0.732,0.735,0.726,239662.000
2018-07-30,0.734,0.725,0.735,0.720,501990.000
2018-07-31,0.721,0.722,0.728,0.717,355030.000
2018-08-01,0.722,0.7,0.730,0.700,486912.000
2018-08-02,0.698,0.673,0.698,0.659,685906.000
2018-08-03,0.670,0.665,0.677,0.664,263137.000
2018-08-06,0.664,0.648,0.668,0.645,256894.000
2018-08-07,0.650,0.666,0.667,0.641,359367.000
2018-08-08,0.663,0.653,0.664,0.651,271898.000
2018-08-09,0.650,0.676,0.679,0.649,367072.000
2018-08-10,0.676,0.682,0.684,0.674,230476.000
2018-08-13,0.675,0.695,0.697,0.671,245063.000
2018-08-14,0.692,0.687,0.695,0.684,219670.000
2018-08-15,0.688,0.677,0.695,0.675,340790.000
2018-08-16,0.673,0.67,0.680,0.662,251566.000
2018-08-17,0.678,0.661,0.680,0.657,149853.000
2018-08-20,0.663,0.671,0.671,0.654,220498.000
2018-08-21,0.671,0.679,0.682,0.667,206747.000
2018-08-22,0.678,0.676,0.683,0.673,258853.000
2018-08-23,0.674,0.68,0.685,0.673,240245.000
2018-08-24,0.679,0.672,0.680,0.670,229180.000
2018-08-27,0.674,0.695,0.695,0.673,331127.000
2018-08-28,0.696,0.7,0.705,0.695,314138.000
2018-08-29,0.700,0.701,0.704,0.695,226967.000
2018-08-30,0.700,0.689,0.703,0.686,197641.000
2018-08-31,0.685,0.685,0.691,0.681,179539.000
2018-09-03,0.685,0.701,0.701,0.680,316102.000
2018-09-04,0.700,0.723,0.727,0.698,584635.000
2018-09-05,0.722,0.717,0.731,0.715,717989.000
2018-09-06,0.717,0.726,0.733,0.711,432056.000
2018-09-07,0.726,0.717,0.734,0.708,383436.000
2018-09-10,0.717,0.703,0.722,0.700,326281.000
2018-09-11,0.704,0.715,0.719,0.702,262676.000
2018-09-12,0.715,0.723,0.731,0.713,456644.000
2018-09-13,0.727,0.736,0.741,0.717,538119.000
2018-09-14,0.736,0.712,0.738,0.710,493375.000
2018-09-17,0.709,0.706,0.719,0.701,259327.000
2018-09-18,0.702,0.718,0.718,0.699,355565.000
2018-09-19,0.716,0.728,0.731,0.709,380191.000
2018-09-20,0.724,0.717,0.727,0.713,216291.000
2018-09-21,0.717,0.721,0.722,0.708,558285.000
2018-09-25,0.714,0.725,0.731,0.713,552157.000
2018-09-26,0.725,0.725,0.728,0.718,479287.000
2018-09-27,0.724,0.713,0.726,0.712,389409.000
2018-09-28,0.712,0.714,0.716,0.708,404928.000
2018-10-08,0.705,0.689,0.708,0.688,504815.000
2018-10-09,0.690,0.672,0.694,0.668,539529.000
2018-10-10,0.674,0.678,0.679,0.668,325087.000
2018-10-11,0.659,0.624,0.662,0.622,1688366.000
2018-10-12,0.620,0.636,0.640,0.606,755507.000
2018-10-15,0.640,0.633,0.649,0.631,457961.000
2018-10-16,0.637,0.622,0.646,0.616,413972.000
2018-10-17,0.628,0.622,0.632,0.605,457487.000
2018-10-18,0.618,0.606,0.619,0.605,422526.000
2018-10-19,0.604,0.619,0.622,0.593,605262.000
2018-10-22,0.626,0.652,0.659,0.626,618987.000
2018-10-23,0.648,0.642,0.655,0.637,406511.000
2018-10-24,0.642,0.642,0.650,0.637,316136.000
2018-10-25,0.630,0.633,0.637,0.618,596144.000
2018-10-26,0.635,0.631,0.645,0.625,403977.000
2018-10-29,0.628,0.622,0.631,0.617,270599.000
2018-10-30,0.619,0.627,0.630,0.608,433341.000
2018-10-31,0.625,0.634,0.638,0.623,462013.000
2018-11-01,0.636,0.642,0.653,0.636,515575.000
2018-11-02,0.652,0.66,0.661,0.646,532138.000
2018-11-05,0.659,0.662,0.668,0.651,509904.000
2018-11-06,0.662,0.66,0.662,0.653,251136.000
2018-11-07,0.659,0.655,0.665,0.652,718541.000
2018-11-08,0.658,0.646,0.660,0.645,230518.000
2018-11-09,0.642,0.646,0.650,0.640,197936.000
2018-11-12,0.646,0.66,0.661,0.645,318188.000
2018-11-13,0.653,0.665,0.670,0.651,669371.000
2018-11-14,0.665,0.66,0.666,0.658,254625.000
2018-11-15,0.663,0.677,0.677,0.662,562306.000
2018-11-16,0.681,0.676,0.683,0.672,330207.000
2018-11-19,0.676,0.677,0.678,0.668,258725.000
2018-11-20,0.672,0.673,0.692,0.671,846819.000
2018-11-21,0.669,0.672,0.674,0.660,369344.000
2018-11-22,0.670,0.673,0.677,0.669,221209.000
2018-11-23,0.673,0.646,0.673,0.645,417348.000
2018-11-26,0.646,0.646,0.654,0.642,253193.000
2018-11-27,0.650,0.654,0.657,0.648,193868.000
2018-11-28,0.650,0.661,0.661,0.645,236379.000
2018-11-29,0.667,0.651,0.670,0.649,408652.000
2018-11-30,0.649,0.653,0.655,0.640,320369.000
2018-12-03,0.666,0.671,0.672,0.662,387133.000
2018-12-04,0.671,0.668,0.671,0.662,282609.000
2018-12-05,0.660,0.662,0.665,0.656,254481.000
2018-12-06,0.661,0.657,0.667,0.654,317298.000
2018-12-07,0.657,0.656,0.661,0.650,199107.000
2018-12-10,0.654,0.645,0.654,0.644,166726.000
2018-12-11,0.646,0.649,0.650,0.644,110543.000
2018-12-12,0.650,0.647,0.651,0.645,175338.000
2018-12-13,0.648,0.656,0.658,0.646,276827.000
2018-12-14,0.654,0.646,0.657,0.645,211482.000
2018-12-17,0.643,0.645,0.646,0.638,127096.000
2018-12-18,0.642,0.639,0.644,0.631,297042.000
2018-12-19,0.638,0.629,0.641,0.627,183235.000
2018-12-20,0.627,0.628,0.631,0.623,221200.000
2018-12-21,0.628,0.62,0.628,0.614,252440.000
2018-12-24,0.619,0.627,0.627,0.617,329778.000
2018-12-25,0.622,0.624,0.626,0.610,377552.000
2018-12-26,0.624,0.619,0.626,0.617,120544.000
2018-12-27,0.628,0.615,0.628,0.613,279618.000
2018-12-28,0.617,0.616,0.618,0.610,378760.000
2019-01-02,0.616,0.619,0.625,0.611,495873.000
2019-01-03,0.618,0.634,0.646,0.617,648641.000
2019-01-04,0.632,0.646,0.647,0.624,1112874.000
2019-01-07,0.652,0.671,0.673,0.649,1457369.000
2019-01-08,0.667,0.661,0.667,0.657,960986.000
2019-01-09,0.661,0.657,0.665,0.655,844764.000
2019-01-10,0.657,0.653,0.659,0.651,689724.000
2019-01-11,0.656,0.665,0.666,0.654,1151887.000
2019-01-14,0.663,0.658,0.665,0.655,413595.000
2019-01-15,0.658,0.664,0.666,0.656,552175.000
2019-01-16,0.665,0.659,0.666,0.657,404984.000
2019-01-17,0.658,0.651,0.659,0.649,507462.000
2019-01-18,0.652,0.656,0.657,0.649,620509.000
2019-01-21,0.656,0.66,0.663,0.651,523909.000
2019-01-22,0.658,0.65,0.658,0.645,384231.000
2019-01-23,0.648,0.651,0.652,0.647,223816.000
2019-01-24,0.649,0.659,0.662,0.648,514412.000
2019-01-25,0.658,0.655,0.660,0.654,343595.000
2019-01-28,0.657,0.652,0.662,0.649,381941.000
2019-01-29,0.650,0.64,0.650,0.632,631918.000
2019-01-30,0.636,0.641,0.650,0.636,345409.000
2019-01-31,0.640,0.636,0.643,0.632,336379.000
2019-02-01,0.637,0.65,0.651,0.637,453967.000
2019-02-11,0.651,0.663,0.665,0.651,452154.000
2019-02-12,0.663,0.669,0.671,0.662,517765.000
2019-02-13,0.669,0.683,0.685,0.666,943101.000
2019-02-14,0.683,0.684,0.688,0.680,366737.000
2019-02-15,0.682,0.678,0.688,0.676,742864.000
2019-02-18,0.683,0.706,0.707,0.682,778814.000
2019-02-19,0.708,0.716,0.718,0.694,860018.000
2019-02-20,0.712,0.711,0.719,0.701,932099.000
2019-02-21,0.711,0.703,0.725,0.701,1037100.000
2019-02-22,0.705,0.719,0.719,0.700,1262392.000
2019-02-25,0.730,0.765,0.766,0.726,2533251.000
2019-02-26,0.764,0.75,0.766,0.748,2555265.000
2019-02-27,0.747,0.762,0.782,0.747,2644781.000
2019-02-28,0.770,0.759,0.777,0.751,1469351.000
2019-03-01,0.762,0.763,0.766,0.746,1660972.000
2019-03-04,0.770,0.774,0.785,0.762,2306767.000
2019-03-05,0.770,0.791,0.792,0.764,1549564.000
2019-03-06,0.791,0.797,0.801,0.778,1715301.000
2019-03-07,0.795,0.789,0.799,0.782,1529655.000
2019-03-08,0.776,0.767,0.800,0.765,1608393.000
2019-03-11,0.770,0.795,0.795,0.770,1233830.000
2019-03-12,0.801,0.825,0.827,0.795,2450861.000
2019-03-13,0.826,0.805,0.842,0.798,2808596.000
2019-03-14,0.800,0.783,0.803,0.770,1961989.000
2019-03-15,0.785,0.782,0.792,0.775,1482009.000
2019-03-18,0.782,0.797,0.798,0.776,1020824.000
2019-03-19,0.798,0.808,0.813,0.795,1751448.000
2019-03-20,0.806,0.796,0.808,0.784,1229194.000
2019-03-21,0.795,0.801,0.807,0.795,1041676.000
2019-03-22,0.800,0.805,0.806,0.792,1049941.000
2019-03-25,0.810,0.841,0.862,0.799,4572282.000
2019-03-26,0.848,0.8,0.848,0.797,4087887.000
2019-03-27,0.805,0.79,0.807,0.779,2945358.000
2019-03-28,0.793,0.787,0.807,0.784,1813420.000
2019-03-29,0.798,0.819,0.820,0.791,2376894.000
2019-04-01,0.823,0.86,0.860,0.823,2821434.000
2019-04-02,0.880,0.86,0.884,0.855,3326151.000
2019-04-03,0.850,0.867,0.870,0.846,2793328.000
2019-04-04,0.867,0.869,0.874,0.856,2651319.000
2019-04-08,0.883,0.852,0.888,0.844,2874784.000
2019-04-09,0.853,0.849,0.856,0.843,1076041.000
2019-04-10,0.847,0.846,0.851,0.839,1007086.000
2019-04-11,0.843,0.828,0.850,0.827,1597726.000
2019-04-12,0.829,0.826,0.830,0.817,1043602.000
2019-04-15,0.835,0.824,0.846,0.822,1052873.000
2019-04-16,0.818,0.836,0.837,0.807,1498493.000
2019-04-17,0.836,0.837,0.843,0.831,1151666.000
2019-04-18,0.837,0.845,0.852,0.834,1511820.000
2019-04-19,0.840,0.842,0.843,0.828,1113388.000
2019-04-22,0.848,0.833,0.848,0.828,1423001.000
2019-04-23,0.833,0.805,0.833,0.801,1630559.000
2019-04-24,0.806,0.811,0.812,0.795,796545.000
2019-04-25,0.809,0.777,0.809,0.776,1239026.000
2019-04-26,0.777,0.775,0.785,0.773,777690.000
2019-04-29,0.775,0.752,0.780,0.752,884030.000
2019-04-30,0.752,0.759,0.768,0.751,595508.000
2019-05-06,0.736,0.701,0.745,0.697,1721083.000
2019-05-07,0.709,0.709,0.715,0.697,963951.000
2019-05-08,0.697,0.713,0.720,0.691,1461643.000
2019-05-09,0.707,0.715,0.723,0.707,1465875.000
2019-05-10,0.722,0.747,0.747,0.708,2389176.000
2019-05-13,0.740,0.739,0.747,0.733,1092471.000
2019-05-14,0.730,0.733,0.746,0.730,1241579.000
2019-05-15,0.737,0.741,0.744,0.735,805355.000
2019-05-16,0.740,0.751,0.756,0.738,1388006.000
2019-05-17,0.752,0.728,0.753,0.724,978688.000
2019-05-20,0.727,0.742,0.742,0.723,904991.000
2019-05-21,0.743,0.751,0.752,0.731,885547.000
2019-05-22,0.750,0.747,0.752,0.740,557942.000
2019-05-23,0.747,0.738,0.755,0.735,889735.000
2019-05-24,0.735,0.719,0.736,0.717,948131.000
2019-05-27,0.723,0.745,0.745,0.717,1184837.000
2019-05-28,0.743,0.742,0.751,0.738,933034.000
2019-05-29,0.740,0.745,0.751,0.738,744362.000
2019-05-30,0.741,0.739,0.743,0.732,774883.000
2019-05-31,0.737,0.739,0.745,0.737,743672.000
2019-06-03,0.745,0.732,0.751,0.727,1010916.000
2019-06-04,0.730,0.717,0.731,0.713,1101850.000
2019-06-05,0.722,0.713,0.723,0.712,847417.000
2019-06-06,0.714,0.698,0.714,0.696,1126817.000
2019-06-10,0.699,0.704,0.707,0.698,598735.000
2019-06-11,0.705,0.726,0.726,0.699,1288591.000
2019-06-12,0.723,0.717,0.725,0.715,830081.000
2019-06-13,0.717,0.717,0.720,0.712,729371.000
2019-06-14,0.718,0.713,0.736,0.711,1331073.000
2019-06-17,0.711,0.706,0.711,0.703,1048189.000
2019-06-18,0.705,0.7,0.706,0.698,1075234.000
2019-06-19,0.715,0.713,0.718,0.711,1427530.000
2019-06-20,0.713,0.727,0.730,0.708,1699053.000
2019-06-21,0.732,0.74,0.743,0.729,1669102.000
2019-06-24,0.739,0.737,0.743,0.732,825725.000
2019-06-25,0.736,0.733,0.740,0.725,972562.000
2019-06-26,0.730,0.744,0.745,0.728,993109.000
2019-06-27,0.750,0.747,0.756,0.745,1360955.000
2019-06-28,0.745,0.738,0.746,0.733,873627.000
2019-07-01,0.751,0.756,0.757,0.748,1252137.000
2019-07-02,0.775,0.763,0.778,0.761,1534997.000
2019-07-03,0.762,0.772,0.779,0.754,2000376.000
2019-07-04,0.771,0.782,0.799,0.768,3167218.000
2019-07-05,0.780,0.778,0.781,0.771,892591.000
2019-07-08,0.775,0.75,0.776,0.744,1864139.000
2019-07-09,0.749,0.752,0.754,0.743,723750.000
2019-07-10,0.753,0.748,0.762,0.746,1182798.000
2019-07-11,0.751,0.748,0.758,0.742,778111.000
2019-07-12,0.744,0.747,0.749,0.741,721791.000
2019-07-15,0.746,0.765,0.767,0.744,1700626.000
2019-07-16,0.765,0.767,0.772,0.761,888466.000
2019-07-17,0.768,0.767,0.774,0.765,833040.000
2019-07-18,0.766,0.754,0.766,0.754,819857.000
2019-07-19,0.757,0.758,0.763,0.755,757896.000
2019-07-22,0.760,0.741,0.761,0.735,3316194.000
2019-07-23,0.741,0.753,0.754,0.740,828069.000
2019-07-24,0.755,0.764,0.768,0.755,1331801.000
2019-07-25,0.764,0.768,0.771,0.763,933026.000
2019-07-26,0.767,0.778,0.779,0.765,1095929.000
2019-07-29,0.780,0.779,0.786,0.775,1034664.000
2019-07-30,0.780,0.779,0.785,0.777,714071.000
2019-07-31,0.775,0.781,0.782,0.772,1299741.000
2019-08-01,0.781,0.772,0.782,0.770,1391756.000
2019-08-02,0.760,0.757,0.763,0.752,1928863.000
2019-08-05,0.758,0.756,0.770,0.754,1750734.000
2019-08-06,0.740,0.739,0.743,0.721,2197323.000
2019-08-07,0.742,0.726,0.743,0.725,762920.000
2019-08-08,0.731,0.741,0.745,0.730,1532136.000
2019-08-09,0.743,0.727,0.746,0.725,1279189.000
2019-08-12,0.727,0.738,0.738,0.723,1017607.000
2019-08-13,0.729,0.735,0.742,0.727,1091963.000
2019-08-14,0.743,0.744,0.745,0.736,1211288.000
2019-08-15,0.730,0.744,0.744,0.726,1271953.000
2019-08-16,0.742,0.745,0.751,0.740,1392348.000
2019-08-19,0.749,0.767,0.769,0.747,2132487.000
2019-08-20,0.769,0.77,0.776,0.764,1324980.000
2019-08-21,0.770,0.768,0.775,0.766,1090759.000
2019-08-22,0.770,0.78,0.782,0.768,1754795.000
2019-08-23,0.778,0.775,0.783,0.770,1410225.000
2019-08-26,0.764,0.773,0.773,0.758,1538882.000
2019-08-27,0.775,0.789,0.790,0.772,2028046.000
2019-08-28,0.785,0.791,0.801,0.784,3066814.000
2019-08-29,0.795,0.793,0.798,0.788,2042210.000
2019-08-30,0.796,0.809,0.814,0.794,3590050.000
2019-09-02,0.817,0.849,0.855,0.816,4501056.000
2019-09-03,0.853,0.851,0.858,0.838,5104336.000
2019-09-04,0.846,0.845,0.849,0.835,2965616.000
2019-09-05,0.847,0.849,0.858,0.843,3294536.000
2019-09-06,0.849,0.855,0.856,0.845,2561849.000
2019-09-09,0.860,0.863,0.864,0.850,2415578.000
2019-09-10,0.862,0.851,0.876,0.849,3100854.000
2019-09-11,0.853,0.843,0.853,0.840,2221697.000
2019-09-12,0.843,0.846,0.846,0.838,1601681.000
2019-09-16,0.849,0.841,0.851,0.838,1460969.000
2019-09-17,0.839,0.816,0.840,0.813,2207352.000
2019-09-18,0.816,0.811,0.819,0.809,1321719.000
2019-09-19,0.811,0.825,0.825,0.811,1859149.000
2019-09-20,0.824,0.814,0.825,0.811,1457900.000
2019-09-23,0.813,0.813,0.817,0.805,1418694.000
2019-09-24,0.812,0.811,0.819,0.806,1712376.000
2019-09-25,0.808,0.795,0.812,0.794,1549121.000
2019-09-26,0.798,0.766,0.800,0.765,2410474.000
2019-09-27,0.766,0.773,0.778,0.766,1080327.000
2019-09-30,0.773,0.766,0.779,0.765,1136281.000
2019-10-08,0.770,0.756,0.772,0.755,1160653.000
2019-10-09,0.755,0.761,0.763,0.750,981919.000
2019-10-10,0.762,0.769,0.770,0.761,953659.000
2019-10-11,0.770,0.767,0.771,0.759,1095655.000
2019-10-14,0.770,0.776,0.778,0.770,1300249.000
2019-10-15,0.774,0.763,0.775,0.760,1542123.000
2019-10-16,0.763,0.757,0.765,0.756,675281.000
2019-10-17,0.755,0.753,0.761,0.752,723300.000
2019-10-18,0.754,0.74,0.757,0.740,874446.000
2019-10-21,0.740,0.74,0.743,0.729,1008358.000
2019-10-22,0.741,0.748,0.748,0.740,662143.000
2019-10-23,0.748,0.74,0.749,0.739,502394.000
2019-10-24,0.740,0.741,0.742,0.732,840000.000
2019-10-25,0.741,0.745,0.747,0.735,974659.000
2019-10-28,0.749,0.758,0.758,0.748,1470401.000
2019-10-29,0.758,0.749,0.759,0.748,719489.000
2019-10-30,0.746,0.741,0.746,0.737,548798.000
2019-10-31,0.742,0.738,0.744,0.737,553646.000
2019-11-01,0.737,0.743,0.744,0.735,669865.000
2019-11-04,0.743,0.741,0.745,0.740,660241.000
2019-11-05,0.741,0.743,0.745,0.735,958068.000
2019-11-06,0.748,0.753,0.765,0.748,2675293.000
2019-11-07,0.750,0.748,0.752,0.745,1024693.000
2019-11-08,0.752,0.742,0.753,0.742,772428.000
2019-11-11,0.743,0.724,0.744,0.723,1229367.000
2019-11-12,0.722,0.724,0.724,0.713,791510.000
2019-11-13,0.721,0.72,0.723,0.717,395835.000
2019-11-14,0.720,0.722,0.724,0.718,504355.000
2019-11-15,0.722,0.716,0.724,0.714,592862.000
2019-11-18,0.715,0.719,0.720,0.712,561093.000
2019-11-19,0.718,0.731,0.731,0.718,989864.000
2019-11-20,0.729,0.724,0.731,0.723,544821.000
2019-11-21,0.722,0.73,0.733,0.721,994061.000
2019-11-22,0.729,0.726,0.735,0.723,1195600.000
2019-11-25,0.726,0.722,0.727,0.717,663353.000
2019-11-26,0.724,0.724,0.727,0.719,728454.000
2019-11-27,0.723,0.72,0.724,0.719,664645.000
2019-11-28,0.721,0.72,0.723,0.718,410548.000
2019-11-29,0.718,0.725,0.726,0.718,619665.000
2019-12-02,0.725,0.725,0.729,0.722,466896.000
2019-12-03,0.722,0.73,0.730,0.720,604860.000
2019-12-04,0.728,0.735,0.738,0.726,1950307.000
2019-12-05,0.737,0.745,0.746,0.737,1152295.000
2019-12-06,0.743,0.745,0.745,0.740,636571.000
2019-12-09,0.744,0.743,0.747,0.741,487538.000
2019-12-10,0.743,0.741,0.743,0.736,606150.000
2019-12-11,0.741,0.738,0.744,0.737,702250.000
2019-12-12,0.738,0.74,0.743,0.736,1189733.000
2019-12-13,0.741,0.745,0.745,0.738,1687913.000
2019-12-16,0.745,0.758,0.759,0.742,2085967.000
2019-12-17,0.758,0.764,0.768,0.757,2210004.000
2019-12-18,0.770,0.762,0.775,0.761,1631293.000
2019-12-19,0.767,0.766,0.768,0.761,1037346.000
2019-12-20,0.766,0.754,0.768,0.753,1251658.000
2019-12-23,0.754,0.738,0.754,0.737,1236120.000
2019-12-24,0.738,0.745,0.746,0.738,852210.000
2019-12-25,0.744,0.746,0.749,0.743,983793.000
2019-12-26,0.746,0.754,0.755,0.745,1210980.000
2019-12-27,0.754,0.752,0.762,0.750,2076297.000
2019-12-30,0.752,0.758,0.758,0.742,1453985.000
2019-12-31,0.758,0.758,0.760,0.752,1225199.000
2020-01-02,0.762,0.771,0.771,0.758,1632257.000
2020-01-03,0.773,0.784,0.785,0.770,3669353.000
2020-01-06,0.798,0.793,0.803,0.788,4269492.000
2020-01-07,0.788,0.794,0.795,0.787,1870327.000
2020-01-08,0.803,0.805,0.812,0.795,4549158.000
2020-01-09,0.791,0.798,0.798,0.786,2972610.000
2020-01-10,0.795,0.791,0.799,0.788,1385234.000
2020-01-13,0.790,0.8,0.800,0.786,1387287.000
2020-01-14,0.800,0.793,0.803,0.793,1566622.000
2020-01-15,0.792,0.786,0.792,0.782,1829408.000
2020-01-16,0.787,0.796,0.804,0.787,2241609.000
2020-01-17,0.794,0.792,0.799,0.791,1091150.000
2020-01-20,0.793,0.807,0.808,0.793,1554479.000
2020-01-21,0.808,0.8,0.809,0.799,1115090.000
2020-01-22,0.795,0.803,0.806,0.786,1470067.000
2020-01-23,0.796,0.79,0.819,0.780,2102834.000
2020-02-03,0.711,0.711,0.724,0.711,1564567.000
2020-02-04,0.700,0.721,0.721,0.686,1219552.000
2020-02-05,0.717,0.739,0.747,0.717,1652838.000
2020-02-06,0.742,0.767,0.769,0.738,1677277.000
2020-02-07,0.771,0.784,0.785,0.766,1773873.000
2020-02-10,0.787,0.789,0.799,0.777,1167813.000
2020-02-11,0.788,0.782,0.790,0.779,1186305.000
2020-02-12,0.778,0.798,0.799,0.778,1102709.000
2020-02-13,0.799,0.791,0.801,0.785,1093167.000
2020-02-14,0.789,0.792,0.800,0.787,1130854.000
2020-02-17,0.800,0.849,0.850,0.800,3108629.000
2020-02-18,0.860,0.874,0.875,0.856,2880414.000
2020-02-19,0.864,0.856,0.880,0.822,2707016.000
2020-02-20,0.855,0.865,0.865,0.844,1426893.000
2020-02-21,0.865,0.89,0.899,0.861,1900173.000
2020-02-24,0.888,0.897,0.902,0.880,1798605.000
2020-02-25,0.877,0.896,0.900,0.850,1919748.000
2020-02-26,0.878,0.879,0.911,0.872,1971355.000
2020-02-27,0.881,0.871,0.888,0.855,1694044.000
2020-02-28,0.836,0.821,0.854,0.818,1173113.000
2020-03-02,0.831,0.853,0.858,0.827,1420200.000
2020-03-03,0.865,0.872,0.896,0.861,1659868.000
2020-03-04,0.865,0.872,0.883,0.853,1589463.000
2020-03-05,0.884,0.877,0.887,0.866,1148018.000
2020-03-06,0.872,0.871,0.879,0.859,818734.000
2020-03-09,0.860,0.827,0.862,0.825,1070767.000
2020-03-10,0.825,0.866,0.867,0.817,1344383.000
2020-03-11,0.866,0.866,0.895,0.863,1959582.000
2020-03-12,0.846,0.843,0.861,0.833,1171184.000
2020-03-13,0.810,0.843,0.856,0.803,1328908.000
2020-03-16,0.848,0.795,0.850,0.790,1382840.000
2020-03-17,0.801,0.795,0.815,0.771,1035895.000
2020-03-18,0.800,0.774,0.813,0.773,964160.000
2020-03-19,0.776,0.787,0.793,0.765,1006034.000
2020-03-20,0.791,0.792,0.799,0.778,814759.000
2020-03-23,0.767,0.752,0.773,0.746,1417258.000
2020-03-24,0.769,0.765,0.771,0.745,730985.000
2020-03-25,0.780,0.776,0.783,0.770,827162.000
2020-03-26,0.770,0.766,0.777,0.765,760736.000
2020-03-27,0.773,0.766,0.779,0.765,1262228.000
2020-03-30,0.754,0.76,0.767,0.736,1915061.000
2020-03-31,0.761,0.749,0.764,0.748,678074.000
2020-04-01,0.747,0.747,0.758,0.744,576211.000
2020-04-02,0.744,0.767,0.768,0.742,887645.000
2020-04-03,0.766,0.76,0.768,0.754,493494.000
2020-04-07,0.775,0.793,0.794,0.772,1608626.000
2020-04-08,0.784,0.804,0.806,0.783,1982273.000
2020-04-09,0.808,0.803,0.812,0.798,1358735.000
2020-04-10,0.802,0.79,0.803,0.786,1430868.000
2020-04-13,0.786,0.789,0.791,0.776,985541.000
2020-04-14,0.792,0.797,0.798,0.787,887680.000
2020-04-15,0.795,0.788,0.799,0.788,945827.000
2020-04-16,0.784,0.799,0.803,0.781,1235890.000
2020-04-17,0.802,0.797,0.808,0.795,1191930.000
2020-04-20,0.796,0.812,0.813,0.796,1774593.000
2020-04-21,0.811,0.812,0.817,0.805,1656661.000
2020-04-22,0.804,0.811,0.815,0.801,1212392.000
2020-04-23,0.814,0.821,0.828,0.809,2429751.000
2020-04-24,0.816,0.805,0.820,0.794,1770122.000
2020-04-27,0.801,0.792,0.804,0.790,1116031.000
2020-04-28,0.791,0.781,0.792,0.759,1365654.000
2020-04-29,0.778,0.79,0.794,0.774,1115446.000
2020-04-30,0.794,0.815,0.817,0.792,1434171.000
2020-05-06,0.811,0.831,0.831,0.809,1663284.000
2020-05-07,0.827,0.828,0.834,0.826,1114177.000
2020-05-08,0.831,0.837,0.843,0.830,1777939.000
2020-05-11,0.844,0.842,0.847,0.832,1459335.000
2020-05-12,0.844,0.839,0.844,0.830,1093045.000
2020-05-13,0.837,0.838,0.841,0.835,1010580.000
2020-05-14,0.834,0.839,0.848,0.830,1369409.000
2020-05-15,0.844,0.839,0.846,0.835,1287395.000
2020-05-18,0.844,0.852,0.866,0.838,2492061.000
2020-05-19,0.853,0.859,0.859,0.849,1166061.000
2020-05-20,0.858,0.836,0.858,0.832,1649369.000
2020-05-21,0.836,0.822,0.838,0.818,1269121.000
2020-05-22,0.820,0.81,0.829,0.805,1437635.000
2020-05-25,0.810,0.8,0.820,0.795,1190060.000
2020-05-26,0.800,0.812,0.813,0.800,1129539.000
2020-05-27,0.814,0.805,0.815,0.802,823912.000
2020-05-28,0.805,0.805,0.809,0.792,1002558.000
2020-05-29,0.801,0.81,0.811,0.800,952923.000
2020-06-01,0.811,0.828,0.830,0.810,1548517.000
2020-06-02,0.830,0.83,0.838,0.823,2804096.000
2020-06-03,0.830,0.824,0.831,0.823,1106131.000
2020-06-04,0.828,0.817,0.828,0.814,953900.000
2020-06-05,0.817,0.816,0.820,0.810,1020114.000
2020-06-08,0.818,0.814,0.822,0.813,1111828.000
2020-06-09,0.813,0.812,0.815,0.809,1440936.000
2020-06-10,0.811,0.813,0.813,0.807,1178992.000
2020-06-11,0.813,0.815,0.823,0.810,1456377.000
2020-06-12,0.803,0.814,0.815,0.801,1060783.000
2020-06-15,0.810,0.802,0.813,0.801,881025.000
2020-06-16,0.805,0.81,0.811,0.804,850219.000
2020-06-17,0.822,0.823,0.825,0.816,2781126.000
2020-06-18,0.820,0.81,0.820,0.806,1718242.000
2020-06-19,0.809,0.816,0.818,0.808,1572342.000
2020-06-22,0.816,0.825,0.826,0.816,2074321.000
2020-06-23,0.825,0.827,0.829,0.819,1569375.000
2020-06-24,0.826,0.822,0.826,0.819,1357551.000
2020-06-29,0.818,0.822,0.829,0.817,1358320.000
2020-06-30,0.825,0.835,0.835,0.824,1672796.000
2020-07-01,0.839,0.835,0.839,0.825,1795694.000
2020-07-02,0.836,0.848,0.848,0.831,2509505.000
2020-07-03,0.853,0.857,0.858,0.847,3380496.000
2020-07-06,0.869,0.91,0.915,0.865,7018520.000
2020-07-07,0.932,0.921,0.942,0.895,6422715.000
2020-07-08,0.919,1.011,1.013,0.913,9324640.000
2020-07-09,1.039,1.041,1.055,1.014,14887382.000
2020-07-10,1.035,1.015,1.038,1.003,7741549.000
2020-07-13,1.011,1.036,1.037,1.000,6069360.000
2020-07-14,1.032,1.039,1.073,1.015,9171478.000
2020-07-15,1.044,1.001,1.049,0.991,6772544.000
2020-07-16,1.000,0.964,1.020,0.958,5813445.000
2020-07-17,0.965,1.0,1.014,0.962,7049878.000
2020-07-20,1.029,1.1,1.100,1.018,14076700.000
2020-07-21,1.094,1.049,1.094,1.035,15906298.000
2020-07-22,1.037,1.067,1.088,1.036,12045066.000
2020-07-23,1.078,1.115,1.118,1.063,17590457.000
2020-07-24,1.120,1.07,1.131,1.067,22474044.000
2020-07-27,1.058,1.061,1.091,1.032,12393710.000
2020-07-28,1.062,1.078,1.096,1.052,9094992.000
2020-07-29,1.070,1.104,1.105,1.065,7011422.000
2020-07-30,1.110,1.089,1.129,1.083,7766927.000
2020-07-31,1.085,1.079,1.093,1.066,6841896.000
2020-08-03,1.090,1.17,1.175,1.089,14752813.000
2020-08-04,1.165,1.128,1.165,1.118,13639753.000
2020-08-05,1.122,1.165,1.180,1.118,13338692.000
2020-08-06,1.158,1.207,1.224,1.150,16364466.000
2020-08-07,1.195,1.249,1.260,1.176,18477104.000
2020-08-10,1.237,1.22,1.309,1.213,20019471.000
2020-08-11,1.201,1.207,1.249,1.190,16366644.000
2020-08-12,1.188,1.153,1.196,1.129,13591743.000
2020-08-13,1.150,1.159,1.180,1.147,8365134.000
2020-08-14,1.154,1.2,1.208,1.154,8843415.000
2020-08-17,1.215,1.234,1.235,1.192,7764448.000
2020-08-18,1.228,1.235,1.253,1.224,6805302.000
2020-08-19,1.230,1.207,1.235,1.201,6967639.000
2020-08-20,1.195,1.162,1.205,1.154,7669977.000
2020-08-21,1.170,1.161,1.188,1.147,5170586.000
2020-08-24,1.164,1.17,1.184,1.152,3739566.000
2020-08-25,1.171,1.129,1.172,1.119,8207750.000
2020-08-26,1.125,1.094,1.137,1.087,7015156.000
2020-08-27,1.096,1.114,1.115,1.087,4639192.000
2020-08-28,1.113,1.138,1.139,1.111,5348908.000
2020-08-31,1.147,1.147,1.163,1.133,7106626.000
2020-09-01,1.160,1.173,1.178,1.148,7029619.000
2020-09-02,1.174,1.157,1.174,1.144,4277481.000
2020-09-03,1.150,1.143,1.152,1.127,4101337.000
2020-09-04,1.121,1.136,1.138,1.120,3538708.000
2020-09-07,1.136,1.104,1.145,1.099,4161122.000
2020-09-08,1.108,1.1,1.113,1.082,3330483.000
2020-09-09,1.091,1.092,1.110,1.068,6541976.000
2020-09-10,1.094,1.052,1.096,1.050,5505072.000
2020-09-11,1.046,1.054,1.056,1.035,3115121.000
2020-09-14,1.057,1.05,1.061,1.041,2304782.000
2020-09-15,1.047,1.062,1.067,1.047,2805958.000
2020-09-16,1.058,1.045,1.059,1.039,2158288.000
2020-09-17,1.042,1.054,1.064,1.033,2912946.000
2020-09-18,1.055,1.085,1.087,1.055,3938809.000
2020-09-21,1.097,1.111,1.130,1.091,5949583.000
2020-09-22,1.097,1.09,1.105,1.084,2770376.000
2020-09-23,1.092,1.089,1.096,1.080,1819620.000
2020-09-24,1.080,1.056,1.083,1.055,2752028.000
2020-09-25,1.061,1.059,1.070,1.053,2745039.000
2020-09-28,1.061,1.045,1.063,1.043,1970088.000
2020-09-29,1.051,1.089,1.094,1.051,4941663.000
2020-09-30,1.087,1.09,1.094,1.073,3401195.000
2020-10-09,1.105,1.109,1.110,1.093,4558818.000
2020-10-12,1.115,1.154,1.155,1.110,6970465.000
2020-10-13,1.150,1.155,1.161,1.140,3268126.000
2020-10-14,1.157,1.148,1.175,1.139,4499073.000
2020-10-15,1.140,1.137,1.149,1.136,2471904.000
2020-10-16,1.135,1.123,1.143,1.114,3072410.000
2020-10-19,1.125,1.115,1.133,1.113,3259934.000
2020-10-20,1.109,1.118,1.119,1.098,2401996.000
2020-10-21,1.118,1.089,1.118,1.082,3368180.000
2020-10-22,1.084,1.075,1.085,1.062,2670767.000
2020-10-23,1.077,1.058,1.083,1.055,3406074.000
2020-10-26,1.055,1.065,1.069,1.041,2526426.000
2020-10-27,1.060,1.073,1.079,1.058,3211788.000
2020-10-28,1.075,1.069,1.075,1.052,2685242.000
2020-10-29,1.055,1.056,1.060,1.047,3638537.000
2020-10-30,1.067,1.037,1.083,1.034,5873749.000
2020-11-02,1.033,1.031,1.039,1.019,4140432.000
2020-11-03,1.034,1.066,1.068,1.030,4702860.000
2020-11-04,1.066,1.074,1.080,1.052,5686873.000
2020-11-05,1.073,1.076,1.081,1.060,5120004.000
2020-11-06,1.074,1.057,1.074,1.051,3598079.000
2020-11-09,1.054,1.078,1.078,1.047,6634905.000
2020-11-10,1.078,1.058,1.078,1.053,4825614.000
2020-11-11,1.057,1.037,1.064,1.035,3914641.000
2020-11-12,1.038,1.033,1.048,1.030,2584232.000
2020-11-13,1.032,1.056,1.066,1.025,6595970.000
2020-11-16,1.055,1.06,1.066,1.052,3223980.000
2020-11-17,1.060,1.038,1.060,1.029,3742597.000
2020-11-18,1.040,1.044,1.050,1.036,2652166.000
2020-11-19,1.039,1.089,1.094,1.032,11128396.000
2020-11-20,1.091,1.103,1.116,1.089,7716081.000
2020-11-23,1.103,1.102,1.113,1.086,5963596.000
2020-11-24,1.100,1.108,1.123,1.097,4933236.000
2020-11-25,1.103,1.078,1.110,1.076,4089905.000
2020-11-26,1.081,1.1,1.108,1.074,5495337.000
2020-11-27,1.100,1.121,1.140,1.088,7930847.000
2020-11-30,1.121,1.128,1.141,1.110,7244304.000
2020-12-01,1.129,1.15,1.156,1.123,7074253.000
2020-12-02,1.151,1.15,1.163,1.142,5523269.000
2020-12-03,1.145,1.131,1.148,1.126,5419667.000
2020-12-04,1.125,1.142,1.147,1.117,4716483.000
2020-12-07,1.143,1.147,1.159,1.139,4793498.000
2020-12-08,1.144,1.142,1.154,1.138,2862125.000
2020-12-09,1.138,1.114,1.147,1.113,4534115.000
2020-12-10,1.108,1.117,1.127,1.103,3077311.000
2020-12-11,1.117,1.09,1.117,1.078,4892510.000
2020-12-14,1.085,1.109,1.114,1.076,4027962.000
2020-12-15,1.104,1.113,1.125,1.101,3510934.000
2020-12-16,1.107,1.104,1.117,1.098,3196744.000
2020-12-17,1.102,1.095,1.107,1.071,4824817.000
2020-12-18,1.098,1.095,1.114,1.092,4256312.000
2020-12-21,1.091,1.144,1.145,1.091,7122198.000
2020-12-22,1.138,1.124,1.152,1.121,5528534.000
2020-12-23,1.126,1.184,1.185,1.125,8995616.000
2020-12-24,1.190,1.192,1.230,1.184,10963775.000
2020-12-25,1.185,1.211,1.214,1.172,6421052.000
2020-12-28,1.211,1.21,1.232,1.193,5734885.000
2020-12-29,1.209,1.196,1.227,1.187,6260245.000
2020-12-30,1.188,1.231,1.244,1.185,8378587.000
2020-12-31,1.230,1.288,1.290,1.226,10301027.000
2021-01-04,1.325,1.383,1.393,1.303,12483775.000
2021-01-05,1.370,1.384,1.416,1.351,14077844.000
2021-01-06,1.371,1.399,1.431,1.364,13431093.000
2021-01-07,1.386,1.438,1.444,1.376,13015603.000
2021-01-08,1.440,1.398,1.440,1.374,14858775.000
2021-01-11,1.412,1.352,1.430,1.340,15293918.000
2021-01-12,1.340,1.406,1.411,1.340,14557662.000
2021-01-13,1.411,1.384,1.424,1.371,13682839.000
2021-01-14,1.368,1.306,1.368,1.303,17022466.000
2021-01-15,1.299,1.297,1.318,1.261,13801225.000
2021-01-18,1.298,1.325,1.339,1.297,12134913.000
2021-01-19,1.317,1.297,1.335,1.287,10711487.000
2021-01-20,1.297,1.321,1.325,1.283,9716974.000
2021-01-21,1.313,1.336,1.344,1.308,10689573.000
2021-01-22,1.330,1.337,1.339,1.310,8944779.000
2021-01-25,1.343,1.34,1.377,1.327,13499635.000
2021-01-26,1.323,1.243,1.324,1.242,22914333.000
2021-01-27,1.234,1.245,1.259,1.228,8560970.000
2021-01-28,1.231,1.233,1.265,1.222,8036898.000
2021-01-29,1.242,1.189,1.246,1.165,12430902.000
2021-02-01,1.190,1.183,1.200,1.177,6017932.000
2021-02-02,1.185,1.204,1.205,1.168,7401866.000
2021-02-03,1.202,1.162,1.204,1.160,8763596.000
2021-02-04,1.154,1.147,1.178,1.132,7839978.000
2021-02-05,1.158,1.123,1.169,1.121,7708480.000
2021-02-08,1.125,1.128,1.136,1.104,7562330.000
2021-02-09,1.128,1.198,1.199,1.125,13724901.000
2021-02-10,1.198,1.187,1.198,1.166,13969732.000
2021-02-18,1.200,1.179,1.205,1.175,9585411.000
2021-02-19,1.179,1.186,1.187,1.163,7751131.000
2021-02-22,1.188,1.141,1.190,1.140,13639164.000
2021-02-23,1.131,1.179,1.184,1.125,14534945.000
2021-02-24,1.183,1.176,1.199,1.154,11284162.000
2021-02-25,1.176,1.199,1.215,1.170,14427946.000
2021-02-26,1.178,1.158,1.190,1.155,11984187.000
2021-03-01,1.165,1.18,1.180,1.152,7789968.000
2021-03-02,1.188,1.187,1.195,1.159,10957875.000
2021-03-03,1.174,1.186,1.187,1.166,8195433.000
2021-03-04,1.176,1.168,1.203,1.165,11259149.000
2021-03-05,1.151,1.145,1.163,1.127,8524862.000
2021-03-08,1.146,1.064,1.149,1.060,15114994.000
2021-03-09,1.055,1.01,1.061,1.000,11920435.000
2021-03-10,1.023,1.005,1.029,1.001,6138692.000
2021-03-11,1.008,1.023,1.025,0.996,6061838.000
2021-03-12,1.023,1.015,1.024,1.001,4802171.000
2021-03-15,1.014,1.006,1.024,0.998,5479205.000
2021-03-16,1.005,1.006,1.019,1.001,4089428.000
2021-03-17,1.006,1.023,1.029,1.003,5957650.000
2021-03-18,1.021,1.038,1.046,1.020,5421147.000
2021-03-19,1.024,1.04,1.059,1.019,7737149.000
2021-03-22,1.035,1.049,1.054,1.029,4316586.000
2021-03-23,1.050,1.042,1.056,1.037,3111428.000
2021-03-24,1.039,1.022,1.048,1.016,4149537.000
2021-03-25,1.017,1.028,1.037,1.017,3872491.000
2021-03-26,1.028,1.044,1.045,1.028,4136168.000
2021-03-29,1.050,1.062,1.078,1.050,6638763.000
2021-03-30,1.062,1.085,1.100,1.061,7407663.000
2021-03-31,1.080,1.042,1.080,1.040,6346344.000
2021-04-01,1.045,1.05,1.053,1.042,2542006.000
2021-04-02,1.052,1.055,1.061,1.046,3671946.000
2021-04-06,1.061,1.066,1.069,1.055,3586512.000
2021-04-07,1.063,1.057,1.064,1.050,3284155.000
2021-04-08,1.054,1.054,1.067,1.048,3464200.000
2021-04-09,1.066,1.062,1.078,1.058,4199682.000
2021-04-12,1.059,1.029,1.061,1.022,4415379.000
2021-04-13,1.023,1.024,1.032,1.017,2628324.000
2021-04-14,1.022,1.039,1.040,1.021,2868061.000
2021-04-15,1.038,1.036,1.040,1.026,2240207.000
2021-04-16,1.036,1.039,1.043,1.029,2877331.000
2021-04-19,1.036,1.053,1.054,1.032,4576757.000
2021-04-20,1.050,1.046,1.061,1.043,4972402.000
2021-04-21,1.040,1.038,1.046,1.031,3442470.000
2021-04-22,1.040,1.038,1.048,1.035,3065501.000
2021-04-23,1.036,1.034,1.042,1.030,3470866.000
2021-04-26,1.036,1.034,1.053,1.032,5540318.000
2021-04-27,1.031,1.019,1.033,1.011,4626062.000
2021-04-28,1.017,1.027,1.028,1.017,3013312.000
2021-04-29,1.028,1.03,1.036,1.025,3777522.000
2021-04-30,1.022,0.994,1.022,0.987,16299902.000
2021-05-06,0.992,1.005,1.013,0.989,5881611.000
2021-05-07,1.003,0.994,1.009,0.993,3869381.000
2021-05-10,0.993,0.978,0.993,0.973,5234617.000
2021-05-11,0.974,1.002,1.007,0.972,6340665.000
2021-05-12,0.998,1.0,1.000,0.990,2983393.000
2021-05-13,0.992,0.996,1.012,0.990,4920090.000
2021-05-14,1.000,1.034,1.035,0.993,12667910.000
2021-05-17,1.041,1.041,1.055,1.036,7097115.000
2021-05-18,1.035,1.063,1.069,1.030,8731695.000
2021-05-19,1.058,1.066,1.072,1.054,4721470.000
2021-05-20,1.064,1.068,1.081,1.061,4313545.000
2021-05-21,1.069,1.047,1.072,1.044,4391865.000
2021-05-24,1.046,1.057,1.057,1.042,3799610.000
2021-05-25,1.057,1.093,1.096,1.051,8840392.000
2021-05-26,1.094,1.091,1.111,1.089,7240691.000
2021-05-27,1.089,1.1,1.105,1.087,4793104.000
2021-05-28,1.099,1.107,1.114,1.094,5633899.000
2021-05-31,1.111,1.139,1.142,1.109,7682348.000
2021-06-01,1.138,1.135,1.148,1.130,5745932.000
2021-06-02,1.130,1.105,1.141,1.104,6342628.000
2021-06-03,1.104,1.092,1.112,1.090,5093260.000
2021-06-04,1.086,1.104,1.110,1.085,5088444.000
2021-06-07,1.113,1.122,1.135,1.112,5180595.000
2021-06-08,1.122,1.138,1.140,1.116,6502569.000
2021-06-09,1.148,1.145,1.163,1.135,6187058.000
2021-06-10,1.146,1.149,1.151,1.133,5422636.000
2021-06-11,1.150,1.108,1.152,1.103,9598814.000
2021-06-15,1.105,1.112,1.118,1.100,4895177.000
2021-06-16,1.109,1.098,1.123,1.090,4927292.000
2021-06-17,1.104,1.111,1.115,1.096,4348731.000
2021-06-18,1.111,1.134,1.145,1.108,7567391.000
2021-06-21,1.134,1.18,1.181,1.133,11438254.000
2021-06-22,1.186,1.173,1.189,1.162,6946792.000
2021-06-23,1.169,1.17,1.178,1.157,6195712.000
2021-06-24,1.168,1.152,1.188,1.150,7365899.000
2021-06-25,1.148,1.156,1.157,1.135,7849514.000
2021-06-28,1.157,1.16,1.167,1.150,6854852.000
2021-06-29,1.158,1.135,1.168,1.135,7153509.000
2021-06-30,1.135,1.152,1.153,1.131,5792420.000
2021-07-01,1.162,1.105,1.165,1.103,12437355.000
2021-07-02,1.097,1.065,1.099,1.060,8902934.000
2021-07-05,1.063,1.07,1.081,1.061,4763941.000
2021-07-06,1.069,1.079,1.080,1.059,4974685.000
2021-07-07,1.070,1.107,1.109,1.068,6947623.000
2021-07-08,1.110,1.152,1.156,1.107,12814117.000
2021-07-09,1.146,1.143,1.155,1.137,6311555.000
2021-07-12,1.150,1.16,1.170,1.133,7864021.000
2021-07-13,1.160,1.153,1.171,1.144,5933446.000
2021-07-14,1.147,1.131,1.150,1.121,5528723.000
2021-07-15,1.128,1.13,1.149,1.115,5288399.000
2021-07-16,1.129,1.179,1.193,1.121,15379668.000
2021-07-19,1.185,1.169,1.200,1.162,7782313.000
2021-07-20,1.159,1.19,1.195,1.156,7932659.000
2021-07-21,1.186,1.209,1.213,1.185,11181742.000
2021-07-22,1.207,1.206,1.209,1.190,6928204.000
2021-07-23,1.206,1.234,1.250,1.186,12389762.000
2021-07-26,1.236,1.243,1.291,1.234,18574550.000
2021-07-27,1.242,1.218,1.269,1.213,15323069.000
2021-07-28,1.198,1.158,1.204,1.135,12587400.000
2021-07-29,1.172,1.208,1.216,1.171,11452784.000
2021-07-30,1.205,1.206,1.217,1.189,11410897.000
2021-08-02,1.212,1.271,1.277,1.212,12830579.000
2021-08-03,1.271,1.251,1.288,1.241,9260190.000
2021-08-04,1.247,1.286,1.290,1.245,11947968.000
2021-08-05,1.289,1.331,1.353,1.285,17415000.000
2021-08-06,1.332,1.342,1.349,1.312,11708680.000
2021-08-09,1.345,1.333,1.364,1.323,8431792.000
2021-08-10,1.325,1.385,1.410,1.320,15370077.000
2021-08-11,1.380,1.379,1.398,1.365,10848883.000
2021-08-12,1.371,1.34,1.379,1.335,13186814.000
2021-08-13,1.333,1.335,1.361,1.317,12088095.000
2021-08-16,1.331,1.309,1.340,1.300,9658092.000
2021-08-17,1.308,1.287,1.327,1.278,10530006.000
2021-08-18,1.286,1.323,1.329,1.281,12929882.000
2021-08-19,1.315,1.35,1.361,1.301,12571659.000
2021-08-20,1.342,1.346,1.367,1.322,11923215.000
2021-08-23,1.358,1.405,1.420,1.356,14752646.000
2021-08-24,1.364,1.397,1.403,1.331,21053939.000
2021-08-25,1.386,1.383,1.405,1.370,9563880.000
2021-08-26,1.378,1.378,1.407,1.370,9386583.000
2021-08-27,1.369,1.355,1.377,1.343,9036034.000
2021-08-30,1.367,1.391,1.420,1.367,12657930.000
2021-08-31,1.395,1.394,1.413,1.373,7738438.000
2021-09-01,1.393,1.349,1.397,1.316,10841399.000
2021-09-02,1.338,1.343,1.352,1.326,7010789.000
2021-09-03,1.334,1.292,1.342,1.270,12253691.000
2021-09-06,1.288,1.312,1.313,1.279,8996996.000
2021-09-07,1.308,1.328,1.338,1.302,6531755.000
2021-09-08,1.328,1.31,1.330,1.300,6964890.000
2021-09-09,1.307,1.344,1.345,1.295,8740460.000
2021-09-10,1.345,1.328,1.345,1.318,8282824.000
2021-09-13,1.326,1.314,1.334,1.304,5366955.000
2021-09-14,1.313,1.299,1.335,1.295,6022994.000
2021-09-15,1.297,1.307,1.315,1.284,5620231.000
2021-09-16,1.304,1.275,1.316,1.273,7217318.000
2021-09-17,1.277,1.258,1.291,1.228,6926833.000
2021-09-22,1.239,1.279,1.287,1.238,5898307.000
2021-09-23,1.279,1.312,1.316,1.277,6803800.000
2021-09-24,1.311,1.307,1.316,1.297,3655360.000
2021-09-27,1.305,1.262,1.310,1.243,6604091.000
2021-09-28,1.260,1.273,1.285,1.256,4526054.000
2021-09-29,1.265,1.228,1.269,1.225,5784530.000
2021-09-30,1.230,1.238,1.252,1.230,3511687.000
2021-10-08,1.250,1.22,1.251,1.214,4357357.000
2021-10-11,1.225,1.247,1.272,1.221,6145967.000
2021-10-12,1.236,1.21,1.240,1.193,5112418.000
2021-10-13,1.190,1.209,1.214,1.171,6745935.000
2021-10-14,1.203,1.231,1.242,1.203,5228252.000
2021-10-15,1.232,1.239,1.246,1.229,2694297.000
2021-10-18,1.242,1.255,1.262,1.239,4616013.000
2021-10-19,1.253,1.258,1.259,1.242,2876785.000
2021-10-20,1.257,1.272,1.280,1.255,4759125.000
2021-10-21,1.270,1.257,1.271,1.247,2600738.000
2021-10-22,1.253,1.261,1.265,1.251,2304260.000
2021-10-25,1.259,1.279,1.283,1.252,5168522.000
2021-10-26,1.276,1.277,1.285,1.271,2881742.000
2021-10-27,1.297,1.289,1.306,1.278,5315356.000
2021-10-28,1.278,1.262,1.291,1.259,3186646.000
2021-10-29,1.264,1.303,1.306,1.258,6080888.000
2021-11-01,1.311,1.327,1.334,1.307,5960203.000
2021-11-02,1.342,1.361,1.372,1.340,9365153.000
2021-11-03,1.350,1.346,1.355,1.325,6071930.000
2021-11-04,1.345,1.364,1.366,1.340,5019837.000
2021-11-05,1.360,1.348,1.369,1.344,4219430.000
2021-11-08,1.345,1.353,1.354,1.326,3495600.000
2021-11-09,1.351,1.403,1.413,1.348,11383834.000
2021-11-10,1.400,1.398,1.423,1.392,7192645.000
2021-11-11,1.394,1.402,1.408,1.383,3891917.000
2021-11-12,1.401,1.454,1.456,1.400,7291583.000
2021-11-15,1.454,1.43,1.475,1.425,5905213.000
2021-11-16,1.423,1.373,1.447,1.371,9536475.000
2021-11-17,1.366,1.4,1.405,1.354,6555618.000
2021-11-18,1.392,1.44,1.453,1.390,5422084.000
2021-11-19,1.436,1.439,1.452,1.428,3436761.000
2021-11-22,1.437,1.456,1.458,1.428,3815281.000
2021-11-23,1.453,1.446,1.462,1.436,3859724.000
2021-11-24,1.447,1.422,1.460,1.417,3732297.000
2021-11-25,1.415,1.414,1.436,1.408,3288443.000
2021-11-26,1.409,1.414,1.432,1.407,3505925.000
2021-11-29,1.399,1.447,1.454,1.394,6571992.000
2021-11-30,1.448,1.476,1.493,1.446,6413470.000
2021-12-01,1.469,1.453,1.475,1.448,4094427.000
2021-12-02,1.453,1.441,1.454,1.432,3289323.000
2021-12-03,1.443,1.475,1.475,1.443,3855059.000
2021-12-06,1.473,1.472,1.489,1.457,3634154.000
2021-12-07,1.472,1.422,1.477,1.407,7551967.000
2021-12-08,1.421,1.448,1.451,1.420,5522460.000
2021-12-09,1.448,1.442,1.457,1.427,4848419.000
2021-12-10,1.432,1.431,1.437,1.419,4063299.000
2021-12-13,1.426,1.427,1.431,1.400,5898882.000
2021-12-14,1.420,1.433,1.446,1.413,4795639.000
2021-12-15,1.432,1.426,1.442,1.421,3832092.000
2021-12-16,1.424,1.43,1.441,1.422,3028960.000
2021-12-17,1.427,1.405,1.430,1.404,3637950.000
2021-12-20,1.396,1.374,1.415,1.365,5098731.000
2021-12-21,1.373,1.38,1.387,1.360,3030954.000
2021-12-22,1.379,1.379,1.389,1.363,2692490.000
2021-12-23,1.376,1.388,1.400,1.371,2705906.000
2021-12-24,1.384,1.388,1.396,1.381,3350312.000
2021-12-27,1.385,1.383,1.396,1.377,2190209.000
2021-12-28,1.383,1.392,1.393,1.368,2574667.000
2021-12-29,1.392,1.412,1.416,1.390,6040632.000
2021-12-30,1.411,1.458,1.461,1.410,6679561.000
2021-12-31,1.458,1.457,1.466,1.448,4548705.000
2022-01-04,1.456,1.443,1.467,1.434,2877577.000
2022-01-05,1.438,1.369,1.444,1.368,6249049.000
2022-01-06,1.360,1.353,1.372,1.338,5806489.000
2022-01-07,1.353,1.336,1.366,1.333,2949374.000
2022-01-10,1.330,1.323,1.338,1.303,4386933.000
2022-01-11,1.323,1.288,1.327,1.284,3597659.000
2022-01-12,1.288,1.318,1.319,1.288,3248373.000
2022-01-13,1.317,1.291,1.320,1.287,2787751.000
2022-01-14,1.288,1.297,1.313,1.286,2953105.000
2022-01-17,1.295,1.321,1.325,1.293,3478785.000
2022-01-18,1.320,1.322,1.338,1.311,3550185.000
2022-01-19,1.320,1.294,1.326,1.286,3011196.000
2022-01-20,1.294,1.263,1.299,1.260,4319030.000
2022-01-21,1.247,1.232,1.247,1.223,6616280.000
2022-01-24,1.223,1.246,1.253,1.223,3747638.000
2022-01-25,1.252,1.23,1.272,1.226,4301416.000
2022-01-26,1.230,1.227,1.239,1.210,3989128.000
2022-01-27,1.225,1.194,1.236,1.193,3607745.000
2022-01-28,1.202,1.201,1.217,1.179,3543451.000
2022-02-07,1.212,1.194,1.220,1.190,2908771.000
2022-02-08,1.196,1.182,1.200,1.156,4240389.000
2022-02-09,1.178,1.209,1.212,1.174,3615384.000
2022-02-10,1.209,1.202,1.215,1.196,3401193.000
2022-02-11,1.197,1.176,1.200,1.174,3630117.000
2022-02-14,1.179,1.181,1.200,1.173,3803982.000
2022-02-15,1.181,1.209,1.210,1.180,4012214.000
2022-02-16,1.200,1.196,1.203,1.190,3019395.000
2022-02-17,1.194,1.202,1.207,1.183,5448214.000
2022-02-18,1.193,1.198,1.199,1.185,2940202.000
2022-02-21,1.199,1.2,1.212,1.194,3354004.000
2022-02-22,1.215,1.189,1.218,1.181,5291551.000
2022-02-23,1.183,1.235,1.238,1.183,6781673.000
2022-02-24,1.232,1.249,1.274,1.220,12693618.000
2022-02-25,1.233,1.242,1.255,1.230,5519657.000
2022-02-28,1.253,1.259,1.272,1.249,6827012.000
2022-03-01,1.262,1.28,1.282,1.255,4788246.000
2022-03-02,1.283,1.266,1.284,1.258,5590948.000
2022-03-03,1.266,1.239,1.267,1.235,4703985.000
2022-03-04,1.233,1.22,1.250,1.213,3721051.000
2022-03-07,1.228,1.202,1.230,1.195,4483419.000
2022-03-08,1.198,1.155,1.208,1.153,4850848.000
2022-03-09,1.160,1.126,1.164,1.075,7446299.000
2022-03-10,1.151,1.155,1.172,1.140,5876543.000
2022-03-11,1.141,1.16,1.162,1.122,3550346.000
2022-03-14,1.147,1.155,1.185,1.145,7849029.000
2022-03-15,1.146,1.108,1.160,1.107,3772018.000
2022-03-16,1.121,1.144,1.146,1.080,5853963.000
2022-03-17,1.158,1.155,1.175,1.153,4897992.000
2022-03-18,1.150,1.139,1.153,1.118,5530690.000
2022-03-21,1.142,1.157,1.167,1.136,4253709.000
2022-03-22,1.153,1.142,1.163,1.136,3255742.000
2022-03-23,1.142,1.166,1.180,1.134,5017971.000
2022-03-24,1.160,1.153,1.160,1.146,2919776.000
2022-03-25,1.154,1.143,1.171,1.142,3948305.000
2022-03-28,1.133,1.12,1.133,1.113,4179451.000
2022-03-29,1.129,1.132,1.156,1.126,5220253.000
2022-03-30,1.132,1.15,1.153,1.128,4620272.000
2022-03-31,1.145,1.127,1.147,1.121,3015577.000
2022-04-01,1.120,1.127,1.138,1.119,2289508.000
2022-04-06,1.123,1.103,1.124,1.097,4552223.000
2022-04-07,1.097,1.086,1.118,1.086,3457913.000
2022-04-08,1.087,1.076,1.089,1.064,3360264.000
2022-04-11,1.068,1.023,1.071,1.020,5299213.000
2022-04-12,1.019,1.039,1.040,1.009,4614595.000
2022-04-13,1.029,1.013,1.029,1.011,2763532.000
2022-04-14,1.016,1.013,1.019,1.003,3801229.000
2022-04-15,1.007,1.015,1.018,0.994,4388904.000
2022-04-18,1.005,1.044,1.045,0.999,5641471.000
2022-04-19,1.039,1.041,1.049,1.036,2476059.000
2022-04-20,1.041,1.024,1.044,1.019,3429778.000
2022-04-21,1.018,0.991,1.033,0.989,4993428.000
2022-04-22,0.987,0.976,0.988,0.966,3225414.000
2022-04-25,0.960,0.901,0.965,0.900,6543853.000
2022-04-26,0.906,0.862,0.907,0.861,9636012.000
2022-04-27,0.853,0.923,0.925,0.851,5999215.000
2022-04-28,0.915,0.927,0.943,0.907,5379601.000
2022-04-29,0.937,0.981,0.987,0.930,5355646.000
2022-05-05,0.987,1.018,1.037,0.982,7246533.000
2022-05-06,0.997,1.007,1.022,0.990,5514159.000
2022-05-09,1.007,1.033,1.036,1.000,5163384.000
2022-05-10,1.015,1.037,1.050,1.015,5007252.000
2022-05-11,1.046,1.032,1.060,1.030,5684026.000
2022-05-12,1.029,1.04,1.045,1.024,3589350.000
2022-05-13,1.043,1.043,1.048,1.033,2692993.000
2022-05-16,1.051,1.039,1.066,1.037,3317296.000
2022-05-17,1.037,1.052,1.055,1.027,3457009.000
2022-05-18,1.050,1.056,1.065,1.043,3639695.000
2022-05-19,1.041,1.063,1.064,1.037,4797925.000
2022-05-20,1.066,1.06,1.072,1.046,4910228.000
2022-05-23,1.059,1.057,1.059,1.040,3156846.000
2022-05-24,1.057,1.021,1.079,1.020,5579843.000
2022-05-25,1.019,1.032,1.034,1.013,3914595.000
2022-05-26,1.028,1.066,1.078,1.028,6749347.000
2022-05-27,1.079,1.063,1.083,1.055,5357953.000
2022-05-30,1.067,1.076,1.076,1.055,3494370.000
2022-05-31,1.075,1.081,1.082,1.059,3345993.000
2022-06-01,1.077,1.087,1.093,1.075,5498276.000
2022-06-02,1.080,1.111,1.112,1.078,4937681.000
2022-06-06,1.114,1.127,1.132,1.102,4869268.000
2022-06-07,1.125,1.124,1.136,1.112,4108632.000
2022-06-08,1.120,1.112,1.130,1.094,4809850.000
2022-06-09,1.110,1.086,1.110,1.078,3865954.000
2022-06-10,1.080,1.122,1.125,1.078,5520401.000
2022-06-13,1.118,1.123,1.130,1.105,5348442.000
2022-06-14,1.111,1.103,1.111,1.072,6330007.000
2022-06-15,1.102,1.109,1.124,1.100,4516681.000
2022-06-16,1.104,1.11,1.124,1.103,2969218.000
2022-06-17,1.100,1.114,1.115,1.091,4173347.000
2022-06-20,1.118,1.127,1.130,1.114,3872396.000
2022-06-21,1.124,1.105,1.126,1.094,4115857.000
2022-06-22,1.105,1.084,1.110,1.081,4999582.000
2022-06-23,1.081,1.145,1.146,1.081,8682689.000
2022-06-24,1.150,1.171,1.185,1.150,9317782.000
2022-06-27,1.176,1.171,1.181,1.160,6631561.000
2022-06-28,1.171,1.197,1.198,1.168,5692191.000
2022-06-29,1.193,1.163,1.194,1.158,5084931.000
2022-06-30,1.161,1.17,1.177,1.158,4891502.000
2022-07-01,1.172,1.167,1.186,1.160,4876181.000
2022-07-04,1.167,1.202,1.204,1.152,6239170.000
2022-07-05,1.202,1.19,1.204,1.174,5350084.000
2022-07-06,1.187,1.182,1.201,1.166,4501246.000
2022-07-07,1.180,1.203,1.210,1.177,5921994.000
2022-07-08,1.203,1.188,1.205,1.185,4393804.000
2022-07-11,1.189,1.178,1.189,1.159,4933108.000
2022-07-12,1.173,1.157,1.197,1.156,4830845.000
2022-07-13,1.150,1.151,1.162,1.140,3335214.000
2022-07-14,1.150,1.181,1.186,1.146,4504901.000
2022-07-15,1.176,1.161,1.189,1.160,3626963.000
2022-07-18,1.160,1.164,1.165,1.140,4663614.000
2022-07-19,1.163,1.17,1.180,1.155,3640358.000
2022-07-20,1.175,1.219,1.220,1.172,7220038.000
2022-07-21,1.212,1.196,1.213,1.192,6935034.000
2022-07-22,1.196,1.195,1.210,1.181,4922738.000
2022-07-25,1.201,1.181,1.214,1.173,5491662.000
2022-07-26,1.177,1.186,1.190,1.168,3688164.000
2022-07-27,1.185,1.197,1.209,1.182,4657239.000
2022-07-28,1.202,1.212,1.215,1.193,5570365.000
2022-07-29,1.209,1.191,1.211,1.180,6389632.000
2022-08-01,1.195,1.19,1.202,1.181,4238115.000
2022-08-02,1.205,1.174,1.213,1.167,9082522.000
2022-08-03,1.166,1.226,1.236,1.163,15396789.000
2022-08-04,1.230,1.2,1.230,1.192,9501128.000
2022-08-05,1.191,1.205,1.207,1.184,6958523.000
2022-08-08,1.205,1.23,1.232,1.198,7340271.000
2022-08-09,1.224,1.249,1.256,1.216,7225100.000
2022-08-10,1.246,1.251,1.267,1.241,5981537.000
2022-08-11,1.249,1.254,1.258,1.239,5243135.000
2022-08-12,1.252,1.227,1.252,1.226,4535911.000
2022-08-15,1.224,1.229,1.233,1.222,3851329.000
2022-08-16,1.230,1.231,1.246,1.225,3793159.000
2022-08-17,1.230,1.228,1.233,1.214,4027903.000
2022-08-18,1.226,1.237,1.238,1.222,3050576.000
2022-08-19,1.235,1.211,1.247,1.209,4622204.000
2022-08-22,1.205,1.227,1.231,1.200,3958861.000
2022-08-23,1.222,1.22,1.230,1.212,2761497.000
2022-08-24,1.221,1.172,1.222,1.170,6316125.000
2022-08-25,1.173,1.175,1.188,1.162,3934614.000
2022-08-26,1.175,1.153,1.179,1.148,5223229.000
2022-08-29,1.140,1.176,1.179,1.135,4325910.000
2022-08-30,1.173,1.166,1.180,1.163,2937957.000
2022-08-31,1.166,1.137,1.173,1.129,4369666.000
2022-09-01,1.135,1.132,1.148,1.129,3719516.000
2022-09-02,1.130,1.148,1.159,1.130,3636689.000
2022-09-05,1.146,1.151,1.164,1.142,2396521.000
2022-09-06,1.155,1.182,1.186,1.150,4206717.000
2022-09-07,1.178,1.192,1.195,1.175,3545676.000
2022-09-08,1.188,1.206,1.215,1.188,3250861.000
2022-09-09,1.206,1.2,1.217,1.191,2273309.000
2022-09-13,1.202,1.211,1.212,1.194,2598565.000
2022-09-14,1.195,1.221,1.228,1.193,3794813.000
2022-09-15,1.221,1.186,1.224,1.171,3740221.000
2022-09-16,1.178,1.181,1.216,1.178,5258587.000
2022-09-19,1.180,1.159,1.191,1.155,3895363.000
2022-09-20,1.162,1.163,1.180,1.159,2097560.000
2022-09-21,1.155,1.159,1.163,1.136,4510243.000
2022-09-22,1.153,1.182,1.191,1.150,4341369.000
2022-09-23,1.177,1.175,1.212,1.166,3368092.000
2022-09-26,1.166,1.139,1.168,1.135,4562384.000
2022-09-27,1.139,1.152,1.154,1.138,2545040.000
2022-09-28,1.152,1.11,1.165,1.108,3678437.000
2022-09-29,1.120,1.118,1.134,1.107,2423751.000
2022-09-30,1.116,1.086,1.117,1.080,4125833.000
2022-10-10,1.083,1.064,1.092,1.061,2242316.000
2022-10-11,1.065,1.07,1.075,1.056,2819085.000
2022-10-12,1.071,1.092,1.093,1.042,3190628.000
2022-10-13,1.087,1.099,1.111,1.082,3107605.000
2022-10-14,1.109,1.124,1.127,1.097,3494200.000
2022-10-17,1.130,1.155,1.159,1.124,4410828.000
2022-10-18,1.154,1.155,1.160,1.141,2283598.000
2022-10-19,1.152,1.148,1.161,1.140,2202819.000
2022-10-20,1.141,1.15,1.165,1.128,3458716.000
2022-10-21,1.153,1.152,1.161,1.137,2390804.000
2022-10-24,1.160,1.19,1.209,1.160,7960534.000
2022-10-25,1.190,1.193,1.202,1.172,4000507.000
2022-10-26,1.191,1.206,1.215,1.173,4832741.000
2022-10-27,1.206,1.203,1.215,1.193,3768335.000
2022-10-28,1.193,1.179,1.209,1.173,3686058.000
2022-10-31,1.171,1.21,1.219,1.156,5411597.000
2022-11-01,1.212,1.2,1.215,1.183,4624934.000
2022-11-02,1.199,1.196,1.205,1.185,5519981.000
2022-11-03,1.187,1.201,1.210,1.183,4205917.000
2022-11-04,1.201,1.208,1.209,1.193,4868247.000
2022-11-07,1.211,1.186,1.215,1.176,5545705.000
2022-11-08,1.180,1.187,1.192,1.175,3817471.000
2022-11-09,1.196,1.177,1.202,1.177,3753652.000
2022-11-10,1.169,1.153,1.173,1.147,4277259.000
2022-11-11,1.172,1.164,1.178,1.150,3983500.000
2022-11-14,1.157,1.149,1.167,1.145,3559235.000
2022-11-15,1.144,1.169,1.170,1.142,5414937.000
2022-11-16,1.170,1.171,1.190,1.165,4226294.000
2022-11-17,1.163,1.179,1.179,1.145,4100525.000
2022-11-18,1.175,1.16,1.180,1.158,2832832.000
2022-11-21,1.154,1.17,1.174,1.148,3371681.000
2022-11-22,1.167,1.172,1.187,1.160,3769959.000
2022-11-23,1.166,1.166,1.171,1.152,2318038.000
2022-11-24,1.163,1.156,1.173,1.152,1992043.000
2022-11-25,1.152,1.137,1.153,1.134,2969829.000
2022-11-28,1.127,1.136,1.137,1.114,3804702.000
2022-11-29,1.134,1.137,1.144,1.129,3774054.000
2022-11-30,1.139,1.134,1.143,1.127,3002830.000
2022-12-01,1.140,1.148,1.150,1.133,3619304.000
2022-12-02,1.143,1.133,1.154,1.132,3191033.000
2022-12-05,1.137,1.137,1.140,1.128,3123519.000
2022-12-06,1.137,1.143,1.143,1.124,3567290.000
2022-12-07,1.141,1.135,1.144,1.131,2626713.000
2022-12-08,1.132,1.118,1.134,1.117,2910996.000
2022-12-09,1.118,1.113,1.124,1.104,3365090.000
2022-12-12,1.110,1.122,1.125,1.101,3023281.000
2022-12-13,1.122,1.102,1.122,1.101,2668535.000
2022-12-14,1.103,1.095,1.114,1.094,2578912.000
2022-12-15,1.095,1.1,1.105,1.091,2494266.000
2022-12-16,1.096,1.085,1.099,1.080,2077861.000
2022-12-19,1.084,1.071,1.088,1.069,2388406.000
2022-12-20,1.072,1.072,1.085,1.065,2758688.000
2022-12-21,1.073,1.055,1.074,1.052,2351128.000
2022-12-22,1.058,1.045,1.061,1.040,2759417.000
2022-12-23,1.039,1.033,1.045,1.029,3868168.000
2022-12-26,1.039,1.064,1.068,1.036,4083305.000
2022-12-27,1.067,1.072,1.075,1.062,2955523.000
2022-12-28,1.070,1.059,1.077,1.055,2211634.000
2022-12-29,1.055,1.077,1.083,1.053,3473063.000
2022-12-30,1.076,1.076,1.084,1.070,2919686.000
2023-01-03,1.075,1.1,1.104,1.071,4751043.000
2023-01-04,1.100,1.096,1.105,1.090,4079843.000
2023-01-05,1.095,1.102,1.102,1.093,3094176.000
2023-01-06,1.101,1.096,1.106,1.093,6016069.000
2023-01-09,1.096,1.083,1.097,1.079,5883803.000
2023-01-10,1.084,1.073,1.085,1.067,4669751.000
2023-01-11,1.072,1.061,1.079,1.059,3074585.000
2023-01-12,1.077,1.065,1.082,1.062,4672596.000
2023-01-13,1.065,1.062,1.069,1.053,4011381.000
2023-01-16,1.063,1.079,1.081,1.061,5834805.000
2023-01-17,1.080,1.088,1.096,1.074,6378038.000
2023-01-18,1.089,1.092,1.095,1.083,4166653.000
2023-01-19,1.088,1.11,1.112,1.087,4709366.000
2023-01-20,1.111,1.118,1.123,1.109,4518578.000
2023-01-30,1.133,1.143,1.154,1.124,6962138.000
2023-01-31,1.138,1.147,1.150,1.136,4705772.000
2023-02-01,1.149,1.159,1.160,1.143,4185634.000
2023-02-02,1.163,1.143,1.168,1.140,4920882.000
2023-02-03,1.138,1.157,1.158,1.132,4768217.000
2023-02-06,1.153,1.148,1.161,1.142,3257739.000
2023-02-07,1.148,1.143,1.151,1.135,2902773.000
2023-02-08,1.143,1.124,1.143,1.123,3076985.000
2023-02-09,1.123,1.148,1.149,1.120,4141847.000
2023-02-10,1.146,1.137,1.149,1.132,3078962.000
2023-02-13,1.141,1.144,1.155,1.139,3554051.000
2023-02-14,1.144,1.138,1.146,1.133,2304417.000
2023-02-15,1.138,1.144,1.146,1.133,3157434.000
2023-02-16,1.143,1.123,1.146,1.111,3894320.000
2023-02-17,1.121,1.112,1.123,1.102,3859623.000
2023-02-20,1.110,1.116,1.118,1.096,3643064.000
2023-02-21,1.116,1.125,1.135,1.113,4153025.000
2023-02-22,1.120,1.129,1.134,1.118,2633208.000
2023-02-23,1.129,1.122,1.132,1.119,3166739.000
2023-02-24,1.122,1.14,1.148,1.122,5217598.000
2023-02-27,1.142,1.135,1.149,1.131,4081823.000
2023-02-28,1.133,1.137,1.139,1.127,2198603.000
2023-03-01,1.135,1.144,1.145,1.132,3418569.000
2023-03-02,1.144,1.145,1.158,1.142,4240582.000
2023-03-03,1.146,1.168,1.168,1.142,6674582.000
2023-03-06,1.175,1.175,1.187,1.170,6551120.000
2023-03-07,1.171,1.15,1.174,1.148,4553047.000
2023-03-08,1.146,1.166,1.168,1.143,3385742.000
2023-03-09,1.163,1.156,1.169,1.149,2116465.000
2023-03-10,1.150,1.138,1.154,1.137,2600272.000
2023-03-13,1.133,1.15,1.150,1.131,2191036.000
2023-03-14,1.147,1.144,1.154,1.129,2879772.000
2023-03-15,1.146,1.142,1.151,1.135,2340314.000
2023-03-16,1.133,1.112,1.136,1.110,4083028.000
2023-03-17,1.119,1.121,1.130,1.116,2759892.000
2023-03-20,1.125,1.107,1.125,1.105,2788710.000
2023-03-21,1.121,1.129,1.138,1.121,3944450.000
2023-03-22,1.129,1.126,1.130,1.122,2318402.000
2023-03-23,1.123,1.135,1.137,1.119,3822605.000
2023-03-24,1.134,1.126,1.134,1.120,3583093.000
2023-03-27,1.124,1.114,1.124,1.108,4002559.000
2023-03-28,1.112,1.097,1.115,1.096,3212649.000
2023-03-29,1.098,1.086,1.099,1.081,3915499.000
2023-03-30,1.083,1.088,1.090,1.080,3141039.000
2023-03-31,1.087,1.091,1.091,1.084,3728022.000
2023-04-03,1.091,1.109,1.110,1.089,4197154.000
2023-04-04,1.110,1.107,1.113,1.101,3222620.000
2023-04-06,1.107,1.122,1.123,1.099,6225240.000
2023-04-07,1.119,1.125,1.129,1.117,3517571.000
2023-04-10,1.132,1.117,1.135,1.114,3127099.000
2023-04-11,1.116,1.109,1.116,1.103,4150341.000
2023-04-12,1.106,1.111,1.114,1.105,2234517.000
2023-04-13,1.112,1.107,1.114,1.102,2068912.000
2023-04-14,1.108,1.109,1.110,1.100,2538218.000
2023-04-17,1.109,1.112,1.112,1.103,2775659.000
2023-04-18,1.112,1.107,1.112,1.100,3423210.000
2023-04-19,1.106,1.099,1.106,1.096,2668685.000
2023-04-20,1.097,1.092,1.100,1.087,2742269.000
2023-04-21,1.090,1.091,1.115,1.088,5906693.000
2023-04-24,1.091,1.077,1.093,1.070,4438168.000
2023-04-25,1.075,1.056,1.080,1.047,3508053.000
2023-04-26,1.051,1.066,1.074,1.050,2575340.000
2023-04-27,1.063,1.088,1.091,1.058,4019312.000
2023-04-28,1.087,1.091,1.092,1.082,3111817.000
2023-05-04,1.088,1.09,1.098,1.083,2150690.000
2023-05-05,1.088,1.077,1.090,1.071,2195603.000
2023-05-08,1.078,1.112,1.113,1.076,5640022.000
2023-05-09,1.112,1.092,1.122,1.091,5586344.000
2023-05-10,1.090,1.083,1.090,1.076,2886457.000
2023-05-11,1.083,1.073,1.084,1.070,3002464.000
2023-05-12,1.071,1.057,1.076,1.055,3425863.000
2023-05-15,1.056,1.088,1.090,1.053,4431226.000
2023-05-16,1.085,1.081,1.092,1.078,2317183.000
2023-05-17,1.077,1.108,1.111,1.076,5361596.000
2023-05-18,1.105,1.106,1.111,1.099,2730279.000
2023-05-19,1.102,1.107,1.111,1.096,2777323.000
2023-05-22,1.105,1.1,1.110,1.093,2843544.000
2023-05-23,1.099,1.082,1.099,1.081,2460093.000
2023-05-24,1.081,1.077,1.092,1.072,2559332.000
2023-05-25,1.073,1.081,1.087,1.070,2116706.000
2023-05-26,1.080,1.078,1.081,1.067,2408328.000
2023-05-29,1.088,1.08,1.096,1.078,2739746.000
2023-05-30,1.076,1.072,1.079,1.055,3040149.000
2023-05-31,1.070,1.076,1.085,1.067,2857002.000
2023-06-01,1.073,1.086,1.089,1.064,2552651.000
2023-06-02,1.085,1.08,1.088,1.077,3146179.000
2023-06-05,1.078,1.069,1.081,1.067,2316938.000
2023-06-06,1.068,1.046,1.069,1.042,4448624.000
2023-06-07,1.045,1.038,1.046,1.035,2583920.000
2023-06-08,1.036,1.036,1.040,1.028,2696773.000
2023-06-09,1.037,1.042,1.042,1.026,2893572.000
2023-06-12,1.036,1.038,1.043,1.035,2600746.000
2023-06-13,1.037,1.04,1.041,1.028,2633134.000
2023-06-14,1.039,1.039,1.042,1.036,2839311.000
2023-06-15,1.037,1.047,1.050,1.034,4070890.000
2023-06-16,1.048,1.064,1.068,1.048,5071726.000
2023-06-19,1.062,1.072,1.077,1.060,3675017.000
2023-06-20,1.072,1.103,1.107,1.068,7913085.000
2023-06-21,1.101,1.09,1.105,1.087,3152776.000
2023-06-26,1.085,1.072,1.092,1.070,2688953.000
2023-06-27,1.074,1.09,1.094,1.072,3014328.000
2023-06-28,1.089,1.097,1.103,1.073,6078648.000
2023-06-29,1.093,1.103,1.110,1.091,2856948.000
2023-06-30,1.105,1.124,1.128,1.103,4036754.000
2023-07-03,1.124,1.132,1.140,1.124,4725182.000
2023-07-04,1.130,1.134,1.139,1.127,2880023.000
2023-07-05,1.129,1.119,1.134,1.118,3004751.000
2023-07-06,1.118,1.112,1.123,1.110,2399265.000
2023-07-07,1.108,1.101,1.111,1.097,2045505.000
2023-07-10,1.102,1.106,1.113,1.099,2006056.000
2023-07-11,1.107,1.112,1.116,1.106,1726710.000
2023-07-12,1.113,1.092,1.114,1.091,2698518.000
2023-07-13,1.092,1.099,1.101,1.092,1506723.000
2023-07-14,1.100,1.094,1.103,1.093,3952420.000
2023-07-17,1.094,1.099,1.099,1.087,2533778.000
2023-07-18,1.096,1.1,1.106,1.091,1832430.000
2023-07-19,1.100,1.091,1.102,1.085,1671897.000
2023-07-20,1.091,1.07,1.092,1.069,2132091.000
2023-07-21,1.069,1.067,1.075,1.062,1595050.000
2023-07-24,1.065,1.075,1.082,1.063,2075025.000
2023-07-25,1.082,1.084,1.084,1.072,3125548.000
2023-07-26,1.082,1.076,1.083,1.073,1855315.000
2023-07-27,1.078,1.073,1.085,1.068,3095167.000
2023-07-28,1.068,1.071,1.072,1.056,4919991.000
2023-07-31,1.073,1.078,1.079,1.070,3472596.000
2023-08-01,1.077,1.081,1.083,1.074,3549299.000
2023-08-02,1.078,1.073,1.085,1.071,2104591.000
2023-08-03,1.071,1.072,1.073,1.065,1958737.000
2023-08-04,1.072,1.071,1.076,1.064,2468776.000
2023-08-07,1.068,1.067,1.072,1.065,2446741.000
2023-08-08,1.065,1.054,1.066,1.049,4910622.000
2023-08-09,1.051,1.05,1.053,1.047,3490756.000
2023-08-10,1.050,1.05,1.056,1.047,2683150.000
2023-08-11,1.050,1.04,1.052,1.036,3519430.000
2023-08-14,1.033,1.042,1.044,1.025,4197962.000
2023-08-15,1.040,1.031,1.043,1.025,3000512.000
2023-08-16,1.027,1.015,1.033,1.015,3293511.000
2023-08-17,1.012,1.047,1.049,1.006,6030691.000
2023-08-18,1.043,1.037,1.056,1.037,3674227.000
2023-08-21,1.040,1.02,1.043,1.019,3095564.000
2023-08-22,1.020,1.033,1.036,1.016,3756350.000
2023-08-23,1.030,1.01,1.030,1.009,3234302.000
2023-08-24,1.011,1.011,1.019,1.000,2948431.000
2023-08-25,1.006,0.994,1.012,0.991,3343387.000
2023-08-28,1.039,1.003,1.045,0.999,4363033.000
2023-08-29,1.000,1.031,1.037,0.998,4942294.000
2023-08-30,1.031,1.04,1.051,1.031,3367076.000
2023-08-31,1.039,1.035,1.043,1.030,1669188.000
2023-09-01,1.034,1.029,1.036,1.023,1964392.000
2023-09-04,1.031,1.038,1.039,1.027,2898888.000
2023-09-05,1.037,1.036,1.045,1.034,2326934.000
2023-09-06,1.034,1.053,1.056,1.027,3640137.000
2023-09-07,1.052,1.038,1.056,1.037,2742734.000
2023-09-08,1.037,1.062,1.064,1.033,4630136.000
2023-09-11,1.063,1.054,1.064,1.046,2757930.000
2023-09-12,1.051,1.048,1.052,1.043,1766347.000
2023-09-13,1.046,1.031,1.046,1.026,2673013.000
2023-09-14,1.030,1.029,1.035,1.026,1372337.000
2023-09-15,1.029,1.03,1.031,1.023,1826141.000
2023-09-18,1.025,1.022,1.026,1.017,1734386.000
2023-09-19,1.021,1.008,1.021,1.005,2102274.000
2023-09-20,1.006,0.998,1.009,0.998,2134703.000
2023-09-21,1.000,0.999,1.011,0.998,2013784.000
2023-09-22,0.994,1.012,1.013,0.994,2145988.000
2023-09-25,1.010,0.999,1.011,0.998,1766862.000
2023-09-26,0.998,0.989,0.999,0.989,2448086.000
2023-09-27,0.988,0.991,0.998,0.987,2066900.000
2023-09-28,0.991,1.004,1.005,0.990,2372353.000
2023-10-09,1.005,1.01,1.015,0.999,2166690.000
2023-10-10,1.011,1.008,1.015,1.004,1613943.000
2023-10-11,1.008,0.996,1.008,0.992,2800184.000
2023-10-12,0.998,0.996,1.000,0.990,2506661.000
2023-10-13,0.991,0.981,0.992,0.977,2921735.000
2023-10-16,0.980,0.973,0.985,0.968,2499324.000
2023-10-17,0.971,0.977,0.977,0.963,2409755.000
2023-10-18,0.973,0.961,0.973,0.960,2067366.000
2023-10-19,0.957,0.95,0.966,0.948,2584719.000
2023-10-20,0.948,0.937,0.952,0.935,2296898.000
2023-10-23,0.935,0.927,0.944,0.922,3061137.000
2023-10-24,0.929,0.933,0.936,0.919,2795956.000
2023-10-25,0.938,0.945,0.956,0.937,3137292.000
2023-10-26,0.943,0.957,0.958,0.933,2639612.000
2023-10-27,0.954,0.964,0.968,0.946,2671129.000
2023-10-30,0.959,0.974,0.975,0.958,3606848.000
2023-10-31,0.970,0.972,0.977,0.965,1756395.000
2023-11-01,0.972,0.97,0.976,0.966,1289647.000
2023-11-02,0.968,0.951,0.973,0.950,2980256.000
2023-11-03,0.951,0.969,0.972,0.951,2224909.000
2023-11-06,0.971,0.982,0.983,0.970,3032318.000
2023-11-07,0.979,0.978,0.982,0.974,1596920.000
2023-11-08,0.979,0.977,0.982,0.971,2390978.000
2023-11-09,0.977,0.974,0.981,0.970,1472932.000
2023-11-10,0.971,0.976,0.978,0.967,1489077.000
2023-11-13,0.978,1.006,1.007,0.974,5810452.000
2023-11-14,1.005,1.013,1.020,1.003,4172710.000
2023-11-15,1.015,1.01,1.018,1.004,2182887.000
2023-11-16,1.010,1.0,1.013,1.000,2258473.000
2023-11-17,1.000,1.0,1.001,0.993,1478864.000
2023-11-20,1.001,1.019,1.020,0.999,3796417.000
2023-11-21,1.018,1.006,1.020,1.004,2690797.000
2023-11-22,1.005,0.993,1.009,0.993,2288031.000
2023-11-23,0.993,1.0,1.002,0.990,1406947.000
2023-11-24,1.001,0.983,1.003,0.980,2741159.000
2023-11-27,0.983,0.987,0.989,0.976,1896265.000
2023-11-28,0.985,0.989,0.990,0.981,1646708.000
2023-11-29,0.987,0.984,0.993,0.982,1336624.000
2023-11-30,0.984,0.978,0.988,0.970,1658298.000
2023-12-01,0.976,0.981,0.983,0.971,1239923.000
2023-12-04,0.983,0.987,0.992,0.981,1657728.000
2023-12-05,0.984,0.964,0.985,0.963,1849536.000
2023-12-06,0.964,0.965,0.970,0.960,1854023.000
2023-12-07,0.964,0.958,0.964,0.952,1809029.000
2023-12-08,0.956,0.944,0.959,0.942,3308762.000
2023-12-11,0.942,0.963,0.964,0.936,2777938.000
2023-12-12,0.960,0.968,0.977,0.959,1906075.000
2023-12-13,0.965,0.963,0.978,0.963,1458780.000
2023-12-14,0.968,0.959,0.972,0.956,1906054.000
2023-12-15,0.960,0.951,0.961,0.947,1513961.000
2023-12-18,0.947,0.932,0.947,0.927,2168487.000
2023-12-19,0.932,0.929,0.935,0.923,1689371.000
2023-12-20,0.928,0.908,0.930,0.907,2289944.000
2023-12-21,0.906,0.916,0.919,0.899,2463902.000
2023-12-22,0.918,0.933,0.942,0.917,4423397.000
2023-12-25,0.934,0.946,0.957,0.932,4168084.000
2023-12-26,0.945,0.936,0.945,0.927,2449459.000
2023-12-27,0.936,0.935,0.938,0.926,1928261.000
2023-12-28,0.934,0.949,0.953,0.932,3063044.000
2023-12-29,0.948,0.96,0.962,0.946,2338712.000
2024-01-02,0.963,0.966,0.981,0.960,3869173.000
2024-01-03,0.963,0.956,0.964,0.948,2044271.000
2024-01-04,0.954,0.945,0.958,0.938,3310134.000
2024-01-05,0.940,0.915,0.944,0.910,3795647.000
2024-01-08,0.913,0.888,0.914,0.888,3349264.000
2024-01-09,0.889,0.883,0.894,0.876,4018729.000
2024-01-10,0.882,0.874,0.887,0.866,2988249.000
2024-01-11,0.873,0.89,0.892,0.872,3876167.000
2024-01-12,0.889,0.888,0.893,0.881,2506113.000
2024-01-15,0.883,0.867,0.883,0.865,3383145.000
2024-01-16,0.863,0.86,0.868,0.847,3362543.000
2024-01-17,0.856,0.832,0.858,0.830,2917714.000
2024-01-18,0.826,0.839,0.841,0.806,5373259.000
2024-01-19,0.833,0.825,0.837,0.824,2558187.000
2024-01-22,0.822,0.788,0.824,0.783,3351301.000
2024-01-23,0.785,0.799,0.803,0.779,4480951.000
2024-01-24,0.802,0.812,0.813,0.781,3006030.000
2024-01-25,0.810,0.848,0.850,0.808,6084430.000
2024-01-26,0.847,0.839,0.850,0.836,2435742.000
2024-01-29,0.842,0.823,0.845,0.823,2604503.000
2024-01-30,0.819,0.81,0.830,0.808,3040847.000
2024-01-31,0.802,0.777,0.805,0.775,3333168.000
2024-02-01,0.770,0.774,0.788,0.763,2412622.000
2024-02-02,0.775,0.747,0.782,0.722,3924905.000
2024-02-05,0.739,0.724,0.744,0.693,3830529.000
2024-02-06,0.716,0.771,0.772,0.707,3909687.000
2024-02-07,0.768,0.809,0.810,0.768,4855891.000
2024-02-08,0.814,0.832,0.844,0.813,2953568.000
2024-02-19,0.838,0.831,0.841,0.818,2690003.000
2024-02-20,0.828,0.83,0.831,0.818,1565110.000
2024-02-21,0.824,0.834,0.852,0.820,3846013.000
2024-02-22,0.833,0.843,0.844,0.831,2101681.000
2024-02-23,0.843,0.851,0.852,0.833,2459954.000
2024-02-26,0.851,0.855,0.867,0.848,2360764.000
2024-02-27,0.855,0.882,0.883,0.851,3070640.000
2024-02-28,0.882,0.849,0.893,0.846,3709561.000
2024-02-29,0.846,0.883,0.885,0.844,2783423.000
2024-03-01,0.885,0.897,0.897,0.881,2472724.000
2024-03-04,0.896,0.897,0.902,0.886,2021608.000
2024-03-05,0.895,0.903,0.913,0.891,3256434.000
2024-03-06,0.901,0.899,0.908,0.889,2189194.000
2024-03-07,0.899,0.878,0.906,0.877,2095621.000
2024-03-08,0.881,0.892,0.895,0.875,1898972.000
2024-03-11,0.890,0.904,0.905,0.888,2215525.000
2024-03-12,0.904,0.907,0.918,0.901,3540348.000
2024-03-13,0.907,0.909,0.917,0.897,2837238.000
2024-03-14,0.906,0.893,0.908,0.886,2292905.000
2024-03-15,0.890,0.901,0.901,0.886,1733276.000
2024-03-18,0.902,0.922,0.922,0.902,2648090.000
2024-03-19,0.922,0.918,0.927,0.915,1967231.000
2024-03-20,0.917,0.92,0.925,0.914,1486914.000
2024-03-21,0.920,0.92,0.925,0.910,1731704.000
2024-03-22,0.920,0.907,0.920,0.900,2415659.000
2024-03-25,0.905,0.886,0.907,0.885,2263839.000
2024-03-26,0.886,0.884,0.892,0.873,1759337.000
2024-03-27,0.883,0.852,0.883,0.852,2325658.000
2024-03-28,0.852,0.886,0.892,0.852,3506587.000
2024-03-29,0.886,0.9,0.902,0.882,2891406.000
2024-04-01,0.905,0.909,0.911,0.900,2670681.000
2024-04-02,0.908,0.899,0.908,0.893,1622996.000
2024-04-03,0.894,0.885,0.894,0.880,1915239.000
2024-04-08,0.881,0.867,0.882,0.866,2346167.000
2024-04-09,0.867,0.871,0.877,0.863,1418568.000
2024-04-10,0.868,0.855,0.868,0.846,2292031.000
2024-04-11,0.850,0.851,0.862,0.848,2083774.000
2024-04-12,0.851,0.847,0.859,0.845,1597974.000
2024-04-15,0.848,0.868,0.875,0.842,3715301.000
2024-04-16,0.864,0.833,0.864,0.832,2589998.000
2024-04-17,0.835,0.862,0.863,0.835,2241667.000
2024-04-18,0.858,0.866,0.875,0.853,2296654.000
2024-04-19,0.860,0.877,0.879,0.858,4097739.000
2024-04-22,0.881,0.89,0.899,0.872,3443480.000
2024-04-23,0.886,0.875,0.888,0.871,3268060.000
2024-04-24,0.875,0.893,0.894,0.873,2986919.000
2024-04-25,0.892,0.883,0.894,0.878,2151350.000
2024-04-26,0.880,0.892,0.897,0.878,3263074.000
2024-04-29,0.892,0.903,0.905,0.884,5150763.000
2024-04-30,0.902,0.891,0.906,0.886,2224862.000
2024-05-06,0.897,0.899,0.906,0.895,2515086.000
2024-05-07,0.897,0.923,0.926,0.894,4781653.000
2024-05-08,0.920,0.91,0.920,0.909,2445514.000
2024-05-09,0.910,0.94,0.942,0.908,5329580.000
2024-05-10,0.942,0.932,0.947,0.927,4272283.000
2024-05-13,0.925,0.922,0.931,0.910,2982261.000
2024-05-14,0.922,0.917,0.928,0.914,1678500.000
2024-05-15,0.916,0.905,0.919,0.903,1875385.000
2024-05-16,0.906,0.901,0.913,0.898,2422120.000
2024-05-17,0.902,0.918,0.918,0.896,3730239.000
2024-05-20,0.918,0.928,0.935,0.913,3813246.000
2024-05-21,0.924,0.914,0.924,0.912,2327028.000
2024-05-22,0.914,0.91,0.917,0.900,2314139.000
2024-05-23,0.912,0.903,0.918,0.901,4123226.000
2024-05-24,0.898,0.883,0.899,0.883,3625126.000
2024-05-27,0.885,0.89,0.890,0.870,2236714.000
2024-05-28,0.887,0.885,0.897,0.879,2103561.000
2024-05-29,0.886,0.881,0.893,0.876,1577652.000
2024-05-30,0.877,0.896,0.903,0.870,3699763.000
2024-05-31,0.894,0.905,0.911,0.893,2831953.000
2024-06-03,0.906,0.901,0.912,0.893,2727738.000
2024-06-04,0.900,0.91,0.911,0.892,2325838.000
2024-06-05,0.906,0.916,0.932,0.906,5298564.000
2024-06-06,0.917,0.898,0.917,0.895,4264840.000
2024-06-07,0.900,0.902,0.911,0.892,2513743.000
2024-06-11,0.899,0.911,0.913,0.893,3051505.000
2024-06-12,0.907,0.91,0.920,0.905,2832843.000
2024-06-13,0.910,0.914,0.919,0.905,2847083.000
2024-06-14,0.912,0.903,0.912,0.897,2892554.000
2024-06-17,0.898,0.905,0.909,0.896,2143428.000
2024-06-18,0.905,0.91,0.914,0.901,2201721.000
2024-06-19,0.911,0.898,0.912,0.896,2167753.000
2024-06-20,0.897,0.88,0.900,0.879,3211259.000
2024-06-21,0.879,0.882,0.887,0.875,1590451.000
2024-06-24,0.880,0.86,0.883,0.859,2128865.000
2024-06-25,0.860,0.847,0.865,0.840,2218137.000
2024-06-26,0.848,0.865,0.866,0.841,1945131.000
2024-06-27,0.863,0.852,0.863,0.851,1508008.000
2024-06-28,0.852,0.879,0.885,0.851,4286320.000
2024-07-01,0.877,0.879,0.881,0.865,2108534.000
2024-07-02,0.878,0.872,0.881,0.868,2007919.000
2024-07-03,0.870,0.857,0.871,0.855,1981020.000
2024-07-04,0.857,0.847,0.864,0.846,2009303.000
2024-07-05,0.844,0.849,0.851,0.835,2010561.000
2024-07-08,0.846,0.834,0.848,0.832,1869046.000
2024-07-09,0.834,0.847,0.850,0.826,3082672.000
2024-07-10,0.844,0.846,0.851,0.842,1766993.000
2024-07-11,0.854,0.867,0.869,0.852,2724798.000
2024-07-12,0.867,0.863,0.870,0.860,1633915.000
2024-07-15,0.863,0.859,0.869,0.854,1849571.000
2024-07-16,0.858,0.864,0.865,0.853,1571435.000
2024-07-17,0.865,0.858,0.866,0.858,1433655.000
2024-07-18,0.855,0.877,0.879,0.849,3324727.000
2024-07-19,0.872,0.89,0.893,0.871,3394861.000
2024-07-22,0.891,0.895,0.902,0.889,2698955.000
2024-07-23,0.894,0.87,0.896,0.868,2724040.000
2024-07-24,0.866,0.873,0.888,0.865,3698821.000
2024-07-25,0.871,0.866,0.873,0.858,2339532.000
2024-07-26,0.866,0.895,0.898,0.865,4166518.000
2024-07-29,0.899,0.902,0.911,0.896,3716295.000
2024-07-30,0.900,0.907,0.912,0.889,3320042.000
2024-07-31,0.906,0.92,0.920,0.898,5087091.000
2024-08-01,0.918,0.922,0.937,0.916,4493680.000
2024-08-02,0.915,0.913,0.935,0.910,3491193.000
2024-08-05,0.908,0.884,0.921,0.883,3596060.000
2024-08-06,0.890,0.906,0.912,0.889,3531713.000
2024-08-07,0.907,0.912,0.919,0.902,3575892.000
2024-08-08,0.907,0.883,0.907,0.880,3717173.000
2024-08-09,0.884,0.873,0.891,0.873,2269406.000
2024-08-12,0.871,0.865,0.871,0.861,2339702.000
2024-08-13,0.865,0.875,0.876,0.865,2076246.000
2024-08-14,0.875,0.864,0.875,0.864,1457658.000
2024-08-15,0.863,0.867,0.877,0.861,2281649.000
2024-08-16,0.869,0.856,0.871,0.854,2602931.000
2024-08-19,0.852,0.853,0.862,0.850,1887637.000
2024-08-20,0.854,0.839,0.854,0.832,3112604.000
2024-08-21,0.836,0.834,0.841,0.831,1658833.000
2024-08-22,0.834,0.831,0.840,0.826,1676276.000
2024-08-23,0.829,0.832,0.833,0.824,1723881.000
2024-08-26,0.830,0.825,0.830,0.820,1678887.000
2024-08-27,0.822,0.811,0.823,0.810,1553163.000
2024-08-28,0.810,0.819,0.824,0.809,2423352.000
2024-08-29,0.818,0.833,0.837,0.814,2317628.000
2024-08-30,0.833,0.843,0.852,0.831,3452096.000
2024-09-02,0.840,0.812,0.841,0.811,2833297.000
2024-09-03,0.818,0.824,0.826,0.816,2602233.000
2024-09-04,0.818,0.822,0.826,0.814,1482686.000
2024-09-05,0.822,0.826,0.830,0.821,1294101.000
2024-09-06,0.826,0.814,0.826,0.813,1799778.000
2024-09-09,0.812,0.811,0.818,0.807,1606348.000
2024-09-10,0.811,0.817,0.818,0.802,1890611.000
2024-09-11,0.813,0.816,0.817,0.810,1482245.000
2024-09-12,0.817,0.812,0.823,0.811,1540102.000
2024-09-13,0.814,0.805,0.814,0.803,2073180.000
2024-09-18,0.803,0.805,0.808,0.794,2331874.000
2024-09-19,0.810,0.806,0.811,0.790,4213728.000
2024-09-20,0.803,0.791,0.803,0.785,2798100.000
2024-09-23,0.788,0.795,0.802,0.787,2236872.000
2024-09-24,0.800,0.821,0.821,0.790,4315919.000
2024-09-25,0.824,0.833,0.845,0.824,4106739.000
2024-09-26,0.830,0.863,0.863,0.828,4192879.000
2024-09-27,0.871,0.909,0.914,0.871,4822189.000
2024-09-30,0.953,1.0,1.000,0.928,11179860.000
2024-10-08,1.100,1.1,1.100,1.025,20309481.000
2024-10-09,1.077,1.015,1.077,1.005,13951509.000
2024-10-10,1.016,1.021,1.059,0.994,10364806.000
2024-10-11,1.014,0.968,1.014,0.953,9778075.000
2024-10-14,0.991,1.008,1.009,0.972,12063482.000
2024-10-15,0.998,1.0,1.028,0.980,9939185.000
2024-10-16,0.984,0.987,1.006,0.977,6203454.000
2024-10-17,0.991,0.993,1.010,0.991,6370377.000
2024-10-18,0.992,1.033,1.055,0.983,11312305.000
2024-10-21,1.052,1.085,1.098,1.045,15307286.000
2024-10-22,1.085,1.061,1.085,1.049,9963854.000
2024-10-23,1.055,1.087,1.110,1.051,14804515.000
2024-10-24,1.081,1.06,1.081,1.051,7889348.000
2024-10-25,1.059,1.071,1.078,1.059,7465901.000
2024-10-28,1.079,1.088,1.103,1.072,7518463.000
2024-10-29,1.088,1.078,1.097,1.076,6986990.000
2024-10-30,1.072,1.08,1.092,1.069,5829825.000
2024-10-31,1.077,1.087,1.094,1.069,5291587.000
2024-11-01,1.086,1.056,1.094,1.052,5827171.000
2024-11-04,1.057,1.079,1.085,1.056,5280601.000
2024-11-05,1.091,1.151,1.152,1.091,12207179.000
2024-11-06,1.167,1.161,1.183,1.148,11853825.000
2024-11-07,1.143,1.153,1.154,1.118,12524379.000
2024-11-08,1.155,1.185,1.200,1.155,11539678.000
2024-11-11,1.201,1.217,1.219,1.181,7804843.000
2024-11-12,1.216,1.168,1.216,1.157,12131933.000
2024-11-13,1.163,1.17,1.176,1.151,6516344.000
2024-11-14,1.168,1.123,1.168,1.120,8761978.000
2024-11-15,1.120,1.084,1.123,1.083,9091722.000
2024-11-18,1.084,1.062,1.088,1.055,6109579.000
2024-11-19,1.064,1.08,1.081,1.049,6746072.000
2024-11-20,1.078,1.094,1.098,1.072,4648049.000
2024-11-21,1.092,1.093,1.099,1.083,4343565.000
2024-11-22,1.095,1.054,1.095,1.053,6388477.000
2024-11-25,1.052,1.04,1.053,1.022,4733268.000
2024-11-26,1.038,1.028,1.048,1.028,2451575.000
2024-11-27,1.027,1.062,1.064,1.012,5576104.000
2024-11-28,1.061,1.055,1.075,1.053,4046289.000
2024-11-29,1.050,1.066,1.077,1.043,5289868.000
2024-12-02,1.067,1.077,1.081,1.066,3725490.000
2024-12-03,1.078,1.067,1.079,1.059,3455683.000
2024-12-04,1.067,1.057,1.069,1.052,3133405.000
2024-12-05,1.056,1.068,1.075,1.053,3162439.000
2024-12-06,1.071,1.078,1.085,1.064,5492001.000
2024-12-09,1.076,1.064,1.076,1.057,2993459.000
2024-12-10,1.090,1.079,1.096,1.076,5571566.000
2024-12-11,1.078,1.083,1.083,1.073,2870014.000
2024-12-12,1.088,1.099,1.100,1.084,5826376.000
2024-12-13,1.090,1.071,1.092,1.069,3983866.000
2024-12-16,1.066,1.052,1.068,1.049,3151723.000
2024-12-17,1.052,1.04,1.057,1.037,3020376.000
2024-12-18,1.045,1.048,1.053,1.041,2821054.000
2024-12-19,1.039,1.05,1.052,1.032,3075745.000
2024-12-20,1.050,1.06,1.066,1.046,3460310.000
2024-12-23,1.060,1.042,1.060,1.040,2919921.000
2024-12-24,1.041,1.045,1.049,1.036,3137688.000
2024-12-25,1.045,1.039,1.045,1.030,3010868.000
2024-12-26,1.044,1.053,1.058,1.043,4746423.000
2024-12-27,1.073,1.07,1.084,1.065,8130207.000
2024-12-30,1.075,1.065,1.075,1.058,3241017.000
2024-12-31,1.064,1.042,1.064,1.040,3953888.000
2025-01-02,1.039,0.996,1.039,0.986,5743735.000
2025-01-03,0.996,0.966,0.997,0.965,4129680.000
2025-01-06,0.965,0.955,0.973,0.947,4575920.000
2025-01-07,0.956,0.972,0.973,0.956,4469167.000
2025-01-08,0.972,0.965,0.974,0.940,3951640.000
2025-01-09,0.961,0.979,0.986,0.959,4188889.000
2025-01-10,0.976,0.967,0.994,0.966,4152353.000
2025-01-13,0.955,0.964,0.976,0.948,2357917.000
2025-01-14,0.966,1.0,1.002,0.963,3722918.000
2025-01-15,0.997,0.984,1.000,0.982,3240207.000
2025-01-16,0.989,0.983,1.000,0.975,3626699.000
2025-01-17,0.981,0.992,1.001,0.978,3726002.000
2025-01-20,0.999,1.002,1.009,0.997,2965771.000
2025-01-21,1.006,0.996,1.006,0.988,2550550.000
2025-01-22,0.995,0.989,0.995,0.982,1796059.000
2025-01-23,0.996,0.982,1.009,0.981,3210413.000
2025-01-24,0.980,0.99,0.993,0.979,1919661.000
2025-01-27,0.995,0.98,0.999,0.979,2082545.000
2025-02-05,0.982,0.988,0.995,0.978,2253951.000
2025-02-06,0.989,1.019,1.021,0.983,5191383.000
2025-02-07,1.019,1.028,1.038,1.015,6229435.000
2025-02-10,1.029,1.039,1.040,1.029,3767146.000
2025-02-11,1.040,1.027,1.040,1.022,2646006.000
2025-02-12,1.023,1.037,1.038,1.022,3623530.000
2025-02-13,1.036,1.028,1.044,1.027,2717697.000
2025-02-14,1.026,1.025,1.028,1.017,3367960.000
2025-02-17,1.026,1.025,1.029,1.018,3270497.000
2025-02-18,1.025,0.999,1.025,0.993,5105590.000
2025-02-19,0.998,1.016,1.016,0.997,2826837.000
2025-02-20,1.016,1.035,1.035,1.011,5322028.000
2025-02-21,1.034,1.043,1.046,1.029,5546443.000
2025-02-24,1.044,1.046,1.055,1.036,4059209.000
2025-02-25,1.035,1.038,1.051,1.029,3671162.000
2025-02-26,1.038,1.048,1.051,1.034,3271453.000
2025-02-27,1.047,1.037,1.047,1.020,3691491.000
2025-02-28,1.030,1.006,1.034,1.004,4743896.000
2025-03-03,1.007,1.011,1.023,1.004,4224521.000
2025-03-04,1.009,1.04,1.043,1.007,8439543.000
2025-03-05,1.040,1.044,1.049,1.034,5449729.000
2025-03-06,1.046,1.058,1.061,1.040,5436996.000
2025-03-07,1.055,1.072,1.093,1.052,8224154.000
2025-03-10,1.080,1.079,1.090,1.073,6764742.000
2025-03-11,1.067,1.099,1.101,1.063,7535201.000
2025-03-12,1.106,1.095,1.115,1.094,8757102.000
2025-03-13,1.094,1.093,1.100,1.076,5935645.000
2025-03-14,1.094,1.095,1.099,1.076,5769508.000
2025-03-17,1.096,1.091,1.103,1.090,4819583.000
2025-03-18,1.091,1.088,1.101,1.085,3347565.000
2025-03-19,1.083,1.076,1.085,1.073,4838840.000
2025-03-20,1.075,1.082,1.096,1.069,4415590.000
2025-03-21,1.078,1.077,1.096,1.070,4829979.000
2025-03-24,1.076,1.059,1.079,1.040,4721277.000
2025-03-25,1.056,1.054,1.076,1.052,3653155.000
2025-03-26,1.053,1.052,1.064,1.050,3032293.000
2025-03-27,1.051,1.049,1.060,1.033,4566748.000
2025-03-28,1.049,1.04,1.053,1.036,3353667.000
2025-03-31,1.033,1.021,1.034,1.011,4620138.000
2025-04-01,1.025,1.035,1.048,1.025,6418483.000
2025-04-02,1.035,1.023,1.035,1.018,4917548.000
2025-04-03,1.015,1.02,1.032,1.013,5261799.000
2025-04-07,0.995,0.927,0.995,0.918,9307527.000
2025-04-08,0.934,0.946,0.950,0.929,7659988.000
2025-04-09,0.939,0.999,1.006,0.932,13908350.000
2025-04-10,1.004,1.01,1.021,0.993,11645579.000
2025-04-11,1.007,1.021,1.032,1.005,10392429.000
2025-04-14,1.021,1.023,1.029,1.019,4737200.000
2025-04-15,1.021,1.005,1.022,0.998,3977179.000
2025-04-16,1.005,1.0,1.014,0.990,4230772.000
2025-04-17,0.995,1.001,1.014,0.993,5650118.000
2025-04-18,0.997,0.995,0.999,0.988,3642373.000
2025-04-21,0.994,1.012,1.012,0.992,5003091.000
2025-04-22,1.011,1.006,1.014,1.004,2569647.000
2025-04-23,1.008,1.005,1.012,0.999,6384483.000
2025-04-24,1.001,0.995,1.004,0.990,4472332.000
2025-04-25,0.996,0.998,1.004,0.988,4376598.000
2025-04-28,0.998,0.991,1.002,0.989,2206551.000
2025-04-29,0.986,0.991,0.994,0.979,3361036.000
2025-04-30,0.990,0.998,1.000,0.990,4228841.000
2025-05-06,1.005,1.014,1.015,1.001,5118083.000
2025-05-07,1.030,1.051,1.064,1.026,13234791.000
2025-05-08,1.049,1.072,1.073,1.038,10931771.000
2025-05-09,1.073,1.047,1.075,1.045,10843170.000
2025-05-12,1.047,1.096,1.111,1.045,19360217.000
2025-05-13,1.096,1.063,1.097,1.062,12799762.000
2025-05-14,1.063,1.057,1.069,1.054,6500530.000
2025-05-15,1.057,1.037,1.058,1.037,6347121.000
2025-05-16,1.036,1.038,1.051,1.035,5383052.000
2025-05-19,1.045,1.047,1.049,1.033,4951488.000
2025-05-20,1.047,1.045,1.047,1.038,4440901.000
2025-05-21,1.043,1.046,1.047,1.038,6681611.000
2025-05-22,1.041,1.04,1.058,1.039,6159081.000
2025-05-23,1.037,1.029,1.043,1.028,4700490.000
2025-05-26,1.029,1.039,1.040,1.028,3111268.000
2025-05-27,1.038,1.035,1.041,1.026,4319722.000
2025-05-28,1.032,1.026,1.037,1.026,3418803.000
2025-05-29,1.027,1.047,1.047,1.026,6592814.000
2025-05-30,1.044,1.048,1.053,1.036,5285244.000
2025-06-03,1.049,1.048,1.061,1.043,5795113.000
2025-06-04,1.045,1.047,1.051,1.043,3208735.000
2025-06-05,1.046,1.052,1.052,1.039,4885895.000
2025-06-06,1.053,1.047,1.062,1.046,4885475.000
2025-06-09,1.052,1.062,1.073,1.052,6104986.000
2025-06-10,1.061,1.045,1.061,1.036,5888904.000
2025-06-11,1.042,1.049,1.051,1.041,3105401.000
2025-06-12,1.047,1.041,1.049,1.040,2694002.000
2025-06-13,1.049,1.056,1.060,1.041,7499762.000
2025-06-16,1.056,1.056,1.059,1.045,4348336.000
2025-06-17,1.055,1.055,1.059,1.045,3927502.000
2025-06-18,1.055,1.062,1.070,1.053,5799404.000
2025-06-19,1.059,1.045,1.059,1.038,6699103.000
2025-06-20,1.043,1.034,1.043,1.033,5108943.000
2025-06-23,1.036,1.051,1.053,1.034,5519558.000
2025-06-24,1.044,1.057,1.061,1.037,7557986.000
2025-06-25,1.056,1.091,1.091,1.056,10348029.000
2025-06-26,1.094,1.091,1.112,1.090,9626347.000
2025-06-27,1.092,1.099,1.110,1.090,7106621.000
2025-06-30,1.105,1.147,1.148,1.104,9702953.000
2025-07-01,1.147,1.143,1.149,1.130,12134117.000
2025-07-02,1.140,1.12,1.141,1.116,7183978.000
2025-07-03,1.119,1.124,1.136,1.115,5041911.000
2025-07-04,1.122,1.116,1.128,1.110,6487730.000
2025-07-07,1.116,1.118,1.122,1.111,3318847.000
2025-07-08,1.118,1.125,1.126,1.114,6522412.000
2025-07-09,1.126,1.116,1.135,1.113,5585719.000
2025-07-10,1.113,1.113,1.117,1.101,6623287.000
2025-07-11,1.111,1.128,1.132,1.111,6660426.000
2025-07-14,1.128,1.123,1.131,1.121,3612251.000
2025-07-15,1.121,1.119,1.127,1.111,5118337.000
2025-07-16,1.117,1.118,1.124,1.113,4352277.000
2025-07-17,1.117,1.145,1.146,1.115,10452048.000
2025-07-18,1.145,1.155,1.158,1.142,7922718.000
2025-07-21,1.156,1.168,1.169,1.155,6625529.000
2025-07-22,1.168,1.168,1.180,1.160,6465009.000
2025-07-23,1.164,1.153,1.164,1.149,7503477.000
2025-07-24,1.151,1.174,1.175,1.151,8991108.000
2025-07-25,1.174,1.174,1.175,1.163,5402608.000
2025-07-28,1.174,1.192,1.194,1.173,6779663.000
2025-07-29,1.188,1.205,1.206,1.183,6643395.000
2025-07-30,1.204,1.188,1.216,1.176,8903367.000
2025-07-31,1.183,1.186,1.196,1.175,8375570.000
2025-08-01,1.182,1.167,1.183,1.162,7874999.000
2025-08-04,1.162,1.199,1.199,1.161,10645170.000
2025-08-05,1.204,1.205,1.218,1.198,7725622.000
2025-08-06,1.205,1.247,1.247,1.202,14087859.000
2025-08-07,1.251,1.238,1.256,1.230,10584381.000
2025-08-08,1.232,1.234,1.246,1.230,6879705.000
2025-08-11,1.234,1.241,1.247,1.231,5890698.000
2025-08-12,1.241,1.234,1.243,1.220,7736406.000
2025-08-13,1.232,1.25,1.252,1.232,11177402.000
2025-08-14,1.250,1.229,1.256,1.225,13323418.000
2025-08-15,1.224,1.243,1.243,1.222,8176962.000
2025-08-18,1.246,1.27,1.272,1.246,10056946.000
2025-08-19,1.271,1.248,1.272,1.245,10834631.000
2025-08-20,1.244,1.257,1.258,1.235,10294134.000
2025-08-21,1.257,1.249,1.261,1.242,8600307.000
2025-08-22,1.249,1.279,1.280,1.242,10044478.000
2025-08-25,1.282,1.304,1.305,1.277,11772401.000
2025-08-26,1.302,1.295,1.304,1.290,6346070.000
2025-08-27,1.293,1.272,1.306,1.271,10099267.000
2025-08-28,1.275,1.299,1.299,1.252,11506379.000
2025-08-29,1.297,1.311,1.311,1.288,12590299.000
2025-09-01,1.312,1.307,1.313,1.284,11593796.000
2025-09-02,1.306,1.274,1.306,1.257,14401314.000
2025-09-03,1.278,1.202,1.281,1.197,20632314.000
2025-09-04,1.197,1.166,1.202,1.148,11548155.000
2025-09-05,1.166,1.184,1.188,1.159,8731820.000
2025-09-08,1.188,1.193,1.195,1.173,5639160.000
2025-09-09,1.190,1.168,1.190,1.166,4727331.000
2025-09-10,1.167,1.178,1.186,1.166,4692247.000
2025-09-11,1.177,1.203,1.205,1.172,6810927.000
2025-09-12,1.203,1.2,1.211,1.197,5729090.000
2025-09-15,1.200,1.191,1.200,1.187,4675066.000
2025-09-16,1.189,1.185,1.190,1.170,5883051.000
2025-09-17,1.184,1.19,1.192,1.177,4651497.000
2025-09-18,1.189,1.184,1.211,1.172,9714871.000
2025-09-19,1.182,1.195,1.208,1.181,7948503.000
2025-09-22,1.193,1.201,1.202,1.185,4829305.000
2025-09-23,1.205,1.192,1.210,1.170,6325247.000
2025-09-24,1.183,1.203,1.205,1.178,5238174.000
2025-09-25,1.201,1.2,1.206,1.192,5379058.000
2025-09-26,1.195,1.196,1.214,1.189,6990885.000
2025-09-29,1.193,1.2,1.207,1.181,6429984.000
2025-09-30,1.203,1.234,1.236,1.202,8505405.000
2025-10-09,1.234,1.248,1.250,1.224,10010098.000
2025-10-10,1.246,1.233,1.250,1.230,5874588.000
2025-10-13,1.201,1.249,1.250,1.199,6768251.000
2025-10-14,1.252,1.233,1.264,1.226,8622415.000
2025-10-15,1.232,1.23,1.232,1.206,6469859.000
2025-10-16,1.230,1.218,1.236,1.214,4394632.000
2025-10-17,1.214,1.177,1.222,1.173,7114139.000
2025-10-20,1.184,1.18,1.195,1.172,3610649.000
2025-10-21,1.182,1.196,1.197,1.181,3461541.000
2025-10-22,1.193,1.182,1.193,1.180,3106321.000
2025-10-23,1.178,1.178,1.179,1.158,4132884.000
2025-10-24,1.185,1.208,1.210,1.185,6422423.000
2025-10-27,1.212,1.222,1.223,1.212,5612875.000
2025-10-28,1.223,1.236,1.242,1.215,8100920.000
2025-10-29,1.236,1.243,1.246,1.230,6507507.000
2025-10-30,1.235,1.219,1.237,1.218,5699582.000
2025-10-31,1.217,1.204,1.221,1.202,4614685.000
2025-11-03,1.204,1.212,1.212,1.188,3772613.000
2025-11-04,1.209,1.195,1.210,1.188,3707480.000
2025-11-05,1.182,1.193,1.196,1.180,2367248.000
2025-11-06,1.193,1.203,1.207,1.191,2759601.000
2025-11-07,1.199,1.195,1.203,1.188,2612564.000
2025-11-10,1.196,1.193,1.202,1.182,2787554.000
2025-11-11,1.194,1.181,1.198,1.180,3141020.000
2025-11-12,1.178,1.17,1.179,1.155,7553278.000
2025-11-13,1.168,1.179,1.183,1.166,4179489.000
2025-11-14,1.176,1.174,1.187,1.171,3050007.000
2025-11-17,1.199,1.188,1.202,1.183,7884627.000
2025-11-18,1.186,1.172,1.186,1.167,4322477.000
2025-11-19,1.171,1.178,1.184,1.166,4698325.000
2025-11-20,1.175,1.165,1.177,1.165,3317697.000
2025-11-21,1.155,1.142,1.164,1.136,5791390.000
2025-11-24,1.145,1.188,1.190,1.145,9961845.000
2025-11-25,1.187,1.182,1.191,1.173,6164270.000
2025-11-26,1.179,1.16,1.182,1.158,5126844.000
2025-11-27,1.157,1.158,1.166,1.154,2705953.000
2025-11-28,1.159,1.172,1.173,1.156,2941519.000
2025-12-01,1.179,1.184,1.191,1.177,3862298.000
2025-12-02,1.184,1.181,1.190,1.177,4256227.000
2025-12-03,1.179,1.169,1.182,1.163,4269478.000
2025-12-04,1.163,1.176,1.183,1.162,2405625.000
2025-12-05,1.172,1.204,1.206,1.170,5463192.000
2025-12-08,1.216,1.216,1.236,1.216,6611671.000
2025-12-09,1.214,1.215,1.230,1.210,3346731.000
2025-12-10,1.210,1.225,1.227,1.208,2609030.000
2025-12-11,1.230,1.22,1.240,1.219,3836302.000
2025-12-12,1.220,1.233,1.236,1.215,5190227.000
2025-12-15,1.233,1.245,1.254,1.222,4330413.000
2025-12-16,1.241,1.226,1.241,1.206,4797970.000
2025-12-17,1.217,1.226,1.232,1.205,3065463.000
2025-12-18,1.218,1.239,1.256,1.216,4380486.000
2025-12-19,1.242,1.255,1.267,1.242,3587330.000
2025-12-22,1.265,1.262,1.274,1.256,3324739.000
2025-12-23,1.264,1.243,1.271,1.238,4269627.000
2025-12-24,1.237,1.278,1.281,1.236,5393865.000
2025-12-25,1.277,1.317,1.320,1.275,6909124.000
2025-12-26,1.318,1.332,1.342,1.312,5255479.000
2025-12-29,1.333,1.35,1.354,1.330,6270736.000
2025-12-30,1.344,1.34,1.370,1.334,4786981.000
2025-12-31,1.338,1.373,1.377,1.335,4888600.000
2026-01-05,1.393,1.407,1.415,1.374,4432878.000
2026-01-06,1.398,1.453,1.455,1.396,3573514.000
2026-01-07,1.447,1.44,1.455,1.422,3798815.000
2026-01-08,1.432,1.505,1.507,1.430,6064862.000
2026-01-09,1.526,1.567,1.587,1.517,8821369.000
2026-01-12,1.588,1.682,1.684,1.585,8097673.000
2026-01-13,1.654,1.552,1.654,1.541,9231475.000
2026-01-14,1.541,1.563,1.610,1.539,8531525.000
2026-01-15,1.531,1.503,1.545,1.495,5134499.000
2026-01-16,1.507,1.495,1.525,1.482,4450941.000
2026-01-19,1.480,1.526,1.542,1.479,4393161.000
2026-01-20,1.524,1.477,1.536,1.460,5596684.000
2026-01-21,1.468,1.479,1.500,1.467,3038732.000
2026-01-22,1.480,1.526,1.528,1.479,3928739.000
2026-01-23,1.533,1.574,1.580,1.520,5159726.000
2026-01-26,1.566,1.503,1.566,1.495,5564125.000
2026-01-27,1.483,1.525,1.529,1.480,3657822.000
2026-01-28,1.527,1.503,1.527,1.492,3964390.000
2026-01-29,1.490,1.473,1.505,1.470,4176260.000
2026-01-30,1.461,1.446,1.476,1.418,4247741.000
2026-02-02,1.444,1.42,1.469,1.416,2879640.000
2026-02-03,1.436,1.483,1.483,1.427,4465946.000
2026-02-04,1.477,1.485,1.505,1.464,3061769.000
2026-02-05,1.467,1.466,1.493,1.459,2123044.000
2026-02-06,1.450,1.44,1.467,1.435,2412542.000
2026-02-09,1.462,1.466,1.470,1.448,2248529.000
2026-02-10,1.467,1.469,1.475,1.443,3163292.000
2026-02-11,1.465,1.458,1.483,1.456,2430444.000
2026-02-12,1.456,1.478,1.481,1.449,2273818.000
2026-02-13,1.474,1.483,1.498,1.470,3812363.000
2026-02-24,1.491,1.501,1.516,1.481,4351775.000
2026-02-25,1.500,1.526,1.530,1.490,4817215.000
2026-02-26,1.524,1.552,1.556,1.511,4525100.000
2026-02-27,1.544,1.55,1.563,1.537,3436422.000
2026-03-02,1.599,1.588,1.602,1.555,10346254.000
2026-03-03,1.588,1.479,1.588,1.475,9450831.000
2026-03-04,1.449,1.497,1.512,1.445,4664978.000
2026-03-05,1.506,1.508,1.517,1.487,3745938.000
2026-03-06,1.493,1.523,1.547,1.492,4178492.000
2026-03-09,1.511,1.493,1.511,1.463,5166446.000
2026-03-10,1.498,1.511,1.530,1.496,3283858.000
2026-03-11,1.512,1.489,1.518,1.486,2784028.000
2026-03-12,1.488,1.457,1.489,1.446,3802071.000
2026-03-13,1.447,1.414,1.449,1.412,3591098.000
2026-03-16,1.415,1.415,1.417,1.390,2598143.000
2026-03-17,1.416,1.376,1.423,1.376,2459169.000
2026-03-18,1.376,1.4,1.402,1.368,3070101.000
2026-03-19,1.377,1.363,1.383,1.357,2536456.000
2026-03-20,1.369,1.325,1.373,1.324,2392264.000
2026-03-23,1.296,1.259,1.307,1.251,3721865.000
2026-03-24,1.276,1.29,1.291,1.260,3764248.000
2026-03-25,1.290,1.313,1.318,1.290,3011334.000
2026-03-26,1.316,1.288,1.318,1.280,2012776.000
2026-03-27,1.267,1.296,1.303,1.266,2013206.000
2026-03-30,1.276,1.31,1.312,1.271,4210302.000
2026-03-31,1.310,1.304,1.339,1.302,2836536.000
2026-04-01,1.326,1.309,1.327,1.300,1912204.000
2026-04-02,1.307,1.285,1.319,1.279,1748549.000
2026-04-03,1.286,1.27,1.293,1.266,3112810.000
2026-04-07,1.270,1.269,1.277,1.261,1445958.000
2026-04-08,1.291,1.333,1.333,1.291,3667087.000
2026-04-09,1.321,1.323,1.336,1.313,2010068.000
2026-04-10,1.330,1.339,1.358,1.330,2488299.000
2026-04-13,1.330,1.351,1.355,1.328,2230157.000
2026-04-14,1.360,1.375,1.375,1.348,3218321.000
2026-04-15,1.381,1.367,1.397,1.363,3745828.000
2026-04-16,1.367,1.375,1.376,1.357,2538060.000
2026-04-17,1.367,1.386,1.389,1.366,2811721.000
2026-04-20,1.384,1.425,1.427,1.380,4248683.000
2026-04-21,1.423,1.416,1.430,1.405,2791050.000
2026-04-22,1.402,1.42,1.422,1.397,3241902.000
2026-04-23,1.424,1.424,1.445,1.408,4051086.000
2026-04-24,1.419,1.396,1.420,1.389,2883507.000
2026-04-27,1.389,1.393,1.395,1.374,2338554.000
2026-04-28,1.390,1.371,1.394,1.367,2137376.000
2026-04-29,1.360,1.377,1.379,1.360,2293281.000
2026-04-30,1.379,1.399,1.402,1.378,2249078.000
2026-05-06,1.403,1.43,1.439,1.403,3233983.000
2026-05-07,1.433,1.446,1.448,1.426,2115451.000
2026-05-08,1.441,1.474,1.479,1.431,3342221.000
2026-05-11,1.481,1.483,1.495,1.474,3680330.000
2026-05-12,1.479,1.469,1.485,1.450,3980638.000
2026-05-13,1.460,1.488,1.489,1.455,3854708.000
2026-05-14,1.488,1.419,1.491,1.418,4122822.000
2026-05-15,1.416,1.385,1.431,1.375,4173421.000
2026-05-18,1.374,1.375,1.398,1.367,3021044.000
2026-05-19,1.376,1.377,1.377,1.344,2263655.000
2026-05-20,1.371,1.371,1.379,1.360,1565752.000
2026-05-21,1.379,1.337,1.397,1.335,2612177.000
2026-05-22,1.344,1.357,1.362,1.337,2974667.000
2026-05-25,1.365,1.376,1.377,1.349,3345436.000
2026-05-26,1.369,1.348,1.369,1.328,2586208.000
2026-05-27,1.348,1.323,1.365,1.318,2088352.000
2026-05-28,1.319,1.344,1.352,1.319,3470367.000
2026-05-29,1.345,1.284,1.349,1.275,3324038.000
2026-06-01,1.277,1.269,1.296,1.266,2858672.000
2026-06-02,1.270,1.267,1.275,1.235,3501490.000
2026-06-03,1.263,1.273,1.293,1.261,4798984.000
2026-06-04,1.263,1.278,1.285,1.261,1793190.000
2026-06-05,1.279,1.274,1.295,1.262,2849691.000
2026-06-08,1.250,1.22,1.268,1.209,2930050.000
2026-06-09,1.226,1.235,1.236,1.210,2000054.000
2026-06-10,1.227,1.222,1.241,1.208,2416723.000
2026-06-11,1.208,1.219,1.226,1.200,2105094.000
2026-06-12,1.237,1.246,1.275,1.237,3448721.000
2026-06-15,1.246,1.266,1.268,1.237,2500858.000
2026-06-16,1.267,1.267,1.276,1.260,1954076.000
2026-06-17,1.264,1.289,1.292,1.260,2722200.000
2026-06-18,1.277,1.29,1.309,1.275,2621607.000
2026-06-22,1.290,1.298,1.299,1.257,2861428.000
2026-06-23,1.295,1.252,1.295,1.246,2129291.000
2026-06-24,1.246,1.262,1.268,1.235,2008025.000
2026-06-25,1.252,1.26,1.280,1.250,1684126.000
2026-06-26,1.250,1.241,1.260,1.225,2067612.000
2026-06-29,1.241,1.234,1.248,1.216,2253503.000
2026-06-30,1.235,1.28,1.283,1.233,2675612.000
2026-07-01,1.279,1.291,1.303,1.279,2824065.000
2026-07-02,1.280,1.256,1.292,1.252,2775132.000
2026-07-03,1.255,1.301,1.312,1.254,3808493.000
2026-07-06,1.307,1.284,1.323,1.269,3431963.000
2026-07-07,1.277,1.244,1.288,1.240,2587807.000
2026-07-08,1.244,1.219,1.254,1.216,2257116.000
2026-07-09,1.220,1.243,1.246,1.194,2904628.000
2026-07-10,1.239,1.281,1.325,1.239,5296270.000
2026-07-13,1.274,1.192,1.276,1.189,4441749.000
2026-07-14,1.182,1.158,1.187,1.126,3700219.000
2026-07-15,1.149,1.143,1.169,1.138,2774669.000
2026-07-16,1.133,1.12,1.147,1.114,2707601.000
2026-07-17,1.119,1.062,1.119,1.054,4187452.000
2026-07-20,1.070,1.055,1.086,1.035,3751096.000
2026-07-21,1.060,1.09,1.092,1.038,3940303.000
2026-07-22,1.080,1.083,1.106,1.079,3517393.000
2026-07-23,1.079,1.101,1.105,1.079,2726827.000
2026-07-24,1.094,1.077,1.106,1.076,2947331.000
2026-07-27,1.073,1.104,1.105,1.070,3870450.000
2026-07-28,1.086,1.077,1.100,1.070,2516137.000
2026-07-29,1.074,1.094,1.098,1.064,2886605.000
2026-07-30,1.085,1.073,1.095,1.062,2859924.000
2026-07-31,1.087,1.093,1.106,1.086,3538987.000
2026-08-03,1.090,1.101,1.104,1.086,2775762.000
