date,unit_nav,cum_nav,ret_pct
2013-07-29,2.626,2.626,0.0
2013-07-30,2.646,2.646,0.7616146230007725
2013-07-31,2.657,2.657,0.41572184429328196
2013-08-01,2.643,2.643,-0.5269100489273759
2013-08-02,2.578,2.578,-2.459326522890648
2013-08-05,2.63,2.63,2.0170674941815347
2013-08-06,2.591,2.591,-1.482889733840298
2013-08-07,2.574,2.574,-0.6561173292165323
2013-08-08,2.586,2.586,0.4662004662004726
2013-08-09,2.616,2.616,1.1600928074245953
2013-08-12,2.659,2.659,1.6437308868501477
2013-08-13,2.675,2.675,0.6017299736743142
2013-08-14,2.64,2.64,-1.3084112149532645
2013-08-15,2.68,2.68,1.5151515151515138
2013-08-16,2.712,2.712,1.1940298507462588
2013-08-19,2.737,2.737,0.9218289085545672
2013-08-20,2.705,2.705,-1.1691633175009097
2013-08-21,2.724,2.724,0.7024029574861368
2013-08-22,2.714,2.714,-0.36710719530104186
2013-08-23,2.733,2.733,0.7000736919675843
2013-08-26,2.772,2.772,1.4270032930845167
2013-08-27,2.779,2.779,0.2525252525252597
2013-08-28,2.827,2.827,1.7272400143936606
2013-08-29,2.796,2.796,-1.0965688008489627
2013-08-30,2.787,2.787,-0.32188841201716833
2013-09-02,2.767,2.767,-0.717617509867241
2013-09-03,2.762,2.762,-0.18070112034693775
2013-09-04,2.787,2.787,0.9051412020275151
2013-09-05,2.751,2.751,-1.2917115177610294
2013-09-06,2.725,2.725,-0.9451108687749787
2013-09-09,2.756,2.756,1.1376146788990793
2013-09-10,2.742,2.742,-0.5079825834542695
2013-09-11,2.722,2.722,-0.729394602479938
2013-09-12,2.682,2.682,-1.4695077149155078
2013-09-13,2.622,2.622,-2.2371364653243853
2013-09-16,2.631,2.631,0.3432494279176135
2013-09-17,2.609,2.609,-0.8361839604712928
2013-09-18,2.589,2.589,-0.7665772326561959
2013-09-23,2.629,2.629,1.5449980687524123
2013-09-24,2.622,2.622,-0.2662609357170109
2013-09-25,2.629,2.629,0.2669717772692648
2013-09-26,2.632,2.632,0.11411182959299992
2013-09-27,2.622,2.622,-0.37993920972645423
2013-09-30,2.649,2.649,1.0297482837528626
2013-10-08,2.63,2.63,-0.7172517931294919
2013-10-09,2.615,2.615,-0.5703422053231821
2013-10-10,2.595,2.595,-0.7648183556405397
2013-10-11,2.569,2.569,-1.00192678227361
2013-10-14,2.543,2.543,-1.0120669521214376
2013-10-15,2.533,2.533,-0.39323633503736133
2013-10-16,2.549,2.549,0.6316620607974777
2013-10-17,2.531,2.531,-0.7061592781482884
2013-10-18,2.605,2.605,2.9237455551165414
2013-10-21,2.608,2.608,0.11516314779271841
2013-10-22,2.595,2.595,-0.498466257668706
2013-10-23,2.624,2.624,1.1175337186897893
2013-10-24,2.624,2.624,0.0
2013-10-25,2.619,2.619,-0.1905487804877981
2013-10-28,2.626,2.626,0.2672775868652
2013-10-29,2.639,2.639,0.4950495049504955
2013-10-30,2.631,2.631,-0.30314513073134153
2013-10-31,2.613,2.613,-0.68415051311288
2013-11-01,2.602,2.602,-0.42097206276311416
2013-11-04,2.584,2.584,-0.6917755572636408
2013-11-05,2.582,2.582,-0.07739938080496556
2013-11-06,2.578,2.578,-0.15491866769945517
2013-11-07,2.589,2.589,0.4266873545384131
2013-11-08,2.573,2.573,-0.6179992275009649
2013-11-11,2.529,2.529,-1.7100660707345505
2013-11-12,2.517,2.517,-0.47449584816132706
2013-11-13,2.501,2.501,-0.6356773937226889
2013-11-14,2.516,2.516,0.5997600959616101
2013-11-15,2.526,2.526,0.39745627980920517
2013-11-18,2.527,2.527,0.03958828186858554
2013-11-19,2.501,2.501,-1.0288880094974417
2013-11-20,2.508,2.508,0.27988804478209506
2013-11-21,2.463,2.463,-1.7942583732057371
2013-11-22,2.458,2.458,-0.2030044660982444
2013-11-25,2.437,2.437,-0.8543531326281717
2013-11-26,2.465,2.465,1.148953631514149
2013-11-27,2.453,2.453,-0.48681541582150656
2013-11-28,2.44,2.44,-0.529963310232362
2013-11-29,2.443,2.443,0.12295081967212962
2013-12-02,2.45,2.45,0.2865329512893977
2013-12-03,2.411,2.411,-1.5918367346938855
2013-12-04,2.408,2.408,-0.12442969722107344
2013-12-05,2.429,2.429,0.8720930232558155
2013-12-06,2.418,2.418,-0.45286125977767044
2013-12-09,2.425,2.425,0.28949545078575945
2013-12-10,2.445,2.445,0.8247422680412342
2013-12-11,2.462,2.462,0.6952965235173858
2013-12-12,2.45,2.45,-0.4874086108854647
2013-12-13,2.41,2.41,-1.6326530612244872
2013-12-16,2.411,2.411,0.04149377593360981
2013-12-17,2.438,2.438,1.1198672749896277
2013-12-18,2.419,2.419,-0.7793273174733439
2013-12-19,2.4,2.4,-0.7854485324514271
2013-12-20,2.342,2.342,-2.416666666666656
2013-12-23,2.366,2.366,1.0247651579846195
2013-12-24,2.366,2.366,0.0
2013-12-25,2.376,2.376,0.4226542688080981
2013-12-26,2.377,2.377,0.042087542087543284
2013-12-27,2.401,2.401,1.009676062263365
2013-12-30,2.377,2.377,-0.999583506872137
2013-12-31,2.376,2.376,-0.042069835927638355
2014-01-02,2.403,2.403,1.1363636363636465
2014-01-03,2.424,2.424,0.8739076154806513
2014-01-06,2.435,2.435,0.4537953795379579
2014-01-07,2.442,2.442,0.2874743326488849
2014-01-08,2.411,2.411,-1.2694512694512716
2014-01-09,2.412,2.412,0.041476565740361515
2014-01-10,2.428,2.428,0.6633499170812573
2014-01-13,2.448,2.448,0.8237232289950658
2014-01-14,2.455,2.455,0.28594771241829964
2014-01-15,2.434,2.434,-0.8553971486761625
2014-01-16,2.437,2.437,0.12325390304024353
2014-01-17,2.435,2.435,-0.08206811653671542
2014-01-20,2.459,2.459,0.9856262833675578
2014-01-21,2.451,2.451,-0.32533550223667884
2014-01-22,2.432,2.432,-0.7751937984496138
2014-01-23,2.426,2.426,-0.24671052631578538
2014-01-24,2.46,2.46,1.4014839241549781
2014-01-27,2.476,2.476,0.6504065040650486
2014-01-28,2.463,2.463,-0.525040387722131
2014-01-29,2.455,2.455,-0.32480714575721104
2014-01-30,2.461,2.461,0.24439918533603056
2014-02-07,2.48,2.48,0.7720438845997712
2014-02-10,2.501,2.501,0.8467741935483941
2014-02-11,2.515,2.515,0.5597760895641901
2014-02-12,2.521,2.521,0.23856858846917905
2014-02-13,2.517,2.517,-0.158667195557316
2014-02-14,2.552,2.552,1.3905442987683703
2014-02-17,2.596,2.596,1.724137931034475
2014-02-18,2.57,2.57,-1.001540832049319
2014-02-19,2.575,2.575,0.1945525291829009
2014-02-20,2.566,2.566,-0.34951456310681195
2014-02-21,2.582,2.582,0.623538581449723
2014-02-24,2.599,2.599,0.6584043377227067
2014-02-25,2.612,2.612,0.5001923816852605
2014-02-26,2.651,2.651,1.4931087289433265
2014-02-27,2.602,2.602,-1.8483591097698926
2014-02-28,2.621,2.621,0.7302075326671931
2014-03-03,2.651,2.651,1.1446012972147868
2014-03-04,2.643,2.643,-0.3017729158808047
2014-03-05,2.624,2.624,-0.7188800605372525
2014-03-06,2.623,2.623,-0.03810975609755962
2014-03-07,2.649,2.649,0.9912314144109757
2014-03-10,2.61,2.61,-1.4722536806342057
2014-03-11,2.641,2.641,1.1877394636015337
2014-03-12,2.668,2.668,1.0223400227186819
2014-03-13,2.694,2.694,0.9745127436281864
2014-03-14,2.692,2.692,-0.0742390497401546
2014-03-17,2.722,2.722,1.1144130757800852
2014-03-18,2.686,2.686,-1.3225569434239581
2014-03-19,2.68,2.68,-0.22338049143707517
2014-03-20,2.647,2.647,-1.231343283582098
2014-03-21,2.647,2.647,0.0
2014-03-24,2.64,2.64,-0.26445032111823696
2014-03-25,2.608,2.608,-1.2121212121212088
2014-03-26,2.614,2.614,0.23006134969323355
2014-03-27,2.58,2.58,-1.3006885998469664
2014-03-28,2.588,2.588,0.31007751937983663
2014-03-31,2.573,2.573,-0.5795981452859422
2014-04-01,2.555,2.555,-0.6995724834823136
2014-04-02,2.561,2.561,0.23483365949119595
2014-04-03,2.573,2.573,0.4685669660289049
2014-04-04,2.564,2.564,-0.3497862417411568
2014-04-08,2.606,2.606,1.6380655226208907
2014-04-09,2.61,2.61,0.15349194167306734
2014-04-10,2.618,2.618,0.30651340996168397
2014-04-11,2.62,2.62,0.07639419404126269
2014-04-14,2.649,2.649,1.1068702290076393
2014-04-15,2.61,2.61,-1.4722536806342057
2014-04-16,2.59,2.59,-0.7662835249042099
2014-04-17,2.586,2.586,-0.1544401544401497
2014-04-18,2.579,2.579,-0.270688321732393
2014-04-21,2.565,2.565,-0.5428460643660427
2014-04-22,2.577,2.577,0.4678362573099504
2014-04-23,2.576,2.576,-0.038804811796655514
2014-04-24,2.573,2.573,-0.11645962732920179
2014-04-25,2.59,2.59,0.660707345511069
2014-04-28,2.631,2.631,1.5830115830115732
2014-04-29,2.603,2.603,-1.064234131508912
2014-04-30,2.612,2.612,0.34575489819439476
2014-05-05,2.624,2.624,0.45941807044409533
2014-05-06,2.626,2.626,0.07621951219511924
2014-05-07,2.625,2.625,-0.038080731150036407
2014-05-08,2.587,2.587,-1.447619047619042
2014-05-09,2.588,2.588,0.038654812524163695
2014-05-12,2.593,2.593,0.19319938176196594
2014-05-13,2.595,2.595,0.07713073659854075
2014-05-14,2.598,2.598,0.11560693641616826
2014-05-15,2.61,2.61,0.4618937644341736
2014-05-16,2.594,2.594,-0.6130268199233679
2014-05-19,2.596,2.596,0.07710100231304029
2014-05-20,2.593,2.593,-0.11556240369799964
2014-05-21,2.594,2.594,0.038565368299270375
2014-05-22,2.597,2.597,0.11565150346954933
2014-05-23,2.597,2.597,0.0
2014-05-26,2.594,2.594,-0.11551790527531969
2014-05-27,2.589,2.589,-0.19275250578256742
2014-05-28,2.553,2.553,-1.390498261877171
2014-05-29,2.526,2.526,-1.0575793184488869
2014-05-30,2.535,2.535,0.3562945368171144
2014-06-03,2.517,2.517,-0.7100591715976434
2014-06-04,2.514,2.514,-0.11918951132300348
2014-06-05,2.51,2.51,-0.15910898965791898
2014-06-06,2.53,2.53,0.7968127490039834
2014-06-09,2.522,2.522,-0.3162055335968361
2014-06-10,2.521,2.521,-0.03965107057890549
2014-06-11,2.53,2.53,0.35700119000396935
2014-06-12,2.53,2.53,0.0
2014-06-13,2.544,2.544,0.5533596837944854
2014-06-16,2.555,2.555,0.4323899371069251
2014-06-17,2.536,2.536,-0.7436399217221168
2014-06-18,2.534,2.534,-0.07886435331231345
2014-06-19,2.556,2.556,0.8681925808997626
2014-06-20,2.627,2.627,2.777777777777768
2014-06-23,2.637,2.637,0.3806623524933439
2014-06-24,2.637,2.637,0.0
2014-06-25,2.629,2.629,-0.30337504740235444
2014-06-26,2.631,2.631,0.07607455306199995
2014-06-27,2.634,2.634,0.11402508551880963
2014-06-30,2.629,2.629,-0.18982536066818323
2014-07-01,2.638,2.638,0.3423354887789998
2014-07-02,2.644,2.644,0.22744503411675776
2014-07-03,2.638,2.638,-0.22692889561272134
2014-07-04,2.635,2.635,-0.11372251705837888
2014-07-07,2.617,2.617,-0.6831119544591924
2014-07-08,2.629,2.629,0.45854031333587564
2014-07-09,2.633,2.633,0.1521491061239999
2014-07-10,2.645,2.645,0.45575389289782553
2014-07-11,2.669,2.669,0.9073724007561346
2014-07-14,2.63,2.63,-1.4612214312476612
2014-07-15,2.61,2.61,-0.760456273764254
2014-07-16,2.591,2.591,-0.7279693486589967
2014-07-17,2.604,2.604,0.5017367811655626
2014-07-18,2.62,2.62,0.6144393241167334
2014-07-21,2.62,2.62,0.0
2014-07-22,2.608,2.608,-0.45801526717557106
2014-07-23,2.605,2.605,-0.11503067484662788
2014-07-24,2.59,2.59,-0.5758157389635365
2014-07-25,2.579,2.579,-0.4247104247104172
2014-07-28,2.598,2.598,0.7367196587824587
2014-07-29,2.596,2.596,-0.07698229407235857
2014-07-30,2.585,2.585,-0.423728813559332
2014-07-31,2.577,2.577,-0.3094777562862694
2014-08-01,2.56,2.56,-0.6596818005432659
2014-08-04,2.578,2.578,0.7031249999999822
2014-08-05,2.571,2.571,-0.27152831652442755
2014-08-06,2.571,2.571,0.0
2014-08-07,2.592,2.592,0.8168028004667427
2014-08-08,2.616,2.616,0.92592592592593
2014-08-11,2.596,2.596,-0.7645259938837912
2014-08-12,2.598,2.598,0.07704160246533309
2014-08-13,2.598,2.598,0.0
2014-08-14,2.598,2.598,0.0
2014-08-15,2.599,2.599,0.03849114703620149
2014-08-18,2.578,2.578,-0.808003078106978
2014-08-19,2.572,2.572,-0.23273855702093948
2014-08-20,2.569,2.569,-0.1166407465007846
2014-08-21,2.543,2.543,-1.0120669521214376
2014-08-22,2.544,2.544,0.039323633503740574
2014-08-25,2.537,2.537,-0.27515723270440384
2014-08-26,2.557,2.557,0.7883326763894472
2014-08-27,2.549,2.549,-0.3128666405944447
2014-08-28,2.551,2.551,0.07846214201647772
2014-08-29,2.554,2.554,0.11760094080750516
2014-09-01,2.549,2.549,-0.19577133907595634
2014-09-02,2.533,2.533,-0.6276971361318218
2014-09-03,2.524,2.524,-0.35530990919857564
2014-09-04,2.521,2.521,-0.11885895404121216
2014-09-05,2.516,2.516,-0.19833399444664224
2014-09-09,2.498,2.498,-0.7154213036565937
2014-09-10,2.49,2.49,-0.32025620496397567
2014-09-11,2.479,2.479,-0.4417670682731023
2014-09-12,2.464,2.464,-0.6050826946349397
2014-09-15,2.458,2.458,-0.24350649350648457
2014-09-16,2.458,2.458,0.0
2014-09-17,2.459,2.459,0.040683482506098656
2014-09-18,2.435,2.435,-0.9760065067100476
2014-09-19,2.434,2.434,-0.0410677618069788
2014-09-22,2.406,2.406,-1.1503697617091246
2014-09-23,2.411,2.411,0.20781379883623163
2014-09-24,2.418,2.418,0.2903359601825084
2014-09-25,2.402,2.402,-0.6617038875103343
2014-09-26,2.429,2.429,1.1240632805994855
2014-09-29,2.424,2.424,-0.20584602717167444
2014-09-30,2.429,2.429,0.20627062706271015
2014-10-08,2.418,2.418,-0.45286125977767044
2014-10-09,2.431,2.431,0.5376344086021501
2014-10-10,2.424,2.424,-0.2879473467708782
2014-10-13,2.441,2.441,0.7013201320132056
2014-10-14,2.444,2.444,0.12290045063498845
2014-10-15,2.428,2.428,-0.6546644844517169
2014-10-16,2.446,2.446,0.7413509060955725
2014-10-17,2.449,2.449,0.12264922322158256
2014-10-20,2.448,2.448,-0.04083299305838173
2014-10-21,2.461,2.461,0.531045751633985
2014-10-22,2.464,2.464,0.12190166598944341
2014-10-23,2.448,2.448,-0.6493506493506551
2014-10-24,2.431,2.431,-0.694444444444442
2014-10-27,2.427,2.427,-0.16454134101192563
2014-10-28,2.422,2.422,-0.20601565718993964
2014-10-29,2.428,2.428,0.24772914946324942
2014-10-30,2.396,2.396,-1.317957166392092
2014-10-31,2.349,2.349,-1.961602671118523
2014-11-03,2.319,2.319,-1.2771392081737054
2014-11-04,2.316,2.316,-0.1293661060802087
2014-11-05,2.272,2.272,-1.899827288428324
2014-11-06,2.262,2.262,-0.4401408450704136
2014-11-07,2.258,2.258,-0.17683465959328348
2014-11-10,2.305,2.305,2.0814880425155113
2014-11-11,2.271,2.271,-1.4750542299349356
2014-11-12,2.303,2.303,1.4090708938793606
2014-11-13,2.293,2.293,-0.43421623968735723
2014-11-14,2.282,2.282,-0.47972088966420356
2014-11-17,2.335,2.335,2.322524101665202
2014-11-18,2.34,2.34,0.21413276231263545
2014-11-19,2.35,2.35,0.42735042735044804
2014-11-20,2.33,2.33,-0.8510638297872353
2014-11-21,2.349,2.349,0.8154506437768383
2014-11-24,2.359,2.359,0.42571306939123144
2014-11-25,2.361,2.361,0.08478168715557732
2014-11-26,2.363,2.363,0.08470986869968389
2014-11-27,2.369,2.369,0.2539145154464739
2014-11-28,2.353,2.353,-0.6753904601097482
2014-12-01,2.302,2.302,-2.1674458138546626
2014-12-02,2.39,2.39,3.8227628149435366
2014-12-03,2.384,2.384,-0.2510460251046065
2014-12-04,2.392,2.392,0.3355704697986628
2014-12-05,2.394,2.394,0.08361204013378476
2014-12-08,2.373,2.373,-0.877192982456132
2014-12-09,2.408,2.408,1.4749262536873031
2014-12-10,2.463,2.463,2.284053156146193
2014-12-11,2.441,2.441,-0.8932196508323331
2014-12-12,2.434,2.434,-0.28676771814828417
2014-12-15,2.437,2.437,0.12325390304024353
2014-12-16,2.404,2.404,-1.3541239228559654
2014-12-17,2.401,2.401,-0.12479201331114798
2014-12-18,2.409,2.409,0.33319450229072345
2014-12-19,2.414,2.414,0.20755500207556565
2014-12-22,2.409,2.409,-0.20712510356256653
2014-12-23,2.38,2.38,-1.2038190120381875
2014-12-24,2.378,2.378,-0.08403361344536675
2014-12-25,2.376,2.376,-0.0841042893187649
2014-12-26,2.386,2.386,0.42087542087543284
2014-12-29,2.406,2.406,0.83822296730931
2014-12-30,2.388,2.388,-0.7481296758104827
2014-12-31,2.412,2.412,1.005025125628145
2015-01-05,2.414,2.414,0.08291873963517382
2015-01-06,2.435,2.435,0.869925434962715
2015-01-07,2.445,2.445,0.4106776180698102
2015-01-08,2.431,2.431,-0.5725971370143079
2015-01-09,2.439,2.439,0.32908268202385127
2015-01-12,2.458,2.458,0.7790077900779124
2015-01-13,2.471,2.471,0.5288852725793269
2015-01-14,2.466,2.466,-0.20234722784296943
2015-01-15,2.462,2.462,-0.16220600162205612
2015-01-16,2.518,2.518,2.2745735174654502
2015-01-19,2.567,2.567,1.945988880063565
2015-01-20,2.57,2.57,0.11686793922864869
2015-01-21,2.62,2.62,1.945525291828809
2015-01-22,2.589,2.589,-1.1832061068702382
2015-01-23,2.607,2.607,0.6952491309385911
2015-01-26,2.609,2.609,0.07671653241272391
2015-01-27,2.589,2.589,-0.7665772326561959
2015-01-28,2.598,2.598,0.34762456546928444
2015-01-29,2.585,2.585,-0.5003849114703529
2015-01-30,2.542,2.542,-1.6634429400386952
2015-02-02,2.586,2.586,1.730920535011804
2015-02-03,2.588,2.588,0.07733952049497894
2015-02-04,2.56,2.56,-1.081916537867078
2015-02-05,2.576,2.576,0.6250000000000089
2015-02-06,2.564,2.564,-0.46583850931677384
2015-02-09,2.504,2.504,-2.3400936037441533
2015-02-10,2.514,2.514,0.39936102236421966
2015-02-11,2.504,2.504,-0.39777247414477523
2015-02-12,2.479,2.479,-0.9984025559105381
2015-02-13,2.496,2.496,0.6857603872529205
2015-02-16,2.498,2.498,0.08012820512821595
2015-02-17,2.488,2.488,-0.4003202562049779
2015-02-25,2.466,2.466,-0.8842443729903504
2015-02-26,2.464,2.464,-0.08110300081103361
2015-02-27,2.465,2.465,0.040584415584410394
2015-03-02,2.485,2.485,0.8113590263691739
2015-03-03,2.467,2.467,-0.7243460764587484
2015-03-04,2.459,2.459,-0.32428050263477726
2015-03-05,2.449,2.449,-0.4066693777958652
2015-03-06,2.439,2.439,-0.4083299305839061
2015-03-09,2.389,2.389,-2.0500205002050076
2015-03-10,2.368,2.368,-0.8790288823775638
2015-03-11,2.369,2.369,0.04222972972973693
2015-03-12,2.372,2.372,0.12663571127056183
2015-03-13,2.359,2.359,-0.5480607082630651
2015-03-16,2.374,2.374,0.6358626536668188
2015-03-17,2.358,2.358,-0.6739679865206405
2015-03-18,2.341,2.341,-0.7209499575911771
2015-03-19,2.363,2.363,0.9397693293464293
2015-03-20,2.354,2.354,-0.3808717731696998
2015-03-23,2.374,2.374,0.8496176720475868
2015-03-24,2.383,2.383,0.3791069924178547
2015-03-25,2.381,2.381,-0.08392782207302663
2015-03-26,2.404,2.404,0.9659806803864024
2015-03-27,2.406,2.406,0.08319467554076532
2015-03-30,2.38,2.38,-1.0806317539484689
2015-03-31,2.366,2.366,-0.5882352941176339
2015-04-01,2.371,2.371,0.21132713440406015
2015-04-02,2.397,2.397,1.0965837199493844
2015-04-03,2.392,2.392,-0.20859407592823676
2015-04-07,2.407,2.407,0.6270903010033413
2015-04-08,2.408,2.408,0.04154549231407678
2015-04-09,2.385,2.385,-0.9551495016611344
2015-04-10,2.384,2.384,-0.04192872117400048
2015-04-13,2.394,2.394,0.4194630872483396
2015-04-14,2.374,2.374,-0.835421888053467
2015-04-15,2.368,2.368,-0.2527379949452513
2015-04-16,2.386,2.386,0.7601351351351537
2015-04-17,2.395,2.395,0.37720033528918506
2015-04-20,2.417,2.417,0.9185803757828737
2015-04-21,2.399,2.399,-0.7447248655357841
2015-04-22,2.411,2.411,0.5002084201750634
2015-04-23,2.39,2.39,-0.8710078805474919
2015-04-24,2.399,2.399,0.3765690376569042
2015-04-27,2.376,2.376,-0.9587328053355604
2015-04-28,2.398,2.398,0.92592592592593
2015-04-29,2.411,2.411,0.5421184320266947
2015-04-30,2.409,2.409,-0.08295313148072303
2015-05-04,2.385,2.385,-0.9962640099626441
2015-05-05,2.381,2.381,-0.16771488469601303
2015-05-06,2.383,2.383,0.08399832003360697
2015-05-07,2.358,2.358,-1.0490977759127107
2015-05-08,2.369,2.369,0.46649703138252896
2015-05-11,2.377,2.377,0.33769523005484636
2015-05-12,2.376,2.376,-0.042069835927638355
2015-05-13,2.384,2.384,0.33670033670034627
2015-05-14,2.42,2.42,1.5100671140939603
2015-05-15,2.425,2.425,0.20661157024792765
2015-05-18,2.452,2.452,1.113402061855684
2015-05-19,2.433,2.433,-0.7748776508972322
2015-05-20,2.406,2.406,-1.1097410604192226
2015-05-21,2.407,2.407,0.041562759767233004
2015-05-22,2.411,2.411,0.16618196925632933
2015-05-25,2.423,2.423,0.49771878888427157
2015-05-26,2.41,2.41,-0.5365249690466367
2015-05-27,2.394,2.394,-0.663900414937757
2015-05-28,2.391,2.391,-0.12531328320802837
2015-05-29,2.381,2.381,-0.4182350480970376
2015-06-01,2.385,2.385,0.16799664006719173
2015-06-02,2.379,2.379,-0.251572327044014
2015-06-03,2.37,2.37,-0.3783102143757877
2015-06-04,2.363,2.363,-0.2953586497890348
2015-06-05,2.368,2.368,0.21159542953872457
2015-06-08,2.369,2.369,0.04222972972973693
2015-06-09,2.366,2.366,-0.12663571127058404
2015-06-10,2.371,2.371,0.21132713440406015
2015-06-11,2.371,2.371,0.0
2015-06-12,2.375,2.375,0.1687051876845258
2015-06-15,2.372,2.372,-0.1263157894736855
2015-06-16,2.368,2.368,-0.1686340640809414
2015-06-17,2.361,2.361,-0.2956081081080919
2015-06-18,2.36,2.36,-0.04235493434986415
2015-06-19,2.364,2.364,0.16949152542373724
2015-06-23,2.354,2.354,-0.4230118443316333
2015-06-24,2.363,2.363,0.38232795242141293
2015-06-25,2.359,2.359,-0.1692763436309752
2015-06-26,2.353,2.353,-0.25434506146670977
2015-06-29,2.355,2.355,0.08499787505311662
2015-06-30,2.346,2.346,-0.3821656050955413
2015-07-01,2.349,2.349,0.12787723785165905
2015-07-02,2.33,2.33,-0.808854831843342
2015-07-03,2.312,2.312,-0.7725321888412129
2015-07-06,2.33,2.33,0.7785467128027745
2015-07-07,2.313,2.313,-0.7296137339055764
2015-07-08,2.236,2.236,-3.3290099437959353
2015-07-09,2.315,2.315,3.533094812164572
2015-07-10,2.301,2.301,-0.6047516198704028
2015-07-13,2.31,2.31,0.39113428943937656
2015-07-14,2.309,2.309,-0.04329004329003405
2015-07-15,2.307,2.307,-0.08661758336943048
2015-07-16,2.299,2.299,-0.346770697876031
2015-07-17,2.299,2.299,0.0
2015-07-20,2.243,2.243,-2.4358416702914387
2015-07-21,2.226,2.226,-0.7579135086937083
2015-07-22,2.204,2.204,-0.9883198562443796
2015-07-23,2.209,2.209,0.22686025408347188
2015-07-24,2.186,2.186,-1.0411951109099205
2015-07-27,2.213,2.213,1.235132662397076
2015-07-28,2.192,2.192,-0.9489380930863045
2015-07-29,2.197,2.197,0.22810218978102093
2015-07-30,2.18,2.18,-0.7737824305871555
2015-07-31,2.167,2.167,-0.5963302752293731
2015-08-03,2.189,2.189,1.0152284263959421
2015-08-04,2.18,2.18,-0.41114664230241793
2015-08-05,2.177,2.177,-0.13761467889908952
2015-08-06,2.177,2.177,0.0
2015-08-07,2.187,2.187,0.45934772622875375
2015-08-10,2.195,2.195,0.36579789666209006
2015-08-11,2.251,2.251,2.551252847380403
2015-08-12,2.327,2.327,3.3762772101288308
2015-08-13,2.315,2.315,-0.5156854318865478
2015-08-14,2.299,2.299,-0.6911447084233302
2015-08-17,2.301,2.301,0.08699434536756367
2015-08-18,2.302,2.302,0.04345936549325913
2015-08-19,2.31,2.31,0.3475238922675983
2015-08-20,2.346,2.346,1.558441558441559
2015-08-21,2.39,2.39,1.8755328218243772
2015-08-24,2.381,2.381,-0.3765690376569153
2015-08-25,2.368,2.368,-0.5459890802183898
2015-08-26,2.349,2.349,-0.8023648648648463
2015-08-27,2.322,2.322,-1.1494252873563315
2015-08-28,2.333,2.333,0.47372954349698126
2015-08-31,2.339,2.339,0.2571795970852886
2015-09-01,2.354,2.354,0.6412997007268162
2015-09-02,2.351,2.351,-0.12744265080714134
2015-09-07,2.313,2.313,-1.61633347511696
2015-09-08,2.303,2.303,-0.4323389537397415
2015-09-09,2.313,2.313,0.43421623968737943
2015-09-10,2.286,2.286,-1.1673151750972832
2015-09-11,2.287,2.287,0.043744531933498365
2015-09-14,2.282,2.282,-0.21862702229995534
2015-09-15,2.28,2.28,-0.08764241893077784
2015-09-16,2.277,2.277,-0.1315789473684048
2015-09-17,2.305,2.305,1.2296881862099207
2015-09-18,2.318,2.318,0.563991323210411
2015-09-21,2.347,2.347,1.251078515962023
2015-09-22,2.333,2.333,-0.5965061780996983
2015-09-23,2.326,2.326,-0.3000428632661811
2015-09-24,2.344,2.344,0.7738607050730817
2015-09-25,2.359,2.359,0.6399317406143412
2015-09-28,2.345,2.345,-0.593471810089008
2015-09-29,2.314,2.314,-1.321961620469092
2015-09-30,2.314,2.314,0.0
2015-10-08,2.346,2.346,1.382886776145198
2015-10-09,2.35,2.35,0.17050298380221207
2015-10-12,2.375,2.375,1.0638297872340496
2015-10-13,2.361,2.361,-0.5894736842105175
2015-10-14,2.397,2.397,1.524777636594643
2015-10-15,2.407,2.407,0.4171881518564957
2015-10-16,2.402,2.402,-0.20772746157041722
2015-10-19,2.398,2.398,-0.16652789342215257
2015-10-20,2.393,2.393,-0.2085070892410501
2015-10-21,2.399,2.399,0.2507312996239186
2015-10-22,2.389,2.389,-0.41684035014590837
2015-10-23,2.403,2.403,0.5860192549183907
2015-10-26,2.387,2.387,-0.6658343736995476
2015-10-27,2.394,2.394,0.2932551319648091
2015-10-28,2.406,2.406,0.5012531328320913
2015-10-29,2.384,2.384,-0.9143807148794814
2015-10-30,2.351,2.351,-1.3842281879194562
2015-11-02,2.34,2.34,-0.4678860059549206
2015-11-03,2.327,2.327,-0.5555555555555536
2015-11-04,2.301,2.301,-1.1173184357541777
2015-11-05,2.281,2.281,-0.8691873098652714
2015-11-06,2.282,2.282,0.043840420868046515
2015-11-09,2.25,2.25,-1.4022787028922012
2015-11-10,2.25,2.25,0.0
2015-11-11,2.249,2.249,-0.04444444444443585
2015-11-12,2.243,2.243,-0.2667852378835156
2015-11-13,2.23,2.23,-0.5795809184128364
2015-11-16,2.26,2.26,1.3452914798206095
2015-11-17,2.226,2.226,-1.5044247787610487
2015-11-18,2.212,2.212,-0.6289308176100517
2015-11-19,2.221,2.221,0.4068716094032476
2015-11-20,2.234,2.234,0.5853219270598675
2015-11-23,2.212,2.212,-0.9847806624888045
2015-11-24,2.212,2.212,0.0
2015-11-25,2.226,2.226,0.6329113924050445
2015-11-26,2.217,2.217,-0.40431266846360225
2015-11-27,2.206,2.206,-0.49616599007668016
2015-11-30,2.183,2.183,-1.042611060743437
2015-12-01,2.216,2.216,1.5116811726981316
2015-12-02,2.208,2.208,-0.3610108303249149
2015-12-03,2.182,2.182,-1.1775362318840688
2015-12-04,2.2,2.2,0.8249312557286892
2015-12-07,2.24,2.24,1.81818181818183
2015-12-08,2.225,2.225,-0.6696428571428603
2015-12-09,2.231,2.231,0.2696629213483126
2015-12-10,2.23,2.23,-0.044822949350065144
2015-12-11,2.23,2.23,0.0
2015-12-14,2.242,2.242,0.5381165919282616
2015-12-15,2.225,2.225,-0.7582515611061491
2015-12-16,2.227,2.227,0.08988764044943753
2015-12-17,2.228,2.228,0.044903457566247695
2015-12-18,2.217,2.217,-0.4937163375224429
2015-12-21,2.238,2.238,0.9472259810554773
2015-12-22,2.249,2.249,0.49151027703306926
2015-12-23,2.244,2.244,-0.22232103156958338
2015-12-24,2.245,2.245,0.04456327985740138
2015-12-25,2.25,2.25,0.22271714922048602
2015-12-28,2.244,2.244,-0.2666666666666595
2015-12-29,2.248,2.248,0.17825311942958333
2015-12-30,2.245,2.245,-0.13345195729538295
2015-12-31,2.232,2.232,-0.5790645879732659
2016-01-04,2.251,2.251,0.8512544802867339
2016-01-05,2.27,2.27,0.8440693025322243
2016-01-06,2.289,2.289,0.8370044052863568
2016-01-07,2.339,2.339,2.184359982525108
2016-01-08,2.338,2.338,-0.042753313381782565
2016-01-11,2.347,2.347,0.38494439692045024
2016-01-12,2.318,2.318,-1.235619940349375
2016-01-13,2.3,2.3,-0.7765314926660993
2016-01-14,2.317,2.317,0.73913043478262
2016-01-15,2.304,2.304,-0.5610703495899982
2016-01-18,2.313,2.313,0.3906250000000222
2016-01-19,2.311,2.311,-0.08646779074795719
2016-01-20,2.329,2.329,0.7788836001730859
2016-01-21,2.35,2.35,0.9016745384285096
2016-01-22,2.335,2.335,-0.638297872340432
2016-01-25,2.339,2.339,0.17130620985010836
2016-01-26,2.379,2.379,1.7101325352714802
2016-01-27,2.375,2.375,-0.16813787305590688
2016-01-28,2.361,2.361,-0.5894736842105175
2016-01-29,2.363,2.363,0.08470986869968389
2016-02-01,2.383,2.383,0.8463817181548983
2016-02-02,2.389,2.389,0.25178346621903547
2016-02-03,2.399,2.399,0.4185851820845743
2016-02-04,2.421,2.421,0.9170487703209496
2016-02-05,2.451,2.451,1.239157372986388
2016-02-15,2.547,2.547,3.9167686658506673
2016-02-16,2.512,2.512,-1.3741656851197548
2016-02-17,2.533,2.533,0.8359872611464869
2016-02-18,2.537,2.537,0.15791551519936942
2016-02-19,2.574,2.574,1.4584154513204606
2016-02-22,2.555,2.555,-0.7381507381507224
2016-02-23,2.557,2.557,0.07827788649705791
2016-02-24,2.577,2.577,0.7821666014861117
2016-02-25,2.614,2.614,1.4357780364765205
2016-02-26,2.612,2.612,-0.07651109410863333
2016-02-29,2.587,2.587,-0.9571209800918856
2016-03-01,2.626,2.626,1.5075376884422065
2016-03-02,2.595,2.595,-1.180502665651173
2016-03-03,2.617,2.617,0.8477842003853375
2016-03-04,2.651,2.651,1.2991975544516476
2016-03-07,2.649,2.649,-0.07544322897019562
2016-03-08,2.662,2.662,0.49075122687807227
2016-03-09,2.634,2.634,-1.0518407212622094
2016-03-10,2.618,2.618,-0.6074411541381886
2016-03-11,2.651,2.651,1.2605042016806678
2016-03-14,2.624,2.624,-1.0184835910976853
2016-03-15,2.572,2.572,-1.981707317073167
2016-03-16,2.591,2.591,0.7387247278382691
2016-03-17,2.617,2.617,1.0034735623311475
2016-03-18,2.617,2.617,0.0
2016-03-21,2.576,2.576,-1.5666794038975862
2016-03-22,2.597,2.597,0.8152173913043459
2016-03-23,2.57,2.57,-1.039661147477866
2016-03-24,2.534,2.534,-1.4007782101167376
2016-03-25,2.549,2.549,0.5919494869771169
2016-03-28,2.541,2.541,-0.3138485680659109
2016-03-29,2.547,2.547,0.23612750885479983
2016-03-30,2.57,2.57,0.9030231645072551
2016-03-31,2.548,2.548,-0.8560311284046662
2016-04-01,2.564,2.564,0.6279434850863463
2016-04-05,2.552,2.552,-0.46801872074883066
2016-04-06,2.554,2.554,0.07836990595611049
2016-04-07,2.553,2.553,-0.03915426781518905
2016-04-08,2.57,2.57,0.6658832745789267
2016-04-11,2.593,2.593,0.894941634241242
2016-04-12,2.607,2.607,0.5399151561897408
2016-04-13,2.584,2.584,-0.8822401227464582
2016-04-14,2.563,2.563,-0.8126934984520107
2016-04-15,2.562,2.562,-0.039016777214218035
2016-04-18,2.564,2.564,0.07806401249024209
2016-04-19,2.588,2.588,0.9360374414976613
2016-04-20,2.594,2.594,0.23183925811436357
2016-04-21,2.626,2.626,1.2336160370084892
2016-04-22,2.592,2.592,-1.2947448591012822
2016-04-25,2.578,2.578,-0.5401234567901314
2016-04-26,2.573,2.573,-0.19394879751745142
2016-04-27,2.601,2.601,1.088223863194715
2016-04-28,2.613,2.613,0.46136101499423265
2016-04-29,2.66,2.66,1.7986988136242
2016-05-03,2.702,2.702,1.5789473684210353
2016-05-04,2.677,2.677,-0.925240562546259
2016-05-05,2.675,2.675,-0.07471049682481468
2016-05-06,2.68,2.68,0.18691588785046953
2016-05-09,2.67,2.67,-0.3731343283582156
2016-05-10,2.657,2.657,-0.4868913857677848
2016-05-11,2.669,2.669,0.45163718479488413
2016-05-12,2.66,2.66,-0.33720494567253123
2016-05-13,2.682,2.682,0.8270676691729317
2016-05-16,2.695,2.695,0.4847129008202833
2016-05-17,2.682,2.682,-0.48237476808905555
2016-05-18,2.681,2.681,-0.037285607755399575
2016-05-19,2.64,2.64,-1.5292801193584449
2016-05-20,2.638,2.638,-0.07575757575758457
2016-05-23,2.635,2.635,-0.11372251705837888
2016-05-24,2.623,2.623,-0.4554079696394542
2016-05-25,2.581,2.581,-1.6012199771254343
2016-05-26,2.591,2.591,0.38744672607518016
2016-05-27,2.58,2.58,-0.4245465071401
2016-05-30,2.554,2.554,-1.0077519379845024
2016-05-31,2.576,2.576,0.8613938919342257
2016-06-01,2.579,2.579,0.11645962732920179
2016-06-02,2.581,2.581,0.07754943776656642
2016-06-03,2.574,2.574,-0.27121270825262167
2016-06-06,2.621,2.621,1.8259518259518215
2016-06-07,2.625,2.625,0.15261350629531822
2016-06-08,2.646,2.646,0.8000000000000007
2016-06-13,2.724,2.724,2.94784580498868
2016-06-14,2.717,2.717,-0.2569750367107271
2016-06-15,2.73,2.73,0.4784688995215225
2016-06-16,2.777,2.777,1.7216117216117377
2016-06-17,2.715,2.715,-2.2326251350378246
2016-06-20,2.717,2.717,0.07366482504604921
2016-06-21,2.712,2.712,-0.1840264998159702
2016-06-22,2.675,2.675,-1.3643067846607848
2016-06-23,2.681,2.681,0.22429906542056344
2016-06-24,2.805,2.805,4.6251398731816495
2016-06-27,2.828,2.828,0.8199643493761011
2016-06-28,2.817,2.817,-0.38896746817538297
2016-06-29,2.83,2.83,0.46148384806532494
2016-06-30,2.818,2.818,-0.4240282685512353
2016-07-01,2.858,2.858,1.419446415897796
2016-07-04,2.899,2.899,1.4345696291112597
2016-07-05,2.89,2.89,-0.31045187995860646
2016-07-06,2.947,2.947,1.972318339100343
2016-07-07,2.936,2.936,-0.3732609433322098
2016-07-08,2.916,2.916,-0.6811989100817484
2016-07-11,2.942,2.942,0.8916323731138709
2016-07-12,2.919,2.919,-0.7817811012916454
2016-07-13,2.892,2.892,-0.9249743062692772
2016-07-14,2.872,2.872,-0.6915629322268302
2016-07-15,2.875,2.875,0.10445682451254434
2016-07-18,2.865,2.865,-0.3478260869565153
2016-07-19,2.87,2.87,0.17452006980802626
2016-07-20,2.858,2.858,-0.4181184668989535
2016-07-21,2.83,2.83,-0.9797060881735487
2016-07-22,2.844,2.844,0.4946996466431042
2016-07-25,2.83,2.83,-0.4922644163150469
2016-07-26,2.834,2.834,0.1413427561837377
2016-07-27,2.836,2.836,0.07057163020465218
2016-07-28,2.876,2.876,1.4104372355430161
2016-07-29,2.859,2.859,-0.591098748261476
2016-08-01,2.877,2.877,0.6295907660020861
2016-08-02,2.895,2.895,0.6256517205422307
2016-08-03,2.912,2.912,0.5872193436960327
2016-08-04,2.881,2.881,-1.0645604395604469
2016-08-05,2.918,2.918,1.2842762929538454
2016-08-08,2.857,2.857,-2.0904729266620903
2016-08-09,2.855,2.855,-0.07000350017501988
2016-08-10,2.896,2.896,1.436077057793339
2016-08-11,2.871,2.871,-0.8632596685082872
2016-08-12,2.87,2.87,-0.03483106931382318
2016-08-15,2.864,2.864,-0.2090592334494823
2016-08-16,2.875,2.875,0.3840782122905173
2016-08-17,2.861,2.861,-0.4869565217391236
2016-08-18,2.876,2.876,0.5242922055225252
2016-08-19,2.877,2.877,0.03477051460361036
2016-08-22,2.855,2.855,-0.7646854362182709
2016-08-23,2.86,2.86,0.17513134851137035
2016-08-24,2.861,2.861,0.03496503496505099
2016-08-25,2.837,2.837,-0.8388675288360736
2016-08-26,2.841,2.841,0.14099400775466897
2016-08-29,2.83,2.83,-0.3871876099964866
2016-08-30,2.836,2.836,0.21201413427560656
2016-08-31,2.823,2.823,-0.4583921015514747
2016-09-01,2.815,2.815,-0.2833864682961429
2016-09-02,2.821,2.821,0.2131438721136858
2016-09-05,2.851,2.851,1.0634526763559027
2016-09-06,2.852,2.852,0.03507541213609855
2016-09-07,2.891,2.891,1.3674614305750454
2016-09-08,2.889,2.889,-0.06918021445867506
2016-09-09,2.872,2.872,-0.5884389061959094
2016-09-12,2.852,2.852,-0.696378830083566
2016-09-13,2.857,2.857,0.1753155680224605
2016-09-14,2.843,2.843,-0.4900245012250726
2016-09-19,2.826,2.826,-0.5979599015124792
2016-09-20,2.831,2.831,0.17692852087756172
2016-09-21,2.838,2.838,0.24726245143058545
2016-09-22,2.859,2.859,0.7399577167019
2016-09-23,2.862,2.862,0.10493179433368471
2016-09-26,2.863,2.863,0.034940600978328185
2016-09-27,2.858,2.858,-0.17464198393293273
2016-09-28,2.837,2.837,-0.7347795661301615
2016-09-29,2.832,2.832,-0.17624250969334732
2016-09-30,2.843,2.843,0.3884180790960423
2016-10-10,2.737,2.737,-3.728455856489621
2016-10-11,2.731,2.731,-0.2192181220314282
2016-10-12,2.725,2.725,-0.21969974368362122
2016-10-13,2.734,2.734,0.3302752293578015
2016-10-14,2.724,2.724,-0.3657644476956712
2016-10-17,2.734,2.734,0.36710719530101965
2016-10-18,2.74,2.74,0.2194586686174116
2016-10-19,2.74,2.74,0.0
2016-10-20,2.761,2.761,0.7664233576642365
2016-10-21,2.751,2.751,-0.3621876131836399
2016-10-24,2.76,2.76,0.32715376226826187
2016-10-25,2.77,2.77,0.36231884057971175
2016-10-26,2.783,2.783,0.46931407942238934
2016-10-27,2.772,2.772,-0.39525691699605625
2016-10-28,2.775,2.775,0.10822510822510178
2016-10-31,2.788,2.788,0.4684684684684637
2016-11-01,2.799,2.799,0.39454806312768653
2016-11-02,2.824,2.824,0.8931761343336841
2016-11-03,2.823,2.823,-0.03541076487251216
2016-11-04,2.804,2.804,-0.6730428622033324
2016-11-07,2.792,2.792,-0.42796005706133844
2016-11-08,2.798,2.798,0.21489971346706493
2016-11-09,2.865,2.865,2.3945675482487605
2016-11-10,2.813,2.813,-1.8150087260034864
2016-11-11,2.769,2.769,-1.5641663704230369
2016-11-14,2.683,2.683,-3.1058143734200128
2016-11-15,2.709,2.709,0.9690644800596449
2016-11-16,2.722,2.722,0.47988187523071435
2016-11-17,2.716,2.716,-0.22042615723731895
2016-11-18,2.687,2.687,-1.0677466863034057
2016-11-21,2.709,2.709,0.8187569780424342
2016-11-22,2.715,2.715,0.22148394241416902
2016-11-23,2.717,2.717,0.07366482504604921
2016-11-24,2.684,2.684,-1.2145748987854255
2016-11-25,2.662,2.662,-0.819672131147553
2016-11-28,2.678,2.678,0.6010518407212562
2016-11-29,2.666,2.666,-0.44809559372666063
2016-11-30,2.652,2.652,-0.5251312828207011
2016-12-01,2.64,2.64,-0.4524886877828038
2016-12-02,2.638,2.638,-0.07575757575758457
2016-12-05,2.629,2.629,-0.34116755117512554
2016-12-06,2.626,2.626,-0.11411182959299992
2016-12-07,2.621,2.621,-0.19040365575018203
2016-12-08,2.644,2.644,0.8775276611980187
2016-12-09,2.643,2.643,-0.037821482602129475
2016-12-12,2.63,2.63,-0.4918653045781318
2016-12-13,2.632,2.632,0.07604562737644205
2016-12-14,2.65,2.65,0.6838905775075954
2016-12-15,2.615,2.615,-1.3207547169811207
2016-12-16,2.602,2.602,-0.49713193116636134
2016-12-19,2.615,2.615,0.49961568024596836
2016-12-20,2.601,2.601,-0.5353728489483789
2016-12-21,2.595,2.595,-0.23068050749710522
2016-12-22,2.577,2.577,-0.6936416184971206
2016-12-23,2.583,2.583,0.2328288707799775
2016-12-26,2.592,2.592,0.34843205574912606
2016-12-27,2.595,2.595,0.11574074074074403
2016-12-28,2.603,2.603,0.3082851637765005
2016-12-29,2.616,2.616,0.49942374183633564
2016-12-30,2.636,2.636,0.7645259938837912
2017-01-03,2.626,2.626,-0.3793626707132125
2017-01-04,2.638,2.638,0.4569687738004591
2017-01-05,2.636,2.636,-0.07581501137224889
2017-01-06,2.633,2.633,-0.11380880121396597
2017-01-09,2.645,2.645,0.45575389289782553
2017-01-10,2.663,2.663,0.6805293005671009
2017-01-11,2.664,2.664,0.03755163349608015
2017-01-12,2.671,2.671,0.26276276276275823
2017-01-13,2.662,2.662,-0.3369524522650602
2017-01-16,2.682,2.682,0.7513148009015813
2017-01-17,2.694,2.694,0.4474272930648837
2017-01-18,2.685,2.685,-0.33407572383072903
2017-01-19,2.662,2.662,-0.8566108007448836
2017-01-20,2.668,2.668,0.22539444027047661
2017-01-23,2.681,2.681,0.4872563718140821
2017-01-24,2.677,2.677,-0.14919806042521522
2017-01-25,2.651,2.651,-0.9712364587224576
2017-01-26,2.641,2.641,-0.3772161448509892
2017-02-03,2.674,2.674,1.2495266944339223
2017-02-06,2.701,2.701,1.0097232610321694
2017-02-07,2.722,2.722,0.7774898185856971
2017-02-08,2.722,2.722,0.0
2017-02-09,2.74,2.74,0.6612784717119791
2017-02-10,2.712,2.712,-1.0218978102189746
2017-02-13,2.719,2.719,0.2581120943952575
2017-02-14,2.72,2.72,0.0367782272894468
2017-02-15,2.707,2.707,-0.47794117647059764
2017-02-16,2.725,2.725,0.664942741041763
2017-02-17,2.737,2.737,0.4403669724770687
2017-02-20,2.73,2.73,-0.2557544757033292
2017-02-21,2.736,2.736,0.219780219780219
2017-02-22,2.735,2.735,-0.03654970760235132
2017-02-23,2.739,2.739,0.1462522851919612
2017-02-24,2.775,2.775,1.3143483023001057
2017-02-27,2.784,2.784,0.324324324324321
2017-02-28,2.774,2.774,-0.3591954022988397
2017-03-01,2.755,2.755,-0.6849315068493178
2017-03-02,2.758,2.758,0.10889292196007982
2017-03-03,2.737,2.737,-0.761421319796951
2017-03-06,2.739,2.739,0.073072707343802
2017-03-07,2.729,2.729,-0.3650967506389158
2017-03-08,2.717,2.717,-0.43972150971052226
2017-03-09,2.708,2.708,-0.33124769966874634
2017-03-10,2.69,2.69,-0.6646971935007517
2017-03-13,2.718,2.718,1.0408921933085402
2017-03-14,2.709,2.709,-0.3311258278145712
2017-03-15,2.709,2.709,0.0
2017-03-16,2.75,2.75,1.5134736064968513
2017-03-17,2.754,2.754,0.1454545454545375
2017-03-20,2.766,2.766,0.43572984749455923
2017-03-21,2.751,2.751,-0.5422993492407824
2017-03-22,2.776,2.776,0.9087604507451719
2017-03-23,2.779,2.779,0.10806916426513435
2017-03-24,2.773,2.773,-0.21590500179919925
2017-03-27,2.8,2.8,0.9736747205192797
2017-03-28,2.793,2.793,-0.24999999999998357
2017-03-29,2.786,2.786,-0.25062656641604564
2017-03-30,2.784,2.784,-0.0717875089734421
2017-03-31,2.761,2.761,-0.826149425287348
2017-04-05,2.792,2.792,1.1227816008692493
2017-04-06,2.794,2.794,0.07163323782235498
2017-04-07,2.819,2.819,0.8947745168217613
2017-04-10,2.808,2.808,-0.3902092940759161
2017-04-11,2.814,2.814,0.21367521367521292
2017-04-12,2.842,2.842,0.995024875621886
2017-04-13,2.853,2.853,0.38705137227306174
2017-04-14,2.859,2.859,0.2103049421661396
2017-04-17,2.852,2.852,-0.24484085344526063
2017-04-18,2.843,2.843,-0.3155680224403934
2017-04-19,2.841,2.841,-0.0703482237073394
2017-04-20,2.836,2.836,-0.17599436818023229
2017-04-21,2.827,2.827,-0.3173483779971731
2017-04-24,2.805,2.805,-0.7782101167315147
2017-04-25,2.807,2.807,0.07130124777183777
2017-04-26,2.794,2.794,-0.4631278945493422
2017-04-27,2.802,2.802,0.28632784538296097
2017-04-28,2.812,2.812,0.35688793718771095
2017-05-02,2.788,2.788,-0.8534850640113834
2017-05-03,2.788,2.788,0.0
2017-05-04,2.745,2.745,-1.5423242467718645
2017-05-05,2.747,2.747,0.0728597449908941
2017-05-08,2.738,2.738,-0.3276301419730565
2017-05-09,2.741,2.741,0.10956902848795469
2017-05-10,2.726,2.726,-0.5472455308281665
2017-05-11,2.731,2.731,0.18341892883344535
2017-05-12,2.739,2.739,0.2929329915781764
2017-05-15,2.75,2.75,0.40160642570281624
2017-05-16,2.757,2.757,0.25454545454546285
2017-05-17,2.768,2.768,0.39898440333694385
2017-05-18,2.791,2.791,0.830924855491344
2017-05-19,2.784,2.784,-0.25080616266571765
2017-05-22,2.79,2.79,0.21551724137931494
2017-05-23,2.803,2.803,0.465949820788536
2017-05-24,2.772,2.772,-1.1059579022476007
2017-05-25,2.784,2.784,0.43290043290042934
2017-05-26,2.788,2.788,0.1436781609195359
2017-05-31,2.775,2.775,-0.46628407460544974
2017-06-01,2.777,2.777,0.07207207207207134
2017-06-02,2.771,2.771,-0.2160604969391522
2017-06-05,2.805,2.805,1.22699386503069
2017-06-06,2.822,2.822,0.60606060606061
2017-06-07,2.823,2.823,0.03543586109142627
2017-06-08,2.806,2.806,-0.6021962451292939
2017-06-09,2.78,2.78,-0.9265858873841903
2017-06-12,2.77,2.77,-0.3597122302158251
2017-06-13,2.775,2.775,0.18050541516245744
2017-06-14,2.782,2.782,0.2522522522522497
2017-06-15,2.759,2.759,-0.8267433501078392
2017-06-16,2.755,2.755,-0.14498006524102935
2017-06-19,2.753,2.753,-0.07259528130670878
2017-06-20,2.743,2.743,-0.36324010170724064
2017-06-21,2.745,2.745,0.07291286912141093
2017-06-22,2.76,2.76,0.5464480874316724
2017-06-23,2.764,2.764,0.14492753623187582
2017-06-26,2.764,2.764,0.0
2017-06-27,2.751,2.751,-0.4703328509406579
2017-06-28,2.747,2.747,-0.1454016721192275
2017-06-29,2.74,2.74,-0.2548234437568131
2017-06-30,2.714,2.714,-0.9489051094890621
2017-07-03,2.707,2.707,-0.2579218865143784
2017-07-04,2.689,2.689,-0.6649427410417408
2017-07-05,2.688,2.688,-0.037188545927846484
2017-07-06,2.694,2.694,0.22321428571427937
2017-07-07,2.686,2.686,-0.29695619896065173
2017-07-10,2.658,2.658,-1.042442293373047
2017-07-11,2.667,2.667,0.3386004514672747
2017-07-12,2.676,2.676,0.3374578177727905
2017-07-13,2.684,2.684,0.2989536621823552
2017-07-14,2.675,2.675,-0.3353204172876434
2017-07-17,2.695,2.695,0.7476635514018781
2017-07-18,2.708,2.708,0.48237476808905555
2017-07-19,2.709,2.709,0.03692762186113807
2017-07-20,2.708,2.708,-0.0369139904023541
2017-07-21,2.724,2.724,0.5908419497784312
2017-07-24,2.727,2.727,0.11013215859030367
2017-07-25,2.733,2.733,0.2200220022002375
2017-07-26,2.71,2.71,-0.8415660446395967
2017-07-27,2.739,2.739,1.0701107011070077
2017-07-28,2.735,2.735,-0.14603870025556853
2017-07-31,2.742,2.742,0.255941499085921
2017-08-01,2.745,2.745,0.1094091903719896
2017-08-02,2.742,2.742,-0.10928961748634114
2017-08-03,2.731,2.731,-0.40116703136396925
2017-08-04,2.748,2.748,0.6224826071036471
2017-08-07,2.725,2.725,-0.8369723435225684
2017-08-08,2.72,2.72,-0.18348623853210455
2017-08-09,2.727,2.727,0.25735294117645857
2017-08-10,2.749,2.749,0.8067473414008264
2017-08-11,2.763,2.763,0.5092761004001467
2017-08-14,2.76,2.76,-0.10857763300760048
2017-08-15,2.74,2.74,-0.7246376811594013
2017-08-16,2.733,2.733,-0.2554744525547492
2017-08-17,2.76,2.76,0.9879253567508073
2017-08-18,2.763,2.763,0.10869565217390686
2017-08-21,2.752,2.752,-0.3981179876945351
2017-08-22,2.749,2.749,-0.10901162790696306
2017-08-23,2.75,2.75,0.03637686431430254
2017-08-24,2.751,2.751,0.03636363636363438
2017-08-25,2.749,2.749,-0.07270083605960265
2017-08-28,2.762,2.762,0.47289923608584417
2017-08-29,2.792,2.792,1.0861694424330048
2017-08-30,2.76,2.76,-1.1461318051575908
2017-08-31,2.756,2.756,-0.14492753623188692
2017-09-01,2.775,2.775,0.6894049346879649
2017-09-04,2.796,2.796,0.756756756756749
2017-09-05,2.792,2.792,-0.14306151645206988
2017-09-06,2.795,2.795,0.10744985673352137
2017-09-07,2.786,2.786,-0.3220035778175312
2017-09-08,2.794,2.794,0.2871500358937462
2017-09-11,2.781,2.781,-0.4652827487473088
2017-09-12,2.769,2.769,-0.4314994606256728
2017-09-13,2.773,2.773,0.14445648248464504
2017-09-14,2.768,2.768,-0.18031013342950653
2017-09-15,2.78,2.78,0.43352601156070314
2017-09-18,2.758,2.758,-0.7913669064748108
2017-09-19,2.759,2.759,0.03625815808556698
2017-09-20,2.762,2.762,0.1087350489307859
2017-09-21,2.733,2.733,-1.0499637943519158
2017-09-22,2.738,2.738,0.18294914013903263
2017-09-25,2.734,2.734,-0.14609203798392478
2017-09-26,2.772,2.772,1.3899049012435993
2017-09-27,2.748,2.748,-0.8658008658008476
2017-09-28,2.732,2.732,-0.5822416302765698
2017-09-29,2.742,2.742,0.36603221083455484
2017-10-09,2.729,2.729,-0.4741064916119586
2017-10-10,2.73,2.73,0.03664345914253797
2017-10-11,2.724,2.724,-0.2197802197802079
2017-10-12,2.734,2.734,0.36710719530101965
2017-10-13,2.734,2.734,0.0
2017-10-16,2.748,2.748,0.5120702267739752
2017-10-17,2.735,2.735,-0.47307132459971646
2017-10-18,2.729,2.729,-0.2193784277879307
2017-10-19,2.724,2.724,-0.18321729571271206
2017-10-20,2.723,2.723,-0.03671071953011973
2017-10-23,2.713,2.713,-0.3672420124862241
2017-10-24,2.723,2.723,0.36859565057132393
2017-10-25,2.712,2.712,-0.403966213734841
2017-10-26,2.723,2.723,0.4056047197640078
2017-10-27,2.706,2.706,-0.6243114212265866
2017-10-30,2.711,2.711,0.18477457501846484
2017-10-31,2.718,2.718,0.25820730357801747
2017-11-01,2.711,2.711,-0.2575423105224517
2017-11-02,2.712,2.712,0.03688675765400884
2017-11-03,2.713,2.713,0.03687315634217647
2017-11-06,2.707,2.707,-0.22115739034280768
2017-11-07,2.719,2.719,0.44329516069450126
2017-11-08,2.72,2.72,0.0367782272894468
2017-11-09,2.729,2.729,0.3308823529411642
2017-11-10,2.735,2.735,0.21986075485525003
2017-11-13,2.724,2.724,-0.4021937842778711
2017-11-14,2.719,2.719,-0.18355359765052093
2017-11-15,2.724,2.724,0.18389113644723398
2017-11-16,2.719,2.719,-0.18355359765052093
2017-11-17,2.728,2.728,0.33100404560502117
2017-11-20,2.742,2.742,0.513196480938416
2017-11-21,2.726,2.726,-0.5835156819839593
2017-11-22,2.726,2.726,0.0
2017-11-23,2.728,2.728,0.07336757153340034
2017-11-24,2.732,2.732,0.14662756598240456
2017-11-27,2.731,2.731,-0.036603221083464366
2017-11-28,2.736,2.736,0.18308311973638247
2017-11-29,2.738,2.738,0.07309941520468044
2017-11-30,2.72,2.72,-0.6574141709276726
2017-12-01,2.702,2.702,-0.6617647058823617
2017-12-04,2.7,2.7,-0.07401924500369805
2017-12-05,2.702,2.702,0.07407407407407085
2017-12-06,2.686,2.686,-0.5921539600296066
2017-12-07,2.668,2.668,-0.6701414743112366
2017-12-08,2.651,2.651,-0.637181409295362
2017-12-11,2.653,2.653,0.07544322897021782
2017-12-12,2.649,2.649,-0.15077271013946847
2017-12-13,2.65,2.65,0.03775009437523291
2017-12-14,2.674,2.674,0.9056603773584859
2017-12-15,2.673,2.673,-0.03739715781599928
2017-12-18,2.674,2.674,0.03741114852224836
2017-12-19,2.686,2.686,0.4487658937920802
2017-12-20,2.68,2.68,-0.22338049143707517
2017-12-21,2.676,2.676,-0.14925373134327957
2017-12-22,2.678,2.678,0.07473841554557215
2017-12-25,2.693,2.693,0.5601194921583286
2017-12-26,2.677,2.677,-0.5941329372447068
2017-12-27,2.691,2.691,0.5229734777736139
2017-12-28,2.692,2.692,0.03716090672614136
2017-12-29,2.708,2.708,0.5943536404160454
2018-01-02,2.723,2.723,0.5539143279172709
2018-01-03,2.733,2.733,0.3672420124862352
2018-01-04,2.719,2.719,-0.5122575923893202
2018-01-05,2.728,2.728,0.33100404560502117
2018-01-08,2.73,2.73,0.07331378299120228
2018-01-09,2.736,2.736,0.219780219780219
2018-01-10,2.729,2.729,-0.25584795321638154
2018-01-11,2.734,2.734,0.18321729571271206
2018-01-12,2.774,2.774,1.4630577907827291
2018-01-15,2.783,2.783,0.32444124008650377
2018-01-16,2.781,2.781,-0.07186489399927387
2018-01-17,2.774,2.774,-0.2517080186983156
2018-01-18,2.759,2.759,-0.5407354001441989
2018-01-19,2.751,2.751,-0.2899601304820587
2018-01-22,2.754,2.754,0.10905125408942062
2018-01-23,2.762,2.762,0.2904865649963728
2018-01-24,2.774,2.774,0.43446777697320194
2018-01-25,2.784,2.784,0.36049026676279183
2018-01-26,2.767,2.767,-0.6106321839080442
2018-01-29,2.754,2.754,-0.46982291290205147
2018-01-30,2.731,2.731,-0.8351488743645663
2018-01-31,2.735,2.735,0.1464664957890882
2018-02-01,2.729,2.729,-0.2193784277879307
2018-02-02,2.731,2.731,0.07328691828507594
2018-02-05,2.705,2.705,-0.9520322226290623
2018-02-06,2.726,2.726,0.7763401109057266
2018-02-07,2.689,2.689,-1.3573000733675733
2018-02-08,2.68,2.68,-0.33469691335068497
2018-02-09,2.692,2.692,0.4477611940298498
2018-02-12,2.694,2.694,0.07429420505200568
2018-02-13,2.708,2.708,0.5196733481811489
2018-02-14,2.73,2.73,0.8124076809453484
2018-02-22,2.704,2.704,-0.952380952380949
2018-02-23,2.712,2.712,0.2958579881656709
2018-02-26,2.727,2.727,0.5530973451327359
2018-02-27,2.712,2.712,-0.5500550055005382
2018-02-28,2.692,2.692,-0.7374631268436627
2018-03-01,2.689,2.689,-0.11144130757800852
2018-03-02,2.7,2.7,0.40907400520640014
2018-03-05,2.71,2.71,0.37037037037035425
2018-03-06,2.709,2.709,-0.03690036900368954
2018-03-07,2.719,2.719,0.36913990402360763
2018-03-08,2.714,2.714,-0.18389113644722288
2018-03-09,2.7,2.7,-0.5158437730287346
2018-03-12,2.699,2.699,-0.03703703703704653
2018-03-13,2.698,2.698,-0.03705075954056891
2018-03-14,2.702,2.702,0.148257968865817
2018-03-15,2.699,2.699,-0.11102886750555818
2018-03-16,2.688,2.688,-0.40755835494626913
2018-03-19,2.678,2.678,-0.37202380952381375
2018-03-20,2.689,2.689,0.410754294249438
2018-03-21,2.69,2.69,0.037188545927846484
2018-03-22,2.713,2.713,0.8550185873605898
2018-03-23,2.741,2.741,1.0320678215997026
2018-03-26,2.738,2.738,-0.10944910616563774
2018-03-27,2.736,2.736,-0.07304601899196239
2018-03-28,2.721,2.721,-0.5482456140350922
2018-03-29,2.688,2.688,-1.2127894156560015
2018-03-30,2.692,2.692,0.14880952380953438
2018-04-02,2.696,2.696,0.14858841010401136
2018-04-03,2.716,2.716,0.7418397626112849
2018-04-04,2.712,2.712,-0.14727540500736325
2018-04-09,2.707,2.707,-0.18436578171092677
2018-04-10,2.71,2.71,0.11082379017361976
2018-04-11,2.726,2.726,0.5904059040590326
2018-04-12,2.735,2.735,0.33015407190022383
2018-04-13,2.714,2.714,-0.767824497257763
2018-04-16,2.725,2.725,0.40530582166544704
2018-04-17,2.729,2.729,0.14678899082569696
2018-04-18,2.727,2.727,-0.07328691828509815
2018-04-19,2.734,2.734,0.25669233590026597
2018-04-20,2.722,2.722,-0.4389173372348232
2018-04-23,2.708,2.708,-0.5143277002204183
2018-04-24,2.7,2.7,-0.2954209748892156
2018-04-25,2.699,2.699,-0.03703703703704653
2018-04-26,2.702,2.702,0.11115227862170673
2018-04-27,2.692,2.692,-0.37009622501850137
2018-05-02,2.684,2.684,-0.2971768202080227
2018-05-03,2.684,2.684,0.0
2018-05-04,2.687,2.687,0.11177347242918856
2018-05-07,2.694,2.694,0.2605135839225836
2018-05-08,2.692,2.692,-0.0742390497401546
2018-05-09,2.689,2.689,-0.11144130757800852
2018-05-10,2.69,2.69,0.037188545927846484
2018-05-11,2.693,2.693,0.11152416356878803
2018-05-14,2.694,2.694,0.03713330857779695
2018-05-15,2.68,2.68,-0.5196733481811378
2018-05-16,2.654,2.654,-0.9701492537313561
2018-05-17,2.642,2.642,-0.45214770158251705
2018-05-18,2.644,2.644,0.07570022710068347
2018-05-21,2.639,2.639,-0.18910741301060296
2018-05-22,2.646,2.646,0.2652519893899141
2018-05-23,2.649,2.649,0.11337868480725266
2018-05-24,2.665,2.665,0.604001510003771
2018-05-25,2.678,2.678,0.4878048780487809
2018-05-28,2.667,2.667,-0.4107542942494491
2018-05-29,2.676,2.676,0.3374578177727905
2018-05-30,2.683,2.683,0.261584454409558
2018-05-31,2.686,2.686,0.1118151323145744
2018-06-01,2.68,2.68,-0.22338049143707517
2018-06-04,2.665,2.665,-0.5597014925373234
2018-06-05,2.662,2.662,-0.11257035647279645
2018-06-06,2.666,2.666,0.15026296018032514
2018-06-07,2.664,2.664,-0.07501875468866048
2018-06-08,2.664,2.664,0.0
2018-06-11,2.671,2.671,0.26276276276275823
2018-06-12,2.669,2.669,-0.07487832272555783
2018-06-13,2.667,2.667,-0.07493443237168718
2018-06-14,2.677,2.677,0.37495313085864623
2018-06-15,2.682,2.682,0.18677624206200338
2018-06-19,2.659,2.659,-0.8575689783743567
2018-06-20,2.651,2.651,-0.3008649868371571
2018-06-21,2.641,2.641,-0.3772161448509892
2018-06-22,2.653,2.653,0.45437334343052527
2018-06-25,2.658,2.658,0.18846588767431616
2018-06-26,2.657,2.657,-0.03762227238525151
2018-06-27,2.663,2.663,0.22581859239743096
2018-06-28,2.655,2.655,-0.30041306796845246
2018-06-29,2.661,2.661,0.225988700564983
2018-07-02,2.667,2.667,0.22547914317925244
2018-07-03,2.665,2.665,-0.07499062617172259
2018-07-04,2.673,2.673,0.30018761726078314
2018-07-05,2.675,2.675,0.07482229704451893
2018-07-06,2.68,2.68,0.18691588785046953
2018-07-09,2.677,2.677,-0.11194029850746245
2018-07-10,2.668,2.668,-0.33619723571161053
2018-07-11,2.676,2.676,0.2998500749625155
2018-07-12,2.668,2.668,-0.2989536621823663
2018-07-13,2.665,2.665,-0.11244377811094886
2018-07-16,2.669,2.669,0.15009380863040267
2018-07-17,2.664,2.664,-0.18733608092917908
2018-07-18,2.639,2.639,-0.9384384384384492
2018-07-19,2.65,2.65,0.41682455475560154
2018-07-20,2.655,2.655,0.18867924528300772
2018-07-23,2.668,2.668,0.48964218455744835
2018-07-24,2.666,2.666,-0.07496251874063997
2018-07-25,2.668,2.668,0.07501875468867159
2018-07-26,2.672,2.672,0.14992503748125774
2018-07-27,2.669,2.669,-0.11227544910179521
2018-07-30,2.671,2.671,0.07493443237167607
2018-07-31,2.673,2.673,0.07487832272556894
2018-08-01,2.672,2.672,-0.03741114852225946
2018-08-02,2.664,2.664,-0.29940119760478723
2018-08-03,2.663,2.663,-0.037537537537546406
2018-08-06,2.663,2.663,0.0
2018-08-07,2.662,2.662,-0.037551633496057946
2018-08-08,2.658,2.658,-0.15026296018031404
2018-08-09,2.658,2.658,0.0
2018-08-10,2.656,2.656,-0.07524454477049192
2018-08-13,2.664,2.664,0.3012048192771122
2018-08-14,2.641,2.641,-0.8633633633633675
2018-08-15,2.637,2.637,-0.15145778114350472
2018-08-16,2.604,2.604,-1.2514220705346912
2018-08-17,2.598,2.598,-0.23041474654378336
2018-08-20,2.615,2.615,0.6543494996150923
2018-08-21,2.627,2.627,0.4588910133842994
2018-08-22,2.626,2.626,-0.03806623524933439
2018-08-23,2.627,2.627,0.038080731150036407
2018-08-24,2.628,2.628,0.038066235249356595
2018-08-27,2.641,2.641,0.49467275494672336
2018-08-28,2.65,2.65,0.34078000757289395
2018-08-29,2.638,2.638,-0.45283018867924296
2018-08-30,2.641,2.641,0.11372251705838998
2018-08-31,2.646,2.646,0.18932222642937813
2018-09-03,2.635,2.635,-0.41572184429328196
2018-09-04,2.626,2.626,-0.34155597722960174
2018-09-05,2.624,2.624,-0.07616146230007281
2018-09-06,2.633,2.633,0.3429878048780477
2018-09-07,2.642,2.642,0.3418154196733747
2018-09-10,2.633,2.633,-0.3406510219530645
2018-09-11,2.64,2.64,0.2658564375237482
2018-09-12,2.639,2.639,-0.03787878787879784
2018-09-13,2.65,2.65,0.41682455475560154
2018-09-14,2.656,2.656,0.22641509433962703
2018-09-17,2.642,2.642,-0.5271084337349463
2018-09-18,2.646,2.646,0.15140045420136694
2018-09-19,2.648,2.648,0.07558578987150177
2018-09-20,2.651,2.651,0.11329305135949763
2018-09-21,2.657,2.657,0.22632968691060906
2018-09-25,2.649,2.649,-0.30109145652992275
2018-09-26,2.653,2.653,0.15100037750095385
2018-09-27,2.642,2.642,-0.4146249528835355
2018-09-28,2.623,2.623,-0.7191521574564597
2018-10-08,2.656,2.656,1.2581014105985444
2018-10-09,2.652,2.652,-0.1506024096385561
2018-10-10,2.652,2.652,0.0
2018-10-11,2.665,2.665,0.4901960784313708
2018-10-12,2.702,2.702,1.3883677298311525
2018-10-15,2.728,2.728,0.9622501850481191
2018-10-16,2.727,2.727,-0.03665689149561224
2018-10-17,2.719,2.719,-0.29336266960029445
2018-10-18,2.722,2.722,0.11033468186834039
2018-10-19,2.734,2.734,0.4408523144746601
2018-10-22,2.73,2.73,-0.1463057790782707
2018-10-23,2.744,2.744,0.512820512820511
2018-10-24,2.745,2.745,0.03644314868804788
2018-10-25,2.759,2.759,0.5100182149362364
2018-10-26,2.757,2.757,-0.07249003262050913
2018-10-29,2.753,2.753,-0.14508523757708058
2018-10-30,2.747,2.747,-0.21794406102434438
2018-10-31,2.724,2.724,-0.8372770294867049
2018-11-01,2.73,2.73,0.22026431718060735
2018-11-02,2.731,2.731,0.0366300366300365
2018-11-05,2.732,2.732,0.03661662394729426
2018-11-06,2.734,2.734,0.07320644216690653
2018-11-07,2.735,2.735,0.036576444769553795
2018-11-08,2.724,2.724,-0.4021937842778711
2018-11-09,2.718,2.718,-0.22026431718062955
2018-11-12,2.698,2.698,-0.735835172921262
2018-11-13,2.689,2.689,-0.33358042994811044
2018-11-14,2.688,2.688,-0.037188545927846484
2018-11-15,2.703,2.703,0.5580357142856984
2018-11-16,2.707,2.707,0.14798372179061214
2018-11-19,2.714,2.714,0.2585888437384609
2018-11-20,2.724,2.724,0.3684598378776771
2018-11-21,2.723,2.723,-0.03671071953011973
2018-11-22,2.728,2.728,0.1836210062431176
2018-11-23,2.731,2.731,0.10997067448679232
2018-11-26,2.727,2.727,-0.1464664957890882
2018-11-27,2.722,2.722,-0.1833516685001757
2018-11-28,2.71,2.71,-0.440852314474649
2018-11-29,2.731,2.731,0.7749077490774914
2018-11-30,2.732,2.732,0.03661662394729426
2018-12-03,2.72,2.72,-0.43923865300146137
2018-12-04,2.72,2.72,0.0
2018-12-05,2.725,2.725,0.18382352941175295
2018-12-06,2.735,2.735,0.3669724770642091
2018-12-07,2.738,2.738,0.10968921389398201
2018-12-10,2.767,2.767,1.059167275383488
2018-12-11,2.763,2.763,-0.14456089627755686
2018-12-12,2.75,2.75,-0.47050307636626876
2018-12-13,2.748,2.748,-0.07272727272726875
2018-12-14,2.745,2.745,-0.10917030567686448
2018-12-17,2.746,2.746,0.036429872495435944
2018-12-18,2.761,2.761,0.5462490895848493
2018-12-19,2.77,2.77,0.3259688518652659
2018-12-20,2.77,2.77,0.0
2018-12-21,2.788,2.788,0.6498194945848246
2018-12-24,2.798,2.798,0.35868005738881603
2018-12-25,2.82,2.82,0.786275911365264
2018-12-26,2.819,2.819,-0.035460992907798694
2018-12-27,2.809,2.809,-0.3547357218871894
2018-12-28,2.826,2.826,0.6051975792096709
2019-01-02,2.837,2.837,0.38924274593064023
2019-01-03,2.868,2.868,1.0927035600986956
2019-01-04,2.853,2.853,-0.5230125523012386
2019-01-07,2.841,2.841,-0.4206098843322792
2019-01-08,2.828,2.828,-0.4575853572685751
2019-01-09,2.817,2.817,-0.38896746817538297
2019-01-10,2.823,2.823,0.21299254526090383
2019-01-11,2.805,2.805,-0.6376195536663021
2019-01-14,2.807,2.807,0.07130124777183777
2019-01-15,2.801,2.801,-0.21375133594584428
2019-01-16,2.803,2.803,0.0714030703320212
2019-01-17,2.81,2.81,0.24973242953978403
2019-01-18,2.811,2.811,0.0355871886120962
2019-01-21,2.8,2.8,-0.3913198150124586
2019-01-22,2.799,2.799,-0.03571428571428337
2019-01-23,2.802,2.802,0.1071811361200492
2019-01-24,2.8,2.8,-0.07137758743754885
2019-01-25,2.797,2.797,-0.1071428571428501
2019-01-28,2.823,2.823,0.9295673936360327
2019-01-29,2.833,2.833,0.3542330853701925
2019-01-30,2.842,2.842,0.31768443346276154
2019-01-31,2.837,2.837,-0.17593244194229474
2019-02-01,2.852,2.852,0.5287275290799975
2019-02-11,2.84,2.84,-0.42075736325385416
2019-02-12,2.851,2.851,0.38732394366196576
2019-02-13,2.847,2.847,-0.140301648544372
2019-02-14,2.843,2.843,-0.14049877063575522
2019-02-15,2.861,2.861,0.6331340133661767
2019-02-18,2.876,2.876,0.5242922055225252
2019-02-19,2.878,2.878,0.06954102920724292
2019-02-20,2.898,2.898,0.6949270326615631
2019-02-21,2.88,2.88,-0.6211180124223725
2019-02-22,2.86,2.86,-0.694444444444442
2019-02-25,2.858,2.858,-0.06993006993005757
2019-02-26,2.856,2.856,-0.06997900629811538
2019-02-27,2.853,2.853,-0.10504201680671121
2019-02-28,2.833,2.833,-0.7010164738871394
2019-03-01,2.826,2.826,-0.24708789269326514
2019-03-04,2.784,2.784,-1.4861995753715607
2019-03-05,2.77,2.77,-0.5028735632183867
2019-03-06,2.784,2.784,0.5054151624548586
2019-03-07,2.773,2.773,-0.39511494252872925
2019-03-08,2.799,2.799,0.9376126938333895
2019-03-11,2.808,2.808,0.3215434083601254
2019-03-12,2.808,2.808,0.0
2019-03-13,2.82,2.82,0.42735042735042583
2019-03-14,2.815,2.815,-0.17730496453900457
2019-03-15,2.811,2.811,-0.1420959147424461
2019-03-18,2.807,2.807,-0.14229811454997687
2019-03-19,2.823,2.823,0.5700035625222588
2019-03-20,2.819,2.819,-0.1416932341480659
2019-03-21,2.839,2.839,0.7094714437743788
2019-03-22,2.833,2.833,-0.21134202183866746
2019-03-25,2.849,2.849,0.5647723261560156
2019-03-26,2.85,2.85,0.03510003510003301
2019-03-27,2.848,2.848,-0.07017543859649811
2019-03-28,2.842,2.842,-0.2106741573033588
2019-03-29,2.788,2.788,-1.900070372976781
2019-04-01,2.788,2.788,0.0
2019-04-02,2.792,2.792,0.1434720229555264
2019-04-03,2.797,2.797,0.17908309455587634
2019-04-04,2.798,2.798,0.03575259206292092
2019-04-08,2.81,2.81,0.42887776983560055
2019-04-09,2.811,2.811,0.0355871886120962
2019-04-10,2.825,2.825,0.49804340092494126
2019-04-11,2.828,2.828,0.1061946902654709
2019-04-12,2.8,2.8,-0.990099009900991
2019-04-15,2.785,2.785,-0.5357142857142727
2019-04-16,2.785,2.785,0.0
2019-04-17,2.769,2.769,-0.5745062836624792
2019-04-18,2.751,2.751,-0.650054171180936
2019-04-19,2.762,2.762,0.3998545983278756
2019-04-22,2.772,2.772,0.3620564808110016
2019-04-23,2.757,2.757,-0.5411255411255311
2019-04-24,2.754,2.754,-0.10881392818281599
2019-04-25,2.767,2.767,0.4720406681191003
2019-04-26,2.773,2.773,0.21684134441635194
2019-04-29,2.769,2.769,-0.14424810674359412
2019-04-30,2.777,2.777,0.2889129649693123
2019-05-06,2.793,2.793,0.5761613251710429
2019-05-07,2.787,2.787,-0.21482277121375182
2019-05-08,2.804,2.804,0.6099748833871432
2019-05-09,2.806,2.806,0.07132667617690824
2019-05-10,2.808,2.808,0.07127583749109156
2019-05-13,2.826,2.826,0.6410256410256387
2019-05-14,2.858,2.858,1.1323425336164261
2019-05-15,2.844,2.844,-0.4898530440867854
2019-05-16,2.858,2.858,0.4922644163150469
2019-05-17,2.854,2.854,-0.13995801259621965
2019-05-20,2.835,2.835,-0.6657323055360931
2019-05-21,2.834,2.834,-0.03527336860670305
2019-05-22,2.834,2.834,0.0
2019-05-23,2.841,2.841,0.24700070571630484
2019-05-24,2.856,2.856,0.5279831045406524
2019-05-27,2.858,2.858,0.07002801120448154
2019-05-28,2.854,2.854,-0.13995801259621965
2019-05-29,2.861,2.861,0.24526979677645944
2019-05-30,2.847,2.847,-0.4893393918210531
2019-05-31,2.878,2.878,1.0888654724271252
2019-06-03,2.914,2.914,1.2508686587908269
2019-06-04,2.944,2.944,1.0295126973232538
2019-06-05,2.963,2.963,0.6453804347826164
2019-06-06,2.962,2.962,-0.03374957813027102
2019-06-10,2.953,2.953,-0.30384875084403795
2019-06-11,2.937,2.937,-0.541821876058246
2019-06-12,2.972,2.972,1.191692202928163
2019-06-13,2.977,2.977,0.1682368775235421
2019-06-14,3.022,3.022,1.5115888478333783
2019-06-17,2.983,2.983,-1.290536068828585
2019-06-18,3.004,3.004,0.7039892725444252
2019-06-19,2.989,2.989,-0.49933422103861647
2019-06-20,3.054,3.054,2.174640347942458
2019-06-21,3.079,3.079,0.8185985592665368
2019-06-24,3.101,3.101,0.7145177005521308
2019-06-25,3.166,3.166,2.0960980328926127
2019-06-26,3.108,3.108,-1.831964624131388
2019-06-27,3.1,3.1,-0.2574002574002532
2019-06-28,3.109,3.109,0.2903225806451637
2019-07-01,3.034,3.034,-2.4123512383403045
2019-07-02,3.066,3.066,1.054713249835193
2019-07-03,3.152,3.152,2.804957599478164
2019-07-04,3.119,3.119,-1.046954314720805
2019-07-05,3.125,3.125,0.19236934915036752
2019-07-08,3.109,3.109,-0.5120000000000013
2019-07-09,3.081,3.081,-0.9006111289803775
2019-07-10,3.079,3.079,-0.06491398896460998
2019-07-11,3.132,3.132,1.7213380967846748
2019-07-12,3.111,3.111,-0.6704980842911823
2019-07-15,3.123,3.123,0.38572806171648377
2019-07-16,3.12,3.12,-0.09606147934678733
2019-07-17,3.103,3.103,-0.5448717948717929
2019-07-18,3.135,3.135,1.0312600708991093
2019-07-19,3.177,3.177,1.3397129186602852
2019-07-22,3.153,3.153,-0.7554296506137925
2019-07-23,3.13,3.13,-0.7294640025372723
2019-07-24,3.143,3.143,0.41533546325878135
2019-07-25,3.147,3.147,0.127266942411719
2019-07-26,3.134,3.134,-0.41309183349220735
2019-07-29,3.139,3.139,0.15954052329292256
2019-07-30,3.152,3.152,0.4141446320484299
2019-07-31,3.164,3.164,0.3807106598984866
2019-08-01,3.112,3.112,-1.643489254108721
2019-08-02,3.184,3.184,2.313624678663251
2019-08-05,3.289,3.289,3.2977386934673447
2019-08-06,3.296,3.296,0.212830647613238
2019-08-07,3.363,3.363,2.032766990291268
2019-08-08,3.386,3.386,0.6839131727624181
2019-08-09,3.403,3.403,0.5020673360897732
2019-08-12,3.382,3.382,-0.617102556567728
2019-08-13,3.465,3.465,2.4541691306918967
2019-08-14,3.376,3.376,-2.5685425685425645
2019-08-15,3.414,3.414,1.1255924170616272
2019-08-16,3.419,3.419,0.14645577035734547
2019-08-19,3.402,3.402,-0.49722140976893314
2019-08-20,3.388,3.388,-0.4115226337448652
2019-08-21,3.391,3.391,0.08854781582054994
2019-08-22,3.401,3.401,0.29489826010025144
2019-08-23,3.398,3.398,-0.0882093501911152
2019-08-26,3.52,3.52,3.5903472630959277
2019-08-27,3.522,3.522,0.05681818181817455
2019-08-28,3.524,3.524,0.05678591709257219
2019-08-29,3.565,3.565,1.163450624290574
2019-08-30,3.508,3.508,-1.5988779803646547
2019-09-02,3.496,3.496,-0.34207525655644
2019-09-03,3.511,3.511,0.4290617848970335
2019-09-04,3.524,3.524,0.3702648818000531
2019-09-05,3.539,3.539,0.4256526674233818
2019-09-06,3.429,3.429,-3.108222661768867
2019-09-09,3.442,3.442,0.37911927675708945
2019-09-10,3.389,3.389,-1.5398024404416177
2019-09-11,3.404,3.404,0.4426084390675822
2019-09-12,3.404,3.404,0.0
2019-09-16,3.407,3.407,0.0881316098707341
2019-09-17,3.394,3.394,-0.3815673613149384
2019-09-18,3.407,3.407,0.3830288744843813
2019-09-19,3.401,3.401,-0.17610801291459977
2019-09-20,3.412,3.412,0.32343428403411867
2019-09-23,3.441,3.441,0.8499413833528591
2019-09-24,3.46,3.46,0.5521650682940971
2019-09-25,3.48,3.48,0.5780346820809301
2019-09-26,3.434,3.434,-1.3218390804597635
2019-09-27,3.404,3.404,-0.8736167734420541
2019-09-30,3.396,3.396,-0.2350176263219761
2019-10-08,3.39,3.39,-0.17667844522967213
2019-10-09,3.44,3.44,1.4749262536873031
2019-10-10,3.422,3.422,-0.5232558139534826
2019-10-11,3.405,3.405,-0.4967855055523218
2019-10-14,3.356,3.356,-1.4390602055800228
2019-10-15,3.363,3.363,0.20858164481525332
2019-10-16,3.35,3.35,-0.38655961938744987
2019-10-17,3.374,3.374,0.7164179104477642
2019-10-18,3.371,3.371,-0.0889152341434496
2019-10-21,3.369,3.369,-0.05932957579353193
2019-10-22,3.356,3.356,-0.3858711783912283
2019-10-23,3.371,3.371,0.4469606674612603
2019-10-24,3.364,3.364,-0.20765351527737286
2019-10-25,3.398,3.398,1.010701545778847
2019-10-28,3.395,3.395,-0.08828722778104758
2019-10-29,3.36,3.36,-1.0309278350515538
2019-10-30,3.356,3.356,-0.11904761904761862
2019-10-31,3.363,3.363,0.20858164481525332
2019-11-01,3.387,3.387,0.7136485280999194
2019-11-04,3.383,3.383,-0.1180986123412997
2019-11-05,3.362,3.362,-0.6207508128879713
2019-11-06,3.313,3.313,-1.457465794170132
2019-11-07,3.331,3.331,0.5433142167220018
2019-11-08,3.269,3.269,-1.8613029120384206
2019-11-11,3.266,3.266,-0.0917711838482771
2019-11-12,3.233,3.233,-1.0104102878138344
2019-11-13,3.267,3.267,1.0516548097742051
2019-11-14,3.276,3.276,0.2754820936639035
2019-11-15,3.268,3.268,-0.24420024420024333
2019-11-18,3.269,3.269,0.03059975520196545
2019-11-19,3.29,3.29,0.6423982869379063
2019-11-20,3.301,3.301,0.3343465045592797
2019-11-21,3.294,3.294,-0.21205695243865508
2019-11-22,3.287,3.287,-0.2125075895567763
2019-11-25,3.264,3.264,-0.6997261940979604
2019-11-26,3.263,3.263,-0.030637254901955124
2019-11-27,3.268,3.268,0.15323322096230108
2019-11-28,3.261,3.261,-0.21419828641370264
2019-11-29,3.265,3.265,0.12266176019626318
2019-12-02,3.269,3.269,0.1225114854517706
2019-12-03,3.277,3.277,0.2447231569287167
2019-12-04,3.337,3.337,1.8309429356118345
2019-12-05,3.321,3.321,-0.4794725801618216
2019-12-06,3.297,3.297,-0.722673893405601
2019-12-09,3.275,3.275,-0.6672732787382563
2019-12-10,3.28,3.28,0.15267175572519776
2019-12-11,3.282,3.282,0.06097560975610872
2019-12-12,3.3,3.3,0.5484460694698212
2019-12-13,3.261,3.261,-1.1818181818181728
2019-12-16,3.294,3.294,1.0119595216191435
2019-12-17,3.292,3.292,-0.06071645415908211
2019-12-18,3.295,3.295,0.09113001215066419
2019-12-19,3.292,3.292,-0.09104704097117056
2019-12-20,3.302,3.302,0.3037667071688954
2019-12-23,3.313,3.313,0.3331314354936499
2019-12-24,3.331,3.331,0.5433142167220018
2019-12-25,3.352,3.352,0.6304413089162297
2019-12-26,3.353,3.353,0.029832935560869522
2019-12-27,3.363,3.363,0.2982403817476831
2019-12-30,3.361,3.361,-0.059470710674991434
2019-12-31,3.384,3.384,0.6843201428146317
2020-01-02,3.37,3.37,-0.4137115839243477
2020-01-03,3.422,3.422,1.543026706231454
2020-01-06,3.497,3.497,2.1917007597895832
2020-01-07,3.466,3.466,-0.8864741206748517
2020-01-08,3.531,3.531,1.8753606462781347
2020-01-09,3.408,3.408,-3.4834324553950746
2020-01-10,3.418,3.418,0.2934272300469498
2020-01-13,3.418,3.418,0.0
2020-01-14,3.374,3.374,-1.287302516091282
2020-01-15,3.403,3.403,0.8595139300533461
2020-01-16,3.406,3.406,0.08815750808111034
2020-01-17,3.404,3.404,-0.05871990604815469
2020-01-20,3.405,3.405,0.029377203290237297
2020-01-21,3.437,3.437,0.9397944199706298
2020-01-22,3.407,3.407,-0.8728542333430234
2020-01-23,3.43,3.43,0.6750807161725936
2020-02-03,3.52,3.52,2.6239067055393583
2020-02-04,3.492,3.492,-0.7954545454545436
2020-02-05,3.469,3.469,-0.658648339060719
2020-02-06,3.452,3.452,-0.4900547708273195
2020-02-07,3.468,3.468,0.4634994206257348
2020-02-10,3.481,3.481,0.3748558246828182
2020-02-11,3.472,3.472,-0.2585463947141542
2020-02-12,3.465,3.465,-0.20161290322581182
2020-02-13,3.49,3.49,0.721500721500723
2020-02-14,3.494,3.494,0.11461318051575464
2020-02-17,3.505,3.505,0.3148254149971219
2020-02-18,3.522,3.522,0.4850213980028606
2020-02-19,3.562,3.562,1.1357183418512218
2020-02-20,3.574,3.574,0.3368893879842849
2020-02-21,3.646,3.646,2.0145495243424794
2020-02-24,3.725,3.725,2.166758091058707
2020-02-25,3.648,3.648,-2.067114093959732
2020-02-26,3.668,3.668,0.5482456140350811
2020-02-27,3.669,3.669,0.027262813522344054
2020-02-28,3.623,3.623,-1.2537476151539884
2020-03-02,3.542,3.542,-2.2357162572453904
2020-03-03,3.536,3.536,-0.16939582156972888
2020-03-04,3.612,3.612,2.149321266968318
2020-03-05,3.611,3.611,-0.027685492801765577
2020-03-06,3.686,3.686,2.0769869842149014
2020-03-09,3.659,3.659,-0.7325013564839944
2020-03-10,3.612,3.612,-1.2845039628313626
2020-03-11,3.648,3.648,0.9966777408637828
2020-03-12,3.608,3.608,-1.0964912280701733
2020-03-13,3.502,3.502,-2.937915742793795
2020-03-16,3.414,3.414,-2.512849800114214
2020-03-17,3.255,3.255,-4.657293497363801
2020-03-18,3.326,3.326,2.181259600614438
2020-03-19,3.312,3.312,-0.42092603728203226
2020-03-20,3.346,3.346,1.0265700483091944
2020-03-23,3.337,3.337,-0.26897788404064427
2020-03-24,3.523,3.523,5.573868744381172
2020-03-25,3.581,3.581,1.6463241555492392
2020-03-26,3.572,3.572,-0.2513264451270536
2020-03-27,3.612,3.612,1.1198208286674172
2020-03-30,3.583,3.583,-0.8028792912513794
2020-03-31,3.586,3.586,0.08372871895059308
2020-04-01,3.528,3.528,-1.617401003904062
2020-04-02,3.543,3.543,0.42517006802722523
2020-04-03,3.575,3.575,0.9031893875246944
2020-04-07,3.676,3.676,2.8251748251748143
2020-04-08,3.641,3.641,-0.952121871599565
2020-04-09,3.65,3.65,0.24718483932986146
2020-04-10,3.671,3.671,0.5753424657534145
2020-04-13,3.67,3.67,-0.02724053391446324
2020-04-14,3.712,3.712,1.1444141689373355
2020-04-15,3.702,3.702,-0.2693965517241437
2020-04-16,3.73,3.73,0.756347920043221
2020-04-17,3.669,3.669,-1.6353887399463751
2020-04-20,3.651,3.651,-0.49059689288635244
2020-04-21,3.684,3.684,0.9038619556286154
2020-04-22,3.674,3.674,-0.2714440825190123
2020-04-23,3.739,3.739,1.7691888949374013
2020-04-24,3.769,3.769,0.802353570473402
2020-04-27,3.741,3.741,-0.7429026266914329
2020-04-28,3.714,3.714,-0.7217321571772239
2020-04-29,3.733,3.733,0.511577813677988
2020-04-30,3.746,3.746,0.3482453790516926
2020-05-06,3.741,3.741,-0.13347570742124892
2020-05-07,3.723,3.723,-0.48115477145148633
2020-05-08,3.769,3.769,1.2355627182379925
2020-05-11,3.754,3.754,-0.39798355001327
2020-05-12,3.746,3.746,-0.21310602024506853
2020-05-13,3.757,3.757,0.2936465563267543
2020-05-14,3.781,3.781,0.6388075592227871
2020-05-15,3.834,3.834,1.4017455699550263
2020-05-18,3.927,3.927,2.4256651017214415
2020-05-19,3.865,3.865,-1.5788133435192253
2020-05-20,3.906,3.906,1.0608020698577025
2020-05-21,3.87,3.87,-0.9216589861751112
2020-05-22,3.865,3.865,-0.12919896640826156
2020-05-25,3.858,3.858,-0.18111254851229663
2020-05-26,3.876,3.876,0.466562986003094
2020-05-27,3.835,3.835,-1.057791537667696
2020-05-28,3.863,3.863,0.7301173402868288
2020-05-29,3.864,3.864,0.025886616619197333
2020-06-01,3.895,3.895,0.8022774327122173
2020-06-02,3.888,3.888,-0.17971758664955262
2020-06-03,3.853,3.853,-0.9002057613168635
2020-06-04,3.82,3.82,-0.8564754736569036
2020-06-05,3.817,3.817,-0.07853403141360182
2020-06-08,3.783,3.783,-0.890751899397435
2020-06-09,3.782,3.782,-0.02643404705260366
2020-06-10,3.821,3.821,1.0312004230565774
2020-06-11,3.855,3.855,0.8898194190002595
2020-06-12,3.854,3.854,-0.025940337224383825
2020-06-15,3.844,3.844,-0.2594706798131896
2020-06-16,3.84,3.84,-0.10405827263267886
2020-06-17,3.842,3.842,0.05208333333333037
2020-06-18,3.836,3.836,-0.1561686621551317
2020-06-19,3.844,3.844,0.2085505735140769
2020-06-22,3.886,3.886,1.0926118626430892
2020-06-23,3.882,3.882,-0.10293360782295258
2020-06-24,3.91,3.91,0.7212776919113928
2020-06-29,3.91,3.91,0.0
2020-06-30,3.914,3.914,0.1023017902813228
2020-07-01,3.939,3.939,0.6387327542156429
2020-07-02,3.903,3.903,-0.9139375476009182
2020-07-03,3.915,3.915,0.3074558032282848
2020-07-06,3.902,3.902,-0.3320561941251521
2020-07-07,3.911,3.911,0.23065094823166987
2020-07-08,3.928,3.928,0.4346714395295326
2020-07-09,3.954,3.954,0.6619144602851401
2020-07-10,3.926,3.926,-0.7081436519979722
2020-07-13,3.939,3.939,0.3311258278145601
2020-07-14,3.935,3.935,-0.10154861640010449
2020-07-15,3.94,3.94,0.12706480304955914
2020-07-16,3.927,3.927,-0.3299492385786751
2020-07-17,3.904,3.904,-0.5856888209829436
2020-07-20,3.925,3.925,0.5379098360655643
2020-07-21,3.951,3.951,0.6624203821656183
2020-07-22,4.043,4.043,2.3285244241963987
2020-07-23,4.066,4.066,0.5688844917140612
2020-07-24,4.109,4.109,1.0575504181013384
2020-07-27,4.203,4.203,2.287661231443172
2020-07-28,4.198,4.198,-0.11896264572923698
2020-07-29,4.206,4.206,0.1905669366365048
2020-07-30,4.174,4.174,-0.7608178792201659
2020-07-31,4.216,4.216,1.0062290368950677
2020-08-03,4.2,4.2,-0.3795066413662229
2020-08-04,4.206,4.206,0.14285714285715567
2020-08-05,4.32,4.32,2.710413694721825
2020-08-06,4.353,4.353,0.7638888888888751
2020-08-07,4.378,4.378,0.5743165632897007
2020-08-10,4.349,4.349,-0.6624029237094597
2020-08-11,4.253,4.253,-2.207404000919755
2020-08-12,3.989,3.989,-6.207383023747948
2020-08-13,4.054,4.054,1.6294810729506226
2020-08-14,4.088,4.088,0.838677849037972
2020-08-17,4.129,4.129,1.0029354207436336
2020-08-18,4.225,4.225,2.3250181642044065
2020-08-19,4.177,4.177,-1.1360946745562095
2020-08-20,4.088,4.088,-2.130715824754592
2020-08-21,4.091,4.091,0.07338551859099596
2020-08-24,4.056,4.056,-0.8555365436323625
2020-08-25,4.064,4.064,0.19723865877712132
2020-08-26,4.059,4.059,-0.12303149606298636
2020-08-27,4.108,4.108,1.2071938901207169
2020-08-28,4.109,4.109,0.024342745861738457
2020-08-31,4.123,4.123,0.34071550255536653
2020-09-01,4.169,4.169,1.1156924569488025
2020-09-02,4.125,4.125,-1.055408970976246
2020-09-03,4.053,4.053,-1.74545454545455
2020-09-04,4.065,4.065,0.2960769800148144
2020-09-07,4.063,4.063,-0.04920049200494159
2020-09-08,4.066,4.066,0.07383706620724961
2020-09-09,4.068,4.068,0.04918839153960075
2020-09-10,4.096,4.096,0.68829891838742
2020-09-11,4.087,4.087,-0.2197265625000111
2020-09-14,4.086,4.086,-0.02446782481035914
2020-09-15,4.1,4.1,0.34263338228093243
2020-09-16,4.088,4.088,-0.29268292682925745
2020-09-17,4.06,4.06,-0.6849315068493289
2020-09-18,4.078,4.078,0.4433497536945996
2020-09-21,4.078,4.078,0.0
2020-09-22,3.985,3.985,-2.2805296714075607
2020-09-23,3.925,3.925,-1.505646173149311
2020-09-24,3.881,3.881,-1.1210191082802523
2020-09-25,3.928,3.928,1.2110280855449629
2020-09-28,3.919,3.919,-0.22912423625254252
2020-09-29,3.972,3.972,1.352385812707313
2020-09-30,3.974,3.974,0.050352467270897705
2020-10-09,3.971,3.971,-0.07549068948163873
2020-10-12,4.014,4.014,1.0828506673381977
2020-10-13,4.003,4.003,-0.2740408570005015
2020-10-14,3.958,3.958,-1.1241568823382453
2020-10-15,3.953,3.953,-0.1263264274886433
2020-10-16,3.965,3.965,0.30356691120667634
2020-10-19,3.968,3.968,0.07566204287516864
2020-10-20,3.952,3.952,-0.40322580645161255
2020-10-21,3.966,3.966,0.3542510121457454
2020-10-22,3.97,3.97,0.10085728693898233
2020-10-23,3.956,3.956,-0.35264483627204246
2020-10-26,3.938,3.938,-0.45500505561172355
2020-10-27,3.972,3.972,0.8633824276282231
2020-10-28,3.974,3.974,0.050352467270897705
2020-10-29,3.92,3.92,-1.3588324106693528
2020-10-30,3.897,3.897,-0.5867346938775553
2020-11-02,3.93,3.93,0.8468052347960109
2020-11-03,3.949,3.949,0.48346055979642255
2020-11-04,3.967,3.967,0.4558115978728905
2020-11-05,3.965,3.965,-0.05041593143434442
2020-11-06,4.001,4.001,0.9079445145019127
2020-11-09,3.99,3.99,-0.27493126718320937
2020-11-10,3.889,3.889,-2.5313283208020176
2020-11-11,3.881,3.881,-0.20570840833119552
2020-11-12,3.873,3.873,-0.20613244009274334
2020-11-13,3.89,3.89,0.4389362251484563
2020-11-16,3.888,3.888,-0.05141388174807471
2020-11-17,3.881,3.881,-0.18004115226337714
2020-11-18,3.856,3.856,-0.6441638752898715
2020-11-19,3.837,3.837,-0.4927385892116054
2020-11-20,3.843,3.843,0.15637216575448143
2020-11-23,3.851,3.851,0.2081706999739863
2020-11-24,3.755,3.755,-2.49285899766295
2020-11-25,3.714,3.714,-1.091877496671101
2020-11-26,3.718,3.718,0.1077005923532548
2020-11-27,3.72,3.72,0.05379236148468358
2020-11-30,3.628,3.628,-2.473118279569897
2020-12-01,3.653,3.653,0.6890848952590956
2020-12-02,3.707,3.707,1.4782370654256693
2020-12-03,3.748,3.748,1.1060156460749981
2020-12-04,3.754,3.754,0.16008537886873508
2020-12-07,3.745,3.745,-0.23974427277569932
2020-12-08,3.8,3.8,1.4686248331108098
2020-12-09,3.778,3.778,-0.5789473684210455
2020-12-10,3.74,3.74,-1.0058231868713574
2020-12-11,3.739,3.739,-0.02673796791444749
2020-12-14,3.74,3.74,0.026745119015791907
2020-12-15,3.769,3.769,0.7754010695187219
2020-12-16,3.793,3.793,0.6367736800212187
2020-12-17,3.812,3.812,0.5009227524386928
2020-12-18,3.838,3.838,0.6820566631689395
2020-12-21,3.879,3.879,1.0682647212089558
2020-12-22,3.825,3.825,-1.39211136890951
2020-12-23,3.818,3.818,-0.1830065359477162
2020-12-24,3.832,3.832,0.36668412781559745
2020-12-25,3.853,3.853,0.5480167014613846
2020-12-28,3.858,3.858,0.12976901116013018
2020-12-29,3.837,3.837,-0.5443234836702948
2020-12-30,3.832,3.832,-0.13031013812875303
2020-12-31,3.85,3.85,0.46972860125260585
2021-01-04,3.902,3.902,1.3506493506493467
2021-01-05,3.92,3.92,0.46130189646333974
2021-01-06,3.931,3.931,0.2806122448979709
2021-01-07,3.903,3.903,-0.7122869498855211
2021-01-08,3.878,3.878,-0.6405329233922563
2021-01-11,3.777,3.777,-2.6044352759154177
2021-01-12,3.805,3.805,0.741329097167065
2021-01-13,3.797,3.797,-0.2102496714848856
2021-01-14,3.772,3.772,-0.6584145377930062
2021-01-15,3.785,3.785,0.34464475079534207
2021-01-18,3.775,3.775,-0.26420079260238705
2021-01-19,3.779,3.779,0.1059602649006619
2021-01-20,3.789,3.789,0.2646202699126743
2021-01-21,3.825,3.825,0.9501187648456089
2021-01-22,3.806,3.806,-0.49673202614379797
2021-01-25,3.788,3.788,-0.4729374671571307
2021-01-26,3.799,3.799,0.29039070749736773
2021-01-27,3.779,3.779,-0.5264543300868674
2021-01-28,3.761,3.761,-0.4763164858428093
2021-01-29,3.778,3.778,0.452007444828495
2021-02-01,3.82,3.82,1.111699311805192
2021-02-02,3.789,3.789,-0.8115183246073188
2021-02-03,3.75,3.75,-1.0292953285827466
2021-02-04,3.723,3.723,-0.7199999999999984
2021-02-05,3.681,3.681,-1.1281224818694535
2021-02-08,3.712,3.712,0.8421624558544005
2021-02-09,3.752,3.752,1.0775862068965303
2021-02-10,3.756,3.756,0.10660980810235365
2021-02-18,3.65,3.65,-2.8221512247071368
2021-02-19,3.634,3.634,-0.4383561643835576
2021-02-22,3.675,3.675,1.128233351678598
2021-02-23,3.713,3.713,1.0340136054421745
2021-02-24,3.705,3.705,-0.2154591974144915
2021-02-25,3.67,3.67,-0.9446693657220062
2021-02-26,3.613,3.613,-1.5531335149863712
2021-03-01,3.595,3.595,-0.4982009410462118
2021-03-02,3.536,3.536,-1.6411682892906843
2021-03-03,3.549,3.549,0.3676470588235281
2021-03-04,3.514,3.514,-0.9861932938856066
2021-03-05,3.482,3.482,-0.9106431417188254
2021-03-08,3.519,3.519,1.0626076967260145
2021-03-09,3.506,3.506,-0.369423131571478
2021-03-10,3.542,3.542,1.026811180832854
2021-03-11,3.573,3.573,0.8752117447769603
2021-03-12,3.524,3.524,-1.3713965855023824
2021-03-15,3.556,3.556,0.9080590238365494
2021-03-16,3.562,3.562,0.16872890888637304
2021-03-17,3.577,3.577,0.4211117349803617
2021-03-18,3.604,3.604,0.7548224769359901
2021-03-19,3.589,3.589,-0.41620421753607584
2021-03-22,3.57,3.57,-0.529395374756203
2021-03-23,3.585,3.585,0.42016806722688926
2021-03-24,3.578,3.578,-0.19525801952580135
2021-03-25,3.589,3.589,0.30743432084963107
2021-03-26,3.579,3.579,-0.27862914460852206
2021-03-29,3.579,3.579,0.0
2021-03-30,3.536,3.536,-1.2014529198100088
2021-03-31,3.495,3.495,-1.1595022624434348
2021-04-01,3.565,3.565,2.002861230329045
2021-04-02,3.612,3.612,1.3183730715287556
2021-04-06,3.591,3.591,-0.5813953488372103
2021-04-07,3.607,3.607,0.4455583402951824
2021-04-08,3.614,3.614,0.19406709176599257
2021-04-09,3.631,3.631,0.47039291643606873
2021-04-12,3.612,3.612,-0.5232718259432612
2021-04-13,3.575,3.575,-1.0243632336655595
2021-04-14,3.615,3.615,1.118881118881121
2021-04-15,3.612,3.612,-0.08298755186721962
2021-04-16,3.643,3.643,0.8582502768549105
2021-04-19,3.67,3.67,0.7411474059840772
2021-04-20,3.635,3.635,-0.95367847411445
2021-04-21,3.673,3.673,1.0453920220082624
2021-04-22,3.676,3.676,0.08167710318540689
2021-04-23,3.668,3.668,-0.21762785636560977
2021-04-26,3.649,3.649,-0.5179934569247591
2021-04-27,3.653,3.653,0.10961907371882518
2021-04-28,3.632,3.632,-0.5748699698877591
2021-04-29,3.643,3.643,0.3028634361233351
2021-04-30,3.625,3.625,-0.4940982706560515
2021-05-06,3.676,3.676,1.406896551724146
2021-05-07,3.717,3.717,1.1153427638737723
2021-05-10,3.73,3.73,0.34974441754103136
2021-05-11,3.725,3.725,-0.13404825737265424
2021-05-12,3.732,3.732,0.18791946308724938
2021-05-13,3.717,3.717,-0.4019292604501623
2021-05-14,3.739,3.739,0.5918751681463386
2021-05-17,3.777,3.777,1.0163145225996262
2021-05-18,3.802,3.802,0.6619009796134501
2021-05-19,3.812,3.812,0.2630194634402949
2021-05-20,3.811,3.811,-0.026232948583415627
2021-05-21,3.816,3.816,0.13119916032537926
2021-05-24,3.828,3.828,0.3144654088050425
2021-05-25,3.812,3.812,-0.4179728317659337
2021-05-26,3.852,3.852,1.049317943336825
2021-05-27,3.829,3.829,-0.597092419522316
2021-05-28,3.8,3.8,-0.7573779054583563
2021-05-31,3.828,3.828,0.7368421052631691
2021-06-01,3.853,3.853,0.6530825496342763
2021-06-02,3.793,3.793,-1.5572281339216176
2021-06-03,3.774,3.774,-0.5009227524387039
2021-06-04,3.732,3.732,-1.11287758346581
2021-06-07,3.757,3.757,0.6698821007502742
2021-06-08,3.778,3.778,0.5589566143199276
2021-06-09,3.775,3.775,-0.0794070937003788
2021-06-10,3.764,3.764,-0.2913907284768258
2021-06-11,3.795,3.795,0.823591923485667
2021-06-15,3.73,3.73,-1.7127799736495364
2021-06-16,3.729,3.729,-0.026809651474524188
2021-06-17,3.667,3.667,-1.662644140520253
2021-06-18,3.625,3.625,-1.14535042268884
2021-06-21,3.628,3.628,0.08275862068964912
2021-06-22,3.641,3.641,0.35832414553471637
2021-06-23,3.645,3.645,0.10985992859104954
2021-06-24,3.628,3.628,-0.4663923182441687
2021-06-25,3.624,3.624,-0.11025358324145973
2021-06-28,3.629,3.629,0.1379690949227408
2021-06-29,3.616,3.616,-0.3582254064480539
2021-06-30,3.584,3.584,-0.8849557522123908
2021-07-01,3.629,3.629,1.2555803571428603
2021-07-02,3.632,3.632,0.08266740148801244
2021-07-05,3.645,3.645,0.35792951541850915
2021-07-06,3.679,3.679,0.9327846364883374
2021-07-07,3.676,3.676,-0.0815438977983085
2021-07-08,3.67,3.67,-0.16322089227421843
2021-07-09,3.68,3.68,0.2724795640327127
2021-07-12,3.674,3.674,-0.1630434782608714
2021-07-13,3.689,3.689,0.4082743603701644
2021-07-14,3.692,3.692,0.08132285172133269
2021-07-15,3.721,3.721,0.7854821235102838
2021-07-16,3.711,3.711,-0.26874496103198586
2021-07-19,3.679,3.679,-0.8623012665049834
2021-07-20,3.709,3.709,0.8154389779831517
2021-07-21,3.695,3.695,-0.3774602318684317
2021-07-22,3.667,3.667,-0.7577807848443863
2021-07-23,3.684,3.684,0.46359421870740825
2021-07-26,3.693,3.693,0.24429967426708998
2021-07-27,3.662,3.662,-0.8394259409694071
2021-07-28,3.698,3.698,0.9830693610049179
2021-07-29,3.708,3.708,0.27041644131964304
2021-07-30,3.72,3.72,0.3236245954692629
2021-08-02,3.68,3.68,-1.0752688172043001
2021-08-03,3.681,3.681,0.027173913043476716
2021-08-04,3.689,3.689,0.21733224667210838
2021-08-05,3.685,3.685,-0.10843046896177322
2021-08-06,3.663,3.663,-0.5970149253731405
2021-08-09,3.568,3.568,-2.5935025935025835
2021-08-10,3.552,3.552,-0.4484304932735439
2021-08-11,3.548,3.548,-0.11261261261261701
2021-08-12,3.58,3.58,0.901916572717032
2021-08-13,3.591,3.591,0.3072625698324005
2021-08-16,3.621,3.621,0.8354218880534559
2021-08-17,3.658,3.658,1.0218171775752571
2021-08-18,3.66,3.66,0.05467468562057043
2021-08-19,3.648,3.648,-0.3278688524590123
2021-08-20,3.659,3.659,0.3015350877192846
2021-08-23,3.652,3.652,-0.19130910084721453
2021-08-24,3.679,3.679,0.7393209200438067
2021-08-25,3.658,3.658,-0.570807284588204
2021-08-26,3.645,3.645,-0.35538545653361897
2021-08-27,3.682,3.682,1.015089163237315
2021-08-30,3.691,3.691,0.2444323737099463
2021-08-31,3.69,3.69,-0.027092928745597877
2021-09-01,3.69,3.69,0.0
2021-09-02,3.687,3.687,-0.08130081300813385
2021-09-03,3.687,3.687,0.0
2021-09-06,3.708,3.708,0.5695687550854478
2021-09-07,3.696,3.696,-0.3236245954692518
2021-09-08,3.653,3.653,-1.1634199134199164
2021-09-09,3.639,3.639,-0.3832466465918505
2021-09-10,3.66,3.66,0.577081615828523
2021-09-13,3.642,3.642,-0.4918032786885296
2021-09-14,3.646,3.646,0.10982976386599841
2021-09-15,3.659,3.659,0.3565551289083979
2021-09-16,3.628,3.628,-0.8472260180377056
2021-09-17,3.592,3.592,-0.9922822491731043
2021-09-22,3.64,3.64,1.3363028953229383
2021-09-23,3.605,3.605,-0.9615384615384692
2021-09-24,3.586,3.586,-0.5270457697642228
2021-09-27,3.59,3.59,0.1115448968209698
2021-09-28,3.562,3.562,-0.7799442896935904
2021-09-29,3.557,3.557,-0.14037057832677613
2021-09-30,3.543,3.543,-0.3935901040202361
2021-10-08,3.587,3.587,1.2418854078464658
2021-10-11,3.573,3.573,-0.39029829941455985
2021-10-12,3.591,3.591,0.5037783375315019
2021-10-13,3.59,3.59,-0.02784739626845445
2021-10-14,3.636,3.636,1.2813370473537589
2021-10-15,3.629,3.629,-0.19251925192519392
2021-10-18,3.58,3.58,-1.3502342243042142
2021-10-19,3.594,3.594,0.3910614525139522
2021-10-20,3.584,3.584,-0.27824151363382565
2021-10-21,3.601,3.601,0.4743303571428603
2021-10-22,3.615,3.615,0.3887808941960724
2021-10-25,3.606,3.606,-0.24896265560166997
2021-10-26,3.621,3.621,0.4159733777038266
2021-10-27,3.594,3.594,-0.7456503728251906
2021-10-28,3.629,3.629,0.9738452977184231
2021-10-29,3.609,3.609,-0.551116009920094
2021-11-01,3.594,3.594,-0.41562759767248547
2021-11-02,3.617,3.617,0.6399554813578234
2021-11-03,3.589,3.589,-0.7741222007188298
2021-11-04,3.575,3.575,-0.3900808024519309
2021-11-05,3.624,3.624,1.3706293706293726
2021-11-08,3.66,3.66,0.9933774834437026
2021-11-09,3.671,3.671,0.30054644808741315
2021-11-10,3.669,3.669,-0.05448106782892648
2021-11-11,3.721,3.721,1.4172799127827762
2021-11-12,3.722,3.722,0.026874496103190815
2021-11-15,3.716,3.716,-0.1612036539494821
2021-11-16,3.732,3.732,0.43057050592034685
2021-11-17,3.72,3.72,-0.3215434083601254
2021-11-18,3.735,3.735,0.40322580645160144
2021-11-19,3.73,3.73,-0.1338688085676054
2021-11-22,3.696,3.696,-0.9115281501340444
2021-11-23,3.632,3.632,-1.7316017316017285
2021-11-24,3.613,3.613,-0.5231277533039647
2021-11-25,3.611,3.611,-0.055355660116240823
2021-11-26,3.628,3.628,0.47078371642204075
2021-11-29,3.614,3.614,-0.38588754134509795
2021-11-30,3.605,3.605,-0.24903154399557037
2021-12-01,3.591,3.591,-0.3883495145631022
2021-12-02,3.575,3.575,-0.4455583402951824
2021-12-03,3.566,3.566,-0.25174825174826276
2021-12-06,3.592,3.592,0.7291082445316954
2021-12-07,3.584,3.584,-0.22271714922048602
2021-12-08,3.589,3.589,0.13950892857141906
2021-12-09,3.575,3.575,-0.3900808024519309
2021-12-10,3.565,3.565,-0.2797202797202858
2021-12-13,3.585,3.585,0.5610098176718203
2021-12-14,3.588,3.588,0.08368200836821327
2021-12-15,3.552,3.552,-1.0033444816053505
2021-12-16,3.584,3.584,0.9009009009008917
2021-12-17,3.629,3.629,1.2555803571428603
2021-12-20,3.624,3.624,-0.13777900248002073
2021-12-21,3.599,3.599,-0.6898454746136817
2021-12-22,3.591,3.591,-0.22228396776882153
2021-12-23,3.627,3.627,1.0025062656641381
2021-12-24,3.633,3.633,0.16542597187758634
2021-12-27,3.63,3.63,-0.08257638315442017
2021-12-28,3.642,3.642,0.33057851239668423
2021-12-29,3.625,3.625,-0.4667764964305321
2021-12-30,3.606,3.606,-0.5241379310344851
2021-12-31,3.643,3.643,1.0260676650027722
2022-01-04,3.62,3.62,-0.6313477902827214
2022-01-05,3.635,3.635,0.4143646408839796
2022-01-06,3.614,3.614,-0.5777166437413994
2022-01-07,3.592,3.592,-0.6087437742113955
2022-01-10,3.599,3.599,0.19487750556792527
2022-01-11,3.629,3.629,0.8335648791330863
2022-01-12,3.646,3.646,0.4684486084320705
2022-01-13,3.654,3.654,0.21941854086671153
2022-01-14,3.65,3.65,-0.10946907498631253
2022-01-17,3.635,3.635,-0.4109589041095929
2022-01-18,3.629,3.629,-0.16506189821182682
2022-01-19,3.625,3.625,-0.11022320198401658
2022-01-20,3.674,3.674,1.3517241379310319
2022-01-21,3.672,3.672,-0.05443658138268859
2022-01-24,3.662,3.662,-0.2723311546841023
2022-01-25,3.671,3.671,0.24576734025123503
2022-01-26,3.674,3.674,0.08172160174340082
2022-01-27,3.606,3.606,-1.8508437670114342
2022-01-28,3.594,3.594,-0.33277870216306127
2022-02-07,3.62,3.62,0.7234279354479733
2022-02-08,3.641,3.641,0.5801104972375626
2022-02-09,3.658,3.658,0.46690469651193833
2022-02-10,3.665,3.665,0.1913613996719521
2022-02-11,3.645,3.645,-0.545702592087316
2022-02-14,3.705,3.705,1.6460905349794164
2022-02-15,3.742,3.742,0.9986504723346723
2022-02-16,3.692,3.692,-1.336183858898976
2022-02-17,3.726,3.726,0.9209100758396538
2022-02-18,3.76,3.76,0.9125067096081629
2022-02-21,3.754,3.754,-0.15957446808509967
2022-02-22,3.801,3.801,1.2519978689397915
2022-02-23,3.772,3.772,-0.7629571165482907
2022-02-24,3.853,3.853,2.147401908801716
2022-02-25,3.807,3.807,-1.1938749026732531
2022-02-28,3.787,3.787,-0.525348043078544
2022-03-01,3.786,3.786,-0.026406126221278914
2022-03-02,3.837,3.837,1.347068145800323
2022-03-03,3.827,3.827,-0.26062027625749495
2022-03-04,3.841,3.841,0.36582179252679925
2022-03-07,3.926,3.926,2.2129653736006283
2022-03-08,4.015,4.015,2.2669383596535697
2022-03-09,4.061,4.061,1.1457036114570496
2022-03-10,3.931,3.931,-3.2011819748830272
2022-03-11,3.937,3.937,0.1526329178326069
2022-03-14,3.917,3.917,-0.5080010160020354
2022-03-15,3.832,3.832,-2.1700280827163687
2022-03-16,3.796,3.796,-0.9394572025052228
2022-03-17,3.845,3.845,1.2908324552160177
2022-03-18,3.851,3.851,0.1560468140441973
2022-03-21,3.841,3.841,-0.2596728122565506
2022-03-22,3.866,3.866,0.6508721687060737
2022-03-23,3.835,3.835,-0.8018623900672539
2022-03-24,3.88,3.88,1.1734028683181297
2022-03-25,3.907,3.907,0.6958762886597913
2022-03-28,3.872,3.872,-0.8958280010238018
2022-03-29,3.849,3.849,-0.5940082644627975
2022-03-30,3.839,3.839,-0.25980774227072345
2022-03-31,3.833,3.833,-0.15629070070329876
2022-04-01,3.853,3.853,0.5217845030002666
2022-04-06,3.836,3.836,-0.4412146379444648
2022-04-07,3.843,3.843,0.18248175182482562
2022-04-08,3.852,3.852,0.23419203747072626
2022-04-11,3.886,3.886,0.8826583592938864
2022-04-12,3.908,3.908,0.5661348430262336
2022-04-13,3.926,3.926,0.46059365404298447
2022-04-14,3.931,3.931,0.12735608762097783
2022-04-15,3.944,3.944,0.33070465530398163
2022-04-18,3.967,3.967,0.583164300202843
2022-04-19,3.936,3.936,-0.7814469372321664
2022-04-20,3.886,3.886,-1.2703252032520318
2022-04-21,3.937,3.937,1.3124034997426648
2022-04-22,3.951,3.951,0.35560071120142034
2022-04-25,3.924,3.924,-0.6833712984054663
2022-04-26,3.89,3.89,-0.86646279306829
2022-04-27,3.892,3.892,0.05141388174807471
2022-04-28,3.89,3.89,-0.051387461459395656
2022-04-29,3.942,3.942,1.3367609254498758
2022-05-05,3.929,3.929,-0.32978183663116
2022-05-06,3.922,3.922,-0.1781623822855627
2022-05-09,3.939,3.939,0.4334523202447649
2022-05-10,3.91,3.91,-0.7362274689007298
2022-05-11,3.89,3.89,-0.5115089514066473
2022-05-12,3.928,3.928,0.9768637532133528
2022-05-13,3.888,3.888,-1.0183299389002087
2022-05-16,3.851,3.851,-0.9516460905349744
2022-05-17,3.877,3.877,0.6751493118670515
2022-05-18,3.836,3.836,-1.0575187000257946
2022-05-19,3.85,3.85,0.36496350364965124
2022-05-20,3.872,3.872,0.5714285714285561
2022-05-23,3.875,3.875,0.07747933884296732
2022-05-24,3.882,3.882,0.18064516129032704
2022-05-25,3.887,3.887,0.12879958784131063
2022-05-26,3.901,3.901,0.36017494211473267
2022-05-27,3.917,3.917,0.41015124327095087
2022-05-30,3.885,3.885,-0.8169517487873423
2022-05-31,3.877,3.877,-0.205920205920207
2022-06-01,3.852,3.852,-0.6448284756254807
2022-06-02,3.877,3.877,0.6490134994807883
2022-06-06,3.869,3.869,-0.20634511220014584
2022-06-07,3.854,3.854,-0.38769707934867004
2022-06-08,3.872,3.872,0.4670472236637302
2022-06-09,3.881,3.881,0.23243801652892415
2022-06-10,3.865,3.865,-0.4122648801855089
2022-06-13,3.926,3.926,1.5782664941785152
2022-06-14,3.855,3.855,-1.8084564442180429
2022-06-15,3.834,3.834,-0.5447470817120603
2022-06-16,3.846,3.846,0.3129890453834161
2022-06-17,3.874,3.874,0.7280291211648526
2022-06-20,3.858,3.858,-0.413009808982967
2022-06-21,3.852,3.852,-0.15552099533437946
2022-06-22,3.849,3.849,-0.07788161993768083
2022-06-23,3.854,3.854,0.12990387113536173
2022-06-24,3.827,3.827,-0.7005708354955953
2022-06-27,3.853,3.853,0.6793833289783224
2022-06-28,3.832,3.832,-0.54502984687258
2022-06-29,3.821,3.821,-0.2870563674321369
2022-06-30,3.818,3.818,-0.07851347814707976
2022-07-01,3.784,3.784,-0.890518596123635
2022-07-04,3.801,3.801,0.44926004228331706
2022-07-05,3.797,3.797,-0.10523546435148301
2022-07-06,3.725,3.725,-1.8962338688438218
2022-07-07,3.676,3.676,-1.3154362416107346
2022-07-08,3.669,3.669,-0.19042437431991965
2022-07-11,3.669,3.669,0.0
2022-07-12,3.668,3.668,-0.027255382938129458
2022-07-13,3.646,3.646,-0.5997818974918245
2022-07-14,3.647,3.647,0.027427317608341717
2022-07-15,3.622,3.622,-0.6854949273375377
2022-07-18,3.635,3.635,0.3589177250137965
2022-07-19,3.627,3.627,-0.22008253094910613
2022-07-20,3.628,3.628,0.02757099531294216
2022-07-21,3.599,3.599,-0.7993384785005442
2022-07-22,3.65,3.65,1.41706029452624
2022-07-25,3.663,3.663,0.35616438356163016
2022-07-26,3.668,3.668,0.13650013650015058
2022-07-27,3.659,3.659,-0.2453653217012075
2022-07-28,3.697,3.697,1.0385351188849423
2022-07-29,3.749,3.749,1.4065458479848525
2022-08-01,3.743,3.743,-0.1600426780474895
2022-08-02,3.773,3.773,0.8014961261020748
2022-08-03,3.759,3.759,-0.37105751391466324
2022-08-04,3.76,3.76,0.02660281989890212
2022-08-05,3.79,3.79,0.7978723404255428
2022-08-08,3.769,3.769,-0.5540897097625286
2022-08-09,3.786,3.786,0.451048023348366
2022-08-10,3.794,3.794,0.21130480718436484
2022-08-11,3.777,3.777,-0.4480759093305142
2022-08-12,3.795,3.795,0.4765687053216894
2022-08-15,3.799,3.799,0.1054018445322713
2022-08-16,3.796,3.796,-0.07896814951303677
2022-08-17,3.779,3.779,-0.4478398314014753
2022-08-18,3.761,3.761,-0.4763164858428093
2022-08-19,3.761,3.761,0.0
2022-08-22,3.753,3.753,-0.212709385801646
2022-08-23,3.763,3.763,0.2664535038635618
2022-08-24,3.787,3.787,0.6377889981397766
2022-08-25,3.797,3.797,0.26406126221283355
2022-08-26,3.798,3.798,0.026336581511721135
2022-08-29,3.767,3.767,-0.8162190626645693
2022-08-30,3.783,3.783,0.42474117334749817
2022-08-31,3.758,3.758,-0.6608511763150915
2022-09-01,3.73,3.73,-0.7450771687067648
2022-09-02,3.726,3.726,-0.10723860589811895
2022-09-05,3.765,3.765,1.046698872785834
2022-09-06,3.784,3.784,0.504648074369185
2022-09-07,3.759,3.759,-0.6606765327695552
2022-09-08,3.79,3.79,0.8246874168661877
2022-09-09,3.785,3.785,-0.13192612137202797
2022-09-13,3.787,3.787,0.05284015852047297
2022-09-14,3.76,3.76,-0.7129654079746528
2022-09-15,3.744,3.744,-0.42553191489360653
2022-09-16,3.728,3.728,-0.42735042735042583
2022-09-19,3.741,3.741,0.34871244635192866
2022-09-20,3.754,3.754,0.3475006682705173
2022-09-21,3.759,3.759,0.13319126265316505
2022-09-22,3.753,3.753,-0.15961691939344602
2022-09-23,3.77,3.77,0.4529709565680662
2022-09-26,3.736,3.736,-0.9018567639257236
2022-09-27,3.746,3.746,0.2676659528907832
2022-09-28,3.751,3.751,0.13347570742123782
2022-09-29,3.78,3.78,0.7731271660890382
2022-09-30,3.783,3.783,0.07936507936507908
2022-10-10,3.81,3.81,0.7137192704202988
2022-10-11,3.802,3.802,-0.20997375328084544
2022-10-12,3.812,3.812,0.2630194634402949
2022-10-13,3.817,3.817,0.13116474291712255
2022-10-14,3.813,3.813,-0.10479434110558516
2022-10-17,3.792,3.792,-0.5507474429583104
2022-10-18,3.802,3.802,0.2637130801687926
2022-10-19,3.793,3.793,-0.2367175170962632
2022-10-20,3.775,3.775,-0.4745583970471978
2022-10-21,3.771,3.771,-0.1059602649006619
2022-10-24,3.82,3.82,1.2993900822063198
2022-10-25,3.827,3.827,0.18324607329842646
2022-10-26,3.824,3.824,-0.0783903841128808
2022-10-27,3.817,3.817,-0.18305439330542628
2022-10-28,3.82,3.82,0.07859575582918055
2022-10-31,3.807,3.807,-0.3403141361256523
2022-11-01,3.81,3.81,0.07880220646179215
2022-11-02,3.817,3.817,0.18372703412072866
2022-11-03,3.805,3.805,-0.3143830233167444
2022-11-04,3.804,3.804,-0.026281208935619027
2022-11-07,3.832,3.832,0.7360672975814886
2022-11-08,3.839,3.839,0.18267223382046893
2022-11-09,3.945,3.945,2.7611357124251112
2022-11-10,3.925,3.925,-0.5069708491761693
2022-11-11,3.952,3.952,0.6878980891719788
2022-11-14,3.913,3.913,-0.9868421052631637
2022-11-15,3.933,3.933,0.511116790186561
2022-11-16,3.954,3.954,0.5339435545385296
2022-11-17,3.958,3.958,0.10116337885686111
2022-11-18,3.952,3.952,-0.1515917129863653
2022-11-21,3.936,3.936,-0.4048582995951455
2022-11-22,3.932,3.932,-0.10162601626015899
2022-11-23,3.932,3.932,0.0
2022-11-24,3.947,3.947,0.38148524923702354
2022-11-25,3.959,3.959,0.30402837598175747
2022-11-28,3.962,3.962,0.07577671129073149
2022-11-29,3.951,3.951,-0.27763755678950064
2022-11-30,3.944,3.944,-0.17717033662364434
2022-12-01,3.956,3.956,0.30425963488844854
2022-12-02,3.979,3.979,0.5813953488372103
2022-12-05,3.94,3.94,-0.9801457652676593
2022-12-06,3.898,3.898,-1.0659898477157315
2022-12-07,3.898,3.898,0.0
2022-12-08,3.91,3.91,0.307850179579261
2022-12-09,3.924,3.924,0.3580562659846409
2022-12-12,3.921,3.921,-0.0764525993883769
2022-12-13,3.924,3.924,0.07651109410864443
2022-12-14,3.963,3.963,0.9938837920489441
2022-12-15,3.933,3.933,-0.7570022710068236
2022-12-16,3.915,3.915,-0.4576659038901587
2022-12-19,3.942,3.942,0.6896551724137945
2022-12-20,3.943,3.943,0.02536783358699779
2022-12-21,3.981,3.981,0.963733198072525
2022-12-22,3.981,3.981,0.0
2022-12-23,3.948,3.948,-0.8289374529012794
2022-12-26,3.953,3.953,0.1266464032421366
2022-12-27,3.963,3.963,0.252972426005571
2022-12-28,3.966,3.966,0.07570022710068347
2022-12-29,3.96,3.96,-0.1512859304084735
2022-12-30,3.986,3.986,0.6565656565656663
2023-01-03,3.987,3.987,0.025087807325641087
2023-01-04,4.002,4.002,0.3762227238525151
2023-01-05,4.001,4.001,-0.024987506246865188
2023-01-06,3.972,3.972,-0.7248187953011853
2023-01-09,4.015,4.015,1.0825780463242562
2023-01-10,4.013,4.013,-0.04981320049812776
2023-01-11,4.025,4.025,0.29902815848492637
2023-01-12,4.019,4.019,-0.14906832298137163
2023-01-13,4.027,4.027,0.19905449116695006
2023-01-16,4.05,4.05,0.5711447727837049
2023-01-17,4.066,4.066,0.39506172839505194
2023-01-18,4.056,4.056,-0.24594195769798155
2023-01-19,4.068,4.068,0.2958579881656709
2023-01-20,4.101,4.101,0.8112094395280378
2023-01-30,4.096,4.096,-0.12192148256522373
2023-01-31,4.069,4.069,-0.6591796875
2023-02-01,4.091,4.091,0.5406733841238687
2023-02-02,4.125,4.125,0.8310926423857223
2023-02-03,4.071,4.071,-1.3090909090909153
2023-02-06,4.018,4.018,-1.3018914271677673
2023-02-07,4.01,4.01,-0.19910403185664505
2023-02-08,4.01,4.01,0.0
2023-02-09,4.019,4.019,0.22443890274315148
2023-02-10,3.993,3.993,-0.6469270962926155
2023-02-13,4.018,4.018,0.6260956674179807
2023-02-14,4.015,4.015,-0.07466401194624606
2023-02-15,4.002,4.002,-0.32378580323785267
2023-02-16,4.001,4.001,-0.024987506246865188
2023-02-17,3.992,3.992,-0.22494376405899352
2023-02-20,4.01,4.01,0.45090180360720655
2023-02-21,4.005,4.005,-0.12468827930174342
2023-02-22,4.017,4.017,0.2996254681647992
2023-02-23,4.008,4.008,-0.22404779686333587
2023-02-24,4.021,4.021,0.32435129740517876
2023-02-27,4.01,4.01,-0.2735637901019716
2023-02-28,4.015,4.015,0.12468827930174342
2023-03-01,4.029,4.029,0.34869240348693875
2023-03-02,4.026,4.026,-0.07446016381236209
2023-03-03,4.044,4.044,0.44709388971684305
2023-03-06,4.071,4.071,0.667655786350152
2023-03-07,4.076,4.076,0.1228199459592183
2023-03-08,4.033,4.033,-1.0549558390578806
2023-03-09,4.033,4.033,0.0
2023-03-10,4.061,4.061,0.6942722539052815
2023-03-13,4.089,4.089,0.6894853484363583
2023-03-14,4.142,4.142,1.2961604304230878
2023-03-15,4.139,4.139,-0.07242877836793893
2023-03-16,4.174,4.174,0.8456148828219323
2023-03-17,4.198,4.198,0.5749880210828895
2023-03-20,4.327,4.327,3.0728918532634486
2023-03-21,4.286,4.286,-0.9475387104229349
2023-03-22,4.223,4.223,-1.469902006532886
2023-03-23,4.253,4.253,0.7103954534690926
2023-03-24,4.275,4.275,0.5172819186456623
2023-03-27,4.246,4.246,-0.6783625730994114
2023-03-28,4.225,4.225,-0.4945831370702036
2023-03-29,4.24,4.24,0.35502958579882726
2023-03-30,4.248,4.248,0.18867924528302993
2023-03-31,4.281,4.281,0.7768361581920846
2023-04-03,4.221,4.221,-1.401541695865438
2023-04-04,4.269,4.269,1.1371712864250094
2023-04-06,4.33,4.33,1.4289060669946174
2023-04-07,4.328,4.328,-0.04618937644341736
2023-04-10,4.287,4.287,-0.947319778188549
2023-04-11,4.311,4.311,0.5598320503848786
2023-04-12,4.341,4.341,0.695894224077942
2023-04-13,4.346,4.346,0.11518083390924527
2023-04-14,4.366,4.366,0.46019328117807845
2023-04-17,4.324,4.324,-0.9619789280806201
2023-04-18,4.305,4.305,-0.43940795559667123
2023-04-19,4.297,4.297,-0.18583042973286945
2023-04-20,4.308,4.308,0.25599255294390666
2023-04-21,4.288,4.288,-0.46425255338903293
2023-04-24,4.277,4.277,-0.25652985074626766
2023-04-25,4.316,4.316,0.911854103343468
2023-04-26,4.323,4.323,0.16218721037999373
2023-04-27,4.333,4.333,0.23132084200785386
2023-04-28,4.298,4.298,-0.8077544426494332
2023-05-04,4.395,4.395,2.256863657515118
2023-05-05,4.415,4.415,0.4550625711035483
2023-05-08,4.368,4.368,-1.0645526613816458
2023-05-09,4.377,4.377,0.2060439560439331
2023-05-10,4.398,4.398,0.47978067169294203
2023-05-11,4.394,4.394,-0.09095043201454711
2023-05-12,4.365,4.365,-0.6599908966772872
2023-05-15,4.382,4.382,0.38946162657502725
2023-05-16,4.369,4.369,-0.296668188041993
2023-05-17,4.353,4.353,-0.3662165255207128
2023-05-18,4.345,4.345,-0.18378130025269446
2023-05-19,4.33,4.33,-0.345224395857302
2023-05-22,4.347,4.347,0.39260969976906424
2023-05-23,4.33,4.33,-0.3910743041177889
2023-05-24,4.352,4.352,0.5080831408776021
2023-05-25,4.335,4.335,-0.3906250000000111
2023-05-26,4.31,4.31,-0.5767012687427964
2023-05-29,4.314,4.314,0.09280742459398805
2023-05-30,4.3,4.3,-0.3245248029670855
2023-05-31,4.365,4.365,1.5116279069767424
2023-06-01,4.362,4.362,-0.06872852233676952
2023-06-02,4.375,4.375,0.2980284273269129
2023-06-05,4.324,4.324,-1.1657142857142921
2023-06-06,4.357,4.357,0.7631822386679143
2023-06-07,4.363,4.363,0.137709433096167
2023-06-08,4.338,4.338,-0.5730002292001046
2023-06-09,4.375,4.375,0.8529276164130906
2023-06-12,4.378,4.378,0.06857142857144005
2023-06-13,4.388,4.388,0.22841480127910874
2023-06-14,4.363,4.363,-0.569735642661795
2023-06-15,4.329,4.329,-0.7792803117121383
2023-06-16,4.359,4.359,0.6930006930006893
2023-06-19,4.366,4.366,0.1605872906629946
2023-06-20,4.374,4.374,0.1832340815391742
2023-06-21,4.356,4.356,-0.4115226337448541
2023-06-26,4.354,4.354,-0.04591368227730985
2023-06-27,4.35,4.35,-0.09186954524575963
2023-06-28,4.335,4.335,-0.34482758620688614
2023-06-29,4.343,4.343,0.18454440599768862
2023-06-30,4.349,4.349,0.1381533502187393
2023-07-03,4.358,4.358,0.20694412508621696
2023-07-04,4.364,4.364,0.13767783386875454
2023-07-05,4.367,4.367,0.0687442713107167
2023-07-06,4.365,4.365,-0.04579803068467392
2023-07-07,4.359,4.359,-0.13745704467355013
2023-07-10,4.37,4.37,0.2523514567561502
2023-07-11,4.374,4.374,0.09153318077801398
2023-07-12,4.371,4.371,-0.0685871056241294
2023-07-13,4.408,4.408,0.8464882177991351
2023-07-14,4.388,4.388,-0.45372050816697707
2023-07-17,4.406,4.406,0.4102096627164986
2023-07-18,4.422,4.422,0.3631411711302768
2023-07-19,4.473,4.473,1.1533242876526462
2023-07-20,4.47,4.47,-0.06706908115359234
2023-07-21,4.453,4.453,-0.38031319910513117
2023-07-24,4.442,4.442,-0.24702447788008675
2023-07-25,4.42,4.42,-0.49527239981990157
2023-07-26,4.439,4.439,0.42986425339366363
2023-07-27,4.448,4.448,0.20274836674927244
2023-07-28,4.404,4.404,-0.9892086330935412
2023-07-31,4.409,4.409,0.11353315168027844
2023-08-01,4.426,4.426,0.3855749603084657
2023-08-02,4.425,4.425,-0.022593764121114912
2023-08-03,4.406,4.406,-0.42937853107345436
2023-08-04,4.401,4.401,-0.11348161597820594
2023-08-07,4.41,4.41,0.2044989775051187
2023-08-08,4.414,4.414,0.0907029478457888
2023-08-09,4.411,4.411,-0.06796556411418075
2023-08-10,4.396,4.396,-0.3400589435502033
2023-08-11,4.415,4.415,0.4322111010009122
2023-08-14,4.421,4.421,0.1359003397508607
2023-08-15,4.431,4.431,0.22619316896628217
2023-08-16,4.433,4.433,0.04513653802753481
2023-08-17,4.429,4.429,-0.09023234829685922
2023-08-18,4.421,4.421,-0.180627681192147
2023-08-21,4.438,4.438,0.38452838724269967
2023-08-22,4.431,4.431,-0.1577287066245936
2023-08-23,4.452,4.452,0.4739336492890933
2023-08-24,4.464,4.464,0.26954177897575704
2023-08-25,4.448,4.448,-0.35842293906810374
2023-08-28,4.45,4.45,0.04496402877698369
2023-08-29,4.462,4.462,0.2696629213483126
2023-08-30,4.477,4.477,0.3361721201255108
2023-08-31,4.494,4.494,0.3797185615367349
2023-09-01,4.489,4.489,-0.11125945705384721
2023-09-04,4.506,4.506,0.378703497438182
2023-09-05,4.508,4.508,0.04438526409231702
2023-09-06,4.505,4.505,-0.066548358473828
2023-09-07,4.504,4.504,-0.022197558268599593
2023-09-08,4.536,4.536,0.7104795737122638
2023-09-11,4.545,4.545,0.1984126984126977
2023-09-12,4.546,4.546,0.022002200220039292
2023-09-13,4.557,4.557,0.24197096348439473
2023-09-14,4.592,4.592,0.7680491551459223
2023-09-15,4.548,4.548,-0.9581881533100911
2023-09-18,4.524,4.524,-0.527704485488123
2023-09-19,4.559,4.559,0.7736516357206069
2023-09-20,4.594,4.594,0.7677122175915763
2023-09-21,4.58,4.58,-0.30474531998259113
2023-09-22,4.561,4.561,-0.4148471615720517
2023-09-25,4.581,4.581,0.4385003288752465
2023-09-26,4.578,4.578,-0.06548788474132206
2023-09-27,4.511,4.511,-1.4635211882918386
2023-09-28,4.436,4.436,-1.6626025271558431
2023-10-09,4.405,4.405,-0.6988277727682513
2023-10-10,4.348,4.348,-1.2939841089670945
2023-10-11,4.355,4.355,0.16099356025760514
2023-10-12,4.39,4.39,0.8036739380022695
2023-10-13,4.405,4.405,0.3416856492027387
2023-10-16,4.46,4.46,1.2485811577752415
2023-10-17,4.48,4.48,0.4484304932735439
2023-10-18,4.523,4.523,0.9598214285714057
2023-10-19,4.547,4.547,0.530621269069198
2023-10-20,4.597,4.597,1.099626127116804
2023-10-23,4.572,4.572,-0.5438329345225257
2023-10-24,4.575,4.575,0.06561679790026975
2023-10-25,4.557,4.557,-0.39344262295081256
2023-10-26,4.59,4.59,0.7241606319947191
2023-10-27,4.599,4.599,0.19607843137254832
2023-10-30,4.609,4.609,0.21743857360294605
2023-10-31,4.62,4.62,0.23866348448686736
2023-11-01,4.603,4.603,-0.3679653679653727
2023-11-02,4.613,4.613,0.2172496198131757
2023-11-03,4.61,4.61,-0.06503360069369801
2023-11-06,4.587,4.587,-0.4989154013015362
2023-11-07,4.569,4.569,-0.39241334205362133
2023-11-08,4.551,4.551,-0.3939592908732692
2023-11-09,4.521,4.521,-0.659195781147004
2023-11-10,4.554,4.554,0.7299270072992803
2023-11-13,4.538,4.538,-0.3513394817742599
2023-11-14,4.558,4.558,0.44072278536799736
2023-11-15,4.577,4.577,0.41684949539271265
2023-11-16,4.559,4.559,-0.39327070133274855
2023-11-17,4.572,4.572,0.2851502522482896
2023-11-20,4.522,4.522,-1.0936132983377034
2023-11-21,4.516,4.516,-0.13268465280850128
2023-11-22,4.499,4.499,-0.3764393268379185
2023-11-23,4.495,4.495,-0.08890864636584839
2023-11-24,4.499,4.499,0.08898776418242438
2023-11-27,4.546,4.546,1.0446765947988546
2023-11-28,4.56,4.56,0.30796304443465594
2023-11-29,4.591,4.591,0.6798245614035192
2023-11-30,4.589,4.589,-0.04356349379219804
2023-12-01,4.589,4.589,0.0
2023-12-04,4.643,4.643,1.1767269557637627
2023-12-05,4.58,4.58,-1.3568813267283986
2023-12-06,4.578,4.578,-0.04366812227073469
2023-12-07,4.584,4.584,0.1310615989514874
2023-12-08,4.591,4.591,0.15270506108202575
2023-12-11,4.557,4.557,-0.7405793944674333
2023-12-12,4.539,4.539,-0.39499670836077305
2023-12-13,4.529,4.529,-0.22031284423881248
2023-12-14,4.598,4.598,1.5235151247515955
2023-12-15,4.59,4.59,-0.17398869073510514
2023-12-18,4.576,4.576,-0.3050108932461937
2023-12-19,4.589,4.589,0.28409090909091717
2023-12-20,4.604,4.604,0.32686859882327113
2023-12-21,4.605,4.605,0.021720243266742933
2023-12-22,4.627,4.627,0.4777415852334377
2023-12-25,4.634,4.634,0.1512859304084735
2023-12-26,4.647,4.647,0.28053517479498247
2023-12-27,4.66,4.66,0.27975037658705126
2023-12-28,4.662,4.662,0.042918454935625405
2023-12-29,4.648,4.648,-0.30030030030030463
2024-01-02,4.666,4.666,0.387263339070576
2024-01-03,4.663,4.663,-0.06429489927132215
2024-01-04,4.651,4.651,-0.25734505683037145
2024-01-05,4.664,4.664,0.2795097828423909
2024-01-08,4.65,4.65,-0.3001715265866123
2024-01-09,4.649,4.649,-0.021505376344088667
2024-01-10,4.631,4.631,-0.38718003871800466
2024-01-11,4.631,4.631,0.0
2024-01-12,4.646,4.646,0.3239041243791707
2024-01-15,4.673,4.673,0.5811450710288435
2024-01-16,4.677,4.677,0.08559811684141216
2024-01-17,4.631,4.631,-0.9835364549925063
2024-01-18,4.616,4.616,-0.3239041243791929
2024-01-19,4.643,4.643,0.5849220103986141
2024-01-22,4.625,4.625,-0.3876803790652583
2024-01-23,4.632,4.632,0.15135135135133648
2024-01-24,4.626,4.626,-0.12953367875646604
2024-01-25,4.605,4.605,-0.45395590142671693
2024-01-26,4.625,4.625,0.43431053203040193
2024-01-29,4.634,4.634,0.19459459459461037
2024-01-30,4.647,4.647,0.28053517479498247
2024-01-31,4.653,4.653,0.12911555842478606
2024-02-01,4.668,4.668,0.3223726627981982
2024-02-02,4.679,4.679,0.23564695801199242
2024-02-05,4.643,4.643,-0.7693951699081047
2024-02-06,4.633,4.633,-0.21537798836958055
2024-02-07,4.642,4.642,0.19425857975394756
2024-02-08,4.662,4.662,0.4308487720809939
2024-02-19,4.644,4.644,-0.38610038610038533
2024-02-20,4.642,4.642,-0.04306632213608719
2024-02-21,4.642,4.642,0.0
2024-02-22,4.639,4.639,-0.06462731581214909
2024-02-23,4.63,4.63,-0.19400732916577956
2024-02-26,4.651,4.651,0.453563714902816
2024-02-27,4.646,4.646,-0.10750376263168882
2024-02-28,4.645,4.645,-0.021523891519592553
2024-02-29,4.647,4.647,0.043057050592043566
2024-03-01,4.667,4.667,0.43038519474929426
2024-03-04,4.725,4.725,1.2427683736875972
2024-03-05,4.789,4.789,1.3544973544973526
2024-03-06,4.824,4.824,0.730841511797875
2024-03-07,4.885,4.885,1.2645107794361454
2024-03-08,4.881,4.881,-0.08188331627430046
2024-03-11,4.899,4.899,0.3687768899815591
2024-03-12,4.879,4.879,-0.4082465809348901
2024-03-13,4.87,4.87,-0.1844640295142308
2024-03-14,4.877,4.877,0.14373716632443134
2024-03-15,4.899,4.899,0.4510969858519731
2024-03-18,4.86,4.86,-0.7960808328230207
2024-03-19,4.87,4.87,0.2057613168724215
2024-03-20,4.88,4.88,0.2053388090349051
2024-03-21,4.978,4.978,2.0081967213114726
2024-03-22,4.946,4.946,-0.6428284451586941
2024-03-25,4.956,4.956,0.2021835826931051
2024-03-26,4.966,4.966,0.20177562550443007
2024-03-27,4.99,4.99,0.48328634716068297
2024-03-28,5.029,5.029,0.7815631262525047
2024-03-29,5.126,5.126,1.928812885265474
2024-04-01,5.155,5.155,0.5657432696059228
2024-04-02,5.159,5.159,0.07759456838021261
2024-04-03,5.231,5.231,1.395619306067064
2024-04-08,5.354,5.354,2.351366851462444
2024-04-09,5.369,5.369,0.2801643630930162
2024-04-10,5.388,5.388,0.3538834047308592
2024-04-11,5.348,5.348,-0.7423904974016349
2024-04-12,5.504,5.504,2.9169783096484547
2024-04-15,5.417,5.417,-1.5806686046511587
2024-04-16,5.452,5.452,0.6461140852870528
2024-04-17,5.461,5.461,0.16507703595012302
2024-04-18,5.445,5.445,-0.2929866324848929
2024-04-19,5.471,5.471,0.47750229568410685
2024-04-22,5.364,5.364,-1.9557667702431059
2024-04-23,5.232,5.232,-2.460850111856816
2024-04-24,5.287,5.287,1.0512232415902156
2024-04-25,5.288,5.288,0.0189143181388296
2024-04-26,5.329,5.329,0.7753403933434155
2024-04-29,5.294,5.294,-0.6567836367048274
2024-04-30,5.286,5.286,-0.1511144692104227
2024-05-06,5.254,5.254,-0.6053726825577033
2024-05-07,5.268,5.268,0.26646364674534073
2024-05-08,5.261,5.261,-0.13287775246771938
2024-05-09,5.25,5.25,-0.2090857251473177
2024-05-10,5.369,5.369,2.2666666666666613
2024-05-13,5.337,5.337,-0.5960141553361886
2024-05-14,5.329,5.329,-0.14989694584972568
2024-05-15,5.37,5.37,0.769375117282789
2024-05-16,5.417,5.417,0.8752327746741173
2024-05-17,5.416,5.416,-0.018460402436759615
2024-05-20,5.55,5.55,2.4741506646971834
2024-05-21,5.481,5.481,-1.2432432432432416
2024-05-22,5.492,5.492,0.20069330414158593
2024-05-23,5.366,5.366,-2.294246176256376
2024-05-24,5.319,5.319,-0.8758852031308217
2024-05-27,5.338,5.338,0.35721000188004837
2024-05-28,5.334,5.334,-0.07493443237168718
2024-05-29,5.37,5.37,0.6749156355455588
2024-05-30,5.317,5.317,-0.9869646182495306
2024-05-31,5.343,5.343,0.4889975550122161
2024-06-03,5.296,5.296,-0.8796556241811637
2024-06-04,5.346,5.346,0.9441087613293098
2024-06-05,5.324,5.324,-0.4115226337448652
2024-06-06,5.398,5.398,1.3899323816679132
2024-06-07,5.399,5.399,0.018525379770295558
2024-06-11,5.237,5.237,-3.000555658455273
2024-06-12,5.267,5.267,0.5728470498376881
2024-06-13,5.269,5.269,0.03797228023543209
2024-06-14,5.271,5.271,0.03795786676787927
2024-06-17,5.279,5.279,0.15177385695313017
2024-06-18,5.284,5.284,0.09471490812653638
2024-06-19,5.305,5.305,0.39742619227858267
2024-06-20,5.351,5.351,0.8671065032987757
2024-06-21,5.376,5.376,0.46720239207624914
2024-06-24,5.29,5.29,-1.5997023809523836
2024-06-25,5.302,5.302,0.22684310018903364
2024-06-26,5.271,5.271,-0.5846850245190383
2024-06-27,5.242,5.242,-0.550180231455133
2024-06-28,5.297,5.297,1.0492178557802267
2024-07-01,5.299,5.299,0.037757221068535074
2024-07-02,5.306,5.306,0.13210039630118242
2024-07-03,5.34,5.34,0.6407840180927327
2024-07-04,5.365,5.365,0.46816479400748623
2024-07-05,5.381,5.381,0.2982292637464967
2024-07-08,5.384,5.384,0.055751719011332135
2024-07-09,5.362,5.362,-0.40861812778604234
2024-07-10,5.397,5.397,0.6527415143603221
2024-07-11,5.417,5.417,0.37057624606262607
2024-07-12,5.446,5.446,0.5353516706664285
2024-07-15,5.442,5.442,-0.07344840249723372
2024-07-16,5.505,5.505,1.1576626240352716
2024-07-17,5.576,5.576,1.2897366030880875
2024-07-18,5.573,5.573,-0.05380200860830575
2024-07-19,5.425,5.425,-2.6556612237574106
2024-07-22,5.421,5.421,-0.07373271889400401
2024-07-23,5.394,5.394,-0.49806308799115184
2024-07-24,5.465,5.465,1.316277345198369
2024-07-25,5.327,5.327,-2.5251601097895704
2024-07-26,5.35,5.35,0.4317627182278905
2024-07-29,5.387,5.387,0.6915887850467373
2024-07-30,5.394,5.394,0.12994245405606453
2024-07-31,5.436,5.436,0.7786429365962189
2024-08-01,5.48,5.48,0.8094186902134037
2024-08-02,5.505,5.505,0.45620437956204185
2024-08-05,5.366,5.366,-2.524977293369668
2024-08-06,5.327,5.327,-0.7267983600447225
2024-08-07,5.352,5.352,0.46930730242162877
2024-08-08,5.349,5.349,-0.05605381165919576
2024-08-09,5.396,5.396,0.8786689100766409
2024-08-12,5.437,5.437,0.7598220904373676
2024-08-13,5.474,5.474,0.6805223468824728
2024-08-14,5.456,5.456,-0.3288271830471312
2024-08-15,5.443,5.443,-0.23826979472142407
2024-08-16,5.453,5.453,0.18372221201543582
2024-08-19,5.513,5.513,1.1003117549972519
2024-08-20,5.513,5.513,0.0
2024-08-21,5.537,5.537,0.43533466352259076
2024-08-22,5.523,5.523,-0.25284450063211006
2024-08-23,5.504,5.504,-0.34401593336954583
2024-08-26,5.538,5.538,0.6177325581395499
2024-08-27,5.534,5.534,-0.07222824124233362
2024-08-28,5.528,5.528,-0.10842067220817597
2024-08-29,5.535,5.535,0.12662807525327668
2024-08-30,5.522,5.522,-0.23486901535682003
2024-09-02,5.491,5.491,-0.5613908004346357
2024-09-03,5.501,5.501,0.18211619012931113
2024-09-04,5.463,5.463,-0.6907834939102075
2024-09-05,5.502,5.502,0.7138934651290452
2024-09-06,5.517,5.517,0.27262813522357376
2024-09-09,5.477,5.477,-0.7250317201377587
2024-09-10,5.513,5.513,0.6572941391272513
2024-09-11,5.542,5.542,0.5260293850897879
2024-09-12,5.531,5.531,-0.19848430169614462
2024-09-13,5.611,5.611,1.4463930573133332
2024-09-18,5.609,5.609,-0.03564427018356575
2024-09-19,5.6,5.6,-0.16045640934213568
2024-09-20,5.663,5.663,1.1250000000000204
2024-09-23,5.711,5.711,0.8476072752957808
2024-09-24,5.697,5.697,-0.24514095604972752
2024-09-25,5.74,5.74,0.7547832192382087
2024-09-26,5.751,5.751,0.19163763066203376
2024-09-27,5.708,5.708,-0.7476960528603693
2024-09-30,5.707,5.707,-0.01751927119831853
2024-10-08,5.714,5.714,0.12265638689330505
2024-10-09,5.64,5.64,-1.2950647532376736
2024-10-10,5.676,5.676,0.6382978723404431
2024-10-11,5.739,5.739,1.10993657505285
2024-10-14,5.799,5.799,1.0454783063251538
2024-10-15,5.799,5.799,0.0
2024-10-16,5.884,5.884,1.4657699603379815
2024-10-17,5.905,5.905,0.35690006798096974
2024-10-18,5.945,5.945,0.6773920406435208
2024-10-21,6.02,6.02,1.261564339781307
2024-10-22,6.018,6.018,-0.03322259136212535
2024-10-23,6.056,6.056,0.6314390162844852
2024-10-24,5.995,5.995,-1.0072655217965631
2024-10-25,5.998,5.998,0.050041701417846696
2024-10-28,6.017,6.017,0.31677225741915116
2024-10-29,6.068,6.068,0.8475984709988227
2024-10-30,6.14,6.14,1.1865524060646004
2024-10-31,6.103,6.103,-0.6026058631921849
2024-11-01,6.051,6.051,-0.8520399803375378
2024-11-04,6.006,6.006,-0.7436787307882997
2024-11-05,6.006,6.006,0.0
2024-11-06,5.994,5.994,-0.19980019980020414
2024-11-07,5.86,5.86,-2.235568902235563
2024-11-08,5.898,5.898,0.6484641638225153
2024-11-11,5.905,5.905,0.11868429976265027
2024-11-12,5.807,5.807,-1.6596104995766248
2024-11-13,5.796,5.796,-0.18942655415877807
2024-11-14,5.68,5.68,-2.001380262249841
2024-11-15,5.683,5.683,0.05281690140845896
2024-11-18,5.758,5.758,1.3197254970966021
2024-11-19,5.858,5.858,1.736714136853057
2024-11-20,5.857,5.857,-0.017070672584484914
2024-11-21,5.933,5.933,1.297592624210342
2024-11-22,6.01,6.01,1.2978257205460864
2024-11-25,5.916,5.916,-1.5640599001663813
2024-11-26,5.844,5.844,-1.2170385395537497
2024-11-27,5.899,5.899,0.9411362080766539
2024-11-28,5.869,5.869,-0.5085607730123787
2024-11-29,5.923,5.923,0.9200886011245579
2024-12-02,5.872,5.872,-0.8610501435083573
2024-12-03,5.931,5.931,1.0047683923705808
2024-12-04,5.929,5.929,-0.03372112628561297
2024-12-05,5.927,5.927,-0.033732501264982506
2024-12-06,5.903,5.903,-0.4049266070524693
2024-12-09,5.936,5.936,0.5590377774013167
2024-12-10,5.961,5.961,0.4211590296496093
2024-12-11,6.011,6.011,0.8387854386847859
2024-12-12,6.052,6.052,0.6820828481117758
2024-12-13,6.001,6.001,-0.8426966292134686
2024-12-16,5.947,5.947,-0.8998500249958408
2024-12-17,5.94,5.94,-0.11770640659155562
2024-12-18,5.932,5.932,-0.13468013468013185
2024-12-19,5.885,5.885,-0.7923128792987288
2024-12-20,5.892,5.892,0.11894647408667858
2024-12-23,5.951,5.951,1.0013577732518542
2024-12-24,5.921,5.921,-0.5041169551335822
2024-12-25,5.936,5.936,0.2533355852051944
2024-12-26,5.94,5.94,0.06738544474393926
2024-12-27,5.945,5.945,0.08417508417508657
2024-12-30,5.923,5.923,-0.37005887300253226
2024-12-31,5.928,5.928,0.0844166807361102
2025-01-02,5.977,5.977,0.826585695006754
2025-01-03,6.029,6.029,0.8700016730801341
2025-01-06,5.99,5.99,-0.6468734450157498
2025-01-07,6.0,6.0,0.16694490818029983
2025-01-08,6.03,6.03,0.5000000000000115
2025-01-09,6.065,6.065,0.5804311774461057
2025-01-10,6.105,6.105,0.6595218466611819
2025-01-13,6.12,6.12,0.24570024570023108
2025-01-14,6.068,6.068,-0.8496732026143872
2025-01-15,6.102,6.102,0.5603164139749595
2025-01-16,6.122,6.122,0.32776138970829205
2025-01-17,6.139,6.139,0.2776870303822232
2025-01-20,6.127,6.127,-0.19547157517512126
2025-01-21,6.127,6.127,0.0
2025-01-22,6.181,6.181,0.8813448669822144
2025-01-23,6.187,6.187,0.09707167125061478
2025-01-24,6.218,6.218,0.50105058994665
2025-01-27,6.202,6.202,-0.2573174654229682
2025-02-05,6.439,6.439,3.8213479522734684
2025-02-06,6.402,6.402,-0.5746233887249597
2025-02-07,6.42,6.42,0.281162136832247
2025-02-10,6.518,6.518,1.5264797507788197
2025-02-11,6.584,6.584,1.0125805461798087
2025-02-12,6.538,6.538,-0.6986634264884439
2025-02-13,6.57,6.57,0.48944631385745563
2025-02-14,6.605,6.605,0.5327245053272422
2025-02-17,6.494,6.494,-1.6805450416351397
2025-02-18,6.555,6.555,0.9393286110255694
2025-02-19,6.598,6.598,0.6559877955758964
2025-02-20,6.619,6.619,0.31827826614125865
2025-02-21,6.568,6.568,-0.7705091403535258
2025-02-24,6.581,6.581,0.19792935444580273
2025-02-25,6.582,6.582,0.015195259079159307
2025-02-26,6.519,6.519,-0.9571558796718227
2025-02-27,6.492,6.492,-0.4141739530602928
2025-02-28,6.444,6.444,-0.7393715341959317
2025-03-03,6.451,6.451,0.10862818125387808
2025-03-04,6.499,6.499,0.744070686715248
2025-03-05,6.547,6.547,0.7385751654100714
2025-03-06,6.535,6.535,-0.1832900565144291
2025-03-07,6.526,6.526,-0.13771996939556663
2025-03-10,6.544,6.544,0.2758197977321464
2025-03-11,6.505,6.505,-0.5959657701711474
2025-03-12,6.526,6.526,0.32282859338970127
2025-03-13,6.575,6.575,0.7508427827152886
2025-03-14,6.673,6.673,1.4904942965779489
2025-03-17,6.677,6.677,0.05994305409859901
2025-03-18,6.727,6.727,0.7488392990864234
2025-03-19,6.8,6.8,1.0851791288835955
2025-03-20,6.807,6.807,0.10294117647060563
2025-03-21,6.774,6.774,-0.4847950639048082
2025-03-24,6.78,6.78,0.08857395925598865
2025-03-25,6.774,6.774,-0.08849557522123686
2025-03-26,6.795,6.795,0.3100088573959159
2025-03-27,6.812,6.812,0.2501839587932375
2025-03-28,6.938,6.938,1.8496770405167284
2025-03-31,7.012,7.012,1.0665897953300751
2025-04-01,7.056,7.056,0.627495721620086
2025-04-02,7.029,7.029,-0.3826530612244916
2025-04-03,7.094,7.094,0.9247403613600769
2025-04-07,6.877,6.877,-3.0589230335494877
2025-04-08,6.925,6.925,0.6979787698124129
2025-04-09,7.012,7.012,1.2563176895306727
2025-04-10,7.164,7.164,2.167712492869378
2025-04-11,7.273,7.273,1.5214963707425921
2025-04-14,7.327,7.327,0.7424721572941051
2025-04-15,7.325,7.325,-0.02729630135116512
2025-04-16,7.503,7.503,2.4300341296928263
2025-04-17,7.565,7.565,0.8263361322137897
2025-04-18,7.583,7.583,0.2379378717779268
2025-04-21,7.724,7.724,1.8594223921930553
2025-04-22,7.982,7.982,3.340238218539615
2025-04-23,7.5,7.5,-6.038586820345781
2025-04-24,7.582,7.582,1.093333333333324
2025-04-25,7.53,7.53,-0.6858348720654162
2025-04-28,7.465,7.465,-0.8632138114209931
2025-04-29,7.517,7.517,0.6965840589417294
2025-04-30,7.471,7.471,-0.6119462551549826
2025-05-06,7.612,7.612,1.8872975505287215
2025-05-07,7.671,7.671,0.7750919600630679
2025-05-08,7.557,7.557,-1.4861165428236234
2025-05-09,7.531,7.531,-0.3440518724361574
2025-05-12,7.376,7.376,-2.058159606957899
2025-05-13,7.332,7.332,-0.5965292841648706
2025-05-14,7.277,7.277,-0.7501363884342527
2025-05-15,7.062,7.062,-2.9545142228940446
2025-05-16,7.177,7.177,1.6284338714245061
2025-05-19,7.222,7.222,0.6270029260136756
2025-05-20,7.209,7.209,-0.18000553863196656
2025-05-21,7.439,7.439,3.1904563739769687
2025-05-22,7.45,7.45,0.1478693372765072
2025-05-23,7.454,7.454,0.05369127516778871
2025-05-26,7.425,7.425,-0.38905285752616203
2025-05-27,7.366,7.366,-0.7946127946127923
2025-05-28,7.375,7.375,0.12218300298669771
2025-05-29,7.3,7.3,-1.016949152542379
2025-05-30,7.369,7.369,0.9452054794520492
2025-06-03,7.478,7.478,1.479169493825494
2025-06-04,7.474,7.474,-0.05349023803155051
2025-06-05,7.483,7.483,0.12041744715012292
2025-06-06,7.481,7.481,-0.026727248429769812
2025-06-09,7.4,7.4,-1.0827429488036278
2025-06-10,7.405,7.405,0.06756756756756133
2025-06-11,7.428,7.428,0.3106009453072156
2025-06-12,7.497,7.497,0.9289176090468532
2025-06-13,7.588,7.588,1.21381886087768
2025-06-16,7.563,7.563,-0.32946758039009705
2025-06-17,7.499,7.499,-0.8462250429723706
2025-06-18,7.503,7.503,0.053340445392735525
2025-06-19,7.465,7.465,-0.5064640810342524
2025-06-20,7.436,7.436,-0.38847957133288924
2025-06-23,7.464,7.464,0.37654653039269625
2025-06-24,7.372,7.372,-1.2325830653804992
2025-06-25,7.392,7.392,0.27129679869777323
2025-06-26,7.405,7.405,0.17586580086579318
2025-06-27,7.326,7.326,-1.0668467251856883
2025-06-30,7.314,7.314,-0.16380016380015405
2025-07-01,7.397,7.397,1.1348099535138045
2025-07-02,7.394,7.394,-0.04055698256050233
2025-07-03,7.445,7.445,0.689748444684879
2025-07-04,7.407,7.407,-0.5104096709200867
2025-07-07,7.355,7.355,-0.7020386121236566
2025-07-08,7.398,7.398,0.5846363018354728
2025-07-09,7.314,7.314,-1.135442011354415
2025-07-10,7.371,7.371,0.7793273174733439
2025-07-11,7.376,7.376,0.0678334011667392
2025-07-14,7.44,7.44,0.8676789587852562
2025-07-15,7.436,7.436,-0.05376344086022167
2025-07-16,7.402,7.402,-0.4572350726196883
2025-07-17,7.397,7.397,-0.06754931099702821
2025-07-18,7.403,7.403,0.08111396512098246
2025-07-21,7.446,7.446,0.5808456031338727
2025-07-22,7.474,7.474,0.37604082728983634
2025-07-23,7.548,7.548,0.990099009900991
2025-07-24,7.424,7.424,-1.6428192898781058
2025-07-25,7.409,7.409,-0.20204741379311608
2025-07-28,7.388,7.388,-0.28343906060196433
2025-07-29,7.363,7.363,-0.33838657282078133
2025-07-30,7.377,7.377,0.19013988863234577
2025-07-31,7.35,7.35,-0.3660024400162665
2025-08-01,7.352,7.352,0.027210884353756626
2025-08-04,7.446,7.446,1.2785636561479796
2025-08-05,7.455,7.455,0.1208702659145855
2025-08-06,7.468,7.468,0.1743796109993312
2025-08-07,7.484,7.484,0.2142474558114671
2025-08-08,7.508,7.508,0.3206841261357507
2025-08-11,7.429,7.429,-1.052210974960044
2025-08-12,7.399,7.399,-0.4038228563736701
2025-08-13,7.415,7.415,0.2162454385727708
2025-08-14,7.424,7.424,0.12137559002023401
2025-08-15,7.401,7.401,-0.30980603448276245
2025-08-18,7.413,7.413,0.16214025131739973
2025-08-19,7.391,7.391,-0.2967759341697018
2025-08-20,7.374,7.374,-0.23000947097822078
2025-08-21,7.394,7.394,0.2712232167073614
2025-08-22,7.378,7.378,-0.21639166892074568
2025-08-25,7.427,7.427,0.6641366223908873
2025-08-26,7.449,7.449,0.29621650733808735
2025-08-27,7.45,7.45,0.013424620754465266
2025-08-28,7.468,7.468,0.2416107382550381
2025-08-29,7.486,7.486,0.24102838778790048
2025-09-01,7.647,7.647,2.150681271707189
2025-09-02,7.67,7.67,0.30077154439649423
2025-09-03,7.768,7.768,1.277705345501956
2025-09-04,7.75,7.75,-0.23171987641605885
2025-09-05,7.775,7.775,0.3225806451612856
2025-09-08,7.847,7.847,0.9260450160771816
2025-09-09,7.966,7.966,1.5165031222122982
2025-09-10,7.947,7.947,-0.23851368315340737
2025-09-11,7.923,7.923,-0.3020007550018855
2025-09-12,7.954,7.954,0.39126593462071035
2025-09-15,7.931,7.931,-0.2891626854412799
2025-09-16,8.032,8.032,1.273483797755648
2025-09-17,7.964,7.964,-0.8466135458167323
2025-09-18,7.862,7.862,-1.2807634354595754
2025-09-19,7.898,7.898,0.4578987534978429
2025-09-22,8.048,8.048,1.8992149911370104
2025-09-23,8.143,8.143,1.1804174950298396
2025-09-24,8.19,8.19,0.5771828564411052
2025-09-25,8.146,8.146,-0.5372405372405242
2025-09-26,8.16,8.16,0.1718634912840633
2025-09-29,8.259,8.259,1.2132352941176539
2025-09-30,8.339,8.339,0.9686402712192788
2025-10-09,8.729,8.729,4.676819762561446
2025-10-10,8.602,8.602,-1.4549203803413735
2025-10-13,8.859,8.859,2.9876772843524746
2025-10-14,8.976,8.976,1.32069082289199
2025-10-15,9.187,9.187,2.350713012477712
2025-10-16,9.244,9.244,0.6204419288124541
2025-10-17,9.568,9.568,3.5049762007788754
2025-10-20,9.268,9.268,-3.1354515050167064
2025-10-21,9.49,9.49,2.3953388001726417
2025-10-22,9.101,9.101,-4.099051633298201
2025-10-23,8.994,8.994,-1.1756949785737936
2025-10-24,8.95,8.95,-0.4892150322437283
2025-10-27,8.914,8.914,-0.4022346368715013
2025-10-28,8.597,8.597,-3.556203724478346
2025-10-29,8.692,8.692,1.105036640688617
2025-10-30,8.704,8.704,0.13805798435342354
2025-10-31,8.794,8.794,1.0340073529411686
2025-11-03,8.797,8.797,0.03411416875143125
2025-11-04,8.737,8.737,-0.682050699101977
2025-11-05,8.706,8.706,-0.3548128648277471
2025-11-06,8.755,8.755,0.5628302320239031
2025-11-07,8.793,8.793,0.43403769274699133
2025-11-10,8.936,8.936,1.6262936426703067
2025-11-11,9.062,9.062,1.410026857654434
2025-11-12,9.029,9.029,-0.3641580225115848
2025-11-13,9.175,9.175,1.6170118507033093
2025-11-14,9.096,9.096,-0.8610354223433259
2025-11-17,8.882,8.882,-2.3526824978012395
2025-11-18,8.777,8.777,-1.1821661787885684
2025-11-19,8.954,8.954,2.016634385325289
2025-11-20,8.903,8.903,-0.5695778423051134
2025-11-21,8.828,8.828,-0.8424126698865719
2025-11-24,8.857,8.857,0.3285002265518866
2025-11-25,9.01,9.01,1.7274472168905985
2025-11-26,9.011,9.011,0.011098779134299797
2025-11-27,9.01,9.01,-0.011097547442007194
2025-11-28,9.067,9.067,0.632630410654822
2025-12-01,9.161,9.161,1.036726590934145
2025-12-02,9.112,9.112,-0.5348761052286766
2025-12-03,9.096,9.096,-0.17559262510974394
2025-12-04,9.064,9.064,-0.3518029903254227
2025-12-05,9.136,9.136,0.7943512797881747
2025-12-08,9.11,9.11,-0.2845884413309907
2025-12-09,9.046,9.046,-0.7025246981339217
2025-12-10,9.095,9.095,0.5416758788414855
2025-12-11,9.11,9.11,0.16492578339746267
2025-12-12,9.227,9.227,1.284302963776085
2025-12-15,9.351,9.351,1.3438820851847888
2025-12-16,9.24,9.24,-1.1870388193776171
2025-12-17,9.31,9.31,0.7575757575757569
2025-12-18,9.318,9.318,0.08592910848548296
2025-12-19,9.313,9.313,-0.05365958360161738
2025-12-22,9.511,9.511,2.1260603457532223
2025-12-23,9.639,9.639,1.3458101146041512
2025-12-24,9.642,9.642,0.03112356053531773
2025-12-25,9.566,9.566,-0.7882182119892001
2025-12-26,9.65,9.65,0.8781099728204067
2025-12-29,9.563,9.563,-0.9015544041450774
2025-12-30,9.363,9.363,-2.0913939140437265
2025-12-31,9.301,9.301,-0.6621809249172217
2026-01-05,9.495,9.495,2.085797226104713
2026-01-06,9.577,9.577,0.8636124275934742
2026-01-07,9.518,9.518,-0.6160593087605637
2026-01-08,9.511,9.511,-0.0735448623660595
2026-01-09,9.592,9.592,0.8516454631479542
2026-01-12,9.777,9.777,1.9286905754795525
2026-01-13,9.793,9.793,0.16364938120077
2026-01-14,9.922,9.922,1.3172674359236414
2026-01-15,9.867,9.867,-0.5543237250554278
2026-01-16,9.857,9.857,-0.10134792743490273
2026-01-19,10.006,10.006,1.511616110378422
2026-01-20,10.082,10.082,0.7595442734359414
2026-01-21,10.377,10.377,2.926006744693521
2026-01-22,10.341,10.341,-0.346921075455342
2026-01-23,10.617,10.617,2.668987525384403
2026-01-26,10.924,10.924,2.891588961100111
2026-01-27,10.934,10.934,0.09154155986816903
2026-01-28,11.28,11.28,3.1644411926102123
2026-01-29,11.904,11.904,5.531914893617018
2026-01-30,11.009,11.009,-7.5184811827957
2026-02-02,9.908,9.908,-10.000908347715509
2026-02-03,10.422,10.422,5.187727089220839
2026-02-04,10.867,10.867,4.269813855306093
2026-02-05,10.523,10.523,-3.165547069108321
2026-02-06,10.357,10.357,-1.577496911527132
2026-02-09,10.719,10.719,3.495220623732753
2026-02-10,10.669,10.669,-0.466461423640252
2026-02-11,10.758,10.758,0.8341925203861456
2026-02-12,10.72,10.72,-0.3532255065997303
2026-02-13,10.575,10.575,-1.3526119402985204
2026-02-24,10.95,10.95,3.546099290780136
2026-02-25,10.959,10.959,0.08219178082191636
2026-02-26,10.913,10.913,-0.4197463272196278
2026-02-27,10.933,10.933,0.1832676624209606
2026-03-02,11.417,11.417,4.426964236714537
2026-03-03,11.259,11.259,-1.3839011999649653
2026-03-04,10.98,10.98,-2.478017585931258
2026-03-05,10.964,10.964,-0.1457194899817882
2026-03-06,10.873,10.873,-0.8299890550893974
2026-03-09,10.868,10.868,-0.04598546859191366
2026-03-10,10.956,10.956,0.8097165991902688
2026-03-11,10.974,10.974,0.16429353778752986
2026-03-12,10.938,10.938,-0.32804811372334486
2026-03-13,10.802,10.802,-1.2433717315779913
2026-03-16,10.664,10.664,-1.277541196074805
2026-03-17,10.637,10.637,-0.2531882970742583
2026-03-18,10.606,10.606,-0.29143555513773123
2026-03-19,10.126,10.126,-4.525740147086554
2026-03-20,9.896,9.896,-2.271380604384743
2026-03-23,8.941,8.941,-9.650363783346805
2026-03-24,9.299,9.299,4.004026395257787
2026-03-25,9.641,9.641,3.67781481879772
2026-03-26,9.45,9.45,-1.9811222902188619
2026-03-27,9.494,9.494,0.46560846560848024
2026-03-30,9.656,9.656,1.7063408468506402
2026-03-31,9.699,9.699,0.44531897265946974
2026-04-01,10.024,10.024,3.350860913496234
2026-04-02,9.738,9.738,-2.853152434158013
2026-04-03,9.828,9.828,0.9242144177449063
2026-04-07,9.837,9.837,0.09157509157509125
2026-04-08,10.113,10.113,2.805733455321735
2026-04-09,9.908,9.908,-2.0270938396123817
2026-04-10,9.972,9.972,0.6459426725878181
2026-04-13,9.924,9.924,-0.48134777376654947
2026-04-14,10.011,10.011,0.8766626360338536
2026-04-15,10.064,10.064,0.5294176405953532
2026-04-16,10.097,10.097,0.32790143084260315
2026-04-17,10.029,10.029,-0.6734673665445112
2026-04-20,10.036,10.036,0.06979758699769967
2026-04-21,10.01,10.01,-0.2590673575129543
2026-04-22,10.004,10.004,-0.05994005994006679
2026-04-23,9.9,9.9,-1.0395841663334626
2026-04-24,9.826,9.826,-0.7474747474747412
2026-04-27,9.897,9.897,0.7225727661306802
2026-04-28,9.732,9.732,-1.6671718702637284
2026-04-29,9.637,9.637,-0.9761611179613494
2026-04-30,9.678,9.678,0.4254436027809616
2026-05-06,9.791,9.791,1.167596610870003
2026-05-07,9.909,9.909,1.2051884383617706
2026-05-08,9.88,9.88,-0.29266323544252515
2026-05-11,9.774,9.774,-1.072874493927145
2026-05-12,9.806,9.806,0.3273992224268385
2026-05-13,9.804,9.804,-0.020395676116646833
2026-05-14,9.795,9.795,-0.09179926560587415
2026-05-15,9.554,9.554,-2.4604389994895337
2026-05-18,9.513,9.513,-0.42913962738120315
2026-05-19,9.515,9.515,0.02102386208346907
2026-05-20,9.367,9.367,-1.555438780872298
2026-05-21,9.45,9.45,0.8860894630084104
2026-05-22,9.461,9.461,0.11640211640213671
2026-05-25,9.512,9.512,0.5390550681746209
2026-05-26,9.454,9.454,-0.6097560975609762
2026-05-27,9.345,9.345,-1.152951131796065
2026-05-28,9.132,9.132,-2.2792937399679025
2026-05-29,9.397,9.397,2.9018834866403997
2026-06-01,9.344,9.344,-0.5640097903586327
2026-06-02,9.41,9.41,0.7063356164383583
2026-06-03,9.281,9.281,-1.3708820403825706
2026-06-04,9.29,9.29,0.09697230901841714
2026-06-05,9.252,9.252,-0.40904198062431396
2026-06-08,8.953,8.953,-3.231733679204507
2026-06-09,9.005,9.005,0.5808109013738516
2026-06-10,8.736,8.736,-2.9872293170460917
2026-06-11,8.506,8.506,-2.6327838827838845
2026-06-12,8.659,8.659,1.7987303080178707
2026-06-15,8.928,8.928,3.1065942949532355
2026-06-16,8.949,8.949,0.23521505376342677
2026-06-17,8.957,8.957,0.08939546318025293
2026-06-18,8.908,8.908,-0.5470581667969321
2026-06-22,8.716,8.716,-2.1553659631791677
2026-06-23,8.537,8.537,-2.0536943552087905
2026-06-24,8.515,8.515,-0.25770176877123463
2026-06-25,8.287,8.287,-2.6776277157956496
2026-06-26,8.39,8.39,1.242910582840584
2026-06-29,8.449,8.449,0.703218116805715
2026-06-30,8.378,8.378,-0.8403361344537785
2026-07-01,8.271,8.271,-1.2771544521365419
2026-07-02,8.475,8.475,2.466449038810281
2026-07-03,8.672,8.672,2.324483775811226
2026-07-06,8.631,8.631,-0.4727859778597798
2026-07-07,8.597,8.597,-0.393928861082149
2026-07-08,8.589,8.589,-0.09305571711061278
2026-07-09,8.544,8.544,-0.5239259517988093
2026-07-10,8.541,8.541,-0.0351123595505598
2026-07-13,8.419,8.419,-1.4284041681301929
2026-07-14,8.373,8.373,-0.5463831809003561
2026-07-15,8.369,8.369,-0.047772602412510246
2026-07-16,8.363,8.363,-0.0716931533038645
2026-07-17,8.311,8.311,-0.6217864402726203
2026-07-20,8.318,8.318,0.08422572494284353
2026-07-21,8.468,8.468,1.8033181053137781
2026-07-22,8.56,8.56,1.0864430798299463
2026-07-23,8.56,8.56,0.0
2026-07-24,8.385,8.385,-2.044392523364491
2026-07-27,8.502,8.502,1.3953488372093092
2026-07-28,8.4,8.4,-1.199717713479187
2026-07-29,8.392,8.392,-0.09523809523810378
2026-07-30,8.36,8.36,-0.38131553860819567
2026-07-31,8.433,8.433,0.8732057416267924
2026-08-03,8.417,8.417,-0.18973081939998027
