date,open,close,high,low,vol
2004-01-02,997.000,1011.35,1021.570,993.890,8064650.000
2004-01-05,1008.280,1060.8,1060.900,1008.280,14468200.000
2004-01-06,1059.140,1075.66,1086.690,1059.090,16991300.000
2004-01-07,1075.560,1086.3,1095.840,1070.980,13729400.000
2004-01-08,1087.680,1102.66,1108.290,1082.510,10780400.000
2004-01-09,1105.770,1081.79,1115.460,1079.070,13467400.000
2004-01-12,1081.810,1116.8,1117.510,1079.770,10233900.000
2004-01-13,1120.150,1102.34,1123.660,1089.630,9837189.000
2004-01-14,1101.440,1079.72,1101.670,1076.870,7120500.000
2004-01-15,1078.530,1073.98,1088.670,1070.730,6179210.000
2004-01-16,1076.640,1083.65,1087.820,1067.850,7174170.000
2004-01-29,1086.660,1100.6,1101.030,1084.450,5791230.000
2004-01-30,1102.170,1067.55,1103.700,1066.440,7761120.000
2004-02-02,1107.490,1091.73,1116.310,1069.970,15432900.000
2004-02-03,1091.860,1102.95,1103.240,1084.390,8411110.000
2004-02-04,1104.740,1128.44,1130.140,1104.740,10535000.000
2004-02-05,1135.620,1127.9,1136.420,1118.170,9774310.000
2004-02-06,1125.490,1122.08,1139.090,1108.910,11140300.000
2004-02-09,1122.290,1134.61,1134.910,1122.280,8598300.000
2004-02-10,1137.720,1120.96,1141.990,1116.930,8662779.000
2004-02-11,1121.810,1110.06,1123.770,1100.240,9246320.000
2004-02-12,1110.830,1094.11,1122.480,1092.290,9581600.000
2004-02-13,1094.000,1096.36,1105.820,1088.860,6904820.000
2004-02-16,1098.860,1123.75,1124.350,1098.860,7623410.000
2004-02-17,1127.100,1123.62,1132.710,1121.280,8815900.000
2004-02-18,1123.700,1129.28,1136.530,1119.630,8093710.000
2004-02-19,1130.400,1122.38,1138.080,1119.670,7130800.000
2004-02-20,1122.930,1124.66,1125.370,1112.940,5988760.000
2004-02-23,1126.230,1093.14,1129.520,1092.010,8802510.000
2004-02-24,1090.250,1093.1,1095.940,1072.330,8449379.000
2004-02-25,1094.430,1070.36,1104.350,1067.130,8064050.000
2004-02-26,1068.120,1079.9,1080.230,1061.200,8100889.000
2004-02-27,1081.710,1088.72,1090.890,1079.930,7293070.000
2004-03-01,1089.650,1094.24,1095.230,1076.080,6441710.000
2004-03-02,1096.100,1093.39,1099.710,1086.720,5577319.000
2004-03-03,1093.360,1072.64,1093.740,1067.940,5214819.000
2004-03-04,1070.900,1078.35,1079.270,1061.890,4810430.000
2004-03-05,1080.340,1071.58,1083.140,1070.300,3365030.000
2004-03-08,1070.110,1057.1,1075.750,1056.040,4599850.000
2004-03-09,1057.360,1061.16,1075.220,1056.880,6918020.000
2004-03-10,1062.980,1091.1,1091.350,1062.980,6113969.000
2004-03-11,1092.740,1095.56,1102.220,1086.550,5761789.000
2004-03-12,1096.350,1099.08,1102.130,1088.440,5236100.000
2004-03-15,1100.400,1131.68,1134.280,1100.150,10252100.000
2004-03-16,1136.270,1135.57,1139.490,1127.850,7329360.000
2004-03-17,1136.450,1135.17,1139.280,1124.600,5489800.000
2004-03-18,1134.930,1111.85,1141.810,1110.320,6869800.000
2004-03-19,1110.440,1129.78,1130.260,1107.100,5885989.000
2004-03-22,1130.870,1134.79,1141.810,1126.190,5093689.000
2004-03-23,1133.990,1121.33,1134.130,1115.670,5587539.000
2004-03-24,1120.210,1115.51,1125.060,1109.330,4800139.000
2004-03-25,1114.750,1115.24,1126.190,1108.180,4609219.000
2004-03-26,1115.490,1112.78,1118.720,1105.550,5394550.000
2004-03-29,1112.280,1101.66,1115.050,1100.430,5336269.000
2004-03-30,1100.800,1101.27,1106.010,1093.120,4158680.000
2004-03-31,1102.290,1108.54,1113.740,1097.870,4247860.000
2004-04-01,1109.720,1123.44,1124.250,1108.910,4682710.000
2004-04-02,1125.360,1127.81,1133.440,1122.640,5788950.000
2004-04-05,1128.510,1118.27,1129.810,1112.290,6259750.000
2004-04-06,1117.890,1123.86,1124.020,1106.600,5545980.000
2004-04-07,1124.250,1117.44,1125.630,1116.130,4674500.000
2004-04-08,1117.120,1112.84,1118.470,1109.780,5758739.000
2004-04-09,1113.720,1088.16,1119.150,1083.330,6921970.000
2004-04-12,1082.450,1080.08,1087.480,1071.120,5021169.000
2004-04-13,1081.050,1072.73,1087.320,1070.840,4958850.000
2004-04-14,1072.200,1065.68,1074.630,1052.920,4838039.000
2004-04-15,1066.180,1055.89,1072.240,1053.080,3601200.000
2004-04-16,1056.800,1071.23,1071.550,1049.030,4437639.000
2004-04-19,1072.500,1054.74,1073.400,1052.500,4078680.000
2004-04-20,1053.440,1052.24,1059.420,1045.200,3393889.000
2004-04-21,1053.380,1043.53,1061.650,1040.370,4492800.000
2004-04-22,1042.470,1050.76,1055.210,1039.350,4135650.000
2004-04-23,1048.230,1034.41,1048.270,1032.870,3236350.000
2004-04-26,1034.040,1039.0,1041.590,1030.060,2507980.000
2004-04-27,1040.920,1031.22,1045.240,1027.610,3599319.000
2004-04-28,1028.460,1029.81,1034.910,1015.870,3733430.000
2004-04-29,1028.580,1016.51,1037.750,1015.500,4811469.000
2004-04-30,1017.640,1025.95,1029.620,1011.210,4781900.000
2004-05-10,1028.460,996.16,1031.020,993.640,2797280.000
2004-05-11,994.050,1003.9,1006.170,989.310,2133180.000
2004-05-12,1004.800,1025.02,1025.410,1001.970,3201940.000
2004-05-13,1026.670,1021.0,1026.820,1016.250,2105180.000
2004-05-14,1020.900,997.95,1021.310,994.950,2675900.000
2004-05-17,993.140,981.74,999.450,980.670,2975700.000
2004-05-18,978.300,989.21,989.500,966.060,5222880.000
2004-05-19,989.870,988.92,1001.900,981.120,3852339.000
2004-05-20,988.990,985.93,1000.270,981.280,2613290.000
2004-05-21,985.930,994.45,995.180,985.140,2583700.000
2004-05-24,995.080,991.85,997.720,989.210,2052459.000
2004-05-25,991.770,978.59,992.000,977.220,2311800.000
2004-05-26,976.520,985.0,986.940,972.410,1774619.000
2004-05-27,984.580,1003.29,1006.690,977.730,4014930.000
2004-05-28,1003.930,995.64,1005.880,994.410,2102530.000
2004-05-31,995.830,1001.19,1003.760,994.680,1787669.000
2004-06-01,1000.280,1014.17,1014.210,999.330,2904100.000
2004-06-02,1014.310,1001.69,1014.710,999.220,2656619.000
2004-06-03,1001.000,986.45,1001.140,985.100,2088330.000
2004-06-04,985.550,986.22,992.030,981.610,2090800.000
2004-06-07,984.040,973.22,984.080,967.640,2163269.000
2004-06-08,971.030,954.77,974.650,952.840,3290360.000
2004-06-09,952.190,941.3,956.680,938.960,3092359.000
2004-06-10,939.500,944.25,951.350,936.640,2851580.000
2004-06-11,947.500,942.86,961.570,941.540,2948909.000
2004-06-14,941.040,924.59,941.040,919.530,2891000.000
2004-06-15,922.930,942.68,948.280,919.960,3057259.000
2004-06-16,943.360,947.16,959.000,933.480,3362610.000
2004-06-17,946.560,926.04,948.360,924.790,2590709.000
2004-06-18,922.340,910.19,922.340,899.270,3572030.000
2004-06-21,904.950,909.05,913.910,899.220,2125600.000
2004-06-22,908.860,918.8,924.620,905.940,2503209.000
2004-06-23,918.430,912.85,918.430,905.410,2227280.000
2004-06-24,911.360,906.42,918.320,905.000,2311609.000
2004-06-25,904.470,891.79,912.880,890.220,2448650.000
2004-06-28,887.160,883.76,892.580,880.530,2246050.000
2004-06-29,885.060,901.05,901.390,877.320,3139659.000
2004-06-30,900.340,897.71,907.370,894.190,2700640.000
2004-07-01,896.380,925.0,927.620,896.010,4460069.000
2004-07-02,924.080,926.62,931.420,917.040,3160890.000
2004-07-05,925.370,928.67,928.750,919.000,3307350.000
2004-07-06,928.760,931.88,944.290,928.390,4226019.000
2004-07-07,930.680,923.86,930.740,921.240,2119080.000
2004-07-08,922.630,927.03,927.370,917.470,2079330.000
2004-07-09,927.220,923.2,936.920,922.280,2256250.000
2004-07-12,919.790,904.55,919.790,901.520,2528340.000
2004-07-13,902.270,906.97,909.930,898.080,2118869.000
2004-07-14,907.520,912.19,914.710,897.230,3050080.000
2004-07-15,912.920,925.68,926.250,909.650,4554939.000
2004-07-16,927.400,946.18,948.850,926.430,8371489.000
2004-07-19,946.340,947.42,954.160,938.690,4251250.000
2004-07-20,945.730,939.22,946.010,934.720,3715869.000
2004-07-21,937.450,940.51,943.110,932.280,2326509.000
2004-07-22,940.380,913.14,941.760,910.210,4832680.000
2004-07-23,910.210,915.04,915.990,901.760,4391589.000
2004-07-26,910.310,903.75,914.240,899.640,2626180.000
2004-07-27,902.900,903.32,909.440,896.240,2956940.000
2004-07-28,904.290,906.05,914.040,891.720,3524550.000
2004-07-29,905.670,918.79,918.860,905.540,4066010.000
2004-07-30,919.940,906.27,920.520,905.630,3201300.000
2004-08-02,901.810,900.02,905.900,897.610,1996490.000
2004-08-03,898.490,893.3,905.300,891.760,2333150.000
2004-08-04,893.060,923.02,938.230,888.790,7671839.000
2004-08-05,919.840,909.08,929.260,907.700,4403869.000
2004-08-06,908.330,911.55,920.020,904.550,3389739.000
2004-08-09,909.420,920.76,922.940,906.660,2936669.000
2004-08-10,921.700,926.54,927.930,918.080,2537300.000
2004-08-11,926.480,914.61,926.940,911.860,2506019.000
2004-08-12,909.680,907.83,909.680,899.660,2661769.000
2004-08-13,901.260,907.0,914.540,898.730,3755419.000
2004-08-16,905.520,904.01,912.120,901.450,2578840.000
2004-08-17,903.780,910.86,912.700,898.870,2079080.000
2004-08-18,910.930,911.85,922.170,910.410,2594000.000
2004-08-19,911.480,903.32,911.480,898.990,2478490.000
2004-08-20,900.850,904.83,909.520,896.700,2524750.000
2004-08-23,903.190,889.66,903.210,889.030,2073580.000
2004-08-24,887.910,897.77,900.310,883.260,2423680.000
2004-08-25,897.650,894.37,899.260,892.140,1545020.000
2004-08-26,893.450,892.1,895.650,886.430,1530229.000
2004-08-27,891.990,883.7,894.890,879.660,2079709.000
2004-08-30,880.650,882.05,884.710,876.550,1639109.000
2004-08-31,896.860,895.78,908.210,888.370,2910150.000
2004-09-01,894.620,880.54,894.620,879.400,2020119.000
2004-09-02,878.630,881.57,882.630,867.020,3159290.000
2004-09-03,882.080,879.42,884.160,875.380,1597270.000
2004-09-06,878.400,874.69,879.270,871.150,1700450.000
2004-09-07,874.100,877.77,878.860,869.870,1597379.000
2004-09-08,877.140,864.59,877.750,858.860,3834100.000
2004-09-09,862.360,848.46,862.540,847.070,2960519.000
2004-09-10,846.380,851.97,852.650,839.930,1800980.000
2004-09-13,850.220,834.1,850.220,833.090,1863480.000
2004-09-14,838.550,860.1,864.660,838.550,3962950.000
2004-09-15,862.570,892.77,905.620,859.890,8520689.000
2004-09-16,899.900,903.4,909.910,893.380,6511719.000
2004-09-17,905.570,932.32,932.820,901.650,9875810.000
2004-09-20,939.420,965.11,965.290,938.460,13134300.000
2004-09-21,967.560,955.0,967.780,947.780,9068589.000
2004-09-22,951.840,933.1,957.470,929.850,9021500.000
2004-09-23,931.670,967.32,967.760,926.370,6197819.000
2004-09-24,975.120,951.09,991.730,950.340,13635400.000
2004-09-27,964.020,946.14,971.350,940.370,6380100.000
2004-09-28,948.180,947.77,954.100,937.300,4336169.000
2004-09-29,948.510,936.46,950.990,934.950,3887719.000
2004-09-30,936.380,924.35,938.690,920.540,4317369.000
2004-10-08,922.800,936.01,936.240,904.980,4731580.000
2004-10-11,936.480,923.22,938.640,920.600,6302680.000
2004-10-12,920.780,902.72,921.420,900.190,5108730.000
2004-10-13,901.270,901.97,909.130,894.670,4251089.000
2004-10-14,902.470,876.82,903.480,874.700,4972230.000
2004-10-15,873.760,879.72,884.780,867.300,4002419.000
2004-10-18,880.270,882.66,887.640,869.040,2558550.000
2004-10-19,885.380,884.93,901.290,882.850,3456119.000
2004-10-20,884.540,879.39,884.540,867.600,3347710.000
2004-10-21,879.660,864.31,885.560,861.610,6055730.000
2004-10-22,864.380,878.74,881.190,858.600,5223960.000
2004-10-25,886.050,865.65,893.110,864.420,5931400.000
2004-10-26,864.430,875.85,875.960,851.450,5815650.000
2004-10-27,876.980,884.85,885.100,866.560,7450789.000
2004-10-28,885.410,882.91,892.780,879.470,5923450.000
2004-10-29,867.570,870.79,881.240,860.680,6156769.000
2004-11-01,869.170,862.83,875.430,862.420,3896210.000
2004-11-02,861.960,862.25,865.190,853.390,3505450.000
2004-11-03,864.360,877.53,879.060,862.050,4218239.000
2004-11-04,877.760,860.81,885.610,858.140,4641810.000
2004-11-05,864.710,862.26,870.060,857.460,3029200.000
2004-11-08,860.630,864.34,866.150,853.310,1998290.000
2004-11-09,864.890,864.57,871.220,860.280,1788280.000
2004-11-10,867.100,897.77,904.270,860.960,8588039.000
2004-11-11,900.340,894.11,914.360,893.300,8506179.000
2004-11-12,893.170,898.17,902.980,890.350,4457510.000
2004-11-15,900.660,906.98,909.550,899.620,3977230.000
2004-11-16,908.490,906.73,911.100,901.110,3617669.000
2004-11-17,906.300,896.1,906.880,892.930,2814600.000
2004-11-18,894.320,900.82,901.220,893.480,2569919.000
2004-11-19,902.480,906.99,907.570,898.240,3370419.000
2004-11-22,907.050,905.84,910.050,901.670,3468380.000
2004-11-23,905.790,893.28,905.790,892.650,3242430.000
2004-11-24,893.390,889.12,902.690,888.210,3688189.000
2004-11-25,889.430,890.78,893.890,883.690,3499110.000
2004-11-26,890.380,889.08,893.460,888.210,2130380.000
2004-11-29,887.760,879.26,889.290,877.980,2315850.000
2004-11-30,878.350,879.31,882.500,875.890,2094159.000
2004-12-01,880.070,875.4,881.770,874.660,1909959.000
2004-12-02,874.880,871.12,875.050,865.130,3010869.000
2004-12-03,870.570,871.56,878.270,869.570,2335740.000
2004-12-06,872.280,875.0,877.900,865.960,1828540.000
2004-12-07,875.440,868.29,878.190,867.730,2164090.000
2004-12-08,874.600,868.9,878.490,867.070,2037740.000
2004-12-09,869.010,878.72,890.500,861.820,5684880.000
2004-12-10,877.160,868.43,881.450,867.740,2988530.000
2004-12-13,864.350,865.76,867.740,859.000,2270800.000
2004-12-14,865.380,862.06,870.080,860.350,2560080.000
2004-12-15,862.260,867.6,872.110,854.850,3944489.000
2004-12-16,867.380,867.0,875.760,861.170,3414480.000
2004-12-17,865.520,857.25,866.040,855.630,2360690.000
2004-12-20,853.000,845.68,853.160,842.720,2791119.000
2004-12-21,847.350,845.38,855.080,842.650,2644309.000
2004-12-22,848.160,865.08,865.170,842.320,5298280.000
2004-12-23,865.320,850.7,865.320,850.030,2359380.000
2004-12-24,848.570,851.78,856.490,848.080,2457730.000
2004-12-27,851.780,848.19,859.090,846.020,3169630.000
2004-12-28,849.420,848.63,852.660,843.620,2893509.000
2004-12-29,847.880,843.78,854.330,842.270,3604330.000
2004-12-30,842.360,843.53,848.160,837.210,3582310.000
2004-12-31,846.120,842.73,850.850,841.700,2978719.000
2005-01-04,836.990,827.07,836.990,824.010,4031700.000
2005-01-05,825.710,831.43,836.430,822.970,3020859.000
2005-01-06,831.990,822.5,833.070,820.340,2753569.000
2005-01-07,822.670,823.62,832.950,819.440,3066090.000
2005-01-10,823.770,832.99,833.650,821.000,2479409.000
2005-01-11,833.210,837.86,839.690,831.380,2450100.000
2005-01-12,837.360,837.24,837.800,831.180,1632750.000
2005-01-13,836.170,834.22,838.190,833.100,2096690.000
2005-01-14,834.350,829.04,845.550,828.050,3627089.000
2005-01-17,821.190,811.55,825.540,810.000,3252219.000
2005-01-18,811.320,817.31,817.690,805.370,3719260.000
2005-01-19,816.640,810.99,817.160,809.490,3297550.000
2005-01-20,807.400,805.08,810.870,801.070,3649389.000
2005-01-21,803.090,831.85,835.240,798.350,7407810.000
2005-01-24,847.070,842.41,851.240,831.080,6486119.000
2005-01-25,839.720,841.64,842.190,832.090,4119280.000
2005-01-26,840.820,834.67,844.070,833.640,3018080.000
2005-01-27,831.830,821.71,833.750,820.930,3029540.000
2005-01-28,819.660,820.69,822.820,816.540,2339919.000
2005-01-31,817.930,813.75,819.350,810.720,2588409.000
2005-02-01,812.560,817.87,824.110,812.150,2732300.000
2005-02-02,819.240,860.5,860.880,819.240,7774029.000
2005-02-03,856.770,848.49,867.200,846.410,7120289.000
2005-02-04,847.620,872.88,877.390,845.450,7331550.000
2005-02-16,877.970,875.46,884.990,871.380,5056839.000
2005-02-17,876.640,870.09,876.640,861.450,3634850.000
2005-02-18,869.400,856.21,870.530,855.420,3521319.000
2005-02-21,856.950,874.02,874.100,856.950,4329100.000
2005-02-22,874.950,887.07,889.980,870.590,6674489.000
2005-02-23,886.670,877.91,886.670,872.560,7459589.000
2005-02-24,875.730,877.34,878.140,870.040,5475889.000
2005-02-25,878.220,878.5,888.790,877.100,6543360.000
2005-02-28,878.550,868.89,878.660,864.650,4847489.000
2005-03-01,868.370,866.26,871.420,863.490,3179950.000
2005-03-02,866.080,855.88,875.070,855.280,5951919.000
2005-03-03,854.790,861.69,863.100,851.430,3339210.000
2005-03-04,862.110,859.49,866.580,858.130,2983019.000
2005-03-07,859.660,863.7,865.530,859.520,2797009.000
2005-03-08,867.830,876.34,876.880,863.600,5257460.000
2005-03-09,878.360,869.4,880.490,867.070,6973989.000
2005-03-10,869.020,851.53,869.100,850.040,5591639.000
2005-03-11,850.910,853.9,857.270,847.810,4661689.000
2005-03-14,853.350,857.61,865.820,844.180,5537530.000
2005-03-15,857.340,840.96,857.620,839.450,4667619.000
2005-03-16,839.600,832.82,840.590,829.400,3904400.000
2005-03-17,833.710,826.68,835.690,826.160,3483100.000
2005-03-18,826.060,821.03,830.200,818.800,3402969.000
2005-03-21,820.420,823.13,825.850,818.270,2710830.000
2005-03-22,822.610,808.1,823.220,805.510,4212960.000
2005-03-23,806.400,801.98,812.280,798.010,4033780.000
2005-03-24,800.800,808.18,808.870,795.840,3680110.000
2005-03-25,807.650,806.42,810.450,802.610,2741209.000
2005-03-28,805.410,805.56,805.910,795.460,2199640.000
2005-03-29,805.480,802.74,812.330,802.130,2791490.000
2005-03-30,800.960,790.58,800.960,790.190,3389530.000
2005-03-31,788.010,795.67,795.790,783.980,3299889.000
2005-04-01,794.950,822.91,834.560,791.100,7201379.000
2005-04-04,814.590,808.59,818.800,805.850,4581910.000
2005-04-05,806.510,801.89,813.880,800.090,4022180.000
2005-04-06,800.890,816.88,820.860,796.360,5417600.000
2005-04-07,819.030,824.61,840.370,815.220,8194270.000
2005-04-08,824.320,838.06,838.510,818.900,4854739.000
2005-04-11,838.290,830.91,841.640,827.800,5495110.000
2005-04-12,828.410,818.47,830.280,817.890,3213690.000
2005-04-13,826.910,835.63,842.480,826.910,5734969.000
2005-04-14,840.240,826.01,841.170,825.380,4631110.000
2005-04-15,822.130,817.09,822.130,814.980,3656980.000
2005-04-18,814.550,806.39,815.470,803.230,3618389.000
2005-04-19,805.520,809.36,811.070,802.590,3609089.000
2005-04-20,808.620,798.52,808.620,793.900,2911890.000
2005-04-21,796.120,793.45,803.410,790.100,3720089.000
2005-04-22,792.200,794.82,800.160,791.640,3721830.000
2005-04-25,792.940,790.75,794.460,783.600,4026410.000
2005-04-26,789.890,792.3,797.700,784.930,3810019.000
2005-04-27,790.470,782.43,791.220,781.950,4126600.000
2005-04-28,779.700,793.88,797.740,773.380,5350780.000
2005-04-29,793.450,789.73,798.210,786.390,4109539.000
2005-05-09,790.830,775.32,795.090,775.320,3032140.000
2005-05-10,772.610,779.1,780.080,764.850,4223889.000
2005-05-11,778.280,771.59,782.210,770.090,3105300.000
2005-05-12,770.820,753.88,771.570,753.570,4285750.000
2005-05-13,752.320,757.3,768.400,749.840,4818310.000
2005-05-16,754.780,747.87,756.620,742.410,3262009.000
2005-05-17,745.850,750.71,757.880,741.830,3157600.000
2005-05-18,751.560,752.66,760.530,743.900,2943059.000
2005-05-19,752.980,754.78,757.740,742.780,3475080.000
2005-05-20,754.160,753.07,760.020,749.710,2956330.000
2005-05-23,749.830,737.74,749.830,736.470,2602150.000
2005-05-24,734.530,737.35,740.230,726.270,3870230.000
2005-05-25,737.120,737.54,744.520,731.720,2507119.000
2005-05-26,737.100,728.7,741.350,727.240,2354869.000
2005-05-27,726.940,724.52,736.160,723.320,3337230.000
2005-05-30,723.100,729.07,731.860,717.820,2508440.000
2005-05-31,729.890,731.0,737.940,728.450,2920559.000
2005-06-01,730.120,719.03,735.560,717.680,2999509.000
2005-06-02,716.800,701.37,718.510,697.020,4256310.000
2005-06-03,699.420,700.43,706.880,693.550,3341610.000
2005-06-06,699.270,717.21,717.280,693.530,3560219.000
2005-06-07,718.400,713.62,731.750,712.140,4671380.000
2005-06-08,729.800,772.13,775.000,720.400,14244800.000
2005-06-09,774.300,778.58,790.390,762.370,14480800.000
2005-06-10,777.980,766.66,777.980,761.980,10095500.000
2005-06-13,762.000,759.92,765.600,747.420,6756939.000
2005-06-14,761.980,754.55,772.860,753.850,6257419.000
2005-06-15,752.300,745.22,754.460,743.550,4724389.000
2005-06-16,745.200,757.39,757.870,742.960,5083839.000
2005-06-17,761.090,762.18,765.330,756.190,6396260.000
2005-06-20,764.100,780.29,781.810,759.340,8045939.000
2005-06-21,779.890,770.29,779.890,769.310,4617269.000
2005-06-22,768.020,774.15,774.530,766.030,4022900.000
2005-06-23,773.580,768.33,776.210,767.750,3173400.000
2005-06-24,766.600,772.32,772.700,764.420,3815350.000
2005-06-27,776.600,782.38,786.480,776.600,6072550.000
2005-06-28,779.680,775.63,779.680,773.380,3609530.000
2005-06-29,782.570,772.02,782.880,771.420,5250680.000
2005-06-30,770.960,758.72,770.960,755.890,4295350.000
2005-07-01,756.240,748.05,756.240,746.740,3281980.000
2005-07-04,744.290,747.09,747.670,738.320,2952030.000
2005-07-05,743.720,741.21,745.980,736.240,3806800.000
2005-07-06,742.140,734.77,744.080,732.470,2857619.000
2005-07-07,733.870,735.55,739.210,731.650,2444909.000
2005-07-08,733.930,727.56,733.930,725.370,2627790.000
2005-07-11,734.720,726.91,744.930,725.580,3297889.000
2005-07-12,724.160,753.06,756.250,721.850,7264520.000
2005-07-13,751.890,748.55,754.100,745.840,3964950.000
2005-07-14,746.670,753.64,759.270,745.070,4195500.000
2005-07-15,752.860,748.52,757.790,744.930,3338830.000
2005-07-18,746.770,746.92,750.760,743.130,2937650.000
2005-07-19,745.290,747.48,752.140,743.540,3156550.000
2005-07-20,747.590,753.55,755.660,744.990,3900030.000
2005-07-21,753.450,756.98,757.380,750.740,3574119.000
2005-07-22,761.120,768.72,774.800,756.330,10027400.000
2005-07-25,767.300,764.65,770.330,764.160,4065980.000
2005-07-26,764.600,780.75,785.240,764.600,9982260.000
2005-07-27,781.080,792.49,792.740,780.450,7873260.000
2005-07-28,792.550,789.85,797.400,787.860,7084350.000
2005-07-29,788.740,788.63,792.450,785.780,5635019.000
2005-08-01,788.220,790.0,796.520,786.880,4227430.000
2005-08-02,790.310,797.35,797.530,787.820,4606460.000
2005-08-03,798.390,797.74,805.120,797.050,7745970.000
2005-08-04,796.070,795.15,798.530,792.620,4620919.000
2005-08-05,798.200,812.33,812.660,797.880,6853860.000
2005-08-08,814.120,812.72,818.980,811.360,6508900.000
2005-08-09,811.900,814.61,815.120,806.510,5508800.000
2005-08-10,814.670,822.16,822.240,812.880,7003220.000
2005-08-11,822.570,832.24,832.890,821.710,9549260.000
2005-08-12,833.960,822.33,834.980,817.790,10085200.000
2005-08-15,832.150,839.51,839.870,826.460,9933650.000
2005-08-16,840.070,828.23,842.840,824.450,8278170.000
2005-08-17,828.220,833.84,834.030,817.850,7151729.000
2005-08-18,841.700,814.29,843.320,812.010,15465800.000
2005-08-19,813.110,817.68,820.780,809.220,8313829.000
2005-08-22,819.360,823.08,824.770,814.640,8259900.000
2005-08-23,823.200,818.05,823.450,811.140,6462630.000
2005-08-24,818.190,825.45,830.540,818.190,7428820.000
2005-08-25,825.550,823.58,828.740,816.440,6891050.000
2005-08-26,823.760,822.2,825.000,817.870,5969519.000
2005-08-29,821.790,811.31,822.490,808.490,5781239.000
2005-08-30,809.980,809.06,814.560,807.440,4130860.000
2005-08-31,809.550,816.76,817.510,806.580,3929369.000
2005-09-01,817.230,827.9,828.970,814.600,6638050.000
2005-09-02,829.240,829.46,831.660,825.680,5531769.000
2005-09-05,829.770,829.34,832.450,823.360,5762089.000
2005-09-06,829.550,815.75,830.050,815.150,6135589.000
2005-09-07,815.030,825.12,825.600,812.990,5939639.000
2005-09-08,826.650,827.12,830.670,822.120,7123560.000
2005-09-09,827.000,823.64,832.120,820.940,5484769.000
2005-09-12,824.440,821.98,826.050,818.970,3894780.000
2005-09-13,821.540,829.92,830.340,819.600,5185630.000
2005-09-14,831.190,834.01,834.270,828.160,6734939.000
2005-09-15,834.440,833.51,835.000,831.060,5019060.000
2005-09-16,833.560,830.62,834.970,828.640,4267719.000
2005-09-19,831.040,831.57,832.570,828.220,4474210.000
2005-09-20,832.220,827.27,833.100,824.090,5807450.000
2005-09-21,827.010,811.14,827.010,810.110,6779820.000
2005-09-22,808.890,796.94,809.350,789.940,6373339.000
2005-09-23,796.090,793.16,800.680,791.510,3681380.000
2005-09-26,793.310,793.73,796.470,790.440,3266690.000
2005-09-27,793.710,782.23,796.370,781.130,3995389.000
2005-09-28,781.730,783.0,787.860,780.770,3096059.000
2005-09-29,784.150,792.25,792.710,784.150,4611850.000
2005-09-30,792.790,793.65,794.940,789.690,2782930.000
2005-10-10,792.760,787.75,793.810,787.040,2241969.000
2005-10-11,787.270,796.07,796.380,785.740,2204380.000
2005-10-12,796.040,795.32,797.970,791.730,3957830.000
2005-10-13,795.050,788.36,797.590,787.820,3626510.000
2005-10-14,788.400,777.49,790.790,775.310,3195980.000
2005-10-17,776.260,769.32,777.240,765.710,3912250.000
2005-10-18,769.570,771.45,773.780,767.140,4581330.000
2005-10-19,771.040,769.68,777.750,767.650,3790930.000
2005-10-20,768.620,773.68,774.050,764.430,3470600.000
2005-10-21,773.520,774.06,777.860,770.810,4146280.000
2005-10-24,774.580,771.15,774.580,767.040,5040260.000
2005-10-25,771.020,765.03,771.370,763.790,4252180.000
2005-10-26,763.120,749.12,763.120,747.000,5422569.000
2005-10-27,747.510,751.26,753.730,744.080,5380310.000
2005-10-28,751.210,749.96,756.160,742.230,5045930.000
2005-10-31,749.190,759.24,761.790,747.730,4863889.000
2005-11-01,758.270,757.05,759.530,748.720,3423569.000
2005-11-02,757.930,762.94,768.100,757.930,4612660.000
2005-11-03,763.060,755.78,767.120,753.530,4956630.000
2005-11-04,755.540,758.92,760.340,753.550,3337210.000
2005-11-07,758.450,754.2,758.730,749.210,2738300.000
2005-11-08,753.320,758.32,759.670,749.390,3538180.000
2005-11-09,758.510,756.17,763.740,755.300,4684700.000
2005-11-10,756.210,746.35,756.560,745.050,3901460.000
2005-11-11,745.170,746.45,748.520,740.090,3132109.000
2005-11-14,746.060,743.34,746.990,740.980,1909159.000
2005-11-15,743.370,739.23,748.550,737.440,2856559.000
2005-11-16,739.070,744.14,744.170,733.030,3101619.000
2005-11-17,743.800,743.8,745.970,739.580,2918400.000
2005-11-18,743.930,760.57,765.040,743.300,6702010.000
2005-11-21,758.230,758.55,760.820,754.980,4651110.000
2005-11-22,758.420,747.31,758.420,747.260,4910250.000
2005-11-23,746.400,754.16,755.530,744.410,5223610.000
2005-11-24,753.430,761.66,765.620,752.710,7838339.000
2005-11-25,761.550,766.68,766.790,758.460,7782029.000
2005-11-28,765.270,762.91,770.840,760.210,5273200.000
2005-11-29,761.920,755.29,763.100,753.920,4527580.000
2005-11-30,754.490,759.63,759.960,751.900,4132639.000
2005-12-01,759.350,758.94,763.650,756.530,3244930.000
2005-12-02,758.690,757.02,762.600,753.380,3821219.000
2005-12-05,756.040,751.35,756.070,750.180,3803360.000
2005-12-06,750.160,760.2,762.000,748.010,5008980.000
2005-12-07,760.010,767.54,767.710,758.670,4593750.000
2005-12-08,767.780,765.55,772.740,762.460,4112510.000
2005-12-09,765.250,777.03,777.650,762.990,5037539.000
2005-12-12,776.190,774.71,777.460,772.610,3465480.000
2005-12-13,774.060,773.59,774.800,767.610,3729900.000
2005-12-14,773.040,778.49,780.690,768.630,5053780.000
2005-12-15,778.470,778.23,784.170,777.100,6170660.000
2005-12-16,777.930,782.04,782.860,776.010,4213600.000
2005-12-19,781.930,781.8,783.480,777.860,3496180.000
2005-12-20,781.500,787.23,787.230,779.900,3923969.000
2005-12-21,787.060,783.98,791.640,783.040,3920169.000
2005-12-22,783.160,787.39,788.450,781.940,3084030.000
2005-12-23,788.100,791.44,791.650,786.770,4344150.000
2005-12-26,791.390,795.56,798.340,790.980,5825369.000
2005-12-27,796.660,792.16,797.020,790.400,4880139.000
2005-12-28,792.090,793.54,793.650,787.870,5256189.000
2005-12-29,793.320,801.9,802.100,793.120,6946289.000
2005-12-30,804.060,796.4,804.610,793.770,7204529.000
2006-01-04,801.410,812.6,812.840,800.210,9973070.000
2006-01-05,815.470,827.84,829.090,813.250,11536300.000
2006-01-06,828.880,836.9,842.690,824.530,12112500.000
2006-01-09,837.760,838.29,841.130,832.330,9037870.000
2006-01-10,837.940,838.56,838.850,826.970,8754120.000
2006-01-11,837.970,832.28,842.060,829.320,9125050.000
2006-01-12,830.690,836.58,837.970,827.500,6447280.000
2006-01-13,838.380,831.14,840.680,828.340,6744539.000
2006-01-16,830.480,814.89,830.480,814.570,6985720.000
2006-01-17,813.880,818.35,819.950,813.120,5350480.000
2006-01-18,818.030,835.15,836.210,817.540,7434489.000
2006-01-19,835.930,840.59,842.740,830.580,8913610.000
2006-01-20,840.090,840.38,844.430,836.680,8711860.000
2006-01-23,840.960,840.13,843.090,835.670,7109689.000
2006-01-24,841.730,838.46,843.780,834.750,7490150.000
2006-01-25,838.200,846.99,847.160,837.470,6843000.000
2006-02-06,849.510,861.07,861.430,849.370,9209660.000
2006-02-07,861.670,856.67,863.960,848.490,11633900.000
2006-02-08,856.940,862.58,863.450,854.170,11398800.000
2006-02-09,862.050,850.8,862.050,848.780,8617229.000
2006-02-10,850.930,859.97,860.300,848.430,6805960.000
2006-02-13,862.490,859.6,863.210,852.590,6257760.000
2006-02-14,859.970,862.65,863.070,857.160,4738600.000
2006-02-15,865.220,868.02,872.410,864.770,9490850.000
2006-02-16,869.130,856.05,869.130,854.080,9145739.000
2006-02-17,855.700,857.99,864.620,853.150,6883400.000
2006-02-20,858.650,857.97,865.690,856.760,5706000.000
2006-02-21,857.650,872.57,872.740,854.360,9334670.000
2006-02-22,873.370,870.1,878.220,868.160,10030000.000
2006-02-23,870.510,877.65,877.900,866.760,6490819.000
2006-02-24,878.110,882.78,883.020,877.400,6475500.000
2006-02-27,893.210,887.62,894.830,886.830,10980100.000
2006-02-28,886.790,892.9,893.490,874.690,7542239.000
2006-03-01,893.490,895.63,897.100,891.210,7280150.000
2006-03-02,890.670,876.62,891.770,873.270,9098950.000
2006-03-03,876.430,880.37,880.830,869.840,8416670.000
2006-03-06,880.110,879.33,884.210,876.620,7692510.000
2006-03-07,879.290,861.86,879.330,860.450,7378370.000
2006-03-08,860.120,859.32,862.100,852.230,6754089.000
2006-03-09,856.310,853.38,859.940,852.090,4513319.000
2006-03-10,853.940,857.14,860.490,853.480,4201119.000
2006-03-13,857.210,863.68,864.950,856.740,4042030.000
2006-03-14,864.450,860.87,866.020,855.820,4275560.000
2006-03-15,860.700,868.32,868.580,859.810,5019330.000
2006-03-16,868.070,865.72,869.100,864.500,5212410.000
2006-03-17,865.240,863.27,866.940,859.300,5156160.000
2006-03-20,863.560,875.13,875.550,858.960,5837750.000
2006-03-21,875.020,875.23,881.280,872.890,6195650.000
2006-03-22,875.100,875.82,876.520,869.650,5030650.000
2006-03-23,875.340,875.11,875.920,869.080,6528489.000
2006-03-24,874.710,869.44,876.520,867.920,6442289.000
2006-03-27,869.540,872.56,872.560,864.390,5923460.000
2006-03-28,872.760,874.77,877.290,871.390,6384210.000
2006-03-29,879.920,885.29,891.020,878.750,11032500.000
2006-03-30,885.150,877.78,889.370,877.410,7282050.000
2006-03-31,876.270,878.37,879.550,873.590,6696750.000
2006-04-03,879.540,891.56,891.600,879.540,7806570.000
2006-04-04,892.400,900.84,901.040,890.910,9608060.000
2006-04-05,901.670,906.3,908.070,900.670,9560870.000
2006-04-06,907.150,901.65,910.540,900.360,9776179.000
2006-04-07,901.480,897.31,903.170,891.390,9004839.000
2006-04-10,898.010,909.28,909.530,896.140,8680729.000
2006-04-11,909.910,912.39,916.270,906.150,10126000.000
2006-04-12,912.680,908.95,914.100,907.810,7866850.000
2006-04-13,908.250,892.13,911.470,891.540,8967079.000
2006-04-14,889.760,910.63,910.820,889.760,10547200.000
2006-04-17,915.530,921.21,924.960,908.710,14029500.000
2006-04-18,924.930,927.48,931.960,916.760,11034000.000
2006-04-19,932.470,930.83,937.040,922.810,12514300.000
2006-04-20,931.440,922.05,934.450,916.940,12381200.000
2006-04-21,921.860,939.87,942.230,919.460,13881600.000
2006-04-24,949.670,940.9,955.870,933.850,16392600.000
2006-04-25,938.240,931.32,938.360,924.450,10992000.000
2006-04-26,930.680,948.21,950.290,928.910,13142000.000
2006-04-27,949.490,943.34,953.390,939.050,9250960.000
2006-04-28,939.500,964.45,966.320,934.060,14808000.000
2006-05-08,968.920,996.23,996.910,968.920,16147500.000
2006-05-09,999.110,1017.62,1019.640,995.260,18431300.000
2006-05-10,1021.320,1023.0,1029.410,1008.490,15722200.000
2006-05-11,1022.240,1012.9,1042.780,1012.560,17647400.000
2006-05-12,1015.390,1050.96,1051.120,1012.270,18021300.000
2006-05-15,1059.770,1086.0,1086.350,1049.940,23833000.000
2006-05-16,1096.240,1079.7,1117.430,1068.720,25634700.000
2006-05-17,1079.360,1080.96,1097.200,1058.800,17464000.000
2006-05-18,1069.440,1068.2,1076.430,1046.890,15469600.000
2006-05-19,1072.160,1096.21,1101.620,1068.370,27811600.000
2006-05-22,1096.450,1095.57,1107.660,1089.420,23671700.000
2006-05-23,1088.070,1058.99,1088.070,1055.160,21213400.000
2006-05-24,1062.890,1055.81,1081.430,1035.450,16788900.000
2006-05-25,1056.550,1050.7,1060.840,1034.220,11440600.000
2006-05-26,1053.580,1064.13,1065.280,1049.290,12726500.000
2006-05-29,1069.880,1090.57,1090.590,1063.230,14196900.000
2006-05-30,1098.460,1092.25,1099.660,1083.470,12737400.000
2006-05-31,1091.390,1078.86,1093.680,1070.900,13154200.000
2006-06-01,1076.790,1106.23,1107.180,1073.490,16576800.000
2006-06-02,1110.190,1097.51,1113.950,1090.790,18869600.000
2006-06-05,1097.530,1102.9,1103.240,1072.850,18346300.000
2006-06-06,1101.540,1100.56,1114.250,1093.730,15331500.000
2006-06-07,1102.150,1046.42,1102.150,1045.170,19081300.000
2006-06-08,1039.230,1057.08,1059.990,1026.320,15775900.000
2006-06-09,1053.370,1031.46,1058.550,1030.570,11750200.000
2006-06-12,1024.270,1034.68,1045.520,1017.840,8794629.000
2006-06-13,1035.230,1032.62,1045.440,1023.790,8011610.000
2006-06-14,1027.190,1022.12,1027.190,1011.900,7718400.000
2006-06-15,1022.550,1021.99,1033.820,1018.880,5583160.000
2006-06-16,1025.420,1047.33,1047.460,1025.420,8344289.000
2006-06-19,1036.970,1056.64,1061.480,1027.560,9085139.000
2006-06-20,1055.670,1060.54,1062.230,1049.010,8616450.000
2006-06-21,1060.540,1056.5,1067.860,1043.740,10196600.000
2006-06-22,1054.240,1057.23,1066.230,1051.990,7973820.000
2006-06-23,1056.230,1061.41,1064.120,1048.300,7213339.000
2006-06-26,1063.090,1083.05,1084.350,1063.090,9680950.000
2006-06-27,1084.830,1081.13,1088.840,1075.170,7215450.000
2006-06-28,1080.010,1080.61,1083.770,1073.190,6835039.000
2006-06-29,1082.510,1105.05,1105.340,1082.510,13225200.000
2006-06-30,1110.570,1102.7,1117.050,1096.350,11884500.000
2006-07-03,1108.030,1125.36,1125.700,1104.730,14159900.000
2006-07-04,1128.080,1115.17,1129.540,1106.740,13715500.000
2006-07-05,1114.560,1092.82,1114.560,1082.710,10990500.000
2006-07-06,1091.440,1109.83,1110.170,1090.230,9207779.000
2006-07-07,1112.130,1099.06,1114.640,1094.970,9623210.000
2006-07-10,1098.770,1098.81,1101.380,1089.360,7691870.000
2006-07-11,1100.480,1101.82,1102.780,1092.610,7506700.000
2006-07-12,1102.800,1100.59,1106.660,1096.620,9164660.000
2006-07-13,1098.450,1051.98,1099.210,1049.590,14433400.000
2006-07-14,1043.760,1059.26,1067.330,1038.470,9260279.000
2006-07-17,1057.240,1067.53,1068.570,1051.030,6966729.000
2006-07-18,1067.420,1064.75,1067.420,1056.850,6276950.000
2006-07-19,1063.160,1040.59,1063.530,1036.420,7600510.000
2006-07-20,1039.230,1046.99,1048.170,1034.740,5479110.000
2006-07-21,1047.450,1056.63,1057.310,1047.240,6203989.000
2006-07-24,1044.860,1058.07,1059.720,1037.340,6209880.000
2006-07-25,1059.670,1068.11,1071.940,1059.670,6845689.000
2006-07-26,1070.260,1069.44,1073.640,1063.970,6010410.000
2006-07-27,1068.420,1060.58,1077.080,1055.070,8109239.000
2006-07-28,1060.110,1050.64,1062.480,1041.830,6451300.000
2006-07-31,1049.690,1020.54,1049.690,1019.460,7406089.000
2006-08-01,1018.680,1011.15,1025.660,1009.370,5747450.000
2006-08-02,1011.160,1007.6,1016.690,997.020,6474219.000
2006-08-03,1009.500,1008.18,1013.130,999.360,4820819.000
2006-08-04,1009.360,990.83,1015.140,988.860,5747010.000
2006-08-07,984.260,978.09,992.220,974.840,5570510.000
2006-08-08,977.840,994.54,995.000,977.840,5327039.000
2006-08-09,996.450,993.66,999.920,990.210,4445289.000
2006-08-10,993.460,1011.64,1011.920,993.340,7438689.000
2006-08-11,1011.270,1011.64,1015.410,1005.720,5242410.000
2006-08-14,1011.970,992.45,1016.710,988.990,5836060.000
2006-08-15,990.540,1007.8,1008.180,989.580,5094589.000
2006-08-16,1008.470,1018.89,1018.910,1004.280,7685410.000
2006-08-17,1016.180,1009.31,1016.180,1004.410,5144130.000
2006-08-18,1010.720,1008.05,1018.290,1006.040,5325819.000
2006-08-21,986.450,1008.31,1008.560,982.900,4862400.000
2006-08-22,1008.160,1018.51,1023.690,1008.010,5956730.000
2006-08-23,1017.460,1021.87,1028.090,1017.460,6932729.000
2006-08-24,1021.930,1028.24,1028.550,1014.170,5267039.000
2006-08-25,1029.720,1028.29,1033.820,1027.030,5971569.000
2006-08-28,1030.980,1048.85,1049.350,1030.820,8552670.000
2006-08-29,1050.310,1049.64,1060.610,1048.160,10047100.000
2006-08-30,1047.560,1048.78,1051.730,1041.420,5774810.000
2006-08-31,1049.120,1048.58,1053.520,1044.460,6831950.000
2006-09-01,1047.810,1033.74,1049.690,1032.710,7925550.000
2006-09-04,1032.640,1046.14,1046.320,1032.530,6124969.000
2006-09-05,1048.060,1052.17,1056.810,1045.380,9079960.000
2006-09-06,1052.910,1056.26,1057.140,1047.320,6877360.000
2006-09-07,1059.120,1045.15,1059.150,1041.680,8152389.000
2006-09-08,1045.150,1050.8,1051.180,1042.470,5920800.000
2006-09-11,1051.750,1057.85,1058.000,1045.180,7625070.000
2006-09-12,1058.310,1066.82,1070.020,1056.960,12658500.000
2006-09-13,1068.420,1069.01,1084.210,1067.790,16649100.000
2006-09-14,1071.130,1070.11,1077.870,1060.170,9425339.000
2006-09-15,1070.390,1094.15,1094.820,1070.390,20120900.000
2006-09-18,1098.610,1096.47,1102.670,1091.990,13654700.000
2006-09-19,1098.310,1101.96,1108.720,1095.480,9598100.000
2006-09-20,1100.270,1098.93,1101.830,1090.450,8725589.000
2006-09-21,1098.770,1106.87,1109.920,1098.770,10167000.000
2006-09-22,1110.330,1094.18,1116.260,1093.390,11494100.000
2006-09-25,1092.410,1091.72,1099.450,1082.470,9634929.000
2006-09-26,1090.850,1077.3,1091.460,1072.320,7305079.000
2006-09-27,1076.490,1088.75,1089.480,1076.190,5831210.000
2006-09-28,1089.620,1101.97,1102.610,1085.760,7916429.000
2006-09-29,1103.520,1115.72,1117.570,1103.420,9916400.000
2006-10-09,1134.400,1151.43,1151.710,1131.350,18422800.000
2006-10-10,1152.150,1152.24,1160.620,1144.990,15935100.000
2006-10-11,1151.950,1152.41,1155.910,1139.860,12913200.000
2006-10-12,1153.030,1147.23,1158.850,1144.230,14304400.000
2006-10-13,1145.830,1149.58,1155.690,1142.370,11384000.000
2006-10-16,1150.830,1135.48,1152.540,1133.110,10143000.000
2006-10-17,1132.230,1125.44,1138.480,1122.220,8172170.000
2006-10-18,1124.720,1146.93,1147.150,1124.160,8364660.000
2006-10-19,1148.710,1148.41,1154.800,1144.350,8278639.000
2006-10-20,1149.930,1152.31,1161.300,1149.100,9129229.000
2006-10-23,1151.390,1132.69,1157.950,1130.210,10682700.000
2006-10-24,1132.130,1159.13,1159.420,1132.130,10350200.000
2006-10-25,1161.280,1166.25,1180.480,1157.340,13683000.000
2006-10-26,1166.180,1178.08,1178.630,1157.300,21541700.000
2006-10-27,1178.080,1164.57,1181.060,1160.340,19219300.000
2006-10-30,1163.180,1175.8,1176.760,1160.240,15302400.000
2006-10-31,1177.980,1193.84,1194.170,1177.980,16473400.000
2006-11-01,1194.640,1211.55,1211.810,1191.880,17245500.000
2006-11-02,1213.180,1208.27,1214.140,1197.260,19052500.000
2006-11-03,1211.450,1219.0,1227.780,1209.260,18679800.000
2006-11-06,1210.060,1245.69,1245.990,1205.580,18865500.000
2006-11-07,1252.020,1258.65,1259.290,1235.450,18091600.000
2006-11-08,1253.470,1241.44,1255.400,1240.310,12513100.000
2006-11-09,1234.560,1268.33,1273.260,1232.780,16426900.000
2006-11-10,1267.140,1262.53,1293.350,1251.900,31014900.000
2006-11-13,1259.100,1245.83,1274.930,1237.260,21533000.000
2006-11-14,1246.450,1262.16,1263.730,1227.620,18882900.000
2006-11-15,1263.350,1293.25,1293.800,1255.330,20863500.000
2006-11-16,1298.630,1299.12,1322.100,1296.410,34915600.000
2006-11-17,1292.510,1321.01,1321.960,1286.710,22811900.000
2006-11-20,1327.120,1362.45,1362.840,1327.120,28495000.000
2006-11-21,1359.360,1376.63,1376.880,1338.970,23585500.000
2006-11-22,1372.680,1382.23,1400.770,1362.240,28674700.000
2006-11-23,1382.920,1395.68,1403.870,1380.690,26545500.000
2006-11-24,1387.990,1385.94,1390.490,1369.780,23931600.000
2006-11-27,1378.480,1381.32,1387.210,1366.260,21186700.000
2006-11-28,1378.650,1367.52,1385.960,1354.100,19358400.000
2006-11-29,1343.020,1382.72,1389.050,1333.140,18940300.000
2006-11-30,1386.690,1425.21,1425.790,1386.690,24263200.000
2006-12-01,1427.750,1430.36,1440.300,1420.600,21423500.000
2006-12-04,1431.040,1486.53,1487.000,1431.040,32494900.000
2006-12-05,1490.850,1500.47,1517.260,1488.730,27790700.000
2006-12-06,1500.560,1498.31,1521.440,1445.750,35855600.000
2006-12-07,1496.740,1507.86,1552.440,1495.660,38377600.000
2006-12-08,1486.710,1453.92,1511.750,1451.840,32453400.000
2006-12-11,1447.260,1524.96,1525.870,1447.260,26079200.000
2006-12-12,1533.970,1544.91,1560.230,1517.380,31376400.000
2006-12-13,1548.220,1544.16,1558.430,1523.070,24461600.000
2006-12-14,1547.600,1573.48,1574.150,1544.910,19844800.000
2006-12-15,1578.800,1597.12,1599.080,1566.010,18761400.000
2006-12-18,1602.590,1637.14,1638.240,1602.590,26902500.000
2006-12-19,1645.410,1643.14,1666.210,1613.980,31476500.000
2006-12-20,1632.660,1643.97,1649.350,1611.200,22112400.000
2006-12-21,1643.910,1620.24,1654.120,1618.610,24208300.000
2006-12-22,1610.830,1614.24,1634.950,1602.400,19182200.000
2006-12-25,1619.570,1665.16,1683.440,1619.570,28552300.000
2006-12-26,1666.070,1673.88,1692.830,1650.800,29664000.000
2006-12-27,1678.020,1726.43,1726.580,1676.470,30400400.000
2006-12-28,1730.800,1737.16,1773.320,1723.540,33758400.000
2006-12-29,1751.410,1805.31,1819.040,1751.410,39686300.000
2007-01-04,1842.630,1836.14,1924.920,1821.480,54778700.000
2007-01-05,1814.700,1815.12,1844.230,1791.640,45845500.000
2007-01-08,1813.620,1856.62,1862.840,1804.410,37054000.000
2007-01-09,1858.090,1932.28,1933.320,1852.470,35648500.000
2007-01-10,1945.300,1963.63,1964.350,1915.810,34810300.000
2007-01-11,1964.650,1927.22,1977.880,1922.320,31261800.000
2007-01-12,1911.510,1876.14,1941.510,1861.550,29073200.000
2007-01-15,1872.080,1963.16,1963.840,1872.080,26504600.000
2007-01-16,1989.220,1992.1,2005.510,1950.020,31053200.000
2007-01-17,1997.810,1955.74,2033.920,1927.120,32812900.000
2007-01-18,1942.990,1936.92,1964.550,1884.390,30851200.000
2007-01-19,1937.040,1995.53,1997.160,1937.040,29118400.000
2007-01-22,2020.000,2075.54,2076.690,2020.000,36297900.000
2007-01-23,2095.220,2105.99,2113.400,2025.830,42660200.000
2007-01-24,2111.710,2145.69,2170.330,2106.140,35859900.000
2007-01-25,2124.170,2098.18,2160.890,2088.930,32723100.000
2007-01-26,2066.510,2164.51,2176.350,2026.110,32471600.000
2007-01-29,2181.870,2222.41,2238.430,2175.840,37522300.000
2007-01-30,2232.200,2197.19,2251.570,2177.000,34654400.000
2007-01-31,2186.420,2052.91,2193.830,2034.350,36488500.000
2007-02-01,2021.440,2051.66,2064.610,1981.560,27000400.000
2007-02-02,2052.950,1954.97,2057.160,1945.100,25412600.000
2007-02-05,1943.060,1906.03,1956.790,1899.680,20245200.000
2007-02-06,1901.580,1954.16,1955.710,1824.600,33062000.000
2007-02-07,1964.260,2001.37,2029.990,1964.260,31967900.000
2007-02-08,2006.750,2023.18,2031.540,1980.320,22538100.000
2007-02-09,2024.900,2003.32,2027.850,1987.010,21407500.000
2007-02-12,2004.220,2082.4,2083.110,2001.340,21809200.000
2007-02-13,2091.300,2108.63,2114.510,2081.330,19728000.000
2007-02-14,2112.680,2174.0,2181.840,2105.590,24463100.000
2007-02-15,2192.900,2235.45,2236.820,2192.900,27136500.000
2007-02-16,2255.580,2232.98,2266.430,2217.790,28965400.000
2007-02-26,2225.870,2242.76,2248.380,2197.370,31427500.000
2007-02-27,2251.200,2030.36,2253.470,2027.750,40614500.000
2007-02-28,1996.560,2096.23,2104.580,1996.560,31087400.000
2007-03-01,2097.100,2039.68,2097.100,2009.530,28301500.000
2007-03-02,2033.900,2069.07,2082.050,2022.850,21465000.000
2007-03-05,2062.030,2019.73,2088.470,1978.570,25596100.000
2007-03-06,2015.690,2076.87,2101.000,2004.380,21665100.000
2007-03-07,2086.620,2129.48,2143.590,2084.030,23233400.000
2007-03-08,2134.760,2150.15,2150.950,2105.660,18286000.000
2007-03-09,2154.510,2144.22,2171.840,2125.560,28613500.000
2007-03-12,2146.980,2140.53,2148.290,2105.840,22930400.000
2007-03-13,2145.180,2149.97,2152.000,2125.960,22130600.000
2007-03-14,2119.870,2100.56,2123.010,2074.500,23143200.000
2007-03-15,2098.640,2138.05,2138.920,2098.640,21057100.000
2007-03-16,2145.920,2107.63,2154.730,2085.360,27803600.000
2007-03-19,2060.760,2176.15,2195.280,2054.930,34140700.000
2007-03-20,2184.310,2175.13,2187.230,2152.960,22179700.000
2007-03-21,2182.450,2192.93,2204.070,2170.930,21396100.000
2007-03-22,2212.160,2208.47,2228.320,2199.780,31888900.000
2007-03-23,2206.540,2200.04,2220.370,2151.880,28095900.000
2007-03-26,2204.770,2230.0,2230.830,2188.920,28624400.000
2007-03-27,2234.630,2237.22,2244.210,2216.800,30136300.000
2007-03-28,2240.240,2277.97,2280.570,2184.400,51856400.000
2007-03-29,2285.020,2301.48,2351.350,2281.250,58079000.000
2007-03-30,2287.710,2288.26,2313.480,2274.720,28424300.000
2007-04-02,2299.490,2342.52,2343.200,2299.490,30412700.000
2007-04-03,2352.380,2362.98,2367.710,2337.770,30845500.000
2007-04-04,2367.920,2372.66,2386.150,2350.860,29674500.000
2007-04-05,2367.420,2392.64,2398.470,2352.920,28839600.000
2007-04-06,2369.890,2390.64,2399.830,2361.360,29400400.000
2007-04-09,2398.860,2442.93,2443.100,2398.860,34727800.000
2007-04-10,2459.410,2473.76,2479.200,2419.840,42501700.000
2007-04-11,2486.970,2508.47,2514.020,2464.210,41932800.000
2007-04-12,2513.850,2535.1,2540.540,2502.190,33726400.000
2007-04-13,2538.400,2517.79,2551.060,2507.580,37492100.000
2007-04-16,2519.660,2585.34,2586.800,2519.330,33186600.000
2007-04-17,2595.050,2577.01,2603.700,2504.100,35573300.000
2007-04-18,2578.850,2558.52,2578.850,2530.410,37657700.000
2007-04-19,2555.080,2452.55,2558.790,2380.320,45058200.000
2007-04-20,2465.740,2547.5,2553.530,2465.740,35429000.000
2007-04-23,2574.000,2651.43,2651.610,2570.480,46972100.000
2007-04-24,2673.980,2659.21,2693.580,2640.270,43206000.000
2007-04-25,2649.670,2679.08,2695.390,2608.740,43693200.000
2007-04-26,2696.400,2702.13,2711.410,2664.760,30739300.000
2007-04-27,2706.360,2681.3,2717.970,2654.950,30780100.000
2007-04-30,2715.890,2757.83,2768.950,2694.240,34906800.000
2007-05-08,2827.120,2831.26,2849.590,2795.740,40866900.000
2007-05-09,2833.330,2860.31,2867.090,2760.220,65656400.000
2007-05-10,2864.100,2885.72,2903.710,2844.490,51744400.000
2007-05-11,2868.630,2867.97,2880.860,2809.700,36816400.000
2007-05-14,2823.460,2885.5,2919.440,2803.520,39575900.000
2007-05-15,2888.910,2770.66,2895.320,2768.930,38858500.000
2007-05-16,2764.260,2828.52,2829.530,2731.820,31148000.000
2007-05-17,2837.720,2872.79,2888.450,2825.210,31849100.000
2007-05-18,2862.940,2854.32,2875.620,2835.980,28400600.000
2007-05-21,2763.770,2864.7,2875.020,2757.570,39162700.000
2007-05-22,2873.310,2882.67,2903.850,2869.010,38477600.000
2007-05-23,2887.640,2919.94,2920.760,2862.490,35205400.000
2007-05-24,2927.490,2906.81,2949.880,2866.940,42211400.000
2007-05-25,2894.700,2942.51,2958.740,2881.500,34208700.000
2007-05-28,2976.760,2998.86,3012.600,2968.910,45005900.000
2007-05-29,3009.440,3050.44,3051.060,3002.910,44126300.000
2007-05-30,2875.790,2857.0,3000.940,2828.860,57231300.000
2007-05-31,2838.100,2940.37,2986.530,2748.060,55067000.000
2007-06-01,2963.470,2906.59,3055.870,2885.520,51653300.000
2007-06-04,2923.410,2695.76,2935.880,2685.730,40329100.000
2007-06-05,2638.420,2778.66,2780.750,2493.310,42908900.000
2007-06-06,2788.970,2781.32,2814.060,2713.080,32093100.000
2007-06-07,2797.230,2856.54,2857.310,2786.770,33261000.000
2007-06-08,2861.810,2856.02,2875.500,2812.940,30917600.000
2007-06-11,2875.110,2918.3,2924.180,2856.990,33671200.000
2007-06-12,2930.430,2982.9,2984.070,2859.600,34702700.000
2007-06-13,3007.650,3045.94,3058.490,3000.920,42017000.000
2007-06-14,3036.350,3010.17,3050.990,2982.810,29069000.000
2007-06-15,2984.270,3035.78,3046.710,2973.960,25335200.000
2007-06-18,3090.170,3133.53,3154.260,3087.800,36491300.000
2007-06-19,3123.890,3132.3,3155.970,3100.830,29323700.000
2007-06-20,3133.310,3059.16,3150.490,3050.430,28110100.000
2007-06-21,3048.370,3109.92,3118.670,3043.300,26187400.000
2007-06-22,3114.820,3037.51,3146.000,2982.230,28717900.000
2007-06-25,3054.280,2942.29,3082.820,2927.780,26834400.000
2007-06-26,2892.030,2966.24,2968.400,2860.720,20064200.000
2007-06-27,2977.190,3057.34,3068.320,2956.810,24177700.000
2007-06-28,3063.240,2969.49,3099.160,2968.990,28983900.000
2007-06-29,2904.350,2915.88,2986.010,2889.640,22462000.000
2007-07-02,2906.140,2910.89,2943.730,2828.360,21783500.000
2007-07-03,2922.100,2955.21,2960.640,2903.300,20359100.000
2007-07-04,2961.380,2877.8,2965.610,2865.000,15252600.000
2007-07-05,2843.690,2745.97,2860.090,2743.420,17273000.000
2007-07-06,2733.690,2860.74,2862.120,2700.760,19178200.000
2007-07-09,2883.540,2939.1,2953.130,2858.920,21534600.000
2007-07-10,2957.060,2936.94,2997.780,2927.730,22359100.000
2007-07-11,2920.740,2937.6,2944.950,2897.310,13209100.000
2007-07-12,2945.140,2969.57,2985.040,2932.430,13450000.000
2007-07-13,2976.540,2970.34,2981.480,2939.780,11825500.000
2007-07-16,2974.920,2878.36,2980.920,2877.540,11347300.000
2007-07-17,2872.810,2956.5,2969.200,2847.400,14008500.000
2007-07-18,2944.070,2978.9,3017.910,2932.120,23461000.000
2007-07-19,2971.350,2972.5,2998.420,2953.830,13434600.000
2007-07-20,2972.680,3102.79,3104.770,2972.680,25710100.000
2007-07-23,3133.280,3225.64,3227.490,3133.280,40967800.000
2007-07-24,3242.200,3226.96,3280.750,3210.000,32048800.000
2007-07-25,3229.290,3304.75,3305.910,3229.240,28083500.000
2007-07-26,3323.370,3315.02,3336.940,3286.490,25945900.000
2007-07-27,3285.680,3293.38,3306.150,3249.350,26207000.000
2007-07-30,3294.680,3359.71,3372.610,3290.850,32022500.000
2007-07-31,3347.620,3391.86,3394.880,3314.760,27216000.000
2007-08-01,3408.530,3281.34,3430.050,3267.680,32070200.000
2007-08-02,3298.630,3362.46,3388.510,3279.470,25344100.000
2007-08-03,3390.010,3520.14,3521.970,3390.010,36883500.000
2007-08-06,3552.000,3595.03,3608.400,3539.070,31452500.000
2007-08-07,3606.590,3612.7,3641.230,3562.480,34724400.000
2007-08-08,3578.240,3596.28,3654.440,3533.770,48866800.000
2007-08-09,3598.210,3704.58,3723.480,3596.180,37378100.000
2007-08-10,3700.920,3707.92,3739.020,3634.990,35559200.000
2007-08-13,3717.530,3740.57,3796.170,3690.620,48317200.000
2007-08-14,3740.010,3787.11,3793.680,3715.260,29190300.000
2007-08-15,3782.620,3799.24,3823.940,3712.860,29071700.000
2007-08-16,3775.360,3698.95,3782.850,3660.610,30289200.000
2007-08-17,3674.420,3606.53,3758.540,3597.590,30543700.000
2007-08-20,3718.200,3831.05,3831.500,3709.520,30273400.000
2007-08-21,3851.380,3903.66,3924.820,3849.420,32191500.000
2007-08-22,3839.100,3949.83,3972.030,3830.500,27213200.000
2007-08-23,3962.640,4013.34,4033.740,3925.240,24520100.000
2007-08-24,4037.180,4104.66,4120.750,4032.250,30170200.000
2007-08-27,4128.740,4134.69,4188.180,4091.610,35351200.000
2007-08-28,4119.240,4147.86,4164.820,4058.000,31400300.000
2007-08-29,4113.900,4080.08,4158.740,4059.010,27731300.000
2007-08-30,4104.510,4111.29,4147.960,4086.620,22501000.000
2007-08-31,4118.810,4150.17,4158.990,4070.870,25206700.000
2007-09-03,4176.860,4240.64,4252.750,4176.860,32231000.000
2007-09-04,4226.940,4166.85,4245.940,4144.540,34232400.000
2007-09-05,4162.570,4147.75,4191.830,4074.290,26620200.000
2007-09-06,4166.910,4204.8,4243.080,4155.390,31346000.000
2007-09-07,4186.440,4111.93,4205.610,4099.740,33351400.000
2007-09-10,4052.550,4172.81,4182.190,4020.710,26919100.000
2007-09-11,4182.720,3992.03,4199.270,3968.230,28029000.000
2007-09-12,3977.020,4035.72,4056.170,3939.350,24706800.000
2007-09-13,4056.190,4143.12,4145.110,4042.960,24461200.000
2007-09-14,4148.080,4165.57,4177.870,4079.180,24654000.000
2007-09-17,4170.950,4237.92,4244.980,4170.330,29968700.000
2007-09-18,4261.450,4204.7,4269.590,4145.840,31321000.000
2007-09-19,4212.190,4161.59,4226.370,4121.720,22045200.000
2007-09-20,4171.670,4222.42,4237.520,4169.910,22526700.000
2007-09-21,4227.330,4197.04,4232.100,4118.330,25140900.000
2007-09-24,4201.420,4231.75,4245.970,4134.270,21801300.000
2007-09-25,4246.900,4193.06,4265.370,4169.820,17469300.000
2007-09-26,4177.270,4140.32,4245.900,4128.260,15044900.000
2007-09-27,4142.070,4189.12,4190.400,4130.030,13231800.000
2007-09-28,4229.600,4307.42,4315.350,4229.600,21021000.000
2007-10-08,4407.500,4401.28,4444.690,4347.760,35718100.000
2007-10-09,4393.470,4425.7,4438.560,4351.900,24981300.000
2007-10-10,4444.670,4445.96,4524.450,4413.630,32285300.000
2007-10-11,4458.190,4577.88,4579.650,4439.240,34248900.000
2007-10-12,4601.980,4578.69,4633.810,4391.140,38403500.000
2007-10-15,4606.480,4694.31,4695.830,4572.430,36665900.000
2007-10-16,4726.080,4731.83,4772.930,4688.260,37169500.000
2007-10-17,4713.750,4684.11,4744.780,4647.890,23614800.000
2007-10-18,4676.520,4508.66,4684.860,4481.010,23828100.000
2007-10-19,4545.630,4494.56,4594.700,4454.150,17656000.000
2007-10-22,4441.530,4390.27,4479.050,4374.120,15650300.000
2007-10-23,4388.240,4475.44,4478.730,4342.030,21038100.000
2007-10-24,4496.510,4550.56,4598.890,4486.680,23219800.000
2007-10-25,4511.510,4364.12,4534.400,4352.940,23511700.000
2007-10-26,4321.680,4429.98,4460.650,4313.800,15459300.000
2007-10-29,4453.330,4527.12,4534.710,4451.910,17849700.000
2007-10-30,4538.110,4592.33,4593.340,4476.280,20207200.000
2007-10-31,4652.960,4627.78,4667.320,4564.660,24412600.000
2007-11-01,4648.690,4607.22,4668.730,4602.510,25190900.000
2007-11-02,4536.220,4543.16,4599.390,4500.490,23524200.000
2007-11-05,4517.230,4410.97,4547.890,4389.500,18090000.000
2007-11-06,4371.910,4344.89,4428.320,4324.230,13832800.000
2007-11-07,4367.620,4383.63,4400.620,4276.760,14431500.000
2007-11-08,4353.190,4154.97,4353.190,4150.970,17279700.000
2007-11-09,4110.220,4139.57,4198.250,4058.880,17815300.000
2007-11-12,4025.830,4107.34,4143.330,3951.330,19934400.000
2007-11-13,4145.530,4071.3,4206.460,4006.060,18493500.000
2007-11-14,4142.520,4247.16,4249.400,4063.510,17039500.000
2007-11-15,4227.750,4201.79,4269.760,4190.730,13399100.000
2007-11-16,4124.420,4133.35,4163.960,4066.540,9028170.000
2007-11-19,4141.200,4086.38,4155.690,4066.750,11361100.000
2007-11-20,4059.190,4136.08,4167.590,4006.470,14775300.000
2007-11-21,4150.840,4064.78,4186.290,4061.830,10726100.000
2007-11-22,3988.140,3895.95,4039.700,3881.450,12367200.000
2007-11-23,3865.410,3961.37,3962.700,3844.180,9675200.000
2007-11-26,4020.650,3910.46,4038.480,3904.750,10568200.000
2007-11-27,3874.770,3829.73,3917.550,3827.420,9133600.000
2007-11-28,3839.510,3784.28,3873.780,3757.960,11197300.000
2007-11-29,3840.390,3975.71,3977.890,3796.250,19505500.000
2007-11-30,3968.670,3880.34,3968.670,3867.110,13425800.000
2007-12-03,3859.850,3910.13,3943.500,3838.490,10377000.000
2007-12-04,3921.910,3963.19,4018.650,3921.910,10796000.000
2007-12-05,3963.560,4070.82,4074.960,3954.690,14022300.000
2007-12-06,4085.040,4070.16,4094.250,4037.280,9679350.000
2007-12-07,4076.440,4122.06,4128.780,4075.450,9954550.000
2007-12-10,4052.380,4165.86,4172.170,4040.560,17395500.000
2007-12-11,4197.700,4159.43,4216.530,4097.270,15639800.000
2007-12-12,4130.770,4083.59,4132.110,4049.100,15361700.000
2007-12-13,4061.420,3948.74,4075.670,3944.810,13572100.000
2007-12-14,3901.570,4008.88,4010.500,3881.500,11638600.000
2007-12-17,4002.990,3876.14,4003.260,3871.470,14108000.000
2007-12-18,3849.200,3849.15,3895.360,3826.920,8728579.000
2007-12-19,3893.220,3953.05,3967.670,3879.710,13497600.000
2007-12-20,3971.750,4040.04,4050.770,3942.630,12205200.000
2007-12-21,4022.450,4081.0,4096.240,4019.690,14441900.000
2007-12-24,4112.520,4172.44,4201.850,4096.670,21313400.000
2007-12-25,4179.840,4162.08,4200.820,4144.140,15578500.000
2007-12-26,4174.770,4175.56,4207.160,4121.610,17547600.000
2007-12-27,4191.330,4258.55,4258.680,4160.910,22569600.000
2007-12-28,4269.060,4226.76,4280.730,4214.690,20673500.000
2008-01-02,4230.810,4219.69,4242.190,4164.760,18683900.000
2008-01-03,4213.020,4230.42,4232.180,4123.120,30732200.000
2008-01-04,4231.350,4282.69,4296.020,4221.650,23349900.000
2008-01-07,4279.920,4330.27,4341.470,4255.500,24440700.000
2008-01-08,4349.480,4358.1,4437.570,4322.130,30842000.000
2008-01-09,4341.530,4405.92,4407.390,4324.910,20328300.000
2008-01-10,4420.320,4431.46,4456.100,4384.450,29662200.000
2008-01-11,4445.230,4481.49,4482.570,4417.050,29691500.000
2008-01-14,4503.670,4499.14,4524.290,4471.740,21495800.000
2008-01-15,4511.160,4440.82,4515.820,4421.670,22028900.000
2008-01-16,4395.370,4274.02,4395.370,4267.010,24352900.000
2008-01-17,4219.700,4178.71,4289.930,4072.680,27791700.000
2008-01-18,4170.010,4195.95,4213.710,4128.210,18647600.000
2008-01-21,4203.500,3975.71,4212.010,3960.430,20366000.000
2008-01-22,3880.410,3679.01,3891.260,3636.470,29040700.000
2008-01-23,3712.850,3822.82,3824.520,3669.380,25765100.000
2008-01-24,3876.360,3818.33,3884.060,3750.150,25900100.000
2008-01-25,3814.980,3875.58,3913.740,3751.960,20343000.000
2008-01-28,3830.970,3597.26,3830.970,3589.790,19029200.000
2008-01-29,3609.110,3611.98,3685.490,3554.520,13199100.000
2008-01-30,3653.730,3541.08,3674.370,3459.870,16763300.000
2008-01-31,3528.870,3497.92,3571.000,3485.260,15512400.000
2008-02-01,3502.230,3500.05,3549.330,3376.610,17104800.000
2008-02-04,3598.500,3796.13,3798.050,3598.500,22539500.000
2008-02-05,3783.800,3766.16,3817.610,3730.270,16928100.000
2008-02-13,3697.530,3660.16,3712.670,3649.240,11043800.000
2008-02-14,3699.300,3706.97,3737.760,3683.430,9409910.000
2008-02-15,3673.900,3646.18,3675.440,3593.170,12527200.000
2008-02-18,3694.670,3709.07,3739.090,3661.420,14095300.000
2008-02-19,3722.940,3787.03,3787.220,3687.690,16964600.000
2008-02-20,3792.290,3676.47,3805.390,3670.850,18958800.000
2008-02-21,3653.810,3620.85,3663.160,3576.040,15704100.000
2008-02-22,3597.710,3466.2,3597.710,3434.760,18817200.000
2008-02-25,3460.860,3331.99,3472.090,3324.170,17294300.000
2008-02-26,3430.370,3363.7,3445.830,3275.840,16916200.000
2008-02-27,3384.550,3459.78,3484.740,3348.820,14467400.000
2008-02-28,3467.030,3435.46,3473.640,3409.950,9404750.000
2008-02-29,3431.400,3470.6,3490.930,3418.930,8812860.000
2008-03-03,3449.750,3539.43,3556.820,3410.410,14225200.000
2008-03-04,3559.050,3424.79,3566.160,3416.400,18098400.000
2008-03-05,3415.730,3380.65,3446.030,3317.340,14711100.000
2008-03-06,3398.420,3445.75,3504.830,3349.170,16386800.000
2008-03-07,3399.510,3395.61,3444.280,3370.470,10114700.000
2008-03-10,3366.970,3256.44,3366.970,3238.700,14449300.000
2008-03-11,3233.450,3264.57,3267.130,3187.830,10525200.000
2008-03-12,3343.410,3164.78,3355.980,3162.670,11533400.000
2008-03-13,3133.620,3111.84,3163.650,3047.900,16524800.000
2008-03-14,3098.260,3084.45,3119.390,3028.330,11434800.000
2008-03-17,3065.430,2984.06,3075.740,2978.650,12307500.000
2008-03-18,2961.060,2869.61,3021.420,2821.110,15874100.000
2008-03-19,2925.250,2945.23,2992.710,2876.960,15924100.000
2008-03-20,2904.840,3011.78,3050.090,2765.250,19034000.000
2008-03-21,3010.260,3021.58,3058.700,2975.700,16909700.000
2008-03-24,3056.430,2869.28,3063.890,2867.910,14695000.000
2008-03-25,2810.500,2884.62,2912.130,2781.820,14312600.000
2008-03-26,2904.340,2896.69,2965.260,2877.130,12257400.000
2008-03-27,2837.090,2760.45,2861.230,2757.390,14980300.000
2008-03-28,2736.590,2910.51,2922.070,2714.380,21924700.000
2008-03-31,2815.310,2823.98,2891.170,2804.430,13913200.000
2008-04-01,2812.510,2713.49,2847.560,2683.500,16473000.000
2008-04-02,2757.530,2744.65,2842.650,2698.260,23878100.000
2008-04-03,2719.900,2828.63,2833.800,2679.290,15759000.000
2008-04-07,2803.880,2954.23,2962.150,2778.410,19047000.000
2008-04-08,2956.510,2969.61,3011.420,2927.370,19730300.000
2008-04-09,2938.490,2803.15,2966.890,2802.350,16207800.000
2008-04-10,2780.600,2840.55,2846.240,2751.580,11017500.000
2008-04-11,2882.380,2865.45,2900.540,2843.050,10426400.000
2008-04-14,2805.210,2685.01,2815.330,2675.900,14651700.000
2008-04-15,2672.370,2715.74,2716.940,2591.680,12232200.000
2008-04-16,2711.250,2654.9,2717.870,2644.440,10920300.000
2008-04-17,2650.120,2588.76,2705.510,2554.260,12001300.000
2008-04-18,2565.790,2511.36,2593.560,2482.920,12310900.000
2008-04-21,2707.600,2545.52,2707.600,2506.240,17693200.000
2008-04-22,2501.540,2595.69,2596.860,2451.600,13734800.000
2008-04-23,2561.950,2718.25,2730.930,2546.150,23333800.000
2008-04-24,2948.970,2981.19,2987.520,2880.270,51622600.000
2008-04-25,2983.370,2984.96,3075.820,2948.170,40764200.000
2008-04-28,2936.430,2918.61,2975.340,2911.040,22800900.000
2008-04-29,2896.500,2960.89,2973.100,2894.650,19455000.000
2008-04-30,2981.780,3125.53,3135.720,2978.270,35870000.000
2008-05-05,3169.000,3169.08,3179.540,3112.020,26033400.000
2008-05-06,3136.370,3128.81,3184.110,3089.010,24374000.000
2008-05-07,3108.090,2979.82,3158.450,2979.510,23005600.000
2008-05-08,2940.340,3037.5,3038.770,2929.240,18512800.000
2008-05-09,3065.590,2978.19,3071.790,2932.140,21887200.000
2008-05-12,2915.260,2991.32,3033.540,2884.570,16326600.000
2008-05-13,2898.010,2924.96,2985.460,2891.730,18299800.000
2008-05-14,2917.850,3027.38,3027.800,2917.850,18518900.000
2008-05-15,3050.150,3005.65,3075.220,3004.780,17039800.000
2008-05-16,3008.210,3009.21,3036.000,2977.700,13624100.000
2008-05-19,2999.410,2978.66,3001.230,2945.390,9974489.000
2008-05-20,2976.030,2835.82,3008.030,2829.190,14498800.000
2008-05-21,2809.950,2892.09,2909.160,2752.150,16214200.000
2008-05-22,2848.520,2841.15,2891.900,2829.280,14661800.000
2008-05-23,2831.780,2838.05,2871.790,2805.690,13695200.000
2008-05-26,2812.510,2745.09,2812.510,2742.320,9880810.000
2008-05-27,2739.740,2754.12,2770.170,2726.860,8758210.000
2008-05-28,2760.650,2836.26,2855.680,2741.550,11507600.000
2008-05-29,2825.860,2765.95,2837.890,2764.790,11144200.000
2008-05-30,2774.080,2800.79,2813.930,2756.150,10787300.000
2008-06-02,2792.240,2814.3,2832.970,2774.600,10814100.000
2008-06-03,2809.440,2804.07,2834.500,2783.950,17756700.000
2008-06-04,2789.760,2736.83,2794.490,2715.580,12799400.000
2008-06-05,2722.250,2722.41,2742.890,2693.270,9623800.000
2008-06-06,2730.770,2701.79,2740.250,2687.220,8658500.000
2008-06-10,2586.720,2480.76,2597.480,2464.440,16037700.000
2008-06-11,2451.380,2446.78,2476.460,2412.440,12353100.000
2008-06-12,2432.640,2387.76,2446.820,2344.490,13310800.000
2008-06-13,2389.140,2322.79,2410.540,2319.910,9903100.000
2008-06-16,2329.580,2323.69,2365.810,2279.890,11200900.000
2008-06-17,2325.260,2262.28,2343.760,2244.640,10716900.000
2008-06-18,2244.100,2368.71,2383.270,2200.970,17793200.000
2008-06-19,2348.980,2201.34,2348.980,2197.010,13927600.000
2008-06-20,2227.360,2273.71,2343.350,2152.310,23589800.000
2008-06-23,2227.160,2220.08,2260.000,2203.810,10084600.000
2008-06-24,2207.510,2256.12,2268.120,2197.810,12919800.000
2008-06-25,2250.000,2334.4,2339.310,2241.100,16518400.000
2008-06-26,2332.450,2326.9,2357.450,2287.550,14513300.000
2008-06-27,2255.160,2206.32,2259.970,2188.200,14706700.000
2008-06-30,2176.900,2175.61,2212.970,2146.450,9132970.000
2008-07-01,2181.710,2081.05,2186.890,2075.010,11736000.000
2008-07-02,2082.590,2062.93,2109.450,2040.670,11004000.000
2008-07-03,2025.330,2088.97,2130.330,1992.350,16994900.000
2008-07-04,2087.250,2077.23,2107.000,2057.600,12423100.000
2008-07-07,2082.750,2190.3,2200.010,2081.840,20841200.000
2008-07-08,2204.490,2193.21,2235.880,2151.850,20197500.000
2008-07-09,2219.430,2289.68,2295.210,2219.430,27646700.000
2008-07-10,2253.420,2259.26,2319.010,2239.910,21925600.000
2008-07-11,2252.520,2245.46,2267.930,2216.230,15411700.000
2008-07-14,2223.890,2259.16,2280.950,2216.140,11532200.000
2008-07-15,2266.970,2157.91,2274.020,2156.390,16621500.000
2008-07-16,2133.960,2088.78,2139.640,2056.190,14027000.000
2008-07-17,2127.990,2073.33,2142.790,2065.480,11479500.000
2008-07-18,2100.470,2158.7,2160.100,2065.320,18056500.000
2008-07-21,2132.440,2228.45,2229.750,2127.070,18364200.000
2008-07-22,2219.740,2217.83,2236.060,2205.340,12976600.000
2008-07-23,2237.390,2213.15,2256.520,2208.860,13412800.000
2008-07-24,2235.580,2299.57,2300.510,2233.640,19656200.000
2008-07-25,2263.980,2265.68,2286.000,2246.860,14243000.000
2008-07-28,2282.060,2278.23,2318.080,2269.640,15152300.000
2008-07-29,2244.850,2232.79,2245.020,2213.420,12685800.000
2008-07-30,2265.440,2219.24,2272.400,2207.040,10198700.000
2008-07-31,2227.240,2164.08,2231.490,2162.270,9490279.000
2008-08-01,2151.870,2205.69,2232.110,2127.360,12446500.000
2008-08-04,2185.160,2155.89,2201.280,2151.200,8289529.000
2008-08-05,2169.140,2120.51,2175.340,2114.600,10225000.000
2008-08-06,2141.100,2150.0,2167.990,2117.410,10354100.000
2008-08-07,2145.110,2143.8,2170.810,2113.780,9007310.000
2008-08-08,2140.150,2056.92,2143.620,2044.810,11588200.000
2008-08-11,2049.460,1975.52,2069.790,1962.230,12874000.000
2008-08-12,1959.560,1961.23,1990.130,1943.540,9083310.000
2008-08-13,1947.990,1949.36,1967.160,1900.560,10245700.000
2008-08-14,1937.340,1941.24,1956.690,1916.230,6842710.000
2008-08-15,1941.380,1957.47,1980.130,1924.810,7459620.000
2008-08-18,1959.100,1860.0,1959.910,1859.690,8848650.000
2008-08-19,1840.250,1889.1,1898.940,1832.250,6834000.000
2008-08-20,1874.440,2042.94,2043.000,1861.160,17759400.000
2008-08-21,2011.340,1975.89,2045.260,1973.170,13854100.000
2008-08-22,1954.420,1948.06,1971.500,1915.880,9282750.000
2008-08-25,1953.290,1954.85,1988.410,1929.150,7005200.000
2008-08-26,1930.060,1919.98,1958.530,1900.590,8998139.000
2008-08-27,1915.000,1921.88,1955.170,1898.220,9871789.000
2008-08-28,1924.700,1938.76,1964.340,1920.680,8397829.000
2008-08-29,1950.410,1975.45,1997.200,1939.680,11394000.000
2008-09-01,1958.270,1905.9,1959.840,1895.490,8369650.000
2008-09-02,1893.010,1882.18,1901.940,1871.440,7435550.000
2008-09-03,1880.290,1849.17,1894.460,1827.460,9067300.000
2008-09-04,1842.210,1845.86,1859.500,1816.030,7416700.000
2008-09-05,1799.400,1796.96,1822.270,1781.700,8110210.000
2008-09-08,1805.410,1770.37,1812.220,1764.280,8106160.000
2008-09-09,1779.130,1780.73,1790.180,1758.550,6710989.000
2008-09-10,1769.880,1781.78,1815.800,1746.520,8432379.000
2008-09-11,1774.030,1709.8,1776.460,1705.580,9272229.000
2008-09-12,1711.090,1711.96,1731.280,1699.460,7365339.000
2008-09-16,1673.790,1615.58,1673.790,1607.270,15938500.000
2008-09-17,1589.300,1532.96,1610.740,1528.430,17141800.000
2008-09-18,1481.100,1508.52,1550.430,1433.440,23991300.000
2008-09-19,1649.190,1650.54,1650.540,1632.120,12951100.000
2008-09-22,1785.320,1780.38,1801.170,1719.670,45337100.000
2008-09-23,1731.860,1726.13,1776.750,1718.760,44209300.000
2008-09-24,1681.980,1736.12,1737.330,1660.460,23482300.000
2008-09-25,1740.570,1808.81,1844.570,1736.640,34507400.000
2008-09-26,1816.780,1811.34,1823.000,1770.680,25094700.000
2008-10-06,1788.970,1712.71,1788.970,1712.510,18928600.000
2008-10-07,1639.140,1678.27,1713.190,1622.820,18977600.000
2008-10-08,1623.280,1600.5,1647.920,1579.600,17017500.000
2008-10-09,1629.270,1587.04,1631.450,1577.480,14492300.000
2008-10-10,1519.460,1528.14,1556.540,1497.340,18446400.000
2008-10-13,1519.660,1613.84,1614.510,1488.340,20923500.000
2008-10-14,1675.400,1564.73,1679.920,1564.170,24941900.000
2008-10-15,1543.240,1548.52,1563.310,1529.700,13717700.000
2008-10-16,1478.450,1473.25,1509.740,1471.040,16383100.000
2008-10-17,1489.530,1480.16,1500.250,1462.930,11458400.000
2008-10-20,1474.970,1531.69,1534.280,1452.850,12728700.000
2008-10-21,1534.940,1514.13,1553.860,1512.870,14354800.000
2008-10-22,1491.920,1470.92,1516.930,1469.210,14484700.000
2008-10-23,1433.810,1459.2,1460.790,1416.290,16110200.000
2008-10-24,1457.190,1408.13,1461.920,1401.680,15370900.000
2008-10-27,1379.530,1305.7,1379.530,1303.720,14763800.000
2008-10-28,1274.800,1353.69,1364.360,1269.290,21497800.000
2008-10-29,1364.080,1316.98,1377.570,1316.650,17355800.000
2008-10-30,1326.180,1358.89,1380.460,1305.540,19075000.000
2008-10-31,1348.500,1327.7,1355.490,1320.930,12135700.000
2008-11-03,1312.790,1323.89,1351.850,1308.250,11280000.000
2008-11-04,1317.960,1313.02,1323.930,1290.810,10581100.000
2008-11-05,1324.390,1370.76,1394.490,1324.390,20604300.000
2008-11-06,1332.730,1332.71,1344.290,1324.490,13226700.000
2008-11-07,1304.850,1363.46,1377.390,1301.040,13777100.000
2008-11-10,1398.220,1469.62,1471.590,1398.220,28851800.000
2008-11-11,1460.640,1443.21,1478.140,1441.280,25282000.000
2008-11-12,1424.960,1457.43,1468.210,1422.320,16250900.000
2008-11-13,1434.850,1509.89,1527.320,1421.360,33485900.000
2008-11-14,1524.930,1550.46,1553.430,1504.510,33610900.000
2008-11-17,1541.340,1572.9,1573.290,1529.890,31569400.000
2008-11-18,1564.700,1459.11,1583.800,1452.170,37264700.000
2008-11-19,1455.290,1543.77,1549.470,1441.200,32011400.000
2008-11-20,1512.190,1511.8,1545.810,1496.120,28233100.000
2008-11-21,1461.430,1501.09,1541.520,1432.750,30410400.000
2008-11-24,1493.430,1435.64,1499.210,1434.350,17639400.000
2008-11-25,1462.970,1435.36,1472.480,1412.660,14375800.000
2008-11-26,1434.150,1440.64,1456.770,1421.090,13869700.000
2008-11-27,1527.790,1455.74,1536.610,1454.720,31494900.000
2008-11-28,1441.340,1411.17,1451.940,1399.360,19934900.000
2008-12-01,1407.440,1424.86,1426.420,1383.780,15387000.000
2008-12-02,1391.850,1419.48,1437.370,1386.810,19464600.000
2008-12-03,1434.800,1486.89,1487.330,1432.890,30094400.000
2008-12-04,1510.400,1521.59,1569.220,1510.400,43611900.000
2008-12-05,1510.070,1538.47,1539.200,1505.720,25253900.000
2008-12-08,1561.280,1602.75,1603.420,1553.340,41025700.000
2008-12-09,1609.410,1554.51,1609.680,1554.190,34186100.000
2008-12-10,1546.990,1607.49,1607.800,1538.970,34329600.000
2008-12-11,1594.660,1567.02,1612.330,1562.450,27172900.000
2008-12-12,1551.030,1499.29,1559.530,1483.770,26635400.000
2008-12-15,1524.140,1508.71,1536.170,1486.270,19513600.000
2008-12-16,1492.240,1512.08,1514.320,1462.700,18215600.000
2008-12-17,1518.170,1510.35,1532.640,1505.200,20962300.000
2008-12-18,1508.470,1552.75,1554.100,1493.400,21926900.000
2008-12-19,1542.790,1554.11,1577.880,1538.800,24106300.000
2008-12-22,1552.710,1522.44,1554.180,1508.380,18001000.000
2008-12-23,1521.600,1451.76,1521.600,1451.340,22041000.000
2008-12-24,1434.590,1428.9,1451.630,1419.560,14746900.000
2008-12-25,1431.180,1415.83,1439.660,1401.280,13920700.000
2008-12-26,1414.920,1416.83,1431.360,1405.590,12129100.000
2008-12-29,1409.730,1407.63,1414.360,1385.450,12260100.000
2008-12-30,1407.060,1390.4,1419.890,1385.310,14713600.000
2008-12-31,1393.420,1384.91,1404.750,1382.070,13018600.000
2009-01-05,1411.080,1436.89,1437.060,1402.050,20985200.000
2009-01-06,1436.480,1482.28,1488.340,1430.700,30216400.000
2009-01-07,1482.020,1468.46,1495.650,1468.180,23773400.000
2009-01-08,1439.320,1430.09,1440.110,1420.180,23259400.000
2009-01-09,1428.240,1447.14,1452.370,1428.240,17500500.000
2009-01-12,1441.630,1441.73,1462.310,1433.870,18787000.000
2009-01-13,1420.130,1414.08,1433.250,1412.930,18346400.000
2009-01-14,1413.440,1476.71,1476.710,1413.440,23646500.000
2009-01-15,1460.610,1469.2,1484.920,1452.390,31609600.000
2009-01-16,1478.070,1502.0,1533.960,1478.070,43323900.000
2009-01-19,1522.140,1529.58,1568.640,1517.980,38930600.000
2009-01-20,1524.820,1539.37,1539.960,1508.670,22132400.000
2009-01-21,1513.190,1536.76,1560.910,1510.230,27092400.000
2009-01-22,1547.890,1547.59,1557.800,1525.010,22723600.000
2009-01-23,1542.930,1538.27,1553.610,1530.460,22755500.000
2009-02-02,1553.340,1541.68,1556.600,1529.170,16442700.000
2009-02-03,1542.430,1580.29,1580.710,1538.200,32066900.000
2009-02-04,1588.610,1631.74,1632.240,1587.560,40219200.000
2009-02-05,1630.260,1629.47,1677.870,1617.920,45554700.000
2009-02-06,1634.600,1689.0,1691.490,1634.600,39969000.000
2009-02-09,1715.150,1716.51,1735.620,1696.400,48250400.000
2009-02-10,1710.120,1723.55,1726.440,1683.280,42982100.000
2009-02-11,1694.050,1728.94,1764.020,1682.840,59101400.000
2009-02-12,1729.660,1699.35,1733.430,1661.950,45026700.000
2009-02-13,1700.580,1755.57,1758.610,1688.340,57672100.000
2009-02-16,1771.620,1817.06,1817.550,1768.830,64621100.000
2009-02-17,1815.570,1763.94,1829.470,1762.770,58692400.000
2009-02-18,1723.860,1675.86,1743.600,1672.330,45618600.000
2009-02-19,1688.820,1675.77,1703.100,1651.590,35002400.000
2009-02-20,1673.970,1695.26,1696.100,1651.400,32182600.000
2009-02-23,1680.820,1733.42,1740.780,1654.890,43390000.000
2009-02-24,1703.480,1640.57,1721.360,1635.150,48648100.000
2009-02-25,1661.750,1662.26,1681.480,1596.610,42926300.000
2009-02-26,1651.770,1605.61,1688.220,1593.220,43721200.000
2009-02-27,1592.390,1592.01,1621.110,1580.400,35963500.000
2009-03-02,1586.560,1592.61,1605.540,1553.690,24299000.000
2009-03-03,1552.860,1563.97,1583.250,1544.620,24521200.000
2009-03-04,1568.720,1671.57,1677.840,1568.720,50759700.000
2009-03-05,1691.250,1694.65,1718.570,1658.050,64211000.000
2009-03-06,1659.570,1676.79,1700.850,1656.600,36670100.000
2009-03-09,1689.120,1620.13,1716.350,1619.790,39413400.000
2009-03-10,1601.650,1648.15,1649.130,1594.470,24170500.000
2009-03-11,1685.140,1634.08,1687.620,1629.300,29196900.000
2009-03-12,1623.610,1628.34,1630.500,1590.240,21349900.000
2009-03-13,1640.530,1626.02,1656.560,1622.510,21930800.000
2009-03-16,1619.760,1656.18,1663.000,1604.090,21801200.000
2009-03-17,1656.010,1705.51,1710.530,1651.690,38270600.000
2009-03-18,1714.990,1702.3,1727.510,1701.360,38995500.000
2009-03-19,1706.310,1733.8,1736.690,1697.370,37310600.000
2009-03-20,1737.530,1726.21,1744.610,1705.960,42913800.000
2009-03-23,1728.660,1767.05,1773.920,1723.280,42671000.000
2009-03-24,1802.160,1776.12,1807.410,1768.640,46014000.000
2009-03-25,1764.030,1747.42,1793.920,1746.670,39095600.000
2009-03-26,1755.870,1811.87,1812.210,1744.150,51621500.000
2009-03-27,1827.980,1825.63,1840.140,1812.630,60774400.000
2009-03-30,1829.110,1817.41,1836.100,1807.930,40257200.000
2009-03-31,1783.720,1830.28,1839.070,1772.270,38860500.000
2009-04-01,1839.410,1852.02,1865.480,1833.840,50101500.000
2009-04-02,1859.880,1878.4,1899.230,1859.560,59334100.000
2009-04-03,1898.690,1892.73,1920.770,1877.470,57205000.000
2009-04-07,1892.670,1894.12,1915.600,1869.480,39216400.000
2009-04-08,1883.140,1816.33,1892.410,1816.120,44829000.000
2009-04-09,1817.200,1847.17,1847.990,1803.060,31921100.000
2009-04-10,1867.500,1895.16,1895.560,1858.440,43691600.000
2009-04-13,1915.430,1939.56,1952.040,1911.800,60081500.000
2009-04-14,1935.990,1949.02,1955.890,1928.030,41127300.000
2009-04-15,1938.770,1943.35,1950.770,1905.100,45419000.000
2009-04-16,1945.120,1943.21,1958.750,1907.430,45935600.000
2009-04-17,1933.500,1920.31,1951.660,1908.080,36943100.000
2009-04-20,1915.990,1956.78,1958.330,1913.800,36088900.000
2009-04-21,1926.470,1930.57,1945.930,1903.860,41172500.000
2009-04-22,1941.170,1874.75,1967.270,1867.420,52283500.000
2009-04-23,1859.120,1876.42,1882.710,1850.250,32601500.000
2009-04-24,1886.150,1860.75,1888.090,1857.780,28122100.000
2009-04-27,1858.860,1827.47,1866.140,1815.820,31129300.000
2009-04-28,1810.240,1826.14,1837.480,1805.780,25549900.000
2009-04-29,1827.000,1901.07,1910.450,1822.930,38703300.000
2009-04-30,1903.230,1895.7,1910.030,1884.530,36316900.000
2009-05-04,1903.080,1957.94,1959.810,1900.040,47087600.000
2009-05-05,1971.740,1960.98,1986.590,1952.090,42412000.000
2009-05-06,1960.890,1980.2,1989.090,1951.760,44389500.000
2009-05-07,1992.350,1991.17,2015.900,1971.040,51996800.000
2009-05-08,1982.550,2022.95,2027.920,1973.470,46700700.000
2009-05-11,2040.180,2000.78,2086.540,2000.530,59709600.000
2009-05-12,1985.390,2035.98,2037.290,1980.090,39006300.000
2009-05-13,2037.800,2053.8,2059.170,2019.120,48521100.000
2009-05-14,2025.540,2021.56,2033.930,2002.540,34955300.000
2009-05-15,2028.730,2022.3,2039.380,2010.140,23453700.000
2009-05-18,2011.230,2029.06,2030.500,1985.680,33345900.000
2009-05-19,2051.570,2050.05,2059.150,2038.280,40869800.000
2009-05-20,2051.670,2019.41,2053.340,2018.900,35480800.000
2009-05-21,2004.770,1972.47,2016.310,1963.360,38030300.000
2009-05-22,1959.310,1967.66,1980.680,1951.740,23634800.000
2009-05-25,1930.840,1970.98,1978.940,1927.030,27749400.000
2009-05-26,1976.610,1945.5,1978.650,1945.020,23703000.000
2009-05-27,1954.670,1991.29,2000.380,1949.870,32485700.000
2009-06-01,2021.730,2076.88,2082.880,2021.730,57326100.000
2009-06-02,2091.720,2074.76,2101.840,2069.500,50817400.000
2009-06-03,2075.930,2149.58,2150.130,2075.930,53337500.000
2009-06-04,2138.630,2174.01,2182.670,2131.420,62507800.000
2009-06-05,2183.040,2160.42,2191.190,2159.770,44855400.000
2009-06-08,2161.100,2186.47,2214.430,2143.420,47140000.000
2009-06-09,2186.130,2197.15,2198.390,2145.160,44567900.000
2009-06-10,2201.830,2212.19,2224.630,2197.280,46412000.000
2009-06-11,2207.200,2196.73,2227.660,2189.220,37014500.000
2009-06-12,2192.100,2156.53,2212.660,2138.640,35187700.000
2009-06-15,2164.450,2217.38,2219.490,2150.550,37723100.000
2009-06-16,2193.350,2207.62,2228.360,2186.540,32881300.000
2009-06-17,2203.540,2236.08,2242.400,2173.770,31343200.000
2009-06-18,2238.960,2283.53,2289.410,2237.240,44315400.000
2009-06-19,2287.040,2309.22,2316.370,2281.010,46699400.000
2009-06-22,2334.950,2320.75,2351.400,2313.960,46741500.000
2009-06-23,2283.800,2331.5,2374.620,2279.120,55655900.000
2009-06-24,2325.070,2336.08,2340.790,2301.930,49275200.000
2009-06-25,2337.170,2335.92,2356.570,2324.960,35044900.000
2009-06-26,2341.700,2344.4,2354.160,2329.140,29498300.000
2009-06-29,2347.890,2391.07,2392.000,2341.770,34522300.000
2009-06-30,2400.200,2380.9,2404.190,2377.120,40176300.000
2009-07-01,2369.510,2440.9,2444.100,2367.340,42368200.000
2009-07-02,2448.040,2481.07,2491.280,2447.940,50831800.000
2009-07-03,2459.890,2508.28,2509.220,2454.920,43199200.000
2009-07-06,2511.170,2549.49,2556.870,2511.170,58970800.000
2009-07-07,2546.050,2516.99,2562.200,2507.720,57102000.000
2009-07-08,2487.670,2502.15,2519.540,2432.420,52535200.000
2009-07-09,2495.700,2531.98,2532.560,2480.180,43084800.000
2009-07-10,2533.430,2519.07,2543.680,2504.660,39991900.000
2009-07-13,2500.650,2467.49,2507.210,2466.400,40230700.000
2009-07-14,2478.110,2548.77,2549.000,2478.110,43916400.000
2009-07-15,2559.070,2576.78,2581.560,2558.310,52339500.000
2009-07-16,2598.650,2598.07,2630.960,2575.390,53979200.000
2009-07-17,2598.960,2604.35,2617.710,2579.580,44109800.000
2009-07-20,2615.300,2652.03,2658.630,2597.250,55726200.000
2009-07-21,2664.960,2622.71,2685.430,2618.360,54102000.000
2009-07-22,2622.280,2677.15,2678.190,2621.740,49337600.000
2009-07-23,2681.400,2717.23,2720.630,2662.140,50498700.000
2009-07-24,2733.290,2743.02,2752.570,2684.920,57934200.000
2009-07-27,2753.680,2805.04,2805.760,2752.170,61151100.000
2009-07-28,2803.640,2799.31,2807.710,2767.020,56407300.000
2009-07-29,2788.670,2671.59,2829.800,2583.070,73214600.000
2009-07-30,2702.460,2754.19,2771.350,2662.870,63312300.000
2009-07-31,2782.870,2816.89,2818.550,2746.320,56765800.000
2009-08-03,2832.820,2837.74,2840.160,2794.450,50234800.000
2009-08-04,2849.410,2810.26,2849.410,2763.010,53554500.000
2009-08-05,2805.420,2761.96,2805.810,2734.380,57405000.000
2009-08-06,2737.520,2698.25,2755.600,2654.860,45879600.000
2009-08-07,2694.950,2634.49,2718.880,2621.110,39044700.000
2009-08-10,2658.580,2611.99,2673.020,2572.500,35160500.000
2009-08-11,2622.940,2614.85,2627.730,2582.150,24135300.000
2009-08-12,2608.050,2493.48,2610.670,2489.930,38266100.000
2009-08-13,2493.230,2528.64,2535.370,2449.380,38165000.000
2009-08-14,2520.860,2463.52,2532.410,2445.310,36173100.000
2009-08-17,2418.320,2331.72,2453.710,2327.280,39833600.000
2009-08-18,2313.160,2342.81,2354.880,2278.350,33019500.000
2009-08-19,2348.970,2230.72,2355.440,2206.600,34285100.000
2009-08-20,2240.100,2333.49,2334.360,2240.100,33147600.000
2009-08-21,2326.670,2367.57,2392.030,2309.540,36309200.000
2009-08-24,2384.340,2368.05,2388.070,2342.870,30612100.000
2009-08-25,2355.200,2259.55,2355.200,2194.000,39112600.000
2009-08-26,2239.660,2292.49,2317.680,2225.810,30669700.000
2009-08-27,2277.380,2276.01,2316.240,2247.480,31730800.000
2009-08-28,2273.650,2193.52,2287.530,2177.920,38396800.000
2009-08-31,2163.010,2046.59,2163.010,2043.360,36413600.000
2009-09-01,2033.440,2076.68,2115.830,2033.440,30525900.000
2009-09-02,2062.880,2123.5,2130.990,2053.600,26974600.000
2009-09-03,2127.210,2230.52,2237.330,2119.460,39655100.000
2009-09-04,2232.020,2237.49,2262.540,2218.200,33607500.000
2009-09-07,2254.750,2253.8,2293.120,2237.860,32058100.000
2009-09-08,2240.820,2294.89,2295.350,2211.440,31528300.000
2009-09-09,2307.690,2305.0,2322.860,2271.900,32931000.000
2009-09-10,2295.800,2284.07,2311.360,2272.850,23698000.000
2009-09-11,2279.320,2356.98,2364.750,2279.320,34236800.000
2009-09-14,2361.990,2384.62,2388.280,2351.420,30843100.000
2009-09-15,2387.400,2385.33,2405.600,2359.200,30515000.000
2009-09-16,2373.770,2336.61,2380.090,2312.560,31516100.000
2009-09-17,2354.920,2383.03,2389.340,2354.920,33436000.000
2009-09-18,2386.080,2296.32,2389.740,2279.080,38456800.000
2009-09-21,2271.080,2290.26,2292.720,2216.360,27336500.000
2009-09-22,2280.210,2233.08,2307.730,2232.110,26704400.000
2009-09-23,2236.300,2199.08,2258.250,2188.260,24393800.000
2009-09-24,2187.610,2234.71,2262.280,2166.240,27458700.000
2009-09-25,2217.040,2226.0,2244.040,2195.940,20140800.000
2009-09-28,2230.920,2162.15,2242.330,2153.090,17055700.000
2009-09-29,2165.950,2177.43,2194.140,2144.600,19869900.000
2009-09-30,2192.920,2198.41,2216.050,2182.480,19086100.000
2009-10-09,2251.820,2308.68,2309.720,2246.280,24300800.000
2009-10-12,2322.770,2293.82,2335.260,2293.060,24605300.000
2009-10-13,2288.140,2331.64,2334.080,2285.900,19830700.000
2009-10-14,2339.570,2352.24,2389.790,2334.340,32046300.000
2009-10-15,2379.330,2363.6,2402.350,2355.350,22071300.000
2009-10-16,2371.230,2358.97,2384.410,2320.760,21036100.000
2009-10-19,2354.300,2413.01,2415.200,2344.400,27398700.000
2009-10-20,2435.530,2455.18,2459.850,2430.340,35703000.000
2009-10-21,2454.210,2450.46,2483.160,2439.630,32454100.000
2009-10-22,2446.160,2428.97,2458.510,2426.550,21662300.000
2009-10-23,2435.180,2481.54,2498.610,2435.180,33660700.000
2009-10-26,2488.600,2484.52,2499.160,2465.500,24174200.000
2009-10-27,2463.250,2413.22,2467.640,2412.500,28510000.000
2009-10-28,2406.410,2409.32,2424.810,2359.030,22919800.000
2009-10-29,2359.880,2349.01,2378.960,2341.920,22491200.000
2009-10-30,2394.060,2376.03,2413.780,2371.310,21828100.000
2009-11-02,2319.700,2461.62,2466.080,2313.790,31669800.000
2009-11-03,2467.020,2487.73,2500.550,2461.490,26894800.000
2009-11-04,2491.560,2502.45,2519.940,2470.360,29621600.000
2009-11-05,2504.660,2505.14,2517.190,2485.930,28854300.000
2009-11-06,2528.460,2512.42,2536.550,2507.790,31962400.000
2009-11-09,2515.840,2518.99,2520.220,2485.640,27862500.000
2009-11-10,2537.050,2520.57,2549.640,2519.200,31043400.000
2009-11-11,2518.730,2511.68,2526.390,2494.170,27297700.000
2009-11-12,2521.350,2508.5,2536.920,2499.710,29073600.000
2009-11-13,2504.140,2523.99,2525.000,2471.880,34842800.000
2009-11-16,2540.490,2601.51,2602.340,2540.490,47641500.000
2009-11-17,2614.120,2605.81,2627.930,2601.480,38215500.000
2009-11-18,2610.420,2605.84,2624.260,2595.570,33053500.000
2009-11-19,2612.300,2602.84,2626.230,2581.910,34696600.000
2009-11-20,2592.860,2583.01,2604.690,2561.750,34037200.000
2009-11-23,2586.830,2594.04,2594.950,2569.270,31381200.000
2009-11-24,2605.570,2523.28,2615.250,2516.730,52455400.000
2009-11-25,2522.630,2566.21,2567.000,2487.970,46490500.000
2009-11-26,2567.810,2459.2,2573.900,2451.510,51071100.000
2009-11-27,2433.840,2388.94,2448.930,2379.950,34128200.000
2009-11-30,2411.910,2467.48,2468.040,2405.600,33598800.000
2009-12-01,2461.710,2491.9,2497.340,2437.970,41378400.000
2009-12-02,2505.340,2513.32,2527.100,2497.150,39727000.000
2009-12-03,2511.760,2497.27,2511.760,2473.060,33770100.000
2009-12-04,2489.790,2587.15,2589.000,2474.740,65176000.000
2009-12-07,2587.070,2594.97,2606.710,2573.540,40840300.000
2009-12-08,2594.610,2552.67,2595.650,2530.120,33815900.000
2009-12-09,2517.440,2495.03,2531.760,2487.200,28762300.000
2009-12-10,2515.800,2509.75,2527.790,2486.690,23644000.000
2009-12-11,2516.830,2507.2,2539.590,2504.440,19854800.000
2009-12-14,2502.420,2553.81,2569.060,2451.980,39940000.000
2009-12-15,2536.850,2524.86,2555.070,2519.810,28637000.000
2009-12-16,2511.350,2512.58,2551.020,2505.750,24901300.000
2009-12-17,2521.080,2464.8,2530.190,2461.280,29027700.000
2009-12-18,2444.820,2424.69,2459.860,2414.170,30470400.000
2009-12-21,2417.990,2413.07,2430.790,2385.920,22722100.000
2009-12-22,2416.900,2357.27,2419.640,2347.210,25224900.000
2009-12-23,2356.930,2370.08,2377.990,2342.750,22619000.000
2009-12-24,2376.300,2430.36,2435.180,2366.380,28603000.000
2009-12-25,2423.482,2406.597,2430.760,2402.619,18184389.000
2009-12-28,2412.668,2446.218,2463.304,2412.668,23613158.000
2009-12-29,2448.317,2471.357,2472.242,2435.374,24068860.000
2009-12-30,2476.369,2541.806,2547.390,2472.170,48124849.000
2009-12-31,2545.864,2553.8,2563.970,2535.690,33063231.000
2010-01-04,2565.108,2514.646,2570.150,2514.240,27327443.000
2010-01-05,2526.291,2543.991,2560.670,2487.050,35377438.000
2010-01-06,2538.285,2514.014,2549.570,2513.360,29646151.000
2010-01-07,2516.057,2463.758,2527.430,2450.400,32043185.000
2010-01-08,2453.061,2466.165,2470.020,2432.010,22683410.000
2010-01-11,2584.528,2478.81,2584.530,2467.670,40841194.000
2010-01-12,2472.623,2508.039,2513.300,2435.160,38048146.000
2010-01-13,2444.237,2399.642,2457.900,2396.470,49558854.000
2010-01-14,2412.634,2422.771,2428.700,2384.170,30562214.000
2010-01-15,2423.130,2427.807,2445.200,2402.900,25994928.000
2010-01-18,2414.893,2421.188,2421.890,2398.780,30936344.000
2010-01-19,2424.469,2432.713,2450.280,2424.160,27829076.000
2010-01-20,2436.647,2359.485,2439.470,2356.160,34748485.000
2010-01-21,2362.597,2377.753,2391.510,2346.150,29196147.000
2010-01-22,2344.973,2380.055,2398.990,2317.480,40639272.000
2010-01-25,2355.357,2353.471,2389.630,2350.010,20749880.000
2010-01-26,2354.905,2311.447,2363.410,2296.880,24700383.000
2010-01-27,2313.007,2264.605,2319.990,2260.560,22280212.000
2010-01-28,2263.061,2252.61,2267.850,2235.600,19023456.000
2010-01-29,2241.117,2243.994,2276.770,2231.650,18626036.000
2010-02-01,2238.617,2208.936,2238.900,2182.950,22082437.000
2010-02-02,2223.598,2214.033,2261.630,2210.700,19640116.000
2010-02-03,2226.797,2277.798,2278.470,2190.430,24836450.000
2010-02-04,2258.084,2261.358,2276.470,2247.640,17182667.000
2010-02-05,2212.308,2219.6,2233.320,2204.930,18456182.000
2010-02-08,2220.842,2211.135,2233.140,2201.800,12006796.000
2010-02-09,2210.328,2229.038,2234.530,2207.850,10541683.000
2010-02-10,2246.770,2259.99,2260.480,2239.180,12084848.000
2010-02-11,2261.823,2265.138,2275.760,2254.970,12535479.000
2010-02-12,2275.592,2284.386,2286.680,2270.760,13026260.000
2010-02-22,2282.090,2269.045,2291.780,2268.090,13688359.000
2010-02-23,2261.993,2227.952,2261.990,2202.210,15276395.000
2010-02-24,2211.393,2251.7,2252.650,2204.680,16815352.000
2010-02-25,2254.801,2282.64,2286.920,2251.960,24186779.000
2010-02-26,2278.432,2274.325,2288.600,2270.770,15274059.000
2010-03-01,2282.338,2311.075,2316.380,2281.700,19312675.000
2010-03-02,2312.492,2302.185,2320.310,2293.920,15212338.000
2010-03-03,2304.056,2311.841,2312.420,2287.040,15845846.000
2010-03-04,2312.299,2261.926,2312.780,2259.180,19620716.000
2010-03-05,2264.678,2267.939,2276.760,2258.960,13347537.000
2010-03-08,2272.607,2284.682,2290.090,2265.200,12375553.000
2010-03-09,2284.024,2302.393,2315.360,2266.820,18752094.000
2010-03-10,2301.705,2292.503,2318.310,2286.180,16264503.000
2010-03-11,2296.931,2300.043,2316.380,2282.890,18310782.000
2010-03-12,2300.613,2274.532,2306.990,2273.860,14256317.000
2010-03-15,2274.714,2240.731,2276.450,2232.950,13912403.000
2010-03-16,2239.427,2261.761,2262.010,2234.670,11551315.000
2010-03-17,2266.958,2307.083,2307.400,2260.100,17223846.000
2010-03-18,2307.257,2294.947,2318.050,2288.890,15810293.000
2010-03-19,2296.776,2310.546,2313.030,2282.380,15390760.000
2010-03-22,2314.442,2316.631,2330.670,2310.070,19207858.000
2010-03-23,2319.198,2292.004,2321.260,2290.430,16566254.000
2010-03-24,2298.883,2291.833,2313.430,2289.110,16356315.000
2010-03-25,2286.613,2259.141,2286.610,2253.610,15898123.000
2010-03-26,2257.402,2292.673,2302.510,2253.840,19775343.000
2010-03-29,2309.916,2363.976,2368.700,2306.280,39014103.000
2010-03-30,2364.790,2368.51,2372.790,2355.320,18645035.000
2010-03-31,2370.827,2350.818,2372.560,2345.850,20562426.000
2010-04-01,2352.997,2376.597,2381.390,2353.000,23382671.000
2010-04-02,2382.545,2379.194,2386.140,2370.660,22423640.000
2010-04-06,2391.253,2378.575,2403.820,2367.100,21419648.000
2010-04-07,2376.778,2362.281,2377.110,2349.510,17687715.000
2010-04-08,2358.179,2325.672,2358.180,2316.710,21266808.000
2010-04-09,2327.264,2345.754,2346.390,2322.470,15695330.000
2010-04-12,2350.116,2317.383,2353.790,2301.650,25569911.000
2010-04-13,2316.994,2364.837,2368.912,2315.279,29195775.000
2010-04-14,2367.002,2366.611,2371.070,2352.840,20661062.000
2010-04-15,2370.197,2366.572,2374.560,2343.240,21401638.000
2010-04-16,2361.339,2329.12,2361.340,2328.230,16691811.000
2010-04-19,2296.882,2210.82,2296.880,2208.770,36489587.000
2010-04-20,2214.309,2204.812,2224.730,2180.400,23760792.000
2010-04-21,2207.499,2238.501,2239.290,2189.970,23823032.000
2010-04-22,2224.325,2196.224,2224.320,2186.290,26808632.000
2010-04-23,2195.405,2185.155,2208.800,2169.470,23238219.000
2010-04-26,2190.095,2170.319,2197.590,2168.390,17957054.000
2010-04-27,2165.936,2131.841,2165.940,2103.420,26412155.000
2010-04-28,2115.675,2126.529,2137.430,2103.720,16215434.000
2010-04-29,2139.995,2124.735,2156.080,2123.860,16745069.000
2010-04-30,2133.069,2149.453,2150.030,2114.120,21167687.000
2010-05-04,2103.673,2109.812,2130.760,2096.120,15831379.000
2010-05-05,2078.193,2110.045,2110.780,2051.190,24258194.000
2010-05-06,2089.653,2007.012,2089.650,2005.060,22747337.000
2010-05-07,1969.623,1980.168,2012.970,1956.830,25768834.000
2010-05-10,1987.100,2007.522,2016.860,1968.000,19269364.000
2010-05-11,2048.249,1967.66,2051.270,1957.760,24275437.000
2010-05-12,1956.506,2001.131,2002.810,1943.520,23270242.000
2010-05-13,1999.107,2041.556,2044.830,1996.950,24686011.000
2010-05-14,2024.617,2019.73,2035.410,2012.490,15917537.000
2010-05-17,1994.469,1927.692,1994.470,1924.040,21238602.000
2010-05-18,1928.987,1968.37,1977.140,1919.070,21972601.000
2010-05-19,1952.915,1956.22,1986.600,1932.830,18220323.000
2010-05-20,1939.496,1925.244,1971.260,1920.990,16142739.000
2010-05-21,1879.261,1943.429,1944.700,1874.320,20986633.000
2010-05-24,1955.069,2007.763,2017.320,1955.070,29445827.000
2010-05-25,1992.166,1958.458,1994.190,1950.640,20905385.000
2010-05-26,1962.926,1957.943,1974.790,1948.400,13853299.000
2010-05-27,1952.966,1982.952,1987.880,1927.670,18994763.000
2010-05-28,2001.195,1973.622,2005.400,1964.410,18592046.000
2010-05-31,1961.699,1926.109,1975.590,1924.890,17579680.000
2010-06-01,1916.623,1911.432,1938.180,1895.910,18327618.000
2010-06-02,1897.577,1907.902,1908.540,1876.200,16811038.000
2010-06-03,1915.154,1895.147,1927.400,1894.360,14826241.000
2010-06-04,1884.428,1894.45,1899.230,1877.700,12625098.000
2010-06-07,1863.674,1853.363,1873.270,1843.410,15654783.000
2010-06-08,1853.582,1845.13,1866.910,1829.440,13019611.000
2010-06-09,1854.097,1906.896,1914.080,1829.550,24653626.000
2010-06-10,1882.600,1873.824,1891.960,1871.990,14741799.000
2010-06-11,1884.505,1883.196,1901.240,1880.630,13343454.000
2010-06-17,1897.620,1882.133,1901.570,1881.670,10647994.000
2010-06-18,1881.852,1870.871,1900.470,1865.330,14148447.000
2010-06-21,1880.127,1933.616,1938.740,1873.690,24043239.000
2010-06-22,1926.629,1930.002,1937.960,1920.520,13307347.000
2010-06-23,1921.401,1913.626,1933.360,1898.270,12421723.000
2010-06-24,1907.911,1914.646,1935.860,1902.050,10631076.000
2010-06-25,1905.805,1915.91,1927.230,1901.000,12540102.000
2010-06-28,1915.296,1910.469,1931.510,1907.340,11154788.000
2010-06-29,1911.171,1833.037,1914.900,1832.250,20679335.000
2010-06-30,1821.814,1819.109,1830.620,1810.580,14235271.000
2010-07-01,1814.567,1799.881,1826.520,1798.200,11908188.000
2010-07-02,1798.355,1812.58,1817.280,1771.490,18202857.000
2010-07-05,1795.477,1797.66,1811.330,1776.380,12620199.000
2010-07-06,1793.245,1826.395,1826.620,1790.860,15911413.000
2010-07-07,1822.331,1829.557,1829.810,1810.530,11516354.000
2010-07-08,1837.237,1828.131,1846.430,1822.320,11653019.000
2010-07-09,1830.285,1870.303,1883.430,1815.580,20759794.000
2010-07-12,1868.420,1887.67,1897.630,1859.510,21151384.000
2010-07-13,1867.309,1859.152,1869.040,1848.550,14869553.000
2010-07-14,1863.747,1873.038,1893.680,1863.440,17639372.000
2010-07-15,1870.365,1840.668,1890.750,1839.970,14663864.000
2010-07-16,1833.996,1839.219,1844.400,1818.180,11699944.000
2010-07-19,1822.443,1878.528,1884.630,1818.520,17298344.000
2010-07-20,1880.249,1909.965,1915.490,1880.240,25534642.000
2010-07-21,1912.203,1914.33,1925.480,1903.300,22598169.000
2010-07-22,1906.929,1933.877,1936.230,1903.990,20474079.000
2010-07-23,1937.373,1945.451,1956.420,1932.090,24244735.000
2010-07-26,1948.629,1951.87,1955.670,1929.850,16492319.000
2010-07-27,1945.040,1936.074,1947.410,1931.190,15153538.000
2010-07-28,1937.858,1983.628,1986.260,1929.800,29965625.000
2010-07-29,1984.464,1993.87,2002.110,1979.040,39767298.000
2010-07-30,1990.454,1986.76,1991.340,1972.570,22568681.000
2010-08-02,1984.124,2015.655,2019.250,1982.750,26278985.000
2010-08-03,2019.660,1978.414,2022.550,1978.070,28901221.000
2010-08-04,1975.738,1981.525,1988.310,1948.910,24720109.000
2010-08-05,1980.775,1954.336,1980.780,1945.380,23856874.000
2010-08-06,1953.063,1979.228,1980.850,1934.570,24000152.000
2010-08-09,1974.970,1988.02,1992.430,1968.200,25438240.000
2010-08-10,1989.549,1934.587,1991.900,1933.720,29379587.000
2010-08-11,1930.361,1939.844,1950.790,1928.300,20605593.000
2010-08-12,1924.716,1914.451,1941.680,1911.680,20849034.000
2010-08-13,1915.811,1930.671,1931.710,1902.630,22700824.000
2010-08-16,1926.391,1971.295,1974.720,1920.460,27933266.000
2010-08-17,1974.685,1979.789,1984.490,1965.450,25405548.000
2010-08-18,1982.294,1974.664,1997.450,1971.460,24911410.000
2010-08-19,1979.219,1994.162,2005.300,1972.050,28625528.000
2010-08-20,1985.583,1967.061,1998.420,1964.000,25983198.000
2010-08-23,1963.312,1962.778,1982.470,1957.800,15391575.000
2010-08-24,1959.610,1960.055,1979.710,1938.680,19262214.000
2010-08-25,1948.457,1914.997,1954.945,1914.763,22408604.000
2010-08-26,1922.900,1914.64,1930.210,1907.460,14349990.000
2010-08-27,1914.210,1917.58,1919.070,1903.910,12438200.000
2010-08-30,1926.110,1942.56,1948.420,1922.920,21733148.000
2010-08-31,1935.410,1923.91,1935.520,1916.720,20615551.000
2010-09-01,1927.720,1917.33,1949.930,1905.730,25068574.000
2010-09-02,1941.090,1935.92,1945.510,1928.540,21665393.000
2010-09-03,1937.850,1929.19,1938.120,1913.410,23314743.000
2010-09-06,1938.540,1975.68,1977.660,1936.500,33440164.000
2010-09-07,1979.290,1973.14,1983.510,1962.790,22754795.000
2010-09-08,1963.630,1956.33,1963.630,1946.040,25630141.000
2010-09-09,1957.960,1918.29,1957.960,1915.090,25681933.000
2010-09-10,1920.090,1915.65,1926.820,1897.950,19363246.000
2010-09-13,1914.380,1922.14,1936.080,1906.860,21881475.000
2010-09-14,1928.090,1925.01,1939.820,1918.170,22286882.000
2010-09-15,1926.500,1893.03,1926.500,1889.070,21820846.000
2010-09-16,1890.260,1858.45,1895.130,1845.070,27213402.000
2010-09-17,1864.720,1857.31,1869.010,1852.240,17299194.000
2010-09-20,1859.420,1860.85,1873.710,1844.160,15786515.000
2010-09-21,1868.260,1864.41,1873.350,1858.750,10805762.000
2010-09-27,1869.980,1881.55,1882.310,1863.430,17452466.000
2010-09-28,1876.490,1863.88,1876.530,1860.680,22617556.000
2010-09-29,1859.760,1868.75,1889.790,1859.140,23317897.000
2010-09-30,1858.450,1913.11,1914.240,1856.820,27269776.000
2010-10-08,1933.420,1990.01,1997.490,1932.590,40587646.000
2010-10-11,2005.700,2066.95,2084.300,2005.700,67745275.000
2010-10-12,2058.090,2091.78,2094.740,2047.910,49720064.000
2010-10-13,2093.460,2125.61,2126.520,2088.950,54515132.000
2010-10-14,2152.860,2160.84,2201.640,2152.860,87552222.000
2010-10-15,2148.920,2254.39,2255.570,2144.200,96786741.000
2010-10-18,2270.410,2241.72,2321.690,2238.570,97337631.000
2010-10-19,2236.990,2278.35,2278.580,2219.610,52260311.000
2010-10-20,2240.740,2285.21,2320.810,2239.040,68126853.000
2010-10-21,2287.370,2245.25,2290.770,2228.040,48696229.000
2010-10-22,2234.370,2231.06,2255.690,2212.610,38968191.000
2010-10-25,2232.010,2294.45,2295.110,2206.860,50918144.000
2010-10-26,2300.700,2272.21,2310.010,2255.130,54846276.000
2010-10-27,2259.700,2225.37,2291.620,2222.100,42904188.000
2010-10-28,2216.270,2224.24,2237.680,2204.520,35011993.000
2010-10-29,2226.720,2189.48,2228.120,2180.860,35928666.000
2010-11-01,2198.470,2238.47,2238.470,2198.470,42287250.000
2010-11-02,2248.010,2231.7,2265.400,2205.950,52493870.000
2010-11-03,2232.320,2226.47,2258.460,2203.320,52267842.000
2010-11-04,2230.840,2254.76,2259.240,2228.050,43384678.000
2010-11-05,2298.530,2279.0,2308.040,2263.270,53046661.000
2010-11-08,2287.500,2289.96,2294.690,2270.250,41459774.000
2010-11-09,2290.750,2257.35,2290.750,2244.080,43644495.000
2010-11-10,2242.610,2226.16,2242.610,2210.300,42990710.000
2010-11-11,2227.060,2252.28,2278.760,2218.570,52977511.000
2010-11-12,2234.780,2130.58,2248.280,2126.780,63168884.000
2010-11-15,2135.510,2126.7,2144.080,2086.190,44828125.000
2010-11-16,2120.950,2032.5,2120.950,2028.590,39717530.000
2010-11-17,2004.740,2013.61,2047.180,2001.390,31523321.000
2010-11-18,2032.620,2037.46,2046.170,2010.350,25263442.000
2010-11-19,2048.430,2039.44,2049.360,1978.690,31195697.000
2010-11-22,2015.830,2019.67,2037.830,2010.070,26986956.000
2010-11-23,2009.800,1981.26,2009.800,1957.080,26700644.000
2010-11-24,1972.320,2014.16,2026.290,1972.320,28054803.000
2010-11-25,2024.250,2041.34,2042.020,1997.900,28895497.000
2010-11-26,2034.150,2018.4,2040.980,2008.600,21442050.000
2010-11-29,2008.980,2011.9,2023.860,1997.330,18463577.000
2010-11-30,2010.070,1979.89,2021.270,1943.390,27781638.000
2010-12-01,1975.820,1984.31,1992.460,1968.320,15097741.000
2010-12-02,2016.160,1998.15,2019.870,1997.230,21974719.000
2010-12-03,2003.910,2008.12,2014.910,1994.920,16202816.000
2010-12-06,2016.110,2032.03,2038.880,2011.270,22989175.000
2010-12-07,2023.520,2046.72,2056.060,2000.190,22717462.000
2010-12-08,2040.020,2018.46,2050.750,2016.060,21999582.000
2010-12-09,2007.770,1996.38,2026.280,1994.450,25003675.000
2010-12-10,1988.070,2021.65,2026.640,1985.180,22109628.000
2010-12-13,2027.450,2074.33,2074.570,2021.810,38802108.000
2010-12-14,2078.200,2069.92,2084.190,2064.180,30703315.000
2010-12-15,2070.050,2054.02,2076.330,2052.270,25431755.000
2010-12-16,2053.030,2036.55,2056.490,2032.810,21210969.000
2010-12-17,2036.510,2032.14,2036.850,2023.890,15554315.000
2010-12-20,2039.290,1999.53,2045.030,1969.980,23815164.000
2010-12-21,2004.180,2049.22,2052.550,1996.780,27631616.000
2010-12-22,2051.800,2021.98,2057.980,2012.640,23683018.000
2010-12-23,2018.400,2017.67,2048.990,2008.050,23418816.000
2010-12-24,2003.820,2013.25,2025.040,1994.430,21113643.000
2010-12-27,2028.550,1977.69,2045.230,1974.280,27810872.000
2010-12-28,1969.450,1950.33,1979.160,1949.000,21544082.000
2010-12-29,1954.470,1953.33,1960.150,1936.270,18613057.000
2010-12-30,1954.090,1946.52,1957.640,1925.230,22791942.000
2010-12-31,1949.260,1977.37,1978.040,1946.340,25632224.000
2011-01-04,1994.360,2015.11,2021.930,1985.320,32892510.000
2011-01-05,1999.180,1999.22,2011.510,1993.210,28873168.000
2011-01-06,1999.750,1984.28,2010.560,1978.820,20918601.000
2011-01-07,1983.230,2006.37,2035.880,1969.320,39593447.000
2011-01-10,2001.400,1975.74,2019.710,1973.800,27527538.000
2011-01-11,1969.490,1999.76,2004.030,1968.220,25144175.000
2011-01-12,2006.050,2017.15,2021.370,1987.420,26308610.000
2011-01-13,2024.700,2014.17,2026.150,2007.950,22306953.000
2011-01-14,2005.310,1982.62,2006.650,1978.500,20533743.000
2011-01-17,1968.950,1918.42,1978.140,1912.070,27484599.000
2011-01-18,1915.760,1923.69,1929.770,1905.460,16923493.000
2011-01-19,1923.540,1953.35,1954.290,1913.110,19264884.000
2011-01-20,1947.810,1895.0,1947.810,1894.380,21318548.000
2011-01-21,1890.760,1925.84,1959.970,1890.760,30299856.000
2011-01-24,1926.390,1911.75,1937.380,1905.700,25725740.000
2011-01-25,1910.220,1911.31,1921.540,1899.060,19698577.000
2011-01-26,1912.340,1926.04,1929.320,1910.660,14640722.000
2011-01-27,1911.100,1949.37,1954.920,1899.900,30547123.000
2011-01-28,1944.400,1945.14,1952.840,1929.880,23760260.000
2011-01-31,1944.740,1964.11,1965.560,1941.080,22762216.000
2011-02-01,1968.710,1968.69,1972.990,1959.320,17292542.000
2011-02-09,1958.250,1943.0,1976.760,1940.380,19742396.000
2011-02-10,1939.720,1975.98,1977.010,1932.130,20046924.000
2011-02-11,1972.440,1976.47,1982.390,1964.990,25333905.000
2011-02-14,1976.280,2047.69,2053.020,1976.280,48887723.000
2011-02-15,2050.020,2042.64,2070.940,2040.910,42065145.000
2011-02-16,2038.400,2051.49,2051.820,2023.860,32817023.000
2011-02-17,2054.880,2046.97,2065.770,2035.370,28836922.000
2011-02-18,2043.680,2030.32,2047.890,2025.340,23250147.000
2011-02-21,2019.560,2046.08,2046.740,2017.640,27144923.000
2011-02-22,2051.810,1991.01,2053.330,1989.730,38014085.000
2011-02-23,1984.120,1995.68,1998.090,1981.190,25538092.000
2011-02-24,1993.880,2002.83,2008.890,1985.800,23005708.000
2011-02-25,2003.400,2006.66,2019.450,1985.770,21377672.000
2011-02-28,2009.080,2021.85,2023.890,1990.580,22939606.000
2011-03-01,2022.720,2035.36,2048.980,2020.530,31027443.000
2011-03-02,2024.220,2040.89,2050.160,2019.480,30908063.000
2011-03-03,2046.300,2051.65,2083.240,2042.150,49165831.000
2011-03-04,2053.010,2080.14,2083.290,2049.740,32055863.000
2011-03-07,2092.320,2123.28,2127.100,2092.320,45597237.000
2011-03-08,2123.750,2123.78,2135.850,2108.040,30339103.000
2011-03-09,2129.700,2120.21,2139.240,2113.530,26517957.000
2011-03-10,2114.490,2071.72,2114.490,2070.470,28888867.000
2011-03-11,2061.770,2049.11,2075.380,2044.000,21199120.000
2011-03-14,2045.670,2053.52,2056.910,2039.590,18541106.000
2011-03-15,2045.420,2018.39,2045.420,1989.650,30865228.000
2011-03-16,2021.200,2048.93,2053.400,2021.200,23318580.000
2011-03-17,2030.700,2023.05,2047.410,2016.110,25812505.000
2011-03-18,2043.250,2034.48,2048.360,2030.160,21058400.000
2011-03-21,2040.100,2036.23,2051.270,2028.420,19841001.000
2011-03-22,2044.490,2054.75,2059.920,2022.680,21024725.000
2011-03-23,2052.500,2074.81,2077.710,2048.350,24779272.000
2011-03-24,2077.840,2064.17,2080.630,2063.120,18927570.000
2011-03-25,2067.460,2096.29,2105.180,2066.910,32835684.000
2011-03-28,2105.090,2103.04,2126.530,2100.980,35247678.000
2011-03-29,2105.210,2097.56,2130.060,2093.360,39787468.000
2011-03-30,2097.950,2101.44,2113.390,2085.080,29059561.000
2011-03-31,2102.700,2083.75,2109.330,2076.540,22594957.000
2011-04-01,2086.980,2126.45,2126.830,2085.860,24984207.000
2011-04-06,2130.080,2175.78,2180.980,2130.080,52801484.000
2011-04-07,2178.560,2174.4,2185.260,2165.820,34750743.000
2011-04-08,2172.260,2185.32,2187.550,2167.690,27381492.000
2011-04-11,2191.930,2175.96,2212.450,2174.440,40760983.000
2011-04-12,2167.720,2165.83,2182.060,2153.400,33721693.000
2011-04-13,2153.930,2199.23,2199.230,2146.070,31106267.000
2011-04-14,2200.400,2190.15,2209.290,2186.200,35239345.000
2011-04-15,2183.450,2201.09,2214.840,2176.990,28804443.000
2011-04-18,2192.290,2201.37,2214.520,2186.550,30167247.000
2011-04-19,2186.180,2151.96,2186.180,2151.800,26223312.000
2011-04-20,2156.080,2144.27,2162.110,2134.830,24734854.000
2011-04-21,2158.220,2160.7,2173.170,2149.910,23165389.000
2011-04-22,2161.220,2151.67,2169.490,2145.390,21641855.000
2011-04-25,2147.590,2127.46,2149.050,2122.880,24263882.000
2011-04-26,2123.060,2118.33,2134.940,2111.580,20963315.000
2011-04-27,2127.470,2113.01,2138.170,2101.090,23240354.000
2011-04-28,2128.130,2111.49,2150.800,2109.830,26007246.000
2011-04-29,2110.780,2113.87,2116.000,2084.650,21660712.000
2011-05-03,2111.230,2114.42,2117.830,2092.860,16853463.000
2011-05-04,2101.630,2056.7,2103.280,2052.900,23518897.000
2011-05-05,2045.500,2050.07,2056.720,2036.970,21014900.000
2011-05-06,2026.890,2037.75,2053.700,2021.980,17256440.000
2011-05-09,2041.350,2036.76,2051.990,2029.480,13194346.000
2011-05-10,2040.690,2057.67,2058.190,2033.470,11707781.000
2011-05-11,2056.740,2048.34,2062.900,2041.070,13604740.000
2011-05-12,2035.240,2021.28,2044.590,2020.420,13910164.000
2011-05-13,2024.380,2043.26,2043.980,2012.380,17152647.000
2011-05-16,2036.320,2019.54,2047.480,2017.910,13994318.000
2011-05-17,2018.300,2033.78,2049.810,2009.560,15740505.000
2011-05-18,2029.260,2053.64,2059.160,2026.720,13509710.000
2011-05-19,2059.660,2046.11,2065.960,2043.660,12623062.000
2011-05-20,2046.070,2052.54,2059.690,2043.920,12097915.000
2011-05-23,2047.770,1993.07,2047.770,1990.860,19832718.000
2011-05-24,1989.830,1995.27,1999.390,1986.330,13622921.000
2011-05-25,1993.100,1971.1,1997.440,1969.740,13896082.000
2011-05-26,1985.570,1974.33,1990.760,1972.470,11862354.000
2011-05-27,1976.650,1976.69,1993.700,1973.480,15024425.000
2011-05-30,1974.540,1980.74,1993.790,1968.300,13190038.000
2011-05-31,1983.160,2010.56,2011.310,1977.900,14038109.000
2011-06-01,2005.000,2002.66,2007.090,1997.880,13459458.000
2011-06-02,1982.850,1963.05,1991.900,1943.970,22295702.000
2011-06-03,1959.040,1974.95,1978.990,1958.300,13177429.000
2011-06-07,1968.170,1984.45,1986.120,1965.210,11121255.000
2011-06-08,1985.060,1980.67,1985.060,1956.310,13904867.000
2011-06-09,1974.110,1947.88,1977.510,1947.580,14906275.000
2011-06-10,1945.100,1951.03,1953.900,1930.340,13308915.000
2011-06-13,1936.060,1945.72,1950.310,1924.940,13154942.000
2011-06-14,1944.230,1970.1,1977.130,1939.470,21585257.000
2011-06-15,1963.980,1952.08,1971.240,1951.280,14629167.000
2011-06-16,1938.990,1927.05,1942.810,1925.980,13486862.000
2011-06-17,1926.440,1912.38,1935.560,1910.990,14969506.000
2011-06-20,1910.290,1904.8,1915.540,1896.980,15165620.000
2011-06-21,1910.500,1923.82,1925.150,1906.800,15589255.000
2011-06-22,1927.110,1923.56,1932.550,1913.720,13777196.000
2011-06-23,1916.970,1950.87,1956.750,1911.840,16368103.000
2011-06-24,1940.090,1997.3,2009.960,1938.330,31247138.000
2011-06-27,1994.990,1994.58,2007.780,1984.900,20516601.000
2011-06-28,1996.230,1993.72,1998.560,1975.630,17375925.000
2011-06-29,1991.470,1960.77,1992.000,1959.560,20461469.000
2011-06-30,1965.060,1989.43,2003.640,1965.060,22097969.000
2011-07-01,1994.090,1986.03,2002.040,1978.460,20329962.000
2011-07-04,1996.260,2033.85,2035.740,1996.260,28501545.000
2011-07-05,2034.810,2029.62,2040.090,2018.530,24088427.000
2011-07-06,2025.400,2017.17,2025.400,1997.990,22343952.000
2011-07-07,2030.040,2006.14,2038.120,2005.440,27595062.000
2011-07-08,2010.520,2014.73,2026.110,2002.250,19569026.000
2011-07-11,2006.070,2010.69,2015.500,1996.020,15700922.000
2011-07-12,1994.940,1968.08,1994.940,1966.470,19624801.000
2011-07-13,1973.080,1998.41,2003.810,1973.080,20243312.000
2011-07-14,2002.460,2005.75,2012.390,1992.820,22350139.000
2011-07-15,1998.580,2012.03,2014.250,1992.200,20772349.000
2011-07-18,2013.460,2002.83,2014.710,1996.780,19234450.000
2011-07-19,1994.380,1988.3,1997.520,1983.960,18934542.000
2011-07-20,1999.840,1983.67,2002.200,1974.370,15857211.000
2011-07-21,1984.750,1961.3,1989.420,1959.850,16302293.000
2011-07-22,1966.120,1964.83,1974.490,1959.760,12873319.000
2011-07-25,1954.310,1909.81,1955.190,1904.440,24480686.000
2011-07-26,1909.330,1914.15,1919.610,1904.560,14066929.000
2011-07-27,1905.040,1918.79,1920.320,1899.200,17164597.000
2011-07-28,1902.930,1900.22,1906.670,1886.900,17169583.000
2011-07-29,1901.950,1908.21,1926.190,1885.620,18469802.000
2011-08-01,1905.900,1909.95,1919.880,1898.370,12165634.000
2011-08-02,1897.200,1894.32,1897.200,1874.560,12529351.000
2011-08-03,1879.820,1893.0,1901.710,1877.490,12677866.000
2011-08-04,1898.450,1895.43,1911.510,1890.910,10030752.000
2011-08-05,1849.910,1850.14,1863.630,1841.010,18228960.000
2011-08-08,1832.660,1794.43,1848.510,1769.990,28642386.000
2011-08-09,1752.740,1801.82,1810.860,1741.100,28976201.000
2011-08-10,1832.090,1814.67,1837.420,1810.450,22275996.000
2011-08-11,1789.960,1840.29,1843.140,1789.230,20981100.000
2011-08-12,1848.130,1838.16,1850.000,1833.890,16870138.000
2011-08-15,1842.120,1872.39,1872.790,1831.980,18818715.000
2011-08-16,1873.000,1862.89,1886.230,1856.970,18205039.000
2011-08-17,1863.170,1858.3,1873.350,1855.280,12839831.000
2011-08-18,1861.290,1824.86,1863.290,1822.190,13761736.000
2011-08-19,1798.810,1806.28,1811.870,1792.460,16766318.000
2011-08-22,1808.060,1790.14,1820.520,1782.970,12387369.000
2011-08-23,1797.190,1821.19,1821.440,1788.080,12680405.000
2011-08-24,1828.040,1806.79,1832.240,1802.450,12932481.000
2011-08-25,1813.090,1878.48,1878.680,1811.360,33100518.000
2011-08-26,1867.320,1876.33,1879.610,1858.330,17999115.000
2011-08-29,1856.740,1836.88,1856.740,1833.610,17713797.000
2011-08-30,1850.990,1835.07,1871.640,1831.440,16731186.000
2011-08-31,1836.980,1841.54,1847.580,1826.710,12003855.000
2011-09-01,1845.460,1840.37,1859.820,1834.700,11876163.000
2011-09-02,1836.200,1820.68,1841.750,1811.270,11404027.000
2011-09-05,1805.890,1786.46,1805.890,1783.950,12839515.000
2011-09-06,1776.810,1779.52,1789.030,1770.370,12083635.000
2011-09-07,1787.090,1813.86,1816.150,1781.790,12641629.000
2011-09-08,1820.110,1799.78,1820.420,1798.990,8883493.000
2011-09-09,1809.510,1800.93,1827.470,1791.900,11038680.000
2011-09-13,1775.220,1783.18,1787.730,1768.880,10984081.000
2011-09-14,1789.870,1787.11,1792.990,1753.560,12465577.000
2011-09-15,1787.090,1779.68,1799.110,1779.320,12650526.000
2011-09-16,1790.310,1784.93,1798.020,1778.850,10598144.000
2011-09-19,1772.290,1749.7,1772.290,1749.220,11173488.000
2011-09-20,1748.200,1757.64,1766.060,1740.910,9603734.000
2011-09-21,1758.730,1808.37,1814.550,1749.380,20566627.000
2011-09-22,1790.700,1750.61,1797.340,1749.690,17384537.000
2011-09-23,1726.310,1740.32,1748.260,1714.210,17192883.000
2011-09-26,1724.030,1689.93,1743.790,1684.840,16031800.000
2011-09-27,1708.000,1710.99,1721.160,1697.270,13166515.000
2011-09-28,1722.610,1695.84,1725.970,1690.840,12167434.000
2011-09-29,1684.820,1689.54,1703.830,1679.200,13532896.000
2011-09-30,1693.460,1684.5,1702.780,1678.420,13486790.000
2011-10-10,1688.410,1669.35,1693.160,1666.100,11448922.000
2011-10-11,1720.150,1675.42,1726.430,1659.730,19114804.000
2011-10-12,1666.800,1737.36,1739.320,1657.350,27283618.000
2011-10-13,1732.070,1746.94,1751.290,1726.780,21101851.000
2011-10-14,1741.890,1745.21,1749.020,1726.590,13481832.000
2011-10-17,1748.080,1757.06,1770.260,1744.130,13995038.000
2011-10-18,1742.090,1709.28,1746.970,1705.920,15433243.000
2011-10-19,1715.150,1708.95,1729.230,1706.560,12019614.000
2011-10-20,1698.780,1674.03,1702.740,1660.890,15354191.000
2011-10-21,1675.780,1676.1,1691.970,1670.210,12411519.000
2011-10-24,1683.710,1729.03,1732.730,1677.720,21147411.000
2011-10-25,1726.160,1751.68,1758.250,1714.410,22395285.000
2011-10-26,1744.340,1765.63,1784.970,1742.510,26964187.000
2011-10-27,1770.380,1774.51,1779.520,1765.000,17112432.000
2011-10-28,1800.860,1807.06,1827.020,1796.750,29939992.000
2011-10-31,1802.840,1792.05,1804.650,1783.870,17449738.000
2011-11-01,1777.460,1795.39,1817.010,1774.660,19116514.000
2011-11-02,1769.670,1825.45,1826.500,1767.070,22480139.000
2011-11-03,1831.140,1819.04,1842.770,1817.840,27006072.000
2011-11-04,1837.830,1831.76,1843.950,1823.570,20621639.000
2011-11-07,1822.940,1809.8,1831.180,1807.600,14762364.000
2011-11-08,1815.860,1808.61,1824.780,1806.230,16541326.000
2011-11-09,1816.960,1821.76,1827.780,1799.310,15698569.000
2011-11-10,1801.060,1781.91,1806.330,1781.150,17430390.000
2011-11-11,1785.550,1779.51,1792.470,1773.250,11708221.000
2011-11-14,1795.810,1816.06,1820.180,1792.320,15535637.000
2011-11-15,1812.980,1808.18,1816.790,1801.090,12821976.000
2011-11-16,1807.200,1755.42,1807.780,1746.770,18744140.000
2011-11-17,1757.490,1748.45,1763.610,1746.850,11045417.000
2011-11-18,1735.990,1720.76,1743.970,1716.700,13167270.000
2011-11-21,1722.910,1721.39,1725.430,1706.580,9377582.000
2011-11-22,1710.980,1722.23,1724.400,1705.200,9385457.000
2011-11-23,1724.360,1701.06,1726.670,1697.160,9955157.000
2011-11-24,1688.780,1704.69,1716.050,1685.900,9665787.000
2011-11-25,1701.690,1691.67,1709.080,1686.990,7423627.000
2011-11-28,1698.300,1693.67,1707.170,1689.060,7888404.000
2011-11-29,1708.180,1716.09,1717.550,1699.170,9754910.000
2011-11-30,1709.350,1662.75,1712.700,1657.630,14433324.000
2011-12-01,1717.710,1713.05,1745.930,1708.120,27007357.000
2011-12-02,1705.310,1703.67,1711.500,1692.420,11235249.000
2011-12-05,1708.960,1694.25,1711.910,1688.550,12404767.000
2011-12-06,1690.460,1689.01,1697.610,1681.590,9770044.000
2011-12-07,1691.440,1702.45,1706.950,1687.760,8948663.000
2011-12-08,1701.290,1701.68,1716.270,1684.760,9668597.000
2011-12-09,1690.050,1692.06,1702.820,1687.850,8058700.000
2011-12-12,1689.720,1678.7,1692.530,1677.490,7647060.000
2011-12-13,1671.840,1659.17,1676.700,1656.960,6871306.000
2011-12-14,1643.020,1638.95,1654.880,1637.330,7106914.000
2011-12-15,1626.690,1609.53,1632.750,1604.940,8126971.000
2011-12-16,1598.070,1629.0,1629.970,1594.290,13261997.000
2011-12-19,1615.950,1625.26,1627.460,1584.300,13820488.000
2011-12-20,1619.800,1624.44,1646.730,1617.280,12108649.000
2011-12-21,1637.360,1604.25,1643.840,1602.500,11904536.000
2011-12-22,1597.310,1608.24,1618.700,1584.150,14267739.000
2011-12-23,1606.290,1617.94,1632.540,1602.880,11340570.000
2011-12-26,1608.530,1601.47,1621.940,1600.500,9966687.000
2011-12-27,1599.410,1590.99,1613.960,1589.090,9569049.000
2011-12-28,1586.220,1594.83,1596.690,1571.510,12078006.000
2011-12-29,1588.040,1596.59,1604.200,1586.140,10474705.000
2011-12-30,1602.320,1617.61,1620.400,1602.320,13122202.000
2012-01-04,1628.170,1595.12,1631.260,1594.420,12822705.000
2012-01-05,1591.240,1596.59,1622.840,1590.540,18078365.000
2012-01-06,1595.730,1608.36,1609.210,1588.600,13869973.000
2012-01-09,1608.490,1659.05,1659.580,1598.390,21627579.000
2012-01-10,1658.200,1704.74,1707.600,1655.300,28517417.000
2012-01-11,1703.650,1694.26,1709.890,1686.640,18430906.000
2012-01-12,1690.390,1701.45,1717.800,1688.180,17766371.000
2012-01-13,1703.390,1685.91,1710.490,1671.290,17531050.000
2012-01-16,1676.140,1661.99,1689.840,1661.380,11617615.000
2012-01-17,1664.480,1736.61,1736.960,1649.040,25662975.000
2012-01-18,1736.290,1714.7,1750.110,1709.790,21955716.000
2012-01-19,1717.140,1750.52,1757.250,1713.950,21808599.000
2012-01-20,1756.780,1775.09,1779.000,1748.670,22211599.000
2012-01-30,1778.140,1742.82,1778.140,1742.280,18884774.000
2012-01-31,1744.220,1744.71,1754.770,1734.050,13032093.000
2012-02-01,1739.640,1713.68,1751.560,1709.540,13526270.000
2012-02-02,1720.000,1761.94,1761.940,1714.250,17495141.000
2012-02-03,1756.150,1772.19,1780.220,1750.360,19013624.000
2012-02-06,1775.440,1764.82,1781.890,1753.430,16663063.000
2012-02-07,1753.380,1732.02,1756.300,1721.850,14938529.000
2012-02-08,1731.990,1782.06,1786.200,1729.540,22114499.000
2012-02-09,1781.150,1778.1,1789.080,1771.090,19641196.000
2012-02-10,1772.190,1778.32,1800.030,1770.810,23482256.000
2012-02-13,1757.020,1768.54,1786.480,1751.070,17557923.000
2012-02-14,1765.870,1758.98,1767.770,1747.830,12775513.000
2012-02-15,1753.780,1773.17,1784.240,1751.110,18224436.000
2012-02-16,1770.400,1761.88,1776.920,1751.360,17181728.000
2012-02-17,1774.190,1765.65,1778.630,1756.950,12351480.000
2012-02-20,1790.390,1769.41,1792.510,1768.060,18156015.000
2012-02-21,1772.250,1779.94,1780.560,1756.410,13532793.000
2012-02-22,1781.980,1795.26,1798.010,1772.430,24083520.000
2012-02-23,1794.350,1799.64,1805.670,1791.190,23418448.000
2012-02-24,1801.390,1826.72,1827.040,1797.050,32001576.000
2012-02-27,1833.440,1828.41,1851.360,1828.040,35919727.000
2012-02-28,1826.900,1839.06,1843.960,1826.100,25687529.000
2012-02-29,1835.770,1822.77,1841.560,1819.830,20527453.000
2012-03-01,1814.320,1818.28,1827.660,1813.450,14237421.000
2012-03-02,1821.040,1843.85,1844.080,1821.040,23251539.000
2012-03-05,1847.450,1827.94,1850.250,1826.780,24262549.000
2012-03-06,1822.520,1794.26,1824.350,1792.780,23333947.000
2012-03-07,1777.840,1776.36,1793.730,1774.510,18853132.000
2012-03-08,1782.690,1798.1,1804.910,1782.690,19954715.000
2012-03-09,1803.910,1811.49,1811.940,1794.340,17309708.000
2012-03-12,1810.090,1796.94,1810.590,1785.970,20328768.000
2012-03-13,1795.680,1813.2,1814.130,1793.890,17035288.000
2012-03-14,1823.110,1776.41,1831.860,1770.510,38304463.000
2012-03-15,1774.560,1760.48,1783.140,1759.090,25533675.000
2012-03-16,1764.760,1780.08,1781.210,1754.060,19459334.000
2012-03-19,1775.960,1778.98,1781.080,1760.340,20652596.000
2012-03-20,1774.990,1755.72,1775.940,1754.810,21832446.000
2012-03-21,1765.730,1758.62,1775.230,1750.080,21143536.000
2012-03-22,1759.320,1760.33,1770.420,1749.130,16985324.000
2012-03-23,1756.190,1747.92,1760.250,1741.530,16381248.000
2012-03-26,1747.850,1749.89,1754.800,1741.000,11070335.000
2012-03-27,1756.990,1749.19,1760.750,1745.800,12325533.000
2012-03-28,1743.410,1708.85,1746.400,1706.260,17266635.000
2012-03-29,1702.060,1688.09,1709.710,1681.970,17979978.000
2012-03-30,1693.650,1705.63,1706.010,1690.270,15207403.000
2012-04-05,1698.740,1735.28,1739.440,1691.480,22842757.000
2012-04-06,1732.510,1737.51,1739.890,1726.500,15962621.000
2012-04-09,1730.450,1721.43,1735.060,1719.460,10819416.000
2012-04-10,1719.580,1736.24,1737.240,1702.950,12690505.000
2012-04-11,1721.190,1734.59,1748.300,1718.080,15347021.000
2012-04-12,1736.680,1770.95,1771.920,1731.770,21751090.000
2012-04-13,1771.300,1777.07,1785.450,1769.570,17631608.000
2012-04-16,1767.670,1770.68,1778.520,1764.810,12758892.000
2012-04-17,1769.460,1749.4,1773.550,1748.770,12103868.000
2012-04-18,1754.760,1789.63,1791.230,1752.370,21617548.000
2012-04-19,1788.750,1791.38,1797.410,1784.520,16742104.000
2012-04-20,1788.020,1815.88,1816.360,1786.630,23089902.000
2012-04-23,1812.930,1799.91,1819.790,1796.100,19034179.000
2012-04-24,1795.800,1808.86,1832.840,1784.260,27135605.000
2012-04-25,1805.500,1819.22,1823.650,1802.380,21769077.000
2012-04-26,1825.040,1822.21,1829.720,1813.500,18304166.000
2012-04-27,1823.370,1822.54,1831.550,1820.950,15916201.000
2012-05-02,1846.860,1862.76,1874.100,1836.270,30750650.000
2012-05-03,1860.540,1864.3,1868.410,1854.580,19728143.000
2012-05-04,1862.310,1876.66,1877.430,1852.620,22344133.000
2012-05-07,1864.380,1866.62,1871.390,1852.460,23963885.000
2012-05-08,1865.860,1862.4,1866.440,1844.970,23699313.000
2012-05-09,1846.720,1830.13,1847.770,1828.730,20834353.000
2012-05-10,1829.750,1829.61,1835.280,1822.480,18508387.000
2012-05-11,1826.040,1815.73,1834.590,1814.870,14797741.000
2012-05-14,1827.510,1800.5,1829.480,1798.290,19757730.000
2012-05-15,1790.720,1801.06,1802.100,1786.580,15570584.000
2012-05-16,1796.130,1774.24,1797.590,1772.730,16976778.000
2012-05-17,1776.720,1801.11,1805.690,1772.020,15729102.000
2012-05-18,1788.260,1775.57,1790.920,1771.280,15496933.000
2012-05-21,1775.290,1784.94,1795.960,1771.280,14001756.000
2012-05-22,1792.750,1810.41,1811.520,1791.030,15663679.000
2012-05-23,1806.790,1801.47,1815.960,1791.610,15626658.000
2012-05-24,1800.280,1789.43,1812.570,1784.940,14146977.000
2012-05-25,1790.450,1776.38,1795.200,1770.830,12970558.000
2012-05-28,1771.690,1800.91,1801.370,1763.690,18040546.000
2012-05-29,1800.680,1824.43,1827.630,1797.640,22215756.000
2012-05-30,1821.650,1818.39,1825.150,1813.440,15687089.000
2012-05-31,1803.240,1804.59,1813.360,1798.440,12563111.000
2012-06-01,1806.480,1808.53,1820.170,1803.070,14934025.000
2012-06-04,1790.690,1760.95,1791.610,1760.070,18926748.000
2012-06-05,1765.670,1763.7,1772.380,1755.530,12844826.000
2012-06-06,1768.020,1768.57,1776.580,1762.460,13355949.000
2012-06-07,1780.200,1757.77,1782.690,1754.180,12051356.000
2012-06-08,1766.050,1738.59,1766.050,1736.080,17721490.000
2012-06-11,1741.190,1756.03,1762.710,1737.560,14601954.000
2012-06-12,1746.590,1745.45,1753.130,1734.810,14685674.000
2012-06-13,1750.520,1771.42,1772.570,1744.270,14934486.000
2012-06-14,1764.890,1756.3,1769.950,1754.280,12532502.000
2012-06-15,1761.000,1769.49,1775.570,1750.390,15928894.000
2012-06-18,1778.090,1776.24,1785.780,1770.560,11639893.000
2012-06-19,1774.270,1764.88,1775.850,1763.780,11055393.000
2012-06-20,1767.050,1763.63,1775.340,1761.420,10036677.000
2012-06-21,1760.410,1735.34,1760.410,1730.210,13188938.000
2012-06-25,1729.100,1704.57,1729.460,1702.710,15713270.000
2012-06-26,1692.480,1700.5,1708.410,1689.990,11289206.000
2012-06-27,1698.860,1695.03,1708.830,1692.050,9780881.000
2012-06-28,1697.400,1681.38,1702.370,1680.440,9799351.000
2012-06-29,1677.380,1708.86,1710.450,1675.520,13733901.000
2012-07-02,1715.960,1706.17,1716.150,1697.340,14178706.000
2012-07-03,1705.820,1710.41,1723.070,1699.310,12787197.000
2012-07-04,1715.340,1712.94,1721.180,1706.480,10910454.000
2012-07-05,1702.630,1695.36,1703.610,1686.190,11493729.000
2012-07-06,1692.290,1711.58,1715.990,1681.040,17713291.000
2012-07-09,1699.410,1668.02,1708.190,1666.210,17274718.000
2012-07-10,1666.220,1664.42,1679.410,1661.290,11905512.000
2012-07-11,1661.140,1672.25,1674.980,1658.790,11690169.000
2012-07-12,1668.910,1680.05,1690.420,1651.250,20531501.000
2012-07-13,1674.050,1685.02,1698.390,1672.870,11743666.000
2012-07-16,1688.780,1657.62,1688.780,1656.830,12879971.000
2012-07-17,1653.740,1669.71,1676.750,1653.020,10192618.000
2012-07-18,1669.780,1665.86,1673.540,1642.120,11820610.000
2012-07-19,1660.560,1674.27,1687.450,1656.740,15672352.000
2012-07-20,1669.590,1658.3,1673.140,1653.440,12411732.000
2012-07-23,1646.760,1629.06,1646.760,1624.330,11275616.000
2012-07-24,1621.300,1632.95,1644.450,1620.930,11149863.000
2012-07-25,1628.640,1627.96,1639.940,1626.040,8150938.000
2012-07-26,1628.720,1624.46,1640.970,1622.550,10650163.000
2012-07-27,1630.280,1630.31,1642.070,1625.030,12220716.000
2012-07-30,1633.480,1625.64,1645.330,1622.690,12073818.000
2012-07-31,1628.020,1631.89,1643.570,1627.860,13190490.000
2012-08-01,1633.380,1645.62,1651.970,1632.940,11988440.000
2012-08-02,1641.830,1634.55,1645.960,1627.550,11196975.000
2012-08-03,1637.810,1641.6,1642.170,1628.480,10110264.000
2012-08-06,1639.760,1658.37,1661.200,1638.100,14218290.000
2012-08-07,1657.160,1657.91,1662.490,1653.020,13555374.000
2012-08-08,1659.470,1662.77,1671.490,1657.290,12333647.000
2012-08-09,1662.060,1671.95,1673.080,1652.980,11191154.000
2012-08-10,1670.580,1665.18,1675.520,1663.610,12253282.000
2012-08-13,1661.600,1632.0,1661.600,1630.200,15931938.000
2012-08-14,1633.080,1633.14,1636.190,1616.380,13111367.000
2012-08-15,1628.570,1610.41,1630.420,1609.170,9757907.000
2012-08-16,1608.940,1605.28,1614.010,1603.960,7574578.000
2012-08-17,1604.710,1606.0,1609.680,1595.240,8822573.000
2012-08-20,1594.060,1596.19,1599.460,1582.710,9221488.000
2012-08-21,1596.520,1598.5,1609.990,1592.040,11766242.000
2012-08-22,1600.110,1591.33,1602.090,1583.400,10283060.000
2012-08-23,1593.220,1596.57,1602.500,1585.780,12087463.000
2012-08-24,1594.820,1588.11,1598.070,1586.290,11203431.000
2012-08-27,1583.910,1557.17,1583.910,1556.530,14368404.000
2012-08-28,1558.170,1570.44,1578.220,1555.440,13370346.000
2012-08-29,1565.280,1554.4,1569.710,1553.540,12083361.000
2012-08-30,1542.240,1560.29,1564.620,1542.240,13603249.000
2012-08-31,1556.010,1551.2,1564.690,1549.900,10180339.000
2012-09-03,1547.770,1560.08,1567.230,1545.600,15216996.000
2012-09-04,1566.230,1548.04,1567.500,1543.560,13281528.000
2012-09-05,1544.470,1537.53,1548.340,1531.110,14240440.000
2012-09-06,1540.350,1550.97,1551.570,1535.970,13009580.000
2012-09-07,1561.360,1619.21,1634.690,1561.360,37465383.000
2012-09-10,1620.360,1620.03,1628.640,1612.570,22390315.000
2012-09-11,1613.240,1605.07,1613.240,1593.360,15694337.000
2012-09-12,1615.130,1607.99,1623.890,1595.530,15426787.000
2012-09-13,1605.770,1597.16,1611.080,1597.010,12607580.000
2012-09-14,1616.010,1614.7,1626.000,1604.170,20827569.000
2012-09-17,1612.550,1582.09,1615.210,1581.300,16358119.000
2012-09-18,1574.300,1564.98,1576.960,1560.710,11371892.000
2012-09-19,1565.240,1569.07,1571.680,1558.040,12346045.000
2012-09-20,1562.770,1540.96,1562.770,1539.220,15376603.000
2012-09-21,1537.120,1545.96,1557.260,1535.610,14130161.000
2012-09-24,1534.650,1553.97,1560.240,1528.580,13875900.000
2012-09-25,1550.180,1553.7,1560.980,1547.580,10336341.000
2012-09-26,1551.430,1541.14,1557.150,1536.960,9146014.000
2012-09-27,1541.550,1587.96,1600.040,1541.190,20088600.000
2012-09-28,1576.270,1613.09,1616.380,1575.180,22188841.000
2012-10-08,1611.640,1596.14,1623.090,1588.000,11995070.000
2012-10-09,1605.170,1627.66,1635.460,1605.170,18523274.000
2012-10-10,1623.280,1625.33,1627.380,1614.630,11822438.000
2012-10-11,1619.830,1615.75,1624.710,1609.890,13003582.000
2012-10-12,1621.830,1618.66,1636.410,1608.230,13116776.000
2012-10-15,1620.050,1612.95,1622.430,1603.280,9339004.000
2012-10-16,1611.260,1614.14,1624.480,1606.910,10256926.000
2012-10-17,1619.620,1617.66,1624.300,1603.350,11418780.000
2012-10-18,1621.050,1639.67,1643.480,1619.610,16552872.000
2012-10-19,1637.920,1637.77,1643.220,1635.100,11151234.000
2012-10-22,1628.190,1643.34,1648.080,1625.240,11542939.000
2012-10-23,1642.830,1625.81,1646.370,1624.220,12467079.000
2012-10-24,1619.950,1623.64,1631.770,1618.750,11463666.000
2012-10-25,1622.790,1612.95,1632.420,1611.110,13712402.000
2012-10-26,1614.420,1584.7,1616.350,1577.720,13999065.000
2012-10-29,1581.230,1571.53,1583.680,1566.950,10184829.000
2012-10-30,1572.550,1576.32,1586.680,1568.460,13472986.000
2012-10-31,1578.470,1587.05,1588.720,1573.190,13878468.000
2012-11-01,1589.300,1617.73,1625.780,1589.140,19249881.000
2012-11-02,1617.320,1626.61,1628.830,1609.380,15256004.000
2012-11-05,1623.760,1624.71,1634.790,1615.380,16093072.000
2012-11-06,1625.410,1619.74,1627.150,1597.750,13093677.000
2012-11-07,1617.210,1617.83,1626.210,1608.790,13237335.000
2012-11-08,1604.950,1591.61,1609.690,1590.910,12788451.000
2012-11-09,1589.520,1591.85,1598.710,1587.790,11929670.000
2012-11-12,1592.860,1600.88,1601.290,1587.170,13888289.000
2012-11-13,1600.300,1575.26,1600.300,1571.630,12393955.000
2012-11-14,1575.830,1581.95,1585.690,1571.550,10010013.000
2012-11-15,1573.590,1563.7,1579.640,1563.280,10519202.000
2012-11-16,1560.810,1551.56,1562.560,1542.530,11474377.000
2012-11-19,1550.250,1550.89,1551.580,1533.510,10594898.000
2012-11-20,1554.810,1540.49,1557.080,1539.380,8178309.000
2012-11-21,1539.890,1562.97,1563.800,1534.320,10087244.000
2012-11-22,1553.970,1554.75,1557.220,1547.640,7220379.000
2012-11-23,1559.710,1568.75,1574.480,1555.160,11417987.000
2012-11-26,1565.640,1563.2,1569.360,1557.750,8560923.000
2012-11-27,1559.460,1552.92,1563.830,1551.560,11619656.000
2012-11-28,1547.250,1542.07,1549.340,1538.770,11608977.000
2012-11-29,1541.840,1532.92,1549.160,1530.570,11426423.000
2012-11-30,1531.600,1547.76,1550.110,1529.030,12764586.000
2012-12-03,1544.590,1532.18,1557.650,1531.580,15942709.000
2012-12-04,1529.330,1545.95,1550.270,1528.280,13422758.000
2012-12-05,1544.570,1601.74,1608.110,1543.260,35083555.000
2012-12-06,1599.530,1600.42,1608.440,1590.040,19397373.000
2012-12-07,1602.300,1634.92,1637.540,1599.670,31809626.000
2012-12-10,1642.080,1653.28,1659.270,1640.560,30402229.000
2012-12-11,1648.060,1645.01,1657.650,1642.940,20039302.000
2012-12-12,1645.630,1657.13,1659.660,1642.790,20131344.000
2012-12-13,1651.670,1635.63,1654.790,1634.630,16461029.000
2012-12-14,1637.610,1728.06,1728.820,1637.610,47748303.000
2012-12-17,1732.900,1738.85,1750.100,1732.640,38227780.000
2012-12-18,1734.950,1744.85,1768.370,1725.560,34703474.000
2012-12-19,1740.280,1744.02,1759.720,1736.470,25016549.000
2012-12-20,1735.800,1751.94,1757.800,1725.850,25798834.000
2012-12-21,1753.250,1737.99,1769.770,1732.990,25337049.000
2012-12-24,1733.410,1746.44,1759.670,1731.840,19109019.000
2012-12-25,1739.740,1798.88,1808.340,1734.600,36399072.000
2012-12-26,1796.600,1800.56,1806.080,1792.850,25512386.000
2012-12-27,1805.830,1786.78,1816.900,1785.860,24965547.000
2012-12-28,1789.690,1817.85,1819.650,1789.420,26285552.000
2012-12-31,1821.980,1857.68,1858.320,1821.980,32880988.000
2013-01-04,1885.960,1870.5,1899.880,1849.780,39205649.000
2013-01-07,1865.060,1880.26,1892.130,1857.280,28529499.000
2013-01-08,1879.850,1857.69,1883.140,1846.290,25348552.000
2013-01-09,1851.610,1855.34,1861.370,1839.010,25102113.000
2013-01-10,1854.990,1855.49,1875.580,1843.340,25129345.000
2013-01-11,1857.770,1818.98,1863.270,1810.840,26437823.000
2013-01-14,1811.310,1893.1,1900.410,1811.070,35861754.000
2013-01-15,1892.510,1900.05,1907.650,1889.690,32659328.000
2013-01-16,1895.230,1877.0,1898.230,1851.330,31643989.000
2013-01-17,1871.640,1854.94,1872.150,1844.450,23301845.000
2013-01-18,1867.760,1886.79,1897.610,1854.660,25629170.000
2013-01-21,1890.850,1898.44,1899.000,1871.670,31428562.000
2013-01-22,1895.000,1898.5,1917.460,1878.450,41290890.000
2013-01-23,1890.690,1910.14,1911.200,1885.270,28708680.000
2013-01-24,1909.920,1900.18,1961.980,1885.460,46362517.000
2013-01-25,1898.280,1886.45,1905.380,1881.130,21809224.000
2013-01-28,1890.890,1957.4,1958.200,1890.890,40011939.000
2013-01-29,1959.800,1982.62,1993.190,1950.480,41983989.000
2013-01-30,1984.920,1989.31,1991.660,1969.780,40256772.000
2013-01-31,1992.480,1993.25,2000.650,1976.700,37917418.000
2013-02-01,1984.960,2055.72,2058.050,1979.100,43939580.000
2013-02-04,2068.020,2065.39,2087.930,2050.690,55089818.000
2013-02-05,2044.160,2068.95,2076.930,2035.370,50456802.000
2013-02-06,2069.340,2078.49,2088.450,2063.990,35202126.000
2013-02-07,2074.480,2048.57,2077.480,2014.750,43496464.000
2013-02-08,2044.140,2042.42,2061.010,2022.890,34424608.000
2013-02-18,2051.920,2014.58,2055.410,2013.220,32958719.000
2013-02-19,2011.390,1981.07,2018.910,1971.430,31312885.000
2013-02-20,1982.430,1978.3,1984.320,1948.700,29397312.000
2013-02-21,1955.170,1897.9,1955.170,1876.320,44900040.000
2013-02-22,1895.430,1883.47,1902.660,1878.340,25565221.000
2013-02-25,1893.440,1890.77,1912.030,1879.840,22271335.000
2013-02-26,1874.050,1865.13,1916.760,1863.010,36884580.000
2013-02-27,1871.440,1889.48,1907.200,1869.510,28667309.000
2013-02-28,1906.120,1956.61,1957.490,1886.740,39611086.000
2013-03-01,1955.730,1944.42,1963.600,1911.660,32482814.000
2013-03-04,1904.430,1841.62,1904.950,1828.550,48133501.000
2013-03-05,1844.290,1916.71,1917.180,1843.160,40242321.000
2013-03-06,1925.520,1933.7,1943.930,1907.620,36144745.000
2013-03-07,1922.930,1902.37,1937.950,1881.670,32461904.000
2013-03-08,1906.350,1901.48,1917.050,1889.380,23858347.000
2013-03-11,1895.050,1879.82,1899.310,1867.370,19386327.000
2013-03-12,1878.540,1854.62,1900.360,1837.830,28375102.000
2013-03-13,1853.020,1835.61,1860.060,1827.650,21946981.000
2013-03-14,1830.710,1838.36,1850.430,1824.130,20720849.000
2013-03-15,1835.610,1841.32,1894.250,1815.370,38325471.000
2013-03-18,1829.390,1811.24,1841.910,1809.440,25927284.000
2013-03-19,1813.320,1830.96,1836.030,1805.560,21901416.000
2013-03-20,1833.360,1905.77,1905.900,1833.360,40866175.000
2013-03-21,1906.850,1902.3,1912.960,1890.540,26519125.000
2013-03-22,1900.150,1904.46,1913.270,1893.170,20038064.000
2013-03-25,1913.790,1901.93,1927.370,1898.270,23625148.000
2013-03-26,1891.310,1861.26,1894.660,1852.160,28406639.000
2013-03-27,1863.520,1868.44,1891.280,1854.820,23942410.000
2013-03-28,1816.850,1791.64,1816.850,1782.230,44979129.000
2013-03-29,1791.570,1793.19,1797.380,1774.920,25793779.000
2013-04-01,1781.790,1784.07,1796.290,1779.100,17725718.000
2013-04-02,1785.570,1783.22,1805.740,1771.370,22046604.000
2013-04-03,1787.980,1789.67,1805.010,1782.790,18750240.000
2013-04-08,1755.760,1773.1,1775.340,1747.660,19582654.000
2013-04-09,1776.830,1788.63,1800.570,1776.830,19777794.000
2013-04-10,1787.740,1787.93,1794.220,1775.610,17215201.000
2013-04-11,1802.510,1784.13,1808.290,1782.900,16193326.000
2013-04-12,1783.090,1774.51,1794.330,1773.500,14354895.000
2013-04-15,1768.210,1759.8,1777.140,1754.700,17433015.000
2013-04-16,1746.310,1772.64,1774.070,1739.220,22379943.000
2013-04-17,1769.810,1761.62,1774.490,1747.410,16511135.000
2013-04-18,1745.940,1768.15,1772.610,1740.260,17537744.000
2013-04-19,1772.640,1827.98,1836.610,1771.500,33057170.000
2013-04-22,1820.030,1823.95,1830.990,1814.870,21621229.000
2013-04-23,1828.090,1760.68,1828.090,1759.420,23227788.000
2013-04-24,1764.030,1793.89,1809.130,1755.440,22392291.000
2013-04-25,1786.860,1778.29,1800.560,1762.170,20584645.000
2013-04-26,1786.640,1766.04,1793.950,1760.220,16714033.000
2013-05-02,1758.380,1763.05,1766.140,1745.570,17926222.000
2013-05-03,1770.690,1795.49,1821.380,1770.320,24561653.000
2013-05-06,1804.890,1816.6,1826.190,1801.360,21997266.000
2013-05-07,1812.030,1817.93,1824.510,1800.270,19382042.000
2013-05-08,1826.430,1824.38,1842.130,1814.960,21146420.000
2013-05-09,1825.380,1807.86,1826.970,1794.420,19442053.000
2013-05-10,1804.180,1819.12,1823.470,1798.990,16322284.000
2013-05-13,1819.560,1810.72,1823.040,1800.310,17360638.000
2013-05-14,1806.180,1785.57,1807.040,1776.690,18312642.000
2013-05-15,1787.840,1789.43,1795.380,1781.220,12433946.000
2013-05-16,1785.710,1821.45,1822.670,1770.410,24404904.000
2013-05-17,1819.520,1843.81,1849.880,1810.320,27563300.000
2013-05-20,1848.320,1861.25,1877.270,1841.420,29655707.000
2013-05-21,1858.140,1851.08,1863.030,1840.200,19781473.000
2013-05-22,1850.750,1858.2,1862.730,1847.470,19133827.000
2013-05-23,1849.260,1823.74,1855.030,1822.370,20471737.000
2013-05-24,1831.720,1829.14,1842.860,1814.570,16197644.000
2013-05-27,1825.220,1827.26,1838.850,1821.160,17878808.000
2013-05-28,1827.600,1870.09,1870.250,1821.240,30700597.000
2013-05-29,1873.080,1861.7,1882.750,1860.400,26003403.000
2013-05-30,1855.760,1855.46,1866.900,1848.560,20551810.000
2013-05-31,1859.240,1841.37,1865.550,1839.350,17447055.000
2013-06-03,1840.400,1838.64,1854.380,1833.840,17088020.000
2013-06-04,1837.640,1819.5,1837.640,1815.690,18492950.000
2013-06-05,1818.810,1806.82,1820.120,1799.740,13815322.000
2013-06-06,1801.490,1784.7,1803.810,1782.480,14978733.000
2013-06-07,1783.860,1760.22,1793.130,1755.600,19886841.000
2013-06-13,1733.140,1700.8,1733.140,1679.660,25370672.000
2013-06-14,1703.080,1704.15,1706.960,1692.310,18278298.000
2013-06-17,1709.480,1692.48,1712.940,1689.490,14645073.000
2013-06-18,1701.230,1704.22,1711.060,1690.120,14008001.000
2013-06-19,1697.600,1687.61,1697.600,1668.070,15878339.000
2013-06-20,1677.930,1631.55,1677.930,1629.750,18641448.000
2013-06-21,1606.970,1633.16,1645.930,1598.470,21187090.000
2013-06-24,1625.440,1525.17,1625.440,1524.280,33274220.000
2013-06-25,1508.520,1526.8,1529.380,1422.980,40517109.000
2013-06-26,1529.050,1509.68,1529.050,1487.310,28545153.000
2013-06-27,1511.490,1512.2,1530.160,1498.280,26498660.000
2013-06-28,1504.430,1552.38,1562.390,1497.440,31115161.000
2013-07-01,1539.780,1549.37,1551.110,1520.700,20650950.000
2013-07-02,1546.850,1541.34,1551.270,1519.440,22162322.000
2013-07-03,1530.660,1522.91,1530.660,1501.080,22903120.000
2013-07-04,1511.520,1535.32,1550.080,1503.450,23661680.000
2013-07-05,1538.390,1542.05,1556.590,1535.710,20566047.000
2013-07-08,1518.880,1506.73,1528.960,1502.240,19321461.000
2013-07-09,1505.910,1505.3,1513.330,1497.510,15615241.000
2013-07-10,1505.710,1546.74,1547.310,1500.770,23561411.000
2013-07-11,1555.280,1635.66,1653.590,1555.280,53675007.000
2013-07-12,1626.550,1587.59,1634.340,1585.510,34331760.000
2013-07-15,1599.040,1604.66,1631.990,1582.830,28001253.000
2013-07-16,1597.330,1606.34,1606.740,1579.450,21244408.000
2013-07-17,1602.480,1582.14,1612.570,1581.740,22297155.000
2013-07-18,1575.670,1549.35,1583.310,1547.090,20540311.000
2013-07-19,1551.300,1511.4,1557.700,1508.280,24139401.000
2013-07-22,1493.990,1514.05,1515.150,1485.060,19730656.000
2013-07-23,1520.580,1555.84,1569.730,1514.210,26842149.000
2013-07-24,1541.930,1532.35,1550.850,1512.970,22081387.000
2013-07-25,1537.730,1529.3,1548.200,1522.230,18748654.000
2013-07-26,1521.590,1521.61,1529.100,1512.610,13093462.000
2013-07-29,1505.680,1484.21,1505.680,1478.200,18891476.000
2013-07-30,1490.820,1500.94,1524.430,1483.570,18855543.000
2013-07-31,1518.830,1504.17,1535.850,1499.550,15876203.000
2013-08-01,1513.800,1537.81,1541.160,1508.810,20127161.000
2013-08-02,1550.890,1536.51,1558.830,1533.940,18107104.000
2013-08-05,1540.490,1554.19,1554.290,1533.000,15325227.000
2013-08-06,1547.610,1556.3,1564.480,1533.240,19475816.000
2013-08-07,1554.880,1551.16,1575.690,1548.490,21552891.000
2013-08-08,1548.410,1544.62,1561.340,1538.610,15085552.000
2013-08-09,1554.760,1553.04,1562.250,1533.220,21720508.000
2013-08-12,1560.160,1610.27,1610.810,1557.560,36806351.000
2013-08-13,1610.790,1619.74,1621.890,1602.930,26353714.000
2013-08-14,1622.210,1610.22,1643.000,1605.280,23697562.000
2013-08-15,1608.620,1595.15,1624.330,1593.690,19520467.000
2013-08-16,1590.920,1592.79,1711.430,1573.720,52755401.000
2013-08-19,1576.570,1608.86,1617.330,1574.020,26773638.000
2013-08-20,1603.390,1594.54,1628.680,1588.220,27386048.000
2013-08-21,1601.300,1588.08,1602.940,1575.460,18370623.000
2013-08-22,1582.330,1582.62,1606.350,1578.310,17755033.000
2013-08-23,1591.750,1566.29,1595.940,1543.000,21106777.000
2013-08-26,1573.220,1601.38,1604.250,1566.020,23026029.000
2013-08-27,1598.740,1602.0,1609.060,1589.050,19215167.000
2013-08-28,1591.350,1592.87,1603.950,1577.490,27955865.000
2013-08-29,1604.280,1588.15,1607.020,1580.810,20597219.000
2013-08-30,1586.520,1589.78,1599.870,1575.770,23615249.000
2013-09-02,1594.990,1591.93,1601.140,1579.720,24759173.000
2013-09-03,1596.470,1614.54,1615.130,1591.210,25420372.000
2013-09-04,1612.500,1613.54,1620.150,1608.900,21894366.000
2013-09-05,1615.530,1609.6,1616.700,1606.310,16708930.000
2013-09-06,1604.770,1625.85,1630.300,1604.200,23507104.000
2013-09-09,1643.180,1713.39,1720.030,1643.180,66381022.000
2013-09-10,1720.390,1737.58,1738.350,1704.640,61578337.000
2013-09-11,1745.500,1741.32,1765.940,1736.190,56354686.000
2013-09-12,1741.490,1772.66,1798.960,1726.100,60270647.000
2013-09-13,1764.030,1749.24,1776.500,1742.980,38737326.000
2013-09-16,1763.920,1738.25,1765.470,1722.670,47366615.000
2013-09-17,1744.390,1698.63,1748.710,1697.110,41514179.000
2013-09-18,1698.610,1700.59,1710.470,1680.680,29026425.000
2013-09-23,1707.900,1713.08,1716.090,1694.940,28648254.000
2013-09-24,1709.990,1673.56,1710.110,1660.220,34495464.000
2013-09-25,1671.540,1661.61,1687.130,1658.020,24792636.000
2013-09-26,1658.180,1632.69,1658.180,1629.900,28922381.000
2013-09-27,1630.690,1639.15,1641.010,1624.880,19965416.000
2013-09-30,1648.150,1643.06,1653.240,1634.930,17170541.000
2013-10-08,1637.970,1659.71,1664.210,1622.590,28736140.000
2013-10-09,1653.090,1668.48,1673.040,1647.380,23777652.000
2013-10-10,1670.790,1637.93,1671.100,1635.270,25197288.000
2013-10-11,1649.850,1669.27,1672.020,1644.510,28201659.000
2013-10-14,1670.730,1662.17,1671.510,1656.730,28575655.000
2013-10-15,1665.630,1656.26,1666.970,1646.650,24921179.000
2013-10-16,1652.580,1634.22,1652.580,1626.260,24036685.000
2013-10-17,1642.330,1627.18,1647.240,1625.470,19355845.000
2013-10-18,1630.550,1636.8,1647.770,1628.090,18792756.000
2013-10-21,1640.280,1657.58,1659.570,1626.550,23190491.000
2013-10-22,1656.640,1640.07,1656.640,1636.190,22476446.000
2013-10-23,1646.930,1638.5,1670.000,1634.910,26266108.000
2013-10-24,1633.930,1621.6,1640.620,1618.610,21232070.000
2013-10-25,1622.010,1611.52,1635.840,1601.660,24514716.000
2013-10-28,1614.680,1610.69,1616.980,1600.800,16188875.000
2013-10-29,1615.430,1633.72,1655.930,1606.340,36368210.000
2013-10-30,1634.280,1653.42,1654.390,1624.530,28200642.000
2013-10-31,1645.120,1631.05,1645.120,1629.290,25536539.000
2013-11-01,1633.030,1644.75,1650.530,1628.120,20641779.000
2013-11-04,1654.110,1638.51,1659.760,1635.340,16504439.000
2013-11-05,1629.790,1633.66,1637.440,1611.240,19584257.000
2013-11-06,1623.850,1614.21,1630.830,1613.360,18749472.000
2013-11-07,1615.510,1610.58,1619.370,1601.600,15909010.000
2013-11-08,1603.220,1587.44,1613.410,1585.620,16881980.000
2013-11-11,1587.590,1591.14,1596.470,1579.380,14867650.000
2013-11-12,1595.650,1610.78,1611.540,1595.650,15734974.000
2013-11-13,1599.000,1569.24,1599.190,1568.170,20171266.000
2013-11-14,1571.600,1572.73,1574.580,1559.570,18089427.000
2013-11-15,1573.910,1604.82,1622.850,1573.680,29823863.000
2013-11-18,1618.160,1675.16,1676.870,1610.050,45710722.000
2013-11-19,1674.720,1659.53,1675.880,1656.440,29750571.000
2013-11-20,1671.550,1663.76,1676.460,1652.390,23159437.000
2013-11-21,1654.450,1648.09,1654.450,1626.080,27722750.000
2013-11-22,1651.940,1642.5,1655.650,1637.990,24424656.000
2013-11-25,1633.840,1633.78,1659.330,1628.910,22707313.000
2013-11-26,1633.840,1630.94,1641.380,1628.700,16627688.000
2013-11-27,1630.480,1648.79,1657.780,1627.890,24654129.000
2013-11-28,1651.630,1664.62,1680.820,1648.960,28183003.000
2013-11-29,1668.950,1661.41,1671.440,1656.730,19463357.000
2013-12-02,1662.390,1678.87,1695.630,1655.000,47276748.000
2013-12-03,1672.200,1681.51,1686.360,1663.620,26245949.000
2013-12-04,1678.960,1699.18,1709.570,1674.990,35223776.000
2013-12-05,1700.530,1692.38,1703.130,1689.390,24760644.000
2013-12-06,1688.020,1675.26,1692.090,1669.640,22997452.000
2013-12-09,1681.210,1669.87,1687.530,1666.340,19492699.000
2013-12-10,1673.520,1670.55,1679.450,1664.030,19251562.000
2013-12-11,1662.090,1639.18,1662.250,1632.730,24264786.000
2013-12-12,1634.470,1631.91,1641.970,1628.620,16939331.000
2013-12-13,1617.310,1626.41,1631.560,1614.970,16495952.000
2013-12-16,1627.100,1602.45,1631.090,1601.690,19712172.000
2013-12-17,1604.710,1597.27,1607.430,1593.430,15508677.000
2013-12-18,1596.640,1598.68,1606.640,1592.910,12757897.000
2013-12-19,1605.650,1580.11,1609.070,1578.920,17351393.000
2013-12-20,1580.910,1537.41,1583.410,1534.100,26797939.000
2013-12-23,1541.370,1541.27,1553.560,1528.650,15490207.000
2013-12-24,1547.200,1539.6,1557.230,1528.160,15150665.000
2013-12-25,1542.040,1547.36,1547.860,1533.640,13263524.000
2013-12-26,1543.870,1524.88,1543.870,1522.590,17477301.000
2013-12-27,1528.350,1550.22,1559.820,1524.190,19438727.000
2013-12-30,1557.510,1547.92,1560.110,1544.110,17875980.000
2013-12-31,1541.580,1574.78,1578.240,1539.880,23616290.000
2014-01-02,1570.050,1561.1,1570.050,1553.480,15725481.000
2014-01-03,1553.450,1536.07,1554.520,1529.150,21899228.000
2014-01-06,1534.500,1512.93,1534.500,1498.600,24918198.000
2014-01-07,1500.980,1510.65,1515.640,1497.780,15474083.000
2014-01-08,1512.090,1515.33,1527.890,1504.430,17721886.000
2014-01-09,1511.980,1503.88,1525.720,1500.570,16341305.000
2014-01-10,1500.010,1498.27,1506.780,1493.490,16932726.000
2014-01-13,1500.860,1494.61,1510.320,1489.230,17111060.000
2014-01-14,1493.890,1499.29,1505.460,1482.910,17662764.000
2014-01-15,1496.830,1488.51,1498.900,1480.180,14720357.000
2014-01-16,1489.050,1493.09,1504.430,1482.760,17440886.000
2014-01-17,1487.800,1475.67,1489.600,1470.860,18005644.000
2014-01-20,1472.390,1464.84,1476.890,1459.450,12775697.000
2014-01-21,1467.150,1478.88,1488.710,1467.150,12677469.000
2014-01-22,1480.840,1514.12,1514.790,1478.080,24158840.000
2014-01-23,1511.790,1499.03,1514.970,1496.660,17430476.000
2014-01-24,1493.690,1502.06,1514.110,1491.020,18976131.000
2014-01-27,1491.820,1478.86,1491.820,1475.500,19023414.000
2014-01-28,1483.410,1487.8,1492.430,1477.250,14945762.000
2014-01-29,1493.210,1494.49,1498.570,1488.700,14787466.000
2014-01-30,1489.510,1477.34,1489.720,1475.770,12769343.000
2014-02-07,1467.360,1475.34,1475.720,1458.490,13826210.000
2014-02-10,1480.590,1505.83,1507.360,1480.530,24276844.000
2014-02-11,1505.660,1528.32,1536.460,1500.840,34209193.000
2014-02-12,1528.880,1527.0,1537.890,1521.270,23813775.000
2014-02-13,1525.530,1528.02,1548.620,1519.380,35240635.000
2014-02-14,1527.210,1534.24,1536.350,1525.150,21235733.000
2014-02-17,1545.180,1538.1,1549.910,1529.190,26930011.000
2014-02-18,1535.890,1508.54,1535.890,1505.420,25307624.000
2014-02-19,1507.490,1533.4,1541.450,1504.950,31626301.000
2014-02-20,1537.940,1520.14,1556.420,1519.360,36126352.000
2014-02-21,1517.920,1505.33,1521.770,1496.090,24240112.000
2014-02-24,1492.290,1468.06,1492.290,1458.170,28884800.000
2014-02-25,1469.260,1440.89,1475.970,1437.010,26171360.000
2014-02-26,1434.860,1444.2,1447.170,1429.610,23252527.000
2014-02-27,1449.140,1452.46,1462.120,1437.640,32468581.000
2014-02-28,1447.770,1464.32,1467.100,1437.310,25940215.000
2014-03-03,1459.860,1462.69,1467.710,1452.140,29839841.000
2014-03-04,1458.680,1464.28,1468.460,1448.690,26258047.000
2014-03-05,1466.010,1448.33,1466.960,1445.670,20358460.000
2014-03-06,1446.570,1459.51,1466.030,1435.940,25216212.000
2014-03-07,1456.090,1455.58,1472.070,1451.710,23460842.000
2014-03-10,1442.980,1408.87,1442.990,1407.490,25305103.000
2014-03-11,1406.070,1412.73,1420.900,1403.310,18897920.000
2014-03-12,1408.050,1418.7,1429.300,1403.280,22718450.000
2014-03-13,1425.840,1437.39,1451.290,1421.690,26479447.000
2014-03-14,1429.780,1426.4,1438.670,1416.680,19666093.000
2014-03-17,1435.270,1434.16,1438.370,1421.420,14989974.000
2014-03-18,1437.540,1427.63,1438.930,1425.740,18024432.000
2014-03-19,1422.340,1418.71,1422.340,1406.550,16022532.000
2014-03-20,1415.670,1406.92,1432.510,1406.260,20559043.000
2014-03-21,1402.810,1464.08,1468.940,1402.180,43418380.000
2014-03-24,1468.810,1477.53,1486.850,1462.180,41906670.000
2014-03-25,1473.180,1470.12,1483.320,1464.540,25581277.000
2014-03-26,1476.250,1467.08,1480.140,1462.570,19912065.000
2014-03-27,1464.170,1464.53,1486.370,1450.450,25860585.000
2014-03-28,1465.030,1472.05,1483.590,1463.530,26014582.000
2014-03-31,1473.150,1465.78,1477.880,1457.830,19574163.000
2014-04-01,1463.710,1473.14,1481.010,1461.180,16689133.000
2014-04-02,1475.940,1491.3,1492.750,1473.830,23380826.000
2014-04-03,1498.110,1477.49,1504.540,1476.020,25966371.000
2014-04-04,1471.490,1490.33,1491.050,1469.700,15880614.000
2014-04-08,1488.650,1534.75,1543.410,1488.060,43360180.000
2014-04-09,1535.210,1530.88,1539.740,1525.100,24623137.000
2014-04-10,1532.220,1570.4,1587.620,1522.490,48526797.000
2014-04-11,1568.240,1565.31,1576.940,1557.510,37400535.000
2014-04-14,1562.190,1557.7,1568.530,1547.860,21017960.000
2014-04-15,1550.430,1523.22,1550.530,1521.000,24074616.000
2014-04-16,1519.240,1527.05,1536.930,1518.430,19120480.000
2014-04-17,1533.070,1520.56,1534.600,1517.050,16258763.000
2014-04-18,1513.680,1521.28,1524.730,1503.640,19374806.000
2014-04-21,1510.180,1493.76,1526.020,1493.250,18973489.000
2014-04-22,1492.080,1509.55,1510.870,1487.770,20505337.000
2014-04-23,1504.540,1507.89,1514.730,1502.640,17776277.000
2014-04-24,1506.590,1510.29,1523.250,1504.190,15914943.000
2014-04-25,1516.690,1501.05,1522.240,1500.600,24027518.000
2014-04-28,1499.690,1483.78,1505.110,1481.710,19552668.000
2014-04-29,1484.010,1496.01,1497.670,1478.510,18788963.000
2014-04-30,1499.120,1494.81,1500.350,1491.440,18873917.000
2014-05-05,1490.100,1487.53,1493.850,1473.030,19579225.000
2014-05-06,1484.010,1485.25,1497.710,1480.670,17532245.000
2014-05-07,1481.940,1476.18,1485.490,1475.310,15912907.000
2014-05-08,1474.730,1478.72,1499.740,1471.650,17262686.000
2014-05-09,1482.320,1480.74,1486.890,1474.520,15391907.000
2014-05-12,1492.630,1508.39,1513.120,1483.460,28201708.000
2014-05-13,1507.000,1503.52,1510.890,1498.400,20104583.000
2014-05-14,1504.420,1500.82,1510.330,1498.600,15282141.000
2014-05-15,1499.220,1488.77,1503.090,1487.100,16133879.000
2014-05-16,1489.500,1487.73,1493.190,1480.830,13466178.000
2014-05-19,1482.040,1459.21,1482.170,1454.410,15755377.000
2014-05-20,1466.050,1460.82,1468.900,1456.440,12435341.000
2014-05-21,1454.490,1474.14,1474.940,1447.940,11916952.000
2014-05-22,1472.340,1471.55,1493.180,1469.420,15512533.000
2014-05-23,1472.410,1484.38,1484.590,1471.230,11885465.000
2014-05-26,1493.340,1486.05,1495.780,1480.690,12091190.000
2014-05-27,1484.820,1479.73,1488.670,1478.310,12501447.000
2014-05-28,1479.490,1491.76,1493.150,1474.850,15571024.000
2014-05-29,1492.660,1484.31,1497.680,1483.810,14290967.000
2014-05-30,1485.100,1482.1,1490.060,1478.000,13602374.000
2014-06-03,1482.440,1477.52,1491.040,1476.740,13040820.000
2014-06-04,1478.200,1466.39,1478.440,1459.530,13653074.000
2014-06-05,1465.540,1484.24,1484.710,1463.040,12765741.000
2014-06-06,1484.520,1472.27,1484.520,1464.530,12020464.000
2014-06-09,1466.640,1475.35,1489.770,1466.150,13456800.000
2014-06-10,1479.860,1493.53,1493.940,1474.200,18966584.000
2014-06-11,1489.370,1488.76,1493.130,1483.510,12992231.000
2014-06-12,1486.890,1483.86,1490.010,1481.830,14076433.000
2014-06-13,1483.580,1502.96,1509.020,1483.440,21900084.000
2014-06-16,1503.660,1518.7,1521.960,1501.330,24038815.000
2014-06-17,1512.460,1501.94,1512.460,1500.330,16461471.000
2014-06-18,1501.190,1495.43,1504.500,1493.720,15523856.000
2014-06-19,1496.660,1478.04,1500.990,1473.670,16938157.000
2014-06-20,1475.940,1484.48,1485.170,1474.440,13385161.000
2014-06-23,1483.660,1475.76,1489.310,1474.930,13056322.000
2014-06-24,1471.730,1480.13,1481.150,1470.590,12659980.000
2014-06-25,1477.090,1469.95,1477.090,1466.400,11714189.000
2014-06-26,1471.650,1478.01,1480.830,1471.610,13039322.000
2014-06-27,1475.720,1473.76,1480.820,1468.210,16320840.000
2014-06-30,1475.720,1482.41,1486.950,1475.720,16568445.000
2014-07-01,1486.790,1481.66,1488.140,1476.390,15197377.000
2014-07-02,1481.330,1484.84,1486.410,1476.580,16722725.000
2014-07-03,1481.850,1489.55,1492.100,1479.060,17188506.000
2014-07-04,1489.820,1492.46,1495.040,1489.460,15844620.000
2014-07-07,1493.070,1492.84,1497.720,1488.510,15969802.000
2014-07-08,1491.720,1491.96,1493.830,1484.130,13725069.000
2014-07-09,1490.940,1475.14,1491.970,1474.870,18727134.000
2014-07-10,1475.180,1471.17,1478.710,1468.730,16574428.000
2014-07-11,1462.350,1468.54,1474.070,1460.910,18217829.000
2014-07-14,1468.690,1482.78,1482.990,1466.410,19829693.000
2014-07-15,1481.110,1484.66,1487.200,1478.440,21572336.000
2014-07-16,1482.330,1483.18,1490.190,1480.590,24542177.000
2014-07-17,1479.120,1473.67,1479.290,1468.380,16484741.000
2014-07-18,1466.580,1478.76,1486.270,1464.750,20901979.000
2014-07-21,1478.720,1479.84,1483.620,1474.800,16760296.000
2014-07-22,1476.220,1495.93,1500.500,1475.600,24840828.000
2014-07-23,1495.250,1506.76,1512.370,1494.930,28578207.000
2014-07-24,1508.980,1541.9,1546.190,1508.980,44311527.000
2014-07-25,1546.520,1557.02,1557.580,1541.300,31206105.000
2014-07-28,1566.330,1609.48,1617.480,1566.330,66664105.000
2014-07-29,1610.910,1611.85,1621.060,1601.980,46806231.000
2014-07-30,1606.720,1601.38,1619.180,1598.260,44338155.000
2014-07-31,1602.670,1621.85,1622.650,1597.270,34743916.000
2014-08-01,1616.790,1607.97,1639.320,1607.560,44267504.000
2014-08-04,1614.900,1644.63,1644.960,1608.310,44540974.000
2014-08-05,1644.230,1632.41,1646.320,1622.030,33190832.000
2014-08-06,1624.030,1619.01,1626.920,1602.990,32836371.000
2014-08-07,1619.200,1593.42,1623.000,1592.040,35582567.000
2014-08-08,1595.190,1595.66,1600.800,1586.090,28411625.000
2014-08-11,1601.310,1619.25,1621.710,1600.680,27728836.000
2014-08-12,1615.140,1607.91,1615.140,1601.560,24999882.000
2014-08-13,1609.460,1610.14,1619.190,1596.220,30104195.000
2014-08-14,1610.390,1596.84,1614.580,1595.170,27945673.000
2014-08-15,1598.520,1612.0,1615.880,1593.220,27406589.000
2014-08-18,1614.220,1613.13,1623.900,1607.440,26290498.000
2014-08-19,1614.390,1609.09,1615.210,1598.060,28400783.000
2014-08-20,1605.500,1600.34,1605.510,1596.960,24108182.000
2014-08-21,1599.550,1587.03,1600.280,1576.320,27277975.000
2014-08-22,1585.110,1594.18,1596.290,1583.610,23953436.000
2014-08-25,1594.710,1577.43,1595.440,1575.710,26501265.000
2014-08-26,1575.780,1573.39,1584.150,1568.730,23621600.000
2014-08-27,1573.520,1572.79,1578.690,1569.980,16419321.000
2014-08-28,1573.530,1563.89,1580.680,1563.400,20790154.000
2014-08-29,1570.400,1581.28,1582.280,1565.520,22012801.000
2014-09-01,1582.020,1586.02,1587.390,1576.220,22132871.000
2014-09-02,1588.620,1607.5,1609.010,1581.140,34680710.000
2014-09-03,1609.300,1624.03,1628.190,1608.950,38409635.000
2014-09-04,1626.910,1637.29,1638.890,1621.240,32700249.000
2014-09-05,1643.280,1656.24,1657.600,1641.110,41870437.000
2014-09-09,1657.610,1645.11,1660.010,1642.440,30664280.000
2014-09-10,1637.480,1629.98,1637.480,1626.110,29300722.000
2014-09-11,1627.960,1622.81,1648.960,1619.480,36456713.000
2014-09-12,1619.050,1630.2,1630.280,1614.540,28468770.000
2014-09-15,1625.870,1624.07,1626.050,1614.230,34391188.000
2014-09-16,1626.390,1600.92,1629.690,1598.860,50454137.000
2014-09-17,1607.160,1604.92,1609.530,1596.540,29895640.000
2014-09-18,1601.500,1609.87,1616.480,1596.710,33474019.000
2014-09-19,1609.860,1619.58,1623.240,1604.710,30389533.000
2014-09-22,1613.810,1583.89,1613.810,1580.970,29978969.000
2014-09-23,1584.290,1595.64,1598.650,1584.160,24024639.000
2014-09-24,1589.340,1625.73,1628.510,1586.700,45332703.000
2014-09-25,1633.440,1618.52,1636.220,1613.530,37502535.000
2014-09-26,1613.910,1616.09,1618.320,1605.530,26200041.000
2014-09-29,1621.090,1621.82,1627.190,1613.790,39204922.000
2014-09-30,1623.040,1619.7,1625.010,1615.070,33379744.000
2014-10-08,1625.260,1633.57,1633.620,1614.500,38780252.000
2014-10-09,1633.540,1634.04,1639.170,1624.220,40357232.000
2014-10-10,1626.580,1621.71,1630.370,1616.670,36843147.000
2014-10-13,1614.200,1605.99,1614.200,1593.660,33876189.000
2014-10-14,1603.350,1600.3,1614.980,1595.250,33006893.000
2014-10-15,1599.900,1612.77,1615.310,1593.390,34583317.000
2014-10-16,1602.380,1608.73,1629.090,1599.160,49694488.000
2014-10-17,1608.980,1608.52,1616.370,1592.700,43252613.000
2014-10-20,1613.800,1612.4,1615.390,1606.120,28673982.000
2014-10-21,1612.090,1600.84,1615.290,1599.860,30366662.000
2014-10-22,1602.450,1597.12,1612.750,1596.140,29282308.000
2014-10-23,1595.820,1586.56,1604.500,1584.620,33975769.000
2014-10-24,1587.910,1583.42,1592.320,1580.710,26883452.000
2014-10-27,1572.890,1559.91,1572.890,1556.550,24731600.000
2014-10-28,1562.750,1585.74,1586.300,1562.750,27577349.000
2014-10-29,1591.280,1608.4,1616.060,1586.170,40004849.000
2014-10-30,1607.480,1619.1,1623.740,1602.550,50078056.000
2014-10-31,1623.650,1657.29,1665.460,1623.320,83294947.000
2014-11-03,1662.750,1651.05,1664.430,1646.430,58947423.000
2014-11-04,1648.110,1645.62,1650.810,1639.680,58389293.000
2014-11-05,1645.290,1637.62,1647.670,1632.720,51813329.000
2014-11-06,1639.930,1635.96,1643.190,1625.990,40193346.000
2014-11-07,1637.140,1640.32,1667.700,1633.030,67293595.000
2014-11-10,1671.220,1689.02,1689.050,1657.140,85562450.000
2014-11-11,1701.220,1710.88,1740.920,1693.240,133757329.000
2014-11-12,1699.200,1731.02,1731.330,1693.380,66017563.000
2014-11-13,1734.170,1726.34,1750.840,1720.730,79968935.000
2014-11-14,1719.580,1728.81,1729.720,1706.830,61248756.000
2014-11-17,1758.990,1708.1,1758.990,1706.940,58158950.000
2014-11-18,1709.140,1679.42,1709.280,1676.440,55117407.000
2014-11-19,1675.840,1671.65,1681.970,1667.900,40782354.000
2014-11-20,1667.140,1676.6,1683.610,1662.720,37440839.000
2014-11-21,1676.400,1714.71,1717.310,1669.180,53649569.000
2014-11-24,1729.270,1758.1,1772.890,1722.710,104986365.000
2014-11-25,1757.680,1777.67,1780.560,1752.380,73081581.000
2014-11-26,1786.930,1820.49,1821.100,1786.560,93444130.000
2014-11-27,1834.240,1853.0,1853.420,1825.340,108472903.000
2014-11-28,1853.550,1914.44,1915.810,1846.150,162358429.000
2014-12-01,1936.810,1920.38,1968.910,1916.630,156151220.000
2014-12-02,1910.370,2021.54,2040.470,1909.370,153263421.000
2014-12-03,2031.130,2037.58,2107.680,1999.730,191690068.000
2014-12-04,2043.470,2160.66,2161.390,2032.410,172271082.000
2014-12-05,2201.820,2200.25,2259.510,2115.420,225317394.000
2014-12-08,2187.500,2298.85,2317.550,2160.490,199081908.000
2014-12-09,2283.160,2182.69,2402.130,2149.600,269266716.000
2014-12-10,2198.840,2254.82,2263.990,2111.880,190027974.000
2014-12-11,2211.540,2193.54,2269.490,2190.250,146047943.000
2014-12-12,2186.740,2193.29,2250.570,2176.320,111528818.000
2014-12-15,2170.280,2201.54,2208.660,2139.470,108687324.000
2014-12-16,2205.880,2299.28,2299.380,2195.500,148175897.000
2014-12-17,2326.850,2383.95,2392.570,2307.180,211362800.000
2014-12-18,2389.840,2364.04,2413.680,2343.740,158621508.000
2014-12-19,2366.450,2390.28,2408.480,2304.610,158438199.000
2014-12-22,2393.040,2426.68,2479.110,2375.910,218155712.000
2014-12-23,2392.610,2374.95,2462.070,2360.720,135946500.000
2014-12-24,2381.410,2270.88,2388.410,2238.650,123596996.000
2014-12-25,2295.220,2359.66,2360.220,2263.420,121259722.000
2014-12-26,2365.030,2464.82,2471.040,2357.670,152092874.000
2014-12-29,2533.990,2481.66,2557.380,2437.750,184581669.000
2014-12-30,2481.080,2523.63,2550.470,2464.430,149464002.000
2014-12-31,2529.570,2581.57,2590.090,2507.940,154675810.000
2015-01-05,2612.850,2649.64,2678.440,2583.550,182425566.000
2015-01-06,2616.290,2629.4,2691.490,2591.830,173439993.000
2015-01-07,2608.880,2635.23,2668.840,2598.890,128317720.000
2015-01-08,2647.820,2558.11,2656.750,2551.820,118367915.000
2015-01-09,2554.290,2569.02,2692.610,2540.340,156209510.000
2015-01-12,2565.740,2543.85,2596.270,2499.870,119183586.000
2015-01-13,2537.980,2527.83,2567.620,2512.860,77079080.000
2015-01-14,2539.250,2534.23,2569.450,2508.660,84122310.000
2015-01-15,2534.770,2632.89,2633.400,2516.610,111923167.000
2015-01-16,2642.740,2653.03,2685.310,2626.820,134951180.000
2015-01-19,2448.930,2410.2,2512.580,2399.440,140163570.000
2015-01-20,2381.140,2403.72,2439.250,2355.260,137476636.000
2015-01-21,2425.260,2542.32,2553.700,2414.890,148800477.000
2015-01-22,2546.700,2544.31,2557.700,2504.070,113708777.000
2015-01-23,2556.920,2564.51,2612.930,2543.460,124551349.000
2015-01-26,2563.910,2562.36,2565.360,2528.080,95979468.000
2015-01-27,2570.430,2522.1,2574.330,2473.810,116542876.000
2015-01-28,2497.050,2486.28,2534.580,2476.280,86356380.000
2015-01-29,2444.400,2442.04,2465.310,2419.990,81404965.000
2015-01-30,2456.050,2405.38,2471.230,2400.630,76591150.000
2015-02-02,2337.200,2332.53,2376.430,2329.150,84676893.000
2015-02-03,2362.410,2405.76,2413.010,2335.110,82274659.000
2015-02-04,2412.750,2372.46,2439.600,2370.570,77531358.000
2015-02-05,2456.380,2348.92,2456.570,2348.450,110713251.000
2015-02-06,2335.360,2325.24,2366.330,2303.110,76931113.000
2015-02-09,2319.240,2366.77,2392.820,2311.800,73903383.000
2015-02-10,2363.160,2403.55,2409.020,2355.140,68862031.000
2015-02-11,2408.080,2415.13,2423.350,2395.200,50538983.000
2015-02-12,2415.140,2416.45,2425.640,2384.490,60662358.000
2015-02-13,2426.950,2427.47,2464.080,2415.430,83793479.000
2015-02-16,2427.170,2431.21,2437.840,2413.600,62608116.000
2015-02-17,2437.690,2445.26,2464.520,2437.690,60010573.000
2015-02-25,2448.200,2407.46,2448.200,2395.530,63987384.000
2015-02-26,2401.140,2478.06,2482.440,2382.690,94707062.000
2015-02-27,2476.490,2474.59,2498.700,2466.830,85651923.000
2015-03-02,2495.570,2479.24,2498.720,2459.420,88052518.000
2015-03-03,2462.000,2396.8,2462.000,2395.830,91274742.000
2015-03-04,2403.860,2397.99,2416.220,2378.930,64295285.000
2015-03-05,2379.730,2366.9,2382.890,2344.950,77773300.000
2015-03-06,2370.890,2371.62,2393.740,2366.020,64804205.000
2015-03-09,2352.220,2429.87,2443.200,2321.260,106195716.000
2015-03-10,2413.840,2395.43,2424.150,2390.600,78435586.000
2015-03-11,2401.260,2408.5,2444.660,2399.540,70074190.000
2015-03-12,2444.420,2485.11,2505.630,2423.430,124778201.000
2015-03-13,2494.340,2495.28,2532.150,2477.400,104205941.000
2015-03-16,2512.350,2550.86,2551.450,2485.290,104132082.000
2015-03-17,2576.410,2583.2,2586.430,2556.470,132092052.000
2015-03-18,2595.740,2649.64,2649.820,2592.260,147958821.000
2015-03-19,2649.000,2630.24,2649.000,2613.760,133595868.000
2015-03-20,2642.800,2680.68,2710.130,2617.060,153754994.000
2015-03-23,2700.160,2720.67,2724.640,2690.480,142091935.000
2015-03-24,2719.510,2683.65,2720.030,2649.620,153617579.000
2015-03-25,2674.350,2649.16,2691.240,2626.660,132270399.000
2015-03-26,2637.530,2687.76,2714.630,2621.450,133442925.000
2015-03-27,2693.189,2689.24,2715.007,2715.007,119869374.000
2015-03-30,2716.430,2784.46,2793.410,2704.800,181383659.000
2015-03-31,2826.630,2754.66,2860.240,2744.930,175833718.000
2015-04-01,2758.960,2799.45,2810.650,2751.370,125281322.000
2015-04-02,2821.210,2781.64,2824.820,2746.300,122184734.000
2015-04-03,2771.030,2817.18,2817.620,2764.350,112969251.000
2015-04-07,2854.410,2889.45,2889.860,2838.890,160139442.000
2015-04-08,2907.580,2952.08,2960.650,2879.970,179853837.000
2015-04-09,2973.810,2931.77,3021.850,2914.700,176764483.000
2015-04-10,2925.930,2986.6,2992.410,2911.460,141215958.000
2015-04-13,3040.010,3041.12,3059.770,3016.970,169339583.000
2015-04-14,3057.410,3052.41,3074.670,3013.310,162300362.000
2015-04-15,3054.020,3053.3,3119.480,3039.250,179025929.000
2015-04-16,3045.850,3183.3,3183.580,3033.250,171967554.000
2015-04-17,3251.980,3235.33,3271.570,3216.210,207659934.000
2015-04-20,3267.850,3164.46,3296.180,3146.840,265976127.000
2015-04-21,3163.290,3214.36,3214.890,3135.220,184427692.000
2015-04-22,3219.700,3299.22,3300.840,3204.440,201738071.000
2015-04-23,3311.070,3273.4,3313.810,3245.760,177137931.000
2015-04-24,3226.380,3223.96,3250.230,3161.970,185135936.000
2015-04-27,3257.970,3308.45,3313.250,3257.970,200266975.000
2015-04-28,3309.530,3282.33,3370.020,3255.770,266042859.000
2015-04-29,3268.520,3283.28,3304.710,3243.540,146666285.000
2015-04-30,3290.580,3250.49,3309.420,3249.250,146288279.000
2015-05-04,3250.120,3272.0,3273.150,3204.310,133270953.000
2015-05-05,3266.810,3148.81,3270.960,3132.940,170607781.000
2015-05-06,3175.890,3139.02,3244.600,3110.110,147991138.000
2015-05-07,3116.790,3094.88,3142.140,3093.730,109440929.000
2015-05-08,3126.000,3110.46,3138.660,3045.010,103278165.000
2015-05-11,3112.240,3169.13,3169.870,3075.200,133766659.000
2015-05-12,3162.670,3188.31,3200.180,3136.460,130813054.000
2015-05-13,3188.060,3141.3,3188.960,3122.340,117305504.000
2015-05-14,3136.130,3128.57,3153.750,3107.680,105338706.000
2015-05-15,3122.890,3060.41,3124.600,3044.850,109993195.000
2015-05-18,3032.710,2998.39,3045.590,2997.130,87041724.000
2015-05-19,2996.840,3116.09,3127.000,2996.720,111206627.000
2015-05-20,3127.570,3122.85,3181.540,3105.630,124557332.000
2015-05-21,3132.330,3150.9,3156.490,3111.000,94755784.000
2015-05-22,3180.390,3248.85,3249.520,3170.450,150021104.000
2015-05-25,3263.960,3349.95,3350.520,3263.960,158585710.000
2015-05-26,3382.760,3386.59,3390.290,3320.150,147894684.000
2015-05-27,3390.980,3344.74,3404.760,3327.240,147470539.000
2015-05-28,3336.700,3124.62,3350.220,3120.970,178255206.000
2015-05-29,3127.640,3111.33,3161.580,3036.960,133784404.000
2015-06-01,3114.790,3244.32,3250.600,3082.160,141023373.000
2015-06-02,3240.800,3258.31,3269.220,3201.220,134800533.000
2015-06-03,3251.910,3238.43,3259.710,3193.540,128306977.000
2015-06-04,3244.460,3299.03,3316.500,3113.220,184567939.000
2015-06-05,3349.570,3303.99,3365.590,3234.250,188145648.000
2015-06-08,3333.830,3458.71,3469.220,3308.300,248254042.000
2015-06-09,3494.820,3414.0,3494.820,3376.020,220448561.000
2015-06-10,3362.810,3370.38,3415.280,3338.680,155294691.000
2015-06-11,3369.000,3347.12,3383.490,3313.590,138073848.000
2015-06-12,3364.440,3350.25,3374.810,3319.200,145262255.000
2015-06-15,3359.710,3262.48,3366.840,3254.620,167322559.000
2015-06-16,3233.150,3179.65,3275.470,3149.080,155969898.000
2015-06-17,3198.140,3211.71,3222.440,3144.490,159571563.000
2015-06-18,3183.230,3068.49,3183.230,3067.490,137345042.000
2015-06-19,3030.220,2903.06,3067.820,2900.790,131783924.000
2015-06-23,2907.070,3003.16,3007.630,2822.470,135617644.000
2015-06-24,3009.770,3045.24,3052.110,2962.650,141585882.000
2015-06-25,3069.400,2943.99,3082.560,2929.110,160158307.000
2015-06-26,2875.120,2736.7,2953.960,2678.770,183355804.000
2015-06-29,2802.770,2678.37,2822.110,2530.830,212018714.000
2015-06-30,2678.630,2870.02,2872.510,2628.000,219592298.000
2015-07-01,2823.940,2736.85,2872.910,2721.480,169957702.000
2015-07-02,2767.990,2714.25,2805.670,2611.860,209045754.000
2015-07-03,2674.560,2582.27,2738.660,2511.170,184361918.000
2015-07-06,2807.750,2750.0,2807.750,2649.560,344834279.000
2015-07-07,2682.500,2812.45,2825.490,2612.110,350314798.000
2015-07-08,2596.710,2608.98,2760.520,2546.460,377459400.000
2015-07-09,2575.340,2781.08,2828.750,2493.640,271176770.000
2015-07-10,2749.120,2898.41,2997.600,2717.710,296251842.000
2015-07-13,2855.700,2869.05,2949.200,2805.910,233341055.000
2015-07-14,2821.970,2763.07,2843.250,2717.030,194368424.000
2015-07-15,2725.920,2757.95,2779.950,2665.950,185948028.000
2015-07-16,2754.830,2742.85,2780.000,2708.720,135246163.000
2015-07-17,2756.870,2807.06,2834.180,2723.740,130241112.000
2015-07-20,2798.560,2783.76,2815.700,2766.940,130862495.000
2015-07-21,2757.660,2772.77,2799.810,2743.160,115826578.000
2015-07-22,2757.280,2739.79,2771.000,2721.350,106654530.000
2015-07-23,2741.420,2790.76,2796.370,2736.380,113582039.000
2015-07-24,2794.050,2741.04,2807.620,2735.300,123928908.000
2015-07-27,2698.800,2493.29,2715.360,2491.120,136645104.000
2015-07-28,2427.030,2485.67,2531.230,2400.870,140338855.000
2015-07-29,2496.900,2531.45,2535.600,2459.080,93078154.000
2015-07-30,2525.080,2467.37,2548.270,2459.920,86949827.000
2015-07-31,2452.050,2461.24,2490.660,2432.490,74725374.000
2015-08-03,2433.240,2479.72,2479.950,2419.850,88073410.000
2015-08-04,2476.160,2534.71,2535.280,2462.730,66032317.000
2015-08-05,2529.130,2487.06,2537.350,2485.600,62889670.000
2015-08-06,2452.530,2467.52,2505.530,2446.960,47800047.000
2015-08-07,2489.800,2503.8,2520.040,2479.250,57563239.000
2015-08-10,2527.620,2617.66,2626.360,2517.950,109626613.000
2015-08-11,2612.950,2590.71,2623.840,2578.650,99584256.000
2015-08-12,2562.680,2561.13,2598.510,2557.260,75352530.000
2015-08-13,2562.870,2580.78,2585.920,2522.350,70080742.000
2015-08-14,2588.430,2577.04,2592.170,2565.590,72941572.000
2015-08-17,2560.370,2550.47,2561.960,2524.130,71133819.000
2015-08-18,2554.080,2407.97,2572.210,2405.830,101248713.000
2015-08-19,2379.210,2430.28,2431.610,2326.240,90485319.000
2015-08-20,2406.570,2356.92,2421.030,2356.330,68346853.000
2015-08-21,2336.450,2271.36,2362.840,2261.310,78467553.000
2015-08-24,2195.460,2058.25,2203.630,2046.840,115420383.000
2015-08-25,1947.150,1914.05,2044.560,1890.380,118569577.000
2015-08-26,1930.200,1942.45,2028.400,1874.220,124111796.000
2015-08-27,1989.590,2094.72,2095.460,1957.740,116585470.000
2015-08-28,2120.360,2159.96,2167.900,2097.780,115299860.000
2015-08-31,2135.600,2210.45,2214.100,2071.410,117193052.000
2015-09-01,2155.960,2230.32,2239.460,2103.480,158310344.000
2015-09-02,2143.240,2243.63,2248.770,2137.190,166061448.000
2015-09-07,2215.180,2133.98,2247.440,2127.480,85672057.000
2015-09-08,2115.900,2180.13,2185.400,2084.030,61980414.000
2015-09-09,2186.370,2211.2,2225.270,2175.770,76962973.000
2015-09-10,2183.610,2208.48,2218.140,2175.370,53035319.000
2015-09-11,2199.580,2195.39,2218.820,2180.240,36221969.000
2015-09-14,2205.710,2228.15,2228.960,2126.290,84785358.000
2015-09-15,2179.240,2175.17,2188.360,2142.020,55484328.000
2015-09-16,2161.010,2241.95,2277.580,2142.200,56026548.000
2015-09-17,2223.400,2194.82,2260.850,2194.030,55842887.000
2015-09-18,2204.580,2198.99,2226.750,2192.270,36074301.000
2015-09-21,2185.080,2214.45,2220.020,2176.660,36901513.000
2015-09-22,2217.780,2237.31,2259.070,2210.490,42563767.000
2015-09-23,2208.250,2178.55,2219.240,2174.920,34234548.000
2015-09-24,2190.310,2188.09,2198.490,2170.680,25074852.000
2015-09-25,2180.290,2183.4,2191.360,2150.020,35992010.000
2015-09-28,2169.150,2169.94,2175.970,2145.750,20268618.000
2015-09-29,2139.800,2127.2,2145.990,2114.300,25482560.000
2015-09-30,2138.150,2146.12,2161.710,2133.880,25026925.000
2015-10-08,2231.020,2191.34,2231.240,2189.990,39255630.000
2015-10-09,2202.130,2219.29,2226.420,2195.160,33135222.000
2015-10-12,2223.320,2283.43,2308.190,2220.630,62354545.000
2015-10-13,2268.760,2270.95,2282.040,2259.270,36904537.000
2015-10-14,2263.590,2253.91,2284.620,2252.380,41961463.000
2015-10-15,2254.400,2297.9,2297.960,2252.330,46942189.000
2015-10-16,2310.350,2323.77,2328.300,2301.490,60168475.000
2015-10-19,2329.400,2318.47,2346.350,2303.170,53225380.000
2015-10-20,2312.530,2337.08,2337.800,2297.750,46698905.000
2015-10-21,2338.710,2340.36,2369.370,2268.820,97671718.000
2015-10-22,2306.070,2331.79,2337.400,2297.050,54651781.000
2015-10-23,2334.540,2343.97,2350.120,2319.770,48854813.000
2015-10-26,2366.840,2350.02,2381.710,2340.500,52798208.000
2015-10-27,2343.870,2349.9,2353.650,2302.090,46643220.000
2015-10-28,2338.390,2310.7,2342.450,2308.540,40939162.000
2015-10-29,2317.480,2307.34,2323.450,2301.370,29257579.000
2015-10-30,2307.760,2312.97,2336.040,2298.970,37173556.000
2015-11-02,2291.250,2280.09,2310.830,2279.470,33098994.000
2015-11-03,2283.800,2271.65,2294.420,2265.670,27317118.000
2015-11-04,2277.200,2370.5,2374.020,2277.200,62000309.000
2015-11-05,2368.610,2440.65,2503.650,2365.850,148745222.000
2015-11-06,2430.650,2493.48,2501.400,2427.280,102199298.000
2015-11-09,2501.730,2534.08,2592.190,2501.730,133190838.000
2015-11-10,2504.250,2522.68,2559.830,2498.460,90872224.000
2015-11-11,2516.350,2505.83,2517.510,2474.040,66089396.000
2015-11-12,2513.110,2476.43,2513.700,2466.290,58391260.000
2015-11-13,2454.180,2447.77,2481.180,2444.200,55930737.000
2015-11-16,2410.040,2447.29,2447.500,2407.940,42344114.000
2015-11-17,2462.220,2453.26,2514.460,2449.740,68244705.000
2015-11-18,2455.580,2439.45,2473.450,2433.460,59872626.000
2015-11-19,2444.880,2468.49,2469.010,2436.900,41949234.000
2015-11-20,2469.700,2466.76,2483.890,2458.780,48099426.000
2015-11-23,2465.810,2456.84,2485.420,2451.550,44090329.000
2015-11-24,2449.970,2447.9,2452.350,2421.390,40952414.000
2015-11-25,2441.730,2459.56,2460.180,2430.350,42602899.000
2015-11-26,2468.520,2450.96,2481.390,2450.090,44936629.000
2015-11-27,2438.180,2334.44,2439.700,2320.070,55953595.000
2015-11-30,2325.070,2336.29,2347.840,2280.680,52561629.000
2015-12-01,2334.140,2344.83,2365.150,2314.790,41934911.000
2015-12-02,2341.430,2458.41,2463.910,2337.030,81676934.000
2015-12-03,2441.910,2461.45,2481.540,2422.560,81744001.000
2015-12-04,2438.390,2397.56,2442.250,2392.880,47838541.000
2015-12-07,2398.090,2395.58,2404.910,2379.550,29174395.000
2015-12-08,2381.680,2364.34,2386.280,2356.930,33813694.000
2015-12-09,2357.880,2369.74,2386.280,2356.940,28420592.000
2015-12-10,2369.590,2357.21,2402.690,2353.220,31997618.000
2015-12-11,2346.860,2342.45,2357.080,2324.620,31590449.000
2015-12-14,2319.200,2414.92,2418.560,2316.900,47486653.000
2015-12-15,2408.150,2383.83,2410.090,2377.070,34608353.000
2015-12-16,2389.250,2376.53,2394.170,2371.430,28490923.000
2015-12-17,2391.400,2408.32,2424.900,2386.090,44035118.000
2015-12-18,2405.860,2422.83,2466.350,2404.150,53967334.000
2015-12-21,2415.630,2500.06,2513.490,2414.840,73671087.000
2015-12-22,2499.660,2496.05,2506.870,2477.670,51248803.000
2015-12-23,2497.370,2503.06,2550.900,2492.430,68188855.000
2015-12-24,2498.770,2481.75,2505.700,2451.450,48303842.000
2015-12-25,2483.660,2492.34,2496.840,2474.330,29623024.000
2015-12-28,2498.780,2411.41,2502.330,2411.210,48200591.000
2015-12-29,2408.930,2432.88,2435.620,2405.170,27597306.000
2015-12-30,2432.180,2432.77,2434.520,2399.920,28420662.000
2015-12-31,2426.810,2420.8,2437.720,2409.760,29972722.000
2016-01-04,2417.020,2271.37,2417.020,2269.970,34620851.000
2016-01-05,2230.080,2288.11,2309.590,2223.050,48075962.000
2016-01-06,2284.920,2317.65,2321.170,2274.470,38088820.000
2016-01-07,2281.880,2180.59,2281.930,2171.320,11081575.000
2016-01-08,2225.480,2219.61,2257.410,2154.580,51525931.000
2016-01-11,2182.850,2120.23,2202.320,2119.700,48483505.000
2016-01-12,2135.940,2131.37,2151.400,2115.360,35144374.000
2016-01-13,2152.720,2105.51,2157.510,2104.930,32024944.000
2016-01-14,2056.410,2132.08,2136.060,2052.300,36630965.000
2016-01-15,2119.560,2070.93,2128.950,2058.700,34641623.000
2016-01-18,2040.410,2069.27,2092.400,2039.050,26806095.000
2016-01-19,2075.190,2128.57,2135.360,2060.280,37222168.000
2016-01-20,2115.130,2088.72,2124.150,2076.160,39221145.000
2016-01-21,2069.390,2040.98,2112.730,2040.530,34354515.000
2016-01-22,2062.630,2061.96,2074.170,2026.270,27065196.000
2016-01-25,2067.560,2065.44,2074.900,2049.250,21741074.000
2016-01-26,2046.040,1951.61,2050.450,1944.910,37751437.000
2016-01-27,1961.400,1953.46,1972.160,1908.040,39302664.000
2016-01-28,1943.830,1912.72,1960.950,1900.350,29716553.000
2016-01-29,1915.130,1973.01,1986.720,1914.400,38242877.000
2016-02-01,1970.210,1937.07,1973.100,1917.240,27335160.000
2016-02-02,1935.220,1969.62,1978.290,1934.910,26156540.000
2016-02-03,1947.830,1952.37,1955.090,1929.810,21970080.000
2016-02-04,1962.870,1974.24,1983.250,1960.130,25020305.000
2016-02-05,1970.690,1967.26,1979.390,1962.230,20455795.000
2016-02-15,1916.420,1948.28,1958.220,1914.490,18893231.000
2016-02-16,1957.910,2000.9,2005.420,1957.540,30607291.000
2016-02-17,1997.680,2014.44,2020.080,1993.890,34373548.000
2016-02-18,2022.550,2009.27,2034.160,2007.220,30938607.000
2016-02-19,2005.410,2004.11,2013.780,1993.050,21639290.000
2016-02-22,2025.180,2053.86,2064.610,2016.360,39059284.000
2016-02-23,2051.570,2029.52,2051.570,2013.980,26876191.000
2016-02-24,2020.590,2041.39,2041.880,2009.350,26228917.000
2016-02-25,2038.160,1932.6,2038.180,1925.200,42459563.000
2016-02-26,1946.960,1955.4,1965.910,1930.000,26306764.000
2016-02-29,1951.680,1944.61,1953.320,1891.100,39161583.000
2016-03-01,1944.560,1973.19,1988.570,1931.980,29595859.000
2016-03-02,1980.460,2043.41,2045.820,1979.170,50978802.000
2016-03-03,2043.370,2053.27,2057.160,2031.540,45476671.000
2016-03-04,2045.120,2122.27,2128.570,2040.080,85953126.000
2016-03-07,2122.550,2107.67,2133.560,2097.780,40058732.000
2016-03-08,2102.250,2115.16,2118.040,2037.290,39003355.000
2016-03-09,2073.270,2111.92,2112.860,2053.840,38083290.000
2016-03-10,2089.860,2061.45,2102.990,2060.060,20872981.000
2016-03-11,2043.250,2070.72,2071.090,2039.590,24443461.000
2016-03-14,2079.910,2078.41,2117.830,2071.120,35114617.000
2016-03-15,2077.510,2101.12,2105.040,2055.320,34647131.000
2016-03-16,2087.280,2136.13,2142.160,2084.770,60381577.000
2016-03-17,2135.060,2131.48,2156.890,2113.440,38077902.000
2016-03-18,2140.270,2141.18,2165.150,2131.380,62257624.000
2016-03-21,2156.950,2193.39,2214.640,2154.490,78264665.000
2016-03-22,2181.980,2173.26,2196.370,2167.430,50531245.000
2016-03-23,2170.160,2175.28,2186.020,2159.460,35247664.000
2016-03-24,2161.170,2137.59,2161.170,2137.190,33879927.000
2016-03-25,2137.150,2149.2,2156.800,2135.530,22781049.000
2016-03-28,2152.810,2123.03,2166.920,2116.980,25905906.000
2016-03-29,2127.800,2106.86,2133.810,2100.920,25654604.000
2016-03-30,2124.530,2157.53,2160.500,2124.090,35633829.000
2016-03-31,2166.420,2156.54,2171.790,2149.240,32281837.000
2016-04-01,2156.780,2167.78,2168.330,2124.130,34903898.000
2016-04-05,2151.370,2180.26,2186.920,2147.090,38874521.000
2016-04-06,2167.450,2168.04,2176.900,2156.520,28349678.000
2016-04-07,2174.880,2139.4,2177.120,2138.330,25833044.000
2016-04-08,2125.450,2123.8,2132.730,2114.260,22822747.000
2016-04-11,2140.560,2148.44,2167.650,2140.560,30212504.000
2016-04-12,2147.810,2143.9,2150.570,2135.290,19392198.000
2016-04-13,2157.210,2171.31,2197.740,2157.210,51114468.000
2016-04-14,2183.120,2178.87,2190.870,2166.630,24878856.000
2016-04-15,2182.110,2182.07,2190.730,2172.970,23818860.000
2016-04-18,2166.000,2158.23,2168.900,2154.380,24410918.000
2016-04-19,2169.890,2163.61,2173.090,2156.180,18390650.000
2016-04-20,2166.280,2154.89,2169.650,2093.820,47565258.000
2016-04-21,2138.290,2147.72,2171.450,2129.910,30628951.000
2016-04-22,2135.920,2157.72,2161.800,2133.810,20198569.000
2016-04-25,2149.250,2148.28,2156.530,2130.300,17156071.000
2016-04-26,2146.410,2155.79,2163.240,2140.570,15444290.000
2016-04-27,2157.860,2145.38,2159.120,2143.900,14520801.000
2016-04-28,2149.070,2142.06,2155.570,2131.860,17358106.000
2016-04-29,2136.840,2135.51,2146.320,2134.190,15948538.000
2016-05-03,2136.200,2158.27,2167.730,2131.380,25815215.000
2016-05-04,2152.430,2152.93,2159.650,2147.760,17426893.000
2016-05-05,2149.470,2152.88,2155.470,2145.110,14777452.000
2016-05-06,2152.500,2107.01,2153.870,2106.440,24642275.000
2016-05-09,2100.640,2072.47,2100.640,2064.690,24022253.000
2016-05-10,2061.990,2072.38,2084.700,2061.990,17165746.000
2016-05-11,2078.290,2078.41,2089.120,2068.650,18058633.000
2016-05-12,2067.750,2084.84,2089.650,2055.510,17927530.000
2016-05-13,2079.640,2076.19,2089.840,2072.260,15287869.000
2016-05-16,2068.920,2082.62,2082.860,2064.680,13579244.000
2016-05-17,2081.570,2075.47,2083.850,2069.270,14850963.000
2016-05-18,2067.720,2078.76,2081.850,2053.720,23037112.000
2016-05-19,2072.370,2073.8,2083.130,2069.900,14050006.000
2016-05-20,2067.460,2083.12,2083.510,2064.440,13890172.000
2016-05-23,2082.970,2082.41,2095.170,2077.940,14479211.000
2016-05-24,2080.010,2066.64,2080.070,2062.500,13104443.000
2016-05-25,2079.480,2071.91,2084.130,2068.680,11284997.000
2016-05-26,2070.240,2076.14,2083.060,2062.170,13126512.000
2016-05-27,2075.210,2074.92,2080.490,2069.520,10577492.000
2016-05-30,2076.930,2092.16,2093.770,2065.640,17714385.000
2016-05-31,2092.220,2155.66,2158.120,2092.220,40651742.000
2016-06-01,2155.500,2138.96,2158.720,2138.560,25473324.000
2016-06-02,2138.210,2137.65,2144.320,2129.940,16356666.000
2016-06-03,2146.560,2152.64,2157.070,2135.530,20526152.000
2016-06-06,2148.960,2136.32,2151.060,2131.920,13658837.000
2016-06-07,2141.650,2139.07,2145.710,2134.610,14068491.000
2016-06-08,2137.180,2132.96,2138.850,2124.840,16405791.000
2016-06-13,2113.910,2084.3,2122.460,2083.290,21028771.000
2016-06-14,2080.900,2095.02,2098.060,2079.400,15354924.000
2016-06-15,2073.470,2106.63,2115.380,2073.100,19549925.000
2016-06-16,2095.360,2094.81,2105.250,2091.490,17968861.000
2016-06-17,2093.690,2102.2,2115.420,2093.690,17846082.000
2016-06-20,2109.570,2104.22,2110.890,2092.830,12091160.000
2016-06-21,2108.870,2104.56,2130.900,2100.060,17699905.000
2016-06-22,2101.050,2115.77,2116.300,2098.630,13548733.000
2016-06-23,2114.770,2105.53,2114.770,2098.360,15282345.000
2016-06-24,2100.000,2076.3,2112.610,2052.980,22607830.000
2016-06-27,2070.940,2095.89,2096.200,2070.820,16488467.000
2016-06-28,2089.350,2102.05,2104.480,2084.180,17588206.000
2016-06-29,2105.760,2122.97,2124.290,2104.230,29455726.000
2016-06-30,2123.870,2122.63,2130.980,2120.410,20354517.000
2016-07-01,2124.400,2127.09,2133.350,2122.860,16132804.000
2016-07-04,2121.900,2163.29,2169.620,2120.490,30862031.000
2016-07-05,2162.090,2168.85,2174.420,2159.900,32307728.000
2016-07-06,2161.580,2167.1,2169.460,2149.040,24538449.000
2016-07-07,2161.360,2166.88,2173.700,2153.770,26977710.000
2016-07-08,2156.380,2148.76,2158.770,2147.140,19358789.000
2016-07-11,2152.740,2155.72,2175.240,2150.370,28609245.000
2016-07-12,2156.630,2200.35,2201.630,2156.590,40253733.000
2016-07-13,2195.980,2197.79,2222.250,2191.590,43279797.000
2016-07-14,2195.340,2195.23,2199.840,2184.490,24152543.000
2016-07-15,2196.950,2192.39,2200.880,2186.360,21585227.000
2016-07-18,2190.470,2187.98,2205.800,2184.050,29527180.000
2016-07-19,2188.800,2175.4,2193.570,2163.310,21809135.000
2016-07-20,2173.550,2167.12,2178.000,2163.110,14561926.000
2016-07-21,2168.480,2177.78,2185.620,2168.480,18046754.000
2016-07-22,2175.980,2157.23,2177.440,2154.360,18389190.000
2016-07-25,2155.320,2159.55,2167.510,2152.090,14528144.000
2016-07-26,2156.810,2182.5,2183.060,2156.770,18406051.000
2016-07-27,2182.720,2173.97,2186.080,2125.270,37934806.000
2016-07-28,2160.160,2163.81,2173.080,2153.890,25875423.000
2016-07-29,2163.640,2155.24,2166.850,2151.930,18714730.000
2016-08-01,2151.540,2147.56,2155.790,2136.110,20155396.000
2016-08-02,2145.820,2148.45,2151.290,2138.190,12592111.000
2016-08-03,2140.150,2145.79,2149.900,2136.600,15306893.000
2016-08-04,2145.660,2143.84,2146.600,2130.170,14955663.000
2016-08-05,2142.330,2148.68,2159.140,2137.310,16164434.000
2016-08-08,2147.700,2159.67,2159.950,2137.520,16775740.000
2016-08-09,2159.310,2175.34,2176.700,2157.760,22824745.000
2016-08-10,2175.130,2170.1,2179.610,2169.130,17391019.000
2016-08-11,2168.130,2177.06,2205.880,2168.130,26585166.000
2016-08-12,2177.800,2222.49,2222.690,2175.850,34430012.000
2016-08-15,2227.080,2287.66,2310.280,2225.620,63745308.000
2016-08-16,2293.810,2257.7,2302.330,2253.410,61249434.000
2016-08-17,2260.930,2253.74,2270.370,2241.940,30848866.000
2016-08-18,2253.120,2244.72,2274.450,2235.050,33880448.000
2016-08-19,2241.670,2249.34,2254.490,2230.330,28900693.000
2016-08-22,2249.080,2237.13,2253.590,2235.010,26193060.000
2016-08-23,2235.390,2241.95,2256.330,2232.440,23023903.000
2016-08-24,2242.910,2232.21,2244.880,2227.560,18121787.000
2016-08-25,2224.510,2222.15,2226.000,2205.010,21819104.000
2016-08-26,2223.310,2219.31,2232.290,2215.620,16430965.000
2016-08-29,2219.020,2214.26,2220.130,2205.120,19852012.000
2016-08-30,2215.840,2224.06,2229.830,2215.690,19846692.000
2016-08-31,2222.020,2232.71,2237.660,2218.650,16955552.000
2016-09-01,2230.360,2220.4,2235.650,2219.250,19028224.000
2016-09-02,2216.290,2229.89,2231.460,2215.640,20406023.000
2016-09-05,2230.410,2228.72,2240.490,2224.930,17813452.000
2016-09-06,2227.440,2232.45,2241.520,2217.480,21254771.000
2016-09-07,2233.030,2236.55,2246.370,2230.580,22097671.000
2016-09-08,2234.950,2236.63,2239.170,2230.820,14171157.000
2016-09-09,2236.390,2229.31,2241.610,2228.660,17411513.000
2016-09-12,2201.680,2199.98,2202.900,2175.330,34546891.000
2016-09-13,2197.380,2193.19,2199.240,2185.820,14968924.000
2016-09-14,2184.110,2176.52,2187.950,2172.400,18169657.000
2016-09-19,2178.760,2189.46,2191.220,2178.760,14135665.000
2016-09-20,2190.100,2184.21,2190.720,2181.020,11022894.000
2016-09-21,2184.420,2187.15,2191.810,2180.500,12446509.000
2016-09-22,2195.250,2200.7,2210.790,2192.490,15398043.000
2016-09-23,2202.700,2196.29,2203.660,2195.080,11727636.000
2016-09-26,2190.390,2167.26,2190.390,2166.820,16948209.000
2016-09-27,2163.380,2176.45,2176.770,2162.440,12592539.000
2016-09-28,2177.410,2166.72,2177.410,2165.330,9288432.000
2016-09-29,2170.990,2175.37,2183.170,2170.840,11879464.000
2016-09-30,2171.940,2177.35,2182.610,2171.490,9219305.000
2016-10-10,2187.650,2202.87,2204.330,2185.470,19300202.000
2016-10-11,2205.350,2209.23,2212.430,2202.120,21169384.000
2016-10-12,2205.440,2201.0,2205.440,2196.850,15478837.000
2016-10-13,2201.340,2202.12,2204.890,2194.600,18308790.000
2016-10-14,2199.560,2209.81,2211.090,2196.260,23950510.000
2016-10-17,2207.350,2192.88,2209.140,2189.270,23161867.000
2016-10-18,2189.930,2222.78,2224.340,2189.930,31777117.000
2016-10-19,2222.780,2221.53,2230.830,2217.630,29432809.000
2016-10-20,2222.630,2223.42,2228.940,2218.970,19772924.000
2016-10-21,2221.380,2240.75,2246.580,2221.040,35668577.000
2016-10-24,2245.460,2270.95,2285.080,2243.810,49603451.000
2016-10-25,2270.020,2266.17,2274.380,2258.920,32423788.000
2016-10-26,2263.690,2257.12,2266.880,2254.630,27146057.000
2016-10-27,2254.320,2250.26,2256.210,2243.630,23438309.000
2016-10-28,2252.380,2253.8,2271.910,2249.490,28233461.000
2016-10-31,2247.990,2250.47,2253.800,2236.200,19814955.000
2016-11-01,2250.490,2263.48,2263.620,2246.950,22015306.000
2016-11-02,2256.120,2244.74,2259.190,2242.770,22260825.000
2016-11-03,2241.440,2273.63,2283.250,2239.870,40913027.000
2016-11-04,2271.850,2271.93,2284.950,2266.920,36192091.000
2016-11-07,2271.960,2276.95,2279.550,2265.360,25966704.000
2016-11-08,2284.010,2282.42,2294.620,2276.740,32595874.000
2016-11-09,2281.120,2263.92,2281.590,2244.430,37352431.000
2016-11-10,2279.940,2289.45,2297.970,2279.940,34565998.000
2016-11-11,2285.610,2308.43,2315.960,2284.290,56948601.000
2016-11-14,2304.610,2317.77,2338.580,2303.970,61684865.000
2016-11-15,2315.800,2310.9,2319.070,2306.230,34486140.000
2016-11-16,2312.500,2309.94,2314.850,2302.140,32596386.000
2016-11-17,2306.410,2316.72,2317.540,2297.740,35450763.000
2016-11-18,2318.900,2307.27,2323.720,2304.550,34475285.000
2016-11-21,2304.770,2334.68,2350.750,2304.770,57519637.000
2016-11-22,2334.680,2353.0,2357.570,2334.680,65983177.000
2016-11-23,2355.320,2360.34,2375.810,2352.400,54062331.000
2016-11-24,2356.850,2368.73,2382.950,2355.800,37158089.000
2016-11-25,2371.700,2393.95,2394.710,2358.260,44327975.000
2016-11-28,2406.700,2403.14,2427.590,2398.410,77554504.000
2016-11-29,2398.670,2441.58,2455.430,2395.810,93038586.000
2016-11-30,2435.810,2419.41,2444.950,2411.560,68971980.000
2016-12-01,2421.930,2431.31,2448.670,2417.960,73606674.000
2016-12-02,2427.170,2416.51,2430.830,2401.060,77625017.000
2016-12-05,2378.210,2375.26,2386.430,2363.130,72428357.000
2016-12-06,2371.110,2368.68,2382.200,2367.000,42595955.000
2016-12-07,2367.420,2376.92,2377.300,2358.870,36313646.000
2016-12-08,2380.660,2379.0,2387.170,2374.470,39651556.000
2016-12-09,2374.300,2411.31,2422.780,2372.460,67860127.000
2016-12-12,2408.090,2387.16,2423.390,2362.140,70574194.000
2016-12-13,2373.790,2372.93,2382.440,2357.460,41202486.000
2016-12-14,2369.500,2360.38,2384.560,2359.720,46800326.000
2016-12-15,2346.770,2309.82,2354.350,2302.430,42583252.000
2016-12-16,2302.870,2302.32,2315.540,2298.430,30579551.000
2016-12-19,2299.710,2291.38,2303.690,2288.300,24162297.000
2016-12-20,2293.400,2279.68,2295.110,2262.880,30105533.000
2016-12-21,2282.120,2297.37,2304.600,2282.000,40184256.000
2016-12-22,2293.350,2292.04,2298.190,2280.790,29222980.000
2016-12-23,2290.250,2278.48,2291.720,2271.130,33060817.000
2016-12-26,2266.380,2294.71,2295.690,2251.710,29923521.000
2016-12-27,2291.230,2286.96,2300.160,2286.430,24597656.000
2016-12-28,2286.410,2277.18,2289.810,2269.160,23304574.000
2016-12-29,2273.220,2275.11,2282.190,2265.890,23997471.000
2016-12-30,2276.810,2286.9,2286.990,2272.500,25480755.000
2017-01-03,2285.270,2307.89,2311.290,2285.270,25908920.000
2017-01-04,2305.910,2322.21,2324.560,2304.170,26104403.000
2017-01-05,2322.420,2322.68,2326.180,2317.890,26528712.000
2017-01-06,2323.010,2308.94,2326.430,2308.370,26445124.000
2017-01-09,2308.440,2318.34,2321.690,2307.160,26523074.000
2017-01-10,2316.160,2312.6,2321.000,2309.940,24055981.000
2017-01-11,2311.920,2300.47,2317.660,2299.310,26928346.000
2017-01-12,2299.490,2295.4,2310.780,2294.320,22139174.000
2017-01-13,2293.470,2308.06,2315.210,2291.060,27540467.000
2017-01-16,2303.320,2337.39,2343.270,2282.240,59294735.000
2017-01-17,2326.010,2329.59,2332.840,2320.030,19170449.000
2017-01-18,2330.140,2342.78,2349.390,2327.930,20298891.000
2017-01-19,2335.660,2334.96,2349.640,2330.340,21090735.000
2017-01-20,2334.490,2347.18,2350.260,2333.470,17511288.000
2017-01-23,2350.550,2347.1,2358.470,2340.530,19311321.000
2017-01-24,2347.500,2352.42,2357.170,2343.460,20110777.000
2017-01-25,2349.520,2358.7,2358.950,2345.700,17800221.000
2017-01-26,2359.430,2364.02,2371.930,2359.430,18629831.000
2017-02-03,2367.530,2339.99,2368.910,2338.200,14515951.000
2017-02-06,2346.440,2343.97,2351.560,2336.900,19895715.000
2017-02-07,2343.660,2337.53,2347.360,2331.780,16972740.000
2017-02-08,2334.680,2346.43,2347.100,2323.910,24237691.000
2017-02-09,2345.840,2354.9,2364.140,2343.730,31381646.000
2017-02-10,2357.590,2368.18,2374.480,2357.210,39306360.000
2017-02-13,2369.700,2379.31,2382.920,2369.490,34603826.000
2017-02-14,2381.100,2373.51,2381.630,2367.050,24227167.000
2017-02-15,2375.620,2372.19,2385.120,2369.430,38949257.000
2017-02-16,2373.310,2376.76,2378.450,2366.160,29629497.000
2017-02-17,2378.660,2362.71,2389.320,2361.000,31090474.000
2017-02-20,2361.760,2394.12,2395.530,2361.510,44690411.000
2017-02-21,2396.220,2396.88,2410.350,2393.370,32569800.000
2017-02-22,2397.490,2398.19,2399.400,2389.060,24513009.000
2017-02-23,2397.560,2387.42,2402.570,2379.560,23458671.000
2017-02-24,2385.050,2389.88,2390.390,2377.100,25680121.000
2017-02-27,2384.920,2370.56,2387.820,2365.470,23827555.000
2017-02-28,2369.470,2370.71,2379.430,2366.240,16793558.000
2017-03-01,2371.650,2371.93,2383.510,2368.620,27863124.000
2017-03-02,2376.970,2354.91,2380.240,2354.140,23062731.000
2017-03-03,2347.910,2347.15,2350.670,2338.850,20483107.000
2017-03-06,2346.040,2349.89,2355.090,2342.520,21112399.000
2017-03-07,2349.620,2356.29,2356.960,2347.170,20251348.000
2017-03-08,2353.620,2358.07,2362.960,2351.700,24369833.000
2017-03-09,2352.750,2346.55,2353.540,2334.340,26630667.000
2017-03-10,2343.310,2339.23,2347.460,2336.320,17988811.000
2017-03-13,2337.360,2354.89,2355.220,2328.620,24624011.000
2017-03-14,2353.720,2354.9,2359.310,2349.280,19017006.000
2017-03-15,2352.390,2357.31,2357.850,2345.440,21062595.000
2017-03-16,2362.360,2369.19,2376.510,2362.360,30278210.000
2017-03-17,2371.610,2346.96,2373.540,2342.020,30767623.000
2017-03-20,2352.110,2350.07,2355.530,2337.530,27149291.000
2017-03-21,2352.210,2357.14,2358.550,2348.870,28887921.000
2017-03-22,2347.860,2338.55,2352.760,2330.120,32891982.000
2017-03-23,2340.060,2347.43,2356.270,2334.120,26712552.000
2017-03-24,2350.690,2365.6,2373.580,2341.620,40120772.000
2017-03-27,2364.750,2364.43,2381.770,2360.670,35491156.000
2017-03-28,2368.150,2356.31,2368.380,2353.080,24813635.000
2017-03-29,2358.000,2352.69,2363.770,2349.120,29018549.000
2017-03-30,2350.920,2346.67,2356.440,2335.230,31113066.000
2017-03-31,2344.960,2359.75,2361.320,2340.770,29505146.000
2017-04-05,2369.490,2384.26,2384.680,2365.340,40075442.000
2017-04-06,2384.430,2390.39,2395.120,2376.150,39325003.000
2017-04-07,2390.910,2388.27,2394.050,2379.330,36248630.000
2017-04-10,2388.560,2379.16,2391.950,2377.430,31258026.000
2017-04-11,2374.920,2382.11,2385.050,2354.020,39200826.000
2017-04-12,2378.930,2378.86,2385.610,2362.430,33640316.000
2017-04-13,2369.610,2368.11,2373.370,2364.440,22793060.000
2017-04-14,2367.780,2355.52,2368.800,2344.610,24318969.000
2017-04-17,2348.750,2357.52,2359.180,2334.890,26376250.000
2017-04-18,2352.510,2337.35,2352.790,2336.770,23753656.000
2017-04-19,2331.660,2325.04,2335.990,2311.660,27919435.000
2017-04-20,2324.370,2335.65,2336.540,2321.000,26576725.000
2017-04-21,2336.440,2347.67,2350.870,2333.230,27073712.000
2017-04-24,2344.190,2341.93,2344.190,2323.670,31093007.000
2017-04-25,2337.520,2344.74,2348.600,2334.000,19382943.000
2017-04-26,2345.630,2344.5,2360.280,2338.860,26470622.000
2017-04-27,2337.460,2351.64,2352.680,2327.470,29834076.000
2017-04-28,2348.290,2347.04,2348.290,2331.820,20733683.000
2017-05-02,2341.750,2336.79,2350.510,2334.880,16218321.000
2017-05-03,2335.820,2329.77,2342.140,2324.190,18747685.000
2017-05-04,2325.010,2325.43,2332.090,2317.140,20767410.000
2017-05-05,2318.920,2320.6,2320.600,2297.450,30951074.000
2017-05-08,2309.240,2326.1,2326.100,2298.320,34650123.000
2017-05-09,2312.850,2316.29,2320.290,2307.870,16157315.000
2017-05-10,2315.560,2324.92,2337.050,2315.560,22318926.000
2017-05-11,2318.050,2339.29,2342.180,2313.830,28395441.000
2017-05-12,2336.610,2375.45,2375.640,2335.370,28906784.000
2017-05-15,2380.270,2381.75,2394.520,2378.970,23412410.000
2017-05-16,2376.900,2381.32,2381.730,2362.110,23892047.000
2017-05-17,2377.120,2363.56,2378.990,2361.630,20858225.000
2017-05-18,2348.870,2354.75,2361.020,2347.380,17121231.000
2017-05-19,2351.520,2361.66,2363.360,2351.520,14304568.000
2017-05-22,2359.970,2381.55,2384.160,2358.780,22780231.000
2017-05-23,2378.740,2411.8,2412.030,2376.640,34620556.000
2017-05-24,2402.520,2407.57,2413.420,2382.190,22774332.000
2017-05-25,2399.360,2473.5,2476.910,2399.270,50363335.000
2017-05-26,2467.900,2471.21,2483.750,2462.230,30989733.000
2017-05-31,2470.940,2479.08,2502.850,2462.260,29878344.000
2017-06-01,2476.210,2496.45,2497.690,2465.480,30766330.000
2017-06-02,2494.370,2475.46,2499.710,2472.650,23664148.000
2017-06-05,2468.940,2450.35,2473.360,2442.270,28735857.000
2017-06-06,2447.040,2466.01,2466.310,2444.190,17467322.000
2017-06-07,2468.550,2484.03,2492.980,2464.190,27138408.000
2017-06-08,2481.160,2507.03,2508.930,2475.740,22070860.000
2017-06-09,2506.760,2519.27,2536.990,2504.900,33773309.000
2017-06-12,2515.580,2521.17,2545.040,2512.140,25720869.000
2017-06-13,2517.330,2515.14,2519.150,2499.730,17487921.000
2017-06-14,2505.060,2477.32,2505.200,2471.620,21841108.000
2017-06-15,2474.260,2461.97,2481.800,2453.130,20702545.000
2017-06-16,2454.840,2452.79,2466.690,2448.310,16518044.000
2017-06-19,2455.030,2484.12,2486.310,2453.350,20594004.000
2017-06-20,2489.200,2474.43,2492.220,2467.770,17771153.000
2017-06-21,2487.850,2497.25,2498.190,2468.510,20354217.000
2017-06-22,2491.920,2516.67,2544.670,2491.920,43743944.000
2017-06-23,2510.710,2529.1,2530.560,2496.660,29403951.000
2017-06-26,2531.280,2543.32,2560.110,2531.280,39716748.000
2017-06-27,2541.690,2554.7,2558.100,2529.240,26984713.000
2017-06-28,2548.160,2537.64,2560.860,2537.240,28194970.000
2017-06-29,2541.350,2552.98,2554.800,2532.460,19754376.000
2017-06-30,2543.790,2549.97,2552.920,2533.860,18677177.000
2017-07-03,2550.500,2534.37,2550.500,2522.740,18304213.000
2017-07-04,2531.530,2511.15,2531.610,2506.680,23547128.000
2017-07-05,2508.810,2548.1,2551.410,2507.920,20607654.000
2017-07-06,2543.910,2553.88,2561.640,2534.120,22234624.000
2017-07-07,2542.910,2543.66,2546.780,2527.550,22510062.000
2017-07-10,2538.160,2550.11,2557.470,2530.930,25305145.000
2017-07-11,2543.720,2570.59,2592.060,2543.050,33968228.000
2017-07-12,2570.910,2565.14,2604.200,2555.380,37070595.000
2017-07-13,2565.590,2600.95,2601.470,2563.220,42871574.000
2017-07-14,2600.760,2622.98,2623.320,2593.430,33653285.000
2017-07-17,2627.370,2631.41,2663.280,2594.420,60865949.000
2017-07-18,2619.230,2624.31,2637.530,2596.120,39435040.000
2017-07-19,2621.110,2657.89,2661.660,2618.370,48688897.000
2017-07-20,2653.380,2665.45,2666.040,2643.640,37580733.000
2017-07-21,2655.230,2639.21,2661.480,2635.000,29715562.000
2017-07-24,2636.550,2654.38,2666.650,2632.760,33056566.000
2017-07-25,2656.480,2643.07,2667.790,2639.610,34185413.000
2017-07-26,2642.260,2636.2,2665.150,2617.550,35447256.000
2017-07-27,2632.000,2636.63,2638.940,2610.580,30670126.000
2017-07-28,2627.160,2636.39,2642.690,2619.040,21934465.000
2017-07-31,2633.880,2638.12,2649.290,2626.180,28647763.000
2017-08-01,2640.870,2681.81,2681.930,2638.020,33820507.000
2017-08-02,2679.340,2680.63,2696.640,2675.200,42222377.000
2017-08-03,2676.350,2646.22,2689.940,2644.990,31815168.000
2017-08-04,2644.450,2627.8,2653.810,2627.250,27959952.000
2017-08-07,2621.550,2634.18,2641.340,2613.820,26086109.000
2017-08-08,2632.040,2635.18,2639.240,2622.260,25782468.000
2017-08-09,2630.670,2620.38,2634.430,2618.810,24707911.000
2017-08-10,2617.990,2611.34,2635.350,2590.860,28171479.000
2017-08-11,2592.040,2570.26,2599.710,2566.570,35170960.000
2017-08-14,2572.300,2591.45,2598.380,2567.600,26118900.000
2017-08-15,2593.070,2605.24,2623.080,2592.920,27900976.000
2017-08-16,2601.470,2595.0,2602.100,2586.340,20351811.000
2017-08-17,2599.040,2604.08,2606.680,2591.540,20571105.000
2017-08-18,2601.880,2613.26,2621.970,2595.860,19897828.000
2017-08-21,2619.040,2616.82,2628.800,2610.260,19436872.000
2017-08-22,2624.410,2643.5,2644.200,2620.160,27118182.000
2017-08-23,2641.790,2659.78,2673.390,2639.660,34691794.000
2017-08-24,2659.650,2646.4,2675.200,2641.830,29939211.000
2017-08-25,2645.450,2706.24,2706.700,2645.450,47493751.000
2017-08-28,2715.470,2736.46,2766.790,2715.470,60501098.000
2017-08-29,2734.450,2739.13,2746.100,2726.220,35262284.000
2017-08-30,2740.000,2728.23,2762.070,2720.660,42052803.000
2017-08-31,2729.470,2714.63,2735.430,2701.890,40182234.000
2017-09-01,2716.050,2710.12,2734.770,2700.160,43093296.000
2017-09-04,2703.330,2711.35,2713.730,2691.780,33196289.000
2017-09-05,2712.760,2729.85,2738.590,2711.170,30534788.000
2017-09-06,2721.950,2714.33,2725.240,2703.650,31137933.000
2017-09-07,2716.120,2691.83,2717.560,2690.880,27636111.000
2017-09-08,2692.800,2686.69,2701.570,2681.440,24471292.000
2017-09-11,2691.340,2674.75,2708.420,2673.620,29084101.000
2017-09-12,2682.250,2692.54,2695.520,2672.280,30788323.000
2017-09-13,2690.560,2687.67,2694.410,2676.250,21197720.000
2017-09-14,2688.400,2672.84,2694.770,2666.820,28586737.000
2017-09-15,2669.650,2668.38,2677.530,2659.730,34648980.000
2017-09-18,2670.200,2674.18,2694.060,2670.200,33134639.000
2017-09-19,2680.720,2670.69,2687.180,2661.610,30087359.000
2017-09-20,2667.240,2662.63,2675.210,2661.870,25367940.000
2017-09-21,2664.050,2675.55,2690.360,2660.530,31753452.000
2017-09-22,2666.670,2679.05,2686.410,2662.840,26359750.000
2017-09-25,2672.950,2680.65,2682.750,2667.310,31981420.000
2017-09-26,2673.540,2678.99,2681.230,2673.400,19283177.000
2017-09-27,2674.410,2661.55,2677.740,2659.600,20058637.000
2017-09-28,2661.540,2661.28,2663.700,2653.460,21661881.000
2017-09-29,2661.520,2672.33,2682.170,2660.860,20204668.000
2017-10-09,2736.830,2692.08,2743.360,2688.540,41489292.000
2017-10-10,2693.250,2695.54,2711.310,2671.940,29974727.000
2017-10-11,2694.500,2707.52,2717.330,2692.770,24598483.000
2017-10-12,2706.420,2718.35,2724.830,2702.310,23922877.000
2017-10-13,2716.000,2713.38,2722.230,2711.950,19273409.000
2017-10-16,2719.310,2726.64,2741.100,2715.050,25575898.000
2017-10-17,2725.200,2723.53,2734.310,2716.400,17979809.000
2017-10-18,2725.670,2753.01,2753.920,2723.760,28260821.000
2017-10-19,2750.640,2756.04,2756.040,2743.130,28617869.000
2017-10-20,2744.490,2737.64,2746.230,2733.720,16098421.000
2017-10-23,2744.320,2734.37,2747.000,2732.630,19546035.000
2017-10-24,2732.940,2753.65,2762.590,2730.840,24870827.000
2017-10-25,2753.930,2752.14,2756.760,2746.270,19646722.000
2017-10-26,2760.060,2771.04,2788.660,2753.730,41473188.000
2017-10-27,2770.530,2814.27,2815.420,2769.430,40301956.000
2017-10-30,2812.240,2809.11,2822.590,2780.050,48004879.000
2017-10-31,2795.540,2793.71,2797.790,2785.160,32370371.000
2017-11-01,2795.190,2789.4,2816.300,2782.060,46204132.000
2017-11-02,2788.110,2794.1,2796.430,2771.150,37526868.000
2017-11-03,2789.540,2800.47,2803.310,2770.120,38906160.000
2017-11-06,2798.470,2792.22,2798.470,2776.950,33268910.000
2017-11-07,2794.190,2821.96,2832.140,2792.700,49368280.000
2017-11-08,2818.670,2819.96,2846.300,2811.110,44768530.000
2017-11-09,2814.570,2832.96,2834.510,2809.960,32704232.000
2017-11-10,2828.120,2862.34,2867.060,2827.740,44198338.000
2017-11-13,2865.780,2873.51,2885.700,2865.720,48459049.000
2017-11-14,2876.750,2861.42,2882.790,2853.780,36037160.000
2017-11-15,2848.770,2850.05,2864.370,2839.460,32974209.000
2017-11-16,2840.360,2879.4,2880.980,2840.360,32051824.000
2017-11-17,2868.520,2938.8,2940.770,2867.590,68472023.000
2017-11-20,2916.740,2941.15,2942.140,2897.200,43840765.000
2017-11-21,2928.920,2987.17,3012.890,2927.610,63648682.000
2017-11-22,3001.950,3012.36,3038.280,2989.820,74555729.000
2017-11-23,3003.780,2940.73,3018.260,2919.650,66990986.000
2017-11-24,2934.450,2936.83,2949.790,2907.100,45426296.000
2017-11-27,2928.360,2917.31,2928.860,2885.600,50187197.000
2017-11-28,2900.080,2897.11,2908.360,2872.530,30693710.000
2017-11-29,2905.330,2893.28,2914.070,2855.850,36005237.000
2017-11-30,2878.530,2863.45,2895.530,2850.310,35802178.000
2017-12-01,2861.900,2842.18,2867.110,2834.260,30789844.000
2017-12-04,2829.810,2861.36,2868.290,2823.940,26911901.000
2017-12-05,2852.820,2910.48,2922.330,2851.320,59599972.000
2017-12-06,2897.230,2875.73,2897.230,2845.130,31693883.000
2017-12-07,2868.200,2848.89,2875.740,2828.230,27940527.000
2017-12-08,2843.200,2865.34,2872.820,2832.800,25364927.000
2017-12-11,2862.610,2899.1,2900.170,2857.980,28687751.000
2017-12-12,2897.660,2850.2,2900.270,2849.390,26086531.000
2017-12-13,2850.470,2872.94,2879.410,2834.930,22381649.000
2017-12-14,2874.950,2850.05,2878.320,2841.920,22766719.000
2017-12-15,2844.100,2820.17,2846.520,2817.320,26667418.000
2017-12-18,2821.420,2829.06,2842.810,2815.820,20702573.000
2017-12-19,2829.550,2873.03,2873.600,2827.440,23789168.000
2017-12-20,2874.050,2879.64,2887.230,2861.540,28458123.000
2017-12-21,2871.680,2895.37,2906.810,2862.230,25781561.000
2017-12-22,2891.720,2880.77,2897.030,2876.020,18956880.000
2017-12-25,2882.280,2880.1,2915.610,2868.860,26314099.000
2017-12-26,2878.750,2894.34,2897.620,2868.600,27001023.000
2017-12-27,2886.700,2839.63,2889.310,2832.020,32138676.000
2017-12-28,2842.730,2859.05,2870.890,2829.540,34351482.000
2017-12-29,2861.920,2860.44,2876.190,2849.680,28631400.000
2018-01-02,2867.530,2908.73,2912.270,2867.530,54008668.000
2018-01-03,2914.280,2913.26,2947.630,2906.600,48206865.000
2018-01-04,2918.260,2919.48,2934.150,2910.660,43520711.000
2018-01-05,2926.780,2932.36,2940.180,2920.080,49943348.000
2018-01-08,2933.820,2947.76,2952.340,2926.870,58052793.000
2018-01-09,2947.550,2969.32,2972.430,2947.120,40589034.000
2018-01-10,2968.340,2995.56,2999.750,2966.180,57763850.000
2018-01-11,2986.790,2997.04,3009.990,2981.330,42351821.000
2018-01-12,2997.900,3018.6,3019.700,2993.560,38168296.000
2018-01-15,3027.200,3048.81,3070.940,3022.470,64988821.000
2018-01-16,3041.360,3063.86,3065.190,3035.770,64262468.000
2018-01-17,3071.500,3076.18,3132.990,3060.220,91066330.000
2018-01-18,3096.200,3106.55,3125.860,3084.280,87706926.000
2018-01-19,3122.670,3117.82,3145.990,3100.410,94955302.000
2018-01-22,3104.960,3130.33,3144.850,3104.400,77465852.000
2018-01-23,3145.110,3176.5,3177.760,3144.280,101691899.000
2018-01-24,3189.770,3180.33,3202.470,3150.550,99130667.000
2018-01-25,3171.350,3157.46,3177.410,3124.460,77363976.000
2018-01-26,3147.480,3172.78,3195.070,3147.480,82164637.000
2018-01-29,3184.300,3120.7,3197.840,3107.960,72920214.000
2018-01-30,3109.190,3079.12,3127.750,3077.310,54275944.000
2018-01-31,3063.230,3116.83,3118.760,3062.530,55607397.000
2018-02-01,3120.130,3141.23,3141.770,3101.340,72193287.000
2018-02-02,3113.300,3149.64,3150.700,3082.990,52901436.000
2018-02-05,3098.670,3181.34,3181.590,3095.990,71607348.000
2018-02-06,3114.350,3117.49,3140.030,3094.490,98646622.000
2018-02-07,3147.320,3029.6,3166.700,3020.390,94700492.000
2018-02-08,2998.600,2945.84,3019.270,2911.400,73117846.000
2018-02-09,2857.430,2810.03,2871.540,2724.590,91925899.000
2018-02-12,2803.860,2805.21,2823.810,2776.960,46290004.000
2018-02-13,2834.390,2852.72,2887.890,2834.390,46622211.000
2018-02-14,2859.870,2871.79,2877.040,2841.240,25349814.000
2018-02-22,2915.970,2931.88,2936.850,2900.870,39297753.000
2018-02-23,2941.420,2957.17,2966.750,2926.360,38207489.000
2018-02-26,2973.810,2973.79,2986.810,2933.520,50214027.000
2018-02-27,2979.770,2927.1,2979.770,2918.010,46201435.000
2018-02-28,2899.000,2878.67,2905.570,2866.460,38758134.000
2018-03-01,2859.090,2891.3,2907.270,2852.490,32284888.000
2018-03-02,2864.180,2864.18,2887.890,2852.010,29864517.000
2018-03-05,2865.200,2863.99,2889.740,2846.930,29967149.000
2018-03-06,2878.920,2892.48,2893.460,2838.610,47593576.000
2018-03-07,2892.440,2878.15,2921.440,2868.040,37917658.000
2018-03-08,2878.820,2898.25,2903.050,2865.550,28963037.000
2018-03-09,2907.040,2908.2,2916.550,2891.870,31504490.000
2018-03-12,2922.620,2909.58,2927.510,2897.240,44985076.000
2018-03-13,2909.250,2883.38,2921.310,2878.200,40607603.000
2018-03-14,2871.720,2871.33,2879.540,2860.970,30886301.000
2018-03-15,2860.410,2894.98,2895.610,2860.410,26260075.000
2018-03-16,2895.510,2870.73,2911.190,2869.970,27192101.000
2018-03-19,2870.360,2897.26,2898.230,2856.170,26042930.000
2018-03-20,2878.950,2904.4,2907.520,2877.100,27129403.000
2018-03-21,2929.000,2894.18,2932.220,2879.530,33388762.000
2018-03-22,2894.130,2866.67,2902.770,2851.290,30505808.000
2018-03-23,2786.530,2791.47,2800.250,2754.660,62623251.000
2018-03-26,2767.360,2738.87,2773.540,2709.570,42742210.000
2018-03-27,2775.630,2747.59,2780.840,2726.360,39211664.000
2018-03-28,2714.870,2694.83,2746.880,2687.960,34583486.000
2018-03-29,2699.140,2738.79,2757.780,2657.490,42353919.000
2018-03-30,2735.620,2722.15,2740.820,2714.770,31681918.000
2018-04-02,2717.120,2711.37,2754.650,2707.630,34698719.000
2018-04-03,2690.630,2697.27,2709.910,2683.050,28628162.000
2018-04-04,2706.420,2702.37,2730.250,2698.890,26732258.000
2018-04-09,2706.330,2715.73,2721.590,2688.830,26293549.000
2018-04-10,2719.520,2780.8,2781.270,2710.870,38082535.000
2018-04-11,2782.670,2785.34,2803.880,2767.380,38988811.000
2018-04-12,2785.120,2749.7,2785.310,2747.770,26112148.000
2018-04-13,2765.670,2726.4,2771.030,2724.170,21750014.000
2018-04-16,2716.580,2664.7,2723.580,2656.520,36748757.000
2018-04-17,2669.260,2635.7,2683.500,2633.590,27139751.000
2018-04-18,2666.620,2653.77,2668.790,2623.970,31549903.000
2018-04-19,2661.300,2682.55,2693.140,2656.150,26025677.000
2018-04-20,2672.360,2647.38,2677.920,2632.750,28139647.000
2018-04-23,2637.070,2664.92,2671.010,2636.680,25321251.000
2018-04-24,2669.610,2722.85,2737.210,2669.610,39445289.000
2018-04-25,2707.710,2702.98,2717.310,2696.220,23501293.000
2018-04-26,2712.520,2666.02,2717.570,2652.420,23533135.000
2018-04-27,2672.640,2653.54,2675.100,2613.530,28375248.000
2018-05-02,2662.080,2652.73,2667.960,2637.060,26659402.000
2018-05-03,2643.970,2663.98,2671.240,2626.540,26222350.000
2018-05-04,2659.270,2646.35,2669.700,2643.260,20761663.000
2018-05-07,2649.100,2683.85,2686.220,2638.170,26608010.000
2018-05-08,2683.840,2722.88,2736.760,2682.790,31644364.000
2018-05-09,2723.090,2717.24,2725.200,2706.480,20264916.000
2018-05-10,2727.520,2729.4,2738.630,2712.470,19609175.000
2018-05-11,2737.230,2724.72,2738.650,2720.550,23488885.000
2018-05-14,2736.980,2753.54,2761.490,2736.040,27061501.000
2018-05-15,2760.200,2750.83,2760.570,2731.570,22526422.000
2018-05-16,2739.890,2716.78,2744.620,2714.260,21808679.000
2018-05-17,2720.770,2700.88,2724.390,2698.170,16746907.000
2018-05-18,2697.720,2740.53,2741.010,2690.990,22927267.000
2018-05-21,2753.880,2745.8,2761.720,2739.680,27766582.000
2018-05-22,2744.320,2728.0,2744.320,2711.060,23340295.000
2018-05-23,2721.020,2683.69,2721.020,2683.590,25426594.000
2018-05-24,2684.130,2665.68,2691.030,2664.120,19732689.000
2018-05-25,2663.320,2661.29,2679.850,2650.340,19942205.000
2018-05-28,2661.210,2673.2,2682.780,2650.400,18533039.000
2018-05-29,2666.830,2663.4,2676.680,2642.870,26895624.000
2018-05-30,2632.710,2605.9,2637.190,2604.910,24208986.000
2018-05-31,2626.940,2658.29,2661.660,2624.670,26506810.000
2018-06-01,2652.250,2647.19,2664.310,2637.370,20387624.000
2018-06-04,2664.840,2694.58,2697.750,2658.570,22546288.000
2018-06-05,2697.690,2707.02,2712.120,2680.240,22214405.000
2018-06-06,2702.710,2692.18,2703.410,2688.330,20523118.000
2018-06-07,2697.510,2695.24,2717.060,2693.100,23511030.000
2018-06-08,2686.090,2652.08,2686.150,2637.360,26031212.000
2018-06-11,2644.430,2660.41,2665.930,2633.080,19775018.000
2018-06-12,2662.390,2687.7,2691.970,2650.970,19643008.000
2018-06-13,2681.310,2671.63,2686.070,2662.750,19387165.000
2018-06-14,2662.230,2671.3,2691.040,2659.570,21356957.000
2018-06-15,2657.590,2667.98,2677.310,2657.510,25618389.000
2018-06-19,2638.400,2599.78,2646.640,2571.690,57574355.000
2018-06-20,2588.120,2598.33,2607.470,2567.500,23830855.000
2018-06-21,2597.300,2579.05,2628.040,2575.170,24632386.000
2018-06-22,2564.870,2583.71,2586.330,2553.300,19658834.000
2018-06-25,2593.620,2536.46,2595.990,2535.120,23443084.000
2018-06-26,2516.080,2506.72,2519.160,2470.150,26450100.000
2018-06-27,2500.070,2452.64,2512.590,2438.040,27426919.000
2018-06-28,2431.860,2425.18,2461.170,2418.290,22856049.000
2018-06-29,2431.810,2479.91,2481.320,2429.590,20762653.000
2018-07-02,2473.310,2386.38,2473.730,2370.400,26108151.000
2018-07-03,2389.360,2388.98,2395.080,2331.840,29074680.000
2018-07-04,2381.250,2368.43,2403.510,2365.890,19664477.000
2018-07-05,2370.860,2374.36,2398.560,2352.970,25268639.000
2018-07-06,2378.870,2402.62,2422.400,2349.480,24922030.000
2018-07-09,2410.520,2471.29,2471.800,2410.520,24333366.000
2018-07-10,2475.980,2471.23,2477.840,2448.860,21373460.000
2018-07-11,2420.180,2432.28,2443.350,2409.310,20851901.000
2018-07-12,2425.670,2474.62,2490.440,2425.670,27324093.000
2018-07-13,2480.820,2476.86,2481.560,2464.950,19832100.000
2018-07-16,2471.150,2448.76,2484.170,2438.860,19872462.000
2018-07-17,2443.550,2430.44,2446.100,2414.350,16666433.000
2018-07-18,2437.380,2420.76,2458.480,2419.320,17807465.000
2018-07-19,2432.890,2426.16,2452.450,2418.660,20446054.000
2018-07-20,2426.100,2493.76,2506.940,2409.050,34453471.000
2018-07-23,2482.050,2526.81,2533.770,2478.190,39625663.000
2018-07-24,2534.070,2563.58,2579.590,2534.070,48833416.000
2018-07-25,2573.930,2563.69,2573.960,2550.970,26507281.000
2018-07-26,2570.480,2530.99,2578.720,2525.670,25328431.000
2018-07-27,2529.660,2525.09,2541.230,2515.890,18966728.000
2018-07-30,2525.380,2541.31,2562.760,2515.550,24506255.000
2018-07-31,2537.030,2545.12,2553.810,2521.820,20241929.000
2018-08-01,2557.600,2490.25,2570.310,2489.120,27372269.000
2018-08-02,2483.760,2440.31,2485.410,2412.960,29601109.000
2018-08-03,2438.840,2413.5,2452.070,2413.250,21546213.000
2018-08-06,2417.300,2406.54,2448.980,2393.680,25723041.000
2018-08-07,2416.010,2479.78,2480.100,2407.640,29752110.000
2018-08-08,2476.400,2447.0,2481.840,2443.070,23590929.000
2018-08-09,2437.450,2504.62,2510.360,2435.790,26576959.000
2018-08-10,2505.310,2503.21,2518.110,2485.980,19421209.000
2018-08-13,2480.100,2478.51,2485.230,2442.230,22941849.000
2018-08-14,2475.470,2469.2,2482.710,2454.980,17071931.000
2018-08-15,2467.250,2408.72,2467.450,2405.600,19756173.000
2018-08-16,2381.010,2405.16,2430.920,2367.050,25498718.000
2018-08-17,2427.470,2374.17,2429.680,2370.040,20629848.000
2018-08-20,2386.140,2409.13,2409.130,2370.820,23001283.000
2018-08-21,2411.980,2452.38,2461.140,2410.890,24358955.000
2018-08-22,2461.400,2450.15,2461.400,2438.940,16052916.000
2018-08-23,2453.660,2461.07,2474.690,2435.160,18856430.000
2018-08-24,2449.370,2472.0,2496.390,2438.720,20760608.000
2018-08-27,2484.410,2522.34,2522.340,2482.520,28385082.000
2018-08-28,2524.920,2511.15,2530.500,2503.810,21401627.000
2018-08-29,2506.150,2503.48,2515.000,2497.820,18183977.000
2018-08-30,2506.530,2479.21,2519.400,2479.210,18233552.000
2018-08-31,2462.800,2474.48,2490.460,2455.990,26221781.000
2018-09-03,2461.860,2465.88,2470.510,2445.870,18306655.000
2018-09-04,2467.250,2500.44,2507.040,2451.720,20593805.000
2018-09-05,2488.900,2441.23,2493.470,2441.230,21316444.000
2018-09-06,2432.400,2416.03,2449.830,2408.930,20873911.000
2018-09-07,2424.420,2437.68,2458.260,2416.160,18360830.000
2018-09-10,2431.180,2413.43,2440.110,2410.790,18041257.000
2018-09-11,2412.180,2398.77,2422.940,2387.640,18111101.000
2018-09-12,2389.280,2381.39,2398.730,2373.040,16845245.000
2018-09-13,2413.410,2415.31,2420.000,2381.030,21471991.000
2018-09-14,2421.660,2425.42,2434.670,2410.660,16391883.000
2018-09-17,2411.380,2399.88,2418.140,2397.940,13684293.000
2018-09-18,2391.950,2458.77,2459.770,2391.730,22891942.000
2018-09-19,2455.440,2487.08,2505.000,2452.580,28973848.000
2018-09-20,2492.400,2487.42,2503.100,2480.540,22948441.000
2018-09-21,2495.740,2573.6,2573.600,2485.410,41753278.000
2018-09-25,2545.210,2547.79,2560.720,2536.430,24321290.000
2018-09-26,2555.920,2582.77,2610.590,2553.170,33704338.000
2018-09-27,2582.120,2575.45,2584.070,2561.580,22953309.000
2018-09-28,2580.660,2606.67,2618.830,2577.980,28780345.000
2018-10-08,2544.490,2486.82,2548.890,2481.180,33707752.000
2018-10-09,2481.590,2491.66,2506.270,2476.350,21668620.000
2018-10-10,2495.860,2494.06,2518.610,2472.190,20421095.000
2018-10-11,2412.220,2390.5,2446.370,2369.030,36931486.000
2018-10-12,2398.180,2444.13,2452.690,2390.990,29000533.000
2018-10-15,2443.730,2412.48,2448.260,2407.550,20543216.000
2018-10-16,2414.320,2415.49,2459.880,2407.000,19832199.000
2018-10-17,2446.480,2429.21,2451.190,2384.140,24854130.000
2018-10-18,2416.370,2369.07,2416.370,2367.710,22765046.000
2018-10-19,2353.840,2446.32,2451.760,2344.980,31382548.000
2018-10-22,2463.490,2540.15,2566.630,2463.490,46328068.000
2018-10-23,2539.650,2464.81,2544.300,2451.670,35418623.000
2018-10-24,2459.320,2477.49,2530.770,2459.210,37027581.000
2018-10-25,2419.110,2485.1,2486.760,2415.490,31130039.000
2018-10-26,2487.000,2468.91,2499.760,2445.830,28793335.000
2018-10-29,2461.920,2389.58,2465.370,2377.990,28728277.000
2018-10-30,2380.470,2415.65,2449.290,2378.820,32464786.000
2018-10-31,2424.160,2451.12,2460.840,2413.340,34500763.000
2018-11-01,2474.270,2460.16,2500.120,2455.730,37694390.000
2018-11-02,2522.390,2542.77,2544.190,2489.070,47328804.000
2018-11-05,2520.880,2511.59,2524.650,2489.590,28262359.000
2018-11-06,2507.360,2499.68,2509.640,2478.380,22102400.000
2018-11-07,2503.680,2482.33,2521.150,2479.250,26158564.000
2018-11-08,2507.590,2486.0,2511.000,2480.330,20311246.000
2018-11-09,2469.890,2434.21,2469.890,2434.080,28036742.000
2018-11-12,2426.830,2444.97,2447.460,2419.970,22907299.000
2018-11-13,2415.300,2462.97,2474.820,2413.780,27681898.000
2018-11-14,2462.180,2429.99,2462.180,2425.970,27016565.000
2018-11-15,2430.190,2459.14,2459.430,2427.070,24745017.000
2018-11-16,2458.480,2461.44,2482.440,2443.120,31500583.000
2018-11-19,2466.430,2492.08,2492.080,2461.800,29720153.000
2018-11-20,2475.230,2446.79,2484.010,2441.850,26945322.000
2018-11-21,2425.720,2451.27,2454.460,2425.230,21904534.000
2018-11-22,2455.770,2437.64,2456.910,2426.120,16424828.000
2018-11-23,2433.530,2399.2,2441.320,2398.730,21219889.000
2018-11-26,2409.470,2401.9,2423.460,2393.980,16215339.000
2018-11-27,2407.230,2394.29,2416.440,2387.930,14968936.000
2018-11-28,2396.290,2421.13,2426.660,2394.250,17059686.000
2018-11-29,2437.920,2401.85,2441.420,2401.850,19845353.000
2018-11-30,2403.230,2428.04,2430.650,2402.540,19322534.000
2018-12-03,2492.430,2488.06,2500.570,2467.940,35369612.000
2018-12-04,2488.580,2496.14,2496.810,2476.910,23849605.000
2018-12-05,2467.560,2481.79,2492.320,2465.250,20483609.000
2018-12-06,2453.560,2434.49,2460.230,2431.860,21671205.000
2018-12-07,2441.380,2430.72,2444.980,2427.890,14534653.000
2018-12-10,2410.170,2408.61,2425.740,2399.320,17586515.000
2018-12-11,2408.920,2415.58,2420.520,2405.860,12885505.000
2018-12-12,2437.610,2423.32,2437.610,2414.330,14230846.000
2018-12-13,2429.390,2457.9,2469.700,2423.570,28085510.000
2018-12-14,2446.810,2423.38,2448.800,2423.090,25855357.000
2018-12-17,2420.580,2425.94,2430.890,2409.010,21170997.000
2018-12-18,2409.580,2397.87,2427.680,2388.980,20681269.000
2018-12-19,2401.910,2369.55,2403.900,2366.400,18664633.000
2018-12-20,2363.000,2334.92,2372.370,2319.100,26893461.000
2018-12-21,2325.980,2306.15,2327.440,2288.400,24752807.000
2018-12-24,2293.750,2309.23,2311.730,2286.990,18318296.000
2018-12-25,2285.660,2297.33,2308.610,2256.470,24003262.000
2018-12-26,2293.290,2281.56,2303.200,2278.290,15787164.000
2018-12-27,2310.810,2276.06,2313.050,2275.040,26756215.000
2018-12-28,2279.700,2293.1,2305.910,2278.250,24277348.000
2019-01-02,2298.180,2262.79,2301.060,2252.750,20880697.000
2019-01-03,2259.480,2269.24,2287.780,2253.940,18895240.000
2019-01-04,2252.740,2314.65,2316.350,2249.370,25900596.000
2019-01-07,2329.030,2314.32,2331.600,2306.900,25278948.000
2019-01-08,2312.170,2305.17,2312.170,2298.950,18131160.000
2019-01-09,2320.910,2332.72,2360.360,2318.440,28747596.000
2019-01-10,2333.220,2331.85,2345.330,2321.300,22280507.000
2019-01-11,2342.020,2354.5,2360.060,2334.910,18417693.000
2019-01-14,2350.260,2331.14,2354.310,2330.000,16462252.000
2019-01-15,2337.700,2378.37,2380.600,2332.410,22466336.000
2019-01-16,2375.170,2381.22,2385.220,2366.340,18097039.000
2019-01-17,2388.590,2371.35,2396.800,2370.580,21555000.000
2019-01-18,2385.620,2417.36,2422.030,2380.560,30088200.000
2019-01-21,2418.000,2432.49,2443.230,2418.000,26237236.000
2019-01-22,2430.430,2401.23,2430.430,2394.180,19373137.000
2019-01-23,2397.410,2397.05,2414.020,2392.640,16290135.000
2019-01-24,2401.380,2411.56,2414.890,2385.100,20415697.000
2019-01-25,2419.260,2441.64,2453.670,2418.010,25683679.000
2019-01-28,2455.280,2437.03,2473.120,2429.880,23468163.000
2019-01-29,2433.310,2455.9,2461.520,2423.460,21863480.000
2019-01-30,2445.860,2440.01,2462.610,2439.330,17835170.000
2019-01-31,2454.640,2483.47,2487.100,2450.180,26681298.000
2019-02-01,2502.100,2499.64,2503.550,2479.340,21950054.000
2019-02-11,2485.500,2527.47,2528.380,2484.650,25211570.000
2019-02-12,2528.100,2533.18,2537.290,2515.030,25458804.000
2019-02-13,2538.420,2580.61,2587.880,2528.230,39821832.000
2019-02-14,2572.640,2576.31,2585.510,2564.870,27718515.000
2019-02-15,2566.340,2517.46,2568.790,2515.890,30315796.000
2019-02-18,2540.530,2582.85,2583.400,2540.300,37400592.000
2019-02-19,2586.860,2579.05,2614.360,2568.180,37907379.000
2019-02-20,2593.790,2588.17,2599.550,2569.980,29965181.000
2019-02-21,2586.740,2577.23,2615.470,2569.480,35252855.000
2019-02-22,2576.000,2623.07,2623.090,2555.730,41384151.000
2019-02-25,2652.910,2787.7,2788.670,2652.910,96939051.000
2019-02-26,2781.310,2733.9,2804.160,2729.480,87230161.000
2019-02-27,2739.110,2750.34,2794.930,2722.310,75508865.000
2019-02-28,2749.870,2743.97,2767.860,2733.030,46340959.000
2019-03-01,2764.950,2819.47,2819.470,2747.210,56100147.000
2019-03-04,2839.400,2832.59,2907.820,2816.980,92180167.000
2019-03-05,2829.500,2828.87,2835.110,2807.120,60349235.000
2019-03-06,2827.860,2840.27,2847.380,2797.500,69492224.000
2019-03-07,2831.360,2789.7,2831.360,2773.350,73263959.000
2019-03-08,2731.530,2685.59,2753.550,2684.200,72033928.000
2019-03-11,2683.760,2708.6,2714.090,2670.790,52014052.000
2019-03-12,2730.530,2719.77,2759.610,2704.690,64867544.000
2019-03-13,2731.500,2723.96,2747.960,2699.980,54064571.000
2019-03-14,2720.190,2729.13,2752.660,2716.270,43471813.000
2019-03-15,2736.000,2755.81,2783.510,2735.860,44123096.000
2019-03-18,2763.230,2825.18,2827.260,2749.200,61605235.000
2019-03-19,2830.240,2806.9,2842.450,2797.720,43459056.000
2019-03-20,2799.320,2812.92,2831.630,2787.280,40322247.000
2019-03-21,2816.450,2802.96,2822.630,2799.830,43631385.000
2019-03-22,2804.720,2795.39,2813.520,2771.960,35988070.000
2019-03-25,2757.810,2718.18,2765.840,2717.290,52140915.000
2019-03-26,2737.370,2706.15,2739.290,2693.910,40073955.000
2019-03-27,2721.140,2741.59,2751.720,2714.090,33542018.000
2019-03-28,2728.040,2733.97,2742.700,2709.390,31840303.000
2019-03-29,2747.540,2838.51,2845.230,2746.110,59676669.000
2019-04-01,2860.140,2892.62,2906.150,2860.140,77912146.000
2019-04-02,2900.630,2888.53,2903.870,2878.390,61187461.000
2019-04-03,2869.850,2920.0,2923.920,2865.300,64723749.000
2019-04-04,2927.100,2951.98,2959.590,2921.200,73035716.000
2019-04-08,2978.500,2962.27,3007.830,2938.650,74531909.000
2019-04-09,2968.080,2967.51,2980.120,2948.310,50802142.000
2019-04-10,2957.270,2979.1,2996.410,2941.350,48692438.000
2019-04-11,2982.390,2928.43,3000.100,2920.190,42811144.000
2019-04-12,2920.550,2920.52,2933.450,2903.270,32521633.000
2019-04-15,2973.020,2924.93,2999.330,2924.600,58437528.000
2019-04-16,2914.990,3023.03,3023.030,2909.670,70764163.000
2019-04-17,3017.390,3017.42,3035.410,2996.760,49960675.000
2019-04-18,3014.910,3004.92,3019.540,2993.270,39670684.000
2019-04-19,3013.670,3042.43,3043.930,2989.550,39943672.000
2019-04-22,3047.430,2970.49,3048.820,2962.360,56759697.000
2019-04-23,2968.000,2978.85,3007.350,2964.980,41065456.000
2019-04-24,2989.960,2974.85,3001.530,2933.530,35425729.000
2019-04-25,2962.740,2928.0,2973.220,2924.020,38934483.000
2019-04-26,2913.770,2892.86,2930.210,2892.530,36562197.000
2019-04-29,2906.470,2939.41,2968.160,2899.830,39249355.000
2019-04-30,2935.240,2945.24,2955.880,2919.490,32127983.000
2019-05-06,2853.880,2805.04,2867.600,2768.800,62436063.000
2019-05-07,2814.470,2806.26,2833.200,2777.730,35418177.000
2019-05-08,2753.610,2758.24,2796.470,2750.930,30398772.000
2019-05-09,2740.350,2698.78,2748.010,2686.470,30758681.000
2019-05-10,2731.580,2793.76,2798.870,2698.810,39453278.000
2019-05-13,2751.760,2741.11,2767.480,2736.840,26590971.000
2019-05-14,2716.730,2724.73,2754.690,2716.730,26222018.000
2019-05-15,2743.780,2783.54,2797.150,2743.780,30718920.000
2019-05-16,2777.850,2791.41,2793.760,2766.150,28946302.000
2019-05-17,2792.080,2735.21,2792.510,2728.930,30072063.000
2019-05-20,2726.070,2715.43,2746.660,2697.610,31202646.000
2019-05-21,2717.870,2739.79,2764.480,2712.040,26969051.000
2019-05-22,2739.110,2725.73,2745.860,2714.650,23168729.000
2019-05-23,2710.570,2685.93,2713.940,2679.540,27810156.000
2019-05-24,2693.880,2702.03,2722.340,2692.530,21237076.000
2019-05-27,2696.260,2722.33,2731.300,2667.380,27243848.000
2019-05-28,2719.060,2748.8,2759.780,2716.310,34670056.000
2019-05-29,2728.440,2755.81,2780.310,2724.850,24940857.000
2019-05-30,2748.430,2742.96,2752.690,2721.880,24398405.000
2019-05-31,2740.300,2728.95,2762.390,2728.950,22188152.000
2019-06-03,2737.810,2743.06,2762.080,2723.930,27092220.000
2019-06-04,2744.700,2721.31,2746.510,2713.800,22275832.000
2019-06-05,2741.940,2719.59,2747.230,2717.930,25766253.000
2019-06-06,2727.700,2706.76,2727.700,2701.920,21390312.000
2019-06-10,2717.910,2743.37,2752.880,2712.160,27088081.000
2019-06-11,2750.540,2812.9,2816.990,2750.540,40850315.000
2019-06-12,2802.530,2796.73,2805.010,2790.180,26445230.000
2019-06-13,2798.020,2794.54,2804.760,2771.860,23452887.000
2019-06-14,2798.400,2785.61,2816.180,2781.720,26124830.000
2019-06-17,2785.470,2793.7,2813.450,2785.470,20477851.000
2019-06-18,2800.830,2806.45,2809.870,2785.380,21676404.000
2019-06-19,2872.070,2842.74,2879.230,2842.420,41160110.000
2019-06-20,2847.320,2942.63,2954.030,2846.440,57360369.000
2019-06-21,2939.650,2938.77,2958.230,2929.900,46560205.000
2019-06-24,2942.510,2949.52,2958.020,2931.670,29016018.000
2019-06-25,2946.020,2910.12,2946.710,2875.370,38165595.000
2019-06-26,2896.760,2903.49,2915.240,2891.000,24024660.000
2019-06-27,2917.200,2937.13,2952.910,2914.960,33472487.000
2019-06-28,2932.690,2930.6,2937.290,2911.670,23708671.000
2019-07-01,2984.650,3002.94,3011.910,2978.750,42622714.000
2019-07-02,3000.780,2999.08,3003.880,2988.470,34629488.000
2019-07-03,2990.050,2964.73,2990.050,2953.700,33918965.000
2019-07-04,2966.330,2953.27,2974.800,2939.970,32928834.000
2019-07-05,2952.710,2961.92,2967.980,2937.600,23845345.000
2019-07-08,2944.970,2897.51,2944.970,2877.740,33732588.000
2019-07-09,2894.330,2881.55,2902.140,2872.030,21374700.000
2019-07-10,2896.700,2878.78,2897.580,2870.670,18911521.000
2019-07-11,2897.470,2887.83,2918.940,2879.640,21157266.000
2019-07-12,2883.090,2902.13,2912.900,2878.200,21454210.000
2019-07-15,2885.980,2902.61,2920.160,2850.100,28196106.000
2019-07-16,2900.050,2884.56,2905.110,2881.400,17411517.000
2019-07-17,2877.490,2875.03,2892.340,2866.470,18099830.000
2019-07-18,2869.730,2859.16,2872.240,2859.070,19542086.000
2019-07-19,2875.960,2895.62,2906.550,2875.900,22451089.000
2019-07-22,2897.790,2881.9,2905.350,2872.530,23603184.000
2019-07-23,2885.700,2881.1,2889.390,2871.510,20448748.000
2019-07-24,2894.940,2906.55,2923.400,2894.590,26019871.000
2019-07-25,2911.010,2931.18,2931.180,2903.310,22933113.000
2019-07-26,2918.110,2939.35,2943.070,2918.010,23521864.000
2019-07-29,2936.640,2930.49,2938.730,2922.680,22372005.000
2019-07-30,2939.140,2944.02,2958.300,2938.900,22696980.000
2019-07-31,2931.850,2912.66,2932.650,2906.710,23888034.000
2019-08-01,2901.150,2887.87,2909.470,2880.300,24271683.000
2019-08-02,2837.370,2843.77,2852.110,2831.660,29943968.000
2019-08-05,2823.350,2786.72,2828.480,2785.900,28350976.000
2019-08-06,2736.680,2760.68,2771.790,2718.210,36941691.000
2019-08-07,2771.240,2747.25,2773.940,2747.250,24588464.000
2019-08-08,2771.450,2786.87,2790.140,2768.710,29406960.000
2019-08-09,2800.440,2772.15,2802.810,2767.140,25380966.000
2019-08-12,2787.440,2824.8,2825.090,2782.770,22136997.000
2019-08-13,2807.960,2792.91,2812.490,2787.120,21464034.000
2019-08-14,2827.040,2804.36,2831.340,2803.860,26108221.000
2019-08-15,2758.740,2814.39,2815.150,2756.380,25284675.000
2019-08-16,2817.270,2824.23,2846.260,2805.810,24147328.000
2019-08-19,2839.250,2877.23,2877.470,2823.870,41911167.000
2019-08-20,2869.160,2875.65,2883.550,2864.710,29817583.000
2019-08-21,2868.630,2869.22,2875.010,2864.810,21637444.000
2019-08-22,2878.730,2878.0,2881.060,2862.440,20493057.000
2019-08-23,2880.570,2917.38,2923.930,2876.020,24138057.000
2019-08-26,2869.460,2863.48,2882.450,2854.510,26436578.000
2019-08-27,2883.420,2887.24,2915.840,2881.000,35741368.000
2019-08-28,2883.350,2867.03,2887.850,2860.710,23610765.000
2019-08-29,2867.770,2855.45,2871.630,2843.280,22386670.000
2019-08-30,2878.210,2872.4,2886.350,2856.030,25922975.000
2019-09-02,2871.290,2894.96,2902.410,2866.750,29753214.000
2019-09-03,2897.290,2892.18,2900.760,2878.100,25904982.000
2019-09-04,2888.970,2919.68,2919.680,2887.590,37647144.000
2019-09-05,2938.140,2955.84,2988.210,2938.140,52852272.000
2019-09-06,2974.800,2981.07,2981.240,2955.820,31465367.000
2019-09-09,3004.800,2981.59,3008.670,2974.230,38695798.000
2019-09-10,2987.510,2969.8,2988.060,2958.310,36034678.000
2019-09-11,2978.970,2957.14,2980.660,2946.570,35199335.000
2019-09-12,2970.010,2999.56,3001.230,2963.450,31824410.000
2019-09-16,3003.650,2982.45,3004.880,2972.580,32533939.000
2019-09-17,2974.010,2937.01,2974.010,2929.310,30722495.000
2019-09-18,2947.970,2954.36,2967.860,2947.680,23353923.000
2019-09-19,2965.030,2956.83,2965.110,2941.660,20942809.000
2019-09-20,2964.920,2963.43,2970.720,2956.920,30230028.000
2019-09-23,2955.260,2930.91,2955.260,2916.430,23782646.000
2019-09-24,2936.950,2940.08,2956.290,2929.600,22732296.000
2019-09-25,2930.140,2928.84,2942.000,2923.150,22526512.000
2019-09-26,2939.680,2927.88,2952.870,2926.540,31466918.000
2019-09-27,2929.320,2929.47,2934.330,2916.070,23014561.000
2019-09-30,2917.070,2897.7,2933.510,2897.680,19233021.000
2019-10-08,2898.530,2922.35,2938.870,2898.530,24961388.000
2019-10-09,2908.170,2922.98,2931.640,2896.260,26136018.000
2019-10-10,2917.820,2940.8,2944.020,2910.350,21996133.000
2019-10-11,2952.470,2983.12,2989.750,2945.010,31177123.000
2019-10-14,3007.360,3013.53,3040.500,2997.660,42543315.000
2019-10-15,3018.860,3015.42,3019.290,3005.870,25446083.000
2019-10-16,3015.170,3004.72,3043.450,2999.380,26256367.000
2019-10-17,3009.690,3011.75,3018.650,2997.840,18936107.000
2019-10-18,3020.010,2963.18,3027.600,2961.130,24631271.000
2019-10-21,2957.970,2968.91,2973.790,2950.300,24223543.000
2019-10-22,2983.840,2973.22,2983.840,2956.900,21001262.000
2019-10-23,2969.980,2954.31,2977.680,2945.840,22633012.000
2019-10-24,2963.340,2959.03,2976.370,2945.680,24482739.000
2019-10-25,2955.510,2967.05,2970.540,2935.060,24522583.000
2019-10-28,2967.630,2981.36,2984.940,2962.400,28490213.000
2019-10-29,2982.450,2968.28,2984.350,2968.210,21802993.000
2019-10-30,2966.760,2952.12,2971.900,2946.970,21820115.000
2019-10-31,2964.910,2954.73,2966.590,2948.330,26277647.000
2019-11-01,2953.740,3002.65,3005.180,2947.600,28879939.000
2019-11-04,3012.940,3022.27,3025.640,3011.200,30906972.000
2019-11-05,3024.870,3039.98,3065.930,3015.800,38359862.000
2019-11-06,3041.420,3032.79,3045.460,3024.750,29174816.000
2019-11-07,3034.160,3033.3,3044.720,3021.690,23317946.000
2019-11-08,3052.690,3012.46,3055.600,3011.370,28297012.000
2019-11-11,2995.140,2965.71,2995.140,2962.680,28511827.000
2019-11-12,2973.000,2971.36,2978.170,2954.780,20527695.000
2019-11-13,2967.620,2967.67,2976.260,2955.100,22621812.000
2019-11-14,2975.480,2968.57,2980.700,2964.920,22123548.000
2019-11-15,2972.480,2954.7,2976.370,2953.760,22029561.000
2019-11-18,2954.780,2980.95,2985.970,2949.470,23876300.000
2019-11-19,2973.570,3000.75,3000.750,2973.570,24265871.000
2019-11-20,2991.420,2968.12,2996.510,2962.710,22511696.000
2019-11-21,2957.070,2949.34,2957.350,2940.150,21914452.000
2019-11-22,2952.770,2922.27,2967.780,2913.180,26802021.000
2019-11-25,2926.150,2951.25,2951.790,2925.400,33302211.000
2019-11-26,2962.370,2946.57,2965.390,2943.550,30225430.000
2019-11-27,2948.340,2944.32,2953.390,2933.280,20359377.000
2019-11-28,2945.340,2930.48,2952.260,2922.550,17773346.000
2019-11-29,2923.450,2894.72,2927.250,2879.930,20790150.000
2019-12-02,2896.510,2899.44,2913.740,2893.420,21334638.000
2019-12-03,2892.420,2909.62,2909.950,2876.520,19088333.000
2019-12-04,2902.130,2901.07,2903.940,2887.840,19438168.000
2019-12-05,2912.940,2921.95,2927.340,2907.770,22464511.000
2019-12-06,2928.360,2939.82,2939.820,2922.430,21383576.000
2019-12-09,2944.160,2933.04,2945.270,2923.790,25034095.000
2019-12-10,2925.950,2936.99,2937.780,2923.750,20246093.000
2019-12-11,2947.540,2949.65,2953.940,2934.040,23592999.000
2019-12-12,2954.400,2938.04,2954.400,2934.000,20689842.000
2019-12-13,2968.860,3006.31,3006.310,2967.850,41894582.000
2019-12-16,2999.500,2999.2,2999.530,2983.190,33429792.000
2019-12-17,3000.780,3033.14,3053.830,2991.080,47347335.000
2019-12-18,3031.890,3025.78,3041.830,3020.950,32492619.000
2019-12-19,3027.670,3017.71,3029.700,3009.870,26929092.000
2019-12-20,3022.120,3012.63,3033.560,3009.380,25092228.000
2019-12-23,3015.290,2984.24,3028.560,2982.020,27450023.000
2019-12-24,2985.620,2996.76,2999.080,2982.420,22275453.000
2019-12-25,2993.360,2986.0,2993.560,2976.910,21384876.000
2019-12-26,2986.310,3011.64,3011.640,2985.530,23055824.000
2019-12-27,3012.030,3017.78,3047.610,3012.030,34420274.000
2019-12-30,3016.200,3062.75,3065.250,3007.960,43666647.000
2019-12-31,3057.300,3063.22,3065.380,3043.930,31074043.000
2020-01-02,3073.930,3090.83,3107.520,3073.930,50036392.000
2020-01-03,3097.250,3078.28,3097.410,3072.110,37185493.000
2020-01-06,3062.280,3056.84,3090.840,3040.190,47707827.000
2020-01-07,3063.750,3074.02,3080.270,3061.560,34371788.000
2020-01-08,3058.360,3037.85,3058.700,3030.100,37653773.000
2020-01-09,3060.770,3067.55,3071.540,3055.990,33150515.000
2020-01-10,3079.080,3067.88,3081.960,3058.160,28542389.000
2020-01-13,3069.680,3090.13,3090.130,3054.880,29330835.000
2020-01-14,3097.720,3080.6,3108.180,3078.460,35129017.000
2020-01-15,3078.250,3058.01,3086.970,3052.700,28116086.000
2020-01-16,3067.950,3043.09,3068.200,3039.070,28312318.000
2020-01-17,3054.040,3053.17,3067.560,3042.590,23304514.000
2020-01-20,3070.670,3065.99,3072.290,3054.450,27274849.000
2020-01-21,3048.950,3012.11,3050.820,3011.180,32801291.000
2020-01-22,2996.810,3017.88,3023.900,2965.660,33159760.000
2020-01-23,2993.770,2932.49,2993.770,2910.390,42839352.000
2020-02-03,2676.010,2727.09,2755.840,2676.010,58609184.000
2020-02-04,2724.130,2794.66,2796.710,2724.130,57016369.000
2020-02-05,2803.740,2812.9,2833.210,2782.420,44182070.000
2020-02-06,2829.510,2854.89,2866.390,2809.370,42134251.000
2020-02-07,2836.800,2851.71,2851.820,2819.670,34443628.000
2020-02-10,2826.800,2850.06,2854.830,2817.770,33654934.000
2020-02-11,2858.920,2879.86,2893.070,2854.070,36028244.000
2020-02-12,2876.670,2895.59,2895.930,2870.770,31230750.000
2020-02-13,2898.400,2875.48,2906.720,2871.260,37434764.000
2020-02-14,2870.710,2895.06,2900.200,2870.630,35125996.000
2020-02-17,2901.690,2950.07,2950.280,2898.590,45296532.000
2020-02-18,2940.650,2924.4,2944.430,2914.960,38098991.000
2020-02-19,2917.120,2923.76,2942.350,2914.590,40270252.000
2020-02-20,2931.370,2978.18,2981.270,2920.800,50229847.000
2020-02-21,2965.600,2968.14,2991.060,2959.510,46920152.000
2020-02-24,2949.980,2930.03,2953.290,2922.160,48637573.000
2020-02-25,2891.980,2909.32,2912.160,2869.640,53157948.000
2020-02-26,2877.460,2901.67,2930.020,2872.830,62965029.000
2020-02-27,2904.870,2912.04,2927.200,2903.750,42152250.000
2020-02-28,2860.280,2821.04,2880.790,2818.430,58479965.000
2020-03-02,2837.770,2907.89,2922.950,2837.770,54884776.000
2020-03-03,2941.680,2921.44,2948.550,2910.760,53161398.000
2020-03-04,2921.070,2947.57,2949.570,2919.370,42569549.000
2020-03-05,2966.690,3018.07,3023.120,2956.650,60497966.000
2020-03-06,2989.760,2964.83,2999.490,2962.400,41855288.000
2020-03-09,2908.630,2868.83,2908.630,2864.490,58864747.000
2020-03-10,2859.870,2924.22,2935.090,2852.930,48050530.000
2020-03-11,2927.830,2888.36,2927.830,2888.360,36442062.000
2020-03-12,2858.510,2841.98,2866.140,2828.290,37023632.000
2020-03-13,2720.610,2798.77,2826.720,2715.140,49061355.000
2020-03-16,2800.000,2694.02,2800.180,2689.900,46971206.000
2020-03-17,2696.700,2685.59,2734.800,2629.180,41532694.000
2020-03-18,2695.420,2625.75,2724.300,2625.600,37681392.000
2020-03-19,2611.750,2569.79,2630.050,2517.300,49523528.000
2020-03-20,2597.980,2628.42,2636.140,2580.360,37231436.000
2020-03-23,2548.850,2559.62,2586.110,2548.000,32549721.000
2020-03-24,2608.240,2639.38,2641.870,2592.600,36868414.000
2020-03-25,2700.100,2700.19,2711.120,2681.090,38491194.000
2020-03-26,2676.620,2689.28,2716.340,2673.440,28226021.000
2020-03-27,2722.470,2701.44,2733.520,2701.440,35386945.000
2020-03-30,2667.120,2690.04,2696.330,2664.720,34049707.000
2020-03-31,2713.500,2689.38,2716.020,2684.210,30299038.000
2020-04-01,2684.500,2682.08,2722.320,2680.080,27519373.000
2020-04-02,2667.940,2719.89,2719.890,2665.810,28730893.000
2020-04-03,2707.820,2708.82,2720.840,2697.830,24444559.000
2020-04-07,2756.270,2757.41,2762.310,2743.160,35954651.000
2020-04-08,2742.360,2743.89,2753.490,2736.090,25401676.000
2020-04-09,2754.720,2752.59,2760.590,2749.420,23820497.000
2020-04-10,2755.200,2749.85,2787.280,2742.520,25444794.000
2020-04-13,2740.090,2739.17,2749.480,2731.030,19187662.000
2020-04-14,2756.500,2785.72,2785.800,2745.990,26722995.000
2020-04-15,2783.280,2764.49,2788.090,2761.440,23051495.000
2020-04-16,2751.690,2768.26,2771.430,2750.290,23016379.000
2020-04-17,2790.830,2809.08,2825.960,2782.710,34869719.000
2020-04-20,2812.800,2819.79,2821.010,2799.920,27627564.000
2020-04-21,2808.910,2784.53,2808.910,2767.270,24943676.000
2020-04-22,2774.440,2804.24,2804.240,2768.400,20694563.000
2020-04-23,2813.730,2797.66,2820.240,2794.460,24529563.000
2020-04-24,2789.050,2776.02,2789.050,2770.340,19914774.000
2020-04-27,2786.470,2805.22,2818.540,2783.170,23147140.000
2020-04-28,2814.230,2825.14,2832.060,2781.150,27084228.000
2020-04-29,2814.600,2844.81,2852.100,2814.070,25430134.000
2020-04-30,2851.140,2861.91,2882.700,2851.140,30389053.000
2020-05-06,2823.290,2863.85,2865.110,2823.270,35459781.000
2020-05-07,2860.960,2854.42,2863.160,2845.660,23902000.000
2020-05-08,2864.860,2873.01,2883.690,2858.110,27037179.000
2020-05-11,2876.770,2871.85,2897.990,2864.960,25308998.000
2020-05-12,2871.310,2869.6,2880.500,2855.020,21330150.000
2020-05-13,2860.820,2867.71,2869.700,2845.340,18325651.000
2020-05-14,2854.780,2834.53,2854.780,2833.950,19818343.000
2020-05-15,2845.910,2819.69,2849.170,2818.370,19470580.000
2020-05-18,2821.730,2837.17,2849.850,2813.260,22626866.000
2020-05-19,2869.230,2860.67,2872.700,2854.890,22705516.000
2020-05-20,2861.590,2856.14,2864.670,2847.260,19949229.000
2020-05-21,2866.740,2846.82,2867.910,2844.140,19071145.000
2020-05-22,2840.880,2775.81,2841.110,2775.310,25971302.000
2020-05-25,2784.430,2789.71,2789.820,2762.300,18674923.000
2020-05-26,2806.250,2808.84,2811.830,2796.850,18110409.000
2020-05-27,2810.470,2795.48,2814.560,2790.840,19759953.000
2020-05-28,2797.370,2809.66,2830.460,2785.320,22943372.000
2020-05-29,2791.620,2806.66,2813.820,2788.870,21471026.000
2020-06-01,2832.220,2870.36,2873.050,2832.220,28433443.000
2020-06-02,2864.530,2885.92,2890.810,2862.680,26703943.000
2020-06-03,2900.870,2889.11,2922.780,2889.080,27840975.000
2020-06-04,2900.960,2883.36,2902.900,2876.440,21894729.000
2020-06-05,2886.230,2896.35,2896.350,2871.870,21269701.000
2020-06-08,2907.680,2909.59,2925.200,2904.030,29300629.000
2020-06-09,2911.950,2928.3,2931.540,2905.840,24400880.000
2020-06-10,2925.170,2908.48,2925.170,2905.210,22717666.000
2020-06-11,2899.490,2876.51,2907.660,2867.200,28998543.000
2020-06-12,2840.800,2884.12,2884.990,2837.550,34095944.000
2020-06-15,2862.490,2838.61,2875.030,2838.610,29310497.000
2020-06-16,2867.710,2878.99,2879.530,2861.010,24218333.000
2020-06-17,2879.850,2881.13,2882.100,2864.160,22244613.000
2020-06-18,2872.170,2888.96,2892.120,2860.500,27634304.000
2020-06-19,2891.310,2925.94,2933.900,2888.920,37137361.000
2020-06-22,2921.300,2921.89,2947.610,2912.490,37262985.000
2020-06-23,2913.010,2925.42,2929.800,2902.120,27540128.000
2020-06-24,2928.520,2943.47,2947.190,2926.840,30179573.000
2020-06-29,2935.540,2925.48,2942.490,2909.450,32483377.000
2020-06-30,2933.930,2942.07,2951.120,2928.680,27015598.000
2020-07-01,2950.490,3009.86,3010.360,2941.380,42668069.000
2020-07-02,3005.360,3084.24,3088.960,3003.780,67223806.000
2020-07-03,3101.390,3159.16,3159.170,3101.260,78209416.000
2020-07-06,3198.740,3374.14,3384.870,3198.740,122167869.000
2020-07-07,3438.860,3381.76,3465.470,3381.760,108624139.000
2020-07-08,3378.110,3429.94,3466.630,3371.590,91457213.000
2020-07-09,3426.600,3442.02,3451.930,3403.730,84934440.000
2020-07-10,3404.000,3351.78,3411.090,3338.590,79046518.000
2020-07-13,3338.710,3390.12,3421.940,3327.700,80024186.000
2020-07-14,3374.070,3348.03,3391.900,3310.890,76786395.000
2020-07-15,3363.920,3313.76,3374.290,3303.150,70412031.000
2020-07-16,3313.560,3162.03,3326.690,3162.030,74683068.000
2020-07-17,3181.700,3185.89,3223.540,3151.220,49449099.000
2020-07-20,3219.920,3287.92,3293.630,3189.470,63047536.000
2020-07-21,3302.720,3286.81,3305.200,3272.470,44511981.000
2020-07-22,3278.740,3291.36,3354.720,3273.810,54403751.000
2020-07-23,3263.070,3284.11,3303.430,3224.510,55665583.000
2020-07-24,3265.520,3158.29,3270.560,3136.640,60638136.000
2020-07-27,3178.050,3163.23,3194.140,3136.030,37627456.000
2020-07-28,3188.960,3185.89,3205.570,3168.900,35710451.000
2020-07-29,3184.720,3243.38,3245.700,3171.040,43648691.000
2020-07-30,3252.200,3231.52,3263.190,3231.360,36108945.000
2020-07-31,3226.420,3249.34,3284.380,3199.910,42897905.000
2020-08-03,3271.180,3281.1,3284.790,3251.820,48299026.000
2020-08-04,3293.920,3312.13,3329.560,3279.140,62540477.000
2020-08-05,3298.140,3292.31,3300.900,3257.290,45579284.000
2020-08-06,3295.430,3292.2,3311.360,3243.650,48945753.000
2020-08-07,3277.440,3263.75,3288.790,3219.420,48981049.000
2020-08-10,3250.540,3285.76,3309.980,3232.090,53271403.000
2020-08-11,3291.340,3262.82,3333.750,3257.370,53822802.000
2020-08-12,3255.540,3249.74,3266.580,3199.550,51024947.000
2020-08-13,3261.130,3241.84,3265.510,3230.170,37092071.000
2020-08-14,3236.950,3288.51,3292.030,3230.210,36747477.000
2020-08-17,3300.900,3368.85,3397.500,3299.210,75899031.000
2020-08-18,3369.870,3367.33,3377.520,3350.780,47444157.000
2020-08-19,3361.720,3307.66,3366.680,3306.330,44419447.000
2020-08-20,3285.200,3264.53,3288.210,3252.180,37052900.000
2020-08-21,3287.430,3284.73,3299.940,3261.550,28050142.000
2020-08-24,3306.560,3298.72,3320.970,3291.660,29666151.000
2020-08-25,3312.030,3310.84,3335.030,3300.200,28449955.000
2020-08-26,3308.930,3277.89,3327.820,3269.090,32922437.000
2020-08-27,3286.780,3290.79,3291.680,3257.570,28135800.000
2020-08-28,3296.520,3368.44,3372.740,3286.140,39008700.000
2020-08-31,3386.620,3343.89,3408.580,3343.210,47905156.000
2020-09-01,3333.210,3355.1,3355.100,3328.120,30466450.000
2020-09-02,3371.570,3347.3,3373.350,3316.500,35512308.000
2020-09-03,3349.260,3334.41,3374.010,3322.900,31252364.000
2020-09-04,3293.490,3309.21,3314.550,3283.310,28637547.000
2020-09-07,3303.640,3253.43,3328.720,3243.430,32580054.000
2020-09-08,3267.310,3289.91,3296.140,3249.250,32380563.000
2020-09-09,3253.500,3235.7,3267.860,3217.150,30096577.000
2020-09-10,3264.320,3245.5,3273.900,3239.580,29973848.000
2020-09-11,3238.470,3265.5,3270.590,3230.320,23510280.000
2020-09-14,3283.930,3294.15,3298.930,3275.300,21125876.000
2020-09-15,3291.200,3317.64,3321.180,3275.060,21316420.000
2020-09-16,3314.210,3295.58,3322.320,3283.880,22229206.000
2020-09-17,3286.150,3264.69,3287.260,3253.520,23423082.000
2020-09-18,3267.630,3347.78,3347.780,3264.330,44577962.000
2020-09-21,3359.230,3311.59,3360.920,3311.110,29799599.000
2020-09-22,3285.770,3270.52,3319.950,3260.490,26820060.000
2020-09-23,3271.470,3275.74,3284.400,3256.180,20467807.000
2020-09-24,3259.120,3218.72,3264.830,3214.700,25647587.000
2020-09-25,3232.690,3229.78,3244.030,3219.310,20910220.000
2020-09-28,3237.300,3250.5,3268.260,3237.300,20974373.000
2020-09-29,3266.010,3241.32,3266.940,3241.320,19027743.000
2020-09-30,3252.590,3232.42,3269.310,3218.550,22694946.000
2020-10-09,3281.460,3286.86,3296.670,3274.190,24624394.000
2020-10-12,3302.980,3387.88,3388.600,3302.620,39773572.000
2020-10-13,3381.640,3386.89,3391.990,3363.980,27928262.000
2020-10-14,3380.560,3369.5,3380.560,3359.620,25822628.000
2020-10-15,3369.720,3371.4,3392.930,3363.810,27385168.000
2020-10-16,3374.170,3380.17,3400.420,3362.180,34932345.000
2020-10-19,3398.750,3354.31,3430.560,3349.160,41264704.000
2020-10-20,3352.030,3363.5,3365.180,3340.840,26392527.000
2020-10-21,3372.690,3377.42,3380.050,3351.720,31329504.000
2020-10-22,3370.080,3369.53,3378.650,3328.320,27398859.000
2020-10-23,3364.600,3346.61,3395.410,3346.610,33911572.000
2020-10-26,3320.030,3304.7,3328.680,3288.580,34650144.000
2020-10-27,3298.060,3294.09,3305.610,3281.620,25579509.000
2020-10-28,3295.440,3313.23,3324.800,3285.040,28279844.000
2020-10-29,3278.980,3324.44,3351.120,3277.570,30218954.000
2020-10-30,3321.940,3280.38,3332.870,3271.270,35737111.000
2020-11-02,3280.620,3265.9,3298.080,3249.960,34665398.000
2020-11-03,3284.040,3307.48,3324.410,3282.550,34085466.000
2020-11-04,3311.540,3332.19,3340.530,3301.320,28344930.000
2020-11-05,3366.400,3369.5,3386.980,3345.200,31277108.000
2020-11-06,3380.200,3359.12,3380.200,3339.470,35031944.000
2020-11-09,3382.800,3418.28,3428.130,3382.800,43918142.000
2020-11-10,3439.360,3416.14,3440.560,3402.380,41761633.000
2020-11-11,3415.880,3411.23,3432.270,3407.840,40415189.000
2020-11-12,3413.210,3397.35,3420.650,3387.330,27098482.000
2020-11-13,3376.910,3338.31,3377.160,3318.450,34513696.000
2020-11-16,3352.690,3377.11,3377.110,3344.400,32324893.000
2020-11-17,3376.870,3379.27,3388.960,3362.500,33074229.000
2020-11-18,3377.840,3387.04,3408.300,3373.000,43605864.000
2020-11-19,3377.230,3410.09,3415.860,3372.840,32606150.000
2020-11-20,3407.730,3411.93,3415.250,3398.790,29720748.000
2020-11-23,3427.780,3469.8,3485.890,3426.780,49251555.000
2020-11-24,3461.430,3442.72,3470.910,3437.730,34240109.000
2020-11-25,3461.480,3420.29,3475.250,3420.290,40663779.000
2020-11-26,3418.560,3445.74,3447.610,3414.060,33465271.000
2020-11-27,3453.310,3498.66,3498.660,3447.610,53901248.000
2020-11-30,3509.660,3469.42,3570.220,3469.420,84292983.000
2020-12-01,3480.560,3554.01,3559.070,3476.940,52488689.000
2020-12-02,3555.600,3545.34,3568.720,3527.120,39442806.000
2020-12-03,3545.280,3536.81,3550.100,3519.430,35867871.000
2020-12-04,3535.940,3541.52,3546.710,3504.430,33238617.000
2020-12-07,3547.930,3509.94,3548.780,3495.650,35450745.000
2020-12-08,3512.860,3499.06,3529.350,3490.890,28935941.000
2020-12-09,3511.760,3468.53,3517.920,3468.000,30654727.000
2020-12-10,3464.940,3459.03,3478.910,3442.150,29228443.000
2020-12-11,3473.870,3427.86,3477.470,3404.930,38906387.000
2020-12-14,3443.030,3467.77,3472.120,3435.310,24982218.000
2020-12-15,3466.490,3468.83,3476.880,3443.860,26154182.000
2020-12-16,3480.930,3485.4,3494.650,3469.550,22462530.000
2020-12-17,3497.390,3539.54,3543.730,3491.920,27091201.000
2020-12-18,3529.020,3507.97,3538.570,3493.300,26277800.000
2020-12-21,3505.910,3522.26,3531.420,3481.260,26717595.000
2020-12-22,3519.050,3470.9,3526.110,3467.530,34878459.000
2020-12-23,3483.190,3494.59,3516.020,3473.100,27238775.000
2020-12-24,3495.850,3489.27,3521.040,3474.020,20119571.000
2020-12-25,3476.550,3512.49,3514.510,3468.400,21054656.000
2020-12-28,3514.710,3523.84,3548.530,3503.970,26413299.000
2020-12-29,3533.130,3517.35,3539.670,3513.660,26014590.000
2020-12-30,3513.790,3574.13,3574.210,3512.310,26787234.000
2020-12-31,3581.450,3640.64,3646.750,3581.360,36574846.000
2021-01-04,3632.690,3643.36,3659.170,3608.340,43546644.000
2021-01-05,3627.650,3683.36,3683.360,3620.560,47233743.000
2021-01-06,3688.950,3736.65,3736.650,3670.540,45166106.000
2021-01-07,3750.880,3808.07,3808.070,3729.990,42918063.000
2021-01-08,3815.570,3788.32,3833.860,3752.090,41585644.000
2021-01-11,3794.830,3776.53,3849.680,3763.150,47451000.000
2021-01-12,3764.650,3906.12,3906.120,3764.650,48175867.000
2021-01-13,3914.000,3873.23,3931.950,3844.280,55273849.000
2021-01-14,3863.100,3811.22,3866.950,3800.790,50868859.000
2021-01-15,3825.540,3817.93,3866.010,3789.480,55635243.000
2021-01-18,3807.990,3849.4,3873.450,3796.430,42248384.000
2021-01-19,3855.750,3808.69,3862.110,3792.590,42747056.000
2021-01-20,3813.910,3814.65,3838.310,3790.540,34372343.000
2021-01-21,3833.780,3850.06,3874.670,3812.810,36730229.000
2021-01-22,3851.130,3846.39,3862.890,3823.330,38259480.000
2021-01-25,3843.490,3898.15,3903.190,3828.750,37336501.000
2021-01-26,3878.250,3813.29,3878.250,3809.660,29584420.000
2021-01-27,3818.420,3818.27,3831.620,3790.810,28706054.000
2021-01-28,3771.790,3735.03,3779.410,3720.120,30041206.000
2021-01-29,3758.890,3713.25,3767.010,3675.490,32742330.000
2021-02-01,3712.780,3746.37,3747.730,3699.200,29489016.000
2021-02-02,3751.740,3771.47,3774.060,3731.520,28858748.000
2021-02-03,3768.710,3775.72,3796.430,3747.380,31609193.000
2021-02-04,3764.430,3801.62,3820.340,3759.430,33163780.000
2021-02-05,3819.800,3840.77,3876.680,3808.170,41583746.000
2021-02-08,3856.940,3890.47,3896.540,3835.100,33339893.000
2021-02-09,3900.860,3952.83,3952.940,3871.790,32740059.000
2021-02-10,3967.680,4028.53,4039.230,3967.360,38958603.000
2021-02-18,4097.870,4014.32,4110.180,3996.630,51203085.000
2021-02-19,3994.830,4014.46,4023.880,3956.980,42899726.000
2021-02-22,4020.010,3881.87,4020.010,3879.480,58726427.000
2021-02-23,3854.160,3897.72,3942.090,3854.160,43455612.000
2021-02-24,3902.360,3805.47,3910.010,3766.600,39343931.000
2021-02-25,3844.620,3851.03,3878.210,3818.710,46688986.000
2021-02-26,3768.900,3756.86,3819.040,3753.440,41573102.000
2021-03-01,3793.370,3787.87,3795.050,3747.580,33657707.000
2021-03-02,3812.350,3718.77,3812.350,3689.010,35216197.000
2021-03-03,3710.260,3817.41,3818.070,3708.230,36579579.000
2021-03-04,3769.970,3708.66,3781.280,3686.090,36373718.000
2021-03-05,3655.910,3688.68,3721.280,3627.290,36137582.000
2021-03-08,3713.460,3573.43,3732.780,3571.420,41752978.000
2021-03-09,3570.260,3509.61,3595.190,3489.970,42344061.000
2021-03-10,3563.560,3532.05,3572.370,3528.320,28096287.000
2021-03-11,3554.680,3625.31,3633.770,3554.680,31056230.000
2021-03-12,3647.510,3632.58,3647.510,3600.390,35139699.000
2021-03-15,3620.040,3566.88,3627.310,3539.490,37488832.000
2021-03-16,3579.010,3599.16,3608.110,3556.620,28394041.000
2021-03-17,3588.230,3590.83,3616.940,3552.490,26229565.000
2021-03-18,3598.850,3605.6,3619.330,3586.500,23406869.000
2021-03-19,3565.090,3512.02,3573.060,3496.380,34681298.000
2021-03-22,3516.660,3538.43,3558.940,3511.720,26393423.000
2021-03-23,3541.330,3516.36,3542.820,3482.590,25310915.000
2021-03-24,3507.550,3466.04,3528.730,3457.440,25639804.000
2021-03-25,3454.460,3463.87,3479.130,3439.510,23261828.000
2021-03-26,3483.690,3529.73,3539.230,3480.330,24810847.000
2021-03-29,3543.250,3537.71,3563.400,3510.410,28205828.000
2021-03-30,3541.380,3577.24,3582.020,3531.630,25778955.000
2021-03-31,3573.860,3539.37,3573.860,3518.170,29985299.000
2021-04-01,3547.460,3582.65,3586.360,3545.090,21357739.000
2021-04-02,3592.880,3616.76,3616.800,3583.040,23396735.000
2021-04-06,3624.800,3594.71,3624.800,3581.760,17974469.000
2021-04-07,3593.170,3558.47,3593.170,3537.060,22800013.000
2021-04-08,3541.060,3573.04,3582.910,3533.320,19473454.000
2021-04-09,3564.660,3514.11,3565.220,3504.490,19685860.000
2021-04-12,3505.710,3477.07,3520.730,3465.650,24855006.000
2021-04-13,3483.010,3461.46,3505.390,3448.570,21074331.000
2021-04-14,3469.400,3469.17,3484.060,3442.230,19500313.000
2021-04-15,3456.550,3431.49,3456.550,3399.760,21262701.000
2021-04-16,3445.090,3448.1,3456.720,3411.100,18688056.000
2021-04-19,3449.050,3513.4,3515.880,3426.820,27193465.000
2021-04-20,3496.810,3510.12,3532.790,3491.890,21176621.000
2021-04-21,3493.790,3516.1,3524.540,3488.490,20750102.000
2021-04-22,3521.980,3487.43,3524.710,3477.060,22679141.000
2021-04-23,3487.120,3524.02,3533.230,3482.860,20552367.000
2021-04-26,3540.530,3467.66,3548.210,3462.160,25863227.000
2021-04-27,3469.980,3476.3,3482.600,3450.020,20804166.000
2021-04-28,3457.170,3473.04,3473.040,3440.200,22451259.000
2021-04-29,3483.100,3517.21,3519.830,3468.620,31480525.000
2021-04-30,3518.860,3491.19,3522.610,3471.380,34026554.000
2021-05-06,3475.050,3449.94,3510.400,3443.310,29933429.000
2021-05-07,3457.910,3406.31,3470.520,3402.080,30092528.000
2021-05-10,3410.010,3399.98,3416.030,3371.130,28048889.000
2021-05-11,3380.630,3437.71,3443.360,3371.470,24935741.000
2021-05-12,3423.420,3447.86,3456.070,3421.660,23689680.000
2021-05-13,3418.580,3413.89,3435.450,3395.810,21882668.000
2021-05-14,3426.430,3503.04,3504.650,3406.710,34527248.000
2021-05-17,3502.740,3539.91,3556.490,3502.210,30165091.000
2021-05-18,3543.110,3537.7,3550.080,3520.670,23782587.000
2021-05-19,3531.790,3511.47,3531.790,3501.380,23806633.000
2021-05-20,3514.430,3522.45,3530.490,3496.520,23827196.000
2021-05-21,3532.870,3481.86,3544.270,3475.260,20644644.000
2021-05-24,3482.990,3497.75,3499.450,3457.290,22986543.000
2021-05-25,3505.810,3641.29,3645.070,3505.630,44182865.000
2021-05-26,3656.340,3657.19,3678.070,3643.980,34559396.000
2021-05-27,3645.480,3664.94,3709.000,3628.960,29879120.000
2021-05-28,3663.880,3659.3,3689.250,3630.570,28682846.000
2021-05-31,3652.890,3650.22,3652.890,3615.420,26328401.000
2021-06-01,3641.970,3650.9,3652.950,3608.200,28161547.000
2021-06-02,3661.940,3622.4,3665.920,3604.780,27975392.000
2021-06-03,3620.790,3591.16,3637.000,3589.230,26020146.000
2021-06-04,3574.300,3612.7,3655.920,3573.700,28857581.000
2021-06-07,3610.890,3601.11,3613.280,3579.010,25698179.000
2021-06-08,3597.940,3580.28,3634.820,3558.460,26079669.000
2021-06-09,3575.490,3587.53,3599.620,3572.360,27296859.000
2021-06-10,3588.140,3607.68,3634.920,3582.160,28657592.000
2021-06-11,3610.140,3576.78,3611.250,3564.650,40729745.000
2021-06-15,3570.400,3528.67,3579.090,3513.130,37547489.000
2021-06-16,3525.750,3486.29,3532.850,3480.410,31629333.000
2021-06-17,3477.470,3481.6,3503.550,3467.580,29446419.000
2021-06-18,3475.550,3454.59,3488.260,3426.030,36119342.000
2021-06-21,3440.740,3431.25,3455.560,3410.400,30456915.000
2021-06-22,3444.750,3464.71,3469.810,3437.950,32625885.000
2021-06-23,3469.280,3471.34,3496.440,3460.690,29564533.000
2021-06-24,3476.680,3483.91,3487.270,3452.610,28769183.000
2021-06-25,3483.160,3535.02,3545.430,3479.740,36027211.000
2021-06-28,3541.100,3520.74,3543.700,3502.780,29701717.000
2021-06-29,3514.320,3482.73,3517.360,3475.440,28814608.000
2021-06-30,3477.380,3498.65,3504.960,3477.380,24932786.000
2021-07-01,3510.560,3535.25,3535.330,3479.520,29553157.000
2021-07-02,3495.600,3408.24,3495.600,3403.800,34710862.000
2021-07-05,3402.110,3404.79,3415.560,3376.840,30926793.000
2021-07-06,3405.470,3405.28,3406.760,3368.140,29211833.000
2021-07-07,3384.570,3424.39,3433.730,3382.240,26919459.000
2021-07-08,3432.890,3373.26,3434.150,3365.530,33862453.000
2021-07-09,3359.200,3361.59,3373.140,3329.740,31636606.000
2021-07-12,3385.120,3384.51,3413.350,3357.130,38416319.000
2021-07-13,3384.750,3391.74,3409.790,3377.200,31407675.000
2021-07-14,3385.390,3339.38,3385.390,3328.880,34733676.000
2021-07-15,3335.050,3411.29,3414.420,3332.780,31955193.000
2021-07-16,3405.400,3369.9,3413.270,3365.950,27229855.000
2021-07-19,3362.580,3385.37,3390.270,3322.320,29817037.000
2021-07-20,3364.310,3378.63,3382.090,3357.750,25865362.000
2021-07-21,3385.140,3388.52,3410.820,3375.630,33490582.000
2021-07-22,3386.910,3392.72,3410.630,3378.120,36955443.000
2021-07-23,3389.400,3357.45,3389.430,3353.040,36847907.000
2021-07-26,3339.860,3228.37,3339.860,3195.620,44339594.000
2021-07-27,3228.440,3126.38,3238.390,3117.610,49848732.000
2021-07-28,3107.120,3154.64,3171.080,3098.020,40519637.000
2021-07-29,3206.440,3182.8,3207.900,3159.770,35649915.000
2021-07-30,3160.470,3132.82,3160.470,3114.510,32388851.000
2021-08-02,3112.300,3211.14,3217.810,3082.830,45574984.000
2021-08-03,3197.890,3223.83,3235.400,3181.760,38895185.000
2021-08-04,3219.400,3233.1,3242.390,3211.400,33649542.000
2021-08-05,3214.470,3227.36,3266.300,3198.370,31843626.000
2021-08-06,3211.640,3195.7,3213.100,3181.380,29907723.000
2021-08-09,3171.100,3235.21,3253.080,3169.190,38742858.000
2021-08-10,3231.150,3288.65,3290.250,3193.960,32464842.000
2021-08-11,3280.810,3262.58,3298.410,3259.530,40066318.000
2021-08-12,3247.800,3226.11,3262.900,3222.690,32263283.000
2021-08-13,3212.330,3217.84,3242.310,3199.860,28209573.000
2021-08-16,3212.660,3222.62,3246.930,3205.530,32549562.000
2021-08-17,3219.830,3149.88,3240.330,3141.660,39784669.000
2021-08-18,3148.380,3190.55,3204.870,3133.880,45500289.000
2021-08-19,3179.930,3144.37,3185.730,3130.470,45199623.000
2021-08-20,3105.160,3072.75,3118.700,3044.880,38536618.000
2021-08-23,3079.290,3099.89,3109.990,3069.530,31664015.000
2021-08-24,3106.230,3147.77,3160.560,3104.970,38208245.000
2021-08-25,3160.740,3159.8,3173.370,3138.220,33666800.000
2021-08-26,3156.910,3088.83,3156.910,3087.300,31599888.000
2021-08-27,3086.050,3123.05,3145.980,3084.310,32613426.000
2021-08-30,3141.120,3112.7,3141.760,3092.830,45208788.000
2021-08-31,3099.470,3097.06,3122.910,3056.700,51607669.000
2021-09-01,3087.260,3165.04,3185.820,3064.500,73041358.000
2021-09-02,3166.270,3167.1,3189.250,3149.250,51786472.000
2021-09-03,3172.500,3175.88,3203.320,3137.880,52769186.000
2021-09-06,3175.880,3211.2,3228.950,3166.620,45755312.000
2021-09-07,3210.270,3248.05,3259.920,3192.020,46185446.000
2021-09-08,3241.000,3213.26,3254.100,3203.280,42063100.000
2021-09-09,3195.990,3204.28,3208.630,3183.210,52355073.000
2021-09-10,3203.060,3252.32,3268.730,3201.740,61465350.000
2021-09-13,3246.860,3242.04,3271.100,3222.220,51461737.000
2021-09-14,3243.680,3188.26,3257.620,3182.200,56925569.000
2021-09-15,3180.550,3146.63,3180.550,3130.970,42821339.000
2021-09-16,3145.440,3128.59,3157.900,3113.040,45526374.000
2021-09-17,3117.930,3161.92,3162.050,3110.030,40028694.000
2021-09-22,3100.390,3122.34,3129.780,3096.030,40581640.000
2021-09-23,3135.750,3127.82,3159.970,3116.560,37797740.000
2021-09-24,3120.430,3145.11,3173.050,3120.430,35382733.000
2021-09-27,3162.430,3199.97,3218.880,3162.430,42293473.000
2021-09-28,3197.040,3211.15,3224.570,3173.850,38105903.000
2021-09-29,3186.120,3199.23,3222.280,3160.390,40812165.000
2021-09-30,3202.020,3196.99,3213.560,3189.180,29698160.000
2021-10-08,3229.070,3256.26,3263.930,3215.560,38923108.000
2021-10-11,3264.720,3276.41,3318.150,3263.160,38422532.000
2021-10-12,3266.020,3259.38,3280.060,3232.320,34983371.000
2021-10-13,3257.400,3292.76,3307.230,3243.610,28778537.000
2021-10-14,3289.980,3270.69,3301.910,3264.250,24111632.000
2021-10-15,3258.570,3294.83,3301.150,3251.100,32619203.000
2021-10-18,3289.320,3229.63,3289.320,3213.240,32433512.000
2021-10-19,3227.010,3256.67,3265.510,3226.070,29127225.000
2021-10-20,3264.470,3255.0,3282.570,3242.100,27584823.000
2021-10-21,3256.610,3278.54,3294.050,3253.570,31306807.000
2021-10-22,3287.930,3318.13,3336.730,3282.880,31297662.000
2021-10-25,3295.250,3312.3,3316.570,3284.890,28346014.000
2021-10-26,3312.300,3290.04,3327.660,3285.230,25983454.000
2021-10-27,3282.260,3247.1,3282.260,3236.150,28044936.000
2021-10-28,3240.540,3239.61,3252.730,3223.720,29924020.000
2021-10-29,3241.910,3267.25,3267.250,3239.080,34774751.000
2021-11-01,3239.890,3250.92,3262.490,3223.870,33431443.000
2021-11-02,3245.040,3212.03,3267.760,3187.350,39744123.000
2021-11-03,3207.740,3181.45,3220.340,3173.330,27260387.000
2021-11-04,3194.470,3207.26,3216.230,3187.950,26635008.000
2021-11-05,3197.610,3201.55,3229.970,3189.680,26449688.000
2021-11-08,3198.690,3196.27,3214.330,3185.940,25773103.000
2021-11-09,3206.290,3186.96,3214.890,3172.090,23635068.000
2021-11-10,3177.610,3170.4,3182.260,3125.290,30851773.000
2021-11-11,3169.010,3233.37,3233.590,3164.940,38061822.000
2021-11-12,3239.350,3220.55,3241.130,3213.750,25764312.000
2021-11-15,3228.020,3221.69,3241.920,3209.480,22204240.000
2021-11-16,3222.510,3222.17,3243.450,3212.210,24241403.000
2021-11-17,3217.100,3208.78,3226.110,3202.560,19800824.000
2021-11-18,3199.210,3173.38,3199.210,3164.700,20042182.000
2021-11-19,3170.790,3212.91,3217.820,3168.300,25709578.000
2021-11-22,3217.330,3212.15,3228.290,3209.420,26257286.000
2021-11-23,3206.940,3224.15,3237.650,3206.430,26481812.000
2021-11-24,3226.020,3231.84,3247.780,3214.090,23210253.000
2021-11-25,3233.260,3218.05,3236.260,3212.730,21010526.000
2021-11-26,3213.630,3187.36,3214.050,3181.140,23036568.000
2021-11-29,3170.690,3187.05,3188.110,3163.960,27180793.000
2021-11-30,3186.250,3165.35,3196.040,3153.630,23419282.000
2021-12-01,3166.610,3180.42,3182.380,3165.700,25004135.000
2021-12-02,3179.990,3190.87,3198.030,3169.020,27417737.000
2021-12-03,3191.170,3221.42,3221.420,3191.170,27269079.000
2021-12-06,3234.430,3228.14,3257.190,3223.210,35412743.000
2021-12-07,3255.560,3254.5,3262.080,3237.160,37783743.000
2021-12-08,3263.260,3304.71,3306.970,3247.330,32746658.000
2021-12-09,3312.330,3360.18,3393.160,3309.950,42556313.000
2021-12-10,3339.240,3353.63,3353.630,3332.990,39390678.000
2021-12-13,3391.620,3366.07,3428.740,3363.690,39748705.000
2021-12-14,3353.030,3350.5,3364.520,3342.120,31469833.000
2021-12-15,3340.750,3318.98,3359.670,3318.410,24821807.000
2021-12-16,3312.700,3330.86,3330.860,3304.530,25337358.000
2021-12-17,3321.670,3278.9,3330.230,3278.120,26333767.000
2021-12-20,3264.100,3255.35,3294.130,3247.300,27848485.000
2021-12-21,3253.290,3273.03,3277.370,3251.960,24536741.000
2021-12-22,3280.690,3260.57,3287.760,3257.010,22342857.000
2021-12-23,3265.710,3287.19,3287.190,3246.240,21417726.000
2021-12-24,3293.300,3290.24,3306.910,3278.200,21806184.000
2021-12-27,3286.110,3278.44,3291.980,3264.020,19675636.000
2021-12-28,3282.600,3303.4,3307.790,3280.270,26002262.000
2021-12-29,3308.210,3240.85,3308.230,3240.850,20098541.000
2021-12-30,3240.260,3261.79,3277.000,3236.160,22285032.000
2021-12-31,3269.610,3274.32,3282.680,3261.840,20549961.000
2022-01-04,3277.670,3264.07,3281.740,3224.340,29982637.000
2022-01-05,3259.210,3254.28,3289.160,3244.210,37064050.000
2022-01-06,3242.530,3210.39,3251.120,3194.950,31730403.000
2022-01-07,3213.260,3223.27,3240.740,3213.260,40694724.000
2022-01-10,3217.350,3236.12,3237.220,3197.900,33382804.000
2022-01-11,3229.460,3214.53,3247.900,3210.400,30666420.000
2022-01-12,3220.190,3236.31,3244.230,3211.280,32441693.000
2022-01-13,3243.050,3184.11,3247.820,3182.850,34782304.000
2022-01-14,3173.850,3139.05,3173.850,3136.990,34517032.000
2022-01-17,3139.410,3147.7,3159.190,3134.080,27036085.000
2022-01-18,3147.850,3187.52,3198.470,3137.110,35057294.000
2022-01-19,3194.920,3187.19,3201.940,3172.260,30991267.000
2022-01-20,3188.140,3233.7,3251.220,3187.610,40261127.000
2022-01-21,3227.200,3218.74,3234.470,3202.730,32332709.000
2022-01-24,3204.180,3209.74,3218.980,3185.520,28274229.000
2022-01-25,3192.120,3144.95,3198.110,3144.730,30310006.000
2022-01-26,3156.650,3163.67,3169.530,3126.550,24181727.000
2022-01-27,3168.140,3119.24,3168.760,3115.860,31101442.000
2022-01-28,3127.180,3054.02,3140.290,3048.330,33555305.000
2022-02-07,3102.620,3114.26,3129.190,3096.690,36475097.000
2022-02-08,3107.890,3116.5,3118.580,3061.220,40365312.000
2022-02-09,3118.970,3139.56,3148.230,3110.880,39144403.000
2022-02-10,3145.330,3145.11,3146.960,3125.110,36505632.000
2022-02-11,3133.800,3142.91,3172.090,3130.690,43597711.000
2022-02-14,3131.390,3104.0,3131.840,3093.640,38925745.000
2022-02-15,3101.360,3119.93,3126.420,3097.080,29313438.000
2022-02-16,3134.880,3136.08,3150.860,3129.040,24834963.000
2022-02-17,3138.770,3139.18,3156.870,3132.090,25461095.000
2022-02-18,3126.280,3162.82,3162.820,3121.950,23878993.000
2022-02-21,3155.320,3144.86,3155.880,3128.590,26359310.000
2022-02-22,3122.040,3102.32,3122.290,3082.390,31556389.000
2022-02-23,3108.900,3118.04,3120.340,3094.210,29689006.000
2022-02-24,3098.140,3059.64,3104.700,3038.350,47071850.000
2022-02-25,3076.800,3075.59,3104.870,3068.180,35633018.000
2022-02-28,3069.100,3080.78,3081.360,3049.560,30665369.000
2022-03-01,3093.930,3125.69,3129.260,3093.930,27637981.000
2022-03-02,3108.620,3107.24,3113.350,3097.890,27745652.000
2022-03-03,3117.650,3097.09,3124.890,3090.200,37055877.000
2022-03-04,3068.400,3062.38,3079.470,3052.690,30916750.000
2022-03-07,3042.020,2974.68,3042.020,2965.220,42658437.000
2022-03-08,2983.050,2933.16,3005.560,2920.970,41055611.000
2022-03-09,2949.330,2907.18,2965.570,2809.990,47271918.000
2022-03-10,2969.490,2933.46,2973.610,2931.090,34223800.000
2022-03-11,2897.340,2935.68,2944.250,2852.790,36457746.000
2022-03-14,2889.830,2851.88,2920.710,2851.860,32374054.000
2022-03-15,2808.730,2702.85,2825.550,2702.850,52158420.000
2022-03-16,2746.150,2827.75,2836.850,2688.700,48116574.000
2022-03-17,2888.240,2877.22,2918.540,2861.240,43227263.000
2022-03-18,2869.700,2913.19,2925.720,2853.770,41302996.000
2022-03-21,2919.260,2892.11,2919.260,2868.400,30484657.000
2022-03-22,2893.570,2900.77,2921.730,2885.020,30745210.000
2022-03-23,2908.970,2916.51,2928.440,2890.490,30046700.000
2022-03-24,2898.140,2903.62,2918.300,2885.370,27733927.000
2022-03-25,2898.490,2856.43,2910.920,2855.330,26769999.000
2022-03-28,2817.260,2853.18,2866.070,2798.700,32136239.000
2022-03-29,2854.800,2842.15,2873.610,2837.700,23659055.000
2022-03-30,2864.240,2915.49,2915.490,2861.550,34005232.000
2022-03-31,2901.070,2898.83,2915.510,2892.110,33168180.000
2022-04-01,2886.360,2943.24,2954.510,2877.070,33968847.000
2022-04-06,2918.500,2931.2,2941.050,2910.020,43394908.000
2022-04-07,2916.800,2902.48,2943.240,2896.730,32822742.000
2022-04-08,2903.240,2925.49,2929.890,2889.200,36235320.000
2022-04-11,2908.540,2846.38,2908.540,2839.560,35918823.000
2022-04-12,2854.290,2894.26,2895.530,2827.630,33993926.000
2022-04-13,2881.740,2882.28,2914.200,2871.050,31148190.000
2022-04-14,2905.770,2928.6,2947.450,2897.050,28667727.000
2022-04-15,2911.140,2930.58,2943.600,2908.560,29589595.000
2022-04-18,2902.440,2887.72,2902.440,2875.960,29100859.000
2022-04-19,2881.900,2861.57,2899.260,2843.650,28428423.000
2022-04-20,2859.600,2835.35,2868.570,2828.210,29268541.000
2022-04-21,2821.360,2797.53,2848.820,2784.560,32855480.000
2022-04-22,2773.370,2814.13,2826.680,2769.670,30841685.000
2022-04-25,2750.560,2683.41,2772.550,2682.520,44285813.000
2022-04-26,2685.270,2681.03,2729.190,2667.910,40300799.000
2022-04-27,2674.460,2734.54,2737.030,2674.180,42085861.000
2022-04-28,2725.630,2769.71,2775.060,2722.240,37834530.000
2022-04-29,2772.950,2805.34,2820.550,2742.970,41414875.000
2022-05-05,2806.040,2800.93,2824.540,2799.720,35231760.000
2022-05-06,2754.970,2719.76,2760.440,2716.170,27479846.000
2022-05-09,2706.420,2695.13,2716.660,2679.310,21893335.000
2022-05-10,2653.990,2718.37,2733.110,2644.870,34330161.000
2022-05-11,2714.680,2741.23,2769.480,2713.860,38132220.000
2022-05-12,2723.410,2721.77,2740.520,2711.350,25835635.000
2022-05-13,2741.770,2748.24,2760.430,2729.580,27262977.000
2022-05-16,2764.390,2720.41,2765.900,2710.570,27278739.000
2022-05-17,2730.420,2756.74,2756.740,2723.700,28362394.000
2022-05-18,2765.280,2745.53,2765.280,2720.920,25319083.000
2022-05-19,2711.450,2744.55,2748.300,2708.810,25978539.000
2022-05-20,2759.830,2807.94,2807.980,2759.830,34667621.000
2022-05-23,2813.930,2782.55,2813.930,2769.700,28488753.000
2022-05-24,2784.650,2734.19,2786.540,2733.700,32609850.000
2022-05-25,2737.640,2743.42,2749.070,2727.490,23772738.000
2022-05-26,2749.990,2744.9,2760.800,2717.740,28441444.000
2022-05-27,2766.320,2763.07,2789.240,2753.780,29185247.000
2022-05-30,2777.850,2778.45,2788.980,2767.090,27674307.000
2022-05-31,2780.560,2813.22,2817.490,2769.560,32518688.000
2022-06-01,2811.150,2798.07,2812.780,2783.610,26244837.000
2022-06-02,2786.080,2790.32,2794.100,2776.730,25268373.000
2022-06-06,2792.440,2825.65,2826.600,2762.960,43391368.000
2022-06-07,2828.160,2846.81,2863.140,2819.820,36678863.000
2022-06-08,2857.690,2879.31,2888.670,2849.260,35299288.000
2022-06-09,2877.880,2868.42,2896.740,2857.820,39319631.000
2022-06-10,2843.580,2899.58,2902.480,2836.860,43608837.000
2022-06-13,2862.900,2844.72,2868.620,2826.980,47424830.000
2022-06-14,2814.820,2882.7,2884.470,2808.980,49868702.000
2022-06-15,2882.150,2923.99,2971.360,2882.150,67945052.000
2022-06-16,2927.160,2891.34,2936.470,2888.740,47081868.000
2022-06-17,2876.510,2936.2,2943.320,2876.510,40393929.000
2022-06-20,2935.220,2924.92,2951.070,2904.380,45610418.000
2022-06-21,2924.150,2926.48,2945.700,2902.380,55889183.000
2022-06-22,2932.060,2892.29,2932.060,2890.760,56598161.000
2022-06-23,2896.720,2935.88,2936.640,2896.720,62859404.000
2022-06-24,2945.290,2974.75,2983.610,2944.190,63000143.000
2022-06-27,2991.100,3013.95,3034.690,2991.100,61419225.000
2022-06-28,3012.620,3039.41,3044.540,2991.540,54792326.000
2022-06-29,3029.380,3009.24,3050.450,3001.280,50725385.000
2022-06-30,3001.810,3058.4,3085.220,3001.810,43874919.000
2022-07-01,3066.590,3045.27,3072.850,3033.600,45684763.000
2022-07-04,3031.060,3050.15,3051.060,3011.330,40903798.000
2022-07-05,3058.430,3052.11,3078.400,3018.190,45992567.000
2022-07-06,3041.490,2996.73,3041.490,2979.330,44206693.000
2022-07-07,2994.360,2989.21,3005.000,2968.350,36006411.000
2022-07-08,3012.880,2993.31,3022.350,2992.630,34455297.000
2022-07-11,2974.360,2942.3,2974.360,2930.100,44212391.000
2022-07-12,2942.520,2922.0,2953.700,2910.450,38270400.000
2022-07-13,2918.350,2914.29,2930.390,2902.660,41584475.000
2022-07-14,2906.480,2895.3,2916.180,2882.570,47853249.000
2022-07-15,2873.810,2839.39,2912.320,2839.390,46688478.000
2022-07-18,2849.990,2878.64,2880.750,2826.130,37044128.000
2022-07-19,2876.320,2865.6,2876.400,2839.060,31837183.000
2022-07-20,2883.520,2874.08,2887.940,2867.590,25435960.000
2022-07-21,2862.870,2836.66,2866.310,2836.240,31975666.000
2022-07-22,2845.920,2848.44,2869.360,2828.650,27685924.000
2022-07-25,2846.830,2837.26,2846.980,2829.240,21598772.000
2022-07-26,2845.140,2854.64,2864.460,2843.000,25431635.000
2022-07-27,2847.010,2829.92,2847.860,2825.620,22851265.000
2022-07-28,2839.250,2827.11,2861.520,2826.530,28466460.000
2022-07-29,2827.470,2792.33,2849.250,2784.570,33568668.000
2022-08-01,2785.690,2781.68,2794.180,2763.580,28003765.000
2022-08-02,2757.190,2730.76,2757.190,2705.730,38548568.000
2022-08-03,2735.160,2710.72,2755.680,2705.950,30843803.000
2022-08-04,2724.800,2741.09,2743.620,2717.790,26974489.000
2022-08-05,2748.650,2774.34,2777.110,2738.140,28242294.000
2022-08-08,2762.320,2761.16,2771.360,2751.360,23846182.000
2022-08-09,2760.240,2764.07,2769.730,2752.490,21903695.000
2022-08-10,2762.360,2730.96,2770.500,2719.610,22936910.000
2022-08-11,2744.680,2787.06,2787.370,2737.880,29472385.000
2022-08-12,2780.050,2796.89,2802.580,2774.960,26662477.000
2022-08-15,2787.510,2782.67,2811.240,2779.630,26458290.000
2022-08-16,2785.940,2769.26,2793.270,2764.660,23477494.000
2022-08-17,2773.390,2785.85,2791.710,2751.020,28030548.000
2022-08-18,2778.130,2759.29,2783.760,2751.480,22583132.000
2022-08-19,2755.090,2750.63,2772.220,2750.060,28186658.000
2022-08-22,2737.400,2756.37,2767.280,2736.130,29128136.000
2022-08-23,2754.630,2735.67,2759.690,2727.740,24908538.000
2022-08-24,2738.380,2708.09,2750.870,2706.150,30925306.000
2022-08-25,2715.640,2752.56,2756.940,2707.460,31964009.000
2022-08-26,2758.510,2751.59,2763.640,2745.520,26031347.000
2022-08-29,2721.860,2732.21,2736.600,2718.970,24890507.000
2022-08-30,2731.980,2726.66,2741.600,2705.050,25930522.000
2022-08-31,2713.290,2761.78,2779.620,2713.290,39886395.000
2022-09-01,2750.030,2732.4,2757.880,2731.700,25422479.000
2022-09-02,2737.200,2711.26,2740.660,2698.330,22781335.000
2022-09-05,2700.110,2697.77,2706.960,2676.600,24938690.000
2022-09-06,2706.100,2724.5,2726.720,2704.000,29124448.000
2022-09-07,2709.770,2710.69,2718.170,2703.080,23454754.000
2022-09-08,2714.030,2708.28,2725.250,2707.470,24209022.000
2022-09-09,2719.010,2757.57,2763.170,2710.770,32485640.000
2022-09-13,2769.410,2769.23,2781.400,2751.090,29928992.000
2022-09-14,2734.910,2745.43,2760.400,2732.780,24848499.000
2022-09-15,2753.130,2743.79,2769.460,2728.840,33698861.000
2022-09-16,2731.960,2678.03,2738.650,2678.030,38441774.000
2022-09-19,2677.330,2679.59,2695.400,2669.090,27260379.000
2022-09-20,2688.170,2673.88,2691.550,2666.660,23751394.000
2022-09-21,2667.170,2652.21,2670.060,2641.720,23960147.000
2022-09-22,2632.000,2629.37,2645.570,2621.820,24229236.000
2022-09-23,2625.250,2629.81,2649.810,2618.940,30277934.000
2022-09-26,2612.670,2614.9,2650.250,2611.530,34384533.000
2022-09-27,2616.050,2642.92,2645.740,2605.240,26144970.000
2022-09-28,2635.260,2611.98,2637.020,2608.640,24732086.000
2022-09-29,2633.070,2608.98,2644.070,2596.960,25969017.000
2022-09-30,2618.080,2610.12,2631.780,2604.930,23244464.000
2022-10-10,2610.760,2545.05,2611.050,2542.010,33718358.000
2022-10-11,2552.170,2539.95,2553.210,2532.280,24216496.000
2022-10-12,2537.810,2555.02,2556.520,2482.550,28635606.000
2022-10-13,2534.510,2523.63,2541.160,2517.440,28627223.000
2022-10-14,2544.240,2584.68,2599.140,2541.380,33449619.000
2022-10-17,2572.610,2585.5,2588.340,2561.240,26826742.000
2022-10-18,2594.700,2569.97,2598.210,2565.040,20975050.000
2022-10-19,2562.540,2519.9,2572.300,2519.900,21590683.000
2022-10-20,2495.020,2501.5,2535.390,2494.290,23833182.000
2022-10-21,2503.110,2487.22,2510.600,2473.200,27251549.000
2022-10-24,2468.700,2392.6,2493.060,2386.540,39801915.000
2022-10-25,2386.850,2394.92,2427.320,2376.160,28439409.000
2022-10-26,2395.870,2400.52,2438.690,2392.740,36580109.000
2022-10-27,2413.020,2381.26,2432.150,2379.060,35517252.000
2022-10-28,2364.750,2326.94,2377.910,2322.640,32458223.000
2022-10-31,2300.880,2295.92,2327.060,2288.010,41520625.000
2022-11-01,2306.430,2396.63,2397.000,2306.430,50098867.000
2022-11-02,2385.710,2418.32,2437.950,2375.510,42290890.000
2022-11-03,2396.470,2387.45,2409.140,2376.070,28652756.000
2022-11-04,2383.960,2468.28,2479.230,2383.960,40622068.000
2022-11-07,2452.010,2477.77,2490.320,2449.630,40441961.000
2022-11-08,2476.650,2459.09,2482.580,2442.920,27299352.000
2022-11-09,2460.240,2440.35,2470.410,2435.020,25125325.000
2022-11-10,2422.010,2440.32,2451.470,2414.350,38204021.000
2022-11-11,2511.780,2518.05,2546.090,2482.110,61500881.000
2022-11-14,2550.970,2538.3,2577.200,2532.550,50342000.000
2022-11-15,2535.280,2583.72,2594.270,2526.620,36580901.000
2022-11-16,2581.930,2572.89,2595.300,2568.380,28836155.000
2022-11-17,2566.280,2560.02,2569.430,2531.300,27483703.000
2022-11-18,2563.270,2546.72,2572.710,2544.840,28456962.000
2022-11-21,2523.050,2514.85,2523.050,2489.440,25530779.000
2022-11-22,2516.700,2531.34,2555.790,2508.860,37295381.000
2022-11-23,2524.180,2535.52,2554.760,2520.830,35963861.000
2022-11-24,2550.300,2520.56,2562.080,2517.180,22319192.000
2022-11-25,2518.880,2544.61,2554.540,2512.880,41295288.000
2022-11-28,2489.470,2503.62,2507.780,2458.870,32774737.000
2022-11-29,2538.610,2607.75,2611.750,2538.610,49083250.000
2022-11-30,2595.230,2606.54,2623.850,2593.510,40555440.000
2022-12-01,2661.180,2631.21,2678.340,2629.890,44157533.000
2022-12-02,2628.110,2614.61,2630.260,2609.510,29314794.000
2022-12-05,2647.460,2676.14,2676.420,2635.750,54629803.000
2022-12-06,2663.110,2684.85,2704.900,2658.160,36256033.000
2022-12-07,2678.640,2670.65,2705.240,2661.250,34532578.000
2022-12-08,2667.360,2672.9,2681.650,2661.750,26334919.000
2022-12-09,2676.710,2706.74,2712.880,2663.600,38346283.000
2022-12-12,2689.570,2673.94,2700.400,2670.200,31632079.000
2022-12-13,2673.540,2676.9,2688.220,2668.480,28521298.000
2022-12-14,2678.470,2686.37,2698.010,2663.780,25966933.000
2022-12-15,2689.570,2675.19,2697.420,2661.850,23159163.000
2022-12-16,2662.480,2688.29,2691.190,2662.480,24961068.000
2022-12-19,2688.120,2646.18,2696.930,2635.190,26354633.000
2022-12-20,2636.080,2599.49,2640.010,2580.870,21723971.000
2022-12-21,2608.870,2607.42,2617.920,2602.610,15738830.000
2022-12-22,2632.200,2619.76,2645.730,2608.440,21069503.000
2022-12-23,2602.410,2615.88,2628.390,2595.850,15929014.000
2022-12-26,2617.180,2607.52,2625.880,2604.900,19812417.000
2022-12-27,2623.170,2632.45,2640.740,2616.930,21814661.000
2022-12-28,2629.980,2638.31,2646.710,2620.120,23171189.000
2022-12-29,2622.190,2622.07,2627.430,2605.050,22776667.000
2022-12-30,2633.160,2635.25,2648.410,2631.850,23889757.000
2023-01-03,2628.670,2641.42,2645.990,2603.720,30230100.000
2023-01-04,2644.290,2651.01,2659.540,2637.720,28065521.000
2023-01-05,2670.460,2700.31,2705.740,2668.150,27714894.000
2023-01-06,2704.240,2713.63,2721.930,2698.910,28367259.000
2023-01-09,2731.000,2742.2,2747.610,2722.150,29682897.000
2023-01-10,2742.700,2733.62,2748.640,2731.820,24212915.000
2023-01-11,2739.940,2740.19,2760.100,2733.430,24748045.000
2023-01-12,2749.690,2741.95,2752.120,2732.830,22257903.000
2023-01-13,2751.580,2787.36,2787.360,2747.360,24652015.000
2023-01-16,2789.870,2834.29,2864.880,2787.950,39276584.000
2023-01-17,2833.740,2827.03,2837.590,2813.720,24969526.000
2023-01-18,2829.790,2810.09,2838.830,2807.550,20562468.000
2023-01-19,2807.560,2820.81,2823.110,2786.080,23936652.000
2023-01-20,2831.680,2836.81,2847.310,2822.690,34410546.000
2023-01-30,2895.350,2839.12,2895.350,2835.650,42026518.000
2023-01-31,2842.520,2807.95,2853.900,2804.980,30032900.000
2023-02-01,2819.180,2820.87,2820.870,2780.890,37555987.000
2023-02-02,2828.530,2811.85,2828.530,2798.350,34064475.000
2023-02-03,2795.110,2774.8,2795.110,2753.060,31007460.000
2023-02-06,2744.700,2735.0,2744.700,2716.730,26304300.000
2023-02-07,2744.700,2740.44,2752.790,2730.830,20708210.000
2023-02-08,2744.490,2731.25,2758.040,2727.770,20115261.000
2023-02-09,2725.200,2761.87,2765.620,2723.560,19825081.000
2023-02-10,2757.530,2746.72,2757.530,2738.610,18510167.000
2023-02-13,2739.720,2767.79,2772.050,2733.210,30104364.000
2023-02-14,2770.240,2776.98,2776.980,2760.590,22294840.000
2023-02-15,2776.010,2752.34,2780.590,2746.280,23919067.000
2023-02-16,2754.950,2742.8,2787.160,2725.840,32593974.000
2023-02-17,2737.010,2714.29,2759.520,2712.500,27014083.000
2023-02-20,2720.050,2788.4,2790.980,2717.500,38545666.000
2023-02-21,2785.990,2802.14,2805.710,2779.180,35587226.000
2023-02-22,2786.720,2769.34,2795.240,2766.360,21310123.000
2023-02-23,2770.720,2767.54,2790.890,2757.490,23120961.000
2023-02-24,2762.790,2727.59,2764.650,2722.180,25062085.000
2023-02-27,2713.430,2723.58,2738.120,2712.790,22288276.000
2023-02-28,2730.520,2737.15,2740.220,2703.260,24170896.000
2023-03-01,2736.050,2773.65,2783.320,2729.800,35893952.000
2023-03-02,2766.080,2769.11,2782.790,2762.110,33747752.000
2023-03-03,2778.890,2774.51,2784.130,2757.690,40428992.000
2023-03-06,2773.270,2744.14,2774.000,2734.960,38301675.000
2023-03-07,2741.790,2713.17,2761.350,2711.250,55146111.000
2023-03-08,2698.590,2691.93,2699.880,2679.170,29539308.000
2023-03-09,2694.150,2671.84,2697.250,2660.620,27251214.000
2023-03-10,2648.810,2636.39,2667.960,2636.010,28778692.000
2023-03-13,2637.820,2664.04,2672.010,2637.710,34164329.000
2023-03-14,2658.280,2645.11,2658.280,2627.000,33042266.000
2023-03-15,2666.940,2648.39,2674.080,2647.960,33345926.000
2023-03-16,2627.040,2622.82,2647.530,2621.720,39478516.000
2023-03-17,2644.950,2628.59,2672.290,2620.430,43717732.000
2023-03-20,2632.250,2616.75,2644.830,2614.280,42916078.000
2023-03-21,2623.580,2643.36,2648.050,2622.850,31161690.000
2023-03-22,2652.710,2651.53,2666.700,2643.120,26143513.000
2023-03-23,2641.820,2668.67,2668.670,2641.070,28767182.000
2023-03-24,2664.530,2653.29,2664.530,2648.340,30711612.000
2023-03-27,2652.790,2639.62,2652.790,2626.580,34045359.000
2023-03-28,2646.980,2638.74,2653.570,2633.920,27215781.000
2023-03-29,2655.410,2636.22,2658.130,2632.840,26888679.000
2023-03-30,2639.360,2664.21,2665.340,2628.100,33612471.000
2023-03-31,2670.950,2661.92,2681.820,2657.770,28888859.000
2023-04-03,2667.180,2665.72,2673.660,2655.070,35269835.000
2023-04-04,2668.400,2675.92,2676.060,2657.860,39497343.000
2023-04-06,2668.130,2666.45,2672.720,2659.910,29605541.000
2023-04-07,2667.140,2684.86,2692.510,2663.610,24161042.000
2023-04-10,2690.430,2684.91,2690.430,2671.520,32266430.000
2023-04-11,2690.630,2680.04,2694.320,2671.950,34114834.000
2023-04-12,2684.050,2665.77,2684.440,2663.200,34962726.000
2023-04-13,2659.940,2670.01,2675.000,2652.960,36099587.000
2023-04-14,2679.130,2679.01,2692.460,2668.810,30896338.000
2023-04-17,2680.630,2732.97,2732.970,2678.140,45366139.000
2023-04-18,2724.490,2744.45,2753.810,2722.610,39615955.000
2023-04-19,2746.060,2720.72,2746.060,2716.750,32903094.000
2023-04-20,2718.240,2704.86,2721.200,2693.260,35867167.000
2023-04-21,2703.400,2654.21,2703.400,2652.260,37325688.000
2023-04-24,2655.080,2618.48,2656.670,2611.380,37410502.000
2023-04-25,2621.020,2619.23,2629.730,2596.560,39516242.000
2023-04-26,2614.960,2617.98,2627.580,2605.180,36961348.000
2023-04-27,2618.460,2650.57,2658.780,2612.920,36174826.000
2023-04-28,2653.140,2677.76,2683.470,2653.140,40548779.000
2023-05-04,2663.450,2692.69,2696.590,2654.230,54055929.000
2023-05-05,2698.590,2685.17,2706.330,2672.030,46797694.000
2023-05-08,2694.570,2720.32,2727.730,2685.520,63882547.000
2023-05-09,2723.190,2703.94,2751.440,2702.770,68807967.000
2023-05-10,2698.770,2673.91,2706.200,2669.730,54524777.000
2023-05-11,2682.380,2666.06,2688.690,2663.540,32992010.000
2023-05-12,2662.800,2630.95,2668.880,2630.290,34912863.000
2023-05-15,2628.460,2677.04,2677.260,2619.560,44553216.000
2023-05-16,2681.390,2670.45,2685.580,2661.950,33879998.000
2023-05-17,2666.040,2649.36,2673.020,2642.630,26249927.000
2023-05-18,2653.010,2644.22,2665.280,2634.610,31967361.000
2023-05-19,2632.590,2633.39,2649.690,2614.960,29813860.000
2023-05-22,2630.110,2658.79,2669.230,2628.760,28098533.000
2023-05-23,2657.920,2617.54,2662.390,2617.540,30513962.000
2023-05-24,2615.570,2577.34,2615.570,2576.830,36912434.000
2023-05-25,2567.450,2564.5,2572.190,2544.270,31772049.000
2023-05-26,2562.550,2559.61,2569.230,2536.260,24048616.000
2023-05-29,2565.590,2548.29,2566.830,2537.000,29439821.000
2023-05-30,2546.170,2535.14,2553.950,2508.290,31874037.000
2023-05-31,2524.790,2493.35,2525.110,2485.860,30754858.000
2023-06-01,2487.760,2500.34,2522.860,2487.760,32490221.000
2023-06-02,2511.690,2543.58,2547.090,2511.330,30418231.000
2023-06-05,2540.020,2528.4,2542.480,2522.710,29734417.000
2023-06-06,2528.170,2519.19,2560.060,2516.470,30830596.000
2023-06-07,2528.850,2511.39,2537.230,2506.200,23479390.000
2023-06-08,2512.450,2540.06,2549.320,2504.100,29033281.000
2023-06-09,2541.030,2543.93,2550.590,2536.180,29638600.000
2023-06-12,2536.380,2542.2,2553.990,2524.310,36235161.000
2023-06-13,2535.990,2544.95,2547.850,2523.970,29331674.000
2023-06-14,2549.670,2541.81,2564.340,2540.580,33883066.000
2023-06-15,2547.490,2576.74,2576.740,2546.210,32520795.000
2023-06-16,2581.970,2600.92,2604.630,2581.770,35861299.000
2023-06-19,2591.330,2560.53,2591.330,2556.890,36473350.000
2023-06-20,2558.100,2547.25,2564.540,2544.050,28713670.000
2023-06-21,2536.950,2519.08,2548.930,2519.080,32391757.000
2023-06-26,2500.850,2488.74,2503.110,2482.610,31879471.000
2023-06-27,2490.980,2506.6,2513.980,2481.750,32448209.000
2023-06-28,2501.160,2510.72,2511.620,2491.250,27910636.000
2023-06-29,2510.890,2490.9,2513.550,2490.640,24269593.000
2023-06-30,2484.650,2492.1,2508.250,2482.490,24104247.000
2023-07-03,2496.920,2534.47,2537.690,2496.430,34624875.000
2023-07-04,2532.590,2537.6,2539.820,2525.380,31286966.000
2023-07-05,2533.190,2520.18,2537.190,2514.090,30813953.000
2023-07-06,2513.430,2501.32,2525.560,2495.910,26487658.000
2023-07-07,2493.490,2489.54,2500.580,2484.890,24025853.000
2023-07-10,2501.530,2503.28,2520.150,2495.870,24539131.000
2023-07-11,2513.710,2518.53,2521.050,2504.200,22815691.000
2023-07-12,2516.680,2513.42,2529.530,2510.160,30323021.000
2023-07-13,2519.380,2546.38,2547.780,2519.380,34374789.000
2023-07-14,2554.640,2547.94,2556.850,2543.180,36353195.000
2023-07-17,2535.640,2520.79,2535.640,2511.360,31735395.000
2023-07-18,2520.620,2511.64,2520.620,2503.520,26681996.000
2023-07-19,2506.420,2517.11,2518.900,2503.340,22119097.000
2023-07-20,2523.270,2506.86,2535.610,2503.480,24549000.000
2023-07-21,2501.400,2509.29,2527.280,2496.810,22413005.000
2023-07-24,2492.220,2500.0,2509.780,2492.190,19065789.000
2023-07-25,2539.480,2578.35,2578.960,2539.480,40357653.000
2023-07-26,2574.810,2576.39,2581.250,2564.890,26070635.000
2023-07-27,2580.240,2575.36,2596.330,2569.100,29762572.000
2023-07-28,2564.870,2647.03,2653.260,2563.160,48566528.000
2023-07-31,2666.490,2653.37,2700.740,2644.090,51744806.000
2023-08-01,2652.240,2645.89,2670.250,2636.150,39178875.000
2023-08-02,2635.550,2620.68,2651.180,2612.350,37123029.000
2023-08-03,2617.790,2645.15,2647.360,2612.400,34042304.000
2023-08-04,2664.590,2648.84,2680.740,2646.150,48203634.000
2023-08-07,2635.780,2634.58,2636.690,2622.670,31748609.000
2023-08-08,2625.670,2631.38,2646.600,2610.810,27366486.000
2023-08-09,2623.150,2628.7,2638.090,2622.060,23987307.000
2023-08-10,2623.800,2629.44,2632.570,2609.820,24628325.000
2023-08-11,2630.990,2568.9,2631.800,2568.900,35996802.000
2023-08-14,2538.850,2549.28,2554.390,2526.070,33544098.000
2023-08-15,2550.940,2546.44,2556.000,2522.240,27888491.000
2023-08-16,2533.900,2530.81,2549.940,2529.430,25629806.000
2023-08-17,2516.750,2536.49,2540.540,2507.900,24783544.000
2023-08-18,2537.140,2507.58,2545.800,2507.580,26305781.000
2023-08-21,2498.130,2475.09,2508.960,2475.090,28643647.000
2023-08-22,2485.560,2493.76,2505.030,2464.280,41261520.000
2023-08-23,2491.370,2461.19,2498.320,2459.330,29654617.000
2023-08-24,2468.320,2480.75,2497.190,2466.860,36665820.000
2023-08-25,2468.740,2485.33,2502.190,2466.550,30085353.000
2023-08-28,2612.310,2518.19,2612.980,2507.980,54527239.000
2023-08-29,2512.320,2529.22,2546.690,2511.790,39909534.000
2023-08-30,2540.840,2522.54,2540.840,2518.660,35817962.000
2023-08-31,2526.690,2510.46,2532.170,2505.830,29685202.000
2023-09-01,2520.700,2532.25,2544.050,2520.700,29082104.000
2023-09-04,2550.170,2577.47,2583.670,2547.590,40656936.000
2023-09-05,2569.760,2561.79,2569.760,2557.970,26684673.000
2023-09-06,2553.590,2559.36,2564.430,2544.600,23862054.000
2023-09-07,2552.360,2534.16,2552.860,2531.100,25242432.000
2023-09-08,2527.460,2519.97,2529.850,2512.410,18042629.000
2023-09-11,2519.300,2536.17,2550.010,2519.300,24454024.000
2023-09-12,2533.600,2531.83,2538.690,2527.340,20584905.000
2023-09-13,2536.390,2524.54,2543.120,2510.090,24199656.000
2023-09-14,2529.190,2530.98,2539.670,2519.400,31215489.000
2023-09-15,2538.260,2514.98,2546.420,2508.240,33666399.000
2023-09-18,2509.150,2531.9,2532.430,2503.020,25420942.000
2023-09-19,2529.480,2532.28,2533.790,2517.400,22940704.000
2023-09-20,2527.750,2521.56,2529.020,2519.130,22882473.000
2023-09-21,2515.470,2495.74,2519.910,2495.740,23891417.000
2023-09-22,2498.240,2550.98,2550.980,2489.320,32978575.000
2023-09-25,2548.890,2529.15,2548.890,2526.070,25569881.000
2023-09-26,2526.350,2513.41,2534.200,2512.030,23341964.000
2023-09-27,2515.820,2520.14,2538.680,2514.230,27540832.000
2023-09-28,2530.230,2507.09,2531.070,2504.210,24916691.000
2023-10-09,2497.470,2499.57,2504.020,2474.810,27608360.000
2023-10-10,2510.510,2482.53,2513.850,2481.390,28702040.000
2023-10-11,2497.560,2490.86,2502.630,2486.370,26372287.000
2023-10-12,2518.830,2514.39,2524.200,2504.370,33661372.000
2023-10-13,2495.150,2489.13,2499.070,2482.890,25792374.000
2023-10-16,2490.920,2468.44,2491.620,2461.380,25080812.000
2023-10-17,2474.120,2478.9,2480.940,2462.370,23488548.000
2023-10-18,2471.590,2467.19,2478.680,2463.660,24591894.000
2023-10-19,2450.170,2401.93,2450.180,2400.190,31149685.000
2023-10-20,2394.620,2389.22,2402.790,2379.740,27929409.000
2023-10-23,2380.300,2369.93,2390.800,2351.450,26469956.000
2023-10-24,2374.870,2378.44,2382.730,2355.590,31452286.000
2023-10-25,2402.750,2386.3,2408.890,2383.100,39991649.000
2023-10-26,2375.040,2393.73,2394.990,2372.540,28462666.000
2023-10-27,2383.990,2414.91,2426.800,2380.340,31647536.000
2023-10-30,2406.950,2414.16,2420.980,2403.270,39706697.000
2023-10-31,2409.890,2411.48,2416.570,2400.260,31393681.000
2023-11-01,2456.380,2420.73,2456.380,2416.680,25950506.000
2023-11-02,2429.720,2417.46,2440.340,2416.660,25313330.000
2023-11-03,2419.690,2436.94,2443.300,2418.920,24430249.000
2023-11-06,2452.840,2456.77,2460.760,2443.390,39448493.000
2023-11-07,2450.270,2443.97,2450.380,2436.380,25409512.000
2023-11-08,2436.870,2436.7,2448.870,2426.200,25416171.000
2023-11-09,2428.510,2436.23,2444.350,2427.640,28423914.000
2023-11-10,2424.490,2414.02,2428.120,2409.040,24477685.000
2023-11-13,2415.960,2407.59,2421.170,2396.310,23455482.000
2023-11-14,2410.480,2406.4,2419.220,2397.180,23421802.000
2023-11-15,2428.820,2427.12,2431.830,2419.640,24622131.000
2023-11-16,2422.850,2404.32,2425.300,2402.110,22200157.000
2023-11-17,2396.590,2398.2,2401.790,2379.330,22301093.000
2023-11-20,2399.760,2404.77,2413.310,2383.560,21238673.000
2023-11-21,2415.130,2416.24,2432.770,2412.010,26462616.000
2023-11-22,2408.980,2396.9,2414.240,2396.900,21724455.000
2023-11-23,2393.490,2405.17,2407.200,2386.580,19801601.000
2023-11-24,2403.920,2391.02,2403.920,2390.170,20234203.000
2023-11-27,2387.980,2370.72,2387.980,2357.090,26821001.000
2023-11-28,2368.920,2371.21,2374.970,2361.740,20064514.000
2023-11-29,2374.030,2358.12,2374.360,2351.100,25739104.000
2023-11-30,2358.210,2366.0,2370.950,2354.690,25642019.000
2023-12-01,2362.630,2352.0,2362.630,2330.740,28357550.000
2023-12-04,2351.310,2333.88,2353.000,2332.850,23004550.000
2023-12-05,2327.340,2286.58,2327.340,2285.960,25193874.000
2023-12-06,2281.730,2284.06,2298.300,2275.280,30677731.000
2023-12-07,2280.090,2274.83,2284.940,2259.820,25959560.000
2023-12-08,2274.180,2281.65,2287.090,2269.280,33512910.000
2023-12-11,2264.990,2292.68,2299.660,2244.280,35010082.000
2023-12-12,2285.210,2305.14,2306.040,2282.090,28848714.000
2023-12-13,2298.270,2261.02,2298.270,2260.600,24866346.000
2023-12-14,2274.250,2249.94,2280.850,2249.390,20626914.000
2023-12-15,2262.040,2245.29,2283.540,2244.800,27458678.000
2023-12-18,2237.010,2251.23,2260.350,2227.980,25881915.000
2023-12-19,2248.450,2257.21,2264.290,2238.870,22119560.000
2023-12-20,2253.680,2237.58,2258.490,2236.880,24979420.000
2023-12-21,2228.770,2261.38,2266.770,2227.970,28726944.000
2023-12-22,2262.160,2270.5,2282.770,2251.450,29596181.000
2023-12-25,2266.390,2272.96,2276.130,2263.600,19434561.000
2023-12-26,2273.050,2262.21,2273.050,2255.350,19899127.000
2023-12-27,2263.490,2266.54,2271.230,2250.010,26761125.000
2023-12-28,2267.060,2317.7,2322.050,2265.230,42922566.000
2023-12-29,2314.070,2326.17,2327.680,2309.430,30362343.000
2024-01-02,2316.430,2292.23,2316.740,2292.230,31375477.000
2024-01-03,2287.760,2294.84,2299.680,2283.590,29314375.000
2024-01-04,2293.460,2279.04,2296.120,2260.350,32125788.000
2024-01-05,2272.940,2268.54,2295.600,2256.600,35589372.000
2024-01-08,2265.240,2243.84,2272.040,2240.560,31500656.000
2024-01-09,2243.410,2245.62,2251.540,2234.910,30269328.000
2024-01-10,2239.030,2235.21,2257.850,2233.180,25713298.000
2024-01-11,2234.820,2240.11,2251.080,2226.280,30524425.000
2024-01-12,2231.290,2237.21,2250.730,2229.590,25893778.000
2024-01-15,2227.360,2238.5,2256.800,2225.240,23715095.000
2024-01-16,2231.820,2248.98,2249.050,2223.440,28782237.000
2024-01-17,2241.020,2199.26,2242.610,2199.260,30628292.000
2024-01-18,2191.890,2238.46,2242.330,2163.870,54944741.000
2024-01-19,2227.730,2243.54,2250.610,2218.170,35865114.000
2024-01-22,2237.770,2230.61,2257.590,2206.760,44786209.000
2024-01-23,2220.500,2226.37,2239.650,2204.370,34015311.000
2024-01-24,2238.330,2260.56,2264.520,2209.510,44198033.000
2024-01-25,2264.020,2312.85,2314.500,2261.370,61945377.000
2024-01-26,2303.320,2314.37,2323.350,2295.960,58316299.000
2024-01-29,2312.700,2304.44,2327.360,2304.440,59549043.000
2024-01-30,2292.220,2270.98,2303.720,2270.980,43267598.000
2024-01-31,2261.120,2254.3,2273.100,2243.900,42928757.000
2024-02-01,2245.480,2248.27,2270.070,2238.710,39890138.000
2024-02-02,2252.650,2229.01,2264.060,2184.770,50637119.000
2024-02-05,2221.940,2255.28,2270.370,2203.070,59314022.000
2024-02-06,2250.110,2318.84,2321.450,2246.820,58385076.000
2024-02-07,2323.120,2344.15,2344.790,2305.510,64784099.000
2024-02-08,2345.080,2352.58,2355.770,2330.830,50486201.000
2024-02-19,2368.450,2371.55,2371.550,2348.410,52160225.000
2024-02-20,2367.920,2369.08,2372.860,2353.970,37486079.000
2024-02-21,2359.180,2410.23,2439.210,2355.400,50005382.000
2024-02-22,2403.880,2433.08,2433.230,2403.000,37555411.000
2024-02-23,2431.870,2433.41,2447.800,2424.170,40063072.000
2024-02-26,2427.230,2393.55,2430.970,2388.390,41328340.000
2024-02-27,2383.140,2405.06,2405.060,2381.570,33600960.000
2024-02-28,2405.880,2385.61,2417.330,2385.610,44763907.000
2024-02-29,2378.140,2413.14,2413.140,2378.140,35192528.000
2024-03-01,2408.300,2414.84,2420.380,2397.640,34435007.000
2024-03-04,2412.080,2418.58,2422.820,2404.920,40298113.000
2024-03-05,2410.460,2446.42,2450.060,2407.050,43956093.000
2024-03-06,2443.850,2434.12,2450.430,2433.070,38753975.000
2024-03-07,2430.420,2426.97,2446.300,2418.130,38335786.000
2024-03-08,2423.140,2426.17,2433.330,2410.150,34911257.000
2024-03-11,2426.730,2443.11,2443.110,2418.340,39152145.000
2024-03-12,2443.230,2450.47,2458.920,2436.080,50577285.000
2024-03-13,2445.800,2427.6,2445.800,2419.450,36948673.000
2024-03-14,2431.770,2423.86,2446.880,2415.060,36882246.000
2024-03-15,2417.570,2427.2,2430.590,2409.610,33007509.000
2024-03-18,2424.920,2438.19,2438.830,2419.880,37047252.000
2024-03-19,2430.300,2416.83,2441.600,2416.030,34332515.000
2024-03-20,2412.610,2426.46,2430.720,2408.480,30838610.000
2024-03-21,2432.930,2427.1,2441.270,2424.880,29208415.000
2024-03-22,2417.940,2403.2,2420.770,2386.200,34073555.000
2024-03-25,2398.320,2401.21,2418.310,2393.060,34383731.000
2024-03-26,2404.210,2413.74,2415.710,2398.600,31362498.000
2024-03-27,2408.910,2398.94,2421.130,2398.940,32072916.000
2024-03-28,2395.220,2401.99,2424.770,2387.420,36870800.000
2024-03-29,2399.460,2414.92,2418.560,2399.280,34133586.000
2024-04-01,2422.730,2441.57,2448.880,2422.730,36210013.000
2024-04-02,2441.490,2435.76,2447.370,2428.030,35726428.000
2024-04-03,2439.430,2430.17,2441.670,2423.880,31959986.000
2024-04-08,2419.030,2414.09,2431.410,2407.360,39873596.000
2024-04-09,2411.780,2404.61,2418.600,2399.280,35622867.000
2024-04-10,2403.730,2396.74,2412.590,2388.680,33612707.000
2024-04-11,2383.700,2394.87,2402.750,2380.510,31288036.000
2024-04-12,2397.280,2374.05,2402.640,2370.280,32363758.000
2024-04-15,2367.860,2424.02,2424.930,2367.760,50130502.000
2024-04-16,2414.760,2412.32,2429.390,2398.430,46952482.000
2024-04-17,2407.960,2439.86,2440.580,2397.440,45944602.000
2024-04-18,2430.700,2445.2,2468.360,2429.630,46624462.000
2024-04-19,2433.980,2430.58,2444.020,2424.170,38884690.000
2024-04-22,2433.180,2424.75,2450.260,2422.770,40368061.000
2024-04-23,2420.620,2413.74,2426.890,2409.950,37932055.000
2024-04-24,2422.630,2424.12,2426.960,2406.880,29386859.000
2024-04-25,2419.500,2431.62,2437.310,2411.570,28317818.000
2024-04-26,2432.760,2461.86,2467.270,2432.760,47838029.000
2024-04-29,2458.180,2474.34,2492.930,2453.480,53401197.000
2024-04-30,2473.510,2464.24,2484.100,2464.240,46814370.000
2024-05-06,2495.470,2495.76,2505.600,2487.320,56007811.000
2024-05-07,2496.020,2499.77,2504.030,2489.370,38042631.000
2024-05-08,2495.620,2486.02,2497.150,2484.380,32306111.000
2024-05-09,2483.660,2501.73,2506.280,2483.660,37662111.000
2024-05-10,2508.060,2508.58,2515.020,2492.360,40528642.000
2024-05-13,2499.690,2506.46,2512.240,2487.650,41036748.000
2024-05-14,2507.200,2496.74,2510.420,2491.250,33885687.000
2024-05-15,2494.760,2477.39,2498.950,2475.960,29457288.000
2024-05-16,2484.270,2489.41,2498.890,2475.840,39199339.000
2024-05-17,2492.570,2524.17,2524.180,2485.820,44218563.000
2024-05-20,2529.920,2532.82,2544.520,2524.190,46691985.000
2024-05-21,2526.940,2525.23,2531.630,2518.270,33118645.000
2024-05-22,2524.690,2529.04,2535.060,2519.030,38076048.000
2024-05-23,2518.140,2500.82,2519.070,2495.160,35048003.000
2024-05-24,2494.370,2474.43,2504.410,2473.230,31294242.000
2024-05-27,2478.260,2497.6,2500.110,2478.260,35770897.000
2024-05-28,2498.030,2490.16,2505.790,2486.100,33003573.000
2024-05-29,2489.520,2493.17,2510.070,2486.580,31785111.000
2024-05-30,2488.320,2473.76,2500.310,2468.260,34349983.000
2024-05-31,2480.210,2462.18,2487.130,2462.180,28593170.000
2024-06-03,2461.350,2469.02,2476.800,2454.980,32935234.000
2024-06-04,2465.610,2483.32,2488.750,2462.670,31903183.000
2024-06-05,2477.310,2468.19,2483.330,2467.460,29453857.000
2024-06-06,2474.230,2467.89,2492.050,2462.130,36897263.000
2024-06-07,2473.170,2457.26,2476.460,2444.930,36436105.000
2024-06-11,2444.550,2423.62,2449.650,2415.110,41401549.000
2024-06-12,2420.900,2423.61,2427.840,2412.990,37949604.000
2024-06-13,2425.920,2412.07,2426.330,2406.990,30851071.000
2024-06-14,2405.790,2426.51,2433.050,2399.990,41277966.000
2024-06-17,2412.090,2416.34,2418.940,2408.870,37495957.000
2024-06-18,2412.550,2415.43,2424.930,2408.290,35338347.000
2024-06-19,2410.470,2413.97,2418.740,2402.960,32775291.000
2024-06-20,2413.390,2408.34,2422.700,2405.400,32013024.000
2024-06-21,2406.220,2398.96,2411.530,2386.480,33202039.000
2024-06-24,2383.870,2404.08,2418.920,2381.280,34671331.000
2024-06-25,2403.730,2394.22,2410.140,2384.200,34919135.000
2024-06-26,2388.500,2398.26,2404.460,2383.150,29859502.000
2024-06-27,2391.690,2388.56,2395.810,2376.660,36990570.000
2024-06-28,2382.120,2394.87,2406.360,2381.390,39898644.000
2024-07-01,2395.200,2405.47,2407.050,2387.620,36281247.000
2024-07-02,2400.170,2416.68,2421.750,2399.520,36866949.000
2024-07-03,2417.180,2414.87,2421.080,2405.840,32991600.000
2024-07-04,2417.280,2407.9,2428.940,2407.130,30511579.000
2024-07-05,2405.610,2386.0,2411.930,2367.020,39363439.000
2024-07-08,2375.680,2371.69,2387.890,2368.170,35617562.000
2024-07-09,2365.930,2389.38,2396.180,2352.770,37504477.000
2024-07-10,2378.800,2381.83,2392.880,2378.540,34846258.000
2024-07-11,2387.670,2396.41,2400.230,2378.150,38295592.000
2024-07-12,2397.730,2412.62,2414.760,2396.530,38157098.000
2024-07-15,2405.920,2420.52,2424.410,2405.520,34518607.000
2024-07-16,2412.260,2424.76,2426.590,2406.250,35688395.000
2024-07-17,2422.880,2432.83,2439.320,2419.980,37750369.000
2024-07-18,2426.340,2444.51,2446.770,2421.490,34814046.000
2024-07-19,2429.800,2456.79,2462.740,2417.460,41315480.000
2024-07-22,2454.240,2432.55,2454.500,2416.200,41829683.000
2024-07-23,2429.090,2396.67,2431.270,2396.670,41340681.000
2024-07-24,2393.230,2390.95,2407.110,2383.000,39296668.000
2024-07-25,2384.630,2369.72,2387.890,2358.540,40846894.000
2024-07-26,2364.910,2355.32,2368.270,2341.450,40494016.000
2024-07-29,2352.510,2348.48,2359.980,2343.400,33671312.000
2024-07-30,2341.910,2335.31,2341.910,2321.500,32432891.000
2024-07-31,2332.650,2375.39,2378.880,2331.560,50066642.000
2024-08-01,2373.470,2360.42,2375.790,2360.050,39134152.000
2024-08-02,2344.420,2343.72,2360.410,2337.640,31827474.000
2024-08-05,2334.590,2328.92,2362.310,2327.750,39457458.000
2024-08-06,2342.840,2313.34,2346.300,2296.710,34873713.000
2024-08-07,2311.910,2314.43,2330.150,2307.080,27145991.000
2024-08-08,2310.960,2320.42,2334.460,2305.890,22528936.000
2024-08-09,2332.670,2317.99,2338.240,2317.990,25988805.000
2024-08-12,2314.260,2316.91,2323.420,2312.580,22194984.000
2024-08-13,2318.970,2317.65,2321.540,2304.600,25109218.000
2024-08-14,2317.890,2306.12,2317.890,2305.470,22049930.000
2024-08-15,2300.480,2335.94,2343.210,2295.750,29315620.000
2024-08-16,2335.040,2345.05,2348.150,2331.080,30481578.000
2024-08-19,2345.640,2357.03,2367.410,2345.120,30885150.000
2024-08-20,2361.180,2346.64,2361.300,2337.510,29898108.000
2024-08-21,2341.810,2339.07,2345.970,2324.710,26550899.000
2024-08-22,2340.150,2341.15,2344.990,2332.360,31112912.000
2024-08-23,2338.660,2355.38,2361.060,2338.320,27900047.000
2024-08-26,2356.790,2352.27,2361.880,2341.230,26900476.000
2024-08-27,2348.540,2350.41,2355.570,2345.300,30952524.000
2024-08-28,2349.520,2336.15,2352.700,2327.920,30092262.000
2024-08-29,2329.660,2317.66,2335.670,2315.490,44246295.000
2024-08-30,2313.610,2335.21,2354.630,2311.230,63786046.000
2024-09-02,2321.150,2299.93,2326.080,2299.170,45499287.000
2024-09-03,2299.340,2291.18,2301.690,2286.020,44158877.000
2024-09-04,2279.480,2271.81,2289.390,2268.210,35482469.000
2024-09-05,2272.980,2275.12,2281.530,2267.330,30352561.000
2024-09-06,2276.540,2263.56,2288.930,2263.320,25886004.000
2024-09-09,2252.300,2232.96,2256.000,2226.630,34250688.000
2024-09-10,2232.830,2235.69,2240.590,2223.900,30184005.000
2024-09-11,2228.830,2220.8,2228.830,2213.820,34615529.000
2024-09-12,2220.900,2209.56,2227.730,2208.250,28095301.000
2024-09-13,2211.150,2205.81,2222.560,2204.860,27098500.000
2024-09-18,2206.850,2218.66,2225.910,2203.980,26054620.000
2024-09-19,2224.260,2229.81,2239.980,2199.450,34968379.000
2024-09-20,2227.350,2233.26,2237.980,2212.520,36902087.000
2024-09-23,2233.860,2243.02,2254.160,2232.280,27207257.000
2024-09-24,2270.360,2352.14,2352.320,2257.290,60159105.000
2024-09-25,2391.280,2386.32,2426.690,2380.590,68403102.000
2024-09-26,2389.270,2498.18,2498.320,2383.510,67742963.000
2024-09-27,2553.600,2571.08,2571.080,2512.820,64800776.000
2024-09-30,2657.550,2755.4,2778.290,2621.700,153324458.000
2024-10-08,3016.870,2853.14,3016.870,2780.030,165973235.000
2024-10-09,2813.960,2680.71,2825.740,2674.250,124653375.000
2024-10-10,2697.290,2739.05,2801.120,2675.440,115891754.000
2024-10-11,2718.250,2680.39,2737.080,2653.620,75378019.000
2024-10-14,2699.710,2723.18,2737.270,2672.810,80655001.000
2024-10-15,2711.670,2655.12,2726.990,2655.120,58314144.000
2024-10-16,2629.240,2650.18,2677.220,2628.950,56259713.000
2024-10-17,2666.370,2610.47,2680.060,2610.470,49796854.000
2024-10-18,2606.380,2681.91,2722.650,2583.490,70198207.000
2024-10-21,2694.970,2681.06,2701.360,2659.670,72042226.000
2024-10-22,2672.850,2692.66,2704.350,2672.450,52208167.000
2024-10-23,2691.130,2708.05,2728.260,2682.940,56076797.000
2024-10-24,2695.380,2680.7,2699.000,2669.710,42253335.000
2024-10-25,2679.350,2683.32,2705.330,2671.040,46861453.000
2024-10-28,2681.510,2686.29,2686.290,2656.320,53474972.000
2024-10-29,2689.920,2667.94,2712.280,2665.420,50084286.000
2024-10-30,2658.260,2634.74,2674.370,2624.000,44450688.000
2024-10-31,2637.210,2633.12,2654.650,2613.250,54529623.000
2024-11-01,2629.040,2651.53,2674.250,2629.040,60844392.000
2024-11-04,2657.310,2675.77,2675.770,2636.580,43015671.000
2024-11-05,2666.860,2727.67,2727.670,2659.170,55642484.000
2024-11-06,2730.460,2706.61,2743.130,2691.730,59940818.000
2024-11-07,2684.810,2797.86,2800.610,2683.320,67017244.000
2024-11-08,2825.910,2765.54,2833.070,2758.210,67861757.000
2024-11-11,2736.840,2753.74,2754.970,2711.760,61338658.000
2024-11-12,2744.950,2712.27,2778.890,2701.610,60114854.000
2024-11-13,2697.190,2728.23,2737.500,2696.690,62644077.000
2024-11-14,2719.460,2704.15,2743.750,2700.200,60469571.000
2024-11-15,2696.960,2671.45,2712.880,2671.450,70040262.000
2024-11-18,2683.490,2678.27,2725.300,2668.060,91045710.000
2024-11-19,2679.550,2671.19,2683.370,2637.850,67003018.000
2024-11-20,2667.450,2676.21,2686.380,2657.580,45017622.000
2024-11-21,2674.430,2680.8,2686.310,2666.570,37202384.000
2024-11-22,2679.650,2601.56,2683.740,2601.550,48551764.000
2024-11-25,2610.960,2582.05,2620.030,2568.950,45593530.000
2024-11-26,2576.810,2592.74,2607.120,2573.970,39931653.000
2024-11-27,2588.890,2625.76,2626.330,2583.470,41079054.000
2024-11-28,2625.510,2610.12,2630.800,2598.750,34308739.000
2024-11-29,2612.230,2624.96,2660.390,2610.710,43001561.000
2024-12-02,2621.140,2639.04,2643.870,2613.620,44608836.000
2024-12-03,2638.810,2652.9,2658.150,2626.210,47373156.000
2024-12-04,2651.790,2648.76,2660.800,2638.110,48088171.000
2024-12-05,2637.630,2635.56,2647.980,2629.630,33676521.000
2024-12-06,2636.610,2665.43,2682.690,2636.610,43894491.000
2024-12-09,2666.290,2667.59,2686.520,2658.430,45926353.000
2024-12-10,2741.750,2689.33,2747.070,2684.720,59443899.000
2024-12-11,2684.590,2676.55,2696.010,2671.520,40802387.000
2024-12-12,2673.940,2702.27,2704.030,2667.640,41273831.000
2024-12-13,2684.290,2638.03,2684.410,2636.970,61597705.000
2024-12-16,2637.740,2641.56,2647.700,2635.250,54098120.000
2024-12-17,2637.350,2652.35,2672.960,2637.350,44279234.000
2024-12-18,2662.030,2671.35,2681.120,2661.900,44259056.000
2024-12-19,2652.190,2661.72,2672.580,2642.680,40214140.000
2024-12-20,2654.850,2648.46,2670.320,2644.840,42493510.000
2024-12-23,2648.920,2671.2,2688.890,2648.920,56629099.000
2024-12-24,2671.910,2702.28,2704.580,2666.340,46469198.000
2024-12-25,2706.570,2710.16,2726.140,2700.680,51010381.000
2024-12-26,2709.590,2702.6,2709.590,2692.870,41770736.000
2024-12-27,2701.210,2701.7,2713.840,2686.500,44894855.000
2024-12-30,2700.220,2718.75,2724.730,2700.220,44994763.000
2024-12-31,2715.210,2684.77,2725.790,2684.770,50745554.000
2025-01-02,2682.420,2610.34,2684.250,2595.400,61160984.000
2025-01-03,2615.350,2587.13,2620.650,2579.440,50804858.000
2025-01-06,2589.340,2579.96,2591.890,2555.930,44486402.000
2025-01-07,2576.680,2593.97,2595.660,2566.680,39218598.000
2025-01-08,2587.530,2597.45,2611.150,2565.600,46257463.000
2025-01-09,2595.690,2579.58,2597.060,2574.600,34356506.000
2025-01-10,2585.200,2560.25,2593.090,2560.250,36166878.000
2025-01-13,2545.380,2553.36,2561.240,2533.310,39699495.000
2025-01-14,2556.420,2598.81,2606.090,2549.170,42688184.000
2025-01-15,2592.320,2591.5,2606.070,2587.460,41213511.000
2025-01-16,2601.120,2580.12,2614.600,2572.110,38987110.000
2025-01-17,2572.970,2582.49,2595.160,2561.970,34250232.000
2025-01-20,2595.320,2589.07,2609.650,2585.130,36261216.000
2025-01-21,2598.830,2584.89,2599.890,2579.670,34366587.000
2025-01-22,2580.110,2551.35,2580.190,2544.260,39846158.000
2025-01-23,2571.830,2567.48,2605.860,2564.750,51323995.000
2025-01-24,2562.870,2579.1,2594.580,2559.490,37663633.000
2025-01-27,2582.840,2583.65,2597.350,2582.090,39196764.000
2025-02-05,2604.140,2561.94,2604.320,2556.480,43535465.000
2025-02-06,2559.830,2580.43,2585.290,2554.480,39895336.000
2025-02-07,2578.680,2608.09,2624.680,2570.180,58337411.000
2025-02-10,2612.060,2621.04,2628.390,2606.290,56063207.000
2025-02-11,2625.180,2614.32,2626.170,2607.240,51712769.000
2025-02-12,2611.960,2640.05,2641.730,2607.270,44301409.000
2025-02-13,2638.980,2641.13,2663.790,2635.450,46344081.000
2025-02-14,2638.210,2660.85,2662.290,2633.710,56371426.000
2025-02-17,2665.550,2664.48,2672.030,2647.450,69410594.000
2025-02-18,2659.090,2651.11,2679.820,2644.290,65094963.000
2025-02-19,2648.360,2663.6,2673.520,2643.960,56214330.000
2025-02-20,2659.130,2648.17,2659.600,2641.910,48099429.000
2025-02-21,2657.800,2682.24,2686.330,2649.200,68488623.000
2025-02-24,2674.690,2674.12,2692.810,2661.320,68521481.000
2025-02-25,2654.130,2643.23,2664.160,2636.900,53327168.000
2025-02-26,2649.900,2666.66,2667.020,2645.990,51923039.000
2025-02-27,2664.320,2679.08,2681.510,2655.000,53673004.000
2025-02-28,2670.430,2638.96,2691.290,2638.960,56335229.000
2025-03-03,2645.010,2628.52,2655.310,2619.190,49692811.000
2025-03-04,2617.920,2621.22,2629.670,2609.340,41851280.000
2025-03-05,2623.720,2641.45,2644.750,2619.790,48397500.000
2025-03-06,2655.540,2683.95,2689.450,2655.540,57714226.000
2025-03-07,2677.570,2682.02,2695.380,2675.420,44317393.000
2025-03-10,2682.880,2668.81,2683.610,2653.030,50838623.000
2025-03-11,2644.820,2682.22,2682.220,2644.080,42194461.000
2025-03-12,2684.720,2669.01,2686.780,2666.490,43449533.000
2025-03-13,2670.990,2664.62,2684.120,2655.330,42495068.000
2025-03-14,2674.490,2740.51,2748.100,2674.030,65485152.000
2025-03-17,2755.490,2737.92,2755.940,2734.500,44380739.000
2025-03-18,2749.320,2739.75,2751.730,2737.010,38611198.000
2025-03-19,2737.310,2746.96,2757.620,2733.570,46328423.000
2025-03-20,2748.290,2718.19,2749.220,2713.470,39710765.000
2025-03-21,2712.740,2675.36,2722.490,2669.790,46810782.000
2025-03-24,2675.460,2693.33,2696.340,2675.460,44923932.000
2025-03-25,2695.300,2691.9,2698.550,2685.290,37096214.000
2025-03-26,2692.420,2677.31,2696.540,2675.700,37833189.000
2025-03-27,2673.930,2690.84,2704.740,2673.770,36473723.000
2025-03-28,2691.670,2679.74,2692.700,2673.240,35920053.000
2025-03-31,2676.050,2665.63,2692.440,2657.300,49951364.000
2025-04-01,2669.000,2662.71,2674.110,2659.020,40847477.000
2025-04-02,2659.100,2658.62,2669.360,2653.450,32168634.000
2025-04-03,2631.470,2662.25,2671.710,2631.470,42173571.000
2025-04-07,2555.710,2516.97,2579.600,2457.080,102701231.000
2025-04-08,2526.510,2574.35,2574.350,2510.640,90153523.000
2025-04-09,2548.490,2597.1,2597.100,2541.550,77718696.000
2025-04-10,2628.520,2612.62,2628.520,2590.760,61119831.000
2025-04-11,2620.770,2619.58,2621.160,2595.500,44939276.000
2025-04-14,2623.570,2628.21,2636.790,2615.390,45123283.000
2025-04-15,2624.200,2634.59,2637.750,2615.370,42005386.000
2025-04-16,2639.200,2658.5,2661.780,2616.870,51224732.000
2025-04-17,2648.050,2659.9,2661.800,2639.970,37879985.000
2025-04-18,2648.660,2657.64,2666.270,2645.870,30353172.000
2025-04-21,2655.540,2652.81,2671.340,2652.650,34411982.000
2025-04-22,2651.490,2656.54,2667.840,2650.330,37220822.000
2025-04-23,2662.930,2648.83,2664.470,2646.360,33046358.000
2025-04-24,2648.770,2655.36,2665.730,2648.760,31252679.000
2025-04-25,2660.160,2648.81,2663.350,2643.400,32380960.000
2025-04-28,2643.140,2651.23,2658.460,2636.410,32909451.000
2025-04-29,2650.430,2645.51,2655.340,2639.800,28042631.000
2025-04-30,2646.060,2633.16,2651.300,2631.840,43217657.000
2025-05-06,2650.460,2647.72,2650.460,2633.410,40705260.000
2025-05-07,2685.560,2670.7,2685.560,2656.200,47055825.000
2025-05-08,2661.270,2679.51,2695.780,2658.670,33449077.000
2025-05-09,2676.120,2684.01,2689.600,2676.120,32778706.000
2025-05-12,2688.750,2702.62,2710.610,2681.960,39123990.000
2025-05-13,2713.110,2708.06,2713.110,2702.060,39965507.000
2025-05-14,2708.560,2753.79,2766.250,2708.420,46485155.000
2025-05-15,2748.540,2740.3,2758.080,2735.900,37878448.000
2025-05-16,2734.740,2716.66,2739.060,2706.470,37006336.000
2025-05-19,2710.320,2705.09,2716.860,2701.250,26951611.000
2025-05-20,2710.390,2716.63,2729.760,2710.390,29309796.000
2025-05-21,2716.840,2728.43,2740.770,2716.840,31426341.000
2025-05-22,2725.450,2733.63,2738.240,2718.790,27835070.000
2025-05-23,2731.180,2711.85,2742.120,2711.850,33668536.000
2025-05-26,2708.220,2699.42,2719.700,2692.680,30713381.000
2025-05-27,2699.690,2685.28,2709.290,2684.710,27096687.000
2025-05-28,2686.730,2683.06,2691.480,2681.860,25171734.000
2025-05-29,2684.490,2690.89,2703.990,2677.810,27471836.000
2025-05-30,2688.960,2678.7,2696.140,2669.170,32151692.000
2025-06-03,2674.770,2687.3,2697.390,2671.340,33608484.000
2025-06-04,2688.740,2690.82,2699.670,2687.300,27603830.000
2025-06-05,2692.540,2692.13,2695.880,2682.540,30779056.000
2025-06-06,2691.630,2688.85,2700.810,2685.250,29849881.000
2025-06-09,2689.730,2686.83,2698.360,2681.690,35686891.000
2025-06-10,2690.870,2676.4,2700.180,2670.150,41460515.000
2025-06-11,2676.670,2692.14,2704.450,2676.670,35573426.000
2025-06-12,2689.680,2691.28,2696.780,2674.310,34480625.000
2025-06-13,2684.880,2676.43,2690.350,2669.110,47991048.000
2025-06-16,2666.820,2685.01,2687.110,2664.430,39935905.000
2025-06-17,2685.390,2683.95,2688.610,2672.680,33121607.000
2025-06-18,2685.470,2679.92,2690.900,2668.870,36667203.000
2025-06-19,2678.360,2665.52,2680.870,2658.490,37645030.000
2025-06-20,2661.210,2673.72,2681.530,2661.210,36316506.000
2025-06-23,2664.640,2684.78,2692.910,2656.680,42959546.000
2025-06-24,2685.850,2715.92,2731.180,2685.850,49028263.000
2025-06-25,2714.630,2747.73,2750.390,2707.400,50864894.000
2025-06-26,2740.230,2738.47,2747.610,2734.950,42840625.000
2025-06-27,2738.930,2707.57,2749.550,2705.780,57081832.000
2025-06-30,2702.120,2711.99,2716.300,2695.420,38305020.000
2025-07-01,2714.970,2717.71,2721.400,2708.190,33030057.000
2025-07-02,2720.850,2722.55,2729.710,2711.600,35177495.000
2025-07-03,2726.110,2724.55,2728.170,2713.970,32268510.000
2025-07-04,2722.180,2740.44,2761.920,2715.550,39311129.000
2025-07-07,2736.010,2731.53,2736.260,2723.960,29319003.000
2025-07-08,2732.050,2747.19,2750.460,2730.190,34080449.000
2025-07-09,2746.140,2739.92,2759.060,2739.210,47838115.000
2025-07-10,2739.230,2756.93,2777.420,2739.230,54142012.000
2025-07-11,2754.660,2756.77,2805.560,2754.660,76454518.000
2025-07-14,2761.480,2757.81,2774.230,2757.810,51490402.000
2025-07-15,2758.720,2747.23,2765.500,2731.320,41172447.000
2025-07-16,2748.170,2740.9,2754.060,2729.910,34245931.000
2025-07-17,2737.350,2744.26,2744.740,2732.350,36151094.000
2025-07-18,2746.330,2764.52,2768.900,2746.330,42130803.000
2025-07-21,2770.360,2772.24,2777.050,2763.350,49954337.000
2025-07-22,2773.400,2792.18,2795.490,2760.310,68310030.000
2025-07-23,2798.960,2801.2,2824.860,2794.810,67929831.000
2025-07-24,2797.260,2812.44,2819.130,2791.780,60282800.000
2025-07-25,2807.630,2795.51,2810.110,2788.190,51692557.000
2025-07-28,2799.260,2802.77,2811.240,2788.020,49737265.000
2025-07-29,2802.780,2808.59,2813.740,2795.600,47051664.000
2025-07-30,2809.440,2819.35,2842.470,2802.740,52185198.000
2025-07-31,2807.300,2775.99,2807.940,2766.930,61515847.000
2025-08-01,2771.760,2754.13,2780.160,2749.460,48962531.000
2025-08-04,2748.620,2769.39,2769.390,2748.620,41967961.000
2025-08-05,2773.380,2790.73,2794.600,2768.020,41264765.000
2025-08-06,2789.270,2797.42,2800.760,2787.540,41182917.000
2025-08-07,2797.710,2798.31,2808.920,2787.830,42338294.000
2025-08-08,2795.780,2789.17,2801.080,2784.380,38923878.000
2025-08-11,2791.350,2789.9,2800.890,2783.650,43484703.000
2025-08-12,2791.200,2807.01,2816.590,2791.200,42603267.000
2025-08-13,2809.050,2812.98,2828.860,2806.660,54720114.000
2025-08-14,2815.490,2829.47,2858.010,2815.490,50008770.000
2025-08-15,2821.970,2832.88,2847.610,2813.090,71117777.000
2025-08-18,2843.090,2838.87,2861.980,2832.460,73385466.000
2025-08-19,2843.280,2812.42,2858.410,2812.300,62843222.000
2025-08-20,2808.440,2846.99,2848.030,2799.400,58597343.000
2025-08-21,2853.790,2862.18,2872.960,2850.630,65309499.000
2025-08-22,2868.590,2928.61,2928.880,2868.590,67741563.000
2025-08-25,2950.650,2989.85,2989.850,2943.980,86358967.000
2025-08-26,2975.700,2969.78,2985.540,2964.210,54565823.000
2025-08-27,2974.410,2918.38,2983.020,2918.380,71005356.000
2025-08-28,2918.530,2960.73,2963.070,2906.650,65993248.000
2025-08-29,2954.930,2976.47,2989.000,2954.930,84761466.000
2025-09-01,2986.650,2981.2,2988.550,2965.450,72800163.000
2025-09-02,2983.720,2992.88,3006.460,2967.520,77445856.000
2025-09-03,2995.460,2960.99,3002.180,2939.810,63723571.000
2025-09-04,2949.970,2910.47,2949.970,2879.410,91920544.000
2025-09-05,2908.510,2942.22,2949.820,2899.690,62380387.000
2025-09-08,2940.980,2939.88,2953.910,2926.390,67340772.000
2025-09-09,2928.530,2928.63,2949.540,2915.040,55723378.000
2025-09-10,2928.110,2939.59,2954.440,2923.560,56404895.000
2025-09-11,2925.660,2983.08,2983.200,2917.810,68326502.000
2025-09-12,2986.020,2968.54,2998.980,2964.580,61709804.000
2025-09-15,2976.350,2962.62,2984.860,2957.720,52551778.000
2025-09-16,2969.230,2947.82,2974.950,2942.300,57639416.000
2025-09-17,2942.880,2952.78,2960.310,2935.780,56668537.000
2025-09-18,2959.390,2912.83,2971.560,2890.600,74860029.000
2025-09-19,2914.360,2909.74,2930.470,2906.170,57236551.000
2025-09-22,2911.020,2922.18,2929.520,2901.120,46979876.000
2025-09-23,2917.990,2919.51,2938.120,2891.780,62896875.000
2025-09-24,2908.070,2939.51,2942.590,2908.070,51462065.000
2025-09-25,2944.730,2952.74,2962.180,2941.870,54322268.000
2025-09-26,2941.170,2941.02,2962.750,2938.320,48141612.000
2025-09-29,2940.040,2973.04,3000.480,2922.010,70632299.000
2025-09-30,2985.100,2988.94,2992.540,2976.590,59065266.000
2025-10-09,3004.450,3020.6,3030.720,2984.830,76369809.000
2025-10-10,3000.560,2974.85,3012.590,2966.580,67283722.000
2025-10-13,2917.880,2967.21,2972.190,2917.880,70163467.000
2025-10-14,2986.580,2961.1,2996.680,2949.910,86183399.000
2025-10-15,2962.750,3001.35,3003.000,2958.450,63376996.000
2025-10-16,2994.220,3019.2,3028.570,2992.550,63410921.000
2025-10-17,3017.430,2967.77,3022.810,2963.940,62678056.000
2025-10-20,2984.310,2974.86,2995.020,2967.690,53180976.000
2025-10-21,2983.280,3007.26,3014.100,2979.120,55301752.000
2025-10-22,2987.350,3010.1,3015.170,2987.350,51417563.000
2025-10-23,3002.000,3026.9,3030.800,2985.430,60206654.000
2025-10-24,3031.920,3045.82,3052.820,3028.380,55120382.000
2025-10-27,3064.380,3069.53,3078.780,3052.400,70405039.000
2025-10-28,3059.880,3050.42,3075.250,3044.560,54626241.000
2025-10-29,3049.450,3063.02,3064.560,3048.590,60144586.000
2025-10-30,3053.790,3046.61,3076.870,3043.570,65736103.000
2025-10-31,3046.180,3011.55,3046.240,3011.550,69318922.000
2025-11-03,3009.160,3016.35,3017.450,2990.280,54900375.000
2025-11-04,3014.830,3012.97,3029.920,2999.250,55980900.000
2025-11-05,2985.760,3007.97,3018.350,2981.820,46871754.000
2025-11-06,3015.350,3044.74,3049.490,3012.440,50629447.000
2025-11-07,3036.010,3038.35,3050.010,3034.720,47669347.000
2025-11-10,3043.510,3053.86,3054.550,3030.230,49079644.000
2025-11-11,3059.760,3034.63,3060.280,3023.920,41042551.000
2025-11-12,3035.030,3044.3,3059.950,3035.030,57517235.000
2025-11-13,3044.920,3073.67,3075.210,3044.920,54126408.000
2025-11-14,3058.120,3038.43,3073.710,3037.880,48802756.000
2025-11-17,3033.020,3012.07,3037.230,3001.200,48233902.000
2025-11-18,3005.740,3003.02,3023.030,2995.170,43587327.000
2025-11-19,3004.650,3020.35,3033.220,3004.200,48200355.000
2025-11-20,3030.040,3008.29,3038.910,3004.240,54043554.000
2025-11-21,2989.870,2955.85,2998.810,2953.460,60393126.000
2025-11-24,2967.160,2950.56,2970.200,2942.290,50801706.000
2025-11-25,2963.690,2968.2,2974.770,2952.350,42405177.000
2025-11-26,2969.780,2971.8,2979.980,2968.020,40057977.000
2025-11-27,2976.080,2972.27,2988.200,2965.550,39287797.000
2025-11-28,2969.230,2969.62,2973.320,2954.710,37274314.000
2025-12-01,2975.270,2993.68,2994.450,2972.790,46519461.000
2025-12-02,2992.380,2978.47,2994.710,2970.950,33481828.000
2025-12-03,2976.110,2963.08,2983.610,2957.790,38519732.000
2025-12-04,2968.560,2974.34,2980.240,2958.610,36282556.000
2025-12-05,2970.620,3002.01,3010.720,2969.090,44603491.000
2025-12-08,3006.630,3019.36,3030.570,3005.380,44895792.000
2025-12-09,3012.240,2997.96,3015.450,2991.650,43425923.000
2025-12-10,2994.150,2988.64,2996.210,2970.590,41511589.000
2025-12-11,2995.630,2977.03,2998.980,2966.180,39399027.000
2025-12-12,2981.970,2994.64,2994.870,2965.690,57188912.000
2025-12-15,2979.760,2987.07,3015.390,2978.130,38490227.000
2025-12-16,2980.940,2954.79,2986.080,2946.600,38302165.000
2025-12-17,2955.470,2991.68,3005.870,2948.740,38500743.000
2025-12-18,2983.770,2998.52,3002.020,2980.950,32545683.000
2025-12-19,2993.930,3004.34,3016.380,2987.710,36605533.000
2025-12-22,3010.800,3020.23,3025.550,3010.800,34728192.000
2025-12-23,3023.910,3027.52,3041.670,3019.610,35889709.000
2025-12-24,3028.370,3025.18,3032.010,3012.200,31799441.000
2025-12-25,3020.910,3032.84,3039.540,3018.580,28270647.000
2025-12-26,3032.470,3045.4,3057.950,3031.260,34100689.000
2025-12-29,3048.980,3034.63,3057.360,3030.380,43153415.000
2025-12-30,3023.320,3036.55,3049.320,3022.280,38538285.000
2025-12-31,3038.600,3031.13,3051.430,3026.490,37358980.000
2026-01-05,3052.130,3099.75,3105.400,3052.130,53501398.000
2026-01-06,3106.520,3158.76,3158.760,3106.090,57494272.000
2026-01-07,3162.020,3145.12,3162.440,3132.230,52139422.000
2026-01-08,3137.810,3122.06,3142.850,3107.020,53427374.000
2026-01-09,3121.160,3134.32,3146.730,3112.460,60149277.000
2026-01-12,3146.510,3143.74,3148.110,3125.170,64461913.000
2026-01-13,3150.730,3132.93,3177.740,3123.170,63160096.000
2026-01-14,3136.840,3112.07,3169.750,3106.130,71957426.000
2026-01-15,3104.330,3105.58,3130.990,3097.110,54417665.000
2026-01-16,3117.930,3079.76,3127.850,3066.090,72454154.000
2026-01-19,3077.810,3075.94,3094.970,3065.940,55866599.000
2026-01-20,3077.940,3070.65,3090.090,3058.610,60002533.000
2026-01-21,3073.770,3067.18,3097.660,3060.650,65664880.000
2026-01-22,3080.200,3053.13,3089.670,3046.430,62918454.000
2026-01-23,3055.690,3032.19,3063.260,3019.760,69020151.000
2026-01-26,3042.370,3049.59,3088.570,3039.640,89102472.000
2026-01-27,3054.400,3052.39,3080.820,3046.190,75135914.000
2026-01-28,3066.430,3060.56,3074.980,3047.790,96366780.000
2026-01-29,3074.490,3110.91,3122.140,3048.410,100710154.000
2026-01-30,3088.790,3066.5,3106.330,3040.420,79014687.000
2026-02-02,3036.840,3003.14,3076.020,2997.850,80803317.000
2026-02-03,3033.470,3034.58,3037.000,2987.410,64830347.000
2026-02-04,3033.550,3069.24,3070.170,3030.340,61043659.000
2026-02-05,3048.870,3059.01,3066.510,3030.850,53716009.000
2026-02-06,3027.170,3037.86,3056.000,3015.630,46789818.000
2026-02-09,3066.320,3081.78,3081.870,3059.030,41923930.000
2026-02-10,3086.330,3087.41,3091.350,3080.000,38162332.000
2026-02-11,3082.700,3088.46,3094.250,3076.550,36847609.000
2026-02-12,3091.530,3079.73,3094.330,3075.760,44400996.000
2026-02-13,3062.210,3034.35,3066.040,3032.660,45953549.000
2026-02-24,3075.470,3041.32,3075.900,3039.410,43898842.000
2026-02-25,3045.450,3054.92,3080.080,3041.590,56685897.000
2026-02-26,3059.600,3035.07,3060.340,3023.430,43952257.000
2026-02-27,3026.080,3039.43,3049.360,3025.720,43909783.000
2026-03-02,3031.450,3046.47,3050.920,3010.050,83545593.000
2026-03-03,3045.750,3014.27,3056.990,3008.000,104832996.000
2026-03-04,2985.630,2974.21,2991.030,2953.320,86833095.000
2026-03-05,2993.590,2988.45,3001.020,2978.090,63797904.000
2026-03-06,2972.590,2992.7,2999.720,2970.580,50536462.000
2026-03-09,2963.200,2962.99,2970.950,2933.920,78658126.000
2026-03-10,2973.820,2981.84,2985.310,2969.910,54226915.000
2026-03-11,2983.460,2985.34,2988.750,2970.830,56031984.000
2026-03-12,2978.120,2971.56,2985.550,2954.300,55644111.000
2026-03-13,2961.730,2956.85,2977.840,2951.700,68633013.000
2026-03-16,2952.420,2954.09,2955.000,2927.940,59596018.000
2026-03-17,2957.010,2963.58,2995.230,2956.160,62604978.000
2026-03-18,2965.860,2961.43,2970.190,2939.750,54413790.000
2026-03-19,2933.580,2916.23,2942.460,2908.440,67079441.000
2026-03-20,2914.850,2883.86,2924.380,2881.950,66097073.000
2026-03-23,2847.520,2792.33,2847.780,2779.600,86976633.000
2026-03-24,2813.500,2830.85,2831.270,2790.800,63312736.000
2026-03-25,2845.410,2859.53,2862.570,2842.190,63965550.000
2026-03-26,2854.500,2824.67,2862.330,2819.070,52322127.000
2026-03-27,2803.500,2837.31,2845.830,2803.500,46525441.000
2026-03-30,2814.830,2833.21,2835.830,2806.030,49112625.000
2026-03-31,2844.410,2826.12,2865.520,2826.120,57096016.000
2026-04-01,2863.490,2878.79,2882.670,2856.970,50695580.000
2026-04-02,2873.830,2853.45,2873.830,2840.640,46918994.000
2026-04-03,2856.560,2830.6,2857.510,2827.090,36331378.000
2026-04-07,2830.130,2830.52,2843.170,2824.180,36809593.000
2026-04-08,2872.030,2907.07,2907.790,2872.030,58736612.000
2026-04-09,2888.400,2884.76,2891.870,2877.550,38673621.000
2026-04-10,2900.500,2899.58,2915.700,2894.680,42529531.000
2026-04-13,2888.420,2899.47,2902.710,2884.660,40492045.000
2026-04-14,2918.510,2924.18,2924.220,2899.860,41834366.000
2026-04-15,2939.520,2934.22,2953.070,2931.630,47270766.000
2026-04-16,2937.760,2939.76,2948.120,2930.770,41117930.000
2026-04-17,2920.850,2910.87,2924.130,2906.950,41874842.000
2026-04-20,2911.860,2933.65,2935.290,2911.740,47728324.000
2026-04-21,2931.610,2932.07,2937.420,2920.280,46327358.000
2026-04-22,2927.860,2930.58,2935.110,2922.330,45443426.000
2026-04-23,2938.170,2927.93,2941.200,2912.560,53650898.000
2026-04-24,2925.900,2945.04,2948.410,2914.260,42443653.000
2026-04-27,2944.030,2939.05,2955.450,2934.670,43975110.000
2026-04-28,2938.060,2950.42,2963.360,2937.550,49049059.000
2026-04-29,2937.810,2967.5,2968.960,2937.290,61159880.000
2026-04-30,2972.050,2985.5,2989.050,2971.290,62185756.000
2026-05-06,3010.320,3026.44,3037.260,3001.980,67902951.000
2026-05-07,3034.980,3029.19,3040.400,3020.900,58400076.000
2026-05-08,3014.470,3003.58,3015.410,2990.010,50496714.000
2026-05-11,3021.740,3041.63,3047.900,3009.540,69411115.000
2026-05-12,3045.220,3043.56,3058.380,3036.170,66094509.000
2026-05-13,3029.120,3047.25,3049.170,3018.850,64397463.000
2026-05-14,3056.850,2996.57,3059.790,2995.820,63245575.000
2026-05-15,2992.260,2957.6,3001.630,2945.650,63890671.000
2026-05-18,2947.250,2934.96,2954.630,2921.180,59652492.000
2026-05-19,2929.070,2954.06,2955.070,2918.970,58276856.000
2026-05-20,2940.260,2953.75,2964.780,2937.570,57517820.000
2026-05-21,2972.530,2920.93,2998.900,2920.410,63684730.000
2026-05-22,2937.120,2923.52,2939.600,2908.090,52383259.000
2026-05-25,2932.240,2968.7,2969.760,2929.380,48439446.000
2026-05-26,2954.490,2973.39,2976.950,2945.550,55109956.000
2026-05-27,2969.800,2934.71,2975.970,2921.820,56055809.000
2026-05-28,2923.210,2914.19,2928.180,2893.570,51956901.000
2026-05-29,2919.640,2921.08,2938.490,2910.570,68498404.000
2026-06-01,2918.120,2893.72,2922.820,2887.760,59735341.000
2026-06-02,2897.970,2920.27,2931.570,2892.260,59976138.000
2026-06-03,2913.210,2920.92,2939.720,2906.830,55851090.000
2026-06-04,2902.270,2891.35,2918.660,2884.200,44658739.000
2026-06-05,2883.280,2865.87,2908.680,2859.210,53324704.000
2026-06-08,2818.680,2825.01,2846.510,2806.330,64588253.000
2026-06-09,2830.880,2842.69,2844.230,2814.830,54030711.000
2026-06-10,2829.650,2850.37,2859.920,2826.860,58977177.000
2026-06-11,2842.670,2845.92,2852.210,2827.860,51843492.000
2026-06-12,2864.990,2890.8,2901.650,2851.540,80282609.000
2026-06-15,2919.690,2938.65,2946.020,2915.150,77484232.000
2026-06-16,2933.960,2913.99,2936.700,2904.360,57244026.000
2026-06-17,2905.210,2934.47,2936.610,2901.420,53482882.000
2026-06-18,2926.490,2928.75,2956.230,2924.340,70913574.000
2026-06-22,2929.730,3012.65,3015.160,2915.540,81229823.000
2026-06-23,2998.030,2926.83,3019.340,2913.240,78188130.000
2026-06-24,2919.850,2943.9,2948.060,2919.850,64239800.000
2026-06-25,2944.450,2977.57,2993.020,2942.550,70442506.000
2026-06-26,2961.040,2906.94,2965.410,2887.760,63782469.000
2026-06-29,2911.340,2991.08,2991.520,2904.930,64564586.000
2026-06-30,2972.350,2989.4,2993.480,2963.450,60119438.000
2026-07-01,2976.360,2985.24,3015.630,2966.360,63271373.000
2026-07-02,2938.770,2912.28,2957.880,2905.850,65860430.000
2026-07-03,2917.520,2931.28,2957.260,2917.480,59887384.000
2026-07-06,2949.920,2957.97,2966.280,2920.830,60119225.000
2026-07-07,2932.810,2921.89,2952.490,2910.660,52000887.000
2026-07-08,2929.900,2920.84,2955.520,2915.800,51438184.000
2026-07-09,2926.140,2995.79,2999.490,2921.880,57288370.000
2026-07-10,2996.840,2955.52,3026.430,2955.490,60340926.000
2026-07-13,2931.500,2913.19,2952.930,2901.460,63724276.000
2026-07-14,2909.930,2955.55,2955.550,2875.360,66998208.000
2026-07-15,2955.760,2967.07,2983.410,2948.090,61948548.000
2026-07-16,2927.320,2904.12,2948.950,2892.050,56028390.000
2026-07-17,2887.090,2827.67,2890.100,2814.360,71440659.000
2026-07-20,2852.250,2912.85,2912.850,2852.250,89029484.000
2026-07-21,2953.010,2973.81,2973.830,2904.480,81847855.000
2026-07-22,2954.880,2991.05,3008.380,2954.880,68932547.000
2026-07-23,3003.500,2978.77,3003.500,2966.900,57487362.000
2026-07-24,2971.510,2956.35,2971.950,2941.300,58354918.000
2026-07-27,2976.920,2950.43,2976.920,2919.460,50914045.000
2026-07-28,2921.310,2923.21,2931.150,2901.730,57573435.000
2026-07-29,2948.710,2915.19,2948.710,2885.190,59101624.000
2026-07-30,2902.380,2926.48,2932.720,2881.520,67933842.000
2026-07-31,2944.940,2922.97,2946.170,2919.410,71093350.000
2026-08-03,2908.510,2887.050,2912.210,2873.560,56922898.000
