date,close,pct
1990-01-01,1011.17,1.12
2006-01-04,1011.17,1.12
2006-01-05,1031.95,2.06
2006-01-06,1044.73,1.24
2006-01-09,1053.05,0.8
2006-01-10,1053.16,0.01
2006-01-11,1052.34,-0.08
2006-01-12,1065.69,1.27
2006-01-13,1063.32,-0.22
2006-01-16,1046.3,-1.6
2006-01-17,1047.81,0.14
2006-01-18,1068.68,1.99
2006-01-19,1085.45,1.57
2006-01-20,1090.69,0.48
2006-01-23,1097.76,0.65
2006-01-24,1098.71,0.09
2006-01-25,1103.18,0.41
2006-02-06,1131.56,2.57
2006-02-07,1121.4,-0.9
2006-02-08,1126.65,0.47
2006-02-09,1115.86,-0.96
2006-02-10,1128.16,1.1
2006-02-13,1126.71,-0.13
2006-02-14,1130.19,0.31
2006-02-15,1130.84,0.06
2006-02-16,1106.77,-2.13
2006-02-17,1105.04,-0.16
2006-02-20,1108.46,0.31
2006-02-21,1121.9,1.21
2006-02-22,1123.64,0.16
2006-02-23,1120.75,-0.26
2006-02-24,1132.1,1.01
2006-02-27,1129.02,-0.27
2006-02-28,1131.12,0.19
2006-03-01,1135.43,0.38
2006-03-02,1125.19,-0.9
2006-03-03,1128.31,0.28
2006-03-06,1126.73,-0.14
2006-03-07,1105.83,-1.86
2006-03-08,1098.92,-0.63
2006-03-09,1098.79,-0.01
2006-03-10,1102.23,0.31
2006-03-13,1111.58,0.85
2006-03-14,1111.28,-0.03
2006-03-15,1121.55,0.92
2006-03-16,1121.66,0.01
2006-03-17,1118.5,-0.28
2006-03-20,1129.63,1.0
2006-03-21,1131.07,0.13
2006-03-22,1136.65,0.49
2006-03-23,1137.58,0.08
2006-03-24,1134.54,-0.27
2006-03-27,1136.73,0.19
2006-03-28,1141.53,0.42
2006-03-29,1151.89,0.91
2006-03-30,1145.86,-0.52
2006-03-31,1153.69,0.68
2006-04-03,1168.65,1.3
2006-04-04,1181.41,1.09
2006-04-05,1184.8,0.29
2006-04-06,1182.64,-0.18
2006-04-07,1185.32,0.23
2006-04-10,1206.1,1.75
2006-04-11,1220.95,1.23
2006-04-12,1223.01,0.17
2006-04-13,1199.17,-1.95
2006-04-14,1224.33,2.1
2006-04-17,1229.28,0.4
2006-04-18,1231.41,0.17
2006-04-19,1230.31,-0.09
2006-04-20,1219.76,-0.86
2006-04-21,1233.51,1.13
2006-04-24,1219.11,-1.17
2006-04-25,1205.89,-1.08
2006-04-26,1222.9,1.41
2006-04-27,1220.11,-0.23
2006-04-28,1238.25,1.49
2006-05-08,1287.17,3.95
2006-05-09,1328.27,3.19
2006-05-10,1345.94,1.33
2006-05-11,1331.18,-1.1
2006-05-12,1375.3,3.31
2006-05-15,1431.5,4.09
2006-05-16,1408.47,-1.61
2006-05-17,1426.92,1.31
2006-05-18,1431.13,0.3
2006-05-19,1465.95,2.43
2006-05-22,1501.99,2.46
2006-05-23,1440.33,-4.11
2006-05-24,1406.33,-2.36
2006-05-25,1413.07,0.48
2006-05-26,1444.82,2.25
2006-05-29,1490.41,3.16
2006-05-30,1503.19,0.86
2006-05-31,1493.62,-0.64
2006-06-01,1547.08,3.58
2006-06-02,1547.63,0.04
2006-06-05,1573.14,1.65
2006-06-06,1567.34,-0.37
2006-06-07,1467.04,-6.4
2006-06-08,1467.01,0.0
2006-06-09,1437.75,-1.99
2006-06-12,1445.5,0.54
2006-06-13,1446.45,0.07
2006-06-14,1433.33,-0.91
2006-06-15,1431.89,-0.1
2006-06-16,1456.23,1.7
2006-06-19,1474.09,1.23
2006-06-20,1478.79,0.32
2006-06-21,1478.08,-0.05
2006-06-22,1475.54,-0.17
2006-06-23,1483.31,0.53
2006-06-26,1506.84,1.59
2006-06-27,1506.61,-0.02
2006-06-28,1514.32,0.51
2006-06-29,1543.36,1.92
2006-06-30,1541.01,-0.15
2006-07-03,1562.15,1.37
2006-07-04,1545.63,-1.06
2006-07-05,1529.59,-1.04
2006-07-06,1559.57,1.96
2006-07-07,1551.78,-0.5
2006-07-10,1555.35,0.23
2006-07-11,1556.37,0.07
2006-07-12,1545.9,-0.67
2006-07-13,1462.09,-5.42
2006-07-14,1473.28,0.77
2006-07-17,1490.61,1.18
2006-07-18,1491.9,0.09
2006-07-19,1473.01,-1.27
2006-07-20,1482.88,0.67
2006-07-21,1486.38,0.24
2006-07-24,1492.02,0.38
2006-07-25,1510.43,1.23
2006-07-26,1507.87,-0.17
2006-07-27,1492.78,-1.0
2006-07-28,1487.57,-0.35
2006-07-31,1434.82,-3.55
2006-08-01,1420.8,-0.98
2006-08-02,1415.43,-0.38
2006-08-03,1414.01,-0.1
2006-08-04,1375.0,-2.76
2006-08-07,1345.83,-2.12
2006-08-08,1377.61,2.36
2006-08-09,1374.66,-0.21
2006-08-10,1397.73,1.68
2006-08-11,1407.49,0.7
2006-08-14,1375.27,-2.29
2006-08-15,1397.1,1.59
2006-08-16,1414.49,1.25
2006-08-17,1400.45,-0.99
2006-08-18,1393.89,-0.47
2006-08-21,1391.26,-0.19
2006-08-22,1406.01,1.06
2006-08-23,1404.93,-0.08
2006-08-24,1408.15,0.23
2006-08-25,1412.57,0.31
2006-08-28,1439.48,1.91
2006-08-29,1438.17,-0.09
2006-08-30,1443.74,0.39
2006-08-31,1453.77,0.7
2006-09-01,1434.97,-1.29
2006-09-04,1457.28,1.55
2006-09-05,1458.33,0.07
2006-09-06,1464.23,0.4
2006-09-07,1443.19,-1.44
2006-09-08,1442.23,-0.07
2006-09-11,1447.42,0.36
2006-09-12,1455.43,0.55
2006-09-13,1449.7,-0.39
2006-09-14,1445.2,-0.31
2006-09-15,1468.61,1.62
2006-09-18,1487.52,1.29
2006-09-19,1482.87,-0.31
2006-09-20,1483.47,0.04
2006-09-21,1488.41,0.33
2006-09-22,1466.79,-1.45
2006-09-25,1457.28,-0.65
2006-09-26,1451.28,-0.41
2006-09-27,1465.09,0.95
2006-09-28,1475.61,0.72
2006-09-29,1488.79,0.89
2006-10-09,1515.37,1.79
2006-10-10,1516.73,0.09
2006-10-11,1518.59,0.12
2006-10-12,1522.64,0.27
2006-10-13,1525.12,0.16
2006-10-16,1522.03,-0.2
2006-10-17,1514.46,-0.5
2006-10-18,1531.28,1.11
2006-10-19,1531.58,0.02
2006-10-20,1519.23,-0.81
2006-10-23,1488.16,-2.05
2006-10-24,1521.24,2.22
2006-10-25,1519.1,-0.14
2006-10-26,1521.45,0.16
2006-10-27,1513.49,-0.52
2006-10-30,1539.29,1.7
2006-10-31,1555.78,1.07
2006-11-01,1571.12,0.99
2006-11-02,1581.0,0.63
2006-11-03,1583.95,0.19
2006-11-06,1603.85,1.26
2006-11-07,1605.35,0.09
2006-11-08,1578.89,-1.65
2006-11-09,1597.14,1.16
2006-11-10,1562.13,-2.19
2006-11-13,1525.78,-2.33
2006-11-14,1536.99,0.74
2006-11-15,1571.33,2.23
2006-11-16,1556.09,-0.97
2006-11-17,1587.0,1.99
2006-11-20,1601.89,0.94
2006-11-21,1614.27,0.77
2006-11-22,1634.72,1.27
2006-11-23,1645.3,0.65
2006-11-24,1662.02,1.02
2006-11-27,1691.34,1.76
2006-11-28,1682.07,-0.55
2006-11-29,1691.29,0.55
2006-11-30,1723.84,1.93
2006-12-01,1736.23,0.72
2006-12-04,1774.29,2.19
2006-12-05,1775.76,0.08
2006-12-06,1745.3,-1.72
2006-12-07,1753.19,0.45
2006-12-08,1682.78,-4.02
2006-12-11,1743.89,3.63
2006-12-12,1751.65,0.45
2006-12-13,1753.44,0.1
2006-12-14,1785.29,1.82
2006-12-15,1801.96,0.93
2006-12-18,1818.77,0.93
2006-12-19,1824.82,0.33
2006-12-20,1844.84,1.1
2006-12-21,1822.23,-1.23
2006-12-22,1811.65,-0.58
2006-12-25,1831.0,1.07
2006-12-26,1827.74,-0.18
2006-12-27,1845.5,0.97
2006-12-28,1819.93,-1.39
2006-12-29,1869.09,2.7
2007-01-04,1912.0,2.3
2007-01-05,1987.75,3.96
2007-01-08,2059.86,3.63
2007-01-09,2105.65,2.22
2007-01-10,2157.78,2.48
2007-01-11,2141.41,-0.76
2007-01-12,2042.91,-4.6
2007-01-15,2145.96,5.04
2007-01-16,2176.88,1.44
2007-01-17,2166.82,-0.46
2007-01-18,2188.16,0.99
2007-01-19,2273.74,3.91
2007-01-22,2379.46,4.65
2007-01-23,2409.37,1.26
2007-01-24,2434.34,1.04
2007-01-25,2327.58,-4.39
2007-01-26,2349.63,0.95
2007-01-29,2428.47,3.36
2007-01-30,2425.58,-0.12
2007-01-31,2301.21,-5.13
2007-02-01,2302.22,0.04
2007-02-02,2245.23,-2.48
2007-02-05,2247.19,0.09
2007-02-06,2296.05,2.17
2007-02-07,2339.49,1.89
2007-02-08,2401.85,2.67
2007-02-09,2403.24,0.06
2007-02-12,2460.57,2.39
2007-02-13,2497.64,1.51
2007-02-14,2549.28,2.07
2007-02-15,2624.15,2.94
2007-02-16,2654.35,1.15
2007-02-26,2770.23,4.37
2007-02-27,2502.86,-9.65
2007-02-28,2627.48,4.98
2007-03-01,2570.23,-2.18
2007-03-02,2602.15,1.24
2007-03-05,2588.55,-0.52
2007-03-06,2601.1,0.49
2007-03-07,2652.99,2.0
2007-03-08,2706.28,2.01
2007-03-09,2679.08,-1.01
2007-03-12,2725.43,1.73
2007-03-13,2782.55,2.1
2007-03-14,2750.08,-1.17
2007-03-15,2808.65,2.13
2007-03-16,2742.38,-2.36
2007-03-19,2770.28,1.02
2007-03-20,2833.5,2.28
2007-03-21,2864.8,1.1
2007-03-22,2889.23,0.85
2007-03-23,2953.74,2.23
2007-03-26,3043.58,3.04
2007-03-27,3082.88,1.29
2007-03-28,3089.49,0.22
2007-03-29,2992.88,-3.13
2007-03-30,3012.39,0.65
2007-04-02,3084.44,2.39
2007-04-03,3123.58,1.27
2007-04-04,3142.72,0.61
2007-04-05,3210.72,2.16
2007-04-06,3268.85,1.81
2007-04-09,3351.98,2.54
2007-04-10,3402.68,1.51
2007-04-11,3432.74,0.88
2007-04-12,3523.44,2.64
2007-04-13,3494.4,-0.82
2007-04-16,3572.97,2.25
2007-04-17,3646.88,2.07
2007-04-18,3772.69,3.45
2007-04-19,3590.57,-4.83
2007-04-20,3773.24,5.09
2007-04-23,4000.67,6.03
2007-04-24,4073.42,1.82
2007-04-25,4062.1,-0.28
2007-04-26,4118.23,1.38
2007-04-27,4096.43,-0.53
2007-04-30,4153.64,1.4
2007-05-08,4369.44,5.2
2007-05-09,4381.55,0.28
2007-05-10,4418.96,0.85
2007-05-11,4364.75,-1.23
2007-05-14,4359.64,-0.12
2007-05-15,4181.95,-4.08
2007-05-16,4286.97,2.51
2007-05-17,4381.76,2.21
2007-05-18,4372.57,-0.21
2007-05-21,4474.13,2.32
2007-05-22,4575.61,2.27
2007-05-23,4724.92,3.26
2007-05-24,4684.98,-0.85
2007-05-25,4728.81,0.94
2007-05-28,4828.86,2.12
2007-05-29,4952.24,2.56
2007-05-30,4546.69,-8.19
2007-05-31,4437.69,-2.4
2007-06-01,4143.78,-6.62
2007-06-04,3756.88,-9.34
2007-06-05,3877.68,3.22
2007-06-06,3920.52,1.11
2007-06-07,4089.45,4.31
2007-06-08,4140.6,1.25
2007-06-11,4239.2,2.38
2007-06-12,4427.85,4.45
2007-06-13,4558.02,2.94
2007-06-14,4477.05,-1.78
2007-06-15,4444.67,-0.72
2007-06-18,4574.0,2.91
2007-06-19,4636.64,1.37
2007-06-20,4529.8,-2.3
2007-06-21,4523.52,-0.14
2007-06-22,4263.3,-5.75
2007-06-25,3939.09,-7.61
2007-06-26,4041.06,2.59
2007-06-27,4147.56,2.64
2007-06-28,3880.16,-6.45
2007-06-29,3730.96,-3.85
2007-07-02,3791.56,1.62
2007-07-03,3838.98,1.25
2007-07-04,3761.89,-2.01
2007-07-05,3490.38,-7.22
2007-07-06,3685.75,5.6
2007-07-09,3792.87,2.91
2007-07-10,3667.36,-3.31
2007-07-11,3699.53,0.88
2007-07-12,3724.64,0.68
2007-07-13,3714.49,-0.27
2007-07-16,3601.43,-3.04
2007-07-17,3665.07,1.77
2007-07-18,3672.73,0.21
2007-07-19,3665.62,-0.19
2007-07-20,3789.36,3.38
2007-07-23,4019.62,6.08
2007-07-24,4004.79,-0.37
2007-07-25,4143.71,3.47
2007-07-26,4205.85,1.5
2007-07-27,4271.02,1.55
2007-07-30,4386.79,2.71
2007-07-31,4433.67,1.07
2007-08-01,4186.09,-5.58
2007-08-02,4315.79,3.1
2007-08-03,4362.02,1.07
2007-08-06,4497.52,3.11
2007-08-07,4508.08,0.24
2007-08-08,4411.56,-2.14
2007-08-09,4458.83,1.07
2007-08-10,4412.36,-1.04
2007-08-13,4477.51,1.48
2007-08-14,4536.55,1.32
2007-08-15,4495.81,-0.9
2007-08-16,4480.81,-0.33
2007-08-17,4444.64,-0.81
2007-08-20,4673.93,5.16
2007-08-21,4715.28,0.89
2007-08-22,4763.49,1.02
2007-08-23,4843.24,1.67
2007-08-24,4903.19,1.24
2007-08-27,4906.16,0.06
2007-08-28,4938.31,0.66
2007-08-29,4940.67,0.05
2007-08-30,5100.28,3.23
2007-08-31,5159.46,1.16
2007-09-03,5363.92,3.96
2007-09-04,5294.94,-1.29
2007-09-05,5358.34,1.2
2007-09-06,5416.01,1.08
2007-09-07,5299.92,-2.14
2007-09-10,5392.57,1.75
2007-09-11,5072.31,-5.94
2007-09-12,5151.78,1.57
2007-09-13,5328.84,3.44
2007-09-14,5420.27,1.72
2007-09-17,5579.41,2.94
2007-09-18,5614.29,0.63
2007-09-19,5535.36,-1.41
2007-09-20,5612.85,1.4
2007-09-21,5575.21,-0.67
2007-09-24,5602.65,0.49
2007-09-25,5477.12,-2.24
2007-09-26,5349.17,-2.34
2007-09-27,5444.69,1.79
2007-09-28,5592.36,2.71
2007-10-08,5547.68,-0.8
2007-10-09,5548.45,0.01
2007-10-10,5525.7,-0.41
2007-10-11,5476.13,-0.9
2007-10-12,5393.31,-1.51
2007-10-15,5494.17,1.87
2007-10-16,5533.84,0.72
2007-10-17,5543.52,0.18
2007-10-18,5362.74,-3.26
2007-10-19,5363.12,0.01
2007-10-22,5188.98,-3.25
2007-10-23,5233.62,0.86
2007-10-24,5181.09,-1.0
2007-10-25,4815.97,-7.05
2007-10-26,4828.49,0.26
2007-10-29,4986.47,3.27
2007-10-30,5059.84,1.47
2007-10-31,5173.65,2.25
2007-11-01,5044.42,-2.5
2007-11-02,4924.65,-2.37
2007-11-05,4957.49,0.67
2007-11-06,4952.65,-0.1
2007-11-07,4945.07,-0.15
2007-11-08,4747.43,-4.0
2007-11-09,4696.21,-1.08
2007-11-12,4625.66,-1.5
2007-11-13,4658.41,0.71
2007-11-14,4827.47,3.63
2007-11-15,4752.86,-1.55
2007-11-16,4737.07,-0.33
2007-11-19,4817.88,1.71
2007-11-20,4899.93,1.7
2007-11-21,4817.63,-1.68
2007-11-22,4617.84,-4.15
2007-11-23,4724.53,2.31
2007-11-26,4685.46,-0.83
2007-11-27,4635.59,-1.06
2007-11-28,4612.75,-0.49
2007-11-29,4743.03,2.82
2007-11-30,4647.82,-2.01
2007-12-03,4663.94,0.35
2007-12-04,4689.99,0.56
2007-12-05,4809.84,2.56
2007-12-06,4833.79,0.5
2007-12-07,4934.93,2.09
2007-12-10,5072.11,2.78
2007-12-11,5113.26,0.81
2007-12-12,5137.19,0.47
2007-12-13,4957.78,-3.49
2007-12-14,5058.69,2.04
2007-12-17,5044.91,-0.27
2007-12-18,5030.83,-0.28
2007-12-19,5140.89,2.19
2007-12-20,5209.75,1.34
2007-12-21,5292.93,1.6
2007-12-24,5359.46,1.26
2007-12-25,5390.63,0.58
2007-12-26,5455.73,1.21
2007-12-27,5504.75,0.9
2007-12-28,5448.64,-1.02
2008-01-02,5650.58,3.71
2008-01-03,5780.25,2.3
2008-01-04,5785.19,0.09
2008-01-07,5857.48,1.25
2008-01-08,5715.23,-2.43
2008-01-09,5840.63,2.19
2008-01-10,5844.66,0.07
2008-01-11,5800.73,-0.75
2008-01-14,5917.53,2.01
2008-01-15,5957.37,0.67
2008-01-16,5881.94,-1.27
2008-01-17,5728.8,-2.6
2008-01-18,5778.63,0.87
2008-01-21,5528.48,-4.33
2008-01-22,5084.77,-8.03
2008-01-23,5369.78,5.61
2008-01-24,5507.5,2.57
2008-01-25,5493.91,-0.25
2008-01-28,5120.01,-6.81
2008-01-29,5217.75,1.91
2008-01-30,5215.71,-0.04
2008-01-31,5077.93,-2.64
2008-02-01,4939.5,-2.73
2008-02-04,5313.67,7.58
2008-02-05,5301.84,-0.22
2008-02-13,5243.31,-1.1
2008-02-14,5338.91,1.82
2008-02-15,5290.12,-0.91
2008-02-18,5429.1,2.63
2008-02-19,5527.63,1.82
2008-02-20,5443.42,-1.52
2008-02-21,5497.93,1.0
2008-02-22,5361.94,-2.47
2008-02-25,5193.13,-3.15
2008-02-26,5207.02,0.27
2008-02-27,5327.63,2.32
2008-02-28,5337.24,0.18
2008-02-29,5420.01,1.55
2008-03-03,5598.3,3.29
2008-03-04,5529.15,-1.24
2008-03-05,5549.24,0.36
2008-03-06,5567.78,0.33
2008-03-07,5443.23,-2.24
2008-03-10,5292.0,-2.78
2008-03-11,5324.33,0.61
2008-03-12,5191.62,-2.49
2008-03-13,4984.28,-3.99
2008-03-14,4964.58,-0.4
2008-03-17,4637.89,-6.58
2008-03-18,4352.92,-6.14
2008-03-19,4539.96,4.3
2008-03-20,4726.82,4.12
2008-03-21,4801.74,1.59
2008-03-24,4684.12,-2.45
2008-03-25,4762.85,1.68
2008-03-26,4740.96,-0.46
2008-03-27,4528.43,-4.48
2008-03-28,4670.74,3.14
2008-03-31,4518.51,-3.26
2008-04-01,4208.47,-6.86
2008-04-02,4091.94,-2.77
2008-04-03,4213.82,2.98
2008-04-07,4442.37,5.42
2008-04-08,4498.03,1.25
2008-04-09,4298.48,-4.44
2008-04-10,4382.04,1.94
2008-04-11,4420.79,0.88
2008-04-14,4165.24,-5.78
2008-04-15,4250.36,2.04
2008-04-16,4156.19,-2.22
2008-04-17,4010.51,-3.51
2008-04-18,3830.84,-4.48
2008-04-21,3839.01,0.21
2008-04-22,3817.35,-0.56
2008-04-23,3944.24,3.32
2008-04-24,4311.74,9.32
2008-04-25,4325.94,0.33
2008-04-28,4265.22,-1.4
2008-04-29,4322.29,1.34
2008-04-30,4493.22,3.96
2008-05-05,4609.08,2.58
2008-05-06,4572.77,-0.79
2008-05-07,4378.27,-4.25
2008-05-08,4499.57,2.77
2008-05-09,4477.95,-0.48
2008-05-12,4557.14,1.77
2008-05-13,4522.0,-0.77
2008-05-14,4614.93,2.06
2008-05-15,4612.75,-0.05
2008-05-16,4559.03,-1.17
2008-05-19,4546.13,-0.28
2008-05-20,4284.29,-5.76
2008-05-21,4362.46,1.82
2008-05-22,4303.55,-1.35
2008-05-23,4259.54,-1.02
2008-05-26,4153.68,-2.49
2008-05-27,4178.5,0.6
2008-05-28,4271.66,2.23
2008-05-29,4178.8,-2.17
2008-05-30,4210.58,0.76
2008-06-02,4246.44,0.85
2008-06-03,4217.31,-0.69
2008-06-04,4145.74,-1.7
2008-06-05,4120.61,-0.61
2008-06-06,4094.73,-0.63
2008-06-10,3747.96,-8.47
2008-06-11,3683.03,-1.73
2008-06-12,3628.62,-1.48
2008-06-13,3519.23,-3.02
2008-06-16,3461.36,-1.64
2008-06-17,3299.21,-4.68
2008-06-18,3452.36,4.64
2008-06-19,3164.6,-8.34
2008-06-20,3250.59,2.72
2008-06-23,3207.82,-1.32
2008-06-24,3270.88,1.97
2008-06-25,3419.47,4.54
2008-06-26,3430.06,0.31
2008-06-27,3219.24,-6.15
2008-06-30,3202.79,-0.51
2008-07-01,3129.22,-2.3
2008-07-02,3164.31,1.12
2008-07-03,3264.41,3.16
2008-07-04,3264.15,-0.01
2008-07-07,3426.41,4.97
2008-07-08,3454.7,0.83
2008-07-09,3565.65,3.21
2008-07-10,3496.79,-1.93
2008-07-11,3460.58,-1.04
2008-07-14,3510.97,1.46
2008-07-15,3421.71,-2.54
2008-07-16,3277.26,-4.22
2008-07-17,3259.39,-0.55
2008-07-18,3368.79,3.36
2008-07-21,3486.77,3.5
2008-07-22,3487.63,0.03
2008-07-23,3461.13,-0.76
2008-07-24,3558.03,2.8
2008-07-25,3506.54,-1.45
2008-07-28,3552.0,1.3
2008-07-29,3489.35,-1.76
2008-07-30,3484.26,-0.15
2008-07-31,3371.9,-3.23
2008-08-01,3408.38,1.08
2008-08-04,3335.88,-2.13
2008-08-05,3266.2,-2.09
2008-08-06,3285.15,0.58
2008-08-07,3301.32,0.49
2008-08-08,3104.52,-5.96
2008-08-11,2928.36,-5.67
2008-08-12,2936.77,0.29
2008-08-13,2950.82,0.48
2008-08-14,2962.01,0.38
2008-08-15,2966.35,0.15
2008-08-18,2805.58,-5.42
2008-08-19,2857.94,1.87
2008-08-20,3062.86,7.17
2008-08-21,2951.8,-3.63
2008-08-22,2907.8,-1.49
2008-08-25,2895.7,-0.42
2008-08-26,2788.07,-3.72
2008-08-27,2768.68,-0.7
2008-08-28,2763.31,-0.19
2008-08-29,2851.79,3.2
2008-09-01,2783.74,-2.39
2008-09-02,2789.53,0.21
2008-09-03,2779.91,-0.35
2008-09-04,2796.07,0.58
2008-09-05,2711.83,-3.01
2008-09-08,2616.52,-3.52
2008-09-09,2647.45,1.18
2008-09-10,2669.31,0.83
2008-09-11,2634.11,-1.32
2008-09-12,2652.82,0.71
2008-09-16,2630.18,-0.85
2008-09-17,2596.23,-1.29
2008-09-18,2518.62,-2.99
2008-09-19,2744.65,8.97
2008-09-22,2843.29,3.59
2008-09-23,2684.82,-5.57
2008-09-24,2723.04,1.42
2008-09-25,2796.69,2.7
2008-09-26,2815.81,0.68
2008-10-06,2706.62,-3.88
2008-10-07,2711.15,0.17
2008-10-08,2651.32,-2.21
2008-10-09,2629.1,-0.84
2008-10-10,2512.6,-4.43
2008-10-13,2570.05,2.29
2008-10-14,2514.97,-2.14
2008-10-15,2499.35,-0.62
2008-10-16,2385.52,-4.55
2008-10-17,2407.89,0.94
2008-10-20,2467.77,2.49
2008-10-21,2447.61,-0.82
2008-10-22,2404.72,-1.75
2008-10-23,2410.26,0.23
2008-10-24,2367.68,-1.77
2008-10-27,2198.74,-7.14
2008-10-28,2242.8,2.0
2008-10-29,2179.27,-2.83
2008-10-30,2199.22,0.92
2008-10-31,2160.18,-1.78
2008-11-03,2138.22,-1.02
2008-11-04,2107.72,-1.43
2008-11-05,2174.37,3.16
2008-11-06,2140.62,-1.55
2008-11-07,2168.03,1.28
2008-11-10,2316.73,6.86
2008-11-11,2281.25,-1.53
2008-11-12,2323.17,1.84
2008-11-13,2421.81,4.25
2008-11-14,2512.43,3.74
2008-11-17,2609.69,3.87
2008-11-18,2407.42,-7.75
2008-11-19,2558.53,6.28
2008-11-20,2549.71,-0.34
2008-11-21,2522.06,-1.08
2008-11-24,2432.05,-3.57
2008-11-25,2419.39,-0.52
2008-11-26,2458.43,1.61
2008-11-27,2487.35,1.18
2008-11-28,2455.74,-1.27
2008-12-01,2521.72,2.69
2008-12-02,2552.99,1.24
2008-12-03,2648.28,3.73
2008-12-04,2654.04,0.22
2008-12-05,2693.25,1.48
2008-12-08,2787.76,3.51
2008-12-09,2715.44,-2.59
2008-12-10,2772.19,2.09
2008-12-11,2707.7,-2.33
2008-12-12,2599.83,-3.98
2008-12-15,2645.45,1.76
2008-12-16,2669.38,0.9
2008-12-17,2701.14,1.19
2008-12-18,2736.56,1.31
2008-12-19,2766.11,1.08
2008-12-22,2752.18,-0.5
2008-12-23,2603.94,-5.39
2008-12-24,2548.73,-2.12
2008-12-25,2544.31,-0.17
2008-12-26,2532.12,-0.48
2008-12-29,2529.95,-0.09
2008-12-30,2514.12,-0.63
2008-12-31,2488.53,-1.02
2009-01-05,2577.08,3.56
2009-01-06,2658.05,3.14
2009-01-07,2648.41,-0.36
2009-01-08,2587.98,-2.28
2009-01-09,2644.89,2.2
2009-01-12,2673.65,1.09
2009-01-13,2628.89,-1.67
2009-01-14,2708.18,3.02
2009-01-15,2713.3,0.19
2009-01-16,2739.67,0.97
2009-01-19,2738.87,-0.03
2009-01-20,2762.09,0.85
2009-01-21,2742.67,-0.7
2009-01-22,2775.01,1.18
2009-01-23,2765.05,-0.36
2009-02-02,2827.68,2.27
2009-02-03,2909.86,2.91
2009-02-04,2972.63,2.16
2009-02-05,2937.39,-1.19
2009-02-06,3059.75,4.17
2009-02-09,3140.18,2.63
2009-02-10,3195.81,1.77
2009-02-11,3213.9,0.57
2009-02-12,3236.88,0.72
2009-02-13,3353.03,3.59
2009-02-16,3450.28,2.9
2009-02-17,3319.57,-3.79
2009-02-18,3148.17,-5.16
2009-02-19,3221.22,2.32
2009-02-20,3315.9,2.94
2009-02-23,3411.79,2.89
2009-02-24,3310.06,-2.98
2009-02-25,3319.43,0.28
2009-02-26,3103.48,-6.51
2009-02-27,2955.72,-4.76
2009-03-02,3010.27,1.85
2009-03-03,3013.78,0.12
2009-03-04,3186.01,5.72
2009-03-05,3222.48,1.15
2009-03-06,3198.58,-0.74
2009-03-09,3069.68,-4.03
2009-03-10,3136.68,2.18
2009-03-11,3115.14,-0.69
2009-03-12,3110.37,-0.15
2009-03-13,3082.67,-0.89
2009-03-16,3112.23,0.96
2009-03-17,3220.26,3.47
2009-03-18,3258.76,1.2
2009-03-19,3330.69,2.21
2009-03-20,3307.24,-0.7
2009-03-23,3369.04,1.87
2009-03-24,3390.75,0.64
2009-03-25,3301.06,-2.65
2009-03-26,3376.47,2.28
2009-03-27,3417.14,1.21
2009-03-30,3413.58,-0.1
2009-03-31,3429.35,0.46
2009-04-01,3487.25,1.69
2009-04-02,3505.57,0.53
2009-04-03,3474.49,-0.89
2009-04-07,3505.85,0.9
2009-04-08,3393.98,-3.19
2009-04-09,3445.74,1.53
2009-04-10,3535.5,2.61
2009-04-13,3610.98,2.14
2009-04-14,3662.88,1.44
2009-04-15,3680.51,0.48
2009-04-16,3700.93,0.56
2009-04-17,3651.39,-1.34
2009-04-20,3753.51,2.8
2009-04-21,3749.47,-0.11
2009-04-22,3611.66,-3.68
2009-04-23,3625.12,0.37
2009-04-24,3617.62,-0.21
2009-04-27,3487.21,-3.61
2009-04-28,3500.14,0.37
2009-04-29,3585.38,2.44
2009-04-30,3623.95,1.08
2009-05-04,3741.3,3.24
2009-05-05,3762.61,0.57
2009-05-06,3810.14,1.26
2009-05-07,3786.12,-0.63
2009-05-08,3793.02,0.18
2009-05-11,3692.84,-2.64
2009-05-12,3789.87,2.63
2009-05-13,3801.35,0.3
2009-05-14,3802.33,0.03
2009-05-15,3800.89,-0.04
2009-05-18,3825.64,0.65
2009-05-19,3851.88,0.69
2009-05-20,3824.54,-0.71
2009-05-21,3758.87,-1.72
2009-05-22,3772.35,0.36
2009-05-25,3762.57,-0.26
2009-05-26,3786.01,0.62
2009-05-27,3801.4,0.41
2009-06-01,3865.61,1.69
2009-06-02,3870.3,0.12
2009-06-03,3923.46,1.37
2009-06-04,3958.25,0.89
2009-06-05,3940.14,-0.46
2009-06-08,3919.29,-0.53
2009-06-09,3945.2,0.66
2009-06-10,4018.3,1.85
2009-06-11,3963.77,-1.36
2009-06-12,3881.4,-2.08
2009-06-15,3938.78,1.48
2009-06-16,3944.93,0.16
2009-06-17,3992.44,1.2
2009-06-18,4024.04,0.79
2009-06-19,4053.3,0.73
2009-06-22,4052.42,-0.02
2009-06-23,4075.91,0.58
2009-06-24,4147.29,1.75
2009-06-25,4137.19,-0.24
2009-06-26,4131.9,-0.13
2009-06-29,4156.62,0.6
2009-06-30,4109.54,-1.13
2009-07-01,4145.97,0.89
2009-07-02,4166.36,0.49
2009-07-03,4192.06,0.62
2009-07-06,4281.4,2.13
2009-07-07,4300.33,0.44
2009-07-08,4304.74,0.1
2009-07-09,4379.97,1.75
2009-07-10,4384.94,0.11
2009-07-13,4401.34,0.37
2009-07-14,4496.15,2.15
2009-07-15,4555.0,1.31
2009-07-16,4529.96,-0.55
2009-07-17,4535.72,0.13
2009-07-20,4627.5,2.02
2009-07-21,4511.71,-2.5
2009-07-22,4564.65,1.17
2009-07-23,4610.34,1.0
2009-07-24,4594.45,-0.35
2009-07-27,4684.07,1.95
2009-07-28,4791.27,2.29
2009-07-29,4551.41,-5.01
2009-07-30,4638.66,1.92
2009-07-31,4785.41,3.16
2009-08-03,4954.64,3.54
2009-08-04,4985.18,0.62
2009-08-05,4966.7,-0.37
2009-08-06,4851.75,-2.31
2009-08-07,4723.83,-2.64
2009-08-10,4755.84,0.68
2009-08-11,4783.65,0.59
2009-08-12,4577.98,-4.3
2009-08-13,4567.14,-0.24
2009-08-14,4375.29,-4.2
2009-08-17,4132.38,-5.55
2009-08-18,4234.03,2.46
2009-08-19,4047.89,-4.4
2009-08-20,4194.11,3.61
2009-08-21,4282.27,2.1
2009-08-24,4327.7,1.06
2009-08-25,4222.67,-2.43
2009-08-26,4325.75,2.44
2009-08-27,4349.63,0.55
2009-08-28,4223.53,-2.9
2009-08-31,3941.5,-6.68
2009-09-01,3932.95,-0.22
2009-09-02,3956.34,0.6
2009-09-03,4150.27,4.9
2009-09-04,4180.89,0.74
2009-09-07,4218.96,0.91
2009-09-08,4289.44,1.67
2009-09-09,4331.94,0.99
2009-09-10,4277.72,-1.25
2009-09-11,4328.53,1.19
2009-09-14,4412.41,1.94
2009-09-15,4427.73,0.35
2009-09-16,4379.99,-1.08
2009-09-17,4489.02,2.49
2009-09-18,4360.58,-2.86
2009-09-21,4415.08,1.25
2009-09-22,4328.7,-1.96
2009-09-23,4219.04,-2.53
2009-09-24,4188.28,-0.73
2009-09-25,4177.19,-0.27
2009-09-28,4092.06,-2.04
2009-09-29,4028.69,-1.55
2009-09-30,4078.68,1.24
2009-10-09,4249.18,4.18
2009-10-12,4249.31,0.0
2009-10-13,4311.74,1.47
2009-10-14,4328.44,0.39
2009-10-15,4337.77,0.22
2009-10-16,4323.53,-0.33
2009-10-19,4412.76,2.06
2009-10-20,4457.15,1.01
2009-10-21,4431.12,-0.58
2009-10-22,4407.6,-0.53
2009-10-23,4484.31,1.74
2009-10-26,4508.57,0.54
2009-10-27,4397.24,-2.47
2009-10-28,4451.95,1.24
2009-10-29,4399.23,-1.18
2009-10-30,4450.63,1.17
2009-11-02,4584.41,3.01
2009-11-03,4651.77,1.47
2009-11-04,4681.7,0.64
2009-11-05,4742.3,1.29
2009-11-06,4734.9,-0.16
2009-11-09,4770.89,0.76
2009-11-10,4771.28,0.01
2009-11-11,4774.53,0.07
2009-11-12,4815.03,0.85
2009-11-13,4858.5,0.9
2009-11-16,4960.91,2.11
2009-11-17,4976.81,0.32
2009-11-18,4997.37,0.41
2009-11-19,5073.83,1.53
2009-11-20,5084.1,0.2
2009-11-23,5175.35,1.8
2009-11-24,4963.95,-4.09
2009-11-25,5140.95,3.57
2009-11-26,4923.85,-4.22
2009-11-27,4818.2,-2.15
2009-11-30,5006.24,3.9
2009-12-01,5149.17,2.86
2009-12-02,5172.55,0.45
2009-12-03,5216.9,0.86
2009-12-04,5137.71,-1.52
2009-12-07,5189.55,1.01
2009-12-08,5153.83,-0.69
2009-12-09,5060.31,-1.82
2009-12-10,5095.82,0.7
2009-12-11,5100.11,0.08
2009-12-14,5115.25,0.3
2009-12-15,5112.66,-0.05
2009-12-16,5090.05,-0.44
2009-12-17,4938.46,-2.98
2009-12-18,4821.08,-2.38
2009-12-21,4867.97,0.97
2009-12-22,4754.66,-2.33
2009-12-23,4818.08,1.33
2009-12-24,4957.2,2.89
2009-12-25,4970.42,0.27
2009-12-28,5035.7,1.31
2009-12-29,5051.26,0.31
2009-12-30,5086.05,0.69
2009-12-31,5102.75,0.33
2010-01-04,5071.78,-0.61
2010-01-05,5093.02,0.42
2010-01-06,5078.22,-0.29
2010-01-07,4963.33,-2.26
2010-01-08,5000.46,0.75
2010-01-11,5044.88,0.89
2010-01-12,5162.3,2.33
2010-01-13,5092.02,-1.36
2010-01-14,5190.46,1.93
2010-01-15,5201.57,0.21
2010-01-18,5282.62,1.56
2010-01-19,5284.19,0.03
2010-01-20,5132.31,-2.87
2010-01-21,5160.99,0.56
2010-01-22,5076.92,-1.63
2010-01-25,4997.3,-1.57
2010-01-26,4853.95,-2.87
2010-01-27,4825.92,-0.58
2010-01-28,4895.7,1.45
2010-01-29,4927.67,0.65
2010-02-01,4889.38,-0.78
2010-02-02,4871.98,-0.36
2010-02-03,4955.02,1.7
2010-02-04,4972.99,0.36
2010-02-05,4877.62,-1.92
2010-02-08,4882.88,0.11
2010-02-09,4926.03,0.88
2010-02-10,4958.13,0.65
2010-02-11,4951.1,-0.14
2010-02-12,4998.04,0.95
2010-02-22,4993.82,-0.08
2010-02-23,5014.08,0.41
2010-02-24,5102.72,1.77
2010-02-25,5156.44,1.05
2010-02-26,5144.45,-0.23
2010-03-01,5187.73,0.84
2010-03-02,5162.33,-0.49
2010-03-03,5219.9,1.12
2010-03-04,5066.44,-2.94
2010-03-05,5082.16,0.31
2010-03-08,5118.11,0.71
2010-03-09,5114.57,-0.07
2010-03-10,5072.56,-0.82
2010-03-11,5063.83,-0.17
2010-03-12,4981.96,-1.62
2010-03-15,4933.79,-0.97
2010-03-16,4961.53,0.56
2010-03-17,5067.87,2.14
2010-03-18,5059.4,-0.17
2010-03-19,5095.11,0.71
2010-03-22,5102.28,0.14
2010-03-23,5079.48,-0.45
2010-03-24,5091.86,0.24
2010-03-25,5039.69,-1.02
2010-03-26,5112.45,1.44
2010-03-29,5170.06,1.13
2010-03-30,5172.21,0.04
2010-03-31,5154.99,-0.33
2010-04-01,5222.0,1.3
2010-04-02,5226.34,0.08
2010-04-06,5223.93,-0.05
2010-04-07,5212.49,-0.22
2010-04-08,5192.74,-0.38
2010-04-09,5242.78,0.96
2010-04-12,5250.87,0.15
2010-04-13,5266.45,0.3
2010-04-14,5289.73,0.44
2010-04-15,5244.7,-0.85
2010-04-16,5211.97,-0.62
2010-04-19,5000.35,-4.06
2010-04-20,5036.03,0.71
2010-04-21,5154.9,2.36
2010-04-22,5132.22,-0.44
2010-04-23,5088.01,-0.86
2010-04-26,5084.18,-0.08
2010-04-27,4979.78,-2.05
2010-04-28,4961.2,-0.37
2010-04-29,4870.76,-1.82
2010-04-30,4828.78,-0.86
2010-05-04,4795.09,-0.7
2010-05-05,4866.97,1.5
2010-05-06,4695.72,-3.52
2010-05-07,4603.04,-1.97
2010-05-10,4594.89,-0.18
2010-05-11,4498.82,-2.09
2010-05-12,4484.35,-0.32
2010-05-13,4581.03,2.16
2010-05-14,4590.38,0.2
2010-05-17,4350.03,-5.24
2010-05-18,4401.03,1.17
2010-05-19,4385.78,-0.35
2010-05-20,4334.34,-1.17
2010-05-21,4383.25,1.13
2010-05-24,4520.67,3.14
2010-05-25,4463.63,-1.26
2010-05-26,4470.36,0.15
2010-05-27,4522.93,1.18
2010-05-28,4543.9,0.46
2010-05-31,4456.52,-1.92
2010-06-01,4383.22,-1.65
2010-06-02,4395.68,0.28
2010-06-03,4367.72,-0.64
2010-06-04,4377.47,0.22
2010-06-07,4334.58,-0.98
2010-06-08,4352.23,0.41
2010-06-09,4452.89,2.31
2010-06-10,4437.56,-0.34
2010-06-11,4428.47,-0.21
2010-06-17,4384.68,-0.99
2010-06-18,4281.22,-2.36
2010-06-21,4391.44,2.58
2010-06-22,4405.24,0.31
2010-06-23,4379.67,-0.58
2010-06-24,4372.73,-0.16
2010-06-25,4336.43,-0.83
2010-06-28,4304.62,-0.73
2010-06-29,4121.02,-4.27
2010-06-30,4085.54,-0.86
2010-07-01,4044.44,-1.01
2010-07-02,4042.19,-0.06
2010-07-05,4022.11,-0.5
2010-07-06,4098.99,1.91
2010-07-07,4120.75,0.53
2010-07-08,4110.63,-0.25
2010-07-09,4203.7,2.26
2010-07-12,4244.18,0.96
2010-07-13,4168.22,-1.79
2010-07-14,4212.18,1.05
2010-07-15,4132.44,-1.89
2010-07-16,4148.17,0.38
2010-07-19,4227.28,1.91
2010-07-20,4323.84,2.28
2010-07-21,4353.39,0.68
2010-07-22,4393.73,0.93
2010-07-23,4392.79,-0.02
2010-07-26,4430.49,0.86
2010-07-27,4425.58,-0.11
2010-07-28,4518.73,2.11
2010-07-29,4539.54,0.46
2010-07-30,4535.7,-0.09
2010-08-02,4616.28,1.78
2010-08-03,4533.29,-1.8
2010-08-04,4555.51,0.49
2010-08-05,4549.42,-0.13
2010-08-06,4640.84,2.01
2010-08-09,4675.27,0.74
2010-08-10,4530.64,-3.09
2010-08-11,4559.55,0.64
2010-08-12,4508.42,-1.12
2010-08-13,4570.17,1.37
2010-08-16,4674.13,2.28
2010-08-17,4698.23,0.52
2010-08-18,4702.44,0.09
2010-08-19,4714.26,0.25
2010-08-20,4647.44,-1.42
2010-08-23,4680.54,0.71
2010-08-24,4736.45,1.2
2010-08-25,4625.16,-2.35
2010-08-26,4637.88,0.28
2010-08-27,4653.6,0.34
2010-08-30,4740.99,1.88
2010-08-31,4731.09,-0.21
2010-09-01,4698.36,-0.69
2010-09-02,4745.37,1.0
2010-09-03,4743.87,-0.03
2010-09-06,4794.94,1.08
2010-09-07,4811.87,0.35
2010-09-08,4809.01,-0.06
2010-09-09,4749.69,-1.23
2010-09-10,4792.33,0.9
2010-09-13,4844.31,1.09
2010-09-14,4833.49,-0.22
2010-09-15,4754.82,-1.63
2010-09-16,4658.47,-2.03
2010-09-17,4652.05,-0.14
2010-09-20,4605.34,-1.0
2010-09-21,4623.22,0.39
2010-09-27,4706.36,1.8
2010-09-28,4650.61,-1.19
2010-09-29,4618.38,-0.69
2010-09-30,4688.4,1.52
2010-10-08,4795.3,2.28
2010-10-11,4927.84,2.76
2010-10-12,4948.82,0.43
2010-10-13,4982.79,0.69
2010-10-14,4946.6,-0.73
2010-10-15,5061.58,2.32
2010-10-18,5116.78,1.09
2010-10-19,5155.84,0.76
2010-10-20,5115.2,-0.79
2010-10-21,5114.23,-0.02
2010-10-22,5098.2,-0.31
2010-10-25,5208.44,2.16
2010-10-26,5197.49,-0.21
2010-10-27,5157.41,-0.77
2010-10-28,5150.64,-0.13
2010-10-29,5138.88,-0.23
2010-11-01,5247.25,2.11
2010-11-02,5260.28,0.25
2010-11-03,5220.47,-0.76
2010-11-04,5296.65,1.46
2010-11-05,5373.35,1.45
2010-11-08,5465.9,1.72
2010-11-09,5415.42,-0.92
2010-11-10,5372.44,-0.79
2010-11-11,5369.78,-0.05
2010-11-12,5068.88,-5.6
2010-11-15,5154.63,1.69
2010-11-16,4979.55,-3.4
2010-11-17,4890.03,-1.8
2010-11-18,4921.48,0.64
2010-11-19,4979.94,1.19
2010-11-22,4983.96,0.08
2010-11-23,4879.33,-2.1
2010-11-24,4960.43,1.66
2010-11-25,5023.95,1.28
2010-11-26,4982.91,-0.82
2010-11-29,4989.18,0.13
2010-11-30,4871.22,-2.36
2010-12-01,4905.42,0.7
2010-12-02,4932.43,0.55
2010-12-03,4918.36,-0.29
2010-12-06,4898.6,-0.4
2010-12-07,4931.17,0.67
2010-12-08,4905.98,-0.51
2010-12-09,4851.0,-1.12
2010-12-10,4889.47,0.79
2010-12-13,5012.18,2.51
2010-12-14,5029.47,0.35
2010-12-15,5015.72,-0.27
2010-12-16,4994.55,-0.42
2010-12-17,4994.71,0.0
2010-12-20,4923.72,-1.42
2010-12-21,4994.21,1.43
2010-12-22,4953.66,-0.81
2010-12-23,4909.83,-0.89
2010-12-24,4880.4,-0.6
2010-12-27,4784.91,-1.96
2010-12-28,4695.51,-1.87
2010-12-29,4722.46,0.57
2010-12-30,4718.03,-0.09
2010-12-31,4791.01,1.55
2011-01-04,4849.97,1.23
2011-01-05,4840.43,-0.2
2011-01-06,4828.64,-0.24
2011-01-07,4864.4,0.74
2011-01-10,4801.39,-1.3
2011-01-11,4840.44,0.81
2011-01-12,4871.21,0.64
2011-01-13,4874.25,0.06
2011-01-14,4827.97,-0.95
2011-01-17,4679.9,-3.07
2011-01-18,4692.88,0.28
2011-01-19,4767.25,1.59
2011-01-20,4650.54,-2.45
2011-01-21,4721.09,1.52
2011-01-24,4707.99,-0.28
2011-01-25,4699.43,-0.18
2011-01-26,4747.07,1.01
2011-01-27,4798.65,1.09
2011-01-28,4798.76,0.0
2011-01-31,4856.79,1.21
2011-02-01,4844.82,-0.25
2011-02-09,4817.13,-0.57
2011-02-10,4879.13,1.29
2011-02-11,4911.51,0.66
2011-02-14,5025.14,2.31
2011-02-15,5008.22,-0.34
2011-02-16,5043.97,0.71
2011-02-17,5053.42,0.19
2011-02-18,5021.15,-0.64
2011-02-21,5087.93,1.33
2011-02-22,4960.41,-2.51
2011-02-23,4983.48,0.47
2011-02-24,5004.57,0.42
2011-02-25,5000.4,-0.08
2011-02-28,5058.25,1.16
2011-03-01,5076.18,0.35
2011-03-02,5065.53,-0.21
2011-03-03,5063.4,-0.04
2011-03-04,5131.15,1.34
2011-03-07,5191.57,1.18
2011-03-08,5209.15,0.34
2011-03-09,5217.7,0.16
2011-03-10,5159.64,-1.11
2011-03-11,5123.22,-0.71
2011-03-14,5136.68,0.26
2011-03-15,5071.11,-1.28
2011-03-16,5117.76,0.92
2011-03-17,5060.19,-1.13
2011-03-18,5069.8,0.19
2011-03-21,5059.79,-0.2
2011-03-22,5077.13,0.34
2011-03-23,5137.64,1.19
2011-03-24,5119.66,-0.35
2011-03-25,5170.39,0.99
2011-03-28,5173.3,0.06
2011-03-29,5137.29,-0.7
2011-03-30,5136.43,-0.02
2011-03-31,5088.01,-0.94
2011-04-01,5142.37,1.07
2011-04-06,5194.36,1.01
2011-04-07,5204.13,0.19
2011-04-08,5236.79,0.63
2011-04-11,5226.59,-0.2
2011-04-12,5289.83,1.21
2011-04-13,5337.59,0.9
2011-04-14,5330.85,-0.13
2011-04-15,5353.58,0.43
2011-04-18,5388.29,0.65
2011-04-19,5314.92,-1.36
2011-04-20,5331.6,0.31
2011-04-21,5380.2,0.91
2011-04-22,5372.32,-0.15
2011-04-25,5311.09,-1.14
2011-04-26,5244.13,-1.26
2011-04-27,5217.44,-0.51
2011-04-28,5121.85,-1.83
2011-04-29,5194.83,1.43
2011-05-03,5265.3,1.36
2011-05-04,5179.43,-1.63
2011-05-05,5203.95,0.47
2011-05-06,5197.46,-0.13
2011-05-09,5219.63,0.43
2011-05-10,5248.57,0.55
2011-05-11,5225.42,-0.44
2011-05-12,5158.93,-1.27
2011-05-13,5192.85,0.66
2011-05-16,5153.55,-0.76
2011-05-17,5137.6,-0.31
2011-05-18,5168.22,0.6
2011-05-19,5143.33,-0.48
2011-05-20,5121.99,-0.42
2011-05-23,4952.61,-3.31
2011-05-24,4949.53,-0.06
2011-05-25,4895.4,-1.09
2011-05-26,4873.91,-0.44
2011-05-27,4824.4,-1.02
2011-05-30,4805.74,-0.39
2011-05-31,4872.26,1.38
2011-06-01,4871.23,-0.02
2011-06-02,4793.85,-1.59
2011-06-03,4834.09,0.84
2011-06-07,4850.96,0.35
2011-06-08,4855.4,0.09
2011-06-09,4765.84,-1.85
2011-06-10,4781.76,0.33
2011-06-13,4756.69,-0.52
2011-06-14,4798.42,0.88
2011-06-15,4763.66,-0.73
2011-06-16,4669.7,-1.97
2011-06-17,4633.49,-0.78
2011-06-20,4589.24,-0.96
2011-06-21,4626.24,0.81
2011-06-22,4612.58,-0.3
2011-06-23,4659.88,1.03
2011-06-24,4750.05,1.94
2011-06-27,4761.81,0.25
2011-06-28,4756.4,-0.11
2011-06-29,4704.0,-1.1
2011-06-30,4752.62,1.03
2011-07-01,4757.52,0.1
2011-07-04,4843.8,1.81
2011-07-05,4841.52,-0.05
2011-07-06,4833.41,-0.17
2011-07-07,4818.57,-0.31
2011-07-08,4828.78,0.21
2011-07-11,4842.86,0.29
2011-07-12,4761.71,-1.68
2011-07-13,4819.04,1.2
2011-07-14,4829.32,0.21
2011-07-15,4845.68,0.34
2011-07-18,4843.24,-0.05
2011-07-19,4803.51,-0.82
2011-07-20,4805.73,0.05
2011-07-21,4765.3,-0.84
2011-07-22,4765.84,0.01
2011-07-25,4621.97,-3.02
2011-07-26,4632.1,0.22
2011-07-27,4659.17,0.58
2011-07-28,4621.14,-0.82
2011-07-29,4632.79,0.25
2011-08-01,4638.59,0.13
2011-08-02,4595.56,-0.93
2011-08-03,4595.49,0.0
2011-08-04,4606.81,0.25
2011-08-05,4506.71,-2.17
2011-08-08,4301.92,-4.54
2011-08-09,4293.43,-0.2
2011-08-10,4334.34,0.95
2011-08-11,4404.22,1.61
2011-08-12,4444.37,0.91
2011-08-15,4500.04,1.25
2011-08-16,4463.2,-0.82
2011-08-17,4449.54,-0.31
2011-08-18,4380.81,-1.55
2011-08-19,4341.82,-0.89
2011-08-22,4321.14,-0.48
2011-08-23,4385.34,1.49
2011-08-24,4370.01,-0.35
2011-08-25,4488.77,2.72
2011-08-26,4485.02,-0.08
2011-08-29,4429.94,-1.23
2011-08-30,4416.04,-0.31
2011-08-31,4418.46,0.06
2011-09-01,4403.09,-0.35
2011-09-02,4353.12,-1.14
2011-09-05,4284.45,-1.58
2011-09-06,4267.16,-0.4
2011-09-07,4353.84,2.03
2011-09-08,4325.1,-0.66
2011-09-09,4324.19,-0.02
2011-09-13,4285.61,-0.89
2011-09-14,4311.79,0.61
2011-09-15,4301.92,-0.23
2011-09-16,4301.36,-0.01
2011-09-19,4234.27,-1.56
2011-09-20,4251.6,0.41
2011-09-21,4345.12,2.2
2011-09-22,4241.34,-2.39
2011-09-23,4217.91,-0.55
2011-09-26,4150.4,-1.6
2011-09-27,4180.49,0.73
2011-09-28,4129.97,-1.21
2011-09-29,4086.82,-1.05
2011-09-30,4085.51,-0.03
2011-10-10,4074.02,-0.28
2011-10-11,4096.27,0.55
2011-10-12,4214.04,2.88
2011-10-13,4247.8,0.8
2011-10-14,4234.55,-0.31
2011-10-17,4241.12,0.16
2011-10-18,4143.79,-2.3
2011-10-19,4142.33,-0.04
2011-10-20,4067.53,-1.81
2011-10-21,4065.34,-0.05
2011-10-24,4155.99,2.23
2011-10-25,4215.07,1.42
2011-10-26,4238.43,0.55
2011-10-27,4262.4,0.57
2011-10-28,4322.16,1.4
2011-10-31,4316.43,-0.13
2011-11-01,4319.04,0.06
2011-11-02,4377.18,1.35
2011-11-03,4375.56,-0.04
2011-11-04,4399.87,0.56
2011-11-07,4379.54,-0.46
2011-11-08,4367.48,-0.28
2011-11-09,4391.92,0.56
2011-11-10,4324.4,-1.54
2011-11-11,4320.03,-0.1
2011-11-14,4395.51,1.75
2011-11-15,4395.05,-0.01
2011-11-16,4292.64,-2.33
2011-11-17,4282.63,-0.23
2011-11-18,4207.39,-1.76
2011-11-21,4220.68,0.32
2011-11-22,4227.68,0.17
2011-11-23,4211.52,-0.38
2011-11-24,4220.42,0.21
2011-11-25,4191.28,-0.69
2011-11-28,4202.84,0.28
2011-11-29,4242.83,0.95
2011-11-30,4110.44,-3.12
2011-12-01,4185.35,1.82
2011-12-02,4133.92,-1.23
2011-12-05,4085.73,-1.17
2011-12-06,4082.17,-0.09
2011-12-07,4096.01,0.34
2011-12-08,4101.4,0.13
2011-12-09,4092.45,-0.22
2011-12-12,4063.9,-0.7
2011-12-13,3999.63,-1.58
2011-12-14,3976.77,-0.57
2011-12-15,3917.84,-1.48
2011-12-16,3984.22,1.69
2011-12-19,3973.38,-0.27
2011-12-20,3961.95,-0.29
2011-12-21,3923.23,-0.98
2011-12-22,3903.23,-0.51
2011-12-23,3935.92,0.84
2011-12-26,3930.18,-0.15
2011-12-27,3883.32,-1.19
2011-12-28,3867.29,-0.41
2011-12-29,3863.41,-0.1
2011-12-30,3902.9,1.02
2012-01-04,3851.69,-1.31
2012-01-05,3811.68,-1.04
2012-01-06,3839.56,0.73
2012-01-09,3943.96,2.72
2012-01-10,4042.43,2.5
2012-01-11,4017.47,-0.62
2012-01-12,4016.06,-0.04
2012-01-13,3945.34,-1.76
2012-01-16,3895.93,-1.25
2012-01-17,4050.78,3.98
2012-01-18,3987.45,-1.56
2012-01-19,4042.29,1.38
2012-01-20,4088.04,1.13
2012-01-30,4022.59,-1.6
2012-01-31,4028.13,0.14
2012-02-01,3991.03,-0.92
2012-02-02,4060.11,1.73
2012-02-03,4094.46,0.85
2012-02-06,4093.3,-0.03
2012-02-07,4022.13,-1.74
2012-02-08,4109.85,2.18
2012-02-09,4118.8,0.22
2012-02-10,4127.61,0.21
2012-02-13,4125.54,-0.05
2012-02-14,4113.08,-0.3
2012-02-15,4163.81,1.23
2012-02-16,4156.98,-0.16
2012-02-17,4151.08,-0.14
2012-02-20,4151.17,0.0
2012-02-21,4171.04,0.48
2012-02-22,4224.81,1.29
2012-02-23,4240.57,0.37
2012-02-24,4306.79,1.56
2012-02-27,4338.88,0.75
2012-02-28,4359.82,0.48
2012-02-29,4295.25,-1.48
2012-03-01,4303.73,0.2
2012-03-02,4371.99,1.59
2012-03-05,4341.78,-0.69
2012-03-06,4282.24,-1.37
2012-03-07,4262.88,-0.45
2012-03-08,4300.82,0.89
2012-03-09,4334.62,0.79
2012-03-12,4323.18,-0.26
2012-03-13,4360.56,0.86
2012-03-14,4227.69,-3.05
2012-03-15,4192.25,-0.84
2012-03-16,4262.09,1.67
2012-03-19,4276.56,0.34
2012-03-20,4214.39,-1.45
2012-03-21,4218.39,0.1
2012-03-22,4220.02,0.04
2012-03-23,4162.73,-1.36
2012-03-26,4157.89,-0.12
2012-03-27,4155.54,-0.06
2012-03-28,4044.71,-2.67
2012-03-29,3994.41,-1.24
2012-03-30,4020.56,0.66
2012-04-05,4093.44,1.81
2012-04-06,4094.22,0.02
2012-04-09,4058.67,-0.87
2012-04-10,4095.67,0.91
2012-04-11,4103.11,0.18
2012-04-12,4173.91,1.73
2012-04-13,4187.47,0.33
2012-04-16,4196.84,0.22
2012-04-17,4151.1,-1.09
2012-04-18,4229.2,1.88
2012-04-19,4218.21,-0.26
2012-04-20,4270.8,1.25
2012-04-23,4253.24,-0.41
2012-04-24,4255.34,0.05
2012-04-25,4301.58,1.09
2012-04-26,4276.69,-0.58
2012-04-27,4256.42,-0.47
2012-05-02,4321.37,1.53
2012-05-03,4313.74,-0.18
2012-05-04,4334.56,0.48
2012-05-07,4341.54,0.16
2012-05-08,4326.17,-0.35
2012-05-09,4252.25,-1.71
2012-05-10,4253.22,0.02
2012-05-11,4230.17,-0.54
2012-05-14,4216.99,-0.31
2012-05-15,4215.61,-0.03
2012-05-16,4166.29,-1.17
2012-05-17,4231.15,1.56
2012-05-18,4194.89,-0.86
2012-05-21,4186.07,-0.21
2012-05-22,4228.17,1.01
2012-05-23,4213.72,-0.34
2012-05-24,4177.91,-0.85
2012-05-25,4148.69,-0.7
2012-05-28,4199.66,1.23
2012-05-29,4237.75,0.91
2012-05-30,4231.5,-0.15
2012-05-31,4212.94,-0.44
2012-06-01,4215.81,0.07
2012-06-04,4101.9,-2.7
2012-06-05,4113.2,0.28
2012-06-06,4105.33,-0.19
2012-06-07,4088.74,-0.4
2012-06-08,4077.45,-0.28
2012-06-11,4112.98,0.87
2012-06-12,4084.95,-0.68
2012-06-13,4140.21,1.35
2012-06-14,4110.8,-0.71
2012-06-15,4135.18,0.59
2012-06-18,4150.71,0.38
2012-06-19,4122.88,-0.67
2012-06-20,4119.54,-0.08
2012-06-21,4079.94,-0.96
2012-06-25,4022.7,-1.4
2012-06-26,4015.76,-0.17
2012-06-27,4004.05,-0.29
2012-06-28,3971.03,-0.83
2012-06-29,4006.45,0.89
2012-07-02,4011.22,0.12
2012-07-03,4016.23,0.13
2012-07-04,4016.45,0.01
2012-07-05,3966.88,-1.23
2012-07-06,4015.01,1.21
2012-07-09,3933.38,-2.03
2012-07-10,3918.1,-0.39
2012-07-11,3934.56,0.42
2012-07-12,3943.39,0.22
2012-07-13,3938.13,-0.13
2012-07-16,3856.36,-2.08
2012-07-17,3878.79,0.58
2012-07-18,3896.03,0.44
2012-07-19,3910.79,0.38
2012-07-20,3885.31,-0.65
2012-07-23,3836.72,-1.25
2012-07-24,3847.07,0.27
2012-07-25,3817.74,-0.76
2012-07-26,3803.46,-0.37
2012-07-27,3804.42,0.03
2012-07-30,3784.83,-0.52
2012-07-31,3781.87,-0.08
2012-08-01,3817.02,0.93
2012-08-02,3798.18,-0.49
2012-08-03,3831.48,0.88
2012-08-06,3864.51,0.86
2012-08-07,3871.07,0.17
2012-08-08,3867.14,-0.1
2012-08-09,3890.69,0.61
2012-08-10,3888.92,-0.05
2012-08-13,3832.99,-1.44
2012-08-14,3839.43,0.17
2012-08-15,3801.29,-0.99
2012-08-16,3794.83,-0.17
2012-08-17,3794.92,0.0
2012-08-20,3778.45,-0.43
2012-08-21,3801.02,0.6
2012-08-22,3784.6,-0.43
2012-08-23,3792.25,0.2
2012-08-24,3755.35,-0.97
2012-08-27,3695.05,-1.61
2012-08-28,3731.37,0.98
2012-08-29,3705.16,-0.7
2012-08-30,3702.58,-0.07
2012-08-31,3696.52,-0.16
2012-09-03,3708.38,0.32
2012-09-04,3667.82,-1.09
2012-09-05,3662.79,-0.14
2012-09-06,3685.09,0.61
2012-09-07,3802.94,3.2
2012-09-10,3808.32,0.14
2012-09-11,3785.64,-0.6
2012-09-12,3789.81,0.11
2012-09-13,3764.43,-0.67
2012-09-14,3782.64,0.48
2012-09-17,3699.29,-2.2
2012-09-18,3671.39,-0.75
2012-09-19,3681.65,0.28
2012-09-20,3607.55,-2.01
2012-09-21,3611.01,0.1
2012-09-24,3608.19,-0.08
2012-09-25,3602.94,-0.15
2012-09-26,3558.35,-1.24
2012-09-27,3638.75,2.26
2012-09-28,3689.32,1.39
2012-10-08,3664.94,-0.66
2012-10-09,3738.67,2.01
2012-10-10,3753.46,0.4
2012-10-11,3726.17,-0.73
2012-10-12,3730.07,0.11
2012-10-15,3715.48,-0.39
2012-10-16,3714.32,-0.03
2012-10-17,3723.78,0.26
2012-10-18,3770.58,1.26
2012-10-19,3762.6,-0.21
2012-10-22,3769.32,0.18
2012-10-23,3751.64,-0.47
2012-10-24,3767.56,0.43
2012-10-25,3755.16,-0.33
2012-10-26,3681.36,-1.97
2012-10-29,3677.5,-0.1
2012-10-30,3679.0,0.04
2012-10-31,3690.95,0.33
2012-11-01,3742.99,1.41
2012-11-02,3765.51,0.6
2012-11-05,3767.94,0.07
2012-11-06,3751.64,-0.43
2012-11-07,3752.21,0.02
2012-11-08,3693.07,-1.58
2012-11-09,3689.82,-0.09
2012-11-12,3711.7,0.59
2012-11-13,3660.63,-1.38
2012-11-14,3671.46,0.3
2012-11-15,3623.29,-1.31
2012-11-16,3599.8,-0.65
2012-11-19,3613.51,0.38
2012-11-20,3606.54,-0.19
2012-11-21,3641.64,0.97
2012-11-22,3617.17,-0.67
2012-11-23,3637.06,0.55
2012-11-26,3620.03,-0.47
2012-11-27,3572.11,-1.32
2012-11-28,3536.97,-0.98
2012-11-29,3529.83,-0.2
2012-11-30,3561.84,0.91
2012-12-03,3522.64,-1.1
2012-12-04,3552.82,0.86
2012-12-05,3645.76,2.62
2012-12-06,3644.67,-0.03
2012-12-07,3701.95,1.57
2012-12-10,3736.35,0.93
2012-12-11,3713.74,-0.61
2012-12-12,3720.03,0.17
2012-12-13,3687.06,-0.89
2012-12-14,3834.26,3.99
2012-12-17,3850.21,0.42
2012-12-18,3846.14,-0.11
2012-12-19,3849.41,0.09
2012-12-20,3859.54,0.26
2012-12-21,3842.97,-0.43
2012-12-24,3853.91,0.29
2012-12-25,3949.35,2.48
2012-12-26,3962.97,0.35
2012-12-27,3937.47,-0.64
2012-12-28,3973.25,0.91
2012-12-31,4024.16,1.28
2013-01-04,4038.01,0.34
2013-01-07,4056.68,0.46
2013-01-08,4047.06,-0.24
2013-01-09,4042.28,-0.12
2013-01-10,4055.54,0.33
2013-01-11,3978.39,-1.9
2013-01-14,4093.37,2.89
2013-01-15,4125.11,0.78
2013-01-16,4087.17,-0.92
2013-01-17,4059.48,-0.68
2013-01-18,4118.8,1.46
2013-01-21,4149.93,0.76
2013-01-22,4125.79,-0.58
2013-01-23,4128.4,0.06
2013-01-24,4082.41,-1.11
2013-01-25,4067.91,-0.36
2013-01-28,4157.05,2.19
2013-01-29,4167.7,0.26
2013-01-30,4210.41,1.03
2013-01-31,4210.36,0.0
2013-02-01,4251.63,0.98
2013-02-04,4269.14,0.41
2013-02-05,4301.33,0.75
2013-02-06,4290.79,-0.25
2013-02-07,4268.01,-0.53
2013-02-08,4300.76,0.77
2013-02-18,4303.25,0.06
2013-02-19,4243.98,-1.38
2013-02-20,4271.96,0.66
2013-02-21,4154.86,-2.74
2013-02-22,4137.35,-0.42
2013-02-25,4168.52,0.75
2013-02-26,4096.67,-1.72
2013-02-27,4114.33,0.43
2013-02-28,4198.77,2.05
2013-03-01,4206.44,0.18
2013-03-04,4075.42,-3.12
2013-03-05,4159.38,2.06
2013-03-06,4204.38,1.08
2013-03-07,4165.27,-0.93
2013-03-08,4163.48,-0.04
2013-03-11,4150.33,-0.32
2013-03-12,4092.03,-1.41
2013-03-13,4052.21,-0.97
2013-03-14,4060.23,0.2
2013-03-15,4089.4,0.72
2013-03-18,4035.39,-1.32
2013-03-19,4061.07,0.64
2013-03-20,4155.68,2.33
2013-03-21,4174.95,0.46
2013-03-22,4191.86,0.4
2013-03-25,4196.44,0.11
2013-03-26,4155.11,-0.99
2013-03-27,4163.4,0.2
2013-03-28,4059.7,-2.49
2013-03-29,4071.53,0.29
2013-04-01,4072.97,0.04
2013-04-02,4058.45,-0.36
2013-04-03,4054.91,-0.09
2013-04-08,4030.23,-0.61
2013-04-09,4050.82,0.51
2013-04-10,4039.9,-0.27
2013-04-11,4025.48,-0.36
2013-04-12,3998.34,-0.67
2013-04-15,3952.87,-1.14
2013-04-16,3978.69,0.65
2013-04-17,3966.1,-0.32
2013-04-18,3976.22,0.26
2013-04-19,4056.8,2.03
2013-04-22,4053.89,-0.07
2013-04-23,3950.85,-2.54
2013-04-24,4002.47,1.31
2013-04-25,3972.51,-0.75
2013-04-26,3939.11,-0.84
2013-05-02,3938.78,-0.01
2013-05-03,3995.1,1.43
2013-05-06,4031.44,0.91
2013-05-07,4040.97,0.24
2013-05-08,4050.58,0.24
2013-05-09,4026.79,-0.59
2013-05-10,4057.2,0.76
2013-05-13,4048.96,-0.2
2013-05-14,4005.49,-1.07
2013-05-15,4022.34,0.42
2013-05-16,4065.03,1.06
2013-05-17,4115.77,1.25
2013-05-20,4142.6,0.65
2013-05-21,4164.67,0.53
2013-05-22,4143.24,-0.52
2013-05-23,4088.31,-1.33
2013-05-24,4105.52,0.42
2013-05-27,4112.36,0.17
2013-05-28,4163.69,1.25
2013-05-29,4170.35,0.16
2013-05-30,4167.56,-0.07
2013-05-31,4151.79,-0.38
2013-06-03,4161.35,0.23
2013-06-04,4101.04,-1.45
2013-06-05,4100.69,-0.01
2013-06-06,4051.1,-1.21
2013-06-07,3988.46,-1.55
2013-06-13,3882.95,-2.65
2013-06-14,3904.5,0.56
2013-06-17,3893.96,-0.27
2013-06-18,3893.66,-0.01
2013-06-19,3865.84,-0.71
2013-06-20,3762.19,-2.68
2013-06-21,3737.77,-0.65
2013-06-24,3561.66,-4.71
2013-06-25,3543.48,-0.51
2013-06-26,3532.02,-0.32
2013-06-27,3525.08,-0.2
2013-06-28,3558.43,0.95
2013-07-01,3579.01,0.58
2013-07-02,3598.3,0.54
2013-07-03,3574.46,-0.66
2013-07-04,3609.07,0.97
2013-07-05,3609.92,0.02
2013-07-08,3500.89,-3.02
2013-07-09,3519.12,0.52
2013-07-10,3594.91,2.15
2013-07-11,3712.13,3.26
2013-07-12,3654.95,-1.54
2013-07-15,3680.0,0.69
2013-07-16,3699.19,0.52
2013-07-17,3666.58,-0.88
2013-07-18,3625.51,-1.12
2013-07-19,3567.77,-1.59
2013-07-22,3586.07,0.51
2013-07-23,3653.78,1.89
2013-07-24,3636.23,-0.48
2013-07-25,3619.86,-0.45
2013-07-26,3604.37,-0.43
2013-07-29,3547.56,-1.58
2013-07-30,3581.17,0.95
2013-07-31,3586.65,0.15
2013-08-01,3641.53,1.53
2013-08-02,3641.84,0.01
2013-08-05,3675.98,0.94
2013-08-06,3705.98,0.82
2013-08-07,3681.16,-0.67
2013-08-08,3676.08,-0.14
2013-08-09,3687.71,0.32
2013-08-12,3769.91,2.23
2013-08-13,3781.67,0.31
2013-08-14,3770.92,-0.28
2013-08-15,3752.82,-0.48
2013-08-16,3723.69,-0.78
2013-08-19,3751.33,0.74
2013-08-20,3727.1,-0.65
2013-08-21,3736.09,0.24
2013-08-22,3728.27,-0.21
2013-08-23,3722.06,-0.17
2013-08-26,3813.75,2.46
2013-08-27,3854.98,1.08
2013-08-28,3878.92,0.62
2013-08-29,3886.94,0.21
2013-08-30,3949.53,1.61
2013-09-02,3934.41,-0.38
2013-09-03,3968.21,0.86
2013-09-04,4002.09,0.85
2013-09-05,3994.54,-0.19
2013-09-06,4058.64,1.61
2013-09-09,4173.91,2.84
2013-09-10,4267.91,2.25
2013-09-11,4282.95,0.35
2013-09-12,4300.72,0.42
2013-09-13,4253.59,-1.1
2013-09-16,4242.64,-0.26
2013-09-17,4128.16,-2.7
2013-09-18,4162.51,0.83
2013-09-23,4228.2,1.58
2013-09-24,4238.35,0.24
2013-09-25,4236.03,-0.06
2013-09-26,4121.91,-2.69
2013-09-27,4113.44,-0.21
2013-09-30,4139.83,0.64
2013-10-08,4189.19,1.19
2013-10-09,4215.34,0.62
2013-10-10,4179.84,-0.84
2013-10-11,4270.46,2.17
2013-10-14,4320.48,1.17
2013-10-15,4329.7,0.21
2013-10-16,4237.28,-2.13
2013-10-17,4234.26,-0.07
2013-10-18,4245.52,0.27
2013-10-21,4314.17,1.62
2013-10-22,4287.56,-0.62
2013-10-23,4220.54,-1.56
2013-10-24,4195.25,-0.6
2013-10-25,4130.07,-1.55
2013-10-28,4133.17,0.08
2013-10-29,4085.75,-1.15
2013-10-30,4166.49,1.98
2013-10-31,4137.39,-0.7
2013-11-01,4151.29,0.34
2013-11-04,4157.57,0.15
2013-11-05,4175.67,0.44
2013-11-06,4145.32,-0.73
2013-11-07,4124.54,-0.5
2013-11-08,4078.17,-1.12
2013-11-11,4083.84,0.14
2013-11-12,4114.65,0.76
2013-11-13,4031.43,-2.02
2013-11-14,4054.23,0.57
2013-11-15,4119.27,1.6
2013-11-18,4219.46,2.43
2013-11-19,4227.79,0.2
2013-11-20,4256.6,0.68
2013-11-21,4256.75,0.0
2013-11-22,4233.32,-0.55
2013-11-25,4229.38,-0.09
2013-11-26,4225.56,-0.09
2013-11-27,4255.86,0.72
2013-11-28,4297.5,0.98
2013-11-29,4291.26,-0.15
2013-12-02,4233.79,-1.34
2013-12-03,4296.94,1.49
2013-12-04,4374.23,1.8
2013-12-05,4378.92,0.11
2013-12-06,4372.93,-0.14
2013-12-09,4378.84,0.14
2013-12-10,4392.1,0.3
2013-12-11,4325.45,-1.52
2013-12-12,4325.04,-0.01
2013-12-13,4311.78,-0.31
2013-12-16,4254.64,-1.33
2013-12-17,4241.34,-0.31
2013-12-18,4232.41,-0.21
2013-12-19,4201.18,-0.74
2013-12-20,4114.07,-2.07
2013-12-23,4126.59,0.3
2013-12-24,4145.7,0.46
2013-12-25,4159.68,0.34
2013-12-26,4097.1,-1.51
2013-12-27,4148.38,1.25
2013-12-30,4136.91,-0.28
2013-12-31,4175.86,0.94
2014-01-02,4155.18,-0.5
2014-01-03,4100.55,-1.32
2014-01-06,4018.3,-2.01
2014-01-07,4012.16,-0.15
2014-01-08,4001.29,-0.27
2014-01-09,3953.76,-1.19
2014-01-10,3916.92,-0.93
2014-01-13,3923.31,0.16
2014-01-14,3965.6,1.08
2014-01-15,3949.39,-0.41
2014-01-16,3955.37,0.15
2014-01-17,3907.74,-1.2
2014-01-20,3899.01,-0.22
2014-01-21,3937.53,0.99
2014-01-22,4018.78,2.06
2014-01-23,4000.35,-0.46
2014-01-24,4023.71,0.58
2014-01-27,3991.16,-0.81
2014-01-28,4000.1,0.22
2014-01-29,4019.46,0.48
2014-01-30,3988.84,-0.76
2014-02-07,4009.76,0.52
2014-02-10,4091.34,2.04
2014-02-11,4115.02,0.58
2014-02-12,4140.72,0.62
2014-02-13,4125.99,-0.36
2014-02-14,4169.01,1.04
2014-02-17,4207.04,0.91
2014-02-18,4196.86,-0.24
2014-02-19,4231.93,0.84
2014-02-20,4219.68,-0.29
2014-02-21,4164.63,-1.3
2014-02-24,4111.68,-1.27
2014-02-25,4031.53,-1.95
2014-02-26,4044.85,0.33
2014-02-27,4051.58,0.17
2014-02-28,4068.86,0.43
2014-03-03,4108.84,0.98
2014-03-04,4093.17,-0.38
2014-03-05,4066.74,-0.65
2014-03-06,4074.29,0.19
2014-03-07,4057.69,-0.41
2014-03-10,3935.42,-3.01
2014-03-11,3951.11,0.4
2014-03-12,3950.18,-0.02
2014-03-13,3998.47,1.22
2014-03-14,3973.82,-0.62
2014-03-17,4006.03,0.81
2014-03-18,4008.52,0.06
2014-03-19,4010.51,0.05
2014-03-20,3960.73,-1.24
2014-03-21,4070.27,2.77
2014-03-24,4122.96,1.3
2014-03-25,4116.85,-0.15
2014-03-26,4104.0,-0.31
2014-03-27,4082.85,-0.52
2014-03-28,4076.42,-0.16
2014-03-31,4073.79,-0.06
2014-04-01,4107.16,0.82
2014-04-02,4144.66,0.91
2014-04-03,4095.34,-1.19
2014-04-04,4120.37,0.61
2014-04-08,4186.65,1.61
2014-04-09,4187.77,0.03
2014-04-10,4237.65,1.19
2014-04-11,4244.78,0.17
2014-04-14,4242.08,-0.06
2014-04-15,4172.61,-1.64
2014-04-16,4186.01,0.32
2014-04-17,4174.25,-0.28
2014-04-18,4169.45,-0.11
2014-04-21,4103.57,-1.58
2014-04-22,4113.68,0.25
2014-04-23,4114.97,0.03
2014-04-24,4100.81,-0.34
2014-04-25,4051.5,-1.2
2014-04-28,3999.01,-1.3
2014-04-29,4034.31,0.88
2014-04-30,4039.17,0.12
2014-05-05,4043.33,0.1
2014-05-06,4041.42,-0.05
2014-05-07,4012.39,-0.72
2014-05-08,4027.63,0.38
2014-05-09,4036.8,0.23
2014-05-12,4145.5,2.69
2014-05-13,4129.85,-0.38
2014-05-14,4108.03,-0.53
2014-05-15,4064.24,-1.07
2014-05-16,4073.43,0.23
2014-05-19,4035.14,-0.94
2014-05-20,4036.66,0.04
2014-05-21,4073.44,0.91
2014-05-22,4057.7,-0.39
2014-05-23,4075.23,0.43
2014-05-26,4089.17,0.34
2014-05-27,4073.72,-0.38
2014-05-28,4097.04,0.57
2014-05-29,4067.6,-0.72
2014-05-30,4072.13,0.11
2014-06-03,4072.61,0.01
2014-06-04,4035.35,-0.92
2014-06-05,4069.69,0.85
2014-06-06,4046.91,-0.56
2014-06-09,4047.14,0.01
2014-06-10,4083.91,0.91
2014-06-11,4089.13,0.13
2014-06-12,4072.59,-0.4
2014-06-13,4105.02,0.8
2014-06-16,4131.23,0.64
2014-06-17,4092.01,-0.95
2014-06-18,4075.45,-0.41
2014-06-19,4014.82,-1.49
2014-06-20,4022.16,0.18
2014-06-23,4016.12,-0.15
2014-06-24,4036.27,0.5
2014-06-25,4025.45,-0.27
2014-06-26,4049.62,0.6
2014-06-27,4045.75,-0.1
2014-06-30,4064.22,0.46
2014-07-01,4069.46,0.13
2014-07-02,4087.45,0.44
2014-07-03,4103.72,0.4
2014-07-04,4097.0,-0.16
2014-07-07,4096.7,-0.01
2014-07-08,4109.75,0.32
2014-07-09,4062.84,-1.14
2014-07-10,4064.04,0.03
2014-07-11,4075.93,0.29
2014-07-14,4118.06,1.03
2014-07-15,4131.85,0.34
2014-07-16,4155.83,0.58
2014-07-17,4140.45,-0.37
2014-07-18,4160.88,0.49
2014-07-21,4153.6,-0.18
2014-07-22,4203.06,1.19
2014-07-23,4219.03,0.38
2014-07-24,4272.54,1.27
2014-07-25,4324.63,1.22
2014-07-28,4424.58,2.31
2014-07-29,4427.84,0.07
2014-07-30,4399.54,-0.64
2014-07-31,4452.14,1.2
2014-08-01,4425.16,-0.61
2014-08-04,4512.27,1.97
2014-08-05,4515.79,0.08
2014-08-06,4525.37,0.21
2014-08-07,4454.03,-1.58
2014-08-08,4454.79,0.02
2014-08-11,4516.98,1.4
2014-08-12,4501.94,-0.33
2014-08-13,4510.35,0.19
2014-08-14,4472.36,-0.84
2014-08-15,4504.67,0.72
2014-08-18,4531.95,0.61
2014-08-19,4535.49,0.08
2014-08-20,4524.72,-0.24
2014-08-21,4496.82,-0.62
2014-08-22,4516.9,0.45
2014-08-25,4487.26,-0.66
2014-08-26,4433.29,-1.2
2014-08-27,4436.69,0.08
2014-08-28,4405.45,-0.7
2014-08-29,4454.2,1.11
2014-09-01,4485.34,0.7
2014-09-02,4547.55,1.39
2014-09-03,4589.25,0.92
2014-09-04,4627.45,0.83
2014-09-05,4658.84,0.68
2014-09-09,4664.33,0.12
2014-09-10,4651.01,-0.28
2014-09-11,4632.26,-0.4
2014-09-12,4678.98,1.01
2014-09-15,4699.79,0.45
2014-09-16,4626.14,-1.57
2014-09-17,4665.79,0.86
2014-09-18,4689.0,0.5
2014-09-19,4702.73,0.29
2014-09-22,4619.88,-1.76
2014-09-23,4657.65,0.82
2014-09-24,4720.73,1.35
2014-09-25,4722.89,0.05
2014-09-26,4737.69,0.31
2014-09-29,4764.04,0.56
2014-09-30,4783.49,0.41
2014-10-08,4815.91,0.68
2014-10-09,4828.06,0.25
2014-10-10,4791.07,-0.77
2014-10-13,4776.49,-0.3
2014-10-14,4765.93,-0.22
2014-10-15,4817.76,1.09
2014-10-16,4796.65,-0.44
2014-10-17,4770.36,-0.55
2014-10-20,4799.2,0.61
2014-10-21,4760.67,-0.8
2014-10-22,4731.25,-0.62
2014-10-23,4665.66,-1.39
2014-10-24,4655.98,-0.21
2014-10-27,4637.33,-0.4
2014-10-28,4749.57,2.42
2014-10-29,4827.1,1.63
2014-10-30,4907.7,1.67
2014-10-31,4983.76,1.55
2014-11-03,5019.97,0.73
2014-11-04,5065.29,0.9
2014-11-05,5041.72,-0.47
2014-11-06,5044.57,0.06
2014-11-07,5008.22,-0.72
2014-11-10,5150.34,2.84
2014-11-11,5110.66,-0.77
2014-11-12,5173.41,1.23
2014-11-13,5160.47,-0.25
2014-11-14,5136.52,-0.46
2014-11-17,5130.92,-0.11
2014-11-18,5076.42,-1.06
2014-11-19,5060.8,-0.31
2014-11-20,5060.62,0.0
2014-11-21,5139.18,1.55
2014-11-24,5241.49,1.99
2014-11-25,5325.57,1.6
2014-11-26,5384.4,1.11
2014-11-27,5425.93,0.77
2014-11-28,5552.9,2.34
2014-12-01,5599.43,0.84
2014-12-02,5771.71,3.08
2014-12-03,5801.98,0.53
2014-12-04,6020.74,3.77
2014-12-05,6000.55,-0.33
2014-12-08,6226.39,3.76
2014-12-09,5969.49,-4.13
2014-12-10,6217.21,4.15
2014-12-11,6265.77,0.78
2014-12-12,6277.99,0.19
2014-12-15,6315.69,0.6
2014-12-16,6435.47,1.9
2014-12-17,6489.0,0.83
2014-12-18,6465.43,-0.36
2014-12-19,6689.44,3.47
2014-12-22,6828.99,2.09
2014-12-23,6544.04,-4.17
2014-12-24,6428.3,-1.77
2014-12-25,6679.26,3.9
2014-12-26,6842.57,2.45
2014-12-29,6874.59,0.47
2014-12-30,6835.32,-0.57
2014-12-31,6957.57,1.79
2015-01-05,7250.82,4.22
2015-01-06,7247.74,-0.04
2015-01-07,7256.46,0.12
2015-01-08,7046.07,-2.9
2015-01-09,6988.24,-0.82
2015-01-12,6809.99,-2.55
2015-01-13,6825.34,0.23
2015-01-14,6792.51,-0.48
2015-01-15,7016.67,3.3
2015-01-16,7070.01,0.76
2015-01-19,6457.53,-8.66
2015-01-20,6560.92,1.6
2015-01-21,6850.48,4.41
2015-01-22,6872.61,0.32
2015-01-23,6861.78,-0.16
2015-01-26,6940.95,1.15
2015-01-27,6890.5,-0.73
2015-01-28,6816.86,-1.07
2015-01-29,6759.33,-0.84
2015-01-30,6659.52,-1.48
2015-02-02,6484.35,-2.63
2015-02-03,6622.22,2.13
2015-02-04,6573.86,-0.73
2015-02-05,6485.21,-1.35
2015-02-06,6326.68,-2.44
2015-02-09,6336.55,0.16
2015-02-10,6458.57,1.93
2015-02-11,6468.47,0.15
2015-02-12,6499.28,0.48
2015-02-13,6574.06,1.15
2015-02-16,6606.02,0.49
2015-02-17,6666.68,0.92
2015-02-25,6647.43,-0.29
2015-02-26,6824.24,2.66
2015-02-27,6820.14,-0.06
2015-03-02,6888.56,1.0
2015-03-03,6735.1,-2.23
2015-03-04,6762.14,0.4
2015-03-05,6675.3,-1.28
2015-03-06,6679.76,0.07
2015-03-09,6812.15,1.98
2015-03-10,6799.08,-0.19
2015-03-11,6811.56,0.18
2015-03-12,6939.81,1.88
2015-03-13,6991.05,0.74
2015-03-16,7148.4,2.25
2015-03-17,7233.04,1.18
2015-03-18,7390.54,2.18
2015-03-19,7404.31,0.19
2015-03-20,7441.85,0.51
2015-03-23,7575.91,1.8
2015-03-24,7606.3,0.4
2015-03-25,7588.34,-0.24
2015-03-26,7623.56,0.46
2015-03-27,7664.87,0.54
2015-03-30,7841.98,2.31
2015-03-31,7741.31,-1.28
2015-04-01,7876.67,1.75
2015-04-02,8000.28,1.57
2015-04-03,8132.9,1.66
2015-04-07,8361.15,2.81
2015-04-08,8327.99,-0.4
2015-04-09,8162.21,-1.99
2015-04-10,8331.98,2.08
2015-04-13,8604.44,3.27
2015-04-14,8694.4,1.05
2015-04-15,8472.61,-2.55
2015-04-16,8673.54,2.37
2015-04-17,8744.16,0.81
2015-04-20,8538.15,-2.36
2015-04-21,8780.12,2.83
2015-04-22,9004.9,2.56
2015-04-23,9021.65,0.19
2015-04-24,8954.4,-0.75
2015-04-27,9100.02,1.63
2015-04-28,8867.31,-2.56
2015-04-29,8968.34,1.14
2015-04-30,8925.51,-0.48
2015-05-04,9097.13,1.92
2015-05-05,8738.2,-3.95
2015-05-06,8552.25,-2.13
2015-05-07,8334.9,-2.54
2015-05-08,8551.26,2.6
2015-05-11,8823.65,3.19
2015-05-12,8929.24,1.2
2015-05-13,8967.29,0.43
2015-05-14,8988.45,0.24
2015-05-15,8832.49,-1.74
2015-05-18,8875.79,0.49
2015-05-19,9151.09,3.1
2015-05-20,9212.69,0.67
2015-05-21,9451.27,2.59
2015-05-22,9651.62,2.12
2015-05-25,9992.32,3.53
2015-05-26,10225.86,2.34
2015-05-27,10355.97,1.27
2015-05-28,9762.23,-5.73
2015-05-29,9852.53,0.93
2015-06-01,10434.06,5.9
2015-06-02,10730.64,2.84
2015-06-03,10773.7,0.4
2015-06-04,10800.27,0.25
2015-06-05,10976.21,1.63
2015-06-08,11078.12,0.93
2015-06-09,11019.05,-0.53
2015-06-10,11130.4,1.01
2015-06-11,11277.02,1.32
2015-06-12,11458.22,1.61
2015-06-15,11397.01,-0.53
2015-06-16,11018.82,-3.32
2015-06-17,11150.83,1.2
2015-06-18,10813.72,-3.02
2015-06-19,10115.82,-6.45
2015-06-23,10298.3,1.8
2015-06-24,10566.14,2.6
2015-06-25,10156.77,-3.87
2015-06-26,9376.52,-7.68
2015-06-29,9111.64,-2.83
2015-06-30,9608.65,5.46
2015-07-01,9193.17,-4.32
2015-07-02,8777.8,-4.52
2015-07-03,8290.85,-5.55
2015-07-06,8425.09,1.62
2015-07-07,8036.55,-4.61
2015-07-08,7565.52,-5.86
2015-07-09,8116.27,7.28
2015-07-10,8615.0,6.15
2015-07-13,9042.78,4.97
2015-07-14,8902.34,-1.55
2015-07-15,8438.28,-5.21
2015-07-16,8622.17,2.18
2015-07-17,8963.24,3.96
2015-07-20,8931.73,-0.35
2015-07-21,8996.59,0.73
2015-07-22,8997.54,0.01
2015-07-23,9209.47,2.36
2015-07-24,9042.74,-1.81
2015-07-27,8303.29,-8.18
2015-07-28,8285.35,-0.22
2015-07-29,8601.01,3.81
2015-07-30,8378.16,-2.59
2015-07-31,8415.35,0.44
2015-08-03,8497.93,0.98
2015-08-04,8790.5,3.44
2015-08-05,8666.97,-1.41
2015-08-06,8613.79,-0.61
2015-08-07,8757.85,1.67
2015-08-10,9095.24,3.85
2015-08-11,9138.76,0.48
2015-08-12,9073.32,-0.72
2015-08-13,9203.4,1.43
2015-08-14,9273.98,0.77
2015-08-17,9447.19,1.87
2015-08-18,8778.77,-7.08
2015-08-19,8978.98,2.28
2015-08-20,8720.95,-2.87
2015-08-21,8294.88,-4.89
2015-08-24,7577.39,-8.65
2015-08-25,7040.44,-7.09
2015-08-26,7109.39,0.98
2015-08-27,7493.18,5.4
2015-08-28,7852.9,4.8
2015-08-31,7702.26,-1.92
2015-09-01,7514.2,-2.44
2015-09-02,7556.45,0.56
2015-09-07,7427.28,-1.71
2015-09-08,7678.28,3.38
2015-09-09,7823.46,1.89
2015-09-10,7700.27,-1.58
2015-09-11,7740.89,0.53
2015-09-14,7508.89,-3.0
2015-09-15,7278.19,-3.07
2015-09-16,7634.27,4.89
2015-09-17,7454.95,-2.35
2015-09-18,7470.23,0.21
2015-09-21,7581.71,1.49
2015-09-22,7637.93,0.74
2015-09-23,7495.12,-1.87
2015-09-24,7553.45,0.78
2015-09-25,7445.83,-1.43
2015-09-28,7490.39,0.6
2015-09-29,7364.19,-1.69
2015-09-30,7405.11,0.56
2015-10-08,7642.3,3.2
2015-10-09,7720.4,1.02
2015-10-12,7955.97,3.05
2015-10-13,7967.03,0.14
2015-10-14,7846.99,-1.51
2015-10-15,8001.74,1.97
2015-10-16,8079.86,0.98
2015-10-19,8073.85,-0.07
2015-10-20,8125.18,0.64
2015-10-21,7860.78,-3.25
2015-10-22,7971.73,1.41
2015-10-23,8118.84,1.85
2015-10-26,8139.84,0.26
2015-10-27,8121.76,-0.22
2015-10-28,8029.58,-1.14
2015-10-29,8088.34,0.73
2015-10-30,8071.42,-0.21
2015-11-02,7977.01,-1.17
2015-11-03,7967.6,-0.12
2015-11-04,8275.33,3.86
2015-11-05,8372.0,1.17
2015-11-06,8491.41,1.43
2015-11-09,8636.29,1.71
2015-11-10,8598.58,-0.44
2015-11-11,8608.34,0.11
2015-11-12,8549.0,-0.69
2015-11-13,8436.52,-1.32
2015-11-16,8518.55,0.97
2015-11-17,8518.5,0.0
2015-11-18,8463.37,-0.65
2015-11-19,8576.47,1.34
2015-11-20,8598.71,0.26
2015-11-23,8554.47,-0.52
2015-11-24,8575.55,0.25
2015-11-25,8653.44,0.91
2015-11-26,8658.22,0.06
2015-11-27,8232.58,-4.92
2015-11-30,8306.6,0.9
2015-12-01,8361.27,0.66
2015-12-02,8600.79,2.87
2015-12-03,8715.23,1.33
2015-12-04,8595.66,-1.37
2015-12-07,8631.17,0.41
2015-12-08,8420.57,-2.44
2015-12-09,8458.19,0.45
2015-12-10,8433.8,-0.29
2015-12-11,8393.82,-0.47
2015-12-14,8568.2,2.08
2015-12-15,8547.7,-0.24
2015-12-16,8555.52,0.09
2015-12-17,8698.25,1.67
2015-12-18,8718.44,0.23
2015-12-21,8982.74,3.03
2015-12-22,8991.41,0.1
2015-12-23,8976.94,-0.16
2015-12-24,8930.43,-0.52
2015-12-25,8958.59,0.31
2015-12-28,8724.51,-2.61
2015-12-29,8812.87,1.01
2015-12-30,8826.88,0.16
2015-12-31,8764.78,-0.7
2016-01-04,8197.38,-6.47
2016-01-05,8213.94,0.2
2016-01-06,8432.04,2.66
2016-01-07,7905.95,-6.24
2016-01-08,8119.88,2.71
2016-01-11,7679.86,-5.42
2016-01-12,7674.8,-0.07
2016-01-13,7548.68,-1.64
2016-01-14,7699.18,1.99
2016-01-15,7436.2,-3.42
2016-01-18,7449.94,0.19
2016-01-19,7665.88,2.9
2016-01-20,7549.04,-1.52
2016-01-21,7373.99,-2.32
2016-01-22,7463.64,1.22
2016-01-25,7532.47,0.92
2016-01-26,7091.2,-5.86
2016-01-27,7073.92,-0.24
2016-01-28,6905.65,-2.38
2016-01-29,7094.71,2.74
2016-02-01,7001.48,-1.31
2016-02-02,7127.46,1.8
2016-02-03,7086.54,-0.57
2016-02-04,7178.09,1.29
2016-02-05,7137.71,-0.56
2016-02-15,7096.17,-0.58
2016-02-16,7303.39,2.92
2016-02-17,7365.65,0.85
2016-02-18,7373.84,0.11
2016-02-19,7360.26,-0.18
2016-02-22,7528.87,2.29
2016-02-23,7491.68,-0.49
2016-02-24,7526.81,0.47
2016-02-25,7092.68,-5.77
2016-02-26,7192.48,1.41
2016-02-29,7036.13,-2.17
2016-03-01,7169.21,1.89
2016-03-02,7471.45,4.22
2016-03-03,7507.43,0.48
2016-03-04,7580.24,0.97
2016-03-07,7655.22,0.99
2016-03-08,7637.05,-0.24
2016-03-09,7519.39,-1.54
2016-03-10,7403.55,-1.54
2016-03-11,7416.91,0.18
2016-03-14,7525.96,1.47
2016-03-15,7556.96,0.41
2016-03-16,7592.79,0.47
2016-03-17,7657.47,0.85
2016-03-18,7743.05,1.12
2016-03-21,7846.39,1.34
2016-03-22,7802.64,-0.56
2016-03-23,7808.25,0.07
2016-03-24,7696.25,-1.43
2016-03-25,7740.88,0.58
2016-03-28,7732.28,-0.11
2016-03-29,7651.5,-1.05
2016-03-30,7844.38,2.52
2016-03-31,7864.68,0.26
2016-04-01,7875.69,0.14
2016-04-05,7956.58,1.03
2016-04-06,7949.16,-0.09
2016-04-07,7844.67,-1.31
2016-04-08,7784.93,-0.76
2016-04-11,7902.57,1.51
2016-04-12,7891.58,-0.14
2016-04-13,7999.08,1.36
2016-04-14,8038.88,0.5
2016-04-15,8021.77,-0.21
2016-04-18,7902.33,-1.49
2016-04-19,7908.85,0.08
2016-04-20,7776.31,-1.68
2016-04-21,7751.38,-0.32
2016-04-22,7787.22,0.46
2016-04-25,7784.61,-0.03
2016-04-26,7817.69,0.43
2016-04-27,7800.63,-0.22
2016-04-28,7774.3,-0.34
2016-04-29,7782.16,0.1
2016-05-03,7919.42,1.76
2016-05-04,7893.26,-0.33
2016-05-05,7891.89,-0.02
2016-05-06,7684.97,-2.62
2016-05-09,7540.33,-1.88
2016-05-10,7557.75,0.23
2016-05-11,7627.66,0.93
2016-05-12,7648.68,0.28
2016-05-13,7617.2,-0.41
2016-05-16,7661.9,0.59
2016-05-17,7627.99,-0.44
2016-05-18,7548.83,-1.04
2016-05-19,7526.43,-0.3
2016-05-20,7558.9,0.43
2016-05-23,7592.97,0.45
2016-05-24,7543.35,-0.65
2016-05-25,7531.74,-0.15
2016-05-26,7537.11,0.07
2016-05-27,7545.36,0.11
2016-05-30,7559.04,0.18
2016-05-31,7766.78,2.75
2016-06-01,7743.31,-0.3
2016-06-02,7760.38,0.22
2016-06-03,7836.61,0.98
2016-06-06,7825.53,-0.14
2016-06-07,7838.85,0.17
2016-06-08,7788.69,-0.64
2016-06-13,7604.94,-2.36
2016-06-14,7643.07,0.5
2016-06-15,7750.32,1.4
2016-06-16,7715.61,-0.45
2016-06-17,7771.29,0.72
2016-06-20,7773.74,0.03
2016-06-21,7750.97,-0.29
2016-06-22,7809.15,0.75
2016-06-23,7760.18,-0.63
2016-06-24,7670.81,-1.15
2016-06-27,7762.73,1.2
2016-06-28,7774.9,0.16
2016-06-29,7802.21,0.35
2016-06-30,7813.09,0.14
2016-07-01,7827.5,0.18
2016-07-04,7955.53,1.64
2016-07-05,7977.71,0.28
2016-07-06,8028.86,0.64
2016-07-07,7986.83,-0.52
2016-07-08,7921.63,-0.82
2016-07-11,7985.75,0.81
2016-07-12,8168.98,2.29
2016-07-13,8171.24,0.03
2016-07-14,8137.38,-0.41
2016-07-15,8159.0,0.27
2016-07-18,8164.02,0.06
2016-07-19,8097.77,-0.81
2016-07-20,8086.82,-0.14
2016-07-21,8127.16,0.5
2016-07-22,8032.52,-1.17
2016-07-25,8056.13,0.29
2016-07-26,8171.66,1.43
2016-07-27,8104.04,-0.83
2016-07-28,8200.93,1.2
2016-07-29,8183.14,-0.22
2016-08-01,8109.59,-0.9
2016-08-02,8138.84,0.36
2016-08-03,8144.72,0.07
2016-08-04,8142.9,-0.02
2016-08-05,8132.36,-0.13
2016-08-08,8204.96,0.89
2016-08-09,8265.83,0.74
2016-08-10,8225.61,-0.49
2016-08-11,8210.16,-0.19
2016-08-12,8337.75,1.55
2016-08-15,8521.34,2.2
2016-08-16,8459.07,-0.73
2016-08-17,8455.27,-0.04
2016-08-18,8421.65,-0.4
2016-08-19,8405.86,-0.19
2016-08-22,8373.42,-0.39
2016-08-23,8383.28,0.12
2016-08-24,8367.29,-0.19
2016-08-25,8323.19,-0.53
2016-08-26,8313.96,-0.11
2016-08-29,8296.43,-0.21
2016-08-30,8311.27,0.18
2016-08-31,8333.7,0.27
2016-09-01,8282.11,-0.62
2016-09-02,8311.73,0.36
2016-09-05,8341.76,0.36
2016-09-06,8397.35,0.67
2016-09-07,8411.06,0.16
2016-09-08,8406.92,-0.05
2016-09-09,8357.33,-0.59
2016-09-12,8238.89,-1.42
2016-09-13,8231.63,-0.09
2016-09-14,8169.94,-0.75
2016-09-19,8231.49,0.75
2016-09-20,8220.33,-0.14
2016-09-21,8223.37,0.04
2016-09-22,8276.74,0.65
2016-09-23,8265.03,-0.14
2016-09-26,8146.88,-1.43
2016-09-27,8190.84,0.54
2016-09-28,8163.85,-0.33
2016-09-29,8205.96,0.52
2016-09-30,8228.78,0.28
2016-10-10,8348.22,1.45
2016-10-11,8375.43,0.33
2016-10-12,8345.26,-0.36
2016-10-13,8342.86,-0.03
2016-10-14,8350.09,0.09
2016-10-17,8290.24,-0.72
2016-10-18,8393.68,1.25
2016-10-19,8384.76,-0.11
2016-10-20,8385.7,0.01
2016-10-21,8439.8,0.65
2016-10-24,8546.49,1.26
2016-10-25,8560.66,0.17
2016-10-26,8521.3,-0.46
2016-10-27,8488.82,-0.38
2016-10-28,8478.58,-0.12
2016-10-31,8468.96,-0.11
2016-11-01,8502.56,0.4
2016-11-02,8434.98,-0.8
2016-11-03,8493.19,0.69
2016-11-04,8479.63,-0.16
2016-11-07,8500.84,0.25
2016-11-08,8531.91,0.37
2016-11-09,8473.49,-0.69
2016-11-10,8574.01,1.19
2016-11-11,8620.56,0.54
2016-11-14,8662.23,0.48
2016-11-15,8643.64,-0.21
2016-11-16,8635.23,-0.1
2016-11-17,8668.89,0.39
2016-11-18,8611.85,-0.66
2016-11-21,8684.19,0.84
2016-11-22,8749.83,0.76
2016-11-23,8779.52,0.34
2016-11-24,8820.58,0.47
2016-11-25,8894.31,0.84
2016-11-28,8953.41,0.67
2016-11-29,9059.43,1.18
2016-11-30,8949.37,-1.22
2016-12-01,9049.12,1.12
2016-12-02,8987.86,-0.68
2016-12-05,8858.1,-1.44
2016-12-06,8833.68,-0.28
2016-12-07,8857.74,0.27
2016-12-08,8856.51,-0.01
2016-12-09,8930.78,0.84
2016-12-12,8781.82,-1.67
2016-12-13,8768.61,-0.15
2016-12-14,8740.94,-0.32
2016-12-15,8620.2,-1.38
2016-12-16,8630.56,0.12
2016-12-19,8642.25,0.14
2016-12-20,8576.31,-0.76
2016-12-21,8672.01,1.12
2016-12-22,8690.13,0.21
2016-12-23,8617.38,-0.84
2016-12-26,8638.68,0.25
2016-12-27,8622.77,-0.18
2016-12-28,8597.88,-0.29
2016-12-29,8599.25,0.02
2016-12-30,8640.2,0.48
2017-01-03,8732.1,1.06
2017-01-04,8792.35,0.69
2017-01-05,8826.02,0.38
2017-01-06,8814.39,-0.13
2017-01-09,8869.79,0.63
2017-01-10,8843.35,-0.3
2017-01-11,8782.92,-0.68
2017-01-12,8738.58,-0.51
2017-01-13,8754.27,0.18
2017-01-16,8803.56,0.56
2017-01-17,8824.53,0.24
2017-01-18,8875.86,0.58
2017-01-19,8850.01,-0.29
2017-01-20,8901.47,0.58
2017-01-23,8919.8,0.21
2017-01-24,8965.27,0.51
2017-01-25,8975.82,0.12
2017-01-26,8991.15,0.17
2017-02-03,8932.0,-0.66
2017-02-06,8963.84,0.36
2017-02-07,8964.26,0.01
2017-02-08,8985.46,0.24
2017-02-09,9016.67,0.35
2017-02-10,9081.15,0.72
2017-02-13,9139.79,0.65
2017-02-14,9154.15,0.16
2017-02-15,9154.65,0.01
2017-02-16,9197.38,0.47
2017-02-17,9126.11,-0.78
2017-02-20,9293.88,1.84
2017-02-21,9309.7,0.17
2017-02-22,9367.17,0.62
2017-02-23,9309.56,-0.62
2017-02-24,9289.4,-0.22
2017-02-27,9214.7,-0.8
2017-02-28,9248.18,0.36
2017-03-01,9258.27,0.11
2017-03-02,9208.5,-0.54
2017-03-03,9190.88,-0.19
2017-03-06,9221.79,0.34
2017-03-07,9247.59,0.28
2017-03-08,9228.73,-0.2
2017-03-09,9160.16,-0.74
2017-03-10,9165.05,0.05
2017-03-13,9242.89,0.85
2017-03-14,9244.53,0.02
2017-03-15,9269.98,0.28
2017-03-16,9292.64,0.24
2017-03-17,9204.85,-0.95
2017-03-20,9272.05,0.73
2017-03-21,9341.82,0.75
2017-03-22,9301.89,-0.43
2017-03-23,9312.69,0.12
2017-03-24,9378.02,0.7
2017-03-27,9376.72,-0.01
2017-03-28,9351.15,-0.27
2017-03-29,9349.62,-0.02
2017-03-30,9316.1,-0.36
2017-03-31,9379.43,0.68
2017-04-05,9476.29,1.03
2017-04-06,9507.56,0.33
2017-04-07,9540.41,0.35
2017-04-10,9554.07,0.14
2017-04-11,9583.77,0.31
2017-04-12,9587.04,0.03
2017-04-13,9622.21,0.37
2017-04-14,9543.74,-0.82
2017-04-17,9515.82,-0.29
2017-04-18,9473.43,-0.45
2017-04-19,9424.24,-0.52
2017-04-20,9463.27,0.41
2017-04-21,9492.58,0.31
2017-04-24,9435.58,-0.6
2017-04-25,9449.72,0.15
2017-04-26,9478.71,0.31
2017-04-27,9485.04,0.07
2017-04-28,9433.86,-0.54
2017-05-02,9373.12,-0.64
2017-05-03,9319.94,-0.57
2017-05-04,9323.23,0.04
2017-05-05,9294.7,-0.31
2017-05-08,9257.3,-0.4
2017-05-09,9255.27,-0.02
2017-05-10,9196.17,-0.64
2017-05-11,9249.2,0.58
2017-05-12,9317.5,0.74
2017-05-15,9359.84,0.45
2017-05-16,9440.14,0.86
2017-05-17,9392.71,-0.5
2017-05-18,9365.84,-0.29
2017-05-19,9399.75,0.36
2017-05-22,9412.41,0.14
2017-05-23,9461.43,0.52
2017-05-24,9462.47,0.01
2017-05-25,9568.48,1.12
2017-05-26,9588.42,0.21
2017-05-31,9618.93,0.32
2017-06-01,9636.35,0.18
2017-06-02,9637.91,0.02
2017-06-05,9579.65,-0.6
2017-06-06,9602.93,0.24
2017-06-07,9692.54,0.93
2017-06-08,9776.04,0.86
2017-06-09,9823.54,0.49
2017-06-12,9793.14,-0.31
2017-06-13,9821.93,0.29
2017-06-14,9725.94,-0.98
2017-06-15,9687.0,-0.4
2017-06-16,9629.01,-0.6
2017-06-19,9678.39,0.51
2017-06-20,9656.43,-0.23
2017-06-21,9718.77,0.65
2017-06-22,9736.72,0.18
2017-06-23,9778.08,0.42
2017-06-26,9852.69,0.76
2017-06-27,9869.31,0.17
2017-06-28,9844.62,-0.25
2017-06-29,9887.33,0.43
2017-06-30,9885.02,-0.02
2017-07-03,9885.47,0.0
2017-07-04,9845.16,-0.41
2017-07-05,9882.57,0.38
2017-07-06,9890.8,0.08
2017-07-07,9913.18,0.23
2017-07-10,9883.08,-0.3
2017-07-11,9885.6,0.03
2017-07-12,9842.89,-0.43
2017-07-13,9906.04,0.64
2017-07-14,9933.34,0.28
2017-07-17,9836.07,-0.98
2017-07-18,9822.55,-0.14
2017-07-19,9938.11,1.18
2017-07-20,9997.66,0.6
2017-07-21,9980.94,-0.17
2017-07-24,10033.68,0.53
2017-07-25,10004.67,-0.29
2017-07-26,9986.81,-0.18
2017-07-27,10030.62,0.44
2017-07-28,10019.11,-0.11
2017-07-31,10036.05,0.17
2017-08-01,10097.71,0.61
2017-08-02,10059.2,-0.38
2017-08-03,10019.38,-0.4
2017-08-04,9990.88,-0.28
2017-08-07,9997.27,0.06
2017-08-08,9985.46,-0.12
2017-08-09,9950.05,-0.35
2017-08-10,9914.81,-0.35
2017-08-11,9782.61,-1.33
2017-08-14,9824.95,0.43
2017-08-15,9854.74,0.3
2017-08-16,9844.14,-0.11
2017-08-17,9894.86,0.52
2017-08-18,9905.79,0.11
2017-08-21,9940.1,0.35
2017-08-22,9937.92,-0.02
2017-08-23,9932.7,-0.05
2017-08-24,9904.32,-0.29
2017-08-25,10047.48,1.45
2017-08-28,10123.29,0.75
2017-08-29,10123.93,0.01
2017-08-30,10101.93,-0.22
2017-08-31,10062.83,-0.39
2017-09-01,10081.25,0.18
2017-09-04,10101.41,0.2
2017-09-05,10110.18,0.09
2017-09-06,10088.01,-0.22
2017-09-07,10038.73,-0.49
2017-09-08,10038.4,0.0
2017-09-11,10060.8,0.22
2017-09-12,10076.88,0.16
2017-09-13,10062.86,-0.14
2017-09-14,10029.32,-0.33
2017-09-15,10017.29,-0.12
2017-09-18,10050.08,0.33
2017-09-19,10014.94,-0.35
2017-09-20,10034.18,0.19
2017-09-21,10013.26,-0.21
2017-09-22,10006.12,-0.07
2017-09-25,9980.11,-0.26
2017-09-26,9974.46,-0.06
2017-09-27,9971.66,-0.03
2017-09-28,9964.38,-0.07
2017-09-29,9989.36,0.25
2017-10-09,10069.67,0.8
2017-10-10,10130.15,0.6
2017-10-11,10164.5,0.34
2017-10-12,10141.04,-0.23
2017-10-13,10145.43,0.04
2017-10-16,10091.34,-0.53
2017-10-17,10078.19,-0.13
2017-10-18,10126.47,0.48
2017-10-19,10112.81,-0.13
2017-10-20,10145.97,0.33
2017-10-23,10145.78,0.0
2017-10-24,10183.09,0.37
2017-10-25,10183.05,0.0
2017-10-26,10157.44,-0.25
2017-10-27,10182.83,0.25
2017-10-30,10097.51,-0.84
2017-10-31,10084.51,-0.13
2017-11-01,10042.53,-0.42
2017-11-02,10004.37,-0.38
2017-11-03,9968.04,-0.36
2017-11-06,9982.23,0.14
2017-11-07,10035.91,0.54
2017-11-08,10077.43,0.41
2017-11-09,10088.32,0.11
2017-11-10,10082.0,-0.06
2017-11-13,10083.03,0.01
2017-11-14,10028.52,-0.54
2017-11-15,9968.91,-0.59
2017-11-16,9949.74,-0.19
2017-11-17,9960.49,0.11
2017-11-20,9987.26,0.27
2017-11-21,10054.07,0.67
2017-11-22,10114.51,0.6
2017-11-23,9939.64,-1.73
2017-11-24,9950.16,0.11
2017-11-27,9874.14,-0.76
2017-11-28,9854.44,-0.2
2017-11-29,9834.43,-0.2
2017-11-30,9797.76,-0.37
2017-12-01,9815.14,0.18
2017-12-04,9791.44,-0.24
2017-12-05,9809.29,0.18
2017-12-06,9787.72,-0.22
2017-12-07,9727.09,-0.62
2017-12-08,9737.33,0.11
2017-12-11,9790.45,0.55
2017-12-12,9698.35,-0.94
2017-12-13,9743.12,0.46
2017-12-14,9716.52,-0.27
2017-12-15,9671.28,-0.47
2017-12-18,9654.11,-0.18
2017-12-19,9709.82,0.58
2017-12-20,9671.66,-0.39
2017-12-21,9686.8,0.16
2017-12-22,9679.79,-0.07
2017-12-25,9618.17,-0.64
2017-12-26,9675.03,0.59
2017-12-27,9620.31,-0.57
2017-12-28,9627.01,0.07
2017-12-29,9679.84,0.55
2018-01-02,9781.39,1.05
2018-01-03,9835.11,0.55
2018-01-04,9851.59,0.17
2018-01-05,9891.06,0.4
2018-01-08,9929.14,0.39
2018-01-09,9905.32,-0.24
2018-01-10,9922.56,0.17
2018-01-11,9935.62,0.13
2018-01-12,9941.22,0.06
2018-01-15,9890.53,-0.51
2018-01-16,9995.44,1.06
2018-01-17,10047.12,0.52
2018-01-18,10128.64,0.81
2018-01-19,10178.37,0.49
2018-01-22,10220.94,0.42
2018-01-23,10317.51,0.94
2018-01-24,10392.43,0.73
2018-01-25,10357.4,-0.34
2018-01-26,10402.68,0.44
2018-01-29,10312.4,-0.87
2018-01-30,10246.66,-0.64
2018-01-31,10166.31,-0.78
2018-02-01,10064.39,-1.0
2018-02-02,10085.26,0.21
2018-02-05,10233.59,1.47
2018-02-06,9966.26,-2.61
2018-02-07,9840.08,-1.27
2018-02-08,9733.61,-1.08
2018-02-09,9372.76,-3.71
2018-02-12,9431.09,0.62
2018-02-13,9497.64,0.71
2018-02-14,9492.95,-0.05
2018-02-22,9659.04,1.75
2018-02-23,9686.67,0.29
2018-02-26,9786.86,1.03
2018-02-27,9698.0,-0.91
2018-02-28,9639.98,-0.6
2018-03-01,9678.43,0.4
2018-03-02,9658.77,-0.2
2018-03-05,9655.32,-0.04
2018-03-06,9762.64,1.11
2018-03-07,9733.41,-0.3
2018-03-08,9786.63,0.55
2018-03-09,9833.37,0.48
2018-03-12,9880.62,0.48
2018-03-13,9825.2,-0.56
2018-03-14,9760.52,-0.66
2018-03-15,9739.69,-0.21
2018-03-16,9708.13,-0.32
2018-03-19,9707.69,0.0
2018-03-20,9729.27,0.22
2018-03-21,9702.16,-0.28
2018-03-22,9669.51,-0.34
2018-03-23,9321.99,-3.59
2018-03-26,9331.92,0.11
2018-03-27,9425.4,1.0
2018-03-28,9350.91,-0.79
2018-03-29,9445.51,1.01
2018-03-30,9462.63,0.18
2018-04-02,9447.52,-0.16
2018-04-03,9363.17,-0.89
2018-04-04,9336.08,-0.29
2018-04-09,9319.35,-0.18
2018-04-10,9434.09,1.23
2018-04-11,9477.51,0.46
2018-04-12,9411.1,-0.7
2018-04-13,9367.12,-0.47
2018-04-16,9244.34,-1.31
2018-04-17,9158.55,-0.93
2018-04-18,9218.61,0.66
2018-04-19,9241.71,0.25
2018-04-20,9092.77,-1.61
2018-04-23,9074.15,-0.2
2018-04-24,9213.22,1.53
2018-04-25,9193.91,-0.21
2018-04-26,9070.32,-1.34
2018-04-27,9129.99,0.66
2018-05-02,9141.62,0.13
2018-05-03,9215.91,0.81
2018-05-04,9212.04,-0.04
2018-05-07,9303.04,0.99
2018-05-08,9331.18,0.3
2018-05-09,9321.69,-0.1
2018-05-10,9363.58,0.45
2018-05-11,9315.22,-0.52
2018-05-14,9319.5,0.05
2018-05-15,9365.6,0.49
2018-05-16,9355.73,-0.11
2018-05-17,9338.35,-0.19
2018-05-18,9383.84,0.49
2018-05-21,9457.99,0.79
2018-05-22,9463.58,0.06
2018-05-23,9412.06,-0.54
2018-05-24,9376.7,-0.38
2018-05-25,9343.76,-0.35
2018-05-28,9317.36,-0.28
2018-05-29,9277.23,-0.43
2018-05-30,9081.32,-2.11
2018-05-31,9208.84,1.4
2018-06-01,9133.71,-0.82
2018-06-04,9140.38,0.07
2018-06-05,9175.56,0.38
2018-06-06,9163.27,-0.13
2018-06-07,9089.62,-0.8
2018-06-08,8949.07,-1.55
2018-06-11,8902.97,-0.52
2018-06-12,8955.76,0.59
2018-06-13,8889.98,-0.73
2018-06-14,8879.35,-0.12
2018-06-15,8826.32,-0.6
2018-06-18,8826.32,0.0
2018-06-19,8423.53,-4.56
2018-06-20,8466.15,0.51
2018-06-21,8371.9,-1.11
2018-06-22,8417.23,0.54
2018-06-25,8363.6,-0.64
2018-06-26,8323.15,-0.48
2018-06-27,8269.92,-0.64
2018-06-28,8224.83,-0.55
2018-06-29,8348.49,1.5
2018-07-02,8207.27,-1.69
2018-07-03,8276.93,0.85
2018-07-04,8241.31,-0.43
2018-07-05,8148.42,-1.13
2018-07-06,8140.16,-0.1
2018-07-09,8288.09,1.82
2018-07-10,8301.75,0.16
2018-07-11,8172.97,-1.55
2018-07-12,8328.82,1.91
2018-07-13,8289.34,-0.47
2018-07-16,8240.0,-0.6
2018-07-17,8205.08,-0.42
2018-07-18,8262.39,0.7
2018-07-19,8241.62,-0.25
2018-07-20,8394.34,1.85
2018-07-23,8483.56,1.06
2018-07-24,8597.19,1.34
2018-07-25,8558.17,-0.45
2018-07-26,8568.95,0.13
2018-07-27,8525.66,-0.51
2018-07-30,8528.17,0.03
2018-07-31,8535.6,0.09
2018-08-01,8411.48,-1.45
2018-08-02,8268.29,-1.7
2018-08-03,8233.33,-0.42
2018-08-06,8161.79,-0.87
2018-08-07,8349.43,2.3
2018-08-08,8275.65,-0.88
2018-08-09,8373.73,1.19
2018-08-10,8321.71,-0.62
2018-08-13,8282.77,-0.47
2018-08-14,8273.61,-0.11
2018-08-15,8138.78,-1.63
2018-08-16,8092.0,-0.57
2018-08-17,8015.7,-0.94
2018-08-20,8069.32,0.67
2018-08-21,8135.13,0.82
2018-08-22,8075.44,-0.73
2018-08-23,8098.04,0.28
2018-08-24,8125.14,0.33
2018-08-27,8234.59,1.35
2018-08-28,8237.42,0.03
2018-08-29,8193.97,-0.53
2018-08-30,8139.8,-0.66
2018-08-31,8115.53,-0.3
2018-09-03,8105.35,-0.13
2018-09-04,8172.36,0.83
2018-09-05,8080.03,-1.13
2018-09-06,8038.3,-0.52
2018-09-07,8052.0,0.17
2018-09-10,7990.79,-0.76
2018-09-11,7987.79,-0.04
2018-09-12,7974.36,-0.17
2018-09-13,8055.83,1.02
2018-09-14,8060.65,0.06
2018-09-17,7995.87,-0.8
2018-09-18,8107.72,1.4
2018-09-19,8156.54,0.6
2018-09-20,8151.61,-0.06
2018-09-21,8305.33,1.89
2018-09-25,8275.54,-0.36
2018-09-26,8300.67,0.3
2018-09-27,8278.37,-0.27
2018-09-28,8344.56,0.8
2018-10-08,8136.18,-2.5
2018-10-09,8111.55,-0.3
2018-10-10,8142.47,0.38
2018-10-11,7690.23,-5.55
2018-10-12,7702.73,0.16
2018-10-15,7580.53,-1.59
2018-10-16,7500.04,-1.06
2018-10-17,7566.33,0.88
2018-10-18,7424.14,-1.88
2018-10-19,7586.62,2.19
2018-10-22,7889.83,4.0
2018-10-23,7756.04,-1.7
2018-10-24,7814.3,0.75
2018-10-25,7865.86,0.66
2018-10-26,7880.75,0.19
2018-10-29,7790.12,-1.15
2018-10-30,7878.74,1.14
2018-10-31,7934.73,0.71
2018-11-01,7942.58,0.1
2018-11-02,8093.88,1.91
2018-11-05,8090.6,-0.04
2018-11-06,8099.43,0.11
2018-11-07,8054.13,-0.56
2018-11-08,8026.78,-0.34
2018-11-09,7967.23,-0.74
2018-11-12,8105.75,1.74
2018-11-13,8235.76,1.6
2018-11-14,8186.78,-0.59
2018-11-15,8285.06,1.2
2018-11-16,8360.23,0.91
2018-11-19,8417.63,0.69
2018-11-20,8230.6,-2.22
2018-11-21,8248.19,0.21
2018-11-22,8248.08,0.0
2018-11-23,8018.88,-2.78
2018-11-26,8026.25,0.09
2018-11-27,8025.43,-0.01
2018-11-28,8102.16,0.96
2018-11-29,7989.76,-1.39
2018-11-30,8051.49,0.77
2018-12-03,8227.98,2.19
2018-12-04,8273.34,0.55
2018-12-05,8206.89,-0.8
2018-12-06,8094.98,-1.36
2018-12-07,8121.79,0.33
2018-12-10,8046.1,-0.93
2018-12-11,8064.21,0.23
2018-12-12,8088.14,0.3
2018-12-13,8185.9,1.21
2018-12-14,8079.0,-1.31
2018-12-17,8123.9,0.56
2018-12-18,8100.83,-0.28
2018-12-19,8059.91,-0.51
2018-12-20,8047.43,-0.15
2018-12-21,8010.72,-0.46
2018-12-24,8059.37,0.61
2018-12-25,8014.02,-0.56
2018-12-26,8052.28,0.48
2018-12-27,7984.48,-0.84
2018-12-28,8035.38,0.64
2019-01-02,7935.79,-1.24
2019-01-03,7931.2,-0.06
2019-01-04,8078.67,1.86
2019-01-07,8147.52,0.85
2019-01-08,8158.87,0.14
2019-01-09,8182.1,0.28
2019-01-10,8150.57,-0.39
2019-01-11,8183.53,0.4
2019-01-14,8150.18,-0.41
2019-01-15,8211.0,0.75
2019-01-16,8212.63,0.02
2019-01-17,8195.44,-0.21
2019-01-18,8259.89,0.79
2019-01-21,8273.02,0.16
2019-01-22,8208.66,-0.78
2019-01-23,8231.51,0.28
2019-01-24,8259.89,0.34
2019-01-25,8269.87,0.12
2019-01-28,8259.77,-0.12
2019-01-29,8243.75,-0.19
2019-01-30,8184.91,-0.71
2019-01-31,8206.52,0.26
2019-02-01,8316.62,1.34
2019-02-11,8419.88,1.24
2019-02-12,8479.31,0.71
2019-02-13,8591.74,1.33
2019-02-14,8574.52,-0.2
2019-02-15,8484.54,-1.05
2019-02-18,8670.73,2.19
2019-02-19,8672.3,0.02
2019-02-20,8678.84,0.08
2019-02-21,8656.27,-0.26
2019-02-22,8811.67,1.8
2019-02-25,9223.02,4.67
2019-02-26,9186.48,-0.4
2019-02-27,9165.28,-0.23
2019-02-28,9115.82,-0.54
2019-03-01,9226.9,1.22
2019-03-04,9334.65,1.17
2019-03-05,9447.59,1.21
2019-03-06,9614.02,1.76
2019-03-07,9697.42,0.87
2019-03-08,9241.27,-4.7
2019-03-11,9459.99,2.37
2019-03-12,9566.34,1.12
2019-03-13,9444.55,-1.27
2019-03-14,9304.53,-1.48
2019-03-15,9440.85,1.47
2019-03-18,9648.1,2.2
2019-03-19,9624.97,-0.24
2019-03-20,9643.6,0.19
2019-03-21,9686.48,0.44
2019-03-22,9741.86,0.57
2019-03-25,9640.04,-1.05
2019-03-26,9469.29,-1.77
2019-03-27,9543.89,0.79
2019-03-28,9407.52,-1.43
2019-03-29,9655.75,2.64
2019-04-01,9913.92,2.67
2019-04-02,9911.3,-0.03
2019-04-03,10075.21,1.65
2019-04-04,10199.01,1.23
2019-04-08,10231.47,0.32
2019-04-09,10196.93,-0.34
2019-04-10,10242.39,0.45
2019-04-11,10101.69,-1.37
2019-04-12,10121.35,0.19
2019-04-15,10054.76,-0.66
2019-04-16,10208.71,1.53
2019-04-17,10261.11,0.51
2019-04-18,10164.9,-0.94
2019-04-19,10211.41,0.46
2019-04-22,10047.61,-1.6
2019-04-23,9974.61,-0.73
2019-04-24,9987.71,0.13
2019-04-25,9733.67,-2.54
2019-04-26,9613.27,-1.24
2019-04-29,9563.09,-0.52
2019-04-30,9670.45,1.12
2019-05-06,9196.02,-4.91
2019-05-07,9267.9,0.78
2019-05-08,9163.32,-1.13
2019-05-09,9057.12,-1.16
2019-05-10,9302.91,2.71
2019-05-13,9243.27,-0.64
2019-05-14,9173.18,-0.76
2019-05-15,9315.04,1.55
2019-05-16,9381.14,0.71
2019-05-17,9159.28,-2.37
2019-05-20,9062.59,-1.06
2019-05-21,9188.63,1.39
2019-05-22,9146.02,-0.46
2019-05-23,9035.54,-1.21
2019-05-24,9038.97,0.04
2019-05-27,9159.11,1.33
2019-05-28,9206.91,0.52
2019-05-29,9171.77,-0.38
2019-05-30,9179.14,0.08
2019-05-31,9185.15,0.07
2019-06-03,9144.75,-0.44
2019-06-04,9079.54,-0.71
2019-06-05,9038.07,-0.46
2019-06-06,8947.49,-1.0
2019-06-10,9011.88,0.72
2019-06-11,9224.85,2.36
2019-06-12,9153.66,-0.77
2019-06-13,9123.99,-0.32
2019-06-14,9019.24,-1.15
2019-06-17,9038.67,0.22
2019-06-18,9037.85,-0.01
2019-06-19,9102.63,0.72
2019-06-20,9231.77,1.42
2019-06-21,9247.62,0.17
2019-06-24,9249.15,0.02
2019-06-25,9172.82,-0.83
2019-06-26,9146.59,-0.29
2019-06-27,9161.35,0.16
2019-06-28,9112.52,-0.53
2019-07-01,9232.52,1.32
2019-07-02,9243.4,0.12
2019-07-03,9250.64,0.08
2019-07-04,9250.22,0.0
2019-07-05,9245.87,-0.05
2019-07-08,9048.96,-2.13
2019-07-09,9011.82,-0.41
2019-07-10,8958.66,-0.59
2019-07-11,8952.86,-0.06
2019-07-12,8983.23,0.34
2019-07-15,9014.08,0.34
2019-07-16,9017.08,0.03
2019-07-17,8998.12,-0.21
2019-07-18,8909.61,-0.98
2019-07-19,8971.39,0.69
2019-07-22,8886.58,-0.95
2019-07-23,8929.41,0.48
2019-07-24,8978.46,0.55
2019-07-25,8997.35,0.21
2019-07-26,9025.04,0.31
2019-07-29,9034.5,0.1
2019-07-30,9068.28,0.37
2019-07-31,9032.8,-0.39
2019-08-01,8983.93,-0.54
2019-08-02,8873.52,-1.23
2019-08-05,8748.37,-1.41
2019-08-06,8587.94,-1.83
2019-08-07,8589.51,0.02
2019-08-08,8639.71,0.58
2019-08-09,8591.29,-0.56
2019-08-12,8669.68,0.91
2019-08-13,8622.9,-0.54
2019-08-14,8646.97,0.28
2019-08-15,8634.89,-0.14
2019-08-16,8637.56,0.03
2019-08-19,8782.93,1.68
2019-08-20,8762.92,-0.23
2019-08-21,8741.95,-0.24
2019-08-22,8731.29,-0.12
2019-08-23,8736.23,0.06
2019-08-26,8668.41,-0.78
2019-08-27,8763.51,1.1
2019-08-28,8759.89,-0.04
2019-08-29,8729.72,-0.34
2019-08-30,8675.59,-0.62
2019-09-02,8771.63,1.11
2019-09-03,8776.0,0.05
2019-09-04,8858.01,0.93
2019-09-05,8909.15,0.58
2019-09-06,8932.58,0.26
2019-09-09,8970.93,0.43
2019-09-10,8955.89,-0.17
2019-09-11,8962.83,0.08
2019-09-12,8996.43,0.37
2019-09-16,9008.3,0.13
2019-09-17,8869.79,-1.54
2019-09-18,8881.48,0.13
2019-09-19,8904.32,0.26
2019-09-20,8898.19,-0.07
2019-09-23,8800.8,-1.09
2019-09-24,8813.3,0.14
2019-09-25,8737.31,-0.86
2019-09-26,8727.2,-0.12
2019-09-27,8705.49,-0.25
2019-09-30,8671.88,-0.39
2019-10-08,8723.63,0.6
2019-10-09,8776.3,0.6
2019-10-10,8816.84,0.46
2019-10-11,8872.23,0.63
2019-10-14,8971.46,1.12
2019-10-15,8936.8,-0.39
2019-10-16,8904.44,-0.36
2019-10-17,8873.33,-0.35
2019-10-18,8777.99,-1.07
2019-10-21,8789.57,0.13
2019-10-22,8809.81,0.23
2019-10-23,8785.96,-0.27
2019-10-24,8805.06,0.22
2019-10-25,8831.24,0.3
2019-10-28,8849.18,0.2
2019-10-29,8794.58,-0.62
2019-10-30,8768.47,-0.3
2019-10-31,8726.24,-0.48
2019-11-01,8787.23,0.7
2019-11-04,8808.18,0.24
2019-11-05,8868.47,0.68
2019-11-06,8848.71,-0.22
2019-11-07,8865.59,0.19
2019-11-08,8813.07,-0.59
2019-11-11,8642.92,-1.93
2019-11-12,8655.76,0.15
2019-11-13,8597.56,-0.67
2019-11-14,8583.16,-0.17
2019-11-15,8525.41,-0.67
2019-11-18,8590.04,0.76
2019-11-19,8646.5,0.66
2019-11-20,8595.58,-0.59
2019-11-21,8598.76,0.04
2019-11-22,8593.04,-0.07
2019-11-25,8732.56,1.62
2019-11-26,8707.88,-0.28
2019-11-27,8678.15,-0.34
2019-11-28,8650.11,-0.32
2019-11-29,8653.85,0.04
2019-12-02,8654.5,0.01
2019-12-03,8677.23,0.26
2019-12-04,8654.28,-0.26
2019-12-05,8673.24,0.22
2019-12-06,8686.07,0.15
2019-12-09,8728.7,0.49
2019-12-10,8712.06,-0.19
2019-12-11,8743.47,0.36
2019-12-12,8721.84,-0.25
2019-12-13,8825.9,1.19
2019-12-16,8861.12,0.4
2019-12-17,8941.17,0.9
2019-12-18,8914.32,-0.3
2019-12-19,8940.84,0.3
2019-12-20,8920.68,-0.23
2019-12-23,8805.8,-1.29
2019-12-24,8843.68,0.43
2019-12-25,8823.18,-0.23
2019-12-26,8882.56,0.67
2019-12-27,8901.12,0.21
2019-12-30,8990.47,1.0
2019-12-31,9033.82,0.48
2020-01-02,9138.06,1.15
2020-01-03,9153.82,0.17
2020-01-06,9132.14,-0.24
2020-01-07,9171.69,0.43
2020-01-08,9070.81,-1.1
2020-01-09,9117.96,0.52
2020-01-10,9097.12,-0.23
2020-01-13,9115.98,0.21
2020-01-14,9115.08,-0.01
2020-01-15,9034.97,-0.88
2020-01-16,8984.48,-0.56
2020-01-17,8973.55,-0.12
2020-01-20,8989.63,0.18
2020-01-21,8862.81,-1.41
2020-01-22,8853.37,-0.11
2020-01-23,8636.48,-2.45
2020-02-03,7912.72,-8.38
2020-02-04,8058.37,1.84
2020-02-05,8126.26,0.84
2020-02-06,8213.09,1.07
2020-02-07,8194.75,-0.22
2020-02-10,8265.17,0.86
2020-02-11,8301.47,0.44
2020-02-12,8336.28,0.42
2020-02-13,8276.91,-0.71
2020-02-14,8312.55,0.43
2020-02-17,8467.24,1.86
2020-02-18,8438.72,-0.34
2020-02-19,8414.7,-0.28
2020-02-20,8516.86,1.21
2020-02-21,8522.37,0.06
2020-02-24,8454.4,-0.8
2020-02-25,8353.51,-1.19
2020-02-26,8416.94,0.76
2020-02-27,8433.89,0.2
2020-02-28,8235.99,-2.35
2020-03-02,8504.18,3.26
2020-03-03,8522.16,0.21
2020-03-04,8594.76,0.85
2020-03-05,8701.43,1.24
2020-03-06,8627.31,-0.85
2020-03-09,8460.19,-1.94
2020-03-10,8570.35,1.3
2020-03-11,8483.26,-1.02
2020-03-12,8347.56,-1.6
2020-03-13,8231.68,-1.39
2020-03-16,8099.32,-1.61
2020-03-17,8075.93,-0.29
2020-03-18,7956.45,-1.48
2020-03-19,7842.58,-1.43
2020-03-20,7945.26,1.31
2020-03-23,7773.61,-2.16
2020-03-24,7929.13,2.0
2020-03-25,8052.59,1.56
2020-03-26,7997.75,-0.68
2020-03-27,8050.66,0.66
2020-03-30,8020.32,-0.38
2020-03-31,7997.93,-0.28
2020-04-01,7934.01,-0.8
2020-04-02,8016.61,1.04
2020-04-03,7980.93,-0.44
2020-04-07,8097.17,1.46
2020-04-08,8087.47,-0.12
2020-04-09,8096.85,0.12
2020-04-10,8042.69,-0.67
2020-04-13,8030.6,-0.15
2020-04-14,8096.15,0.82
2020-04-15,8054.98,-0.51
2020-04-16,8070.59,0.19
2020-04-17,8085.25,0.18
2020-04-20,8091.32,0.08
2020-04-21,8032.52,-0.73
2020-04-22,8062.31,0.37
2020-04-23,8060.0,-0.03
2020-04-24,8005.28,-0.68
2020-04-27,8058.71,0.67
2020-04-28,8004.7,-0.67
2020-04-29,8103.91,1.24
2020-04-30,8192.63,1.09
2020-05-06,8172.26,-0.25
2020-05-07,8155.92,-0.2
2020-05-08,8206.84,0.62
2020-05-11,8207.52,0.01
2020-05-12,8170.9,-0.45
2020-05-13,8182.01,0.14
2020-05-14,8105.25,-0.94
2020-05-15,8101.93,-0.04
2020-05-18,8125.55,0.29
2020-05-19,8160.48,0.43
2020-05-20,8136.29,-0.3
2020-05-21,8101.83,-0.42
2020-05-22,7996.04,-1.31
2020-05-25,8036.97,0.51
2020-05-26,8070.35,0.42
2020-05-27,8108.08,0.47
2020-05-28,8112.91,0.06
2020-05-29,8079.9,-0.41
2020-06-01,8215.26,1.68
2020-06-02,8238.16,0.28
2020-06-03,8216.69,-0.26
2020-06-04,8200.68,-0.19
2020-06-05,8199.8,-0.01
2020-06-08,8227.12,0.33
2020-06-09,8265.73,0.47
2020-06-10,8229.29,-0.44
2020-06-11,8167.85,-0.75
2020-06-12,8179.68,0.14
2020-06-15,8122.22,-0.7
2020-06-16,8218.65,1.19
2020-06-17,8241.53,0.28
2020-06-18,8309.68,0.83
2020-06-19,8316.23,0.08
2020-06-22,8256.21,-0.72
2020-06-23,8222.57,-0.41
2020-06-24,8222.99,0.01
2020-06-29,8159.72,-0.77
2020-06-30,8213.06,0.65
2020-07-01,8356.03,1.74
2020-07-02,8561.56,2.46
2020-07-03,8750.38,2.21
2020-07-06,9324.76,6.56
2020-07-07,9282.05,-0.46
2020-07-08,9395.89,1.23
2020-07-09,9475.5,0.85
2020-07-10,9255.7,-2.32
2020-07-13,9385.27,1.4
2020-07-14,9267.3,-1.26
2020-07-15,9061.31,-2.22
2020-07-16,8804.33,-2.84
2020-07-17,8752.15,-0.59
2020-07-20,9068.6,3.62
2020-07-21,9022.9,-0.5
2020-07-22,9004.87,-0.2
2020-07-23,8909.55,-1.06
2020-07-24,8662.49,-2.77
2020-07-27,8631.3,-0.36
2020-07-28,8680.67,0.57
2020-07-29,8801.06,1.39
2020-07-30,8804.43,0.04
2020-07-31,8820.0,0.18
2020-08-03,8985.59,1.88
2020-08-04,9014.72,0.32
2020-08-05,8938.48,-0.84
2020-08-06,8935.88,-0.03
2020-08-07,8864.68,-0.8
2020-08-10,8977.85,1.28
2020-08-11,8912.22,-0.73
2020-08-12,8944.44,0.36
2020-08-13,8991.35,0.52
2020-08-14,9025.05,0.37
2020-08-17,9216.71,2.12
2020-08-18,9218.14,0.01
2020-08-19,9190.06,-0.3
2020-08-20,9081.06,-1.19
2020-08-21,9138.38,0.63
2020-08-24,9141.59,0.03
2020-08-25,9097.51,-0.48
2020-08-26,8997.74,-1.1
2020-08-27,9013.77,0.18
2020-08-28,9122.72,1.21
2020-08-31,9086.71,-0.39
2020-09-01,9108.94,0.24
2020-09-02,9076.45,-0.36
2020-09-03,9050.11,-0.29
2020-09-04,8983.31,-0.74
2020-09-07,8890.69,-1.03
2020-09-08,8994.6,1.17
2020-09-09,8898.25,-1.07
2020-09-10,8843.79,-0.61
2020-09-11,8829.63,-0.16
2020-09-14,8846.13,0.19
2020-09-15,8833.68,-0.14
2020-09-16,8851.27,0.2
2020-09-17,8834.66,-0.19
2020-09-18,9013.99,2.03
2020-09-21,8969.94,-0.49
2020-09-22,8838.67,-1.46
2020-09-23,8816.68,-0.25
2020-09-24,8664.43,-1.73
2020-09-25,8647.24,-0.2
2020-09-28,8676.58,0.34
2020-09-29,8683.09,0.07
2020-09-30,8633.16,-0.57
2020-10-09,8761.34,1.48
2020-10-12,8908.81,1.68
2020-10-13,8899.87,-0.1
2020-10-14,8853.52,-0.52
2020-10-15,8875.51,0.25
2020-10-16,8952.44,0.87
2020-10-19,8899.86,-0.59
2020-10-20,8884.85,-0.17
2020-10-21,8899.67,0.17
2020-10-22,8884.77,-0.17
2020-10-23,8870.02,-0.17
2020-10-26,8824.33,-0.52
2020-10-27,8788.02,-0.41
2020-10-28,8764.06,-0.27
2020-10-29,8738.26,-0.29
2020-10-30,8632.69,-1.21
2020-11-02,8641.38,0.1
2020-11-03,8753.89,1.3
2020-11-04,8760.83,0.08
2020-11-05,8858.11,1.11
2020-11-06,8893.99,0.4
2020-11-09,9018.01,1.39
2020-11-10,8996.69,-0.24
2020-11-11,9061.33,0.72
2020-11-12,9005.49,-0.62
2020-11-13,8910.73,-1.05
2020-11-16,9069.85,1.79
2020-11-17,9079.66,0.11
2020-11-18,9112.25,0.36
2020-11-19,9097.46,-0.16
2020-11-20,9142.19,0.49
2020-11-23,9288.67,1.6
2020-11-24,9268.3,-0.22
2020-11-25,9182.24,-0.93
2020-11-26,9216.36,0.37
2020-11-27,9305.03,0.96
2020-11-30,9246.83,-0.63
2020-12-01,9375.02,1.39
2020-12-02,9390.1,0.16
2020-12-03,9304.78,-0.91
2020-12-04,9256.01,-0.52
2020-12-07,9141.71,-1.23
2020-12-08,9088.95,-0.58
2020-12-09,9046.93,-0.46
2020-12-10,9062.05,0.17
2020-12-11,8993.94,-0.75
2020-12-14,8899.67,-1.05
2020-12-15,8884.23,-0.17
2020-12-16,8863.29,-0.24
2020-12-17,8970.3,1.21
2020-12-18,9047.36,0.86
2020-12-21,9059.67,0.14
2020-12-22,8840.24,-2.42
2020-12-23,8859.6,0.22
2020-12-24,8803.95,-0.63
2020-12-25,8897.08,1.06
2020-12-28,8850.29,-0.53
2020-12-29,8794.14,-0.63
2020-12-30,8819.99,0.29
2020-12-31,8855.0,0.4
2021-01-04,8866.5,0.13
2021-01-05,8816.07,-0.57
2021-01-06,8862.34,0.52
2021-01-07,8879.03,0.19
2021-01-08,8913.13,0.38
2021-01-11,8755.87,-1.76
2021-01-12,8844.73,1.01
2021-01-13,8914.26,0.79
2021-01-14,8944.26,0.34
2021-01-15,8964.42,0.22
2021-01-18,8997.4,0.37
2021-01-19,9011.69,0.16
2021-01-20,8989.52,-0.25
2021-01-21,9000.09,0.12
2021-01-22,8863.19,-1.52
2021-01-25,8784.54,-0.89
2021-01-26,8757.76,-0.3
2021-01-27,8784.18,0.3
2021-01-28,8677.56,-1.21
2021-01-29,8601.97,-0.87
2021-02-01,8649.57,0.55
2021-02-02,8601.9,-0.55
2021-02-03,8563.08,-0.45
2021-02-04,8532.04,-0.36
2021-02-05,8576.95,0.53
2021-02-08,8643.24,0.77
2021-02-09,8700.53,0.66
2021-02-10,8750.84,0.58
2021-02-18,8977.19,2.59
2021-02-19,9147.22,1.89
2021-02-22,9281.91,1.47
2021-02-23,9241.05,-0.44
2021-02-24,9142.1,-1.07
2021-02-25,9272.48,1.43
2021-02-26,9089.4,-1.97
2021-03-01,9200.23,1.22
2021-03-02,9129.78,-0.76
2021-03-03,9386.18,2.81
2021-03-04,9401.55,0.16
2021-03-05,9300.17,-1.08
2021-03-08,9306.44,0.07
2021-03-09,9297.5,-0.1
2021-03-10,9203.69,-1.01
2021-03-11,9435.39,2.52
2021-03-12,9564.04,1.36
2021-03-15,9669.96,1.11
2021-03-16,9710.2,0.42
2021-03-17,9610.64,-1.03
2021-03-18,9607.67,-0.03
2021-03-19,9539.71,-0.71
2021-03-22,9666.42,1.33
2021-03-23,9558.47,-1.12
2021-03-24,9471.71,-0.91
2021-03-25,9430.39,-0.44
2021-03-26,9493.31,0.67
2021-03-29,9573.5,0.84
2021-03-30,9565.92,-0.08
2021-03-31,9623.08,0.6
2021-04-01,9648.94,0.27
2021-04-02,9577.8,-0.74
2021-04-06,9592.93,0.16
2021-04-07,9680.52,0.91
2021-04-08,9639.63,-0.42
2021-04-09,9659.3,0.2
2021-04-12,9717.0,0.6
2021-04-13,9608.97,-1.11
2021-04-14,9611.9,0.03
2021-04-15,9599.07,-0.13
2021-04-16,9699.34,1.04
2021-04-19,9686.31,-0.13
2021-04-20,9661.42,-0.26
2021-04-21,9618.1,-0.45
2021-04-22,9647.64,0.31
2021-04-23,9618.19,-0.31
2021-04-26,9542.26,-0.79
2021-04-27,9530.08,-0.13
2021-04-28,9553.07,0.24
2021-04-29,9595.3,0.44
2021-04-30,9497.45,-1.02
2021-05-06,9616.6,1.25
2021-05-07,9687.34,0.73
2021-05-10,9771.1,0.86
2021-05-11,9765.1,-0.06
2021-05-12,9797.5,0.33
2021-05-13,9684.83,-1.15
2021-05-14,9702.15,0.18
2021-05-17,9669.11,-0.34
2021-05-18,9722.12,0.55
2021-05-19,9601.24,-1.24
2021-05-20,9493.08,-1.13
2021-05-21,9497.92,0.05
2021-05-24,9503.05,0.05
2021-05-25,9594.9,0.97
2021-05-26,9635.9,0.43
2021-05-27,9646.83,0.11
2021-05-28,9637.62,-0.09
2021-05-31,9635.47,-0.02
2021-06-01,9629.09,-0.07
2021-06-02,9617.36,-0.12
2021-06-03,9691.51,0.77
2021-06-04,9632.46,-0.61
2021-06-07,9590.64,-0.43
2021-06-08,9603.31,0.13
2021-06-09,9660.9,0.6
2021-06-10,9677.13,0.17
2021-06-11,9709.69,0.34
2021-06-15,9622.04,-0.9
2021-06-16,9621.63,0.0
2021-06-17,9571.98,-0.52
2021-06-18,9511.94,-0.63
2021-06-21,9497.65,-0.15
2021-06-22,9558.87,0.64
2021-06-23,9582.05,0.24
2021-06-24,9610.9,0.3
2021-06-25,9616.09,0.05
2021-06-28,9606.92,-0.09
2021-06-29,9554.07,-0.55
2021-06-30,9560.84,0.07
2021-07-01,9591.09,0.32
2021-07-02,9552.45,-0.4
2021-07-05,9543.94,-0.09
2021-07-06,9589.76,0.48
2021-07-07,9522.47,-0.7
2021-07-08,9391.88,-1.37
2021-07-09,9399.04,0.08
2021-07-12,9355.85,-0.46
2021-07-13,9379.92,0.26
2021-07-14,9291.11,-0.95
2021-07-15,9295.83,0.05
2021-07-16,9273.19,-0.24
2021-07-19,9216.77,-0.61
2021-07-20,9185.36,-0.34
2021-07-21,9166.4,-0.21
2021-07-22,9216.77,0.55
2021-07-23,9152.44,-0.7
2021-07-26,8975.2,-1.94
2021-07-27,8822.02,-1.71
2021-07-28,8793.67,-0.32
2021-07-29,8771.85,-0.25
2021-07-30,8788.59,0.19
2021-08-02,8848.77,0.68
2021-08-03,8847.44,-0.01
2021-08-04,8841.88,-0.06
2021-08-05,8847.72,0.07
2021-08-06,8863.81,0.18
2021-08-09,8965.68,1.15
2021-08-10,9000.76,0.39
2021-08-11,9070.45,0.77
2021-08-12,9049.17,-0.23
2021-08-13,9037.07,-0.13
2021-08-16,9108.29,0.79
2021-08-17,9015.98,-1.01
2021-08-18,9118.13,1.13
2021-08-19,9035.79,-0.9
2021-08-20,9050.01,0.16
2021-08-23,9066.62,0.18
2021-08-24,9129.18,0.69
2021-08-25,9178.21,0.54
2021-08-26,9166.07,-0.13
2021-08-27,9177.01,0.12
2021-08-30,9160.51,-0.18
2021-08-31,9295.31,1.47
2021-09-01,9419.18,1.33
2021-09-02,9540.83,1.29
2021-09-03,9607.84,0.7
2021-09-06,9716.67,1.13
2021-09-07,9853.19,1.4
2021-09-08,9991.56,1.4
2021-09-09,10156.22,1.65
2021-09-10,10060.81,-0.94
2021-09-13,10198.77,1.37
2021-09-14,9976.09,-2.18
2021-09-15,9968.3,-0.08
2021-09-16,9860.61,-1.08
2021-09-17,9835.72,-0.25
2021-09-22,9996.98,1.64
2021-09-23,10143.86,1.47
2021-09-24,9964.98,-1.76
2021-09-27,9731.37,-2.34
2021-09-28,9923.78,1.98
2021-09-29,9759.31,-1.66
2021-09-30,9778.89,0.2
2021-10-08,9871.76,0.95
2021-10-11,9837.0,-0.35
2021-10-12,9707.37,-1.32
2021-10-13,9612.66,-0.97
2021-10-14,9562.75,-0.52
2021-10-15,9504.34,-0.61
2021-10-18,9568.27,0.67
2021-10-19,9587.4,0.2
2021-10-20,9567.75,-0.2
2021-10-21,9596.04,0.29
2021-10-22,9519.43,-0.8
2021-10-25,9507.76,-0.12
2021-10-26,9435.69,-0.76
2021-10-27,9343.06,-0.98
2021-10-28,9255.19,-0.94
2021-10-29,9280.8,0.28
2021-11-01,9330.45,0.53
2021-11-02,9161.12,-1.81
2021-11-03,9227.76,0.73
2021-11-04,9244.18,0.18
2021-11-05,9145.85,-1.06
2021-11-08,9136.99,-0.1
2021-11-09,9136.71,0.0
2021-11-10,9137.02,0.0
2021-11-11,9314.23,1.94
2021-11-12,9306.9,-0.08
2021-11-15,9352.94,0.49
2021-11-16,9298.25,-0.58
2021-11-17,9303.57,0.06
2021-11-18,9262.75,-0.44
2021-11-19,9359.25,1.04
2021-11-22,9322.41,-0.39
2021-11-23,9348.73,0.28
2021-11-24,9385.94,0.4
2021-11-25,9404.48,0.2
2021-11-26,9353.25,-0.54
2021-11-29,9324.7,-0.31
2021-11-30,9319.15,-0.06
2021-12-01,9427.66,1.16
2021-12-02,9470.79,0.46
2021-12-03,9573.55,1.08
2021-12-06,9557.97,-0.16
2021-12-07,9659.29,1.06
2021-12-08,9690.86,0.33
2021-12-09,9756.39,0.68
2021-12-10,9674.42,-0.84
2021-12-13,9678.09,0.04
2021-12-14,9622.6,-0.57
2021-12-15,9648.62,0.27
2021-12-16,9728.61,0.83
2021-12-17,9721.5,-0.07
2021-12-20,9776.65,0.57
2021-12-21,9953.3,1.81
2021-12-22,9911.97,-0.42
2021-12-23,9869.53,-0.43
2021-12-24,9851.82,-0.18
2021-12-27,9939.35,0.89
2021-12-28,9898.48,-0.41
2021-12-29,9874.64,-0.24
2021-12-30,9945.18,0.71
2021-12-31,10086.27,1.42
2022-01-04,10295.19,2.07
2022-01-05,10251.82,-0.42
2022-01-06,10337.5,0.83
2022-01-07,10395.84,0.56
2022-01-10,10485.75,0.86
2022-01-11,10515.9,0.29
2022-01-12,10445.09,-0.67
2022-01-13,10381.41,-0.61
2022-01-14,10253.83,-1.23
2022-01-17,10302.91,0.48
2022-01-18,10365.15,0.6
2022-01-19,10422.07,0.55
2022-01-20,10389.93,-0.31
2022-01-21,10271.68,-1.14
2022-01-24,10222.71,-0.48
2022-01-25,9902.67,-3.13
2022-01-26,9976.98,0.75
2022-01-27,9840.15,-1.37
2022-01-28,9828.21,-0.12
2022-02-07,10055.08,2.31
2022-02-08,10285.91,2.3
2022-02-09,10379.06,0.91
2022-02-10,10468.33,0.86
2022-02-11,10394.14,-0.71
2022-02-14,10261.61,-1.27
2022-02-15,10238.64,-0.22
2022-02-16,10307.86,0.68
2022-02-17,10216.96,-0.88
2022-02-18,10390.89,1.7
2022-02-21,10423.65,0.32
2022-02-22,10285.05,-1.33
2022-02-23,10255.72,-0.29
2022-02-24,10050.22,-2.0
2022-02-25,10063.77,0.13
2022-02-28,10039.02,-0.24
2022-03-01,10108.1,0.69
2022-03-02,10182.47,0.73
2022-03-03,10323.92,1.39
2022-03-04,10251.74,-0.7
2022-03-07,10195.56,-0.55
2022-03-08,9910.13,-2.8
2022-03-09,9764.2,-1.47
2022-03-10,9924.77,1.64
2022-03-11,10020.42,0.96
2022-03-14,9892.9,-1.27
2022-03-15,9413.44,-4.85
2022-03-16,9661.86,2.64
2022-03-17,9765.0,1.07
2022-03-18,9988.58,2.29
2022-03-21,10039.54,0.51
2022-03-22,10163.22,1.23
2022-03-23,10155.21,-0.08
2022-03-24,10147.63,-0.07
2022-03-25,10149.6,0.02
2022-03-28,10281.66,1.3
2022-03-29,10258.5,-0.22
2022-03-30,10465.42,2.02
2022-03-31,10522.5,0.54
2022-04-01,10660.44,1.31
2022-04-06,10855.61,1.83
2022-04-07,10579.66,-2.54
2022-04-08,10649.55,0.66
2022-04-11,10471.51,-1.67
2022-04-12,10568.58,0.93
2022-04-13,10440.16,-1.21
2022-04-14,10549.64,1.05
2022-04-15,10512.1,-0.36
2022-04-18,10422.22,-0.85
2022-04-19,10514.25,0.88
2022-04-20,10310.6,-1.94
2022-04-21,10115.08,-1.9
2022-04-22,10197.38,0.81
2022-04-25,9772.51,-4.17
2022-04-26,9651.31,-1.24
2022-04-27,9731.64,0.83
2022-04-28,9811.54,0.82
2022-04-29,10028.47,2.21
2022-05-05,10133.57,1.05
2022-05-06,9912.53,-2.18
2022-05-09,10033.83,1.22
2022-05-10,10148.71,1.14
2022-05-11,10116.06,-0.32
2022-05-12,10100.19,-0.16
2022-05-13,10218.11,1.17
2022-05-16,10225.63,0.07
2022-05-17,10082.9,-1.4
2022-05-18,10026.5,-0.56
2022-05-19,10095.24,0.69
2022-05-20,10124.33,0.29
2022-05-23,10103.01,-0.21
2022-05-24,9829.1,-2.71
2022-05-25,10006.0,1.8
2022-05-26,10099.38,0.93
2022-05-27,10126.73,0.27
2022-05-30,10109.14,-0.17
2022-05-31,10108.86,0.0
2022-06-01,10085.18,-0.23
2022-06-02,10031.29,-0.53
2022-06-06,10008.25,-0.23
2022-06-07,10045.71,0.37
2022-06-08,10010.91,-0.35
2022-06-09,10002.52,-0.08
2022-06-10,10056.83,0.54
2022-06-13,9932.86,-1.23
2022-06-14,10082.41,1.5
2022-06-15,10194.71,1.11
2022-06-16,10058.46,-1.34
2022-06-17,10061.55,0.03
2022-06-20,10061.94,0.0
2022-06-21,10073.43,0.11
2022-06-22,9969.7,-1.03
2022-06-23,10094.47,1.25
2022-06-24,10090.75,-0.04
2022-06-27,10082.69,-0.08
2022-06-28,10178.23,0.95
2022-06-29,10080.27,-0.96
2022-06-30,10093.01,0.13
2022-07-01,10087.73,-0.05
2022-07-04,10090.1,0.02
2022-07-05,10067.55,-0.22
2022-07-06,9943.46,-1.23
2022-07-07,9907.31,-0.36
2022-07-08,9911.62,0.04
2022-07-11,9891.47,-0.2
2022-07-12,9909.37,0.18
2022-07-13,9922.65,0.13
2022-07-14,9813.61,-1.1
2022-07-15,9558.26,-2.6
2022-07-18,9739.91,1.9
2022-07-19,9787.16,0.49
2022-07-20,9824.26,0.38
2022-07-21,9719.24,-1.07
2022-07-22,9729.62,0.11
2022-07-25,9688.29,-0.42
2022-07-26,9750.68,0.64
2022-07-27,9742.71,-0.08
2022-07-28,9757.33,0.15
2022-07-29,9716.08,-0.42
2022-08-01,9704.05,-0.12
2022-08-02,9464.34,-2.47
2022-08-03,9377.16,-0.92
2022-08-04,9430.69,0.57
2022-08-05,9494.01,0.67
2022-08-08,9509.17,0.16
2022-08-09,9484.62,-0.26
2022-08-10,9486.34,0.02
2022-08-11,9639.14,1.61
2022-08-12,9672.4,0.34
2022-08-15,9634.98,-0.39
2022-08-16,9654.5,0.2
2022-08-17,9719.28,0.67
2022-08-18,9638.29,-0.83
2022-08-19,9633.71,-0.05
2022-08-22,9665.49,0.33
2022-08-23,9685.06,0.2
2022-08-24,9571.42,-1.17
2022-08-25,9687.5,1.21
2022-08-26,9664.65,-0.24
2022-08-29,9684.36,0.2
2022-08-30,9733.58,0.51
2022-08-31,9682.09,-0.53
2022-09-01,9696.36,0.15
2022-09-02,9730.4,0.35
2022-09-05,9811.7,0.83
2022-09-06,9869.46,0.59
2022-09-07,9842.52,-0.27
2022-09-08,9842.04,0.0
2022-09-09,9900.4,0.59
2022-09-13,9879.83,-0.21
2022-09-14,9805.06,-0.76
2022-09-15,9792.92,-0.12
2022-09-16,9547.75,-2.5
2022-09-19,9506.18,-0.43
2022-09-20,9496.65,-0.1
2022-09-21,9558.85,0.65
2022-09-22,9486.41,-0.76
2022-09-23,9484.57,-0.02
2022-09-26,9283.84,-2.12
2022-09-27,9406.17,1.32
2022-09-28,9331.19,-0.8
2022-09-29,9245.73,-0.92
2022-09-30,9275.56,0.32
2022-10-10,9256.49,-0.21
2022-10-11,9289.1,0.35
2022-10-12,9404.32,1.24
2022-10-13,9371.03,-0.35
2022-10-14,9482.94,1.19
2022-10-17,9507.84,0.26
2022-10-18,9504.96,-0.03
2022-10-19,9415.92,-0.94
2022-10-20,9382.39,-0.36
2022-10-21,9381.41,-0.01
2022-10-24,9208.46,-1.84
2022-10-25,9180.38,-0.3
2022-10-26,9225.28,0.49
2022-10-27,9263.38,0.41
2022-10-28,9061.68,-2.18
2022-10-31,9006.5,-0.61
2022-11-01,9155.44,1.65
2022-11-02,9187.75,0.35
2022-11-03,9145.96,-0.45
2022-11-04,9281.39,1.48
2022-11-07,9323.67,0.46
2022-11-08,9312.4,-0.12
2022-11-09,9308.69,-0.04
2022-11-10,9340.12,0.34
2022-11-11,9465.34,1.34
2022-11-14,9522.07,0.6
2022-11-15,9596.48,0.78
2022-11-16,9569.11,-0.29
2022-11-17,9612.41,0.45
2022-11-18,9575.46,-0.38
2022-11-21,9520.44,-0.57
2022-11-22,9583.87,0.67
2022-11-23,9617.77,0.35
2022-11-24,9617.36,0.0
2022-11-25,9749.85,1.38
2022-11-28,9710.74,-0.4
2022-11-29,9929.31,2.25
2022-11-30,9944.33,0.15
2022-12-01,9903.93,-0.41
2022-12-02,9908.18,0.04
2022-12-05,10141.89,2.36
2022-12-06,10136.72,-0.05
2022-12-07,10122.51,-0.14
2022-12-08,10124.1,0.01
2022-12-09,10047.46,-0.76
2022-12-12,9942.29,-1.05
2022-12-13,10001.33,0.59
2022-12-14,9968.62,-0.33
2022-12-15,9877.79,-0.91
2022-12-16,9987.0,1.11
2022-12-19,9787.42,-2.0
2022-12-20,9693.3,-0.96
2022-12-21,9704.95,0.12
2022-12-22,9668.11,-0.38
2022-12-23,9629.41,-0.4
2022-12-26,9589.47,-0.41
2022-12-27,9686.35,1.01
2022-12-28,9687.44,0.01
2022-12-29,9602.53,-0.88
2022-12-30,9690.51,0.92
2023-01-03,9725.77,0.36
2023-01-04,9811.5,0.88
2023-01-05,9840.66,0.3
2023-01-06,9807.18,-0.34
2023-01-09,9819.58,0.13
2023-01-10,9764.21,-0.56
2023-01-11,9774.53,0.1
2023-01-12,9753.68,-0.21
2023-01-13,9887.35,1.37
2023-01-16,9972.45,0.86
2023-01-17,9961.54,-0.11
2023-01-18,9982.39,0.21
2023-01-19,10033.23,0.51
2023-01-20,10108.36,0.75
2023-01-30,10109.08,0.01
2023-01-31,10085.68,-0.23
2023-02-01,10158.09,0.72
2023-02-02,10130.32,-0.27
2023-02-03,10058.48,-0.71
2023-02-06,10008.62,-0.5
2023-02-07,10055.91,0.47
2023-02-08,10011.58,-0.44
2023-02-09,10093.66,0.82
2023-02-10,10104.42,0.11
2023-02-13,10187.51,0.82
2023-02-14,10255.83,0.67
2023-02-15,10240.05,-0.15
2023-02-16,10179.2,-0.59
2023-02-17,10144.35,-0.34
2023-02-20,10355.67,2.08
2023-02-21,10446.91,0.88
2023-02-22,10440.07,-0.06
2023-02-23,10454.19,0.14
2023-02-24,10415.83,-0.37
2023-02-27,10360.05,-0.53
2023-02-28,10430.86,0.68
2023-03-01,10521.08,0.86
2023-03-02,10589.27,0.65
2023-03-03,10675.89,0.82
2023-03-06,10636.89,-0.37
2023-03-07,10557.84,-0.74
2023-03-08,10559.33,0.01
2023-03-09,10532.44,-0.25
2023-03-10,10351.14,-1.72
2023-03-13,10465.85,1.11
2023-03-14,10385.99,-0.76
2023-03-15,10527.02,1.36
2023-03-16,10475.22,-0.49
2023-03-17,10592.22,1.12
2023-03-20,10582.47,-0.09
2023-03-21,10571.69,-0.1
2023-03-22,10646.56,0.71
2023-03-23,10684.38,0.36
2023-03-24,10627.22,-0.53
2023-03-27,10530.13,-0.91
2023-03-28,10539.62,0.09
2023-03-29,10481.84,-0.55
2023-03-30,10514.48,0.31
2023-03-31,10550.99,0.35
2023-04-03,10621.56,0.67
2023-04-04,10713.54,0.86
2023-04-06,10673.7,-0.37
2023-04-07,10662.55,-0.1
2023-04-10,10657.9,-0.04
2023-04-11,10727.9,0.66
2023-04-12,10866.83,1.29
2023-04-13,10869.82,0.03
2023-04-14,10845.69,-0.22
2023-04-17,10975.4,1.2
2023-04-18,11025.93,0.46
2023-04-19,11022.53,-0.03
2023-04-20,11104.11,0.74
2023-04-21,10953.38,-1.36
2023-04-24,10992.53,0.36
2023-04-25,11058.37,0.6
2023-04-26,11011.17,-0.43
2023-04-27,11063.78,0.48
2023-04-28,11241.49,1.61
2023-05-04,11531.48,2.58
2023-05-05,11550.31,0.16
2023-05-08,11783.6,2.02
2023-05-09,11689.02,-0.8
2023-05-10,11456.22,-1.99
2023-05-11,11452.62,-0.03
2023-05-12,11378.01,-0.65
2023-05-15,11371.09,-0.06
2023-05-16,11278.41,-0.81
2023-05-17,11255.8,-0.2
2023-05-18,11317.46,0.55
2023-05-19,11158.48,-1.4
2023-05-22,11112.31,-0.41
2023-05-23,10948.19,-1.48
2023-05-24,10784.42,-1.49
2023-05-25,10782.75,-0.01
2023-05-26,10879.4,0.9
2023-05-29,10982.58,0.95
2023-05-30,10992.68,0.09
2023-05-31,10962.4,-0.27
2023-06-01,10960.92,-0.01
2023-06-02,10976.41,0.14
2023-06-05,11043.53,0.61
2023-06-06,10922.09,-1.1
2023-06-07,11028.64,0.97
2023-06-08,11127.86,0.9
2023-06-09,11126.75,-0.01
2023-06-12,11045.19,-0.73
2023-06-13,11005.33,-0.36
2023-06-14,10925.75,-0.72
2023-06-15,10939.24,0.12
2023-06-16,10925.45,-0.13
2023-06-19,10792.0,-1.22
2023-06-20,10713.22,-0.73
2023-06-21,10622.1,-0.85
2023-06-26,10466.01,-1.47
2023-06-27,10640.43,1.67
2023-06-28,10665.11,0.23
2023-06-29,10637.12,-0.26
2023-06-30,10687.35,0.47
2023-07-03,10807.15,1.12
2023-07-04,10755.11,-0.48
2023-07-05,10741.47,-0.13
2023-07-06,10669.5,-0.67
2023-07-07,10715.19,0.43
2023-07-10,10748.06,0.31
2023-07-11,10791.83,0.41
2023-07-12,10711.21,-0.75
2023-07-13,10808.37,0.91
2023-07-14,10812.81,0.04
2023-07-17,10791.89,-0.19
2023-07-18,10792.63,0.01
2023-07-19,10844.86,0.48
2023-07-20,10780.7,-0.59
2023-07-21,10797.32,0.15
2023-07-24,10820.52,0.21
2023-07-25,10980.94,1.48
2023-07-26,11017.91,0.34
2023-07-27,11060.89,0.39
2023-07-28,11284.23,2.02
2023-07-31,11381.08,0.86
2023-08-01,11399.88,0.16
2023-08-02,11334.56,-0.57
2023-08-03,11393.09,0.52
2023-08-04,11389.77,-0.03
2023-08-07,11287.23,-0.9
2023-08-08,11270.2,-0.15
2023-08-09,11236.15,-0.3
2023-08-10,11259.9,0.21
2023-08-11,11060.49,-1.77
2023-08-14,11052.01,-0.08
2023-08-15,11126.12,0.67
2023-08-16,11136.15,0.09
2023-08-17,11130.76,-0.05
2023-08-18,11082.04,-0.44
2023-08-21,10967.12,-1.04
2023-08-22,11021.18,0.49
2023-08-23,10960.5,-0.55
2023-08-24,10883.18,-0.7
2023-08-25,10935.4,0.48
2023-08-28,11087.61,1.39
2023-08-29,11045.57,-0.38
2023-08-30,10931.81,-1.03
2023-08-31,10860.26,-0.65
2023-09-01,10962.52,0.94
2023-09-04,11138.86,1.61
2023-09-05,11039.19,-0.89
2023-09-06,10987.42,-0.47
2023-09-07,10912.45,-0.68
2023-09-08,10819.19,-0.85
2023-09-11,10909.97,0.84
2023-09-12,10914.41,0.04
2023-09-13,10893.78,-0.19
2023-09-14,10966.96,0.67
2023-09-15,10950.3,-0.15
2023-09-18,10964.61,0.13
2023-09-19,11018.08,0.49
2023-09-20,11023.49,0.05
2023-09-21,10936.0,-0.79
2023-09-22,10990.71,0.5
2023-09-25,10968.01,-0.21
2023-09-26,10911.27,-0.52
2023-09-27,10868.27,-0.39
2023-09-28,10880.91,0.12
2023-10-09,10843.55,-0.34
2023-10-10,10753.83,-0.83
2023-10-11,10713.91,-0.37
2023-10-12,10852.42,1.29
2023-10-13,10818.54,-0.31
2023-10-16,10829.04,0.1
2023-10-17,10860.47,0.29
2023-10-18,10758.19,-0.94
2023-10-19,10578.34,-1.67
2023-10-20,10546.09,-0.3
2023-10-23,10368.64,-1.68
2023-10-24,10434.2,0.63
2023-10-25,10580.18,1.4
2023-10-26,10623.96,0.41
2023-10-27,10701.92,0.73
2023-10-30,10638.83,-0.59
2023-10-31,10649.17,0.1
2023-11-01,10645.52,-0.03
2023-11-02,10642.17,-0.03
2023-11-03,10613.76,-0.27
2023-11-06,10621.33,0.07
2023-11-07,10612.87,-0.08
2023-11-08,10556.97,-0.53
2023-11-09,10591.06,0.32
2023-11-10,10570.75,-0.19
2023-11-13,10593.85,0.22
2023-11-14,10629.23,0.33
2023-11-15,10701.16,0.68
2023-11-16,10694.59,-0.06
2023-11-17,10689.82,-0.04
2023-11-20,10722.01,0.3
2023-11-21,10742.69,0.19
2023-11-22,10696.31,-0.43
2023-11-23,10793.45,0.91
2023-11-24,10831.16,0.35
2023-11-27,10775.76,-0.51
2023-11-28,10808.64,0.31
2023-11-29,10724.38,-0.78
2023-11-30,10743.89,0.18
2023-12-01,10779.05,0.33
2023-12-04,10774.58,-0.04
2023-12-05,10672.24,-0.95
2023-12-06,10684.97,0.12
2023-12-07,10645.18,-0.37
2023-12-08,10624.09,-0.2
2023-12-11,10702.69,0.74
2023-12-12,10742.5,0.37
2023-12-13,10686.28,-0.52
2023-12-14,10659.23,-0.25
2023-12-15,10582.41,-0.72
2023-12-18,10537.57,-0.42
2023-12-19,10522.07,-0.15
2023-12-20,10473.44,-0.46
2023-12-21,10466.9,-0.06
2023-12-22,10457.61,-0.09
2023-12-25,10434.84,-0.22
2023-12-26,10425.46,-0.09
2023-12-27,10468.65,0.41
2023-12-28,10511.43,0.41
2023-12-29,10537.04,0.24
2024-01-02,10623.93,0.82
2024-01-03,10711.19,0.82
2024-01-04,10731.06,0.19
2024-01-05,10740.39,0.09
2024-01-08,10602.05,-1.29
2024-01-09,10657.85,0.53
2024-01-10,10616.76,-0.39
2024-01-11,10614.74,-0.02
2024-01-12,10656.18,0.39
2024-01-15,10685.0,0.27
2024-01-16,10724.65,0.37
2024-01-17,10580.43,-1.34
2024-01-18,10488.92,-0.86
2024-01-19,10432.85,-0.53
2024-01-22,10079.1,-3.39
2024-01-23,10168.9,0.89
2024-01-24,10411.76,2.39
2024-01-25,10688.99,2.66
2024-01-26,10806.6,1.1
2024-01-29,10783.71,-0.21
2024-01-30,10621.26,-1.51
2024-01-31,10511.06,-1.04
2024-02-01,10406.18,-1.0
2024-02-02,10314.41,-0.88
2024-02-05,10196.14,-1.15
2024-02-06,10542.51,3.4
2024-02-07,10798.47,2.43
2024-02-08,10863.73,0.6
2024-02-19,10934.72,0.65
2024-02-20,11017.39,0.76
2024-02-21,11044.79,0.25
2024-02-22,11117.81,0.66
2024-02-23,11115.5,-0.02
2024-02-26,10936.0,-1.61
2024-02-27,11002.91,0.61
2024-02-28,10911.66,-0.83
2024-02-29,11054.61,1.31
2024-03-01,11044.38,-0.09
2024-03-04,11035.57,-0.08
2024-03-05,11071.68,0.33
2024-03-06,11058.28,-0.12
2024-03-07,11079.31,0.19
2024-03-08,11138.92,0.54
2024-03-11,11124.36,-0.13
2024-03-12,11004.88,-1.07
2024-03-13,10956.16,-0.44
2024-03-14,10958.81,0.02
2024-03-15,11045.43,0.79
2024-03-18,11067.9,0.2
2024-03-19,10996.34,-0.65
2024-03-20,11021.36,0.23
2024-03-21,11024.02,0.02
2024-03-22,10913.42,-1.0
2024-03-25,10892.62,-0.19
2024-03-26,10930.09,0.34
2024-03-27,10831.14,-0.91
2024-03-28,10836.02,0.04
2024-03-29,10950.23,1.05
2024-04-01,11072.23,1.11
2024-04-02,11151.1,0.71
2024-04-03,11210.43,0.53
2024-04-08,11189.18,-0.19
2024-04-09,11221.38,0.29
2024-04-10,11212.62,-0.08
2024-04-11,11281.35,0.61
2024-04-12,11231.84,-0.44
2024-04-15,11363.94,1.18
2024-04-16,11229.79,-1.18
2024-04-17,11460.15,2.05
2024-04-18,11484.71,0.21
2024-04-19,11576.84,0.8
2024-04-22,11413.1,-1.41
2024-04-23,11252.1,-1.41
2024-04-24,11273.72,0.19
2024-04-25,11352.88,0.7
2024-04-26,11311.39,-0.37
2024-04-29,11345.04,0.3
2024-04-30,11343.26,-0.01
2024-05-06,11510.15,1.47
2024-05-07,11471.89,-0.33
2024-05-08,11410.64,-0.53
2024-05-09,11529.66,1.04
2024-05-10,11550.75,0.18
2024-05-13,11603.53,0.46
2024-05-14,11565.67,-0.33
2024-05-15,11521.64,-0.38
2024-05-16,11531.57,0.09
2024-05-17,11653.61,1.06
2024-05-20,11687.85,0.29
2024-05-21,11675.15,-0.11
2024-05-22,11689.36,0.12
2024-05-23,11519.63,-1.45
2024-05-24,11516.06,-0.03
2024-05-27,11642.12,1.09
2024-05-28,11552.4,-0.77
2024-05-29,11549.19,-0.03
2024-05-30,11498.5,-0.44
2024-05-31,11468.97,-0.26
2024-06-03,11322.63,-1.27
2024-06-04,11405.6,0.73
2024-06-05,11242.85,-1.43
2024-06-06,11157.01,-0.76
2024-06-07,11275.97,1.07
2024-06-11,11113.65,-1.44
2024-06-12,11119.42,0.05
2024-06-13,10960.81,-1.43
2024-06-14,11001.19,0.37
2024-06-17,10906.49,-0.86
2024-06-18,10963.92,0.53
2024-06-19,10907.15,-0.52
2024-06-20,10822.1,-0.78
2024-06-21,10810.28,-0.11
2024-06-24,10682.63,-1.18
2024-06-25,10734.53,0.49
2024-06-26,10767.93,0.31
2024-06-27,10700.23,-0.63
2024-06-28,10740.19,0.37
2024-07-01,10910.35,1.58
2024-07-02,10943.44,0.3
2024-07-03,10901.12,-0.39
2024-07-04,10804.57,-0.89
2024-07-05,10754.27,-0.46
2024-07-08,10658.6,-0.89
2024-07-09,10765.11,1.0
2024-07-10,10652.7,-1.04
2024-07-11,10719.89,0.63
2024-07-12,10728.98,0.08
2024-07-15,10769.3,0.37
2024-07-16,10710.04,-0.55
2024-07-17,10715.38,0.05
2024-07-18,10743.55,0.26
2024-07-19,10688.69,-0.51
2024-07-22,10580.33,-1.01
2024-07-23,10478.23,-0.97
2024-07-24,10467.88,-0.1
2024-07-25,10468.75,0.01
2024-07-26,10464.17,-0.04
2024-07-29,10484.39,0.19
2024-07-30,10464.89,-0.19
2024-07-31,10611.52,1.4
2024-08-01,10594.12,-0.16
2024-08-02,10557.45,-0.35
2024-08-05,10464.96,-0.88
2024-08-06,10463.19,-0.02
2024-08-07,10461.25,-0.02
2024-08-08,10527.4,0.63
2024-08-09,10500.92,-0.25
2024-08-12,10479.99,-0.2
2024-08-13,10512.17,0.31
2024-08-14,10424.72,-0.83
2024-08-15,10517.45,0.89
2024-08-16,10486.56,-0.29
2024-08-19,10575.55,0.85
2024-08-20,10469.99,-1.0
2024-08-21,10384.6,-0.81
2024-08-22,10367.68,-0.16
2024-08-23,10390.26,0.22
2024-08-26,10404.86,0.14
2024-08-27,10383.2,-0.21
2024-08-28,10322.28,-0.59
2024-08-29,10187.47,-1.31
2024-08-30,10214.18,0.26
2024-09-02,10175.81,-0.37
2024-09-03,10139.35,-0.36
2024-09-04,10082.18,-0.56
2024-09-05,10101.9,0.19
2024-09-06,10034.42,-0.67
2024-09-09,9901.1,-1.33
2024-09-10,9885.57,-0.16
2024-09-11,9712.15,-1.75
2024-09-12,9718.41,0.06
2024-09-13,9696.11,-0.23
2024-09-18,9787.2,0.94
2024-09-19,9835.11,0.49
2024-09-20,9814.29,-0.21
2024-09-23,9882.87,0.7
2024-09-24,10269.7,3.91
2024-09-25,10443.71,1.69
2024-09-26,10851.08,3.9
2024-09-27,11030.85,1.66
2024-09-30,11786.94,6.85
2024-10-08,12053.56,2.26
2024-10-09,11153.99,-7.46
2024-10-10,11457.18,2.72
2024-10-11,11268.04,-1.65
2024-10-14,11565.29,2.64
2024-10-15,11295.72,-2.33
2024-10-16,11473.21,1.57
2024-10-17,11277.35,-1.71
2024-10-18,11386.79,0.97
2024-10-21,11301.73,-0.75
2024-10-22,11381.3,0.7
2024-10-23,11432.64,0.45
2024-10-24,11358.23,-0.65
2024-10-25,11396.59,0.34
2024-10-28,11478.24,0.72
2024-10-29,11301.35,-1.54
2024-10-30,11233.83,-0.6
2024-10-31,11256.86,0.2
2024-11-01,11307.91,0.45
2024-11-04,11430.1,1.08
2024-11-05,11624.08,1.7
2024-11-06,11595.32,-0.25
2024-11-07,11914.14,2.75
2024-11-08,11747.38,-1.4
2024-11-11,11683.72,-0.54
2024-11-12,11618.78,-0.56
2024-11-13,11660.46,0.36
2024-11-14,11503.39,-1.35
2024-11-15,11429.16,-0.65
2024-11-18,11594.01,1.44
2024-11-19,11609.08,0.13
2024-11-20,11635.59,0.23
2024-11-21,11641.71,0.05
2024-11-22,11307.49,-2.87
2024-11-25,11337.76,0.27
2024-11-26,11334.48,-0.03
2024-11-27,11449.03,1.01
2024-11-28,11435.8,-0.11
2024-11-29,11509.02,0.64
2024-12-02,11596.57,0.76
2024-12-03,11700.43,0.89
2024-12-04,11672.76,-0.24
2024-12-05,11658.74,-0.12
2024-12-06,11807.62,1.28
2024-12-09,11813.89,0.05
2024-12-10,11823.96,0.08
2024-12-11,11883.05,0.5
2024-12-12,11988.28,0.89
2024-12-13,11752.19,-1.97
2024-12-16,11859.66,0.91
2024-12-17,11822.91,-0.31
2024-12-18,11876.33,0.45
2024-12-19,11778.6,-0.82
2024-12-20,11690.35,-0.75
2024-12-23,11704.91,0.12
2024-12-24,11835.34,1.11
2024-12-25,11902.78,0.57
2024-12-26,11828.28,-0.63
2024-12-27,11893.88,0.55
2024-12-30,11949.86,0.47
2024-12-31,11875.24,-0.62
2025-01-02,11614.7,-2.19
2025-01-03,11521.56,-0.8
2025-01-06,11576.48,0.48
2025-01-07,11525.06,-0.44
2025-01-08,11534.97,0.09
2025-01-09,11374.06,-1.39
2025-01-10,11234.09,-1.23
2025-01-13,11139.04,-0.85
2025-01-14,11307.6,1.51
2025-01-15,11307.83,0.0
2025-01-16,11379.49,0.63
2025-01-17,11377.15,-0.02
2025-01-20,11345.73,-0.28
2025-01-21,11272.89,-0.64
2025-01-22,11171.23,-0.9
2025-01-23,11272.49,0.91
2025-01-24,11331.88,0.53
2025-01-27,11470.99,1.23
2025-02-05,11260.25,-1.84
2025-02-06,11272.25,0.11
2025-02-07,11343.9,0.63
2025-02-10,11339.83,-0.03
2025-02-11,11412.66,0.64
2025-02-12,11409.66,-0.03
2025-02-13,11410.56,0.01
2025-02-14,11421.2,0.09
2025-02-17,11420.83,0.0
2025-02-18,11407.31,-0.12
2025-02-19,11400.07,-0.06
2025-02-20,11344.31,-0.49
2025-02-21,11302.45,-0.37
2025-02-24,11322.24,0.18
2025-02-25,11222.53,-0.88
2025-02-26,11326.74,0.93
2025-02-27,11411.78,0.75
2025-02-28,11340.39,-0.63
2025-03-03,11329.91,-0.09
2025-03-04,11347.22,0.15
2025-03-05,11390.23,0.38
2025-03-06,11373.01,-0.15
2025-03-07,11381.58,0.08
2025-03-10,11361.18,-0.18
2025-03-11,11446.41,0.75
2025-03-12,11376.56,-0.61
2025-03-13,11405.09,0.25
2025-03-14,11508.94,0.91
2025-03-17,11554.33,0.39
2025-03-18,11536.3,-0.16
2025-03-19,11556.72,0.18
2025-03-20,11512.53,-0.38
2025-03-21,11504.85,-0.07
2025-03-24,11558.61,0.47
2025-03-25,11647.3,0.77
2025-03-26,11640.23,-0.06
2025-03-27,11636.98,-0.03
2025-03-28,11577.24,-0.51
2025-03-31,11543.44,-0.29
2025-04-01,11637.2,0.81
2025-04-02,11652.95,0.14
2025-04-03,11702.1,0.42
2025-04-07,10973.18,-6.23
2025-04-08,11284.78,2.84
2025-04-09,11305.61,0.18
2025-04-10,11371.53,0.58
2025-04-11,11309.05,-0.55
2025-04-14,11359.03,0.44
2025-04-15,11422.29,0.56
2025-04-16,11490.05,0.59
2025-04-17,11487.97,-0.02
2025-04-18,11497.4,0.08
2025-04-21,11451.22,-0.4
2025-04-22,11544.0,0.81
2025-04-23,11474.94,-0.6
2025-04-24,11568.53,0.81
2025-04-25,11557.21,-0.1
2025-04-28,11563.87,0.06
2025-04-29,11506.16,-0.5
2025-04-30,11407.27,-0.86
2025-05-06,11431.19,0.21
2025-05-07,11525.55,0.83
2025-05-08,11541.91,0.14
2025-05-09,11600.4,0.51
2025-05-12,11624.27,0.21
2025-05-13,11702.06,0.67
2025-05-14,11765.96,0.55
2025-05-15,11732.98,-0.28
2025-05-16,11651.9,-0.69
2025-05-19,11695.1,0.37
2025-05-20,11717.63,0.19
2025-05-21,11787.07,0.59
2025-05-22,11779.63,-0.06
2025-05-23,11685.32,-0.8
2025-05-26,11609.9,-0.65
2025-05-27,11626.92,0.15
2025-05-28,11663.35,0.31
2025-05-29,11659.92,-0.03
2025-05-30,11679.35,0.17
2025-06-03,11716.25,0.32
2025-06-04,11756.1,0.34
2025-06-05,11691.77,-0.55
2025-06-06,11686.99,-0.04
2025-06-09,11714.79,0.24
2025-06-10,11727.28,0.11
2025-06-11,11758.05,0.26
2025-06-12,11750.41,-0.06
2025-06-13,11611.28,-1.18
2025-06-16,11610.67,-0.01
2025-06-17,11620.38,0.08
2025-06-18,11597.39,-0.2
2025-06-19,11524.63,-0.63
2025-06-20,11565.28,0.35
2025-06-23,11565.39,0.0
2025-06-24,11613.82,0.42
2025-06-25,11675.3,0.53
2025-06-26,11677.49,0.02
2025-06-27,11593.18,-0.72
2025-06-30,11554.79,-0.33
2025-07-01,11633.26,0.68
2025-07-02,11715.11,0.7
2025-07-03,11715.07,0.0
2025-07-04,11788.57,0.63
2025-07-07,11835.77,0.4
2025-07-08,11849.05,0.11
2025-07-09,11907.92,0.5
2025-07-10,11994.13,0.72
2025-07-11,11913.46,-0.67
2025-07-14,11979.3,0.55
2025-07-15,11854.53,-1.04
2025-07-16,11852.46,-0.02
2025-07-17,11835.46,-0.14
2025-07-18,11898.3,0.53
2025-07-21,12018.47,1.01
2025-07-22,12192.49,1.45
2025-07-23,12120.65,-0.59
2025-07-24,12139.34,0.15
2025-07-25,12032.84,-0.88
2025-07-28,11942.03,-0.75
2025-07-29,11911.36,-0.26
2025-07-30,11955.05,0.37
2025-07-31,11756.7,-1.66
2025-08-01,11761.64,0.04
2025-08-04,11801.4,0.34
2025-08-05,11889.91,0.75
2025-08-06,11887.08,-0.02
2025-08-07,11901.55,0.12
2025-08-08,11930.65,0.24
2025-08-11,11900.71,-0.25
2025-08-12,11935.15,0.29
2025-08-13,11893.97,-0.34
2025-08-14,11833.08,-0.51
2025-08-15,11862.32,0.25
2025-08-18,11896.81,0.29
2025-08-19,11907.04,0.08
2025-08-20,12000.21,0.78
2025-08-21,12082.3,0.68
2025-08-22,12060.39,-0.18
2025-08-25,12180.22,0.99
2025-08-26,12169.8,-0.08
2025-08-27,11950.48,-1.8
2025-08-28,11951.66,0.01
2025-08-29,11928.23,-0.2
2025-09-01,11926.5,-0.01
2025-09-02,11943.47,0.14
2025-09-03,11835.45,-0.9
2025-09-04,11841.89,0.05
2025-09-05,11884.8,0.36
2025-09-08,11944.8,0.5
2025-09-09,11972.23,0.23
2025-09-10,11915.28,-0.47
2025-09-11,11971.33,0.47
2025-09-12,11916.26,-0.46
2025-09-15,11862.8,-0.45
2025-09-16,11832.32,-0.26
2025-09-17,11868.67,0.31
2025-09-18,11674.74,-1.63
2025-09-19,11710.67,0.31
2025-09-22,11644.48,-0.56
2025-09-23,11668.18,0.2
2025-09-24,11718.33,0.43
2025-09-25,11666.51,-0.44
2025-09-26,11695.16,0.24
2025-09-29,11723.92,0.24
2025-09-30,11677.91,-0.39
2025-10-09,11817.07,1.19
2025-10-10,11926.09,0.92
2025-10-13,11859.96,-0.55
2025-10-14,11978.57,1.0
2025-10-15,11995.9,0.14
2025-10-16,12014.27,0.15
2025-10-17,11937.78,-0.64
2025-10-20,11969.8,0.27
2025-10-21,12029.4,0.5
2025-10-22,12068.95,0.33
2025-10-23,12145.33,0.63
2025-10-24,12057.58,-0.72
2025-10-27,12094.07,0.3
2025-10-28,12035.36,-0.49
2025-10-29,12026.13,-0.08
2025-10-30,12023.73,-0.02
2025-10-31,12022.31,-0.01
2025-11-03,12135.3,0.94
2025-11-04,12170.56,0.29
2025-11-05,12193.23,0.19
2025-11-06,12258.49,0.53
2025-11-07,12314.13,0.45
2025-11-10,12422.94,0.88
2025-11-11,12433.12,0.08
2025-11-12,12475.21,0.34
2025-11-13,12483.91,0.07
2025-11-14,12417.45,-0.53
2025-11-17,12335.18,-0.66
2025-11-18,12222.45,-0.91
2025-11-19,12242.18,0.16
2025-11-20,12251.15,0.07
2025-11-21,12038.31,-1.74
2025-11-24,11991.3,-0.39
2025-11-25,12050.93,0.5
2025-11-26,12021.31,-0.24
2025-11-27,12031.65,0.09
2025-11-28,12043.48,0.1
2025-12-01,12135.23,0.76
2025-12-02,12173.42,0.31
2025-12-03,12187.55,0.12
2025-12-04,12141.65,-0.38
2025-12-05,12138.08,-0.03
2025-12-08,12091.11,-0.39
2025-12-09,12025.42,-0.54
2025-12-10,11991.4,-0.28
2025-12-11,11902.92,-0.74
2025-12-12,11877.9,-0.21
2025-12-15,11899.04,0.18
2025-12-16,11842.38,-0.48
2025-12-17,11854.19,0.1
2025-12-18,11919.92,0.55
2025-12-19,11915.5,-0.04
2025-12-22,11858.86,-0.47
2025-12-23,11851.04,-0.06
2025-12-24,11877.02,0.22
2025-12-25,11920.76,0.37
2025-12-26,11932.25,0.1
2025-12-29,11853.99,-0.66
2025-12-30,11808.26,-0.39
2025-12-31,11791.31,-0.14
2026-01-05,11813.31,0.19
2026-01-06,11887.38,0.63
2026-01-07,11844.83,-0.36
2026-01-08,11793.73,-0.43
2026-01-09,11829.78,0.31
2026-01-12,11864.95,0.3
2026-01-13,11848.82,-0.14
2026-01-14,11754.71,-0.79
2026-01-15,11734.69,-0.17
2026-01-16,11633.38,-0.86
2026-01-19,11688.78,0.48
2026-01-20,11841.71,1.31
2026-01-21,11765.6,-0.64
2026-01-22,11808.86,0.37
2026-01-23,11805.78,-0.03
2026-01-26,11864.82,0.5
2026-01-27,11785.19,-0.67
2026-01-28,11853.88,0.58
2026-01-29,12060.4,1.74
2026-01-30,11972.76,-0.73
2026-02-02,11796.96,-1.47
2026-02-03,11832.87,0.3
2026-02-04,12012.52,1.52
2026-02-05,12041.67,0.24
2026-02-06,12009.02,-0.27
2026-02-09,12071.87,0.52
2026-02-10,12079.96,0.07
2026-02-11,12093.39,0.11
2026-02-12,12022.86,-0.58
2026-02-13,11893.53,-1.07
2026-02-24,12018.49,1.05
2026-02-25,12021.95,0.03
2026-02-26,12005.1,-0.14
2026-02-27,12068.81,0.53
2026-03-02,12169.5,0.83
2026-03-03,12185.68,0.13
2026-03-04,12017.64,-1.38
2026-03-05,12020.29,0.02
2026-03-06,12110.99,0.75
2026-03-09,12107.17,-0.03
2026-03-10,12104.21,-0.02
2026-03-11,12231.67,1.05
2026-03-12,12297.77,0.54
2026-03-13,12274.68,-0.19
2026-03-16,12267.2,-0.06
2026-03-17,12270.09,0.02
2026-03-18,12215.52,-0.44
2026-03-19,12189.73,-0.21
2026-03-20,12142.24,-0.39
2026-03-23,11731.3,-3.38
2026-03-24,11945.76,1.83
2026-03-25,12058.22,0.94
2026-03-26,12055.92,-0.02
2026-03-27,12015.68,-0.33
2026-03-30,12067.63,0.43
2026-03-31,12034.02,-0.28
2026-04-01,12043.22,0.08
2026-04-02,12078.18,0.29
2026-04-03,11890.68,-1.55
2026-04-07,11872.49,-0.15
2026-04-08,11974.45,0.86
2026-04-09,11873.03,-0.85
2026-04-10,11867.85,-0.04
2026-04-13,11818.35,-0.42
2026-04-14,11851.63,0.28
2026-04-15,11927.38,0.64
2026-04-16,11927.71,0.0
2026-04-17,11865.13,-0.52
2026-04-20,11877.68,0.1
2026-04-21,11968.0,0.76
2026-04-22,11934.28,-0.28
2026-04-23,12023.84,0.75
2026-04-24,11975.39,-0.4
2026-04-27,11901.58,-0.62
2026-04-28,11983.03,0.68
2026-04-29,12023.71,0.34
2026-04-30,11962.71,-0.51
2026-05-06,11953.24,-0.08
2026-05-07,11913.28,-0.33
2026-05-08,11922.56,0.08
2026-05-11,11970.31,0.4
2026-05-12,11951.16,-0.16
2026-05-13,11938.52,-0.1
2026-05-14,11873.51,-0.54
2026-05-15,11809.5,-0.54
2026-05-18,11741.66,-0.57
2026-05-19,11851.12,0.93
2026-05-20,11769.09,-0.69
2026-05-21,11681.59,-0.74
2026-05-22,11632.51,-0.42
2026-05-25,11668.59,0.31
2026-05-26,11672.0,0.03
2026-05-27,11636.9,-0.3
2026-05-28,11538.22,-0.85
2026-05-29,11755.68,1.88
2026-06-01,11948.11,1.64
2026-06-02,11893.73,-0.46
2026-06-03,11793.22,-0.84
2026-06-04,11658.94,-1.14
2026-06-05,11668.6,0.08
2026-06-08,11576.87,-0.79
2026-06-09,11544.0,-0.28
2026-06-10,11565.0,0.18
2026-06-11,11484.43,-0.7
2026-06-12,11598.73,1.0
2026-06-15,11536.2,-0.54
2026-06-16,11358.61,-1.54
2026-06-17,11275.57,-0.73
2026-06-18,11046.66,-2.03
2026-06-22,11074.3,0.25
2026-06-23,11081.97,0.07
2026-06-24,10854.2,-2.05
2026-06-25,10758.49,-0.88
2026-06-26,10608.87,-1.39
2026-06-27,10753.17,1.36
2026-06-29,10753.17,1.36
2026-06-30,10558.92,-1.81
2026-07-01,10716.04,1.49
2026-07-02,10839.01,1.15
2026-07-03,10892.44,0.49
2026-07-06,11057.57,1.52
2026-07-07,10916.81,-1.27
2026-07-08,11016.95,0.92
2026-07-09,10905.92,-1.01
2026-07-10,10929.97,0.22
2026-07-13,11025.22,0.87
2026-07-14,11122.67,0.88
2026-07-15,11297.34,1.57
2026-07-16,11280.3,-0.15
2026-07-17,11245.35,-0.31
2026-07-20,11504.38,2.3
2026-07-21,11393.91,-0.96
2026-07-22,11423.95,0.26
2026-07-23,11458.15,0.3
2026-07-24,11337.73,-1.05
2026-07-27,11383.13,0.4
2026-07-28,11451.06,0.6
2026-07-29,11613.72,1.42
2026-07-30,11790.34,1.52
2026-07-31,11716.5,-0.63
2026-08-03,11753.61,0.32
2026-08-04,11525.07,-1.94
2026-08-05,11390.08,-1.17
