date,open,close,high,low,vol
2010-06-02,967.609,997.119,997.120,952.610,1074627.000
2010-06-03,1002.355,998.394,1026.700,997.770,1616805.000
2010-06-04,989.681,1027.681,1027.680,986.500,1500295.000
2010-06-07,1005.028,1069.468,1075.220,1001.700,2655275.000
2010-06-08,1067.324,1067.154,1075.500,1050.960,1976720.000
2010-06-09,1070.852,1077.823,1102.100,1069.430,2541568.000
2010-06-10,1077.675,1117.478,1119.110,1076.280,2197404.000
2010-06-11,1122.443,1122.199,1128.230,1118.710,2224874.000
2010-06-17,1126.130,1064.839,1129.680,1064.840,1764283.000
2010-06-18,1052.067,1000.277,1053.140,993.170,1630650.000
2010-06-21,991.957,1040.802,1043.160,976.410,1574797.000
2010-06-22,1037.039,1034.995,1057.370,1033.650,1427162.000
2010-06-23,1026.865,1047.337,1056.350,1023.740,1257359.000
2010-06-24,1046.759,1050.601,1059.750,1041.540,1069132.000
2010-06-25,1046.212,1016.283,1046.210,999.160,1237298.000
2010-06-28,1009.223,987.827,1014.410,984.220,920673.000
2010-06-29,985.572,913.309,992.230,912.540,1497799.000
2010-06-30,898.291,919.314,921.810,881.360,1223661.000
2010-07-01,914.395,882.19,921.210,882.190,1049572.000
2010-07-02,878.951,873.12,885.340,832.620,1288833.000
2010-07-05,857.369,862.268,870.860,842.730,915864.000
2010-07-06,859.258,893.718,898.450,857.800,1165231.000
2010-07-07,896.532,908.549,908.550,890.340,1046162.000
2010-07-08,911.997,905.509,914.300,887.030,1098087.000
2010-07-09,903.496,932.147,936.530,896.890,1451460.000
2010-07-12,931.530,930.17,941.070,924.060,1263600.000
2010-07-13,924.948,931.08,936.640,906.300,1468657.000
2010-07-14,929.749,922.362,937.930,916.070,1423586.000
2010-07-15,920.046,892.557,930.550,892.560,1175880.000
2010-07-16,885.067,892.298,895.060,869.020,1009312.000
2010-07-19,881.656,908.049,910.180,878.070,938802.000
2010-07-20,909.543,937.017,937.540,909.540,1365808.000
2010-07-21,940.097,941.25,959.040,938.160,1665745.000
2010-07-22,938.218,950.209,950.210,932.020,1326602.000
2010-07-23,951.840,960.588,964.740,948.130,1721251.000
2010-07-26,962.760,966.154,966.730,954.760,1476035.000
2010-07-27,963.544,957.967,968.040,955.730,1361821.000
2010-07-28,955.188,972.534,972.530,954.520,1566182.000
2010-07-29,974.295,975.362,982.010,965.610,1794193.000
2010-07-30,971.663,968.431,971.660,955.920,1458486.000
2010-08-02,968.450,994.228,994.230,968.450,1810364.000
2010-08-03,995.195,975.645,996.260,975.640,1757058.000
2010-08-04,971.407,978.014,978.010,955.930,1446165.000
2010-08-05,980.270,987.351,998.100,978.330,1770399.000
2010-08-06,987.967,1011.39,1011.390,985.630,1899061.000
2010-08-09,1013.240,1032.34,1032.340,1013.240,2091995.000
2010-08-10,1031.978,993.992,1034.330,993.990,2177071.000
2010-08-11,991.278,1004.637,1006.450,990.940,1615078.000
2010-08-12,994.052,991.777,1007.580,987.980,1689189.000
2010-08-13,992.626,1007.206,1007.520,986.620,1471798.000
2010-08-16,1007.498,1030.217,1031.050,1005.050,1880400.000
2010-08-17,1031.075,1033.581,1036.820,1023.080,1800777.000
2010-08-18,1033.707,1026.722,1035.610,1018.500,1643501.000
2010-08-19,1026.983,1025.526,1033.250,1021.700,1624534.000
2010-08-20,1021.458,995.944,1022.450,993.560,1870224.000
2010-08-23,994.938,995.613,1001.180,991.520,1456014.000
2010-08-24,993.576,1004.985,1007.760,987.220,1608155.000
2010-08-25,1000.269,976.878,1002.330,976.555,2166638.420
2010-08-26,978.600,980.63,984.870,973.000,1700767.000
2010-08-27,978.510,999.46,1000.860,975.720,2173480.000
2010-08-30,1002.990,1024.93,1025.150,1002.990,2358186.000
2010-08-31,1020.750,1025.57,1029.800,1015.130,2175334.000
2010-09-01,1025.680,995.59,1029.810,987.590,2400153.000
2010-09-02,1001.600,1014.92,1018.280,996.520,2758003.000
2010-09-03,1017.640,1036.7,1045.210,1017.510,3186012.000
2010-09-06,1039.460,1010.76,1043.240,1007.430,2546962.000
2010-09-07,1010.110,1022.62,1022.620,1007.640,1686002.000
2010-09-08,1020.230,1026.33,1027.640,1016.840,1801644.000
2010-09-09,1029.110,1021.83,1040.670,1019.690,2365284.000
2010-09-10,1021.870,1034.94,1037.510,1016.190,2210901.000
2010-09-13,1034.390,1042.48,1045.390,1033.250,2010292.000
2010-09-14,1044.300,1031.22,1046.130,1028.770,1940841.000
2010-09-15,1029.520,990.1,1030.020,987.050,2216464.000
2010-09-16,989.490,972.6,994.950,964.530,1717924.000
2010-09-17,976.070,972.23,981.730,967.550,1450030.000
2010-09-20,972.450,949.2,975.260,947.410,1292681.000
2010-09-21,952.070,934.46,953.830,930.250,1107187.000
2010-09-27,936.210,950.67,951.840,930.860,1079437.000
2010-09-28,949.630,942.05,949.890,939.630,1666173.000
2010-09-29,941.270,926.76,944.170,924.410,1230242.000
2010-09-30,923.830,942.54,942.540,921.360,1099209.000
2010-10-08,946.470,959.86,963.180,945.620,1511188.000
2010-10-11,960.910,947.11,961.170,941.910,1852470.000
2010-10-12,946.630,951.79,959.980,945.010,1510895.000
2010-10-13,951.330,962.74,962.740,940.650,2209485.000
2010-10-14,963.290,958.49,975.910,956.860,1994136.000
2010-10-15,954.120,944.25,957.770,937.120,1884787.000
2010-10-18,941.870,932.36,941.870,913.820,1787335.000
2010-10-19,932.830,995.92,1005.590,932.320,3333809.000
2010-10-20,986.650,1004.54,1024.580,986.030,3438174.000
2010-10-21,1001.680,991.84,1001.680,983.660,2161944.000
2010-10-22,991.140,1013.45,1023.700,991.140,2377733.000
2010-10-25,1018.080,1039.05,1043.090,1018.080,2729464.000
2010-10-26,1041.530,1036.01,1041.910,1020.940,2967923.000
2010-10-27,1034.860,1030.59,1048.560,1028.700,2443831.000
2010-10-28,1024.700,1038.62,1038.620,1023.490,2269392.000
2010-10-29,1042.400,1064.52,1069.750,1042.400,3097404.000
2010-11-01,1071.630,1107.52,1113.620,1071.630,3754825.000
2010-11-02,1108.090,1075.15,1108.090,1074.580,3292637.000
2010-11-03,1063.200,1040.62,1063.200,1040.550,2224595.000
2010-11-04,1041.420,1057.71,1057.710,1037.240,1759113.000
2010-11-05,1067.870,1072.22,1072.220,1058.260,2237335.000
2010-11-08,1077.500,1107.06,1107.060,1077.500,2579173.000
2010-11-09,1110.430,1115.65,1117.520,1102.010,2622116.000
2010-11-10,1115.740,1141.58,1147.480,1113.750,2974084.000
2010-11-11,1137.080,1132.72,1163.700,1132.360,3180996.000
2010-11-12,1126.850,1082.24,1140.630,1080.270,3612339.000
2010-11-15,1087.810,1148.54,1148.540,1086.520,2981080.000
2010-11-16,1154.410,1126.18,1175.310,1111.500,3964587.000
2010-11-17,1115.120,1085.35,1132.860,1080.930,2829795.000
2010-11-18,1090.140,1102.84,1102.840,1077.060,2238790.000
2010-11-19,1106.750,1153.17,1153.170,1105.590,3233615.000
2010-11-22,1153.260,1174.94,1194.200,1151.760,4025388.000
2010-11-23,1172.060,1183.5,1183.840,1148.810,2898766.000
2010-11-24,1176.420,1208.45,1208.450,1174.680,2869098.000
2010-11-25,1212.770,1186.36,1215.740,1177.830,2832584.000
2010-11-26,1184.800,1196.02,1200.500,1179.280,2350441.000
2010-11-29,1195.310,1220.11,1221.740,1193.410,2685259.000
2010-11-30,1219.080,1181.5,1219.120,1146.970,3163257.000
2010-12-01,1176.610,1177.18,1182.570,1169.890,1612221.000
2010-12-02,1187.100,1177.84,1192.800,1177.810,1767132.000
2010-12-03,1177.170,1157.94,1178.670,1148.090,1702613.000
2010-12-06,1157.720,1134.38,1159.300,1124.940,1562358.000
2010-12-07,1132.330,1161.69,1162.580,1123.760,1280460.000
2010-12-08,1160.920,1160.24,1176.420,1158.100,1345852.000
2010-12-09,1158.820,1144.53,1160.910,1144.180,1806955.000
2010-12-10,1139.830,1166.8,1167.680,1136.330,1569302.000
2010-12-13,1175.510,1209.27,1210.750,1175.510,2301380.000
2010-12-14,1211.460,1218.52,1219.710,1204.660,2047676.000
2010-12-15,1217.810,1211.8,1224.050,1209.290,2319263.000
2010-12-16,1209.620,1225.03,1233.620,1209.340,2127810.000
2010-12-17,1222.930,1232.98,1233.390,1222.930,2059515.000
2010-12-20,1235.670,1212.34,1239.600,1180.530,2702385.000
2010-12-21,1212.090,1215.02,1222.300,1204.480,1885949.000
2010-12-22,1214.770,1201.65,1215.790,1199.680,2109499.000
2010-12-23,1198.740,1176.36,1200.760,1175.860,1877144.000
2010-12-24,1170.690,1144.5,1170.690,1140.130,1630336.000
2010-12-27,1145.700,1105.3,1154.530,1100.520,1567896.000
2010-12-28,1098.940,1091.48,1099.180,1080.400,1439567.000
2010-12-29,1091.820,1113.31,1113.310,1091.820,1615975.000
2010-12-30,1113.560,1117.21,1122.410,1106.430,1409447.000
2010-12-31,1117.360,1137.66,1138.470,1117.360,1391123.000
2011-01-04,1142.170,1155.11,1155.520,1140.040,1695881.000
2011-01-05,1153.910,1155.35,1159.120,1146.380,1683527.000
2011-01-06,1153.630,1134.79,1159.410,1134.090,1559129.000
2011-01-07,1132.730,1126.52,1139.780,1119.610,1974030.000
2011-01-10,1124.340,1093.77,1124.340,1089.060,1591818.000
2011-01-11,1089.990,1078.36,1089.990,1068.400,1376431.000
2011-01-12,1083.120,1089.67,1095.520,1071.090,1234470.000
2011-01-13,1094.830,1093.86,1097.100,1089.670,1776971.000
2011-01-14,1092.090,1067.42,1092.090,1065.750,1534370.000
2011-01-17,1066.440,1028.16,1066.990,1025.660,1701014.000
2011-01-18,1021.840,1025.72,1029.860,1014.630,1018064.000
2011-01-19,1025.930,1048.54,1048.600,1023.150,1178339.000
2011-01-20,1047.770,1020.39,1051.520,1020.290,1442281.000
2011-01-21,1014.720,1024.51,1033.520,1013.270,1254321.000
2011-01-24,1024.790,994.97,1029.330,994.260,1315743.000
2011-01-25,992.570,979.0,992.570,968.320,1421063.000
2011-01-26,978.070,995.74,995.780,977.850,1161020.000
2011-01-27,991.060,1013.02,1015.050,984.790,1186127.000
2011-01-28,1013.640,1020.94,1023.630,1011.300,998536.000
2011-01-31,1021.630,1029.12,1030.190,1014.400,1211559.000
2011-02-01,1029.670,1032.6,1034.140,1026.900,1447715.000
2011-02-09,1026.450,1025.15,1037.840,1021.790,1287175.000
2011-02-10,1026.250,1063.95,1063.950,1024.710,1833971.000
2011-02-11,1067.190,1071.58,1075.590,1065.150,1858216.000
2011-02-14,1072.310,1086.56,1087.310,1072.310,2085430.000
2011-02-15,1086.800,1087.72,1097.560,1082.270,2692483.000
2011-02-16,1086.770,1107.24,1107.240,1083.850,2430058.000
2011-02-17,1108.630,1115.33,1116.960,1103.890,2407534.000
2011-02-18,1114.450,1100.46,1114.690,1098.580,2314419.000
2011-02-21,1096.170,1117.67,1117.670,1094.430,2338857.000
2011-02-22,1118.610,1088.27,1122.180,1087.010,3202336.000
2011-02-23,1088.080,1114.05,1117.290,1087.860,2313215.000
2011-02-24,1112.430,1101.95,1112.720,1094.620,13193.000
2011-02-25,1098.110,1095.1,1098.730,1085.800,1966280.000
2011-02-28,1096.340,1099.78,1099.780,1087.590,1903786.000
2011-03-01,1100.810,1098.0,1102.550,1091.980,2101515.000
2011-03-02,1094.970,1088.9,1096.090,1077.650,1797659.000
2011-03-03,1088.890,1064.31,1091.890,1062.370,1799709.000
2011-03-04,1063.430,1071.86,1071.860,1056.560,1471274.000
2011-03-07,1073.930,1078.11,1078.110,1069.930,1770028.000
2011-03-08,1079.530,1084.82,1085.310,1074.100,2526986.000
2011-03-09,1084.700,1087.3,1087.300,1075.460,2453239.000
2011-03-10,1088.340,1093.9,1103.540,1087.560,2564247.000
2011-03-11,1090.210,1101.76,1113.010,1088.650,2755355.000
2011-03-14,1099.320,1107.54,1107.540,1095.900,2543075.000
2011-03-15,1108.200,1094.95,1108.200,1078.230,2786249.000
2011-03-16,1094.120,1102.21,1102.670,1094.120,2621254.000
2011-03-17,1096.220,1078.37,1096.220,1074.870,2579187.000
2011-03-18,1081.600,1083.6,1088.310,1079.560,1714087.000
2011-03-21,1083.150,1070.6,1084.550,1068.310,1675007.000
2011-03-22,1072.390,1067.29,1074.080,1057.860,1846559.000
2011-03-23,1066.170,1076.56,1076.560,1064.590,1762140.000
2011-03-24,1078.020,1077.99,1081.590,1074.040,1872127.000
2011-03-25,1077.340,1072.34,1078.020,1069.380,1977720.000
2011-03-28,1072.890,1052.11,1074.410,1051.020,2287752.000
2011-03-29,1050.290,1019.04,1050.290,1017.880,2763171.000
2011-03-30,1017.160,1006.37,1019.170,1004.380,1944158.000
2011-03-31,1006.720,1008.3,1019.320,1005.370,1590416.000
2011-04-01,1006.040,1015.08,1015.080,1002.860,1294019.000
2011-04-06,1011.680,994.26,1011.820,992.310,1541654.000
2011-04-07,993.380,1004.41,1004.410,992.430,1773952.000
2011-04-08,1004.140,1019.14,1019.140,1002.380,1569267.000
2011-04-11,1021.300,1002.8,1022.560,1002.430,1710574.000
2011-04-12,1000.770,1000.16,1007.250,997.750,1354872.000
2011-04-13,999.530,1020.75,1020.750,998.520,1508995.000
2011-04-14,1021.100,1016.62,1021.460,1013.990,1412610.000
2011-04-15,1015.970,1010.06,1016.150,1002.640,1777145.000
2011-04-18,1008.480,1003.26,1010.660,1000.180,1524246.000
2011-04-19,1000.880,994.3,1000.880,986.900,1759370.000
2011-04-20,993.940,1008.18,1009.500,991.880,1687702.000
2011-04-21,1007.980,1010.56,1017.700,1006.910,2388192.000
2011-04-22,1008.170,1004.65,1008.300,1000.920,1893595.000
2011-04-25,1001.080,975.17,1001.080,974.980,1990286.000
2011-04-26,970.960,958.29,973.560,954.980,1969918.000
2011-04-27,956.770,942.54,961.640,936.990,1827124.000
2011-04-28,941.200,904.15,944.700,903.030,1934849.000
2011-04-29,901.160,912.72,912.720,897.200,1317671.000
2011-05-03,911.790,922.07,923.060,907.280,1226499.000
2011-05-04,919.670,903.98,919.670,901.920,1270601.000
2011-05-05,901.470,914.59,919.600,900.350,1473808.000
2011-05-06,910.140,918.28,920.770,904.740,1334006.000
2011-05-09,920.120,931.77,935.900,920.120,1557071.000
2011-05-10,932.880,931.21,933.240,925.040,1267213.000
2011-05-11,931.510,929.95,933.280,923.260,1596040.000
2011-05-12,927.150,909.26,927.150,909.140,1646752.000
2011-05-13,909.240,909.77,912.610,897.800,1544289.000
2011-05-16,911.340,906.34,916.020,906.080,1332883.000
2011-05-17,903.980,895.15,904.480,890.360,1624413.000
2011-05-18,891.990,890.79,894.890,888.170,1744464.000
2011-05-19,891.480,884.89,895.540,883.870,1448972.000
2011-05-20,884.060,875.43,884.330,873.870,1416626.000
2011-05-23,873.310,840.9,873.590,840.650,2047422.000
2011-05-24,836.790,870.94,876.600,828.500,2782844.000
2011-05-25,867.680,842.35,867.680,842.120,2176375.000
2011-05-26,843.620,830.92,852.980,830.640,1741445.000
2011-05-27,830.600,822.94,835.870,819.870,1849514.000
2011-05-30,819.870,834.32,844.970,816.390,2335782.000
2011-05-31,836.350,846.32,846.320,828.660,2499466.000
2011-06-01,846.480,851.17,852.660,843.290,2358778.000
2011-06-02,841.520,833.74,841.520,823.100,2095702.000
2011-06-03,833.440,847.54,849.730,832.530,1958064.000
2011-06-07,845.250,847.71,848.220,842.460,1598940.000
2011-06-08,846.670,844.98,846.920,836.990,2043436.000
2011-06-09,843.580,828.02,843.580,828.020,2017611.000
2011-06-10,825.550,824.03,826.540,811.090,1785816.000
2011-06-13,820.240,829.36,833.250,811.390,1614046.000
2011-06-14,829.510,838.47,840.690,829.270,1703028.000
2011-06-15,837.530,827.53,840.530,826.940,2073052.000
2011-06-16,822.370,810.71,822.550,809.930,1731523.000
2011-06-17,809.160,802.64,813.210,801.300,1428628.000
2011-06-20,800.620,791.76,800.620,787.570,1477888.000
2011-06-21,791.990,795.61,796.850,786.330,1508401.000
2011-06-22,797.420,791.51,798.240,788.560,1847725.000
2011-06-23,790.700,814.44,815.780,783.860,3043269.000
2011-06-24,812.300,832.32,835.300,810.580,3506956.000
2011-06-27,832.620,843.86,850.390,832.620,3397416.000
2011-06-28,843.980,844.18,844.960,836.940,2329661.000
2011-06-29,844.850,836.38,850.360,836.380,2870804.000
2011-06-30,834.820,845.92,846.880,834.820,2412281.000
2011-07-01,847.540,855.27,862.340,847.540,3052681.000
2011-07-04,856.500,876.17,876.170,856.500,3605971.000
2011-07-05,877.520,883.42,885.780,876.900,3429034.000
2011-07-06,881.600,894.28,894.280,877.820,4005587.000
2011-07-07,893.600,899.8,911.870,891.730,4980368.000
2011-07-08,899.470,894.91,902.050,888.220,3350704.000
2011-07-11,894.070,903.31,903.900,889.820,3138543.000
2011-07-12,895.490,891.52,898.980,888.580,4134161.000
2011-07-13,890.300,913.09,913.090,890.300,3773358.000
2011-07-14,913.490,932.78,932.780,913.490,5124319.000
2011-07-15,935.540,951.14,951.400,933.490,6429022.000
2011-07-18,952.030,946.12,959.270,944.100,4886468.000
2011-07-19,940.420,927.3,940.420,924.090,4242889.000
2011-07-20,932.210,930.83,937.750,920.220,3652248.000
2011-07-21,930.260,915.37,930.890,915.370,3321787.000
2011-07-22,917.630,923.99,929.930,917.630,3272156.000
2011-07-25,920.850,887.06,920.850,884.100,4313444.000
2011-07-26,884.020,892.54,892.540,878.160,2911907.000
2011-07-27,890.030,915.55,917.160,883.970,3884076.000
2011-07-28,907.250,919.4,920.030,902.500,3749075.000
2011-07-29,919.530,913.28,924.840,910.240,3734791.000
2011-08-01,911.940,927.38,931.370,910.980,3717874.000
2011-08-02,923.090,932.12,932.120,905.010,4822299.000
2011-08-03,922.810,945.51,951.590,918.640,6078198.000
2011-08-04,944.830,937.47,950.030,935.410,4490789.000
2011-08-05,905.160,919.18,926.620,899.320,4278637.000
2011-08-08,908.080,877.44,913.320,859.160,4853829.000
2011-08-09,849.000,878.76,884.840,835.280,4248659.000
2011-08-10,891.220,891.75,901.860,889.860,4152964.000
2011-08-11,873.120,915.49,915.490,870.290,4790986.000
2011-08-12,920.290,926.3,932.780,920.290,4554967.000
2011-08-15,928.980,942.48,946.800,928.980,4478420.000
2011-08-16,942.950,933.14,944.870,929.790,4114517.000
2011-08-17,932.010,936.16,941.450,926.020,4004712.000
2011-08-18,934.580,915.68,935.110,915.260,3953249.000
2011-08-19,895.650,912.42,912.420,891.800,4432501.000
2011-08-22,913.600,910.61,925.390,907.860,4341367.000
2011-08-23,912.350,936.42,936.420,912.350,5674449.000
2011-08-24,940.420,940.2,954.230,939.280,6468434.000
2011-08-25,942.640,942.94,943.720,927.360,5311157.000
2011-08-26,940.530,952.81,954.720,937.970,5508088.000
2011-08-29,951.550,954.03,959.670,947.720,5130036.000
2011-08-30,957.290,934.18,960.150,933.820,4772780.000
2011-08-31,931.790,921.49,936.100,911.820,3969353.000
2011-09-01,921.970,917.75,930.190,913.160,3455754.000
2011-09-02,916.070,909.85,918.590,902.480,3296039.000
2011-09-05,902.370,883.87,902.370,883.460,3247565.000
2011-09-06,876.710,874.74,884.610,869.810,3094362.000
2011-09-07,877.870,899.61,899.610,877.780,3146188.000
2011-09-08,903.250,891.93,909.880,891.520,3276209.000
2011-09-09,889.470,881.58,895.840,877.530,2616606.000
2011-09-13,870.040,861.92,870.040,858.910,2287849.000
2011-09-14,864.080,876.95,877.040,855.340,2420365.000
2011-09-15,877.930,875.86,885.710,875.670,2623923.000
2011-09-16,878.560,874.88,883.100,873.550,2803521.000
2011-09-19,871.880,854.71,871.880,854.640,2374811.000
2011-09-20,850.970,856.81,861.180,846.030,2097516.000
2011-09-21,856.800,881.03,881.560,854.290,3279914.000
2011-09-22,876.250,852.92,879.100,852.920,3121393.000
2011-09-23,840.170,843.48,848.270,833.770,2640321.000
2011-09-26,842.000,829.35,848.820,826.830,2248383.000
2011-09-27,833.640,830.88,839.190,822.840,2753487.000
2011-09-28,834.030,817.52,838.330,814.340,2458248.000
2011-09-29,813.260,791.89,813.260,791.050,2625983.000
2011-09-30,792.760,791.13,796.480,781.790,1950389.000
2011-10-10,792.970,790.04,796.860,786.840,1621991.000
2011-10-11,806.700,786.15,812.450,778.050,2572308.000
2011-10-12,783.430,816.14,817.020,773.920,3644532.000
2011-10-13,816.530,833.02,835.630,814.630,4197492.000
2011-10-14,830.480,830.2,833.030,819.980,3330833.000
2011-10-17,832.860,832.29,839.260,826.810,3697721.000
2011-10-18,826.530,806.6,828.170,806.000,3930548.000
2011-10-19,807.210,804.44,813.950,798.800,3006662.000
2011-10-20,801.030,778.95,801.030,771.150,3368182.000
2011-10-21,777.030,763.29,779.460,760.160,2590864.000
2011-10-24,761.430,772.41,772.960,741.330,3335606.000
2011-10-25,770.840,797.86,799.100,769.280,4508874.000
2011-10-26,794.290,811.13,820.810,791.000,6050439.000
2011-10-27,810.720,810.92,821.290,807.120,5078367.000
2011-10-28,820.420,833.42,833.730,813.930,5755198.000
2011-10-31,834.300,852.8,852.800,831.500,6252855.000
2011-11-01,843.800,853.36,855.350,840.050,6301051.000
2011-11-02,837.070,881.05,881.050,833.900,8516045.000
2011-11-03,885.870,877.66,898.310,877.660,9918096.000
2011-11-04,881.620,882.25,887.670,876.440,6660408.000
2011-11-07,880.150,878.76,889.340,876.540,5225319.000
2011-11-08,878.450,862.36,879.900,861.380,5445643.000
2011-11-09,866.910,891.12,891.120,860.750,6883980.000
2011-11-10,881.690,895.27,911.730,878.990,10350637.000
2011-11-11,893.720,891.19,901.800,885.590,7667414.000
2011-11-14,899.110,915.98,917.270,899.110,8111971.000
2011-11-15,916.620,920.97,922.810,912.810,7390361.000
2011-11-16,921.300,893.51,922.070,888.880,7071703.000
2011-11-17,893.790,898.34,911.900,890.820,6529090.000
2011-11-18,892.630,869.19,892.740,868.260,6104312.000
2011-11-21,866.980,863.13,868.310,849.560,4658928.000
2011-11-22,856.200,868.43,868.480,852.040,4089330.000
2011-11-23,868.780,864.81,874.300,863.060,4401077.000
2011-11-24,856.670,868.14,874.920,852.000,4339727.000
2011-11-25,866.990,863.49,874.470,860.630,4199906.000
2011-11-28,864.380,866.84,871.280,858.460,3976936.000
2011-11-29,872.200,880.31,880.310,866.740,4643474.000
2011-11-30,878.680,838.11,878.680,824.950,5836484.000
2011-12-01,861.540,852.87,872.340,852.870,5721672.000
2011-12-02,849.180,828.97,849.180,825.080,3980349.000
2011-12-05,825.600,791.39,826.090,790.290,3384285.000
2011-12-06,788.430,798.1,801.930,783.280,3163314.000
2011-12-07,797.180,802.62,806.420,794.360,3027376.000
2011-12-08,799.480,809.43,819.970,788.620,4313035.000
2011-12-09,802.130,798.84,812.170,796.190,3100104.000
2011-12-12,798.810,790.79,803.740,789.790,2535366.000
2011-12-13,787.080,769.55,787.080,765.830,1912966.000
2011-12-14,766.180,757.04,773.770,756.960,2645468.000
2011-12-15,751.550,751.39,756.810,743.270,2401145.000
2011-12-16,745.520,778.78,778.780,745.520,4329477.000
2011-12-19,774.650,793.44,793.440,767.070,5077001.000
2011-12-20,791.820,781.42,799.660,780.920,4050591.000
2011-12-21,786.980,761.34,791.230,760.920,3864116.000
2011-12-22,754.480,757.9,767.320,727.740,4661591.000
2011-12-23,754.890,761.44,770.380,750.960,3634598.000
2011-12-26,760.670,753.05,769.920,751.610,2920371.000
2011-12-27,749.610,727.17,749.920,725.110,3309758.000
2011-12-28,721.840,717.55,721.840,700.110,3184213.000
2011-12-29,714.580,716.55,722.200,710.650,2826756.000
2011-12-30,718.030,729.5,730.530,718.030,3107814.000
2012-01-04,734.740,707.11,737.910,707.110,3199979.000
2012-01-05,700.320,666.91,701.040,665.410,4016076.000
2012-01-06,662.650,669.02,672.130,645.800,3237513.000
2012-01-09,667.850,692.42,692.420,657.180,4139809.000
2012-01-10,691.650,716.45,718.290,690.500,5745642.000
2012-01-11,715.040,717.94,728.660,710.530,4991163.000
2012-01-12,715.820,709.89,724.080,708.670,3943702.000
2012-01-13,709.050,666.08,709.630,665.260,4993608.000
2012-01-16,657.800,633.91,657.800,633.310,3313455.000
2012-01-17,630.780,662.69,664.700,623.640,4536489.000
2012-01-18,662.940,624.91,665.600,621.670,4788498.000
2012-01-19,621.650,632.8,637.020,612.280,4378062.000
2012-01-20,634.830,646.38,648.140,634.570,3794610.000
2012-01-30,649.420,651.25,660.060,644.880,3696327.000
2012-01-31,649.370,648.68,650.490,637.430,3122930.000
2012-02-01,647.490,650.78,663.270,644.580,3643957.000
2012-02-02,652.060,665.4,665.400,652.060,3948430.000
2012-02-03,665.350,680.04,681.890,663.010,5084726.000
2012-02-06,681.040,686.51,689.960,680.700,4913461.000
2012-02-07,683.880,673.68,683.880,669.540,4022295.000
2012-02-08,673.070,692.3,692.300,669.620,4690440.000
2012-02-09,692.360,697.79,705.700,690.680,5973568.000
2012-02-10,696.530,698.85,703.090,693.750,4682200.000
2012-02-13,694.230,714.96,718.670,690.530,5579600.000
2012-02-14,714.750,712.3,717.770,707.970,4136396.000
2012-02-15,711.620,724.75,724.750,707.140,5543245.000
2012-02-16,723.430,721.83,731.450,714.400,6034967.000
2012-02-17,722.620,717.8,726.940,709.230,4661936.000
2012-02-20,726.880,721.1,731.410,720.970,5648109.000
2012-02-21,719.290,736.88,736.880,713.650,6682663.000
2012-02-22,737.780,759.56,759.560,737.780,8969181.000
2012-02-23,760.670,756.9,765.410,748.610,8406383.000
2012-02-24,756.160,762.29,764.740,755.190,7390735.000
2012-02-27,763.960,760.37,771.290,760.240,8006043.000
2012-02-28,757.450,747.77,758.170,737.370,7978856.000
2012-02-29,747.220,735.34,748.090,734.240,5904584.000
2012-03-01,734.250,743.15,748.800,733.780,5005155.000
2012-03-02,743.850,757.67,757.670,743.850,5487446.000
2012-03-05,759.650,759.37,766.750,758.830,6271369.000
2012-03-06,758.080,750.84,758.720,743.600,6023767.000
2012-03-07,743.050,749.27,759.450,740.610,5943515.000
2012-03-08,751.980,761.7,764.000,751.980,5558078.000
2012-03-09,764.480,777.69,777.690,763.720,6901048.000
2012-03-12,779.510,786.05,786.050,778.510,6946632.000
2012-03-13,785.530,792.38,792.380,782.940,7151396.000
2012-03-14,795.120,756.46,799.830,750.120,10995380.000
2012-03-15,754.530,746.44,759.530,735.090,7483183.000
2012-03-16,748.050,765.56,765.560,745.350,6549302.000
2012-03-19,764.950,779.56,779.560,763.360,6515828.000
2012-03-20,777.390,755.58,777.390,755.400,6107046.000
2012-03-21,758.890,751.79,761.340,737.990,6039931.000
2012-03-22,750.450,750.85,756.350,744.890,4550955.000
2012-03-23,748.870,737.89,750.690,735.150,4480951.000
2012-03-26,735.160,737.21,742.260,731.310,3642017.000
2012-03-27,739.440,735.73,745.830,733.840,4024034.000
2012-03-28,732.680,698.49,732.680,697.510,5442515.000
2012-03-29,692.370,683.96,695.960,676.990,4575497.000
2012-03-30,682.280,678.52,686.500,673.490,4235670.000
2012-04-05,677.760,697.75,698.300,676.510,4398591.000
2012-04-06,697.860,701.9,705.380,695.650,4392632.000
2012-04-09,699.870,689.72,701.590,689.720,3567381.000
2012-04-10,686.470,697.16,697.160,672.980,4428713.000
2012-04-11,689.850,698.49,701.930,685.750,3932710.000
2012-04-12,699.420,713.12,713.250,697.740,4848404.000
2012-04-13,715.040,718.96,723.890,714.240,5012434.000
2012-04-16,714.850,716.23,719.880,712.020,3810806.000
2012-04-17,716.530,709.14,718.460,708.400,3916592.000
2012-04-18,710.140,723.46,724.030,710.100,4872801.000
2012-04-19,723.830,725.12,728.460,721.590,4816491.000
2012-04-20,724.130,728.72,728.720,720.830,4664623.000
2012-04-23,724.900,690.43,724.900,689.440,7329877.000
2012-04-24,680.610,681.53,689.880,663.920,5847302.000
2012-04-25,679.750,682.52,684.480,674.540,4409875.000
2012-04-26,683.020,678.44,685.820,673.940,3854188.000
2012-04-27,677.550,685.13,689.100,676.070,4055113.000
2012-05-02,692.350,693.61,696.420,686.180,4355691.000
2012-05-03,693.400,699.31,699.410,690.760,4122606.000
2012-05-04,699.880,713.19,713.840,699.880,5389720.000
2012-05-07,710.980,733.04,733.040,709.870,6120061.000
2012-05-08,733.830,731.72,738.520,730.550,6619395.000
2012-05-09,727.600,719.35,727.700,718.720,5805832.000
2012-05-10,718.240,727.28,730.780,718.240,5157954.000
2012-05-11,726.560,721.08,730.830,720.930,6002106.000
2012-05-14,725.520,719.87,729.670,717.940,6024591.000
2012-05-15,714.580,720.11,720.210,709.630,5181662.000
2012-05-16,718.710,709.96,722.210,709.880,4539304.000
2012-05-17,709.500,716.17,718.440,703.920,4652232.000
2012-05-18,711.690,706.22,717.270,705.250,5671257.000
2012-05-21,705.860,704.8,709.680,698.800,4603324.000
2012-05-22,706.920,714.66,714.910,706.920,4144233.000
2012-05-23,715.030,713.02,717.200,705.200,5134553.000
2012-05-24,711.680,712.58,718.020,710.070,5074632.000
2012-05-25,713.040,702.72,714.900,700.620,4753242.000
2012-05-28,699.640,706.47,707.490,686.070,4642532.000
2012-05-29,705.780,720.45,721.720,704.200,5517465.000
2012-05-30,720.570,727.19,731.280,719.140,6051260.000
2012-05-31,724.460,734.45,740.490,721.710,6704539.000
2012-06-01,733.620,734.26,739.930,730.000,6364929.000
2012-06-04,721.680,717.1,734.260,717.040,6180151.000
2012-06-05,718.110,715.93,721.570,713.580,4196363.000
2012-06-06,717.130,715.24,722.360,711.190,3899402.000
2012-06-07,721.560,711.43,725.290,709.170,4404545.000
2012-06-08,716.420,713.92,721.360,710.270,5113299.000
2012-06-11,714.120,734.5,734.500,714.120,6469825.000
2012-06-12,731.040,735.29,739.020,729.710,6473938.000
2012-06-13,735.600,746.51,746.510,735.600,7171411.000
2012-06-14,745.760,740.97,750.280,739.910,7100317.000
2012-06-15,742.380,742.27,747.300,733.330,6901456.000
2012-06-18,744.050,752.98,753.770,744.050,7963397.000
2012-06-19,751.270,747.49,752.770,746.090,8450025.000
2012-06-20,747.640,748.39,751.900,746.030,8516857.000
2012-06-21,746.610,739.05,746.610,732.170,7793460.000
2012-06-25,736.180,720.6,736.180,720.470,6650404.000
2012-06-26,716.300,715.92,719.330,703.030,6050190.000
2012-06-27,715.520,718.93,728.540,715.380,6893909.000
2012-06-28,719.090,711.14,723.070,710.900,7400715.000
2012-06-29,708.110,726.68,726.680,705.860,7104600.000
2012-07-02,730.770,741.19,744.960,730.760,7743385.000
2012-07-03,742.200,743.9,751.360,739.920,9347557.000
2012-07-04,744.700,739.62,747.840,736.900,7965050.000
2012-07-05,738.490,724.31,738.490,721.360,7451569.000
2012-07-06,727.680,737.29,737.690,712.440,8229852.000
2012-07-09,733.660,722.28,737.790,721.600,7618162.000
2012-07-10,719.890,713.53,721.810,710.730,7035974.000
2012-07-11,710.890,719.3,719.300,706.720,5668274.000
2012-07-12,718.620,734.32,735.700,717.200,7327214.000
2012-07-13,731.490,725.79,736.460,722.650,7484220.000
2012-07-16,722.820,691.39,722.820,691.230,8277827.000
2012-07-17,687.740,697.0,697.000,686.110,5490463.000
2012-07-18,695.920,702.14,702.170,684.300,6205299.000
2012-07-19,701.230,709.17,714.920,698.470,7086094.000
2012-07-20,707.830,706.25,714.150,704.870,5726629.000
2012-07-23,703.200,704.57,708.210,697.690,5174113.000
2012-07-24,700.580,706.4,712.100,698.390,5225362.000
2012-07-25,704.700,708.3,715.970,703.350,6079427.000
2012-07-26,707.770,706.72,717.760,704.970,5454038.000
2012-07-27,707.970,703.58,711.570,698.180,5414012.000
2012-07-30,703.700,688.47,707.630,685.840,5253858.000
2012-07-31,686.540,676.96,687.690,672.280,4853301.000
2012-08-01,677.530,689.49,694.540,676.340,4694356.000
2012-08-02,688.330,690.98,694.830,684.200,4952914.000
2012-08-03,691.790,711.92,711.930,690.260,6116857.000
2012-08-06,708.260,730.42,731.390,706.830,7449598.000
2012-08-07,729.630,736.01,737.580,729.440,7168251.000
2012-08-08,734.880,730.07,734.880,723.980,5817704.000
2012-08-09,729.500,743.2,743.230,727.700,7047415.000
2012-08-10,743.280,743.07,744.840,736.550,6130295.000
2012-08-13,742.380,727.64,742.380,726.930,6153185.000
2012-08-14,726.840,736.35,736.450,714.650,6321177.000
2012-08-15,734.870,729.73,736.280,728.490,5061584.000
2012-08-16,728.660,723.53,730.130,720.720,4190765.000
2012-08-17,721.330,721.05,723.200,714.020,4587319.000
2012-08-20,718.140,730.87,732.670,713.150,5226300.000
2012-08-21,730.290,748.93,752.780,729.990,8531240.000
2012-08-22,749.000,746.85,756.530,743.610,8927210.000
2012-08-23,745.470,750.56,751.710,741.380,8967547.000
2012-08-24,747.720,733.31,750.350,733.310,7938355.000
2012-08-27,731.670,722.57,731.670,721.200,6616475.000
2012-08-28,720.830,727.62,733.130,717.530,6369417.000
2012-08-29,726.700,726.94,736.740,722.820,7768386.000
2012-08-30,727.210,704.03,729.050,692.140,9026271.000
2012-08-31,701.370,706.62,710.020,698.620,5713335.000
2012-09-03,703.810,723.87,725.170,701.700,6550695.000
2012-09-04,724.700,722.72,732.360,721.520,7726658.000
2012-09-05,721.070,730.62,732.770,719.340,7974380.000
2012-09-06,732.460,739.74,739.740,731.240,8159590.000
2012-09-07,744.650,759.46,764.450,744.240,13543457.000
2012-09-10,759.690,762.31,765.310,756.030,11740557.000
2012-09-11,761.550,761.73,762.510,756.770,10596146.000
2012-09-12,763.040,762.51,766.520,754.320,9339447.000
2012-09-13,761.780,749.89,764.360,749.890,9173258.000
2012-09-14,753.600,744.46,756.200,738.950,8116033.000
2012-09-17,742.690,724.15,742.690,724.150,6607894.000
2012-09-18,722.380,723.61,730.360,720.450,5238138.000
2012-09-19,724.890,728.25,730.300,723.640,5185624.000
2012-09-20,727.960,706.69,727.960,704.910,7233442.000
2012-09-21,703.420,691.14,706.520,689.530,5853244.000
2012-09-24,685.990,690.34,695.190,678.350,4778873.000
2012-09-25,688.210,682.34,693.760,680.650,4456482.000
2012-09-26,680.470,661.49,682.670,660.120,4785551.000
2012-09-27,662.780,676.96,680.480,662.780,5945532.000
2012-09-28,674.190,689.64,691.060,671.610,5422737.000
2012-10-08,690.350,690.77,693.640,686.270,4349179.000
2012-10-09,691.390,712.7,712.780,691.390,7160979.000
2012-10-10,712.150,721.85,722.520,709.920,7759452.000
2012-10-11,720.390,711.8,724.700,711.630,7193188.000
2012-10-12,711.830,708.87,721.260,700.970,5987717.000
2012-10-15,706.230,701.96,707.130,694.120,6047798.000
2012-10-16,700.940,705.39,711.870,698.970,5172678.000
2012-10-17,706.090,709.09,711.410,701.640,4990477.000
2012-10-18,709.290,720.52,721.680,709.290,6401506.000
2012-10-19,720.850,719.45,722.610,715.920,5538692.000
2012-10-22,716.530,724.28,724.290,714.700,4823413.000
2012-10-23,723.830,711.26,725.380,710.550,5466438.000
2012-10-24,707.300,707.75,713.960,704.410,4503437.000
2012-10-25,707.880,697.44,710.980,696.450,5334304.000
2012-10-26,695.890,685.33,697.460,680.910,5193825.000
2012-10-29,684.340,688.12,691.600,682.760,3560575.000
2012-10-30,688.510,689.61,694.670,687.790,3599959.000
2012-10-31,689.620,691.65,691.650,685.050,3571402.000
2012-11-01,692.060,701.78,702.950,692.060,5259020.000
2012-11-02,702.030,701.38,703.130,697.060,4204743.000
2012-11-05,700.110,692.87,703.460,690.940,4639898.000
2012-11-06,693.360,690.5,693.370,679.960,5455889.000
2012-11-07,689.790,689.75,692.580,686.610,4386247.000
2012-11-08,684.890,675.85,685.450,675.760,4815109.000
2012-11-09,674.590,672.67,679.020,671.690,4163753.000
2012-11-12,674.760,676.6,681.300,671.630,4382155.000
2012-11-13,676.260,667.33,676.380,666.340,4886383.000
2012-11-14,666.400,665.18,667.780,657.580,4510091.000
2012-11-15,662.900,659.21,667.860,657.350,4555696.000
2012-11-16,659.380,656.2,660.100,653.020,4490723.000
2012-11-19,654.780,656.94,657.380,647.870,4604529.000
2012-11-20,657.400,656.61,661.240,656.080,5259807.000
2012-11-21,656.440,660.03,661.890,646.640,5876733.000
2012-11-22,659.130,651.83,659.200,650.390,4934022.000
2012-11-23,652.940,651.43,656.360,650.270,5051590.000
2012-11-26,651.060,638.88,651.060,638.380,4251120.000
2012-11-27,635.260,616.28,635.260,615.590,5938245.000
2012-11-28,611.910,607.67,611.910,605.690,4225699.000
2012-11-29,607.160,603.17,611.890,601.180,4185996.000
2012-11-30,602.950,606.77,608.540,601.050,3821376.000
2012-12-03,605.600,593.66,607.250,593.200,4334761.000
2012-12-04,592.400,600.8,601.490,585.440,4819209.000
2012-12-05,599.450,624.82,627.850,597.760,7126108.000
2012-12-06,625.160,624.32,630.220,619.490,5574226.000
2012-12-07,624.150,637.49,638.170,622.220,7409448.000
2012-12-10,638.240,646.32,647.540,636.170,9109238.000
2012-12-11,645.250,641.17,646.790,640.690,7556457.000
2012-12-12,639.910,639.51,640.930,631.140,7066769.000
2012-12-13,638.090,632.18,641.170,631.190,6302316.000
2012-12-14,631.450,656.22,656.590,631.220,10223857.000
2012-12-17,656.750,649.61,658.390,646.270,8774594.000
2012-12-18,648.560,646.05,654.350,643.050,8205784.000
2012-12-19,645.140,652.1,654.410,644.970,7097528.000
2012-12-20,652.040,658.31,658.310,648.490,9026823.000
2012-12-21,658.540,668.09,670.810,655.620,10835753.000
2012-12-24,666.280,679.76,679.760,665.880,9262876.000
2012-12-25,679.570,694.12,695.910,678.820,12040809.000
2012-12-26,693.290,709.08,709.080,691.990,12975128.000
2012-12-27,709.910,699.57,712.850,699.370,12521587.000
2012-12-28,698.910,707.67,707.670,694.770,9936140.000
2012-12-31,708.240,713.86,713.860,703.620,9208257.000
2013-01-04,717.300,705.34,718.390,699.170,10144828.000
2013-01-07,704.370,718.11,718.110,702.390,10828472.000
2013-01-08,718.430,733.14,735.340,716.300,13556817.000
2013-01-09,732.010,734.51,740.640,727.910,13175455.000
2013-01-10,734.310,741.18,743.550,734.310,11541677.000
2013-01-11,740.900,731.59,746.040,730.400,13876465.000
2013-01-14,735.650,760.55,761.730,735.180,14605320.000
2013-01-15,763.620,778.6,781.420,763.620,17366908.000
2013-01-16,777.040,774.48,779.920,762.040,13673648.000
2013-01-17,773.790,768.31,775.820,767.480,10598854.000
2013-01-18,771.310,787.39,787.500,771.310,10860702.000
2013-01-21,788.070,792.6,793.230,783.410,10446622.000
2013-01-22,792.310,775.14,792.540,769.090,11331764.000
2013-01-23,773.740,778.48,779.560,765.360,9171227.000
2013-01-24,778.640,757.87,784.320,750.360,11159146.000
2013-01-25,757.610,762.85,766.780,756.610,7258003.000
2013-01-28,764.090,784.76,784.760,764.090,8328960.000
2013-01-29,785.760,791.67,795.070,785.760,9819117.000
2013-01-30,791.960,783.68,792.770,778.300,9572741.000
2013-01-31,784.110,776.01,784.110,771.150,9124011.000
2013-02-01,775.110,782.36,785.520,772.940,8442919.000
2013-02-04,783.740,771.9,786.560,767.850,9158984.000
2013-02-05,768.410,780.98,781.570,765.970,7394332.000
2013-02-06,781.320,791.26,794.500,781.320,7177630.000
2013-02-07,792.850,805.59,806.310,789.370,7153997.000
2013-02-08,804.960,823.03,824.310,804.960,8513248.000
2013-02-18,829.660,835.28,835.660,825.950,10496588.000
2013-02-19,834.970,819.71,835.410,816.960,9619500.000
2013-02-20,819.030,850.86,850.860,819.030,10784608.000
2013-02-21,846.640,839.3,853.270,829.600,12723522.000
2013-02-22,837.130,838.76,848.160,836.870,9580222.000
2013-02-25,838.880,855.69,857.850,838.880,10134053.000
2013-02-26,853.280,851.22,865.800,849.940,11871814.000
2013-02-27,852.130,846.09,856.120,835.930,10080143.000
2013-02-28,846.340,861.09,861.090,844.200,10356164.000
2013-03-01,860.800,884.89,885.180,859.830,13695510.000
2013-03-04,880.250,863.5,888.790,855.050,13807495.000
2013-03-05,861.220,888.1,888.320,857.540,10776581.000
2013-03-06,890.230,902.9,905.160,890.230,13402306.000
2013-03-07,902.410,877.34,902.410,867.870,12172461.000
2013-03-08,877.730,864.7,882.140,861.810,8671512.000
2013-03-11,863.120,869.15,872.180,858.040,6526881.000
2013-03-12,869.720,839.84,873.470,828.040,10783893.000
2013-03-13,835.460,834.05,836.280,821.350,7152213.000
2013-03-14,832.290,842.04,845.590,831.570,6051635.000
2013-03-15,841.710,853.91,867.860,839.580,7882427.000
2013-03-18,852.150,852.12,862.820,850.100,6612163.000
2013-03-19,850.060,842.68,854.240,829.190,6628980.000
2013-03-20,842.710,866.27,866.270,842.580,7972105.000
2013-03-21,867.900,882.73,885.980,866.680,9362198.000
2013-03-22,881.900,882.0,884.230,876.920,7336864.000
2013-03-25,882.750,881.76,884.850,874.010,6744977.000
2013-03-26,878.560,876.36,879.850,862.670,7059627.000
2013-03-27,876.550,882.75,885.770,874.250,6436412.000
2013-03-28,877.850,867.51,877.850,861.650,7385805.000
2013-03-29,868.090,866.46,872.780,860.960,5532532.000
2013-04-01,866.650,877.0,879.920,865.980,5866251.000
2013-04-02,875.330,845.16,883.150,843.210,7456575.000
2013-04-03,842.360,835.14,845.490,827.270,6106939.000
2013-04-08,824.780,853.48,853.620,817.350,6575442.000
2013-04-09,854.510,861.99,864.120,853.940,5703842.000
2013-04-10,861.270,850.53,861.910,843.100,5556804.000
2013-04-11,853.140,847.78,855.960,847.390,4771678.000
2013-04-12,847.200,846.61,854.220,845.850,4371018.000
2013-04-15,844.110,836.34,845.750,834.010,3993101.000
2013-04-16,828.940,846.05,846.050,824.840,4382004.000
2013-04-17,845.090,867.51,867.510,844.920,5291209.000
2013-04-18,862.700,873.48,875.990,860.720,6084981.000
2013-04-19,874.880,892.21,895.870,874.880,8028408.000
2013-04-22,890.930,916.02,916.020,889.260,8193787.000
2013-04-23,916.420,893.79,916.540,892.110,8480976.000
2013-04-24,894.690,923.41,925.010,894.690,8772878.000
2013-04-25,924.220,903.63,937.560,903.610,10505929.000
2013-04-26,901.990,889.38,904.300,886.400,7160700.000
2013-05-02,887.080,913.65,914.170,883.790,5383285.000
2013-05-03,916.010,939.21,940.280,916.010,7910952.000
2013-05-06,941.090,958.02,962.630,941.090,10341541.000
2013-05-07,956.410,957.44,964.710,949.840,9122569.000
2013-05-08,960.980,980.08,980.080,960.700,10723616.000
2013-05-09,978.940,992.16,994.270,978.070,13408967.000
2013-05-10,989.150,988.3,996.590,977.430,12371031.000
2013-05-13,989.370,995.11,995.250,978.720,10894688.000
2013-05-14,992.620,976.33,992.620,971.350,10262555.000
2013-05-15,976.950,1012.66,1012.670,976.950,11464506.000
2013-05-16,1010.950,1009.53,1034.350,999.490,16214896.000
2013-05-17,1006.470,1023.4,1029.110,1004.420,13263336.000
2013-05-20,1025.170,1051.65,1052.700,1025.170,16894820.000
2013-05-21,1049.600,1073.58,1074.890,1045.460,17795689.000
2013-05-22,1067.440,1039.81,1067.500,1036.310,17050076.000
2013-05-23,1035.310,1042.9,1061.530,1033.120,14146082.000
2013-05-24,1044.290,1073.78,1073.780,1044.290,15023081.000
2013-05-27,1075.820,1089.72,1091.250,1075.820,16132261.000
2013-05-28,1089.770,1059.0,1090.160,1055.640,15413444.000
2013-05-29,1055.600,1065.96,1067.030,1053.180,11569456.000
2013-05-30,1063.000,1073.87,1078.460,1059.830,12702507.000
2013-05-31,1074.480,1073.02,1086.330,1068.070,14032823.000
2013-06-03,1070.730,1052.14,1074.820,1050.210,12668299.000
2013-06-04,1049.100,1022.46,1049.260,1011.400,12745387.000
2013-06-05,1021.020,1032.76,1038.030,1021.020,9397943.000
2013-06-06,1027.050,1022.13,1031.360,1020.830,9843383.000
2013-06-07,1022.560,1030.14,1039.650,1018.450,10557897.000
2013-06-13,1019.470,1029.28,1029.280,986.050,9936155.000
2013-06-14,1029.930,1068.15,1069.810,1029.930,11803686.000
2013-06-17,1074.530,1073.69,1091.910,1068.610,13475017.000
2013-06-18,1073.310,1072.93,1078.530,1053.320,11576012.000
2013-06-19,1064.740,1067.62,1070.350,1053.800,10743146.000
2013-06-20,1060.380,1029.53,1067.950,1027.840,11540617.000
2013-06-21,1007.870,1025.5,1030.130,988.220,11389660.000
2013-06-24,1023.220,971.45,1023.220,961.840,12623825.000
2013-06-25,958.350,984.75,991.640,903.670,15317767.000
2013-06-26,984.940,1038.98,1039.010,984.880,16903147.000
2013-06-27,1043.660,1022.5,1063.020,1020.460,17666647.000
2013-06-28,1012.640,1011.66,1037.420,1002.190,12387924.000
2013-07-01,1011.270,1055.84,1055.840,1005.800,12474594.000
2013-07-02,1056.910,1083.25,1086.400,1056.910,15790757.000
2013-07-03,1079.650,1104.58,1108.480,1065.510,16168071.000
2013-07-04,1097.770,1087.9,1105.790,1085.400,14852731.000
2013-07-05,1087.690,1057.27,1091.820,1057.130,13408042.000
2013-07-08,1035.940,1030.6,1057.040,1015.670,12582243.000
2013-07-09,1028.560,1050.71,1051.510,1026.460,10557293.000
2013-07-10,1049.210,1068.86,1069.390,1048.730,12160100.000
2013-07-11,1066.700,1080.78,1082.780,1057.440,13950763.000
2013-07-12,1079.330,1096.3,1117.690,1077.310,15481149.000
2013-07-15,1096.190,1139.57,1139.570,1096.190,17356196.000
2013-07-16,1141.570,1143.19,1153.070,1129.740,17169449.000
2013-07-17,1140.730,1129.48,1149.470,1118.850,17598208.000
2013-07-18,1124.790,1127.97,1138.090,1118.630,16214187.000
2013-07-19,1125.770,1116.01,1156.090,1116.010,18433527.000
2013-07-22,1109.950,1153.77,1153.770,1107.330,15878729.000
2013-07-23,1161.080,1178.59,1179.460,1160.450,19928651.000
2013-07-24,1181.360,1203.31,1208.130,1177.590,20958971.000
2013-07-25,1205.620,1150.39,1207.230,1148.810,20110375.000
2013-07-26,1150.250,1158.35,1166.210,1133.160,14411688.000
2013-07-29,1155.810,1136.98,1168.470,1136.400,13991334.000
2013-07-30,1137.150,1124.1,1147.020,1095.650,13415517.000
2013-07-31,1126.100,1134.02,1143.370,1117.340,11352306.000
2013-08-01,1135.450,1190.11,1191.120,1135.450,16891922.000
2013-08-02,1196.170,1188.85,1208.320,1187.310,19517891.000
2013-08-05,1186.730,1202.83,1202.830,1182.540,16244668.000
2013-08-06,1202.090,1211.78,1219.120,1200.690,16970664.000
2013-08-07,1208.500,1175.7,1209.370,1173.260,16533909.000
2013-08-08,1172.080,1185.95,1195.920,1165.320,12980114.000
2013-08-09,1185.640,1172.52,1194.780,1153.450,14222932.000
2013-08-12,1174.090,1161.87,1185.370,1146.020,14338272.000
2013-08-13,1161.490,1172.33,1180.610,1151.680,13353812.000
2013-08-14,1175.620,1180.66,1186.290,1160.020,16202466.000
2013-08-15,1177.850,1167.09,1184.400,1165.770,15192214.000
2013-08-16,1158.960,1132.09,1178.840,1131.440,15946678.000
2013-08-19,1126.640,1171.4,1172.030,1125.590,13073910.000
2013-08-20,1170.990,1175.78,1180.990,1164.380,15348980.000
2013-08-21,1173.610,1181.34,1185.540,1169.490,14205580.000
2013-08-22,1180.190,1197.13,1204.590,1178.410,15582737.000
2013-08-23,1200.680,1219.82,1225.890,1188.820,18475567.000
2013-08-26,1220.970,1238.17,1241.470,1220.580,15475788.000
2013-08-27,1238.270,1250.75,1251.040,1226.380,15101603.000
2013-08-28,1244.010,1227.99,1253.400,1227.990,16908632.000
2013-08-29,1224.610,1226.3,1236.450,1217.520,12459208.000
2013-08-30,1221.870,1185.15,1226.360,1181.890,15474750.000
2013-09-02,1179.320,1210.19,1210.530,1178.010,9910558.000
2013-09-03,1217.770,1234.59,1234.590,1214.300,10850674.000
2013-09-04,1233.500,1236.35,1245.780,1227.320,11878652.000
2013-09-05,1233.820,1267.26,1267.530,1233.260,13692141.000
2013-09-06,1267.840,1282.75,1288.260,1261.570,14537532.000
2013-09-09,1282.650,1275.91,1283.700,1258.130,15545329.000
2013-09-10,1277.870,1263.59,1278.040,1254.010,14939381.000
2013-09-11,1256.660,1220.7,1256.660,1216.370,16208156.000
2013-09-12,1215.690,1220.63,1236.590,1211.600,10582306.000
2013-09-13,1221.150,1253.45,1256.040,1210.400,11193164.000
2013-09-16,1254.470,1278.8,1297.640,1254.470,12435700.000
2013-09-17,1279.260,1269.36,1285.630,1267.710,11536022.000
2013-09-18,1268.340,1289.64,1292.330,1262.330,11226571.000
2013-09-23,1292.760,1326.09,1326.410,1291.330,15010865.000
2013-09-24,1325.890,1328.4,1340.520,1310.330,16213363.000
2013-09-25,1324.190,1323.04,1344.390,1320.110,14115350.000
2013-09-26,1318.520,1306.34,1332.120,1301.140,13170773.000
2013-09-27,1305.510,1323.76,1330.690,1301.480,12841526.000
2013-09-30,1329.560,1367.91,1368.660,1329.560,11271965.000
2013-10-08,1376.360,1387.66,1389.730,1363.900,14307748.000
2013-10-09,1385.960,1415.83,1418.480,1382.100,15712792.000
2013-10-10,1422.350,1378.15,1423.960,1377.320,17595100.000
2013-10-11,1377.980,1379.9,1386.540,1357.490,15418385.000
2013-10-14,1374.470,1393.6,1394.340,1370.720,15929058.000
2013-10-15,1397.210,1389.75,1409.500,1378.810,17424881.000
2013-10-16,1393.010,1335.1,1393.100,1323.870,16294064.000
2013-10-17,1339.310,1322.99,1355.650,1317.750,16227186.000
2013-10-18,1327.090,1349.94,1353.970,1327.090,13405969.000
2013-10-21,1358.880,1400.97,1403.110,1358.880,17347150.000
2013-10-22,1401.470,1350.47,1408.450,1348.690,21904618.000
2013-10-23,1336.230,1311.23,1336.230,1293.820,17911764.000
2013-10-24,1307.110,1295.93,1319.370,1287.880,12197037.000
2013-10-25,1298.720,1269.17,1304.490,1255.590,14500064.000
2013-10-28,1264.140,1279.05,1286.000,1262.340,12298115.000
2013-10-29,1276.270,1261.68,1292.970,1205.000,17475129.000
2013-10-30,1256.240,1273.29,1274.340,1251.010,12776898.000
2013-10-31,1266.560,1235.56,1266.560,1232.400,11966456.000
2013-11-01,1227.690,1221.96,1233.570,1198.810,11666154.000
2013-11-04,1217.280,1222.46,1240.880,1216.850,10090941.000
2013-11-05,1217.640,1260.03,1260.370,1208.350,12312914.000
2013-11-06,1255.470,1241.79,1277.430,1241.760,13869196.000
2013-11-07,1234.240,1224.05,1250.570,1219.310,10827570.000
2013-11-08,1215.680,1211.11,1226.320,1204.520,10027417.000
2013-11-11,1208.260,1212.69,1223.770,1191.180,9151372.000
2013-11-12,1213.310,1228.35,1233.190,1209.540,11849087.000
2013-11-13,1226.530,1212.08,1236.390,1210.660,11896718.000
2013-11-14,1207.450,1249.67,1251.770,1200.710,14711835.000
2013-11-15,1248.260,1269.05,1287.080,1248.070,17592110.000
2013-11-18,1275.550,1291.15,1295.210,1275.550,17372801.000
2013-11-19,1293.060,1298.17,1312.060,1289.910,17254948.000
2013-11-20,1299.680,1299.26,1303.450,1283.660,14999286.000
2013-11-21,1295.930,1298.95,1304.740,1288.210,15510614.000
2013-11-22,1298.470,1295.07,1300.960,1283.880,13785260.000
2013-11-25,1290.840,1293.8,1305.230,1283.660,13616777.000
2013-11-26,1291.620,1291.85,1299.670,1280.010,14632953.000
2013-11-27,1290.190,1329.48,1336.170,1288.580,17314918.000
2013-11-28,1333.050,1336.66,1342.820,1331.450,17112566.000
2013-11-29,1335.630,1366.83,1369.120,1335.630,20077894.000
2013-12-02,1296.700,1253.93,1317.690,1253.340,22464031.000
2013-12-03,1223.380,1255.33,1261.770,1198.060,19229991.000
2013-12-04,1249.590,1240.29,1276.060,1240.080,17508512.000
2013-12-05,1234.500,1202.07,1236.100,1200.460,15902429.000
2013-12-06,1196.320,1206.78,1215.490,1194.740,11847877.000
2013-12-09,1211.390,1241.71,1241.770,1211.390,12274145.000
2013-12-10,1244.570,1231.92,1249.350,1227.060,12573792.000
2013-12-11,1230.780,1244.51,1255.060,1226.580,11848543.000
2013-12-12,1242.150,1279.32,1285.270,1238.950,13711614.000
2013-12-13,1274.170,1278.14,1286.720,1268.650,13409044.000
2013-12-16,1279.060,1279.96,1293.940,1266.940,14699192.000
2013-12-17,1278.530,1267.67,1282.170,1248.820,13695909.000
2013-12-18,1267.770,1256.0,1267.770,1245.960,12548336.000
2013-12-19,1253.430,1256.08,1281.820,1253.430,12168729.000
2013-12-20,1255.820,1253.71,1266.030,1246.390,10887876.000
2013-12-23,1251.410,1242.81,1253.670,1224.990,11405589.000
2013-12-24,1242.000,1258.82,1264.720,1241.910,12160292.000
2013-12-25,1262.000,1288.34,1288.850,1258.410,15466452.000
2013-12-26,1290.870,1269.54,1297.470,1268.140,15968421.000
2013-12-27,1265.080,1294.3,1297.620,1265.080,16428741.000
2013-12-30,1294.420,1307.99,1307.990,1292.830,17242559.000
2013-12-31,1302.670,1304.44,1309.340,1288.940,14670009.000
2014-01-02,1302.300,1333.0,1333.100,1299.340,16376142.000
2014-01-03,1332.350,1352.84,1355.120,1331.970,19116662.000
2014-01-06,1350.310,1323.33,1354.150,1322.720,17027572.000
2014-01-07,1315.440,1352.28,1355.400,1312.270,14884362.000
2014-01-08,1363.310,1405.02,1409.210,1363.310,22492878.000
2014-01-09,1401.800,1380.24,1423.840,1379.650,20653469.000
2014-01-10,1373.520,1353.3,1385.850,1347.610,13861382.000
2014-01-13,1352.010,1362.79,1374.150,1349.250,12307289.000
2014-01-14,1364.800,1400.92,1400.920,1364.800,15252891.000
2014-01-15,1399.670,1415.32,1417.420,1397.940,16945264.000
2014-01-16,1415.570,1395.16,1423.120,1392.010,17455991.000
2014-01-17,1395.030,1395.51,1411.550,1391.620,15810389.000
2014-01-20,1393.880,1372.74,1400.940,1362.450,16202711.000
2014-01-21,1370.690,1407.15,1407.450,1370.690,17582378.000
2014-01-22,1407.460,1431.74,1432.000,1407.460,20805985.000
2014-01-23,1433.700,1461.53,1472.340,1433.170,22799105.000
2014-01-24,1458.210,1484.43,1493.640,1455.950,22093328.000
2014-01-27,1477.460,1477.67,1500.460,1465.140,20450627.000
2014-01-28,1476.590,1471.34,1486.420,1448.470,16541491.000
2014-01-29,1472.540,1496.53,1497.720,1469.580,16506821.000
2014-01-30,1494.120,1495.98,1507.870,1486.820,14843349.000
2014-02-07,1489.050,1532.69,1532.820,1483.690,15892295.000
2014-02-10,1536.990,1553.42,1557.030,1525.940,21682497.000
2014-02-11,1550.620,1527.15,1559.770,1506.040,22927987.000
2014-02-12,1527.100,1539.97,1540.330,1513.910,21319228.000
2014-02-13,1537.260,1485.13,1539.660,1484.420,22065731.000
2014-02-14,1484.560,1515.78,1516.430,1475.950,17613823.000
2014-02-17,1521.170,1558.62,1559.120,1521.170,21744953.000
2014-02-18,1558.740,1545.34,1561.770,1539.210,22319417.000
2014-02-19,1544.640,1544.4,1551.880,1524.390,20648878.000
2014-02-20,1545.260,1515.16,1545.510,1504.170,18896407.000
2014-02-21,1512.170,1519.67,1526.030,1503.810,14334863.000
2014-02-24,1517.970,1540.03,1542.310,1510.460,16353711.000
2014-02-25,1543.970,1472.69,1571.400,1460.410,25248335.000
2014-02-26,1452.060,1465.98,1468.000,1415.250,16707338.000
2014-02-27,1467.270,1414.66,1496.620,1410.970,17271362.000
2014-02-28,1410.400,1434.89,1436.880,1393.000,13321363.000
2014-03-03,1433.900,1465.14,1466.230,1431.140,13234945.000
2014-03-04,1462.260,1460.45,1475.500,1446.270,13269342.000
2014-03-05,1467.060,1464.58,1471.040,1454.940,12673360.000
2014-03-06,1461.110,1462.53,1464.410,1427.000,13201713.000
2014-03-07,1463.930,1460.61,1477.960,1453.620,13195195.000
2014-03-10,1446.060,1407.07,1446.060,1404.590,13398525.000
2014-03-11,1399.900,1395.81,1410.380,1380.970,11194251.000
2014-03-12,1390.860,1399.27,1418.610,1378.890,11410842.000
2014-03-13,1401.550,1436.86,1437.150,1401.430,9633420.000
2014-03-14,1433.460,1434.02,1450.380,1424.010,9565163.000
2014-03-17,1436.100,1477.42,1477.680,1435.320,11510241.000
2014-03-18,1479.380,1485.64,1493.390,1478.720,13605173.000
2014-03-19,1481.490,1466.22,1482.300,1456.900,12309232.000
2014-03-20,1463.070,1417.66,1466.420,1417.170,13673304.000
2014-03-21,1405.900,1419.84,1427.920,1379.740,12203934.000
2014-03-24,1411.780,1397.29,1416.860,1392.510,11350111.000
2014-03-25,1392.140,1394.82,1410.480,1385.000,9708193.000
2014-03-26,1396.910,1417.61,1424.250,1396.910,10503642.000
2014-03-27,1415.550,1367.96,1417.360,1367.960,11704150.000
2014-03-28,1363.870,1330.5,1364.260,1317.410,12565198.000
2014-03-31,1327.230,1327.8,1340.470,1315.490,8067195.000
2014-04-01,1327.180,1355.05,1355.730,1326.250,8320095.000
2014-04-02,1356.680,1327.98,1360.880,1316.900,8936018.000
2014-04-03,1326.810,1326.18,1344.320,1318.820,8771988.000
2014-04-04,1323.410,1346.74,1347.050,1316.950,8297504.000
2014-04-08,1335.390,1351.18,1351.830,1327.800,9691708.000
2014-04-09,1355.370,1370.46,1376.690,1355.370,11938833.000
2014-04-10,1374.610,1381.14,1395.040,1374.610,14063900.000
2014-04-11,1370.400,1363.9,1370.400,1352.130,10808003.000
2014-04-14,1367.750,1372.73,1378.320,1367.750,9870846.000
2014-04-15,1375.690,1369.89,1380.860,1367.230,9744830.000
2014-04-16,1365.830,1359.3,1367.910,1353.780,8503591.000
2014-04-17,1360.750,1367.59,1373.850,1360.750,8546019.000
2014-04-18,1365.360,1377.42,1377.840,1362.610,8829689.000
2014-04-21,1367.930,1363.85,1384.690,1363.010,9889346.000
2014-04-22,1361.580,1336.19,1367.630,1317.100,10385272.000
2014-04-23,1332.930,1324.82,1338.670,1318.230,7198605.000
2014-04-24,1325.860,1319.51,1326.960,1303.230,8919226.000
2014-04-25,1316.370,1291.9,1318.070,1290.360,8835224.000
2014-04-28,1283.640,1257.26,1283.870,1256.120,9609466.000
2014-04-29,1253.240,1266.54,1274.210,1248.320,7814229.000
2014-04-30,1266.340,1283.21,1287.770,1266.340,7374832.000
2014-05-05,1281.160,1302.15,1302.680,1279.310,7805789.000
2014-05-06,1301.590,1316.86,1327.800,1301.590,9736761.000
2014-05-07,1313.380,1290.03,1313.380,1289.560,9100635.000
2014-05-08,1284.440,1279.84,1300.830,1279.290,8548140.000
2014-05-09,1279.680,1258.58,1282.820,1249.560,8506314.000
2014-05-12,1263.920,1278.28,1281.100,1250.940,8980389.000
2014-05-13,1274.570,1276.24,1293.820,1273.330,9329826.000
2014-05-14,1273.210,1278.66,1282.340,1269.240,8878107.000
2014-05-15,1276.640,1253.88,1283.430,1253.620,10236024.000
2014-05-16,1250.380,1226.47,1252.390,1210.810,9953688.000
2014-05-19,1224.650,1228.37,1233.840,1213.990,8545538.000
2014-05-20,1239.650,1244.65,1261.940,1239.650,10926750.000
2014-05-21,1241.020,1257.8,1257.800,1231.860,9256264.000
2014-05-22,1259.870,1269.51,1287.870,1259.870,12565253.000
2014-05-23,1269.180,1296.0,1296.830,1262.100,12017865.000
2014-05-26,1301.860,1320.76,1323.840,1301.860,15387081.000
2014-05-27,1319.660,1306.28,1319.660,1303.150,13090007.000
2014-05-28,1306.290,1338.97,1339.030,1306.290,16564285.000
2014-05-29,1338.300,1314.21,1341.570,1312.420,14197108.000
2014-05-30,1312.300,1318.13,1323.590,1300.090,12574903.000
2014-06-03,1317.990,1319.62,1332.780,1317.990,12791586.000
2014-06-04,1318.330,1321.72,1321.720,1303.360,13109901.000
2014-06-05,1320.140,1355.48,1356.530,1317.530,15641622.000
2014-06-06,1354.910,1350.45,1362.980,1340.830,16552682.000
2014-06-09,1348.770,1326.68,1349.920,1326.630,13532664.000
2014-06-10,1327.100,1353.87,1356.970,1316.840,15779122.000
2014-06-11,1350.380,1367.39,1371.250,1348.400,18025290.000
2014-06-12,1364.410,1363.74,1375.970,1358.080,17077623.000
2014-06-13,1361.090,1382.73,1386.350,1359.650,18362713.000
2014-06-16,1384.160,1395.61,1397.630,1384.160,19278958.000
2014-06-17,1396.380,1377.43,1396.380,1377.400,17134809.000
2014-06-18,1377.580,1363.99,1384.870,1363.750,15282855.000
2014-06-19,1363.450,1320.66,1370.310,1310.490,16903318.000
2014-06-20,1319.110,1333.98,1335.650,1313.140,11907174.000
2014-06-23,1335.180,1361.28,1366.590,1335.180,14514949.000
2014-06-24,1360.080,1369.44,1372.160,1359.130,14517845.000
2014-06-25,1368.660,1358.71,1368.660,1347.820,13895424.000
2014-06-26,1360.200,1386.27,1391.300,1360.200,18635117.000
2014-06-27,1388.380,1388.81,1397.960,1382.070,18283794.000
2014-06-30,1388.470,1404.71,1404.710,1374.300,18787736.000
2014-07-01,1405.440,1411.74,1415.330,1398.150,19457801.000
2014-07-02,1413.170,1419.94,1425.300,1402.220,20532463.000
2014-07-03,1419.810,1422.6,1428.670,1412.160,20417851.000
2014-07-04,1421.680,1411.64,1423.890,1406.210,19215140.000
2014-07-07,1411.990,1393.89,1411.990,1381.940,18228061.000
2014-07-08,1392.350,1410.72,1410.720,1379.490,18990540.000
2014-07-09,1410.390,1384.58,1418.680,1384.260,21751111.000
2014-07-10,1384.450,1363.88,1387.890,1362.350,16514057.000
2014-07-11,1361.570,1359.34,1372.120,1351.770,15365743.000
2014-07-14,1358.170,1367.07,1367.820,1342.560,17042173.000
2014-07-15,1364.080,1341.27,1366.160,1332.870,19208905.000
2014-07-16,1338.920,1318.61,1344.360,1310.860,16034403.000
2014-07-17,1315.090,1312.81,1323.240,1304.580,11842502.000
2014-07-18,1309.960,1305.92,1321.930,1300.760,11155743.000
2014-07-21,1304.720,1306.96,1313.560,1287.230,12051162.000
2014-07-22,1306.320,1329.35,1330.290,1305.030,12251800.000
2014-07-23,1330.140,1293.09,1332.360,1287.640,14436101.000
2014-07-24,1291.480,1271.88,1291.480,1255.690,14051676.000
2014-07-25,1271.430,1285.77,1288.670,1270.360,10526882.000
2014-07-28,1289.100,1314.53,1316.040,1286.660,13836976.000
2014-07-29,1315.750,1331.76,1337.530,1310.840,15257236.000
2014-07-30,1330.190,1342.74,1345.350,1329.070,15005274.000
2014-07-31,1342.730,1344.54,1346.220,1334.260,13773804.000
2014-08-01,1339.980,1325.94,1343.580,1324.190,16091302.000
2014-08-04,1325.010,1329.82,1331.800,1324.260,12393537.000
2014-08-05,1330.320,1360.69,1363.120,1321.200,19490645.000
2014-08-06,1357.530,1365.74,1368.530,1353.950,15491641.000
2014-08-07,1365.180,1362.03,1381.460,1361.330,16000260.000
2014-08-08,1368.060,1377.44,1381.440,1368.060,14450098.000
2014-08-11,1379.470,1397.78,1397.970,1379.470,17239951.000
2014-08-12,1398.150,1396.44,1402.750,1393.110,17256326.000
2014-08-13,1396.260,1384.31,1397.100,1370.080,18046571.000
2014-08-14,1384.720,1380.3,1394.520,1378.950,18617046.000
2014-08-15,1382.870,1392.45,1392.490,1377.930,17949342.000
2014-08-18,1394.640,1428.74,1429.000,1394.640,22445292.000
2014-08-19,1436.420,1436.4,1446.790,1427.060,24187900.000
2014-08-20,1438.290,1427.4,1438.290,1421.920,19028784.000
2014-08-21,1428.630,1447.88,1447.910,1421.240,19577488.000
2014-08-22,1450.100,1461.72,1465.670,1446.040,22099973.000
2014-08-25,1461.210,1443.81,1461.490,1439.850,19962446.000
2014-08-26,1440.700,1411.15,1443.600,1406.340,18360054.000
2014-08-27,1411.760,1420.54,1427.310,1411.760,13789763.000
2014-08-28,1423.340,1403.8,1424.290,1398.560,13699751.000
2014-08-29,1400.840,1424.47,1424.470,1400.830,11562446.000
2014-09-01,1428.360,1452.84,1453.120,1427.930,15490858.000
2014-09-02,1457.510,1465.03,1465.040,1452.710,20826444.000
2014-09-03,1468.090,1477.67,1479.830,1461.230,23968683.000
2014-09-04,1478.330,1495.51,1495.810,1472.890,24424653.000
2014-09-05,1497.990,1489.83,1498.260,1482.040,21209165.000
2014-09-09,1492.440,1494.02,1497.420,1479.060,21566028.000
2014-09-10,1491.410,1504.91,1506.470,1484.710,21773264.000
2014-09-11,1506.000,1513.01,1532.310,1502.390,26218382.000
2014-09-12,1512.400,1524.12,1524.320,1506.880,20829285.000
2014-09-15,1522.570,1526.14,1528.570,1517.300,23470990.000
2014-09-16,1527.060,1473.13,1529.400,1471.610,27119821.000
2014-09-17,1473.520,1479.12,1481.060,1456.500,17503913.000
2014-09-18,1477.310,1490.79,1492.610,1474.650,15765159.000
2014-09-19,1492.100,1499.12,1501.390,1486.280,16834430.000
2014-09-22,1496.960,1483.35,1496.960,1480.180,18443515.000
2014-09-23,1485.510,1500.99,1502.040,1483.040,17264769.000
2014-09-24,1501.040,1517.42,1517.420,1497.890,20795696.000
2014-09-25,1520.100,1508.42,1523.250,1505.650,22699612.000
2014-09-26,1506.310,1511.36,1512.800,1502.500,18315997.000
2014-09-29,1515.380,1526.18,1526.360,1515.380,21163797.000
2014-09-30,1527.260,1540.87,1540.950,1527.260,19584148.000
2014-10-08,1543.590,1557.57,1557.570,1537.010,21221706.000
2014-10-09,1562.100,1561.17,1569.060,1541.670,25641919.000
2014-10-10,1559.930,1554.22,1563.870,1546.220,22691637.000
2014-10-13,1548.180,1548.33,1548.880,1527.700,21551881.000
2014-10-14,1546.670,1539.12,1560.060,1532.440,20848818.000
2014-10-15,1539.350,1545.62,1545.750,1527.190,19598465.000
2014-10-16,1539.860,1526.56,1551.840,1526.540,20861354.000
2014-10-17,1527.460,1511.05,1529.550,1488.470,20135109.000
2014-10-20,1513.420,1532.38,1532.380,1513.420,14849203.000
2014-10-21,1535.070,1517.48,1537.670,1515.930,15816636.000
2014-10-22,1518.800,1504.55,1524.800,1503.820,15915656.000
2014-10-23,1500.550,1477.84,1501.720,1474.040,16279293.000
2014-10-24,1478.340,1477.59,1493.530,1473.060,12401052.000
2014-10-27,1473.660,1492.01,1492.010,1465.960,14263073.000
2014-10-28,1495.690,1522.05,1522.050,1495.690,17756331.000
2014-10-29,1525.980,1530.08,1535.800,1524.080,21378044.000
2014-10-30,1532.910,1525.77,1539.210,1522.640,19050519.000
2014-10-31,1527.600,1513.27,1529.550,1502.240,18562325.000
2014-11-03,1513.250,1529.89,1529.900,1513.200,17033744.000
2014-11-04,1531.820,1516.4,1538.180,1514.460,17887450.000
2014-11-05,1514.770,1512.49,1517.020,1505.980,14780292.000
2014-11-06,1513.720,1532.52,1532.870,1510.780,15875527.000
2014-11-07,1535.490,1522.62,1543.720,1517.290,20891040.000
2014-11-10,1525.200,1514.82,1526.380,1506.800,16067553.000
2014-11-11,1513.530,1461.51,1514.370,1452.030,21596510.000
2014-11-12,1457.240,1475.75,1476.030,1455.090,13969499.000
2014-11-13,1473.740,1442.86,1473.740,1434.270,17414929.000
2014-11-14,1438.970,1441.21,1449.100,1435.500,12663598.000
2014-11-17,1444.060,1471.69,1474.360,1437.990,13918227.000
2014-11-18,1471.080,1481.86,1483.140,1470.510,12484839.000
2014-11-19,1488.460,1505.55,1509.730,1488.460,15606058.000
2014-11-20,1504.580,1494.59,1504.580,1491.650,14503131.000
2014-11-21,1493.160,1504.83,1508.220,1493.160,15206725.000
2014-11-24,1513.430,1507.81,1515.840,1497.850,18094254.000
2014-11-25,1510.620,1541.92,1541.920,1510.250,21329324.000
2014-11-26,1544.690,1554.22,1561.300,1544.100,21577370.000
2014-11-27,1557.770,1563.41,1566.830,1548.290,23686674.000
2014-11-28,1562.830,1570.85,1582.480,1558.310,25520127.000
2014-12-01,1569.650,1552.31,1569.650,1544.180,22709753.000
2014-12-02,1554.460,1565.42,1567.540,1552.130,20650691.000
2014-12-03,1568.470,1604.45,1604.880,1540.420,30089867.000
2014-12-04,1604.890,1621.84,1631.310,1604.890,26899516.000
2014-12-05,1626.120,1581.91,1626.120,1544.460,29046141.000
2014-12-08,1575.300,1567.16,1600.860,1554.790,26040994.000
2014-12-09,1557.020,1504.62,1577.750,1504.230,29630278.000
2014-12-10,1499.330,1572.69,1576.890,1499.330,22694195.000
2014-12-11,1572.600,1587.67,1593.380,1563.310,22251396.000
2014-12-12,1588.240,1623.57,1626.340,1586.750,21641050.000
2014-12-15,1623.600,1657.5,1664.260,1619.700,22168990.000
2014-12-16,1665.300,1649.58,1674.980,1636.180,20250357.000
2014-12-17,1639.150,1644.21,1652.970,1623.700,20235829.000
2014-12-18,1641.580,1634.05,1663.670,1633.260,17653811.000
2014-12-19,1627.800,1596.81,1627.800,1568.980,19852326.000
2014-12-22,1583.950,1517.93,1583.950,1510.050,21296532.000
2014-12-23,1501.530,1496.53,1543.350,1489.120,16067375.000
2014-12-24,1502.670,1519.8,1524.270,1501.230,14578911.000
2014-12-25,1521.990,1529.47,1531.640,1514.230,14030107.000
2014-12-26,1531.200,1536.08,1539.160,1524.010,13861501.000
2014-12-29,1531.120,1499.4,1531.120,1491.210,18402872.000
2014-12-30,1491.100,1460.11,1493.440,1450.050,16799418.000
2014-12-31,1455.680,1471.76,1479.860,1451.290,14413885.000
2015-01-05,1470.580,1464.77,1470.580,1429.080,17918525.000
2015-01-06,1458.570,1539.83,1542.150,1454.140,23463899.000
2015-01-07,1542.400,1523.39,1547.250,1517.370,18445958.000
2015-01-08,1516.830,1541.89,1565.770,1516.830,18696816.000
2015-01-09,1535.330,1553.24,1583.750,1534.610,18988280.000
2015-01-12,1552.050,1586.12,1587.180,1550.620,16188545.000
2015-01-13,1587.690,1601.17,1611.120,1578.400,17954629.000
2015-01-14,1598.720,1588.01,1605.160,1579.550,15881401.000
2015-01-15,1584.680,1586.33,1606.560,1578.220,14727005.000
2015-01-16,1586.710,1639.56,1641.530,1586.640,18420218.000
2015-01-19,1608.250,1630.06,1691.140,1599.660,26167227.000
2015-01-20,1635.570,1700.85,1700.940,1635.570,26255330.000
2015-01-21,1704.100,1722.58,1729.840,1701.870,29807348.000
2015-01-22,1723.240,1744.04,1744.080,1716.390,25850791.000
2015-01-23,1742.090,1697.29,1742.090,1693.520,23622923.000
2015-01-26,1698.980,1739.79,1740.370,1698.980,20324148.000
2015-01-27,1742.460,1743.68,1754.210,1715.530,22208741.000
2015-01-28,1741.070,1731.41,1759.000,1727.920,22204673.000
2015-01-29,1717.400,1711.37,1733.630,1709.360,17053769.000
2015-01-30,1712.850,1680.58,1721.140,1679.690,17600388.000
2015-02-02,1667.120,1696.83,1708.710,1660.050,16017327.000
2015-02-03,1703.930,1750.91,1762.730,1703.930,22107001.000
2015-02-04,1753.770,1757.74,1770.200,1743.020,21675339.000
2015-02-05,1757.230,1774.31,1809.720,1741.960,27268283.000
2015-02-06,1772.350,1730.97,1783.620,1725.640,22554474.000
2015-02-09,1727.220,1708.84,1753.500,1702.560,17274077.000
2015-02-10,1707.260,1747.68,1747.860,1700.880,14723102.000
2015-02-11,1748.230,1772.84,1783.240,1748.230,17429104.000
2015-02-12,1777.220,1788.81,1799.450,1776.350,18833002.000
2015-02-13,1798.540,1825.49,1828.230,1796.410,23434640.000
2015-02-16,1836.710,1896.63,1897.660,1836.710,25701181.000
2015-02-17,1908.180,1894.31,1909.910,1873.170,20837924.000
2015-02-25,1899.390,1876.74,1909.650,1872.100,22085809.000
2015-02-26,1875.330,1880.39,1891.780,1847.730,22057948.000
2015-02-27,1880.630,1928.04,1928.040,1880.630,25087029.000
2015-03-02,1944.110,1986.99,1987.800,1940.320,32869530.000
2015-03-03,1987.330,1961.74,2004.030,1961.010,33661207.000
2015-03-04,1960.540,2009.83,2011.080,1960.540,29329329.000
2015-03-05,2015.700,2014.79,2032.220,1997.460,30333941.000
2015-03-06,2016.810,1951.4,2018.180,1949.290,27454184.000
2015-03-09,1941.420,1994.39,1996.900,1932.820,23708889.000
2015-03-10,2001.190,2045.32,2048.300,2001.190,26879782.000
2015-03-11,2050.760,2035.83,2054.770,2022.320,27548627.000
2015-03-12,2034.620,2018.13,2054.390,1984.910,27515746.000
2015-03-13,2020.660,2069.07,2070.950,2011.170,25475091.000
2015-03-16,2088.200,2142.67,2144.780,2088.200,34782781.000
2015-03-17,2149.370,2137.46,2164.490,2117.780,37031744.000
2015-03-18,2138.370,2182.92,2186.020,2124.980,37750039.000
2015-03-19,2184.760,2183.88,2192.550,2160.990,34983556.000
2015-03-20,2187.470,2213.77,2232.080,2187.010,35792059.000
2015-03-23,2225.850,2293.65,2293.920,2221.710,39047312.000
2015-03-24,2310.510,2357.97,2363.050,2253.200,48344705.000
2015-03-25,2364.940,2385.01,2405.560,2344.110,42627895.000
2015-03-26,2362.450,2291.79,2370.290,2270.790,43457615.000
2015-03-27,2274.677,2323.819,2326.418,2326.418,31041900.840
2015-03-30,2319.310,2290.48,2332.600,2266.850,33193596.000
2015-03-31,2294.320,2335.17,2358.210,2288.310,34588776.000
2015-04-01,2347.000,2404.91,2407.490,2345.750,34211588.000
2015-04-02,2434.760,2475.32,2475.320,2420.190,39817436.000
2015-04-03,2469.850,2510.16,2515.570,2460.940,39200267.000
2015-04-07,2530.070,2556.7,2557.870,2522.260,39071936.000
2015-04-08,2566.940,2488.16,2568.090,2442.820,43774348.000
2015-04-09,2481.690,2496.49,2501.300,2346.890,40257707.000
2015-04-10,2475.550,2552.83,2567.680,2457.820,35139349.000
2015-04-13,2558.190,2577.78,2596.920,2545.260,38288465.000
2015-04-14,2584.590,2558.85,2593.700,2539.940,36477492.000
2015-04-15,2548.990,2441.74,2548.990,2441.740,36021332.000
2015-04-16,2420.930,2484.33,2532.300,2407.850,30450605.000
2015-04-17,2507.470,2463.99,2511.980,2453.280,33251374.000
2015-04-20,2462.410,2424.85,2493.200,2411.340,34510159.000
2015-04-21,2443.120,2566.09,2566.090,2443.120,32057303.000
2015-04-22,2610.740,2634.93,2655.370,2610.740,37301989.000
2015-04-23,2656.180,2706.19,2718.260,2656.180,38248609.000
2015-04-24,2689.910,2734.75,2747.620,2672.200,36429962.000
2015-04-27,2781.600,2747.5,2806.750,2737.150,34684443.000
2015-04-28,2764.410,2687.97,2779.200,2650.430,34410029.000
2015-04-29,2693.480,2797.52,2798.510,2674.760,29865932.000
2015-04-30,2825.160,2857.89,2918.750,2825.160,34285826.000
2015-05-04,2868.100,2845.25,2884.440,2803.820,29104457.000
2015-05-05,2830.790,2783.44,2845.710,2753.870,30083796.000
2015-05-06,2806.300,2846.56,2927.030,2806.300,34768114.000
2015-05-07,2824.820,2806.05,2879.680,2801.470,30603594.000
2015-05-08,2838.970,2973.6,2974.370,2838.970,38363322.000
2015-05-11,3015.430,3146.83,3150.490,2991.330,48013490.000
2015-05-12,3176.540,3250.3,3254.990,3133.960,51249204.000
2015-05-13,3185.340,3192.15,3271.180,3123.920,46156896.000
2015-05-14,3174.450,3141.59,3228.030,3137.270,44148589.000
2015-05-15,3109.110,3145.33,3176.110,3059.860,40803046.000
2015-05-18,3178.370,3278.48,3286.410,3178.370,42156099.000
2015-05-19,3310.090,3322.77,3340.420,3206.780,44285352.000
2015-05-20,3339.170,3406.28,3471.950,3339.170,46165533.000
2015-05-21,3421.610,3527.41,3531.840,3421.450,44954142.000
2015-05-22,3594.590,3516.63,3618.240,3438.570,57570182.000
2015-05-25,3415.670,3467.92,3499.530,3370.840,45619499.000
2015-05-26,3471.790,3618.23,3619.490,3471.790,45465316.000
2015-05-27,3638.210,3628.67,3662.980,3546.580,49660294.000
2015-05-28,3618.340,3432.98,3677.320,3432.980,54111024.000
2015-05-29,3444.060,3542.84,3595.170,3328.460,49995029.000
2015-06-01,3580.080,3718.75,3722.860,3580.080,43302739.000
2015-06-02,3757.100,3901.54,3912.480,3756.090,50081950.000
2015-06-03,3949.280,3982.25,4011.040,3838.220,49970439.000
2015-06-04,3991.800,3943.47,4015.200,3695.830,47259473.000
2015-06-05,3994.440,3885.83,4037.960,3841.420,46810857.000
2015-06-08,3862.800,3704.55,3862.800,3643.030,44704761.000
2015-06-09,3664.370,3705.54,3793.360,3633.720,38942847.000
2015-06-10,3695.060,3834.7,3876.850,3676.760,43364843.000
2015-06-11,3843.980,3862.14,3884.370,3815.060,44129785.000
2015-06-12,3889.160,3899.71,3922.700,3850.590,44912714.000
2015-06-15,3919.360,3696.03,3919.360,3688.890,47406718.000
2015-06-16,3636.790,3590.67,3669.820,3475.350,43314292.000
2015-06-17,3586.370,3741.36,3754.370,3511.110,39791389.000
2015-06-18,3734.910,3504.55,3752.180,3497.730,38221169.000
2015-06-19,3408.530,3314.98,3476.030,3304.650,36852902.000
2015-06-23,3314.890,3393.94,3397.270,3154.600,38158329.000
2015-06-24,3425.570,3383.4,3459.460,3304.670,37628646.000
2015-06-25,3403.630,3206.38,3408.230,3172.370,36857093.000
2015-06-26,3078.400,2920.7,3078.400,2915.940,35432057.000
2015-06-29,2943.500,2689.76,2950.130,2663.440,38531843.000
2015-06-30,2566.020,2858.61,2875.090,2485.460,54686572.000
2015-07-01,2842.170,2759.41,3008.190,2743.610,52601141.000
2015-07-02,2756.250,2649.32,2825.150,2591.050,45280318.000
2015-07-03,2559.020,2605.28,2788.760,2458.280,47079751.000
2015-07-06,2795.670,2493.83,2795.670,2417.560,51605867.000
2015-07-07,2398.100,2352.01,2415.680,2350.970,18897954.000
2015-07-08,2304.760,2364.05,2364.080,2304.760,44477612.000
2015-07-09,2338.110,2435.75,2435.750,2338.110,22948808.000
2015-07-10,2487.390,2535.89,2535.890,2478.860,13426826.000
2015-07-13,2612.770,2683.07,2683.070,2592.200,25235637.000
2015-07-14,2725.040,2726.05,2827.550,2715.980,40597843.000
2015-07-15,2750.660,2590.03,2750.660,2583.460,50649969.000
2015-07-16,2526.650,2627.08,2698.160,2439.240,52481075.000
2015-07-17,2651.440,2783.32,2805.800,2646.500,46866248.000
2015-07-20,2820.720,2848.3,2907.150,2777.910,57264696.000
2015-07-21,2802.020,2882.9,2917.410,2779.530,48846235.000
2015-07-22,2882.060,2897.37,2932.060,2828.450,51433159.000
2015-07-23,2896.250,2967.95,2969.350,2864.430,53211860.000
2015-07-24,2976.940,2897.82,3014.180,2879.260,58741277.000
2015-07-27,2822.370,2683.45,2924.080,2683.050,55582923.000
2015-07-28,2546.410,2581.96,2705.180,2492.190,58035380.000
2015-07-29,2617.940,2693.86,2693.990,2483.920,52023479.000
2015-07-30,2671.460,2561.19,2707.760,2556.090,48185188.000
2015-07-31,2507.260,2539.84,2605.340,2499.250,38567343.000
2015-08-03,2475.330,2399.27,2494.800,2371.480,39835425.000
2015-08-04,2396.410,2546.16,2546.160,2380.280,42143741.000
2015-08-05,2542.270,2502.04,2584.190,2480.450,46817454.000
2015-08-06,2441.960,2480.93,2517.990,2430.530,33923606.000
2015-08-07,2509.960,2576.99,2586.530,2505.270,42575830.000
2015-08-10,2606.740,2706.72,2726.900,2593.410,47852694.000
2015-08-11,2705.040,2698.91,2747.830,2675.150,48057873.000
2015-08-12,2658.840,2622.19,2700.400,2622.190,38303999.000
2015-08-13,2608.740,2684.26,2684.260,2578.910,37616566.000
2015-08-14,2713.780,2674.02,2725.470,2664.420,40688351.000
2015-08-17,2665.370,2666.29,2676.720,2613.780,36547441.000
2015-08-18,2674.420,2504.17,2720.570,2488.610,49129698.000
2015-08-19,2427.940,2570.69,2584.360,2359.170,43737322.000
2015-08-20,2556.770,2508.82,2610.900,2508.350,39721275.000
2015-08-21,2452.610,2341.95,2480.680,2340.920,35141461.000
2015-08-24,2222.540,2152.61,2246.550,2152.610,23049576.000
2015-08-25,1996.040,1990.71,2048.030,1987.120,27176061.000
2015-08-26,1975.920,1890.04,2044.660,1875.030,46445009.000
2015-08-27,1924.780,1959.49,1959.980,1843.190,40510060.000
2015-08-28,1990.340,2082.12,2086.870,1960.390,45280231.000
2015-08-31,2056.290,1996.86,2058.850,1987.580,35634527.000
2015-09-01,1959.450,1889.49,1959.450,1877.360,31889888.000
2015-09-02,1787.710,1855.03,1953.910,1779.180,38372944.000
2015-09-07,1882.860,1893.52,1953.400,1878.260,37806241.000
2015-09-08,1875.670,2001.16,2004.810,1859.200,36849648.000
2015-09-09,2023.310,2071.72,2102.230,2017.100,50760168.000
2015-09-10,2030.030,2039.12,2078.420,2024.890,35482569.000
2015-09-11,2039.010,2060.5,2084.050,2029.810,32555429.000
2015-09-14,2068.200,1906.21,2075.670,1905.200,34890885.000
2015-09-15,1843.230,1797.56,1892.810,1794.290,33039213.000
2015-09-16,1813.730,1926.24,1928.780,1808.750,39024401.000
2015-09-17,1943.290,1933.3,2020.550,1922.800,47985104.000
2015-09-18,1948.120,1983.3,1995.500,1922.140,37674215.000
2015-09-21,1950.330,2079.06,2080.220,1945.350,43477603.000
2015-09-22,2082.340,2078.72,2108.560,2042.130,47584444.000
2015-09-23,2039.490,2077.99,2103.220,2036.060,41306381.000
2015-09-24,2090.560,2106.59,2130.470,2084.310,43139456.000
2015-09-25,2091.850,2020.97,2106.950,2002.450,41100874.000
2015-09-28,2024.890,2122.26,2124.060,2007.920,37858681.000
2015-09-29,2089.540,2098.57,2135.510,2075.970,38424617.000
2015-09-30,2111.990,2082.67,2124.290,2049.430,29708448.000
2015-10-08,2153.120,2190.31,2210.030,2138.540,42031221.000
2015-10-09,2190.840,2216.66,2230.030,2184.550,42927691.000
2015-10-12,2233.600,2316.78,2344.210,2232.270,55775629.000
2015-10-13,2297.930,2342.04,2351.520,2290.640,50249440.000
2015-10-14,2330.080,2305.0,2350.590,2295.600,52435986.000
2015-10-15,2300.620,2404.53,2406.210,2296.790,56549120.000
2015-10-16,2424.620,2449.03,2452.940,2401.090,61932152.000
2015-10-19,2465.110,2433.6,2466.480,2398.340,57914033.000
2015-10-20,2430.180,2511.16,2520.080,2427.780,58460595.000
2015-10-21,2504.780,2344.74,2527.770,2335.660,72233597.000
2015-10-22,2355.160,2458.14,2465.100,2355.160,59640206.000
2015-10-23,2488.310,2538.38,2549.760,2461.490,67588133.000
2015-10-26,2570.130,2527.48,2570.130,2481.590,68447317.000
2015-10-27,2497.160,2563.96,2586.950,2423.600,62288145.000
2015-10-28,2551.700,2485.24,2583.820,2473.470,57716999.000
2015-10-29,2504.850,2485.28,2528.700,2436.780,44057658.000
2015-10-30,2475.230,2478.28,2534.470,2439.160,50077025.000
2015-11-02,2416.100,2432.04,2513.320,2408.780,46816871.000
2015-11-03,2444.050,2429.27,2461.330,2407.550,39935034.000
2015-11-04,2451.230,2584.32,2584.320,2451.230,58452418.000
2015-11-05,2587.820,2564.72,2630.830,2542.850,65112052.000
2015-11-06,2571.660,2661.41,2666.400,2571.660,61741798.000
2015-11-09,2653.310,2724.62,2747.790,2612.260,68677813.000
2015-11-10,2710.900,2746.61,2783.120,2700.290,65216340.000
2015-11-11,2738.580,2804.68,2806.540,2730.520,70870881.000
2015-11-12,2818.570,2783.3,2827.710,2743.260,74163984.000
2015-11-13,2751.390,2710.16,2772.810,2681.610,65461350.000
2015-11-16,2656.570,2797.16,2797.160,2654.640,55154366.000
2015-11-17,2834.980,2717.05,2847.900,2711.580,73555490.000
2015-11-18,2727.610,2661.17,2741.330,2655.060,51626129.000
2015-11-19,2678.350,2770.75,2770.750,2676.750,54825139.000
2015-11-20,2783.040,2800.15,2817.960,2757.840,69030482.000
2015-11-23,2797.120,2770.58,2839.840,2759.310,67520732.000
2015-11-24,2767.720,2816.05,2816.050,2739.520,52702492.000
2015-11-25,2813.510,2897.57,2906.800,2806.820,66418481.000
2015-11-26,2911.850,2833.2,2915.950,2831.380,63202929.000
2015-11-27,2819.360,2649.55,2844.050,2629.120,64579688.000
2015-11-30,2658.970,2672.58,2687.050,2507.380,60052414.000
2015-12-01,2669.300,2655.34,2700.350,2621.170,49682993.000
2015-12-02,2653.240,2613.26,2660.110,2525.340,43453059.000
2015-12-03,2622.490,2708.12,2710.810,2622.490,43270233.000
2015-12-04,2702.560,2692.16,2749.180,2679.350,48329081.000
2015-12-07,2699.340,2738.15,2751.240,2687.020,47454317.000
2015-12-08,2723.620,2691.66,2731.720,2678.660,51536895.000
2015-12-09,2677.590,2667.91,2699.640,2650.450,45218188.000
2015-12-10,2665.270,2695.51,2729.240,2663.370,44264086.000
2015-12-11,2686.300,2671.29,2701.690,2666.890,37125526.000
2015-12-14,2642.820,2709.26,2709.260,2622.470,36203572.000
2015-12-15,2718.250,2745.7,2764.790,2718.250,38759386.000
2015-12-16,2760.260,2763.11,2789.280,2749.790,41793161.000
2015-12-17,2784.970,2835.7,2835.700,2784.970,55219139.000
2015-12-18,2836.920,2830.26,2850.690,2801.640,51447381.000
2015-12-21,2825.310,2829.92,2836.610,2800.350,42648418.000
2015-12-22,2836.960,2839.85,2849.360,2811.610,41580713.000
2015-12-23,2845.430,2783.94,2848.830,2779.930,46679619.000
2015-12-24,2775.980,2795.78,2801.560,2735.970,37179051.000
2015-12-25,2807.510,2794.73,2820.530,2777.460,35511226.000
2015-12-28,2809.520,2735.49,2823.750,2735.490,45076569.000
2015-12-29,2732.550,2749.82,2749.820,2710.200,35829362.000
2015-12-30,2758.250,2779.51,2781.840,2749.290,40757691.000
2015-12-31,2780.540,2714.05,2785.660,2713.690,39561307.000
2016-01-04,2706.270,2491.27,2710.300,2490.470,33478922.000
2016-01-05,2353.230,2416.73,2481.200,2333.610,49010301.000
2016-01-06,2433.360,2468.37,2472.190,2388.690,39804045.000
2016-01-07,2415.330,2256.52,2415.330,2254.500,10666576.000
2016-01-08,2297.590,2248.99,2318.120,2142.330,44776460.000
2016-01-11,2188.190,2106.36,2230.420,2105.770,39231227.000
2016-01-12,2117.250,2147.53,2179.090,2087.270,37443202.000
2016-01-13,2160.320,2059.78,2174.230,2059.780,34346863.000
2016-01-14,1991.230,2175.01,2179.380,1989.860,40865369.000
2016-01-15,2160.170,2112.9,2184.560,2096.190,41445821.000
2016-01-18,2074.860,2174.93,2206.830,2074.860,39874752.000
2016-01-19,2170.090,2241.7,2244.780,2148.720,45197927.000
2016-01-20,2222.600,2204.65,2249.350,2190.500,41821529.000
2016-01-21,2173.310,2112.4,2241.470,2112.400,41166482.000
2016-01-22,2140.280,2149.59,2161.240,2078.120,35037326.000
2016-01-25,2165.730,2158.82,2185.210,2136.880,30623682.000
2016-01-26,2132.220,1994.05,2135.560,1990.510,36762608.000
2016-01-27,1997.320,1997.46,2012.300,1888.250,39761381.000
2016-01-28,1969.310,1906.46,1990.920,1900.880,30546402.000
2016-01-29,1908.260,1994.06,2011.060,1907.290,34466854.000
2016-02-01,1989.210,1992.69,2011.680,1956.920,29892130.000
2016-02-02,1996.590,2075.29,2089.210,1996.590,34710247.000
2016-02-03,2049.320,2090.51,2105.380,2034.600,31768831.000
2016-02-04,2095.620,2126.64,2142.870,2095.620,35059441.000
2016-02-05,2127.350,2096.99,2141.560,2096.990,25785866.000
2016-02-15,2029.560,2116.84,2130.360,2029.560,24986597.000
2016-02-16,2128.060,2201.93,2208.570,2128.060,36587328.000
2016-02-17,2197.930,2215.34,2219.780,2171.000,41643400.000
2016-02-18,2230.800,2190.91,2239.910,2188.190,40537755.000
2016-02-19,2186.010,2211.01,2230.220,2182.960,36792703.000
2016-02-22,2235.170,2245.56,2245.560,2216.160,41953414.000
2016-02-23,2245.750,2218.12,2249.690,2189.530,39969755.000
2016-02-24,2212.590,2203.74,2230.010,2154.270,40601725.000
2016-02-25,2198.930,2037.14,2198.930,2030.420,44873663.000
2016-02-26,2045.510,2014.92,2057.800,1980.170,35814101.000
2016-02-29,2000.570,1880.15,2000.570,1866.250,33848300.000
2016-03-01,1881.320,1934.92,1952.430,1841.220,36084524.000
2016-03-02,1930.840,2017.6,2022.860,1925.020,42454356.000
2016-03-03,2014.180,2007.08,2063.530,2006.710,42006967.000
2016-03-04,1994.060,1907.04,2003.690,1895.400,39762791.000
2016-03-07,1935.090,1953.33,1995.940,1935.090,31730233.000
2016-03-08,1944.650,2002.19,2002.190,1865.650,41226251.000
2016-03-09,1962.280,1970.81,2015.710,1947.050,34193079.000
2016-03-10,1968.770,1936.97,1991.360,1935.120,28365881.000
2016-03-11,1911.320,1934.87,1948.600,1903.920,23173404.000
2016-03-14,1962.100,2023.13,2048.500,1962.100,40997664.000
2016-03-15,2016.810,1996.92,2034.700,1995.460,34452745.000
2016-03-16,2029.920,1977.54,2039.490,1961.420,33507355.000
2016-03-17,1986.140,2087.29,2089.140,1986.140,52208030.000
2016-03-18,2102.190,2177.87,2194.350,2102.080,63938095.000
2016-03-21,2214.910,2227.03,2234.350,2191.660,63845763.000
2016-03-22,2201.190,2221.7,2248.190,2189.940,52501083.000
2016-03-23,2214.870,2259.11,2259.110,2205.070,49852202.000
2016-03-24,2234.220,2219.77,2277.920,2217.840,54767835.000
2016-03-25,2209.260,2216.09,2232.070,2183.600,41598980.000
2016-03-28,2233.130,2199.69,2259.130,2192.350,45630748.000
2016-03-29,2190.880,2152.55,2194.890,2130.850,39628257.000
2016-03-30,2172.740,2248.78,2248.780,2172.740,46542617.000
2016-03-31,2256.430,2238.29,2271.960,2232.300,50514154.000
2016-04-01,2223.380,2205.37,2227.000,2171.340,40715937.000
2016-04-05,2207.460,2279.52,2285.200,2205.440,49811537.000
2016-04-06,2274.770,2297.04,2305.410,2271.500,53433253.000
2016-04-07,2310.920,2248.68,2316.630,2248.680,53930101.000
2016-04-08,2230.950,2229.93,2239.800,2194.230,45924689.000
2016-04-11,2255.070,2283.14,2301.410,2255.070,50116207.000
2016-04-12,2283.210,2264.02,2289.540,2236.440,45314658.000
2016-04-13,2278.520,2294.01,2330.050,2278.520,57522857.000
2016-04-14,2310.600,2324.39,2325.380,2289.570,46139450.000
2016-04-15,2328.310,2309.68,2328.310,2297.680,40308908.000
2016-04-18,2288.420,2265.59,2288.420,2249.340,38252496.000
2016-04-19,2278.310,2272.52,2289.050,2253.590,35911567.000
2016-04-20,2279.760,2145.24,2284.100,2119.420,56160931.000
2016-04-21,2135.930,2110.16,2160.260,2106.970,36026892.000
2016-04-22,2093.780,2136.92,2136.920,2090.950,29586774.000
2016-04-25,2128.660,2126.83,2130.060,2083.640,26959280.000
2016-04-26,2123.870,2155.7,2155.700,2119.380,27579366.000
2016-04-27,2162.760,2146.61,2176.330,2142.460,32179112.000
2016-04-28,2149.100,2155.23,2158.490,2108.270,31257269.000
2016-04-29,2141.580,2138.74,2162.190,2138.740,25362369.000
2016-05-03,2138.960,2217.23,2217.230,2126.870,40518570.000
2016-05-04,2210.130,2211.02,2233.590,2206.260,41117967.000
2016-05-05,2208.400,2224.09,2226.550,2198.760,34603689.000
2016-05-06,2226.440,2129.19,2235.960,2129.190,49401483.000
2016-05-09,2107.330,2053.6,2107.330,2045.120,37401164.000
2016-05-10,2051.380,2054.22,2067.620,2044.280,25343896.000
2016-05-11,2067.690,2034.93,2073.830,2032.300,28980495.000
2016-05-12,2006.260,2034.56,2039.320,1975.060,28433749.000
2016-05-13,2030.940,2025.22,2058.660,2013.860,26223878.000
2016-05-16,2017.840,2057.86,2057.860,2008.540,28343345.000
2016-05-17,2059.510,2081.44,2107.730,2036.880,38088173.000
2016-05-18,2062.810,2020.47,2062.810,2000.530,35523822.000
2016-05-19,2023.960,2037.4,2076.480,2023.960,33919736.000
2016-05-20,2018.380,2065.3,2065.300,2013.530,31659474.000
2016-05-23,2073.000,2098.23,2107.050,2073.000,38387501.000
2016-05-24,2094.210,2075.51,2094.210,2061.520,34139734.000
2016-05-25,2091.970,2067.25,2111.260,2062.640,36260689.000
2016-05-26,2060.430,2086.01,2086.490,2019.300,37261301.000
2016-05-27,2076.300,2069.89,2090.170,2065.370,34131535.000
2016-05-30,2054.620,2058.52,2083.830,2033.670,33054053.000
2016-05-31,2061.840,2159.8,2160.530,2060.140,56992436.000
2016-06-01,2164.730,2168.82,2188.880,2163.050,58794177.000
2016-06-02,2163.590,2188.56,2188.560,2160.250,54154712.000
2016-06-03,2176.360,2204.97,2236.580,2175.810,64614588.000
2016-06-06,2212.460,2199.3,2219.270,2181.990,49092386.000
2016-06-07,2202.040,2196.73,2204.180,2181.290,45258223.000
2016-06-08,2191.270,2186.54,2201.530,2166.970,47491814.000
2016-06-13,2150.390,2054.71,2165.280,2054.710,53756487.000
2016-06-14,2045.210,2058.31,2070.150,2032.440,38905975.000
2016-06-15,2033.600,2128.8,2143.450,2031.670,50827619.000
2016-06-16,2124.160,2101.42,2137.180,2097.350,49736194.000
2016-06-17,2109.570,2122.89,2154.520,2105.240,50886964.000
2016-06-20,2117.990,2119.63,2127.680,2088.290,44233147.000
2016-06-21,2135.460,2092.0,2153.230,2083.690,52619369.000
2016-06-22,2085.980,2144.82,2144.820,2085.650,48500538.000
2016-06-23,2144.580,2137.49,2153.580,2115.840,53512181.000
2016-06-24,2131.150,2127.36,2157.940,2060.200,64400552.000
2016-06-27,2111.100,2191.81,2194.130,2110.600,61802507.000
2016-06-28,2181.410,2216.71,2221.460,2173.530,69894236.000
2016-06-29,2228.510,2209.79,2238.350,2203.490,59866686.000
2016-06-30,2213.600,2227.79,2233.280,2206.800,57068917.000
2016-07-01,2231.180,2211.18,2241.630,2203.930,47684378.000
2016-07-04,2195.620,2248.71,2254.150,2193.840,52081614.000
2016-07-05,2253.690,2246.02,2259.290,2229.000,53546310.000
2016-07-06,2239.760,2241.56,2246.730,2229.270,46098731.000
2016-07-07,2240.900,2233.92,2247.580,2212.410,55049918.000
2016-07-08,2231.970,2239.0,2257.320,2220.210,47569781.000
2016-07-11,2242.260,2218.59,2252.660,2216.570,53188669.000
2016-07-12,2218.020,2247.35,2247.350,2182.030,55163397.000
2016-07-13,2258.260,2285.37,2299.860,2250.640,58098824.000
2016-07-14,2282.160,2293.08,2295.590,2273.420,50294625.000
2016-07-15,2289.100,2263.78,2293.080,2260.160,47067547.000
2016-07-18,2257.420,2249.87,2268.790,2234.210,41749944.000
2016-07-19,2249.740,2273.72,2273.720,2237.000,41359710.000
2016-07-20,2272.640,2268.53,2288.650,2268.530,43689616.000
2016-07-21,2266.080,2265.13,2289.670,2259.200,45103626.000
2016-07-22,2262.100,2250.0,2269.550,2248.300,40420397.000
2016-07-25,2245.860,2245.89,2264.440,2235.450,37437208.000
2016-07-26,2245.940,2279.55,2279.550,2245.940,36165503.000
2016-07-27,2282.070,2155.39,2284.280,2138.780,63315114.000
2016-07-28,2150.320,2139.74,2166.600,2109.870,43038520.000
2016-07-29,2144.270,2122.41,2147.190,2109.130,31654139.000
2016-08-01,2113.670,2099.18,2118.090,2066.180,32837238.000
2016-08-02,2096.550,2113.21,2114.950,2094.120,25102198.000
2016-08-03,2110.230,2108.31,2117.620,2096.730,26589353.000
2016-08-04,2107.620,2129.65,2133.180,2102.270,31872353.000
2016-08-05,2128.740,2109.05,2129.330,2107.440,28354309.000
2016-08-08,2102.240,2130.59,2130.590,2083.980,26546575.000
2016-08-09,2128.640,2154.5,2154.500,2128.220,33634362.000
2016-08-10,2155.390,2137.0,2164.620,2136.830,32552437.000
2016-08-11,2134.600,2103.4,2139.200,2103.400,29775195.000
2016-08-12,2098.770,2123.84,2123.860,2097.910,25919437.000
2016-08-15,2126.790,2193.21,2200.920,2112.250,47469909.000
2016-08-16,2195.020,2201.1,2211.010,2192.970,41894229.000
2016-08-17,2200.240,2208.2,2218.290,2195.370,38309641.000
2016-08-18,2204.950,2201.59,2213.300,2191.930,37873956.000
2016-08-19,2200.680,2204.56,2211.060,2194.110,34079969.000
2016-08-22,2205.570,2167.4,2213.410,2167.400,37116421.000
2016-08-23,2168.340,2174.16,2186.740,2160.300,30192240.000
2016-08-24,2178.530,2192.17,2204.800,2176.350,34558486.000
2016-08-25,2179.010,2180.66,2183.730,2152.110,38573293.000
2016-08-26,2186.000,2189.75,2211.630,2182.110,39402495.000
2016-08-29,2187.720,2193.2,2209.250,2183.810,37814784.000
2016-08-30,2197.490,2195.53,2210.400,2193.070,36388415.000
2016-08-31,2194.610,2191.76,2198.250,2175.840,34232359.000
2016-09-01,2192.940,2181.33,2201.280,2181.330,35320383.000
2016-09-02,2176.390,2170.86,2187.690,2160.110,34463469.000
2016-09-05,2178.630,2182.69,2199.650,2178.090,31350628.000
2016-09-06,2183.230,2222.84,2225.250,2161.930,46134653.000
2016-09-07,2223.020,2212.05,2232.120,2208.830,48768066.000
2016-09-08,2211.390,2223.47,2223.470,2207.110,38590930.000
2016-09-09,2223.580,2202.97,2228.540,2202.970,38968751.000
2016-09-12,2163.450,2145.56,2179.980,2145.030,41905375.000
2016-09-13,2157.950,2145.87,2165.580,2139.340,30860316.000
2016-09-14,2137.400,2144.56,2156.980,2131.710,29032310.000
2016-09-19,2149.370,2165.21,2174.400,2149.370,26844050.000
2016-09-20,2164.420,2158.43,2167.640,2153.940,28844355.000
2016-09-21,2158.060,2162.13,2170.080,2157.380,27049597.000
2016-09-22,2174.300,2168.42,2178.530,2166.610,28362323.000
2016-09-23,2171.630,2156.51,2173.490,2156.040,30098249.000
2016-09-26,2154.400,2122.9,2161.760,2122.900,32401347.000
2016-09-27,2118.950,2140.8,2140.800,2112.700,28166716.000
2016-09-28,2143.720,2139.63,2143.720,2132.550,24175726.000
2016-09-29,2141.340,2146.18,2155.420,2140.980,25538390.000
2016-09-30,2144.470,2149.9,2154.400,2143.340,23142883.000
2016-10-10,2165.850,2208.47,2208.470,2163.410,36210604.000
2016-10-11,2207.430,2210.86,2210.860,2201.310,33618196.000
2016-10-12,2202.360,2209.69,2216.520,2198.890,32205924.000
2016-10-13,2211.750,2208.57,2216.090,2200.520,32880023.000
2016-10-14,2203.870,2194.23,2203.870,2178.910,32467017.000
2016-10-17,2199.180,2167.86,2200.470,2160.000,34755160.000
2016-10-18,2164.600,2198.14,2198.140,2164.600,33830747.000
2016-10-19,2200.530,2184.91,2201.160,2180.470,35703034.000
2016-10-20,2187.410,2193.26,2199.060,2184.350,39193185.000
2016-10-21,2196.850,2181.0,2202.490,2167.830,41616515.000
2016-10-24,2184.110,2200.8,2204.360,2176.920,37525697.000
2016-10-25,2202.790,2200.21,2207.810,2196.570,34010903.000
2016-10-26,2203.480,2184.49,2204.840,2179.760,39927388.000
2016-10-27,2182.910,2182.48,2184.320,2171.240,32058256.000
2016-10-28,2182.560,2165.43,2192.900,2165.030,37520830.000
2016-10-31,2158.570,2159.76,2162.670,2145.570,31724369.000
2016-11-01,2160.390,2176.45,2177.830,2159.710,34872399.000
2016-11-02,2170.810,2146.4,2171.660,2145.070,38992661.000
2016-11-03,2137.130,2153.18,2167.930,2135.280,43866866.000
2016-11-04,2151.920,2145.23,2168.340,2142.410,40275071.000
2016-11-07,2141.300,2130.3,2145.820,2126.950,35113623.000
2016-11-08,2138.450,2150.3,2154.570,2136.250,33764857.000
2016-11-09,2150.620,2123.84,2154.850,2098.560,41862022.000
2016-11-10,2143.560,2143.32,2149.090,2138.940,37575298.000
2016-11-11,2143.580,2147.11,2147.110,2125.490,44124778.000
2016-11-14,2146.830,2161.69,2175.250,2146.830,46558866.000
2016-11-15,2161.570,2179.3,2179.300,2152.380,43229678.000
2016-11-16,2187.500,2182.47,2208.980,2182.120,51659092.000
2016-11-17,2176.120,2163.04,2176.120,2157.540,36753517.000
2016-11-18,2164.710,2157.96,2170.790,2155.230,32671430.000
2016-11-21,2156.460,2152.6,2162.370,2147.050,34743223.000
2016-11-22,2156.520,2177.65,2177.650,2146.620,41202112.000
2016-11-23,2182.100,2165.71,2191.260,2163.000,49392912.000
2016-11-24,2159.610,2146.63,2172.180,2142.950,39967955.000
2016-11-25,2145.970,2167.53,2167.530,2123.740,41598642.000
2016-11-28,2172.970,2166.04,2175.510,2159.730,35057826.000
2016-11-29,2161.780,2160.35,2178.190,2153.720,40323865.000
2016-11-30,2157.540,2183.05,2201.550,2155.240,41888076.000
2016-12-01,2181.730,2181.93,2188.090,2175.500,34102657.000
2016-12-02,2180.390,2143.45,2186.690,2143.210,38481895.000
2016-12-05,2129.250,2143.88,2162.300,2124.750,30341459.000
2016-12-06,2149.750,2122.26,2156.690,2121.250,28738655.000
2016-12-07,2123.550,2134.99,2134.990,2116.540,26993264.000
2016-12-08,2135.790,2114.71,2136.260,2114.040,29346543.000
2016-12-09,2114.450,2099.89,2118.630,2097.090,29318900.000
2016-12-12,2095.580,1984.39,2096.400,1981.170,45320516.000
2016-12-13,1982.080,1985.04,1995.350,1961.910,30454872.000
2016-12-14,1982.980,1963.08,1988.460,1958.040,26826273.000
2016-12-15,1957.710,1975.85,1991.320,1956.550,26921235.000
2016-12-16,1977.860,1998.11,2005.280,1972.220,26396374.000
2016-12-19,1995.000,1980.41,1995.000,1976.770,23412761.000
2016-12-20,1981.690,1982.3,1989.990,1974.930,22915613.000
2016-12-21,1987.760,1991.7,1996.100,1985.050,24556538.000
2016-12-22,1993.040,1986.27,1993.040,1978.740,22576230.000
2016-12-23,1987.730,1964.54,1992.210,1964.230,24758644.000
2016-12-26,1959.190,1974.01,1974.010,1933.520,25822441.000
2016-12-27,1972.510,1968.62,1977.310,1968.570,24282865.000
2016-12-28,1968.150,1957.15,1971.510,1954.960,24099892.000
2016-12-29,1956.720,1959.24,1971.940,1955.620,24144412.000
2016-12-30,1961.220,1962.06,1964.700,1952.680,23751791.000
2017-01-03,1965.040,1963.26,1971.910,1959.140,23801780.000
2017-01-04,1963.020,1991.57,1992.760,1959.570,30298554.000
2017-01-05,1990.700,1983.97,1993.710,1983.840,26841628.000
2017-01-06,1980.840,1965.03,1982.400,1963.320,29057445.000
2017-01-09,1962.200,1961.62,1968.870,1951.490,25094728.000
2017-01-10,1960.100,1951.68,1967.470,1951.180,22764271.000
2017-01-11,1947.420,1937.55,1959.300,1932.460,26448794.000
2017-01-12,1935.520,1930.14,1946.590,1929.050,23379379.000
2017-01-13,1930.110,1899.94,1934.480,1899.110,26489806.000
2017-01-16,1897.450,1830.85,1897.820,1783.740,36824727.000
2017-01-17,1824.100,1867.87,1875.800,1805.390,31653448.000
2017-01-18,1860.240,1845.79,1862.830,1845.570,22720548.000
2017-01-19,1842.660,1844.14,1853.110,1833.500,20696526.000
2017-01-20,1844.370,1880.75,1892.360,1842.620,27940758.000
2017-01-23,1879.970,1887.32,1897.100,1879.710,24566192.000
2017-01-24,1885.240,1861.22,1885.950,1859.710,22732103.000
2017-01-25,1857.320,1870.7,1874.630,1856.220,20653603.000
2017-01-26,1872.140,1886.23,1887.670,1872.140,19862188.000
2017-02-03,1886.970,1876.76,1888.810,1872.700,18991134.000
2017-02-06,1877.140,1900.45,1903.330,1874.710,24797525.000
2017-02-07,1897.870,1889.13,1900.350,1881.730,25506649.000
2017-02-08,1887.340,1903.63,1903.630,1881.140,29127887.000
2017-02-09,1903.670,1914.08,1916.410,1901.880,32106526.000
2017-02-10,1913.230,1904.68,1915.430,1900.710,29874916.000
2017-02-13,1902.460,1913.68,1919.200,1894.150,29419549.000
2017-02-14,1914.140,1909.4,1918.790,1906.410,26741131.000
2017-02-15,1911.040,1892.36,1920.290,1890.090,31909489.000
2017-02-16,1891.870,1897.63,1900.970,1886.410,27688689.000
2017-02-17,1896.700,1882.87,1904.870,1881.000,30519689.000
2017-02-20,1884.990,1894.96,1894.960,1876.670,29283960.000
2017-02-21,1896.860,1921.08,1924.030,1895.430,35734894.000
2017-02-22,1921.550,1919.97,1925.300,1909.120,31624710.000
2017-02-23,1919.240,1925.95,1925.950,1906.810,32704508.000
2017-02-24,1925.100,1938.44,1939.390,1921.300,34053568.000
2017-02-27,1937.560,1926.77,1943.980,1923.530,34433575.000
2017-02-28,1926.140,1927.16,1931.820,1918.320,31317814.000
2017-03-01,1925.700,1931.97,1938.680,1923.750,34223062.000
2017-03-02,1936.080,1920.4,1937.900,1919.740,31413656.000
2017-03-03,1916.200,1928.29,1932.210,1908.320,31517880.000
2017-03-06,1931.620,1962.77,1962.770,1931.620,39855963.000
2017-03-07,1967.180,1977.85,1977.850,1957.290,38814716.000
2017-03-08,1976.850,1964.63,1976.850,1960.070,33620520.000
2017-03-09,1962.640,1953.94,1962.640,1948.790,33261475.000
2017-03-10,1952.500,1950.01,1957.710,1945.570,29642545.000
2017-03-13,1948.520,1970.88,1972.080,1939.030,34137266.000
2017-03-14,1967.470,1958.02,1970.480,1952.100,35582313.000
2017-03-15,1951.710,1957.82,1964.430,1943.610,33550571.000
2017-03-16,1959.050,1966.73,1968.430,1959.050,36240698.000
2017-03-17,1968.150,1949.66,1981.690,1949.350,43486175.000
2017-03-20,1948.600,1953.82,1953.820,1939.650,35099191.000
2017-03-21,1953.560,1961.06,1961.650,1948.890,31857190.000
2017-03-22,1952.800,1948.58,1959.710,1939.290,35523344.000
2017-03-23,1951.870,1948.37,1960.340,1930.440,38097143.000
2017-03-24,1948.270,1965.14,1966.420,1946.120,33568584.000
2017-03-27,1964.620,1947.53,1967.110,1947.530,32664223.000
2017-03-28,1946.330,1944.36,1953.240,1940.380,27764268.000
2017-03-29,1945.140,1929.2,1948.720,1926.600,33074116.000
2017-03-30,1924.510,1893.7,1926.530,1893.300,37535542.000
2017-03-31,1895.810,1907.34,1908.530,1895.810,28325785.000
2017-04-05,1914.910,1943.16,1943.430,1914.910,34404954.000
2017-04-06,1947.090,1944.23,1951.230,1939.370,32938063.000
2017-04-07,1942.110,1946.05,1953.570,1939.320,35617462.000
2017-04-10,1940.300,1912.45,1940.300,1911.110,44655019.000
2017-04-11,1907.100,1917.63,1920.780,1887.890,44673039.000
2017-04-12,1913.780,1897.51,1915.020,1896.850,34557717.000
2017-04-13,1896.490,1910.48,1920.230,1896.490,29854160.000
2017-04-14,1910.990,1887.46,1910.990,1887.350,32508898.000
2017-04-17,1880.770,1868.28,1886.610,1862.360,34278108.000
2017-04-18,1867.580,1848.2,1878.100,1847.200,32714525.000
2017-04-19,1841.600,1845.38,1845.640,1812.390,36153456.000
2017-04-20,1843.970,1850.39,1856.730,1836.440,31129514.000
2017-04-21,1849.280,1839.01,1863.580,1836.520,26452930.000
2017-04-24,1832.820,1809.91,1832.820,1796.360,29459279.000
2017-04-25,1809.560,1818.87,1829.260,1807.670,28768571.000
2017-04-26,1812.860,1820.48,1822.120,1811.040,29522819.000
2017-04-27,1815.110,1842.92,1847.930,1794.400,43238960.000
2017-04-28,1838.740,1850.73,1856.400,1834.430,33686661.000
2017-05-02,1849.220,1850.85,1855.340,1843.830,30401175.000
2017-05-03,1848.710,1840.45,1854.680,1832.560,34236675.000
2017-05-04,1838.710,1838.1,1858.560,1828.630,37835330.000
2017-05-05,1832.680,1818.19,1839.650,1818.190,33874804.000
2017-05-08,1814.100,1788.71,1825.760,1788.710,33282208.000
2017-05-09,1780.520,1802.49,1803.210,1770.590,31945521.000
2017-05-10,1801.780,1771.32,1815.830,1771.320,34492896.000
2017-05-11,1761.470,1772.41,1772.470,1727.580,37314968.000
2017-05-12,1768.300,1774.63,1774.900,1750.400,30941100.000
2017-05-15,1778.180,1778.64,1788.560,1776.010,29051364.000
2017-05-16,1774.390,1814.94,1814.940,1764.290,42500339.000
2017-05-17,1812.710,1822.64,1833.870,1810.210,45265395.000
2017-05-18,1807.180,1813.51,1827.780,1803.860,39567141.000
2017-05-19,1812.730,1801.08,1815.810,1793.040,33845629.000
2017-05-22,1798.560,1788.08,1814.410,1779.470,35193740.000
2017-05-23,1784.530,1758.23,1790.110,1757.370,36268884.000
2017-05-24,1749.160,1776.28,1776.440,1730.360,33117970.000
2017-05-25,1770.650,1777.69,1785.670,1745.230,37690089.000
2017-05-26,1769.120,1759.63,1772.930,1754.770,36145348.000
2017-05-31,1777.650,1763.73,1783.150,1762.080,34190641.000
2017-06-01,1757.800,1728.49,1757.890,1728.490,33856826.000
2017-06-02,1721.400,1745.93,1754.210,1711.820,34117096.000
2017-06-05,1747.530,1761.25,1767.290,1747.530,32786763.000
2017-06-06,1759.290,1766.39,1773.070,1758.320,29892568.000
2017-06-07,1764.960,1799.85,1802.520,1762.730,43103748.000
2017-06-08,1798.690,1794.75,1804.660,1792.100,38599053.000
2017-06-09,1793.650,1796.13,1797.640,1782.180,35001165.000
2017-06-12,1787.560,1775.55,1787.560,1773.530,31062670.000
2017-06-13,1773.010,1795.63,1800.200,1771.850,32889582.000
2017-06-14,1794.040,1790.64,1798.200,1787.060,34038560.000
2017-06-15,1788.810,1816.26,1823.420,1788.430,46357582.000
2017-06-16,1816.160,1810.05,1819.100,1809.480,37122853.000
2017-06-19,1809.510,1816.4,1817.500,1805.880,30777220.000
2017-06-20,1818.690,1820.98,1833.940,1818.690,39576295.000
2017-06-21,1827.890,1824.69,1829.400,1810.040,37814553.000
2017-06-22,1821.840,1798.38,1828.800,1798.380,39877954.000
2017-06-23,1794.500,1807.43,1807.430,1776.600,36235840.000
2017-06-26,1805.880,1821.28,1821.280,1801.210,31533580.000
2017-06-27,1821.370,1819.93,1830.220,1816.660,30839946.000
2017-06-28,1817.430,1808.2,1818.110,1802.380,28924413.000
2017-06-29,1808.290,1813.55,1822.820,1807.620,29049651.000
2017-06-30,1808.080,1818.07,1819.880,1802.610,28840565.000
2017-07-03,1818.200,1835.99,1836.490,1816.030,32861053.000
2017-07-04,1833.890,1829.51,1834.240,1823.850,30874201.000
2017-07-05,1827.260,1836.63,1836.660,1820.960,33699054.000
2017-07-06,1835.810,1839.0,1844.200,1823.370,40819313.000
2017-07-07,1833.880,1835.44,1836.780,1828.720,35697360.000
2017-07-10,1831.370,1803.25,1831.370,1803.230,38393806.000
2017-07-11,1799.520,1783.91,1804.720,1783.910,33432830.000
2017-07-12,1779.900,1786.75,1788.690,1764.100,34480053.000
2017-07-13,1784.260,1778.86,1786.220,1774.780,27825789.000
2017-07-14,1771.330,1745.57,1771.330,1742.220,33167379.000
2017-07-17,1730.700,1656.43,1730.700,1656.430,46497775.000
2017-07-18,1646.640,1667.49,1672.720,1641.380,32357696.000
2017-07-19,1663.160,1684.77,1685.740,1654.770,30165647.000
2017-07-20,1684.260,1688.61,1712.700,1683.110,31859209.000
2017-07-21,1688.790,1690.15,1699.670,1685.790,26460795.000
2017-07-24,1685.710,1686.44,1689.380,1674.720,29302711.000
2017-07-25,1686.570,1688.09,1694.400,1680.950,29261831.000
2017-07-26,1689.480,1681.31,1692.620,1674.220,30195584.000
2017-07-27,1678.870,1742.19,1742.920,1675.300,59925451.000
2017-07-28,1740.540,1734.07,1746.540,1732.890,45175152.000
2017-07-31,1731.920,1736.3,1744.050,1725.500,39139696.000
2017-08-01,1735.910,1741.07,1742.010,1727.590,40083501.000
2017-08-02,1740.390,1724.83,1744.300,1723.230,41391669.000
2017-08-03,1723.030,1733.12,1757.760,1716.530,44977003.000
2017-08-04,1731.030,1719.62,1734.180,1718.910,39346933.000
2017-08-07,1722.240,1732.43,1743.620,1720.990,33176114.000
2017-08-08,1731.730,1762.42,1762.440,1728.590,43963557.000
2017-08-09,1756.500,1763.05,1770.750,1751.830,42378815.000
2017-08-10,1761.430,1753.67,1777.190,1741.400,42016944.000
2017-08-11,1742.000,1742.14,1763.910,1738.140,40947916.000
2017-08-14,1745.010,1793.48,1794.070,1745.010,49516554.000
2017-08-15,1796.240,1798.57,1803.190,1785.620,44048651.000
2017-08-16,1797.050,1825.19,1835.620,1792.720,62201218.000
2017-08-17,1819.430,1833.4,1845.250,1816.140,57371071.000
2017-08-18,1822.070,1821.8,1835.670,1817.640,46125788.000
2017-08-21,1823.370,1829.22,1834.660,1818.860,39675379.000
2017-08-22,1829.400,1814.92,1831.660,1811.970,42130315.000
2017-08-23,1813.430,1807.37,1818.650,1801.150,37813583.000
2017-08-24,1807.850,1795.74,1812.080,1792.700,39524375.000
2017-08-25,1794.700,1812.88,1814.540,1794.700,39318599.000
2017-08-28,1815.840,1842.83,1856.210,1815.840,54348969.000
2017-08-29,1842.150,1831.59,1850.820,1828.540,47377871.000
2017-08-30,1830.700,1838.63,1849.240,1830.550,41185620.000
2017-08-31,1841.000,1849.38,1850.810,1839.810,39984154.000
2017-09-01,1850.020,1865.25,1865.810,1840.520,51487784.000
2017-09-04,1863.020,1883.62,1888.980,1858.390,60183803.000
2017-09-05,1881.670,1885.16,1891.790,1873.160,55091994.000
2017-09-06,1880.700,1902.86,1902.860,1877.270,59420417.000
2017-09-07,1904.540,1890.38,1917.960,1889.330,69683104.000
2017-09-08,1888.400,1885.27,1895.860,1872.910,52111382.000
2017-09-11,1883.650,1896.38,1896.380,1880.140,49408368.000
2017-09-12,1897.520,1884.48,1904.300,1882.570,63835543.000
2017-09-13,1884.540,1888.43,1888.440,1874.870,47073417.000
2017-09-14,1887.360,1879.25,1892.990,1874.220,47803711.000
2017-09-15,1877.170,1875.63,1882.530,1869.630,43668997.000
2017-09-18,1874.450,1894.8,1894.810,1873.970,39592144.000
2017-09-19,1896.620,1880.3,1901.270,1877.140,43950148.000
2017-09-20,1878.570,1892.67,1892.670,1876.680,45220895.000
2017-09-21,1892.950,1872.77,1898.210,1872.650,49244465.000
2017-09-22,1869.110,1866.42,1871.240,1854.940,44521762.000
2017-09-25,1864.860,1843.62,1869.390,1841.360,40950703.000
2017-09-26,1840.480,1839.46,1848.140,1826.920,37443374.000
2017-09-27,1840.170,1854.94,1857.330,1840.170,36546605.000
2017-09-28,1853.380,1854.73,1864.250,1852.460,39536586.000
2017-09-29,1858.060,1866.98,1866.980,1856.860,39320912.000
2017-10-09,1889.890,1889.84,1894.910,1880.390,47047716.000
2017-10-10,1890.660,1917.46,1917.460,1887.470,54539819.000
2017-10-11,1918.350,1901.55,1924.000,1899.960,54561541.000
2017-10-12,1900.870,1899.99,1909.480,1889.440,44826494.000
2017-10-13,1901.180,1926.07,1927.020,1898.340,47288441.000
2017-10-16,1920.940,1882.69,1921.640,1882.690,55229015.000
2017-10-17,1876.690,1876.99,1888.620,1868.920,33843304.000
2017-10-18,1878.290,1868.16,1890.320,1867.830,38426017.000
2017-10-19,1865.930,1862.61,1876.670,1855.360,37950221.000
2017-10-20,1858.620,1880.21,1880.210,1856.100,31106953.000
2017-10-23,1881.410,1898.76,1900.380,1878.340,33221669.000
2017-10-24,1895.440,1901.69,1901.690,1882.680,34304096.000
2017-10-25,1898.630,1913.26,1913.260,1893.940,32008675.000
2017-10-26,1911.850,1910.72,1918.790,1902.270,37129736.000
2017-10-27,1909.570,1896.22,1910.930,1895.260,33676191.000
2017-10-30,1894.860,1855.99,1902.050,1848.040,45174415.000
2017-10-31,1855.940,1869.79,1869.790,1855.230,30424371.000
2017-11-01,1867.990,1872.75,1881.490,1866.520,33746366.000
2017-11-02,1869.720,1847.56,1869.720,1847.410,36142295.000
2017-11-03,1843.800,1832.97,1856.220,1825.290,34622488.000
2017-11-06,1831.900,1850.3,1850.300,1818.410,32860325.000
2017-11-07,1849.320,1859.07,1859.110,1843.920,35446552.000
2017-11-08,1858.640,1866.14,1881.050,1856.390,41798818.000
2017-11-09,1864.250,1884.11,1884.110,1858.730,38871108.000
2017-11-10,1882.720,1900.63,1905.060,1882.280,42308015.000
2017-11-13,1904.580,1906.44,1911.170,1895.870,43329133.000
2017-11-14,1908.040,1896.72,1912.490,1888.860,44263375.000
2017-11-15,1892.650,1868.08,1894.610,1861.590,37304752.000
2017-11-16,1865.720,1878.26,1883.020,1859.770,33919882.000
2017-11-17,1879.430,1833.9,1884.020,1831.010,48941243.000
2017-11-20,1819.170,1859.75,1859.750,1795.690,34647990.000
2017-11-21,1856.730,1856.96,1871.710,1844.420,36583815.000
2017-11-22,1854.580,1853.38,1867.790,1837.300,37662685.000
2017-11-23,1848.220,1794.78,1848.220,1793.490,36564052.000
2017-11-24,1789.510,1782.66,1804.210,1782.600,30068796.000
2017-11-27,1781.220,1760.9,1794.010,1758.450,29595113.000
2017-11-28,1761.520,1793.87,1794.140,1761.520,29097990.000
2017-11-29,1793.280,1787.38,1795.510,1767.630,31519554.000
2017-11-30,1783.230,1770.3,1792.140,1765.300,28435527.000
2017-12-01,1772.040,1804.62,1808.690,1771.890,33246747.000
2017-12-04,1803.030,1797.77,1812.400,1795.130,32285387.000
2017-12-05,1794.700,1758.59,1799.880,1746.120,34953776.000
2017-12-06,1755.770,1784.31,1784.820,1744.490,32556898.000
2017-12-07,1780.970,1776.99,1791.060,1774.990,30133486.000
2017-12-08,1776.260,1792.16,1803.360,1776.260,31775053.000
2017-12-11,1800.130,1816.98,1816.980,1800.130,35147910.000
2017-12-12,1818.410,1798.69,1821.480,1798.690,32687475.000
2017-12-13,1795.470,1806.09,1806.190,1787.710,29086653.000
2017-12-14,1804.190,1794.34,1809.670,1787.670,29836963.000
2017-12-15,1793.240,1783.97,1801.410,1780.270,31839325.000
2017-12-18,1784.410,1780.64,1790.870,1773.320,28155481.000
2017-12-19,1781.810,1798.5,1802.580,1781.810,28159755.000
2017-12-20,1798.360,1782.41,1799.360,1779.680,29232106.000
2017-12-21,1776.450,1789.74,1796.580,1762.980,31933627.000
2017-12-22,1788.660,1779.34,1795.070,1778.610,28850480.000
2017-12-25,1778.960,1755.81,1780.520,1751.910,32017755.000
2017-12-26,1755.140,1758.82,1760.460,1742.260,28709117.000
2017-12-27,1756.040,1745.24,1760.420,1743.770,29566530.000
2017-12-28,1742.470,1745.02,1759.100,1742.020,30244636.000
2017-12-29,1745.950,1752.65,1753.980,1741.000,27708177.000
2018-01-02,1759.020,1769.67,1770.010,1748.530,27532368.000
2018-01-03,1770.030,1795.38,1798.780,1766.340,37065373.000
2018-01-04,1790.650,1794.61,1795.250,1788.540,32511789.000
2018-01-05,1797.260,1801.42,1804.880,1795.260,31297257.000
2018-01-08,1801.180,1806.16,1806.160,1785.380,34430751.000
2018-01-09,1803.360,1803.59,1808.660,1799.420,29817280.000
2018-01-10,1803.600,1791.08,1804.730,1780.100,34398565.000
2018-01-11,1787.380,1804.23,1807.150,1776.010,38318017.000
2018-01-12,1800.890,1785.7,1802.520,1785.610,33682566.000
2018-01-15,1778.790,1732.62,1780.190,1727.000,40088903.000
2018-01-16,1729.560,1729.6,1740.850,1720.650,32634267.000
2018-01-17,1722.450,1742.03,1750.060,1697.620,39236930.000
2018-01-18,1735.460,1738.0,1754.620,1734.770,29252424.000
2018-01-19,1735.030,1728.14,1745.590,1726.530,32442629.000
2018-01-22,1726.320,1768.21,1776.180,1715.430,41961113.000
2018-01-23,1767.330,1767.83,1776.490,1760.340,33874214.000
2018-01-24,1763.690,1813.28,1817.080,1752.300,54469189.000
2018-01-25,1811.110,1810.83,1852.230,1807.510,59931213.000
2018-01-26,1809.130,1816.8,1830.550,1809.130,42053692.000
2018-01-29,1811.540,1799.77,1826.100,1791.580,44124935.000
2018-01-30,1794.330,1782.4,1808.010,1779.330,35466133.000
2018-01-31,1766.770,1735.06,1767.780,1732.980,44603968.000
2018-02-01,1735.660,1697.39,1746.550,1697.390,45082594.000
2018-02-02,1683.180,1702.43,1726.890,1676.240,40344732.000
2018-02-05,1678.190,1688.27,1698.280,1674.980,31945519.000
2018-02-06,1653.450,1598.12,1675.560,1597.890,43013428.000
2018-02-07,1632.870,1616.4,1637.780,1571.470,44850858.000
2018-02-08,1608.730,1641.43,1651.590,1608.630,45922126.000
2018-02-09,1598.480,1592.51,1629.360,1576.890,48379914.000
2018-02-12,1604.560,1648.07,1654.650,1604.560,39352247.000
2018-02-13,1657.130,1648.58,1669.080,1644.870,36224368.000
2018-02-14,1649.570,1646.77,1652.010,1633.760,26030479.000
2018-02-22,1661.560,1677.76,1679.790,1650.880,31568457.000
2018-02-23,1674.620,1668.83,1681.240,1656.950,35293566.000
2018-02-26,1683.150,1729.15,1733.710,1673.950,48349861.000
2018-02-27,1729.940,1743.54,1757.370,1728.310,56491563.000
2018-02-28,1730.150,1753.63,1773.730,1723.400,53315517.000
2018-03-01,1744.340,1789.85,1789.850,1741.030,56670665.000
2018-03-02,1777.460,1772.01,1804.250,1767.900,54471804.000
2018-03-05,1780.820,1795.69,1795.690,1768.880,43586464.000
2018-03-06,1798.030,1797.61,1810.260,1790.540,50175161.000
2018-03-07,1795.170,1785.27,1800.450,1780.300,43481160.000
2018-03-08,1783.100,1793.22,1795.820,1781.460,41561940.000
2018-03-09,1794.250,1856.46,1858.030,1793.920,70726039.000
2018-03-12,1872.030,1882.41,1901.150,1872.030,74704456.000
2018-03-13,1879.630,1872.68,1896.500,1863.160,62153302.000
2018-03-14,1863.570,1841.29,1874.150,1840.350,51908645.000
2018-03-15,1833.770,1848.71,1848.720,1812.480,47712566.000
2018-03-16,1847.180,1821.32,1857.150,1821.320,42184052.000
2018-03-19,1822.600,1842.92,1860.200,1818.620,46305893.000
2018-03-20,1828.010,1864.62,1867.460,1825.670,51393308.000
2018-03-21,1866.810,1829.91,1877.130,1829.910,58396622.000
2018-03-22,1830.560,1817.23,1841.400,1814.690,47262838.000
2018-03-23,1751.740,1726.02,1792.230,1710.400,68610556.000
2018-03-26,1704.350,1780.61,1781.840,1693.730,50640530.000
2018-03-27,1799.150,1844.69,1846.540,1797.090,63541324.000
2018-03-28,1819.660,1835.15,1856.890,1816.440,66070688.000
2018-03-29,1843.440,1842.19,1857.320,1825.970,58532501.000
2018-03-30,1850.200,1900.48,1900.960,1849.250,69905378.000
2018-04-02,1911.570,1900.25,1918.220,1891.960,74880913.000
2018-04-03,1869.870,1872.47,1886.970,1850.010,62799238.000
2018-04-04,1880.330,1836.81,1887.110,1834.670,58128189.000
2018-04-09,1830.880,1841.65,1862.970,1819.090,53586331.000
2018-04-10,1838.880,1835.52,1842.220,1811.350,60303174.000
2018-04-11,1840.090,1834.63,1857.920,1832.420,56039658.000
2018-04-12,1830.910,1826.89,1848.630,1826.690,50445581.000
2018-04-13,1840.870,1824.59,1848.920,1822.660,49321095.000
2018-04-16,1818.250,1838.71,1852.080,1816.320,55631708.000
2018-04-17,1843.750,1783.74,1849.690,1783.740,58117799.000
2018-04-18,1793.830,1822.26,1832.990,1757.390,63462348.000
2018-04-19,1815.450,1820.28,1839.130,1812.930,59617800.000
2018-04-20,1813.750,1782.81,1830.730,1781.210,58874618.000
2018-04-23,1784.150,1753.05,1794.680,1729.900,52322501.000
2018-04-24,1753.640,1806.86,1806.900,1749.180,54781039.000
2018-04-25,1798.000,1819.41,1825.230,1795.790,56271860.000
2018-04-26,1818.690,1781.28,1819.430,1780.620,51665471.000
2018-04-27,1790.300,1805.6,1813.570,1779.170,49011465.000
2018-05-02,1814.630,1801.57,1833.270,1788.010,47948177.000
2018-05-03,1797.120,1826.79,1827.770,1767.600,51381782.000
2018-05-04,1821.020,1814.85,1832.960,1812.070,44555363.000
2018-05-07,1819.670,1852.34,1854.300,1819.020,49841357.000
2018-05-08,1852.690,1856.87,1857.950,1842.630,50618824.000
2018-05-09,1853.830,1855.81,1861.940,1845.900,50079088.000
2018-05-10,1857.990,1865.36,1866.820,1846.110,55158673.000
2018-05-11,1866.930,1834.78,1870.000,1834.780,53033001.000
2018-05-14,1835.700,1830.98,1844.650,1825.690,47722578.000
2018-05-15,1830.840,1858.01,1858.990,1825.500,44742033.000
2018-05-16,1850.010,1846.67,1862.290,1845.090,44964470.000
2018-05-17,1845.280,1831.2,1851.120,1826.230,41665758.000
2018-05-18,1829.060,1836.75,1839.000,1812.660,41947324.000
2018-05-21,1845.760,1862.48,1870.570,1845.760,53369519.000
2018-05-22,1860.630,1876.0,1876.160,1858.110,51728267.000
2018-05-23,1869.500,1845.97,1876.200,1845.810,54283397.000
2018-05-24,1847.810,1838.4,1855.990,1837.440,46370842.000
2018-05-25,1835.410,1804.55,1841.640,1804.550,50762260.000
2018-05-28,1804.780,1796.91,1815.220,1788.030,47967365.000
2018-05-29,1795.720,1773.65,1815.200,1773.620,47438301.000
2018-05-30,1744.240,1726.22,1758.870,1724.280,54472402.000
2018-05-31,1741.330,1743.74,1748.530,1714.850,44875686.000
2018-06-01,1734.350,1709.55,1744.010,1699.680,42962345.000
2018-06-04,1709.570,1702.93,1715.410,1690.990,37885093.000
2018-06-05,1702.370,1746.11,1747.750,1702.370,42829137.000
2018-06-06,1744.170,1743.25,1751.970,1735.370,42978566.000
2018-06-07,1747.930,1730.38,1750.510,1728.060,41101808.000
2018-06-08,1726.300,1711.52,1727.490,1698.250,40310940.000
2018-06-11,1707.140,1688.62,1708.200,1684.310,35996993.000
2018-06-12,1692.670,1712.77,1715.660,1681.000,38385570.000
2018-06-13,1711.530,1685.89,1711.530,1685.890,37548016.000
2018-06-14,1682.840,1673.32,1702.690,1669.380,35059822.000
2018-06-15,1673.900,1641.66,1681.890,1636.700,42963410.000
2018-06-19,1612.900,1547.15,1626.870,1532.320,51102924.000
2018-06-20,1540.610,1563.79,1577.620,1525.290,47938684.000
2018-06-21,1562.370,1521.68,1570.600,1521.560,46918974.000
2018-06-22,1514.040,1549.66,1555.720,1506.620,42497378.000
2018-06-25,1563.740,1538.56,1566.780,1537.270,39844112.000
2018-06-26,1518.500,1564.92,1570.280,1515.270,45864486.000
2018-06-27,1564.290,1546.23,1572.610,1542.520,45591215.000
2018-06-28,1544.650,1543.66,1570.900,1540.890,43304138.000
2018-06-29,1547.150,1606.71,1609.730,1547.150,53696302.000
2018-07-02,1605.210,1588.37,1614.340,1572.560,52699447.000
2018-07-03,1589.500,1607.12,1613.830,1558.000,56654688.000
2018-07-04,1595.890,1565.61,1596.000,1557.540,49069423.000
2018-07-05,1560.980,1532.68,1576.990,1532.430,44402899.000
2018-07-06,1532.050,1541.31,1571.020,1517.060,52784156.000
2018-07-09,1546.010,1581.93,1582.530,1546.010,44704134.000
2018-07-10,1583.740,1592.98,1594.000,1577.390,46284338.000
2018-07-11,1562.590,1563.01,1577.170,1540.700,54205240.000
2018-07-12,1563.790,1614.63,1620.640,1563.790,66027329.000
2018-07-13,1612.190,1618.46,1626.270,1608.600,59975420.000
2018-07-16,1614.560,1616.91,1624.330,1605.210,54502804.000
2018-07-17,1615.840,1621.63,1622.090,1597.880,52099525.000
2018-07-18,1622.290,1607.88,1635.910,1607.880,54942872.000
2018-07-19,1607.930,1590.06,1619.390,1582.970,48701257.000
2018-07-20,1589.310,1609.55,1615.060,1578.800,47607815.000
2018-07-23,1592.240,1620.97,1621.170,1589.640,56063294.000
2018-07-24,1615.720,1629.61,1641.970,1607.540,60980866.000
2018-07-25,1629.130,1632.32,1645.440,1626.090,57503331.000
2018-07-26,1631.460,1606.12,1635.050,1601.460,62541499.000
2018-07-27,1601.270,1594.57,1607.300,1590.430,51793009.000
2018-07-30,1593.600,1559.64,1596.730,1554.040,47052240.000
2018-07-31,1557.600,1561.26,1571.870,1551.090,38682712.000
2018-08-01,1568.120,1541.86,1580.840,1541.860,43096596.000
2018-08-02,1538.280,1510.09,1538.940,1484.480,52104330.000
2018-08-03,1512.570,1481.61,1523.240,1481.610,35986045.000
2018-08-06,1471.360,1440.8,1485.850,1434.790,38149596.000
2018-08-07,1445.620,1479.44,1482.030,1435.090,40346032.000
2018-08-08,1475.320,1447.76,1480.280,1446.810,40958092.000
2018-08-09,1443.870,1497.61,1509.870,1443.300,50565249.000
2018-08-10,1496.100,1511.71,1514.510,1496.100,41058539.000
2018-08-13,1494.310,1531.34,1534.120,1490.820,43528579.000
2018-08-14,1530.450,1518.49,1533.070,1512.160,39294661.000
2018-08-15,1518.280,1478.51,1519.720,1472.440,42034532.000
2018-08-16,1458.390,1463.87,1489.340,1449.930,40486316.000
2018-08-17,1475.890,1434.31,1480.420,1432.060,38191213.000
2018-08-20,1428.260,1435.69,1444.000,1404.190,39557195.000
2018-08-21,1435.360,1456.97,1461.380,1431.840,39472402.000
2018-08-22,1454.710,1439.55,1457.790,1437.260,38469603.000
2018-08-23,1439.660,1455.5,1463.020,1438.280,38919965.000
2018-08-24,1450.950,1450.09,1460.650,1442.810,35110756.000
2018-08-27,1455.660,1493.43,1495.680,1454.280,44329997.000
2018-08-28,1495.900,1493.11,1499.680,1485.540,40443114.000
2018-08-29,1491.780,1481.19,1491.780,1475.970,36929514.000
2018-08-30,1479.850,1457.92,1484.160,1456.240,38571997.000
2018-08-31,1450.470,1435.2,1455.510,1434.310,34966143.000
2018-09-03,1433.630,1443.69,1445.300,1416.240,37705448.000
2018-09-04,1442.270,1455.5,1461.110,1430.660,44518686.000
2018-09-05,1450.390,1430.24,1457.590,1430.240,44146668.000
2018-09-06,1424.460,1422.87,1443.560,1416.570,41905424.000
2018-09-07,1426.980,1425.23,1453.090,1415.170,45714662.000
2018-09-10,1424.010,1390.82,1427.330,1390.140,41741248.000
2018-09-11,1389.540,1395.17,1405.980,1383.130,36747320.000
2018-09-12,1394.160,1385.8,1406.400,1382.840,36223156.000
2018-09-13,1401.960,1391.28,1408.870,1369.510,42769869.000
2018-09-14,1394.090,1366.57,1396.470,1366.570,43722262.000
2018-09-17,1360.720,1349.78,1365.400,1345.580,37591480.000
2018-09-18,1348.110,1377.3,1379.380,1347.120,41638030.000
2018-09-19,1375.210,1392.4,1405.710,1369.470,49908639.000
2018-09-20,1391.250,1387.62,1400.040,1384.710,43468368.000
2018-09-21,1393.670,1411.12,1413.560,1382.400,46145262.000
2018-09-25,1401.860,1405.81,1416.780,1398.400,33961766.000
2018-09-26,1409.020,1420.75,1430.120,1403.560,43969168.000
2018-09-27,1418.370,1400.36,1423.390,1399.150,49046820.000
2018-09-28,1403.960,1411.34,1412.950,1394.250,38975683.000
2018-10-08,1380.650,1353.67,1388.160,1353.230,37885507.000
2018-10-09,1357.970,1345.95,1365.830,1338.730,32554214.000
2018-10-10,1350.680,1346.7,1358.490,1333.840,33740896.000
2018-10-11,1299.170,1261.88,1311.840,1255.420,54575787.000
2018-10-12,1253.920,1268.41,1276.590,1230.400,49562476.000
2018-10-15,1268.880,1250.22,1282.290,1249.200,38982650.000
2018-10-16,1249.560,1216.69,1252.040,1210.100,41139608.000
2018-10-17,1231.000,1231.86,1237.770,1204.080,46837450.000
2018-10-18,1220.290,1205.03,1230.130,1205.030,45298371.000
2018-10-19,1186.490,1249.89,1252.690,1184.910,49743303.000
2018-10-22,1270.500,1314.94,1329.550,1270.490,67040368.000
2018-10-23,1313.680,1292.06,1321.970,1281.110,56342047.000
2018-10-24,1285.860,1284.1,1303.230,1277.590,45634501.000
2018-10-25,1245.300,1273.6,1279.940,1239.590,46661932.000
2018-10-26,1283.070,1263.19,1290.570,1257.500,41997490.000
2018-10-29,1262.540,1250.48,1271.350,1245.150,36434882.000
2018-10-30,1248.670,1259.95,1279.040,1222.620,44339806.000
2018-10-31,1263.340,1275.57,1287.350,1259.660,44622354.000
2018-11-01,1291.880,1286.33,1312.770,1286.330,59508617.000
2018-11-02,1328.460,1348.28,1349.430,1320.740,68860713.000
2018-11-05,1347.470,1348.88,1371.430,1325.020,67791544.000
2018-11-06,1346.530,1349.11,1350.820,1327.400,50219016.000
2018-11-07,1349.620,1345.77,1367.270,1345.200,58586065.000
2018-11-08,1357.890,1329.59,1359.290,1328.990,50689611.000
2018-11-09,1321.330,1322.83,1337.390,1318.210,43652554.000
2018-11-12,1322.870,1368.79,1370.870,1320.520,62902639.000
2018-11-13,1356.620,1392.05,1400.870,1353.630,87290888.000
2018-11-14,1388.230,1385.73,1401.430,1382.790,74507255.000
2018-11-15,1382.340,1405.25,1405.390,1381.290,68113463.000
2018-11-16,1406.730,1403.28,1415.380,1390.810,72087100.000
2018-11-19,1399.000,1394.4,1403.940,1380.600,63350102.000
2018-11-20,1384.180,1355.33,1385.960,1352.730,63894445.000
2018-11-21,1344.400,1363.03,1364.760,1342.160,57344923.000
2018-11-22,1365.480,1353.92,1371.390,1349.990,51790139.000
2018-11-23,1355.170,1308.74,1355.170,1306.560,63949536.000
2018-11-26,1309.470,1304.56,1316.470,1296.030,42769700.000
2018-11-27,1314.090,1315.43,1322.410,1307.200,44788730.000
2018-11-28,1314.530,1341.08,1341.510,1305.020,55448497.000
2018-11-29,1347.740,1312.72,1351.980,1312.720,55540169.000
2018-11-30,1309.890,1329.39,1332.930,1304.660,48034178.000
2018-12-03,1365.900,1372.79,1380.820,1358.100,66019821.000
2018-12-04,1370.290,1378.75,1378.990,1366.490,56644954.000
2018-12-05,1359.270,1381.77,1391.030,1355.700,60014964.000
2018-12-06,1371.340,1345.76,1376.320,1342.810,57111806.000
2018-12-07,1344.130,1341.02,1349.260,1334.390,47585257.000
2018-12-10,1328.060,1326.85,1340.160,1325.910,45161321.000
2018-12-11,1332.520,1338.08,1339.020,1328.440,43401098.000
2018-12-12,1343.900,1338.73,1347.740,1335.350,45260072.000
2018-12-13,1341.550,1348.5,1357.020,1327.020,51922690.000
2018-12-14,1346.900,1310.46,1346.900,1309.440,52506979.000
2018-12-17,1303.880,1299.17,1306.950,1284.660,41966203.000
2018-12-18,1293.150,1293.34,1307.900,1282.960,40321940.000
2018-12-19,1295.890,1268.81,1296.860,1265.750,38466011.000
2018-12-20,1266.760,1278.16,1282.110,1265.880,38969150.000
2018-12-21,1274.040,1270.3,1279.500,1259.810,38881079.000
2018-12-24,1267.230,1284.33,1285.690,1263.570,38790014.000
2018-12-25,1269.140,1273.45,1279.700,1243.970,53075755.000
2018-12-26,1272.240,1264.07,1280.360,1262.340,44764549.000
2018-12-27,1283.170,1248.08,1285.520,1246.790,48542962.000
2018-12-28,1248.060,1250.53,1253.840,1236.280,43144916.000
2019-01-02,1250.620,1228.77,1251.230,1226.870,37899531.000
2019-01-03,1226.740,1214.5,1240.290,1213.870,46874281.000
2019-01-04,1203.670,1245.16,1246.390,1201.800,57771140.000
2019-01-07,1250.400,1268.06,1270.360,1244.820,63864037.000
2019-01-08,1262.200,1263.51,1270.430,1258.570,59502582.000
2019-01-09,1263.730,1262.52,1285.310,1258.620,67379457.000
2019-01-10,1262.100,1258.99,1270.660,1255.740,60079139.000
2019-01-11,1260.000,1261.56,1266.670,1252.300,57687061.000
2019-01-14,1263.020,1246.0,1264.040,1243.530,56699158.000
2019-01-15,1243.930,1266.27,1267.650,1238.590,58126895.000
2019-01-16,1267.140,1267.3,1277.270,1262.270,55111235.000
2019-01-17,1267.820,1251.41,1267.820,1251.150,51818064.000
2019-01-18,1255.600,1269.5,1270.000,1248.850,50640530.000
2019-01-21,1271.390,1274.79,1283.140,1266.800,51088753.000
2019-01-22,1273.470,1252.24,1273.470,1247.450,47440492.000
2019-01-23,1250.830,1251.13,1255.410,1244.940,41704004.000
2019-01-24,1252.380,1265.16,1272.490,1248.060,50755540.000
2019-01-25,1266.630,1265.49,1276.990,1261.410,51347193.000
2019-01-28,1272.370,1259.74,1279.820,1257.530,51305174.000
2019-01-29,1259.800,1243.59,1259.800,1229.480,51543345.000
2019-01-30,1238.280,1230.82,1248.960,1230.820,41711934.000
2019-01-31,1231.000,1227.99,1243.590,1220.950,52366207.000
2019-02-01,1233.380,1271.27,1272.190,1233.380,46354210.000
2019-02-11,1275.220,1316.1,1319.180,1274.730,52224416.000
2019-02-12,1316.910,1332.27,1336.140,1314.910,58697467.000
2019-02-13,1335.160,1357.67,1362.640,1333.110,72372681.000
2019-02-14,1357.780,1361.94,1369.780,1349.470,67547726.000
2019-02-15,1360.760,1357.84,1371.960,1355.780,68019638.000
2019-02-18,1364.940,1413.6,1413.770,1364.940,91472143.000
2019-02-19,1419.040,1406.04,1427.140,1391.570,102824505.000
2019-02-20,1406.990,1408.38,1417.890,1387.900,85928762.000
2019-02-21,1405.520,1412.54,1452.390,1401.770,106419625.000
2019-02-22,1409.860,1456.3,1456.300,1407.290,98390321.000
2019-02-25,1487.300,1536.37,1538.160,1481.170,146336606.000
2019-02-26,1549.240,1546.99,1581.830,1532.440,154548729.000
2019-02-27,1544.160,1520.42,1555.590,1503.680,122573201.000
2019-02-28,1522.630,1535.68,1549.330,1519.760,98043519.000
2019-03-01,1558.900,1567.87,1568.320,1532.450,93850278.000
2019-03-04,1596.550,1619.71,1651.010,1593.260,139956931.000
2019-03-05,1615.590,1676.57,1676.570,1613.500,141562275.000
2019-03-06,1684.970,1700.5,1704.100,1661.010,162408735.000
2019-03-07,1699.600,1692.42,1719.150,1666.370,164515686.000
2019-03-08,1647.850,1654.49,1718.380,1635.450,170862330.000
2019-03-11,1673.400,1727.8,1728.330,1656.140,148764384.000
2019-03-12,1733.430,1773.43,1789.160,1733.430,175565483.000
2019-03-13,1769.550,1693.86,1769.550,1682.360,152889685.000
2019-03-14,1676.610,1650.19,1700.520,1628.640,118466693.000
2019-03-15,1667.780,1662.62,1685.080,1642.700,98734441.000
2019-03-18,1671.280,1707.06,1707.060,1652.880,95332936.000
2019-03-19,1706.190,1708.87,1730.350,1693.540,98553411.000
2019-03-20,1701.730,1687.9,1705.590,1654.300,100299384.000
2019-03-21,1683.550,1703.85,1716.450,1677.650,117792895.000
2019-03-22,1703.970,1693.87,1703.970,1660.330,100370135.000
2019-03-25,1662.760,1668.84,1695.090,1658.450,104375725.000
2019-03-26,1680.780,1630.19,1684.360,1627.230,104600710.000
2019-03-27,1640.210,1637.77,1645.560,1616.600,87928097.000
2019-03-28,1632.040,1626.82,1659.940,1624.010,86193706.000
2019-03-29,1633.380,1693.55,1693.550,1628.740,100114564.000
2019-04-01,1710.160,1760.89,1766.370,1710.160,121650996.000
2019-04-02,1771.690,1754.16,1774.980,1747.440,131529823.000
2019-04-03,1743.990,1768.18,1769.760,1739.140,111334596.000
2019-04-04,1780.280,1777.26,1784.470,1761.050,115917091.000
2019-04-08,1787.960,1739.66,1792.030,1720.000,119082024.000
2019-04-09,1734.180,1741.17,1753.520,1721.320,98511499.000
2019-04-10,1727.970,1726.64,1740.850,1714.640,116036255.000
2019-04-11,1727.220,1691.1,1732.610,1688.100,103545437.000
2019-04-12,1692.430,1695.73,1702.350,1683.290,83599278.000
2019-04-15,1721.640,1666.9,1726.200,1666.650,89210623.000
2019-04-16,1656.760,1697.53,1697.530,1638.300,95438650.000
2019-04-17,1699.190,1717.44,1729.210,1697.970,107376772.000
2019-04-18,1715.180,1704.55,1719.960,1702.930,99340776.000
2019-04-19,1704.720,1715.8,1715.800,1692.490,95607644.000
2019-04-22,1720.780,1697.51,1723.560,1690.640,102662459.000
2019-04-23,1695.270,1683.8,1706.080,1677.730,93033375.000
2019-04-24,1690.280,1718.85,1721.420,1676.640,86336153.000
2019-04-25,1709.830,1669.98,1723.660,1669.240,103488546.000
2019-04-26,1664.040,1657.82,1682.460,1653.690,82295686.000
2019-04-29,1658.190,1615.62,1661.060,1611.220,89788375.000
2019-04-30,1612.110,1623.78,1634.710,1608.720,67089716.000
2019-05-06,1551.720,1494.89,1563.610,1487.450,81031183.000
2019-05-07,1506.970,1504.16,1523.660,1474.500,71414081.000
2019-05-08,1469.240,1481.87,1515.160,1465.090,69212266.000
2019-05-09,1470.980,1469.48,1491.380,1466.970,62281924.000
2019-05-10,1489.190,1533.87,1535.160,1463.190,88878924.000
2019-05-13,1513.960,1503.06,1523.880,1494.480,68284178.000
2019-05-14,1492.900,1494.6,1517.670,1491.440,66451752.000
2019-05-15,1509.450,1528.69,1533.730,1503.670,70865256.000
2019-05-16,1528.630,1533.67,1537.590,1515.610,71206744.000
2019-05-17,1537.450,1478.75,1537.450,1472.460,85849562.000
2019-05-20,1478.200,1469.31,1481.190,1450.280,69790734.000
2019-05-21,1469.970,1493.72,1504.210,1465.880,71139761.000
2019-05-22,1493.660,1488.63,1503.810,1477.460,75104707.000
2019-05-23,1486.950,1451.24,1486.950,1449.140,79315305.000
2019-05-24,1452.040,1443.75,1465.240,1437.930,65014833.000
2019-05-27,1447.980,1491.95,1496.790,1445.790,74315057.000
2019-05-28,1497.120,1505.16,1506.780,1483.760,75525871.000
2019-05-29,1492.580,1497.89,1507.180,1488.040,66917693.000
2019-05-30,1494.350,1485.24,1495.240,1466.830,69812267.000
2019-05-31,1487.280,1483.66,1498.240,1474.530,65465278.000
2019-06-03,1489.430,1468.98,1499.010,1466.270,71768355.000
2019-06-04,1467.590,1456.27,1476.210,1448.000,63831588.000
2019-06-05,1471.950,1451.18,1475.540,1448.990,62980458.000
2019-06-06,1450.100,1416.06,1450.100,1411.610,62187252.000
2019-06-10,1422.340,1431.34,1441.170,1410.570,54225467.000
2019-06-11,1432.950,1487.35,1488.930,1430.090,83442255.000
2019-06-12,1481.420,1473.9,1486.600,1467.540,75916365.000
2019-06-13,1474.550,1479.83,1485.720,1464.840,75013262.000
2019-06-14,1478.530,1453.96,1489.470,1451.660,74768380.000
2019-06-17,1450.560,1442.35,1459.210,1437.140,56997685.000
2019-06-18,1443.650,1455.75,1460.190,1437.040,53789400.000
2019-06-19,1501.250,1469.99,1504.410,1469.590,77993089.000
2019-06-20,1469.810,1498.01,1507.620,1463.820,83670038.000
2019-06-21,1531.390,1523.81,1534.490,1515.910,103894653.000
2019-06-24,1526.700,1514.46,1526.700,1507.690,88485984.000
2019-06-25,1512.930,1498.47,1512.930,1480.270,83518680.000
2019-06-26,1490.560,1504.55,1511.530,1487.750,72317768.000
2019-06-27,1510.090,1525.24,1529.720,1507.970,82720017.000
2019-06-28,1523.790,1511.51,1523.790,1501.630,76333521.000
2019-07-01,1545.060,1568.16,1568.400,1534.560,95588571.000
2019-07-02,1565.990,1570.51,1577.030,1560.600,85373339.000
2019-07-03,1566.300,1544.36,1566.300,1538.370,71583163.000
2019-07-04,1548.560,1532.74,1551.140,1525.290,65887633.000
2019-07-05,1535.480,1547.74,1551.940,1532.860,56981127.000
2019-07-08,1547.600,1506.66,1547.600,1495.230,71985841.000
2019-07-09,1507.390,1517.79,1521.710,1501.740,51837661.000
2019-07-10,1521.950,1510.43,1523.810,1504.660,51291224.000
2019-07-11,1522.810,1514.2,1531.640,1507.700,53400624.000
2019-07-12,1517.040,1518.07,1525.690,1506.700,52203777.000
2019-07-15,1512.770,1547.47,1556.050,1496.810,71413141.000
2019-07-16,1545.340,1545.27,1551.990,1538.620,57055200.000
2019-07-17,1544.420,1550.22,1563.050,1541.370,62319513.000
2019-07-18,1542.430,1524.48,1542.660,1524.480,58632213.000
2019-07-19,1532.380,1541.98,1552.740,1532.380,54482721.000
2019-07-22,1545.910,1515.97,1545.930,1511.520,59460660.000
2019-07-23,1519.630,1534.93,1535.040,1516.860,48815543.000
2019-07-24,1539.230,1553.72,1562.130,1538.670,62182764.000
2019-07-25,1552.850,1566.08,1567.330,1549.490,58250038.000
2019-07-26,1562.200,1561.86,1565.440,1552.390,49682582.000
2019-07-29,1561.270,1566.52,1566.740,1556.380,49739310.000
2019-07-30,1568.160,1580.13,1593.690,1566.600,56056773.000
2019-07-31,1577.200,1570.39,1578.750,1567.990,49678391.000
2019-08-01,1562.530,1573.87,1578.860,1561.200,53238743.000
2019-08-02,1539.920,1556.74,1559.120,1536.400,61741259.000
2019-08-05,1552.350,1531.37,1566.730,1531.370,55998768.000
2019-08-06,1501.400,1507.91,1517.680,1478.540,74142424.000
2019-08-07,1520.580,1500.25,1523.620,1500.070,51855359.000
2019-08-08,1512.270,1522.97,1526.180,1511.340,48632470.000
2019-08-09,1532.980,1507.71,1536.250,1504.890,53389191.000
2019-08-12,1511.320,1539.91,1539.910,1506.680,51313082.000
2019-08-13,1526.080,1524.36,1535.980,1519.010,48041894.000
2019-08-14,1546.210,1536.66,1551.440,1534.850,58219586.000
2019-08-15,1507.950,1555.77,1556.010,1505.430,61485833.000
2019-08-16,1554.720,1567.99,1584.380,1553.820,64693983.000
2019-08-19,1586.010,1622.84,1622.840,1581.710,89620554.000
2019-08-20,1624.800,1611.59,1630.320,1607.400,83911540.000
2019-08-21,1614.300,1609.83,1616.080,1605.400,67621491.000
2019-08-22,1614.130,1613.46,1615.610,1599.310,68810035.000
2019-08-23,1614.540,1615.56,1623.190,1605.010,71199829.000
2019-08-26,1588.550,1600.8,1608.200,1587.900,66665918.000
2019-08-27,1611.900,1628.12,1646.870,1610.000,80858368.000
2019-08-28,1629.990,1625.19,1632.690,1617.250,75561575.000
2019-08-29,1625.960,1620.86,1632.960,1615.570,77118266.000
2019-08-30,1630.050,1610.9,1637.260,1600.450,89764724.000
2019-09-02,1614.030,1652.29,1655.420,1610.810,85920279.000
2019-09-03,1656.050,1660.43,1662.380,1646.920,88876711.000
2019-09-04,1656.590,1669.41,1669.410,1650.030,88852061.000
2019-09-05,1682.440,1689.05,1708.970,1682.440,115982552.000
2019-09-06,1699.660,1692.24,1700.190,1674.670,94286868.000
2019-09-09,1702.990,1733.23,1733.230,1691.940,112397120.000
2019-09-10,1733.630,1725.31,1734.970,1715.750,109761197.000
2019-09-11,1730.350,1703.54,1736.180,1700.910,94464744.000
2019-09-12,1713.590,1710.57,1715.330,1695.290,82485893.000
2019-09-16,1715.920,1714.37,1723.110,1703.380,93380674.000
2019-09-17,1710.770,1677.99,1710.770,1671.070,95946159.000
2019-09-18,1683.150,1679.31,1687.110,1668.660,77797993.000
2019-09-19,1684.930,1705.6,1706.860,1676.500,77939585.000
2019-09-20,1709.230,1705.05,1716.840,1701.400,81861383.000
2019-09-23,1699.340,1684.32,1699.340,1669.890,78227222.000
2019-09-24,1685.120,1694.6,1706.820,1678.180,85258936.000
2019-09-25,1686.190,1672.65,1689.230,1670.680,83686812.000
2019-09-26,1677.790,1623.79,1680.930,1623.650,85389488.000
2019-09-27,1628.140,1647.53,1653.060,1624.750,66989739.000
2019-09-30,1648.900,1627.55,1651.870,1626.050,57100676.000
2019-10-08,1631.920,1616.58,1638.720,1615.160,56130708.000
2019-10-09,1613.020,1622.42,1623.180,1601.810,54507433.000
2019-10-10,1632.220,1666.97,1668.170,1627.430,65454119.000
2019-10-11,1667.950,1666.83,1675.740,1654.560,73142654.000
2019-10-14,1678.790,1679.38,1690.940,1671.090,81755294.000
2019-10-15,1676.240,1660.89,1676.240,1659.110,84824386.000
2019-10-16,1661.000,1656.37,1671.770,1655.300,71384315.000
2019-10-17,1657.930,1658.26,1664.100,1652.430,62932494.000
2019-10-18,1662.610,1648.63,1674.920,1644.270,69621792.000
2019-10-21,1651.290,1644.51,1651.290,1628.930,65727686.000
2019-10-22,1649.760,1666.87,1667.210,1647.310,66785190.000
2019-10-23,1668.710,1650.29,1672.430,1646.980,67317979.000
2019-10-24,1650.790,1653.86,1658.390,1640.160,63894840.000
2019-10-25,1655.290,1675.34,1677.030,1649.140,66393594.000
2019-10-28,1687.370,1704.42,1704.780,1684.110,92214079.000
2019-10-29,1702.150,1686.58,1706.310,1686.580,98225986.000
2019-10-30,1684.600,1684.08,1689.830,1672.100,78073735.000
2019-10-31,1688.420,1671.31,1693.390,1669.330,68010322.000
2019-11-01,1667.860,1687.0,1688.710,1663.610,64583252.000
2019-11-04,1689.580,1699.92,1707.110,1689.000,67321000.000
2019-11-05,1704.060,1713.29,1718.180,1695.400,64748531.000
2019-11-06,1720.680,1703.02,1721.100,1696.790,64296773.000
2019-11-07,1698.630,1715.58,1724.370,1695.340,61746938.000
2019-11-08,1724.400,1711.22,1731.000,1709.960,65839680.000
2019-11-11,1699.170,1673.13,1700.280,1671.670,65448503.000
2019-11-12,1676.430,1671.44,1679.730,1654.910,56920943.000
2019-11-13,1673.550,1681.79,1683.630,1666.570,51317667.000
2019-11-14,1682.870,1692.58,1696.730,1681.070,54779580.000
2019-11-15,1692.080,1674.78,1695.970,1674.780,61722545.000
2019-11-18,1671.590,1682.49,1683.460,1665.110,52224997.000
2019-11-19,1685.750,1729.08,1729.160,1683.570,67367355.000
2019-11-20,1730.030,1719.66,1745.090,1717.010,69311267.000
2019-11-21,1713.440,1713.2,1726.760,1706.880,56086057.000
2019-11-22,1721.880,1679.8,1736.830,1670.930,72448378.000
2019-11-25,1682.230,1661.77,1684.450,1652.540,59748924.000
2019-11-26,1667.780,1679.08,1679.730,1659.030,55443958.000
2019-11-27,1671.150,1674.39,1686.490,1659.000,52869133.000
2019-11-28,1675.170,1673.79,1683.250,1668.160,49591082.000
2019-11-29,1670.390,1664.9,1673.230,1647.290,49298765.000
2019-12-02,1670.160,1669.54,1680.240,1665.110,50711154.000
2019-12-03,1664.790,1675.39,1675.420,1647.670,54839039.000
2019-12-04,1666.600,1673.78,1683.790,1663.930,52555544.000
2019-12-05,1681.250,1709.83,1714.080,1679.400,63428042.000
2019-12-06,1711.640,1726.8,1726.800,1707.220,66525918.000
2019-12-09,1733.480,1721.07,1734.060,1715.390,70982449.000
2019-12-10,1715.710,1734.02,1734.020,1711.010,75974593.000
2019-12-11,1730.400,1718.26,1733.740,1713.900,77995587.000
2019-12-12,1720.420,1720.99,1733.750,1716.780,78031036.000
2019-12-13,1738.560,1755.41,1757.750,1733.120,81972539.000
2019-12-16,1760.800,1780.33,1780.330,1752.010,96066630.000
2019-12-17,1782.980,1801.62,1807.950,1780.520,108961727.000
2019-12-18,1798.400,1792.42,1804.380,1787.230,105321415.000
2019-12-19,1792.710,1790.44,1797.020,1781.030,100376984.000
2019-12-20,1792.050,1771.71,1798.380,1771.710,95294231.000
2019-12-23,1763.730,1736.62,1775.010,1735.720,83578134.000
2019-12-24,1742.890,1769.87,1769.890,1742.860,72078880.000
2019-12-25,1766.220,1784.39,1787.500,1764.810,81747977.000
2019-12-26,1784.430,1793.64,1793.640,1777.700,77388718.000
2019-12-27,1795.410,1767.58,1805.190,1767.170,91075748.000
2019-12-30,1763.580,1790.24,1790.910,1749.160,79328426.000
2019-12-31,1790.800,1798.12,1804.820,1787.450,70185624.000
2020-01-02,1811.220,1832.74,1839.410,1797.540,104308809.000
2020-01-03,1836.860,1836.01,1842.560,1821.670,102278947.000
2020-01-06,1825.550,1859.92,1876.460,1824.350,123882597.000
2020-01-07,1866.260,1893.21,1893.210,1866.260,117716464.000
2020-01-08,1881.010,1862.7,1892.580,1858.280,124252640.000
2020-01-09,1884.420,1913.14,1913.780,1884.420,111039941.000
2020-01-10,1917.610,1904.19,1917.830,1894.670,101909878.000
2020-01-13,1905.400,1935.07,1935.070,1893.570,97008284.000
2020-01-14,1941.120,1922.56,1945.770,1922.130,104559052.000
2020-01-15,1920.660,1924.24,1928.690,1902.610,96262132.000
2020-01-16,1924.520,1929.96,1936.030,1917.560,90789901.000
2020-01-17,1935.300,1932.51,1949.040,1928.350,87891982.000
2020-01-20,1940.120,1982.18,1982.180,1935.830,96129782.000
2020-01-21,1979.370,1967.03,1987.660,1959.440,97771047.000
2020-01-22,1958.080,1993.9,2004.390,1928.030,104920752.000
2020-01-23,1973.330,1927.74,1996.550,1904.280,115766356.000
2020-02-03,1769.160,1795.77,1830.810,1769.160,55016176.000
2020-02-04,1786.160,1882.69,1886.800,1786.160,137879858.000
2020-02-05,1908.970,1939.62,1966.260,1901.800,128392844.000
2020-02-06,1934.980,2012.25,2014.880,1918.660,139859248.000
2020-02-07,2014.160,2015.8,2025.320,1976.790,150570021.000
2020-02-10,2019.310,2042.18,2043.680,2007.220,140850193.000
2020-02-11,2044.220,2028.44,2046.810,2015.760,114694176.000
2020-02-12,2024.380,2085.28,2086.940,2022.680,125141580.000
2020-02-13,2080.820,2064.6,2093.370,2052.570,132454668.000
2020-02-14,2063.310,2069.22,2104.010,2049.260,120465864.000
2020-02-17,2089.210,2146.18,2146.180,2089.210,137288265.000
2020-02-18,2149.300,2170.95,2170.950,2134.340,151987308.000
2020-02-19,2168.850,2139.44,2171.950,2137.410,153374702.000
2020-02-20,2151.420,2186.74,2190.500,2140.060,149959190.000
2020-02-21,2191.980,2226.64,2247.420,2189.250,171554382.000
2020-02-24,2223.190,2263.97,2271.700,2213.820,174379828.000
2020-02-25,2218.330,2287.31,2293.460,2171.680,203878173.000
2020-02-26,2248.650,2180.7,2263.070,2173.200,181700143.000
2020-02-27,2200.380,2196.71,2233.760,2163.880,151009506.000
2020-02-28,2114.320,2071.57,2155.970,2068.930,163640946.000
2020-03-02,2110.450,2135.42,2153.220,2082.970,135581757.000
2020-03-03,2190.500,2173.35,2238.730,2151.520,164936782.000
2020-03-04,2159.860,2169.44,2180.430,2122.450,136894653.000
2020-03-05,2206.080,2209.59,2216.820,2176.490,153722439.000
2020-03-06,2178.500,2192.94,2220.360,2175.010,132655706.000
2020-03-09,2151.270,2093.06,2163.730,2091.860,147291766.000
2020-03-10,2083.200,2148.81,2151.450,2052.060,146435946.000
2020-03-11,2157.930,2101.46,2162.600,2100.510,138201955.000
2020-03-12,2070.220,2045.93,2076.010,2025.910,116725612.000
2020-03-13,1937.950,2030.58,2055.330,1937.950,139508390.000
2020-03-16,2034.750,1910.77,2036.730,1902.400,141969967.000
2020-03-17,1941.200,1917.7,1955.620,1847.510,118215892.000
2020-03-18,1941.300,1887.04,1980.790,1887.040,119135600.000
2020-03-19,1898.760,1894.94,1908.690,1838.310,111763653.000
2020-03-20,1923.960,1915.05,1928.880,1878.850,99447957.000
2020-03-23,1856.300,1827.05,1884.450,1819.770,100245520.000
2020-03-24,1869.040,1876.91,1880.860,1817.550,107738326.000
2020-03-25,1924.990,1937.85,1940.070,1915.530,109371605.000
2020-03-26,1922.790,1927.28,1948.630,1914.350,91010077.000
2020-03-27,1955.870,1903.88,1957.700,1902.790,88595916.000
2020-03-30,1875.310,1860.48,1877.500,1833.010,93248637.000
2020-03-31,1876.690,1871.92,1886.270,1862.860,75089026.000
2020-04-01,1875.360,1864.8,1900.180,1862.270,79588690.000
2020-04-02,1860.080,1916.95,1916.950,1857.320,83463907.000
2020-04-03,1912.740,1906.67,1928.340,1898.790,78491578.000
2020-04-07,1944.960,1969.78,1972.870,1942.800,93934406.000
2020-04-08,1960.360,1964.76,1974.720,1956.900,102688836.000
2020-04-09,1981.240,1997.14,2001.360,1975.040,102822082.000
2020-04-10,1990.260,1949.88,1994.350,1943.690,117673204.000
2020-04-13,1929.800,1923.08,1937.330,1913.960,82726406.000
2020-04-14,1937.290,1985.43,1985.430,1934.480,87774176.000
2020-04-15,1991.600,1977.51,2002.760,1975.800,92250820.000
2020-04-16,1970.730,2008.39,2012.460,1968.250,94386726.000
2020-04-17,2025.650,2020.77,2048.280,2015.830,108220064.000
2020-04-20,2027.840,2043.44,2043.560,2022.590,94948122.000
2020-04-21,2035.770,2023.94,2035.770,1996.960,100837496.000
2020-04-22,2005.650,2043.17,2043.560,2002.960,96548430.000
2020-04-23,2053.120,2029.52,2057.850,2027.330,101770887.000
2020-04-24,2032.550,2003.75,2038.240,1997.120,98175462.000
2020-04-27,2011.160,2018.67,2035.890,1995.510,84520651.000
2020-04-28,2023.960,2030.72,2046.930,1967.400,98202547.000
2020-04-29,2022.510,2030.48,2053.380,2020.980,74031472.000
2020-04-30,2044.680,2069.43,2077.810,2043.820,92259395.000
2020-05-06,2052.390,2110.27,2111.660,2051.290,88958108.000
2020-05-07,2113.750,2106.84,2116.230,2095.740,87730690.000
2020-05-08,2117.870,2125.24,2137.790,2112.890,86308598.000
2020-05-11,2137.980,2102.83,2139.670,2088.660,88158883.000
2020-05-12,2106.220,2124.15,2125.320,2092.580,82133007.000
2020-05-13,2120.010,2140.68,2145.020,2116.550,76039748.000
2020-05-14,2131.460,2117.65,2137.140,2116.350,83797583.000
2020-05-15,2128.880,2124.31,2138.970,2109.550,82473693.000
2020-05-18,2122.310,2114.86,2137.150,2096.250,91835861.000
2020-05-19,2137.420,2144.12,2144.980,2128.890,79874086.000
2020-05-20,2149.290,2118.12,2153.240,2112.090,86947433.000
2020-05-21,2130.960,2099.43,2138.720,2092.540,78795762.000
2020-05-22,2099.420,2046.6,2099.420,2036.680,77402719.000
2020-05-25,2049.710,2052.3,2055.190,2036.000,65445850.000
2020-05-26,2070.140,2112.97,2113.290,2067.140,74688074.000
2020-05-27,2114.070,2071.47,2114.860,2064.410,79251186.000
2020-05-28,2071.170,2054.96,2075.870,2021.980,79237094.000
2020-05-29,2049.750,2086.67,2090.300,2043.950,81707121.000
2020-06-01,2105.240,2158.22,2163.350,2105.240,107881046.000
2020-06-02,2164.990,2145.29,2164.990,2132.400,104579153.000
2020-06-03,2151.500,2143.12,2165.450,2139.990,105267979.000
2020-06-04,2150.500,2151.39,2157.280,2137.350,90592752.000
2020-06-05,2152.420,2166.38,2166.380,2143.280,88300815.000
2020-06-08,2184.580,2153.56,2186.970,2147.860,93822482.000
2020-06-09,2160.340,2181.59,2186.470,2147.170,87758747.000
2020-06-10,2186.560,2201.99,2205.270,2180.350,87498423.000
2020-06-11,2202.140,2195.64,2236.080,2181.590,99893149.000
2020-06-12,2149.960,2206.76,2220.970,2147.420,100475912.000
2020-06-15,2223.430,2219.55,2256.650,2217.290,112025959.000
2020-06-16,2246.890,2260.46,2261.180,2239.340,108897750.000
2020-06-17,2265.090,2263.96,2274.490,2248.720,116002772.000
2020-06-18,2266.880,2266.03,2270.110,2243.630,108983630.000
2020-06-19,2271.650,2319.45,2328.580,2271.590,100219601.000
2020-06-22,2328.400,2342.88,2358.910,2328.400,104120544.000
2020-06-23,2344.050,2382.05,2382.330,2335.220,98534784.000
2020-06-24,2386.260,2382.47,2397.360,2367.680,93198978.000
2020-06-29,2375.990,2372.54,2387.160,2360.160,94748211.000
2020-06-30,2387.590,2438.2,2441.900,2387.590,95645911.000
2020-07-01,2449.870,2419.63,2450.840,2381.590,102164493.000
2020-07-02,2418.310,2424.39,2435.120,2397.690,113172178.000
2020-07-03,2426.300,2462.56,2467.500,2408.000,121657183.000
2020-07-06,2469.240,2529.49,2535.710,2460.130,160596288.000
2020-07-07,2548.410,2591.26,2632.810,2538.820,178290023.000
2020-07-08,2603.650,2651.97,2653.070,2577.480,157824921.000
2020-07-09,2649.450,2757.65,2771.220,2646.470,188232613.000
2020-07-10,2744.610,2778.46,2799.000,2734.970,166475242.000
2020-07-13,2789.980,2889.43,2896.310,2789.980,168284800.000
2020-07-14,2876.850,2858.67,2892.890,2789.040,178742672.000
2020-07-15,2866.240,2813.06,2894.420,2787.830,169519164.000
2020-07-16,2814.800,2646.26,2849.100,2638.170,152471917.000
2020-07-17,2659.450,2662.4,2726.280,2618.680,119000950.000
2020-07-20,2707.610,2697.3,2717.000,2619.030,116014825.000
2020-07-21,2708.130,2736.51,2745.050,2692.870,114653687.000
2020-07-22,2725.450,2769.03,2807.420,2716.450,122934185.000
2020-07-23,2740.410,2799.67,2799.670,2707.550,131398481.000
2020-07-24,2769.970,2627.84,2781.790,2614.780,148408028.000
2020-07-27,2639.260,2631.76,2671.450,2605.770,104460639.000
2020-07-28,2668.250,2666.52,2677.740,2627.650,102525677.000
2020-07-29,2659.940,2767.4,2768.170,2652.900,119939648.000
2020-07-30,2782.110,2743.63,2787.380,2734.060,125904640.000
2020-07-31,2747.410,2795.4,2817.420,2741.440,128758028.000
2020-08-03,2831.350,2868.88,2870.650,2801.110,150165189.000
2020-08-04,2863.320,2832.84,2893.400,2819.010,143951678.000
2020-08-05,2826.410,2860.24,2875.440,2803.770,126667244.000
2020-08-06,2868.820,2814.37,2868.820,2774.690,135418059.000
2020-08-07,2807.100,2749.95,2823.970,2703.130,130208075.000
2020-08-10,2735.430,2735.26,2757.430,2693.730,114416028.000
2020-08-11,2740.150,2688.7,2774.900,2686.190,116626968.000
2020-08-12,2689.580,2635.5,2694.950,2577.710,114210808.000
2020-08-13,2657.200,2622.64,2660.710,2611.140,98316982.000
2020-08-14,2624.830,2668.71,2669.480,2615.630,98734235.000
2020-08-17,2682.210,2696.39,2696.700,2652.050,117568784.000
2020-08-18,2702.420,2701.06,2724.040,2689.030,120061423.000
2020-08-19,2695.890,2612.84,2695.890,2612.840,117062321.000
2020-08-20,2592.880,2587.86,2629.290,2578.390,96989274.000
2020-08-21,2611.540,2632.45,2644.020,2607.820,107788142.000
2020-08-24,2653.630,2684.63,2704.800,2592.660,139892574.000
2020-08-25,2687.290,2701.6,2737.470,2683.190,184569998.000
2020-08-26,2701.480,2644.14,2717.800,2635.130,182394719.000
2020-08-27,2653.740,2689.17,2699.880,2637.420,194445373.000
2020-08-28,2687.230,2757.84,2762.890,2680.490,192629571.000
2020-08-31,2769.830,2728.31,2779.520,2726.680,172379101.000
2020-09-01,2721.180,2750.42,2750.420,2701.560,169326637.000
2020-09-02,2753.930,2771.85,2785.350,2731.410,261898138.000
2020-09-03,2766.980,2746.95,2789.120,2738.130,235159947.000
2020-09-04,2690.290,2732.15,2739.900,2686.870,219786642.000
2020-09-07,2728.740,2641.2,2745.610,2628.860,279798272.000
2020-09-08,2648.440,2650.63,2663.690,2612.640,287026737.000
2020-09-09,2609.130,2523.4,2609.370,2506.900,333012910.000
2020-09-10,2551.300,2483.03,2565.850,2477.670,258696292.000
2020-09-11,2474.700,2536.62,2542.130,2474.700,181158237.000
2020-09-14,2568.010,2572.6,2604.390,2548.090,215760890.000
2020-09-15,2578.690,2595.15,2599.540,2563.070,199711778.000
2020-09-16,2597.640,2554.8,2597.640,2540.020,168027775.000
2020-09-17,2551.290,2557.32,2582.260,2521.600,167239057.000
2020-09-18,2558.290,2596.08,2600.580,2537.840,168612432.000
2020-09-21,2605.550,2569.22,2607.650,2565.040,156039995.000
2020-09-22,2556.460,2555.54,2596.810,2547.360,153335234.000
2020-09-23,2563.710,2599.88,2608.420,2549.340,151394835.000
2020-09-24,2576.040,2535.87,2583.620,2535.870,151494434.000
2020-09-25,2551.440,2540.43,2570.360,2529.130,114819788.000
2020-09-28,2551.780,2521.25,2555.020,2517.040,105450515.000
2020-09-29,2538.360,2563.38,2579.270,2521.700,104691543.000
2020-09-30,2575.460,2574.76,2601.800,2561.050,104697400.000
2020-10-09,2632.590,2672.93,2679.010,2629.220,127638012.000
2020-10-12,2702.160,2777.39,2777.390,2698.760,176260460.000
2020-10-13,2769.660,2784.72,2792.970,2754.150,183299978.000
2020-10-14,2777.890,2764.24,2793.490,2759.540,169506569.000
2020-10-15,2767.170,2737.96,2770.340,2735.340,151819391.000
2020-10-16,2735.680,2724.5,2754.350,2697.250,141887297.000
2020-10-19,2750.950,2689.67,2752.760,2684.460,150111919.000
2020-10-20,2698.050,2740.58,2740.580,2686.820,157330282.000
2020-10-21,2746.730,2700.53,2746.730,2689.340,161333018.000
2020-10-22,2686.780,2673.59,2686.890,2645.750,151359942.000
2020-10-23,2680.710,2600.84,2701.460,2592.420,153680876.000
2020-10-26,2585.790,2617.74,2629.310,2555.320,133022943.000
2020-10-27,2618.700,2650.76,2656.160,2613.080,142274462.000
2020-10-28,2648.490,2670.48,2684.950,2628.470,158609084.000
2020-10-29,2635.690,2699.92,2713.880,2631.230,161399373.000
2020-10-30,2709.000,2655.86,2712.450,2647.310,173642652.000
2020-11-02,2670.520,2708.39,2721.310,2664.760,138505147.000
2020-11-03,2720.700,2744.31,2750.470,2701.070,148341523.000
2020-11-04,2747.540,2750.55,2758.420,2725.520,145125603.000
2020-11-05,2782.060,2787.88,2791.570,2744.780,157318233.000
2020-11-06,2798.550,2733.07,2798.550,2708.080,148413439.000
2020-11-09,2753.930,2814.0,2831.370,2753.930,164948290.000
2020-11-10,2811.480,2773.22,2811.480,2757.950,153553843.000
2020-11-11,2762.710,2681.52,2766.640,2681.520,125100460.000
2020-11-12,2705.760,2700.51,2721.430,2687.760,107900127.000
2020-11-13,2699.520,2706.81,2717.460,2679.090,96424476.000
2020-11-16,2716.020,2712.41,2722.520,2679.100,98640214.000
2020-11-17,2715.090,2658.09,2715.690,2626.370,112459614.000
2020-11-18,2656.890,2620.67,2680.620,2612.820,105527486.000
2020-11-19,2614.780,2645.16,2651.370,2593.830,117615007.000
2020-11-20,2649.560,2667.09,2677.130,2649.560,105833684.000
2020-11-23,2677.350,2686.36,2705.770,2653.080,111090075.000
2020-11-24,2689.800,2674.8,2700.020,2664.950,100786818.000
2020-11-25,2678.110,2615.53,2679.030,2615.530,105680514.000
2020-11-26,2616.740,2609.39,2632.870,2584.690,96422807.000
2020-11-27,2614.660,2618.99,2635.690,2594.070,92445134.000
2020-11-30,2627.870,2631.89,2653.440,2593.700,101784215.000
2020-12-01,2628.730,2698.44,2700.280,2627.450,107272561.000
2020-12-02,2697.440,2682.97,2703.250,2662.180,108326576.000
2020-12-03,2681.590,2712.52,2721.850,2670.210,103656536.000
2020-12-04,2701.370,2730.84,2736.270,2696.950,88609362.000
2020-12-07,2720.850,2726.48,2739.770,2715.930,90628690.000
2020-12-08,2736.030,2746.28,2757.340,2735.830,82537975.000
2020-12-09,2752.350,2697.83,2763.410,2693.190,101002815.000
2020-12-10,2689.210,2718.55,2734.640,2675.460,85881189.000
2020-12-11,2727.970,2687.78,2733.940,2665.100,106423087.000
2020-12-14,2695.190,2726.6,2729.070,2674.510,90804571.000
2020-12-15,2727.950,2758.85,2761.320,2720.140,85709854.000
2020-12-16,2764.340,2760.64,2771.590,2732.580,88134019.000
2020-12-17,2758.440,2785.62,2789.250,2739.160,93729080.000
2020-12-18,2787.780,2780.73,2803.110,2768.470,82883837.000
2020-12-21,2789.640,2882.44,2882.440,2783.390,88575200.000
2020-12-22,2867.210,2811.75,2888.350,2809.920,104673254.000
2020-12-23,2822.260,2842.97,2865.470,2809.790,99054392.000
2020-12-24,2838.940,2820.75,2848.340,2811.930,102202311.000
2020-12-25,2811.550,2840.8,2841.570,2793.780,87907671.000
2020-12-28,2847.120,2842.81,2861.000,2823.000,97762013.000
2020-12-29,2838.710,2813.0,2843.720,2795.650,97368670.000
2020-12-30,2828.010,2900.54,2909.190,2827.070,84564376.000
2020-12-31,2911.390,2966.26,2969.750,2909.670,87399891.000
2021-01-04,2977.320,3078.11,3094.530,2963.410,104349614.000
2021-01-05,3050.180,3097.98,3100.000,3027.760,109187299.000
2021-01-06,3113.850,3115.09,3134.760,3057.560,111972349.000
2021-01-07,3106.340,3162.4,3162.400,3086.060,126540769.000
2021-01-08,3179.370,3150.78,3194.370,3115.990,111271746.000
2021-01-11,3159.590,3092.86,3159.590,3066.740,108210138.000
2021-01-12,3079.840,3180.35,3180.350,3057.740,93867327.000
2021-01-13,3180.750,3130.3,3207.070,3100.070,104239949.000
2021-01-14,3101.960,3089.18,3142.850,3061.020,94183093.000
2021-01-15,3074.000,3089.94,3109.870,3020.780,91396640.000
2021-01-18,3078.030,3149.2,3164.580,3056.810,93923229.000
2021-01-19,3146.270,3084.49,3157.460,3074.190,106575120.000
2021-01-20,3106.350,3204.93,3204.930,3098.430,94380761.000
2021-01-21,3217.830,3283.72,3303.320,3217.830,106153641.000
2021-01-22,3282.040,3358.24,3366.690,3281.400,105032752.000
2021-01-25,3363.600,3355.24,3427.440,3333.740,103834676.000
2021-01-26,3335.440,3258.36,3335.440,3253.270,92179460.000
2021-01-27,3269.770,3281.03,3296.160,3196.090,91484094.000
2021-01-28,3219.930,3161.86,3248.020,3160.530,95663222.000
2021-01-29,3201.670,3128.86,3221.110,3070.040,98297508.000
2021-02-01,3134.790,3159.99,3189.850,3123.440,87202140.000
2021-02-02,3176.250,3228.7,3232.430,3130.760,85529207.000
2021-02-03,3245.260,3223.77,3276.230,3218.870,87356803.000
2021-02-04,3208.650,3200.55,3248.280,3155.790,86627498.000
2021-02-05,3224.850,3193.71,3256.720,3191.460,76045480.000
2021-02-08,3202.480,3278.06,3278.060,3162.590,66972657.000
2021-02-09,3291.500,3334.24,3339.970,3273.060,71738961.000
2021-02-10,3350.320,3413.81,3427.820,3314.670,69134933.000
2021-02-18,3475.890,3320.14,3476.000,3300.180,91427754.000
2021-02-19,3289.010,3285.53,3308.750,3195.950,93986268.000
2021-02-22,3278.590,3138.67,3278.590,3138.650,118336668.000
2021-02-23,3099.190,3112.36,3156.370,3090.320,88083782.000
2021-02-24,3112.720,3007.46,3125.240,2973.880,97988561.000
2021-02-25,3040.900,2977.18,3045.000,2969.030,88285851.000
2021-02-26,2907.480,2914.11,2961.030,2887.810,90275926.000
2021-03-01,2958.530,2994.75,2998.030,2935.080,90984644.000
2021-03-02,3019.100,2966.89,3023.210,2937.890,87564875.000
2021-03-03,2951.290,2997.75,2997.990,2933.830,80357922.000
2021-03-04,2962.520,2851.87,2962.520,2841.150,95795005.000
2021-03-05,2800.250,2871.97,2897.170,2800.250,105779692.000
2021-03-08,2889.080,2728.84,2905.470,2726.340,107092804.000
2021-03-09,2717.170,2633.45,2733.980,2608.240,108261659.000
2021-03-10,2708.230,2676.7,2720.250,2665.700,85425561.000
2021-03-11,2682.950,2746.58,2768.950,2677.570,83028387.000
2021-03-12,2768.580,2756.81,2771.870,2711.330,83114959.000
2021-03-15,2737.450,2644.01,2737.450,2612.450,79935707.000
2021-03-16,2664.690,2672.12,2678.920,2629.360,88291562.000
2021-03-17,2662.930,2704.14,2717.670,2631.730,84968443.000
2021-03-18,2717.270,2748.73,2760.790,2713.850,84056848.000
2021-03-19,2697.830,2671.52,2726.870,2654.000,80629029.000
2021-03-22,2683.640,2698.26,2729.100,2665.620,82721007.000
2021-03-23,2684.640,2668.08,2708.960,2641.370,90522749.000
2021-03-24,2650.370,2634.61,2678.400,2623.290,80878795.000
2021-03-25,2609.380,2656.0,2670.900,2603.940,84741034.000
2021-03-26,2672.910,2745.4,2754.300,2672.910,80652150.000
2021-03-29,2747.860,2733.96,2768.140,2716.950,79025158.000
2021-03-30,2728.490,2771.32,2779.870,2722.230,80983697.000
2021-03-31,2770.330,2758.5,2777.080,2731.220,68452039.000
2021-04-01,2766.420,2815.41,2819.410,2766.420,65051661.000
2021-04-02,2828.350,2852.23,2871.110,2820.010,68828040.000
2021-04-06,2865.440,2831.6,2871.870,2814.490,70207120.000
2021-04-07,2843.570,2807.2,2843.570,2773.670,74257327.000
2021-04-08,2793.170,2826.99,2838.940,2778.870,78439434.000
2021-04-09,2823.780,2783.33,2829.960,2772.310,69288416.000
2021-04-12,2789.780,2719.95,2813.490,2711.840,76038630.000
2021-04-13,2719.560,2742.85,2785.140,2719.560,70626205.000
2021-04-14,2753.670,2804.41,2809.160,2753.670,68452421.000
2021-04-15,2787.250,2790.64,2793.670,2761.290,68717982.000
2021-04-16,2801.740,2783.37,2802.620,2744.680,79576096.000
2021-04-19,2777.020,2898.73,2899.730,2769.650,90706317.000
2021-04-20,2880.060,2896.11,2922.030,2870.290,91430207.000
2021-04-21,2873.360,2916.97,2920.720,2867.210,76179405.000
2021-04-22,2941.300,2939.39,2950.230,2901.920,76739358.000
2021-04-23,2938.930,2994.49,3009.270,2937.940,83983192.000
2021-04-26,3019.300,2969.4,3057.120,2965.010,93732277.000
2021-04-27,2964.030,2986.03,2986.030,2946.800,87910105.000
2021-04-28,2990.700,3050.58,3052.040,2980.650,82166911.000
2021-04-29,3053.740,3051.42,3068.600,3014.550,83585825.000
2021-04-30,3040.650,3091.4,3110.160,3037.310,81081276.000
2021-05-06,3059.580,3014.81,3059.580,2961.990,74216191.000
2021-05-07,3021.870,2910.41,3026.850,2910.410,81480623.000
2021-05-10,2920.420,2921.72,2960.330,2901.080,80161307.000
2021-05-11,2898.800,2921.34,2932.480,2864.050,81060366.000
2021-05-12,2913.060,2960.36,2965.210,2887.210,82562319.000
2021-05-13,2922.730,2943.62,2967.620,2912.520,93382117.000
2021-05-14,2954.170,3033.81,3039.730,2942.980,105551583.000
2021-05-17,3049.020,3112.74,3130.200,3049.020,102722232.000
2021-05-18,3108.630,3090.12,3128.940,3068.760,84858621.000
2021-05-19,3081.220,3114.72,3128.600,3075.800,86107660.000
2021-05-20,3113.550,3143.62,3158.450,3112.560,86554521.000
2021-05-21,3162.790,3113.26,3171.900,3098.240,85093497.000
2021-05-24,3128.780,3139.69,3140.950,3075.450,87403194.000
2021-05-25,3155.270,3227.36,3232.740,3151.900,92506458.000
2021-05-26,3226.700,3196.85,3228.770,3185.770,99712490.000
2021-05-27,3192.040,3226.11,3238.450,3169.030,100394361.000
2021-05-28,3226.080,3232.29,3285.280,3215.030,102431745.000
2021-05-31,3246.150,3309.07,3309.750,3246.150,102148572.000
2021-06-01,3290.530,3300.16,3307.470,3242.900,108692165.000
2021-06-02,3309.180,3243.02,3310.490,3228.850,105011106.000
2021-06-03,3241.160,3201.78,3255.160,3201.230,99111260.000
2021-06-04,3194.390,3242.61,3281.260,3183.670,99530493.000
2021-06-07,3240.950,3228.24,3241.770,3197.910,101851187.000
2021-06-08,3227.270,3208.57,3275.780,3185.220,113862128.000
2021-06-09,3203.150,3207.63,3222.180,3183.060,106230210.000
2021-06-10,3213.440,3285.51,3301.160,3213.440,133126000.000
2021-06-11,3305.530,3298.5,3320.260,3266.360,142328260.000
2021-06-15,3298.210,3262.19,3306.440,3240.520,135815570.000
2021-06-16,3258.600,3125.7,3258.690,3122.810,140025080.000
2021-06-17,3133.910,3188.59,3197.540,3133.910,131986883.000
2021-06-18,3210.140,3239.23,3260.730,3198.290,135807223.000
2021-06-21,3235.690,3270.58,3288.740,3205.360,140970659.000
2021-06-22,3273.630,3281.99,3291.180,3220.420,152034108.000
2021-06-23,3288.760,3318.95,3341.960,3266.900,142736946.000
2021-06-24,3326.330,3279.16,3328.560,3260.030,132892484.000
2021-06-25,3288.270,3347.7,3355.880,3286.270,127420406.000
2021-06-28,3356.220,3412.86,3422.730,3345.210,119358637.000
2021-06-29,3438.880,3406.24,3445.870,3392.630,122183462.000
2021-06-30,3418.810,3477.18,3484.190,3389.960,119646224.000
2021-07-01,3486.780,3455.36,3500.740,3431.770,133199517.000
2021-07-02,3429.610,3333.9,3429.610,3329.820,119977644.000
2021-07-05,3332.490,3352.12,3387.100,3318.340,128973925.000
2021-07-06,3359.260,3291.99,3367.750,3240.870,138459689.000
2021-07-07,3278.130,3409.59,3419.700,3261.320,129431746.000
2021-07-08,3435.310,3432.96,3469.600,3418.700,153752824.000
2021-07-09,3413.020,3409.31,3428.300,3334.270,137781112.000
2021-07-12,3453.010,3534.76,3554.070,3426.010,160606048.000
2021-07-13,3518.530,3514.98,3560.880,3478.270,164077837.000
2021-07-14,3491.420,3488.63,3539.550,3464.920,156374361.000
2021-07-15,3476.110,3537.39,3537.390,3453.350,138243388.000
2021-07-16,3525.270,3432.65,3525.270,3428.980,130951905.000
2021-07-19,3438.200,3449.53,3482.090,3420.400,135626549.000
2021-07-20,3431.000,3463.79,3491.050,3418.760,127280016.000
2021-07-21,3480.700,3560.05,3568.700,3473.150,160303292.000
2021-07-22,3572.440,3544.44,3576.120,3512.720,172597708.000
2021-07-23,3539.420,3469.87,3542.280,3461.620,174156250.000
2021-07-26,3450.900,3371.23,3464.740,3292.200,163488545.000
2021-07-27,3384.460,3232.84,3423.450,3232.840,168643142.000
2021-07-28,3204.310,3284.92,3306.500,3157.990,152311021.000
2021-07-29,3375.330,3459.72,3467.900,3338.130,156644084.000
2021-07-30,3454.030,3440.18,3479.380,3402.330,171733128.000
2021-08-02,3448.260,3493.36,3500.330,3399.640,172263865.000
2021-08-03,3490.860,3477.23,3517.100,3447.140,187257777.000
2021-08-04,3463.730,3563.13,3564.270,3445.050,165124105.000
2021-08-05,3547.840,3532.5,3569.840,3507.030,174787164.000
2021-08-06,3539.970,3490.9,3548.340,3469.120,159069034.000
2021-08-09,3455.700,3456.75,3466.880,3412.860,143720714.000
2021-08-10,3453.850,3468.67,3470.970,3422.380,159164878.000
2021-08-11,3457.790,3437.06,3471.940,3422.860,170524419.000
2021-08-12,3413.520,3386.43,3439.410,3379.420,171889789.000
2021-08-13,3360.520,3345.13,3432.820,3328.700,166107673.000
2021-08-16,3330.820,3301.39,3346.800,3288.050,157289222.000
2021-08-17,3311.950,3224.15,3326.080,3211.240,169655834.000
2021-08-18,3238.260,3248.37,3269.220,3219.050,149355741.000
2021-08-19,3259.090,3278.36,3304.430,3231.360,146988302.000
2021-08-20,3256.490,3192.9,3265.630,3162.760,141494425.000
2021-08-23,3218.970,3293.77,3296.360,3202.810,162310376.000
2021-08-24,3301.860,3330.58,3351.930,3269.860,164651032.000
2021-08-25,3330.810,3348.66,3348.890,3295.460,147652045.000
2021-08-26,3361.910,3264.45,3368.650,3262.680,151206857.000
2021-08-27,3259.150,3257.07,3296.680,3243.180,148065440.000
2021-08-30,3275.970,3271.8,3316.630,3249.870,154720364.000
2021-08-31,3273.810,3214.12,3273.810,3181.350,148153770.000
2021-09-01,3214.170,3186.85,3222.470,3128.270,157238175.000
2021-09-02,3181.260,3138.8,3200.040,3133.760,142711906.000
2021-09-03,3150.300,3102.14,3165.210,3088.780,161008189.000
2021-09-06,3106.260,3228.09,3231.570,3085.150,144187607.000
2021-09-07,3222.430,3251.49,3256.530,3203.680,146501612.000
2021-09-08,3259.530,3219.95,3282.450,3215.470,171774045.000
2021-09-09,3224.450,3221.94,3244.070,3174.030,163756605.000
2021-09-10,3207.860,3232.01,3241.870,3189.970,152421662.000
2021-09-13,3231.390,3194.27,3260.330,3183.440,153534684.000
2021-09-14,3199.410,3236.55,3275.940,3197.900,158960727.000
2021-09-15,3233.150,3200.4,3234.130,3185.650,142905729.000
2021-09-16,3199.460,3128.84,3199.460,3127.790,152198805.000
2021-09-17,3124.320,3193.26,3201.450,3122.320,134558606.000
2021-09-22,3144.450,3164.33,3199.770,3141.240,112279501.000
2021-09-23,3197.260,3182.47,3210.640,3160.580,140236606.000
2021-09-24,3176.870,3207.82,3250.140,3169.500,131482179.000
2021-09-27,3228.070,3231.58,3280.300,3211.610,139566851.000
2021-09-28,3219.380,3211.45,3272.940,3202.620,98933544.000
2021-09-29,3181.980,3175.15,3209.690,3165.490,106740703.000
2021-09-30,3188.390,3244.65,3257.670,3180.910,92699790.000
2021-10-08,3259.460,3243.2,3285.730,3224.060,107041226.000
2021-10-11,3242.180,3196.19,3257.360,3190.660,102582262.000
2021-10-12,3194.010,3138.26,3196.710,3106.470,106184146.000
2021-10-13,3141.420,3210.16,3211.340,3140.020,92078027.000
2021-10-14,3216.860,3215.74,3238.150,3204.920,91124921.000
2021-10-15,3198.890,3276.32,3284.650,3187.400,100190862.000
2021-10-18,3287.040,3276.48,3287.040,3231.050,95237733.000
2021-10-19,3293.800,3297.29,3310.020,3273.550,97524323.000
2021-10-20,3304.550,3285.12,3320.330,3276.820,101313045.000
2021-10-21,3286.270,3279.49,3304.010,3256.850,99955586.000
2021-10-22,3290.540,3284.91,3309.560,3268.940,102248580.000
2021-10-25,3303.220,3338.62,3342.220,3302.490,104409541.000
2021-10-26,3370.790,3327.54,3370.790,3322.190,115421052.000
2021-10-27,3321.640,3308.96,3324.350,3283.730,116326900.000
2021-10-28,3301.910,3278.36,3335.930,3266.310,106916755.000
2021-10-29,3275.830,3350.67,3358.350,3253.040,114832780.000
2021-11-01,3341.470,3331.91,3374.540,3302.960,118892883.000
2021-11-02,3329.410,3339.6,3373.180,3307.500,126929526.000
2021-11-03,3334.410,3327.09,3363.750,3301.440,107344993.000
2021-11-04,3351.300,3362.25,3380.210,3344.760,120315841.000
2021-11-05,3354.380,3352.75,3383.300,3347.160,146071645.000
2021-11-08,3353.890,3380.29,3393.390,3341.600,142140736.000
2021-11-09,3400.970,3409.94,3409.940,3377.510,135163196.000
2021-11-10,3388.050,3399.66,3403.310,3338.460,146438327.000
2021-11-11,3396.650,3433.24,3443.960,3393.980,160049961.000
2021-11-12,3436.260,3430.14,3446.040,3409.480,159366786.000
2021-11-15,3435.620,3401.87,3435.680,3387.530,163286152.000
2021-11-16,3400.340,3393.71,3423.520,3389.550,163438148.000
2021-11-17,3413.430,3421.33,3425.570,3400.770,150039573.000
2021-11-18,3416.640,3383.91,3416.640,3374.010,158807897.000
2021-11-19,3385.830,3418.96,3419.750,3378.380,143651046.000
2021-11-22,3434.570,3505.73,3505.730,3430.590,151512706.000
2021-11-23,3501.220,3492.77,3508.900,3482.690,155539470.000
2021-11-24,3488.380,3478.66,3501.580,3469.360,160103457.000
2021-11-25,3477.600,3474.45,3490.620,3462.130,159861102.000
2021-11-26,3470.210,3468.87,3501.340,3461.190,154450649.000
2021-11-29,3455.610,3503.41,3522.500,3455.610,147618156.000
2021-11-30,3520.290,3495.59,3520.290,3472.580,160870671.000
2021-12-01,3492.440,3473.37,3501.330,3459.510,159308703.000
2021-12-02,3464.920,3466.91,3487.940,3456.310,162528852.000
2021-12-03,3467.410,3478.67,3482.460,3446.950,134108853.000
2021-12-06,3460.960,3405.93,3479.860,3403.160,139565611.000
2021-12-07,3429.760,3368.78,3429.840,3338.000,130414422.000
2021-12-08,3388.320,3424.7,3428.230,3378.280,117223017.000
2021-12-09,3422.380,3459.32,3463.650,3400.380,132985741.000
2021-12-10,3431.290,3466.8,3485.080,3429.570,131223519.000
2021-12-13,3473.390,3496.96,3508.190,3457.540,143239655.000
2021-12-14,3491.820,3495.06,3507.270,3486.910,156779354.000
2021-12-15,3492.580,3464.76,3520.470,3462.510,159256018.000
2021-12-16,3479.180,3490.45,3491.180,3467.730,153450440.000
2021-12-17,3480.510,3434.34,3486.240,3427.020,164781828.000
2021-12-20,3420.860,3332.61,3434.090,3327.790,149900130.000
2021-12-21,3328.890,3350.43,3354.920,3306.960,138275569.000
2021-12-22,3360.280,3368.7,3379.080,3354.380,153185963.000
2021-12-23,3379.810,3373.7,3389.850,3358.920,137255777.000
2021-12-24,3381.540,3297.11,3384.290,3280.940,148551196.000
2021-12-27,3296.410,3293.81,3315.750,3273.820,128810645.000
2021-12-28,3300.310,3328.56,3331.320,3280.070,133601609.000
2021-12-29,3326.080,3281.9,3326.210,3281.900,129301802.000
2021-12-30,3285.770,3322.79,3339.650,3280.310,149972058.000
2021-12-31,3342.190,3322.67,3353.570,3315.070,144676878.000
2022-01-04,3348.130,3250.16,3349.450,3238.240,177664373.000
2022-01-05,3242.440,3161.51,3245.760,3145.050,177659987.000
2022-01-06,3133.050,3127.48,3150.110,3093.040,156512905.000
2022-01-07,3137.070,3096.88,3147.230,3093.210,161234396.000
2022-01-10,3082.780,3095.69,3115.470,3051.530,131560260.000
2022-01-11,3094.700,3056.15,3103.830,3050.590,136094723.000
2022-01-12,3091.670,3136.69,3139.380,3088.780,134519226.000
2022-01-13,3145.020,3083.14,3145.020,3083.140,143819131.000
2022-01-14,3059.140,3119.41,3128.250,3057.940,158501819.000
2022-01-17,3124.630,3170.41,3176.240,3113.980,179115594.000
2022-01-18,3168.790,3144.33,3177.820,3136.250,193728704.000
2022-01-19,3139.230,3075.98,3141.280,3052.650,162485749.000
2022-01-20,3072.390,3065.99,3102.310,3056.960,170969272.000
2022-01-21,3052.980,3034.68,3069.880,3020.300,138642943.000
2022-01-24,3011.630,3056.43,3071.060,3010.200,116341870.000
2022-01-25,3035.820,2974.96,3055.880,2974.960,137955486.000
2022-01-26,2993.160,3004.41,3008.380,2952.910,104776237.000
2022-01-27,2994.000,2906.76,3001.550,2904.710,116443557.000
2022-01-28,2945.720,2908.94,2962.770,2882.670,105431397.000
2022-02-07,2972.190,2917.86,2987.500,2905.250,104094572.000
2022-02-08,2913.320,2846.48,2913.320,2782.280,107192486.000
2022-02-09,2844.840,2883.6,2887.730,2818.390,127073175.000
2022-02-10,2891.300,2826.52,2891.300,2796.900,115864083.000
2022-02-11,2800.750,2746.38,2811.780,2742.510,123544637.000
2022-02-14,2723.510,2732.01,2776.230,2710.880,103137853.000
2022-02-15,2744.390,2816.44,2817.810,2739.420,101154951.000
2022-02-16,2829.650,2818.4,2841.330,2808.270,105677434.000
2022-02-17,2813.480,2839.83,2861.970,2804.890,125136941.000
2022-02-18,2819.550,2826.81,2829.820,2803.240,107503657.000
2022-02-21,2830.600,2804.6,2836.280,2794.260,138332758.000
2022-02-22,2783.280,2765.91,2783.280,2741.970,140269800.000
2022-02-23,2770.210,2843.87,2845.080,2770.210,141077453.000
2022-02-24,2817.800,2783.9,2852.720,2746.620,194823613.000
2022-02-25,2827.830,2855.8,2882.070,2827.830,130211029.000
2022-02-28,2844.820,2881.31,2881.310,2834.540,118207475.000
2022-03-01,2895.390,2885.79,2905.130,2865.880,119441817.000
2022-03-02,2866.690,2834.64,2866.690,2811.120,120817660.000
2022-03-03,2850.670,2791.95,2853.470,2789.510,125794531.000
2022-03-04,2763.060,2748.64,2797.820,2737.470,133627596.000
2022-03-07,2718.440,2630.37,2720.780,2620.830,120078128.000
2022-03-08,2645.110,2582.99,2654.640,2567.910,136251822.000
2022-03-09,2594.960,2566.72,2608.210,2462.170,143749751.000
2022-03-10,2645.360,2635.19,2664.580,2625.600,138444364.000
2022-03-11,2589.700,2665.46,2668.240,2566.030,138711254.000
2022-03-14,2638.490,2570.45,2647.250,2570.280,127249772.000
2022-03-15,2547.720,2504.78,2615.710,2504.780,139790915.000
2022-03-16,2549.150,2635.08,2639.930,2478.440,154177669.000
2022-03-17,2684.840,2710.73,2764.250,2684.040,171330128.000
2022-03-18,2693.150,2713.79,2725.690,2668.930,138496952.000
2022-03-21,2730.210,2726.18,2756.350,2702.180,144461359.000
2022-03-22,2718.000,2688.23,2718.000,2676.840,134501338.000
2022-03-23,2707.570,2715.95,2725.560,2682.130,124740713.000
2022-03-24,2697.430,2706.21,2725.280,2655.920,119781879.000
2022-03-25,2702.650,2637.94,2714.150,2637.940,115519789.000
2022-03-28,2622.470,2594.13,2622.590,2576.230,106819513.000
2022-03-29,2603.420,2592.67,2633.450,2581.380,109982338.000
2022-03-30,2612.710,2696.83,2696.830,2610.410,107478221.000
2022-03-31,2683.190,2659.49,2686.280,2646.240,120775687.000
2022-04-01,2641.750,2666.97,2687.150,2632.980,118863502.000
2022-04-06,2662.280,2633.91,2662.620,2615.920,115767309.000
2022-04-07,2611.980,2578.53,2632.100,2576.530,116513849.000
2022-04-08,2578.740,2569.91,2609.350,2546.510,108805416.000
2022-04-11,2536.150,2462.04,2536.150,2455.460,108217474.000
2022-04-12,2461.600,2523.69,2523.690,2459.260,103760061.000
2022-04-13,2499.190,2466.84,2513.470,2466.840,104074889.000
2022-04-14,2495.160,2466.29,2498.810,2443.150,92386385.000
2022-04-15,2443.350,2460.36,2483.750,2416.700,101913693.000
2022-04-18,2435.850,2487.77,2491.600,2410.860,83293883.000
2022-04-19,2484.520,2453.55,2510.410,2444.590,84771293.000
2022-04-20,2440.300,2363.65,2443.310,2357.910,96710388.000
2022-04-21,2352.220,2312.46,2378.340,2298.750,104363067.000
2022-04-22,2299.160,2296.6,2321.140,2279.780,95141973.000
2022-04-25,2240.040,2169.0,2262.770,2168.900,121635218.000
2022-04-26,2172.800,2150.51,2218.560,2149.600,113775883.000
2022-04-27,2122.320,2269.17,2271.170,2122.320,124006332.000
2022-04-28,2249.510,2227.65,2266.430,2206.960,106755886.000
2022-04-29,2247.700,2319.14,2322.970,2221.990,124049347.000
2022-05-05,2263.920,2288.4,2317.170,2242.960,102798613.000
2022-05-06,2227.680,2244.97,2274.390,2222.490,97438679.000
2022-05-09,2236.170,2228.07,2263.120,2213.580,89802671.000
2022-05-10,2192.060,2276.35,2287.870,2187.440,101407906.000
2022-05-11,2280.960,2346.15,2401.100,2275.270,130449755.000
2022-05-12,2325.950,2351.27,2367.310,2324.760,101298871.000
2022-05-13,2367.550,2358.16,2373.300,2334.370,87124463.000
2022-05-16,2376.640,2331.23,2395.750,2328.740,92161553.000
2022-05-17,2335.120,2369.09,2370.660,2323.070,94186473.000
2022-05-18,2373.890,2365.38,2384.600,2352.920,96377812.000
2022-05-19,2329.960,2377.13,2377.310,2325.670,97363712.000
2022-05-20,2395.350,2417.35,2426.580,2384.110,101254473.000
2022-05-23,2422.130,2410.12,2423.790,2385.700,99851347.000
2022-05-24,2404.600,2318.07,2404.600,2316.790,120189202.000
2022-05-25,2320.780,2325.6,2332.960,2303.150,87934858.000
2022-05-26,2329.430,2321.13,2343.210,2283.440,92064068.000
2022-05-27,2340.620,2322.48,2377.400,2311.060,91212882.000
2022-05-30,2338.350,2350.38,2359.580,2323.820,84634486.000
2022-05-31,2349.790,2405.08,2411.180,2323.350,100068823.000
2022-06-01,2403.350,2428.96,2441.390,2395.970,95464784.000
2022-06-02,2418.660,2458.26,2463.350,2411.710,96714257.000
2022-06-06,2456.160,2554.66,2562.020,2455.950,112279248.000
2022-06-07,2555.550,2554.63,2575.890,2532.780,110997018.000
2022-06-08,2558.150,2576.34,2576.340,2507.110,111795541.000
2022-06-09,2558.330,2500.21,2561.410,2491.820,97840775.000
2022-06-10,2482.310,2556.47,2556.980,2481.960,99102524.000
2022-06-13,2522.730,2546.49,2563.240,2520.000,106396123.000
2022-06-14,2515.510,2548.31,2551.080,2461.540,113418148.000
2022-06-15,2560.640,2575.09,2631.940,2550.500,125596068.000
2022-06-16,2575.960,2585.47,2616.820,2574.950,121399455.000
2022-06-17,2561.400,2657.21,2666.080,2559.670,119835974.000
2022-06-20,2672.770,2710.14,2741.590,2672.320,124434407.000
2022-06-21,2707.980,2692.98,2723.030,2664.690,129388611.000
2022-06-22,2701.630,2677.29,2721.810,2677.010,117933321.000
2022-06-23,2693.750,2760.1,2760.100,2672.580,121344186.000
2022-06-24,2779.410,2824.44,2824.440,2761.460,125268575.000
2022-06-27,2838.580,2830.6,2863.660,2819.290,131780868.000
2022-06-28,2827.350,2840.42,2850.290,2771.930,138347117.000
2022-06-29,2817.120,2768.61,2845.460,2764.400,143965657.000
2022-06-30,2776.390,2810.6,2834.490,2772.770,123184450.000
2022-07-01,2810.110,2781.94,2822.800,2768.480,109775993.000
2022-07-04,2764.620,2834.69,2834.690,2748.130,109141293.000
2022-07-05,2845.740,2825.13,2867.430,2780.360,116374280.000
2022-07-06,2826.350,2802.72,2858.050,2776.700,105108565.000
2022-07-07,2814.150,2849.71,2852.800,2792.180,103292122.000
2022-07-08,2868.690,2817.64,2887.720,2810.650,115016320.000
2022-07-11,2804.550,2767.46,2804.800,2742.460,101740944.000
2022-07-12,2768.820,2702.69,2774.120,2697.680,97870484.000
2022-07-13,2708.100,2746.86,2762.510,2674.470,93445579.000
2022-07-14,2739.920,2819.13,2841.390,2736.320,102746448.000
2022-07-15,2804.180,2760.5,2835.010,2760.500,112050434.000
2022-07-18,2778.400,2800.36,2812.670,2736.260,118130253.000
2022-07-19,2799.380,2750.87,2799.380,2736.670,119441901.000
2022-07-20,2764.250,2765.16,2786.290,2754.180,115046371.000
2022-07-21,2756.320,2751.41,2794.370,2741.310,112492706.000
2022-07-22,2776.980,2737.31,2788.940,2714.120,108559373.000
2022-07-25,2732.610,2704.95,2736.730,2693.160,97962088.000
2022-07-26,2708.740,2713.46,2729.380,2682.210,93019219.000
2022-07-27,2710.740,2714.25,2730.170,2696.200,100393697.000
2022-07-28,2734.630,2705.9,2749.140,2704.050,120107323.000
2022-07-29,2716.100,2670.45,2718.530,2665.650,114185707.000
2022-08-01,2662.760,2733.74,2734.640,2641.180,114074695.000
2022-08-02,2692.120,2678.62,2716.040,2651.850,150284682.000
2022-08-03,2687.250,2628.82,2716.220,2620.390,135171218.000
2022-08-04,2645.000,2640.78,2655.660,2610.500,109966584.000
2022-08-05,2648.050,2683.6,2686.230,2637.240,121736685.000
2022-08-08,2668.990,2675.69,2679.680,2647.250,109973891.000
2022-08-09,2668.920,2694.8,2698.460,2658.690,111774869.000
2022-08-10,2688.130,2658.58,2692.250,2645.550,112191127.000
2022-08-11,2672.180,2721.49,2724.850,2650.880,131758742.000
2022-08-12,2712.690,2690.83,2717.680,2689.670,123906983.000
2022-08-15,2688.660,2718.59,2734.330,2686.820,109348711.000
2022-08-16,2725.930,2731.39,2759.520,2718.170,113334106.000
2022-08-17,2739.480,2777.91,2783.930,2719.220,119572889.000
2022-08-18,2771.150,2775.82,2797.490,2769.210,120927253.000
2022-08-19,2779.990,2734.22,2780.100,2733.050,131774370.000
2022-08-22,2730.420,2779.02,2782.670,2715.160,112627375.000
2022-08-23,2775.210,2780.31,2802.050,2764.520,105766486.000
2022-08-24,2800.380,2679.05,2803.430,2675.880,126146502.000
2022-08-25,2688.860,2667.3,2694.160,2634.850,106746535.000
2022-08-26,2666.210,2640.29,2677.730,2634.430,95427328.000
2022-08-29,2599.840,2630.51,2641.170,2595.710,89830569.000
2022-08-30,2630.130,2612.14,2632.130,2594.780,94137481.000
2022-08-31,2596.160,2570.41,2611.650,2550.990,106284307.000
2022-09-01,2561.930,2533.85,2584.620,2531.810,85700860.000
2022-09-02,2548.180,2533.02,2552.340,2517.460,85760128.000
2022-09-05,2528.710,2538.2,2553.110,2519.890,79959835.000
2022-09-06,2541.120,2540.64,2542.980,2493.430,81661953.000
2022-09-07,2525.150,2570.8,2584.850,2522.380,85303218.000
2022-09-08,2570.050,2523.01,2572.120,2521.540,80873956.000
2022-09-09,2535.740,2548.22,2551.050,2525.770,70056668.000
2022-09-13,2566.840,2550.63,2569.110,2537.280,70149154.000
2022-09-14,2512.280,2503.82,2527.280,2486.080,70540152.000
2022-09-15,2512.450,2424.19,2515.210,2404.440,92202708.000
2022-09-16,2418.440,2367.4,2430.230,2366.890,81543819.000
2022-09-19,2360.580,2350.38,2389.480,2339.030,70238823.000
2022-09-20,2366.790,2366.9,2397.920,2351.890,61600322.000
2022-09-21,2353.780,2331.52,2358.960,2322.950,63645768.000
2022-09-22,2309.290,2319.42,2348.760,2302.640,62689388.000
2022-09-23,2320.920,2303.91,2336.290,2275.290,68529871.000
2022-09-26,2288.230,2323.05,2358.480,2285.640,67549810.000
2022-09-27,2336.040,2374.74,2374.740,2325.650,66154658.000
2022-09-28,2367.480,2313.77,2367.480,2313.770,65851571.000
2022-09-29,2343.280,2333.0,2359.120,2321.560,63693252.000
2022-09-30,2335.540,2288.97,2339.190,2288.190,58126088.000
2022-10-10,2294.720,2236.24,2301.240,2230.640,61381112.000
2022-10-11,2256.340,2261.89,2273.900,2245.470,55209963.000
2022-10-12,2260.680,2343.3,2343.500,2234.460,73388821.000
2022-10-13,2324.470,2350.69,2374.610,2318.270,78662261.000
2022-10-14,2379.830,2434.22,2453.040,2365.140,89092346.000
2022-10-17,2419.640,2435.02,2446.700,2409.520,90090084.000
2022-10-18,2446.360,2446.93,2469.030,2428.150,88359500.000
2022-10-19,2440.030,2425.96,2463.780,2425.730,82210782.000
2022-10-20,2402.760,2401.72,2444.410,2365.720,85813403.000
2022-10-21,2390.410,2395.16,2410.010,2381.210,73036725.000
2022-10-24,2385.820,2336.84,2412.600,2323.850,91295158.000
2022-10-25,2323.840,2314.55,2344.390,2281.400,94415846.000
2022-10-26,2324.770,2372.88,2397.130,2320.270,109525370.000
2022-10-27,2377.180,2337.25,2377.680,2337.250,110646350.000
2022-10-28,2309.960,2250.51,2326.490,2245.460,110423289.000
2022-10-31,2228.620,2265.08,2295.950,2227.830,99957675.000
2022-11-01,2270.040,2337.65,2337.820,2251.800,105057129.000
2022-11-02,2322.980,2375.86,2396.210,2320.550,122391054.000
2022-11-03,2352.560,2376.06,2385.060,2349.750,99317511.000
2022-11-04,2378.420,2451.22,2464.510,2377.910,111460877.000
2022-11-07,2447.130,2454.69,2470.640,2432.050,112728594.000
2022-11-08,2452.860,2432.4,2460.990,2411.720,98193744.000
2022-11-09,2422.170,2399.34,2432.290,2398.070,92081565.000
2022-11-10,2380.230,2357.13,2393.610,2344.680,110856002.000
2022-11-11,2443.110,2405.32,2446.090,2402.940,142694126.000
2022-11-14,2406.870,2375.21,2418.520,2364.440,119402147.000
2022-11-15,2373.990,2431.73,2432.460,2356.350,122265018.000
2022-11-16,2427.410,2402.91,2443.790,2399.700,118064542.000
2022-11-17,2389.460,2385.86,2389.460,2351.000,115312132.000
2022-11-18,2394.310,2389.76,2420.380,2384.650,131120628.000
2022-11-21,2369.760,2387.3,2389.640,2360.850,108825983.000
2022-11-22,2380.710,2343.55,2382.140,2334.470,112251874.000
2022-11-23,2338.860,2340.34,2357.000,2302.990,105290748.000
2022-11-24,2349.270,2335.52,2356.670,2330.370,85241459.000
2022-11-25,2325.570,2309.36,2327.280,2304.980,79167669.000
2022-11-28,2264.830,2298.8,2300.950,2261.050,79206175.000
2022-11-29,2301.210,2339.79,2347.710,2298.310,94029404.000
2022-11-30,2335.950,2345.31,2348.160,2323.190,88305042.000
2022-12-01,2386.080,2381.18,2403.770,2380.670,104066459.000
2022-12-02,2378.400,2383.32,2408.740,2369.310,97623944.000
2022-12-05,2391.100,2377.11,2394.430,2366.120,107238388.000
2022-12-06,2366.110,2393.28,2414.200,2365.690,98689267.000
2022-12-07,2382.560,2414.04,2432.110,2382.560,100195414.000
2022-12-08,2411.800,2411.81,2423.160,2398.210,99090449.000
2022-12-09,2412.160,2420.63,2421.650,2391.670,102812993.000
2022-12-12,2409.440,2401.52,2418.060,2399.690,101889894.000
2022-12-13,2403.740,2376.2,2404.880,2371.070,102392700.000
2022-12-14,2384.700,2368.08,2391.210,2362.610,94160383.000
2022-12-15,2365.230,2399.12,2399.360,2363.340,87634266.000
2022-12-16,2381.680,2373.72,2390.660,2361.890,95162846.000
2022-12-19,2372.930,2346.7,2389.300,2337.400,91660272.000
2022-12-20,2340.510,2310.8,2340.730,2308.570,73567498.000
2022-12-21,2312.520,2303.7,2322.520,2293.580,69800264.000
2022-12-22,2318.710,2295.32,2328.710,2288.520,76064883.000
2022-12-23,2282.330,2286.19,2301.620,2273.040,73658581.000
2022-12-26,2290.260,2331.41,2334.980,2290.160,71956299.000
2022-12-27,2335.570,2359.5,2363.150,2326.310,78477511.000
2022-12-28,2346.040,2338.26,2348.850,2323.480,71406458.000
2022-12-29,2328.730,2349.38,2365.690,2327.690,69365878.000
2022-12-30,2361.970,2346.77,2369.140,2346.770,69585618.000
2023-01-03,2339.980,2356.42,2361.550,2312.310,93658454.000
2023-01-04,2347.000,2335.12,2352.330,2323.720,90279300.000
2023-01-05,2343.780,2399.46,2405.430,2343.720,85907831.000
2023-01-06,2392.650,2422.14,2442.230,2391.330,85573573.000
2023-01-09,2433.350,2440.37,2455.600,2427.810,78388293.000
2023-01-10,2441.500,2474.01,2478.890,2435.190,72002027.000
2023-01-11,2470.640,2445.97,2480.160,2442.730,73684723.000
2023-01-12,2455.730,2458.49,2477.010,2448.760,70121680.000
2023-01-13,2475.140,2493.13,2493.130,2462.870,68126839.000
2023-01-16,2490.720,2539.52,2566.690,2490.720,83381688.000
2023-01-17,2540.570,2545.55,2556.640,2535.180,67461365.000
2023-01-18,2548.700,2543.9,2555.690,2534.430,67165684.000
2023-01-19,2539.890,2571.44,2571.440,2531.960,73852810.000
2023-01-20,2580.270,2585.96,2588.890,2571.830,77283023.000
2023-01-30,2657.390,2613.89,2661.280,2611.130,120029576.000
2023-01-31,2608.120,2580.84,2618.280,2575.530,104621847.000
2023-02-01,2592.450,2613.69,2613.690,2572.330,128986555.000
2023-02-02,2619.790,2602.32,2631.860,2598.120,136608702.000
2023-02-03,2592.840,2580.11,2606.000,2551.830,123099432.000
2023-02-06,2560.460,2544.09,2560.460,2523.710,126522451.000
2023-02-07,2551.130,2537.97,2557.380,2522.550,135280866.000
2023-02-08,2542.240,2525.88,2550.370,2522.530,127104679.000
2023-02-09,2520.830,2569.73,2569.990,2515.510,136225559.000
2023-02-10,2567.090,2545.16,2571.200,2531.870,138194029.000
2023-02-13,2546.140,2573.18,2576.040,2540.850,136849639.000
2023-02-14,2585.970,2565.15,2586.180,2551.470,125973041.000
2023-02-15,2564.540,2547.2,2574.580,2543.640,140353889.000
2023-02-16,2549.430,2512.5,2567.290,2495.160,175758553.000
2023-02-17,2508.260,2449.35,2513.210,2449.350,135687930.000
2023-02-20,2445.640,2480.79,2481.570,2424.630,117685679.000
2023-02-21,2473.600,2469.81,2480.350,2452.840,115550699.000
2023-02-22,2452.390,2451.9,2470.500,2446.190,103867557.000
2023-02-23,2450.960,2457.48,2470.400,2446.410,108695288.000
2023-02-24,2457.530,2428.94,2458.290,2425.660,95775462.000
2023-02-27,2416.430,2409.79,2432.390,2403.650,95581404.000
2023-02-28,2417.580,2429.03,2432.320,2407.760,100904064.000
2023-03-01,2428.100,2443.95,2449.440,2415.950,130336771.000
2023-03-02,2438.580,2418.6,2442.190,2415.120,131298037.000
2023-03-03,2423.670,2422.44,2434.120,2405.300,111160521.000
2023-03-06,2421.420,2431.56,2435.900,2393.920,104380892.000
2023-03-07,2423.030,2383.73,2430.640,2383.500,112107051.000
2023-03-08,2375.870,2377.58,2390.070,2366.250,93923763.000
2023-03-09,2377.970,2372.68,2386.900,2365.860,117161536.000
2023-03-10,2366.590,2370.36,2388.610,2354.020,127669551.000
2023-03-13,2359.720,2357.07,2374.970,2345.990,127326217.000
2023-03-14,2353.210,2343.11,2356.900,2308.930,136502167.000
2023-03-15,2359.220,2337.46,2375.280,2335.590,114050705.000
2023-03-16,2320.380,2302.05,2333.310,2298.440,116796014.000
2023-03-17,2320.200,2293.67,2324.830,2289.280,140644563.000
2023-03-20,2291.390,2291.92,2317.640,2280.140,150120827.000
2023-03-21,2298.280,2337.26,2337.370,2298.280,132375256.000
2023-03-22,2348.520,2341.92,2358.630,2330.820,159335476.000
2023-03-23,2330.980,2361.41,2361.410,2327.390,149682633.000
2023-03-24,2366.430,2370.38,2373.770,2355.740,165029821.000
2023-03-27,2363.010,2398.02,2399.440,2363.010,174960423.000
2023-03-28,2389.850,2369.17,2389.920,2364.630,151320627.000
2023-03-29,2371.300,2371.19,2382.000,2367.380,139645390.000
2023-03-30,2370.730,2383.04,2384.960,2362.660,126735563.000
2023-03-31,2386.860,2399.5,2402.550,2385.410,138635714.000
2023-04-03,2406.140,2440.21,2442.970,2406.140,179614605.000
2023-04-04,2441.430,2421.65,2442.570,2407.480,181118652.000
2023-04-06,2404.260,2426.57,2428.800,2402.300,164546058.000
2023-04-07,2421.750,2446.95,2454.040,2421.060,158561769.000
2023-04-10,2457.190,2443.52,2461.300,2432.050,166298217.000
2023-04-11,2449.270,2439.4,2463.270,2426.670,145869419.000
2023-04-12,2436.890,2429.29,2440.330,2417.280,163918010.000
2023-04-13,2418.270,2405.76,2426.830,2403.920,170319680.000
2023-04-14,2409.770,2428.09,2432.360,2409.600,152520926.000
2023-04-17,2420.010,2434.44,2440.730,2420.010,138070140.000
2023-04-18,2428.180,2431.1,2443.770,2423.930,129922237.000
2023-04-19,2429.330,2415.76,2429.330,2413.340,139360653.000
2023-04-20,2414.010,2386.67,2414.010,2378.050,149358689.000
2023-04-21,2393.190,2341.19,2400.790,2340.610,168905252.000
2023-04-24,2337.380,2301.24,2340.260,2288.780,151425696.000
2023-04-25,2302.860,2259.19,2305.920,2243.830,171213682.000
2023-04-26,2249.530,2294.06,2306.660,2247.950,167820381.000
2023-04-27,2283.630,2307.27,2315.320,2281.600,159029281.000
2023-04-28,2309.350,2324.72,2328.890,2303.310,167343370.000
2023-05-04,2316.330,2297.67,2319.830,2290.920,166568557.000
2023-05-05,2291.240,2267.63,2293.840,2260.640,151497141.000
2023-05-08,2274.720,2273.4,2277.230,2251.770,148634411.000
2023-05-09,2270.760,2245.82,2277.290,2245.720,154365914.000
2023-05-10,2241.440,2262.22,2273.680,2228.180,137865739.000
2023-05-11,2264.900,2276.57,2296.450,2264.860,134737119.000
2023-05-12,2277.420,2252.38,2287.470,2251.760,129522432.000
2023-05-15,2259.170,2299.93,2299.930,2257.820,128936533.000
2023-05-16,2300.800,2294.19,2307.170,2286.230,128103853.000
2023-05-17,2293.550,2293.64,2300.290,2281.170,126061262.000
2023-05-18,2299.630,2277.97,2300.620,2264.840,148530360.000
2023-05-19,2275.800,2278.59,2293.100,2270.390,134784974.000
2023-05-22,2278.710,2280.15,2291.330,2265.760,121923695.000
2023-05-23,2282.900,2253.33,2284.070,2253.330,124291458.000
2023-05-24,2245.470,2245.26,2268.860,2239.900,123977020.000
2023-05-25,2245.310,2244.18,2257.220,2228.840,140870411.000
2023-05-26,2244.340,2229.27,2244.340,2215.290,134674859.000
2023-05-29,2236.980,2203.84,2238.400,2196.060,145883643.000
2023-05-30,2200.800,2218.6,2218.600,2180.700,151803167.000
2023-05-31,2215.270,2193.41,2215.490,2183.420,150199609.000
2023-06-01,2191.800,2206.43,2225.130,2184.920,162769900.000
2023-06-02,2213.770,2233.27,2240.570,2211.980,147177873.000
2023-06-05,2226.200,2202.14,2226.590,2195.660,131743301.000
2023-06-06,2196.980,2164.81,2197.580,2162.720,147251821.000
2023-06-07,2159.160,2129.9,2162.560,2124.520,124605102.000
2023-06-08,2136.020,2123.96,2139.960,2118.330,130063777.000
2023-06-09,2122.160,2143.01,2143.010,2118.790,146778464.000
2023-06-12,2135.880,2152.42,2162.530,2131.120,139058560.000
2023-06-13,2148.400,2166.96,2169.660,2147.560,143969007.000
2023-06-14,2175.920,2163.34,2177.800,2163.340,151047901.000
2023-06-15,2174.540,2237.74,2237.740,2174.540,156888358.000
2023-06-16,2243.540,2270.06,2272.020,2234.480,150890145.000
2023-06-19,2271.760,2265.18,2276.560,2257.640,158207299.000
2023-06-20,2264.180,2271.42,2277.330,2257.880,159201099.000
2023-06-21,2260.500,2211.84,2266.760,2211.840,153347036.000
2023-06-26,2185.150,2186.25,2212.410,2171.590,140253328.000
2023-06-27,2186.160,2191.83,2205.560,2179.320,117076181.000
2023-06-28,2184.990,2182.1,2189.020,2160.190,135285442.000
2023-06-29,2178.880,2180.06,2194.250,2178.430,127211225.000
2023-06-30,2178.530,2215.0,2227.990,2171.420,131277434.000
2023-07-03,2223.330,2228.21,2239.430,2215.360,138381383.000
2023-07-04,2222.330,2232.75,2234.860,2215.770,125801221.000
2023-07-05,2235.200,2212.42,2239.930,2209.110,121735453.000
2023-07-06,2206.300,2192.19,2218.390,2190.030,116183026.000
2023-07-07,2185.730,2169.21,2186.040,2169.210,116358783.000
2023-07-10,2174.330,2198.86,2213.760,2174.330,108555772.000
2023-07-11,2202.930,2216.78,2217.660,2194.170,108864959.000
2023-07-12,2216.030,2196.85,2217.750,2194.610,131450509.000
2023-07-13,2208.220,2237.52,2238.670,2208.220,130828414.000
2023-07-14,2237.240,2224.1,2239.420,2221.790,135227334.000
2023-07-17,2212.760,2207.44,2214.420,2198.270,119609545.000
2023-07-18,2215.050,2200.62,2215.250,2196.230,111261961.000
2023-07-19,2196.590,2177.25,2201.430,2170.330,102381389.000
2023-07-20,2180.710,2155.65,2199.640,2153.980,117053853.000
2023-07-21,2151.850,2163.12,2177.800,2151.070,110593801.000
2023-07-24,2148.290,2146.93,2167.190,2142.910,92139662.000
2023-07-25,2183.050,2192.9,2195.750,2169.720,118416219.000
2023-07-26,2185.810,2191.17,2194.540,2180.200,115155855.000
2023-07-27,2199.480,2184.1,2205.720,2180.690,111084923.000
2023-07-28,2176.490,2219.54,2224.030,2172.370,124567791.000
2023-07-31,2233.260,2236.67,2256.050,2230.130,143740119.000
2023-08-01,2234.610,2223.8,2249.380,2215.580,124343899.000
2023-08-02,2220.770,2218.57,2231.870,2213.040,105906457.000
2023-08-03,2214.090,2241.98,2242.570,2214.090,103359335.000
2023-08-04,2263.400,2263.37,2282.650,2247.900,135032210.000
2023-08-07,2252.430,2240.77,2256.000,2234.040,121092594.000
2023-08-08,2238.660,2228.91,2244.900,2226.240,114341376.000
2023-08-09,2222.510,2228.73,2241.870,2222.510,113217182.000
2023-08-10,2226.910,2239.31,2241.850,2220.830,102407985.000
2023-08-11,2241.480,2187.04,2241.480,2187.040,108738844.000
2023-08-14,2163.280,2164.69,2170.220,2139.970,102047483.000
2023-08-15,2164.820,2148.67,2171.560,2130.380,100087449.000
2023-08-16,2140.010,2132.97,2158.000,2132.890,100599629.000
2023-08-17,2130.540,2147.06,2151.230,2113.300,108624122.000
2023-08-18,2145.800,2118.92,2156.170,2118.920,113529808.000
2023-08-21,2108.700,2084.97,2115.020,2084.970,99675752.000
2023-08-22,2099.840,2086.94,2104.740,2049.090,122292443.000
2023-08-23,2081.210,2038.98,2081.210,2038.980,110599238.000
2023-08-24,2050.530,2064.57,2083.640,2042.580,128477448.000
2023-08-25,2053.650,2040.4,2059.150,2032.580,137716077.000
2023-08-28,2182.390,2060.04,2182.390,2055.610,171460289.000
2023-08-29,2054.980,2118.19,2133.600,2054.980,165684802.000
2023-08-30,2122.650,2117.13,2141.600,2110.870,158494568.000
2023-08-31,2111.020,2102.58,2117.400,2100.730,125436905.000
2023-09-01,2108.080,2100.26,2118.510,2093.100,108026895.000
2023-09-04,2110.170,2118.03,2120.980,2088.990,120361863.000
2023-09-05,2113.600,2111.33,2122.620,2107.860,129319063.000
2023-09-06,2103.300,2101.4,2105.100,2089.450,134779808.000
2023-09-07,2096.620,2056.98,2097.280,2056.980,137675509.000
2023-09-08,2047.600,2049.77,2057.120,2038.570,130787413.000
2023-09-11,2048.950,2063.19,2076.900,2041.770,138593287.000
2023-09-12,2060.620,2051.04,2063.920,2049.480,121530793.000
2023-09-13,2045.310,2027.73,2053.450,2015.390,123604969.000
2023-09-14,2021.600,2011.88,2024.860,2002.430,110421114.000
2023-09-15,2009.330,2002.73,2022.940,1996.120,106712934.000
2023-09-18,1994.870,2020.47,2033.150,1993.680,105422891.000
2023-09-19,2017.890,2002.66,2017.890,1995.240,99060111.000
2023-09-20,2000.720,1987.3,2001.500,1987.300,90334604.000
2023-09-21,1983.020,1967.61,1990.330,1967.610,92248679.000
2023-09-22,1965.690,2013.34,2013.960,1963.230,119252548.000
2023-09-25,2015.320,2005.26,2015.320,2000.810,117484221.000
2023-09-26,2000.230,1989.83,2007.910,1989.650,110872918.000
2023-09-27,1994.010,2006.22,2027.820,1990.160,116582661.000
2023-09-28,2013.620,2003.91,2019.290,1995.560,120424985.000
2023-10-09,2000.130,1998.61,2006.430,1977.770,134153185.000
2023-10-10,2004.950,1987.94,2014.300,1987.350,139745449.000
2023-10-11,2000.520,2003.9,2021.110,1996.820,148371123.000
2023-10-12,2015.550,2019.1,2022.360,2001.910,136247051.000
2023-10-13,2004.200,1996.6,2005.720,1986.190,141137856.000
2023-10-16,1993.910,1956.72,1994.260,1949.330,140358023.000
2023-10-17,1963.830,1961.89,1969.470,1950.330,128953999.000
2023-10-18,1953.000,1938.44,1953.000,1934.840,130832681.000
2023-10-19,1925.530,1913.7,1936.220,1913.430,134243968.000
2023-10-20,1899.990,1896.95,1922.930,1893.950,124067715.000
2023-10-23,1891.480,1864.91,1891.480,1854.450,126231964.000
2023-10-24,1872.290,1880.81,1890.100,1859.860,136512829.000
2023-10-25,1890.480,1863.8,1894.540,1863.770,151745346.000
2023-10-26,1851.190,1875.86,1877.450,1840.260,155256304.000
2023-10-27,1868.230,1929.91,1937.310,1863.530,172625812.000
2023-10-30,1933.790,1977.69,1983.460,1931.700,168980446.000
2023-10-31,1974.800,1968.23,1975.390,1958.350,158865510.000
2023-11-01,1969.080,1959.13,1971.410,1949.990,138782582.000
2023-11-02,1964.430,1939.7,1973.230,1939.410,145625879.000
2023-11-03,1943.210,1968.21,1975.520,1943.210,147490450.000
2023-11-06,1984.330,2032.34,2034.570,1984.330,175633975.000
2023-11-07,2025.100,2022.77,2031.790,2012.060,173475382.000
2023-11-08,2016.600,2023.13,2035.910,2010.020,196094191.000
2023-11-09,2019.690,2018.38,2035.420,2013.510,174292529.000
2023-11-10,2006.090,2005.24,2011.930,2000.490,144763674.000
2023-11-13,2018.830,2009.21,2022.840,1998.020,154520934.000
2023-11-14,2008.290,2004.81,2024.660,1995.760,154636885.000
2023-11-15,2032.260,2015.36,2033.390,2008.480,163400581.000
2023-11-16,2012.200,1978.12,2012.200,1978.120,153284922.000
2023-11-17,1971.220,1986.53,1986.670,1971.220,143700696.000
2023-11-20,1987.850,1992.97,1998.100,1969.920,162068688.000
2023-11-21,2001.070,1984.27,2014.590,1981.290,178016494.000
2023-11-22,1973.660,1950.01,1980.020,1950.010,156776837.000
2023-11-23,1945.900,1961.35,1961.350,1940.210,137840323.000
2023-11-24,1960.380,1937.94,1960.380,1935.000,145480335.000
2023-11-27,1936.610,1926.2,1936.610,1916.550,135469009.000
2023-11-28,1923.360,1938.42,1938.730,1918.350,124606174.000
2023-11-29,1934.550,1917.9,1937.850,1917.220,121256652.000
2023-11-30,1915.050,1922.59,1932.830,1912.170,122596731.000
2023-12-01,1922.370,1926.28,1934.090,1904.650,138430088.000
2023-12-04,1923.220,1908.92,1926.170,1908.530,141369314.000
2023-12-05,1900.990,1871.1,1905.730,1870.980,131801367.000
2023-12-06,1867.500,1881.94,1898.600,1866.900,133900512.000
2023-12-07,1877.030,1877.21,1888.750,1864.240,136143970.000
2023-12-08,1881.100,1892.18,1896.780,1870.880,148165170.000
2023-12-11,1880.580,1915.74,1919.840,1866.090,134838639.000
2023-12-12,1909.600,1903.87,1913.290,1899.560,121458611.000
2023-12-13,1899.340,1872.34,1899.930,1871.770,118993214.000
2023-12-14,1884.550,1860.51,1895.600,1859.250,111786646.000
2023-12-15,1869.510,1848.5,1877.780,1844.180,107658988.000
2023-12-18,1839.320,1820.0,1845.970,1814.930,101053590.000
2023-12-19,1818.880,1827.67,1837.940,1813.600,93122535.000
2023-12-20,1830.720,1802.88,1832.310,1802.360,100591995.000
2023-12-21,1795.270,1832.62,1840.960,1792.380,111199929.000
2023-12-22,1827.680,1825.84,1848.320,1812.760,130025592.000
2023-12-25,1820.250,1831.57,1838.130,1820.220,92613202.000
2023-12-26,1828.560,1808.5,1829.870,1801.380,94649900.000
2023-12-27,1813.050,1809.83,1818.050,1796.700,95517347.000
2023-12-28,1806.790,1879.5,1887.150,1804.700,121707141.000
2023-12-29,1879.530,1891.37,1897.670,1878.040,122437200.000
2024-01-02,1889.020,1855.92,1889.020,1855.730,115953946.000
2024-01-03,1850.160,1834.73,1856.440,1825.550,107536678.000
2024-01-04,1831.290,1801.76,1831.380,1794.000,93991270.000
2024-01-05,1798.820,1775.58,1815.070,1765.720,101696297.000
2024-01-08,1769.330,1744.41,1779.380,1744.240,89969738.000
2024-01-09,1749.770,1750.78,1774.320,1738.000,99765193.000
2024-01-10,1741.130,1743.2,1771.680,1726.560,98601941.000
2024-01-11,1744.300,1777.27,1790.330,1739.160,104955366.000
2024-01-12,1770.970,1761.16,1785.510,1760.870,102317740.000
2024-01-15,1751.520,1745.61,1766.260,1738.540,86196863.000
2024-01-16,1741.370,1752.23,1755.380,1724.640,96260259.000
2024-01-17,1747.770,1699.62,1747.770,1699.620,86299638.000
2024-01-18,1685.940,1732.36,1735.090,1678.430,120941227.000
2024-01-19,1726.550,1715.44,1743.300,1714.510,94103277.000
2024-01-22,1710.290,1666.88,1714.930,1657.350,117732596.000
2024-01-23,1663.980,1687.61,1700.570,1655.200,106465502.000
2024-01-24,1696.560,1696.19,1700.770,1642.160,114237798.000
2024-01-25,1686.550,1720.78,1720.850,1672.070,122868142.000
2024-01-26,1703.480,1682.48,1714.530,1679.340,117351747.000
2024-01-29,1680.150,1623.81,1685.600,1623.810,110529711.000
2024-01-30,1613.460,1583.77,1631.530,1582.420,95337140.000
2024-01-31,1585.210,1573.37,1601.890,1573.160,130116295.000
2024-02-01,1567.830,1589.04,1616.400,1563.380,118663093.000
2024-02-02,1585.960,1550.37,1595.980,1512.060,139680974.000
2024-02-05,1534.190,1562.61,1600.330,1482.990,184791329.000
2024-02-06,1544.960,1667.45,1668.890,1544.500,183716122.000
2024-02-07,1663.180,1707.02,1711.420,1658.470,189088132.000
2024-02-08,1716.630,1726.86,1764.390,1713.770,192337882.000
2024-02-19,1752.860,1746.42,1752.860,1722.840,182448833.000
2024-02-20,1739.030,1746.18,1749.270,1722.490,147868148.000
2024-02-21,1728.450,1752.48,1783.810,1724.290,177509093.000
2024-02-22,1752.790,1757.87,1761.120,1742.150,156242214.000
2024-02-23,1766.960,1758.19,1767.260,1742.490,184459762.000
2024-02-26,1752.760,1751.7,1768.100,1738.330,192437448.000
2024-02-27,1743.490,1793.98,1793.980,1740.830,186627352.000
2024-02-28,1799.610,1748.97,1829.140,1748.970,261460937.000
2024-02-29,1739.970,1807.03,1809.660,1739.970,186859827.000
2024-03-01,1808.200,1824.03,1830.940,1795.850,179223155.000
2024-03-04,1827.130,1834.83,1847.250,1817.660,179182128.000
2024-03-05,1818.590,1833.66,1843.080,1813.270,170275840.000
2024-03-06,1822.540,1832.58,1855.610,1810.900,150306899.000
2024-03-07,1830.260,1789.94,1838.710,1789.870,164771032.000
2024-03-08,1793.510,1807.29,1813.100,1779.770,137115120.000
2024-03-11,1817.070,1890.41,1890.870,1812.790,160529892.000
2024-03-12,1896.450,1906.04,1915.090,1885.640,185203821.000
2024-03-13,1911.980,1895.15,1911.980,1890.660,181745464.000
2024-03-14,1895.730,1883.02,1912.110,1870.020,163976455.000
2024-03-15,1877.570,1884.09,1886.950,1848.220,148672339.000
2024-03-18,1906.120,1926.4,1926.400,1902.130,178792977.000
2024-03-19,1917.920,1906.94,1925.690,1906.940,173103435.000
2024-03-20,1898.180,1909.25,1915.470,1897.600,173063476.000
2024-03-21,1912.810,1897.09,1920.550,1897.050,188961186.000
2024-03-22,1893.140,1869.17,1897.310,1860.350,200894792.000
2024-03-25,1864.530,1833.44,1871.060,1833.100,179402177.000
2024-03-26,1832.660,1841.54,1856.200,1829.480,163736939.000
2024-03-27,1840.190,1789.82,1840.190,1789.820,160450458.000
2024-03-28,1790.580,1806.9,1829.470,1787.960,166557234.000
2024-03-29,1806.670,1818.2,1822.750,1800.200,154791278.000
2024-04-01,1833.490,1872.12,1872.120,1833.490,162047396.000
2024-04-02,1869.320,1860.49,1869.960,1851.250,168030842.000
2024-04-03,1853.560,1840.41,1853.870,1839.210,152065565.000
2024-04-08,1834.450,1807.05,1840.550,1807.050,141326022.000
2024-04-09,1807.480,1827.58,1827.680,1801.710,123544622.000
2024-04-10,1818.410,1789.94,1818.730,1781.130,134716461.000
2024-04-11,1777.200,1782.09,1799.860,1775.660,126469148.000
2024-04-12,1780.990,1762.88,1789.270,1760.940,124825306.000
2024-04-15,1770.170,1795.52,1807.950,1770.170,168221714.000
2024-04-16,1783.570,1760.2,1791.300,1759.510,172826401.000
2024-04-17,1765.290,1797.31,1797.550,1765.290,159990221.000
2024-04-18,1784.780,1787.49,1807.790,1765.700,149372895.000
2024-04-19,1772.180,1756.0,1775.380,1740.400,139553557.000
2024-04-22,1739.010,1750.46,1766.250,1735.280,132054545.000
2024-04-23,1753.580,1753.16,1764.770,1740.790,129549196.000
2024-04-24,1757.310,1765.41,1768.240,1744.360,150216623.000
2024-04-25,1753.120,1764.73,1778.800,1747.820,151405721.000
2024-04-26,1767.720,1823.74,1826.490,1767.720,184375658.000
2024-04-29,1831.440,1887.57,1904.920,1831.440,186745460.000
2024-04-30,1874.680,1858.39,1878.830,1857.760,162180721.000
2024-05-06,1896.840,1895.21,1907.020,1889.780,161040465.000
2024-05-07,1896.720,1892.54,1900.940,1888.260,164718674.000
2024-05-08,1887.820,1865.11,1887.820,1863.220,165941539.000
2024-05-09,1872.700,1900.01,1903.110,1872.700,158275823.000
2024-05-10,1899.050,1878.17,1900.100,1872.070,163497204.000
2024-05-13,1859.340,1860.37,1876.170,1851.250,148801973.000
2024-05-14,1864.390,1855.6,1873.140,1851.390,147873925.000
2024-05-15,1857.580,1838.89,1866.410,1837.540,140058749.000
2024-05-16,1846.980,1844.21,1861.380,1837.020,147068865.000
2024-05-17,1838.990,1864.94,1865.900,1833.430,149789562.000
2024-05-20,1869.550,1875.93,1887.050,1865.880,156277546.000
2024-05-21,1871.780,1861.48,1873.090,1855.440,139081435.000
2024-05-22,1863.140,1877.93,1883.170,1855.250,138468863.000
2024-05-23,1876.560,1852.07,1879.620,1847.690,152265215.000
2024-05-24,1845.010,1818.56,1861.930,1818.140,139625334.000
2024-05-27,1824.170,1830.96,1832.820,1802.770,136433219.000
2024-05-28,1824.090,1806.25,1827.740,1805.650,134487619.000
2024-05-29,1808.490,1811.07,1832.710,1804.110,131865613.000
2024-05-30,1810.660,1813.15,1820.290,1805.350,129004866.000
2024-05-31,1812.610,1805.11,1831.710,1805.110,140767251.000
2024-06-03,1806.410,1819.46,1823.510,1800.200,151953408.000
2024-06-04,1816.370,1843.59,1848.560,1815.070,148829486.000
2024-06-05,1840.080,1833.55,1858.690,1833.550,135998891.000
2024-06-06,1840.250,1820.45,1845.550,1815.280,172431872.000
2024-06-07,1812.460,1781.07,1820.740,1764.840,133117037.000
2024-06-11,1766.920,1787.3,1791.000,1761.580,122648145.000
2024-06-12,1779.320,1779.42,1789.410,1778.130,126999546.000
2024-06-13,1786.110,1777.79,1799.090,1776.080,128656665.000
2024-06-14,1777.280,1791.36,1792.800,1758.890,129081811.000
2024-06-17,1780.940,1806.19,1811.000,1780.510,121762035.000
2024-06-18,1805.160,1811.36,1822.110,1802.630,135486712.000
2024-06-19,1816.060,1788.5,1816.060,1788.170,139592578.000
2024-06-20,1787.240,1762.7,1793.710,1761.650,140965490.000
2024-06-21,1756.670,1755.88,1762.430,1742.470,112781933.000
2024-06-24,1745.930,1731.51,1755.520,1729.100,132205531.000
2024-06-25,1724.640,1700.02,1729.220,1691.020,120861142.000
2024-06-26,1700.950,1730.64,1733.790,1696.120,134782740.000
2024-06-27,1719.780,1703.2,1721.000,1702.240,130436010.000
2024-06-28,1696.940,1683.43,1720.950,1680.420,137311588.000
2024-07-01,1679.660,1682.69,1689.540,1652.010,121717408.000
2024-07-02,1677.670,1665.04,1683.850,1660.320,133355164.000
2024-07-03,1664.990,1660.12,1675.650,1648.240,132562223.000
2024-07-04,1666.390,1647.22,1674.750,1647.220,127601702.000
2024-07-05,1648.740,1655.59,1662.320,1631.890,121512146.000
2024-07-08,1651.640,1628.76,1652.190,1624.550,120643899.000
2024-07-09,1625.520,1652.12,1660.330,1614.610,140807415.000
2024-07-10,1642.860,1651.11,1668.090,1641.840,127403413.000
2024-07-11,1673.540,1685.12,1694.780,1658.960,150981924.000
2024-07-12,1680.140,1683.63,1692.890,1672.670,127051918.000
2024-07-15,1674.890,1673.01,1679.880,1665.340,113706095.000
2024-07-16,1671.920,1696.34,1697.140,1671.310,111812855.000
2024-07-17,1691.950,1696.45,1707.610,1684.940,118540995.000
2024-07-18,1680.340,1717.71,1718.820,1678.560,123280140.000
2024-07-19,1706.840,1725.49,1731.130,1706.580,112804412.000
2024-07-22,1729.280,1723.91,1735.600,1713.370,116734816.000
2024-07-23,1721.930,1671.44,1722.080,1671.440,129222829.000
2024-07-24,1666.620,1650.91,1682.960,1645.750,125619573.000
2024-07-25,1641.680,1644.45,1658.130,1638.540,113167757.000
2024-07-26,1649.340,1659.53,1670.210,1646.630,120601899.000
2024-07-29,1653.390,1635.67,1653.390,1634.510,125779956.000
2024-07-30,1629.180,1630.95,1637.210,1621.940,127732992.000
2024-07-31,1623.040,1688.14,1689.490,1623.040,176722511.000
2024-08-01,1690.220,1665.97,1694.590,1663.080,152988021.000
2024-08-02,1649.840,1638.3,1671.360,1635.440,152571434.000
2024-08-05,1621.190,1607.29,1656.090,1607.240,160975517.000
2024-08-06,1628.120,1627.36,1638.480,1612.000,135072729.000
2024-08-07,1624.060,1620.33,1632.640,1618.390,127274048.000
2024-08-08,1611.260,1611.51,1628.660,1598.680,140737680.000
2024-08-09,1621.840,1595.64,1628.530,1595.640,125398160.000
2024-08-12,1596.410,1592.39,1601.850,1589.090,124201843.000
2024-08-13,1592.040,1607.19,1607.260,1587.520,112275494.000
2024-08-14,1606.440,1584.33,1606.440,1584.330,123258597.000
2024-08-15,1581.150,1592.71,1608.950,1581.050,161888002.000
2024-08-16,1594.510,1591.46,1603.430,1587.410,172590183.000
2024-08-19,1589.210,1589.29,1608.270,1588.220,163609101.000
2024-08-20,1590.170,1567.97,1591.880,1565.430,163251088.000
2024-08-21,1561.240,1558.51,1572.470,1556.930,146118100.000
2024-08-22,1559.680,1546.63,1563.370,1544.910,149584982.000
2024-08-23,1540.520,1546.9,1555.010,1537.780,140019731.000
2024-08-26,1550.040,1545.31,1557.910,1540.520,136719345.000
2024-08-27,1537.810,1530.74,1541.930,1526.610,133754749.000
2024-08-28,1526.670,1531.45,1534.540,1522.480,123543084.000
2024-08-29,1512.370,1541.4,1551.540,1512.170,143849682.000
2024-08-30,1543.890,1580.46,1601.160,1543.890,201726850.000
2024-09-02,1577.440,1536.95,1581.870,1536.530,161414596.000
2024-09-03,1533.570,1556.32,1561.860,1533.460,138750336.000
2024-09-04,1541.900,1554.64,1569.890,1540.170,137451388.000
2024-09-05,1554.880,1564.72,1576.030,1554.880,137123466.000
2024-09-06,1564.330,1538.07,1566.570,1537.380,139270896.000
2024-09-09,1528.650,1539.04,1547.730,1526.240,117873664.000
2024-09-10,1540.210,1539.98,1551.610,1522.880,126680539.000
2024-09-11,1539.850,1558.33,1563.090,1535.620,112826588.000
2024-09-12,1566.400,1551.81,1577.170,1551.030,125330161.000
2024-09-13,1552.280,1535.17,1556.660,1535.170,125952971.000
2024-09-18,1533.380,1533.47,1540.080,1522.540,114234684.000
2024-09-19,1543.320,1546.47,1565.210,1520.720,133867092.000
2024-09-20,1546.770,1536.6,1546.770,1525.680,130056811.000
2024-09-23,1538.050,1530.51,1548.410,1528.940,122125585.000
2024-09-24,1545.900,1615.32,1616.070,1532.520,195898358.000
2024-09-25,1652.830,1641.54,1679.640,1639.680,237541061.000
2024-09-26,1638.530,1714.14,1716.010,1625.660,226173043.000
2024-09-27,1751.330,1885.49,1919.790,1751.330,331881713.000
2024-09-30,1994.260,2175.09,2182.390,1966.340,478321402.000
2024-10-08,2576.220,2550.28,2576.220,2336.440,568395219.000
2024-10-09,2426.750,2280.1,2514.290,2278.820,517017791.000
2024-10-10,2291.220,2212.91,2327.600,2181.080,370748055.000
2024-10-11,2173.710,2100.87,2191.400,2066.580,308048402.000
2024-10-14,2119.390,2155.4,2163.270,2062.450,304822028.000
2024-10-15,2139.650,2085.99,2175.950,2085.820,340562162.000
2024-10-16,2037.740,2039.95,2081.320,2026.520,279261270.000
2024-10-17,2057.960,2033.48,2081.090,2031.990,311792011.000
2024-10-18,2027.650,2195.1,2273.000,2027.650,394063786.000
2024-10-21,2211.390,2210.34,2266.600,2182.230,422190731.000
2024-10-22,2205.400,2216.99,2226.930,2180.000,393491044.000
2024-10-23,2202.820,2205.3,2252.520,2186.180,364039646.000
2024-10-24,2187.240,2175.1,2203.020,2168.240,281830987.000
2024-10-25,2190.390,2238.9,2277.170,2180.220,322255605.000
2024-10-28,2228.080,2229.12,2236.470,2198.890,346139425.000
2024-10-29,2231.820,2177.31,2239.260,2175.810,371919397.000
2024-10-30,2156.280,2151.51,2179.940,2127.630,327522148.000
2024-10-31,2145.660,2164.46,2204.860,2130.270,371664787.000
2024-11-01,2149.940,2123.74,2166.520,2120.730,372803871.000
2024-11-04,2122.980,2185.98,2187.380,2122.980,254734109.000
2024-11-05,2184.900,2289.84,2301.990,2172.520,350837107.000
2024-11-06,2290.670,2265.83,2360.880,2247.040,403030177.000
2024-11-07,2244.960,2350.76,2350.760,2240.250,405904223.000
2024-11-08,2396.870,2321.59,2402.380,2317.510,413769211.000
2024-11-11,2298.620,2392.44,2393.580,2296.320,377529598.000
2024-11-12,2416.210,2390.8,2448.200,2362.570,378754158.000
2024-11-13,2367.160,2417.25,2427.160,2345.060,299809058.000
2024-11-14,2411.290,2334.96,2419.690,2331.680,270788688.000
2024-11-15,2318.940,2243.62,2338.560,2243.620,289330900.000
2024-11-18,2244.320,2190.95,2254.920,2173.180,283518400.000
2024-11-19,2200.130,2256.61,2261.590,2173.450,244199501.000
2024-11-20,2242.600,2267.85,2283.750,2239.770,288681253.000
2024-11-21,2254.270,2265.87,2281.160,2248.380,282320627.000
2024-11-22,2257.950,2175.57,2269.270,2175.570,301571728.000
2024-11-25,2184.100,2175.18,2193.680,2140.480,251575908.000
2024-11-26,2163.370,2150.1,2187.120,2148.140,233179805.000
2024-11-27,2136.710,2208.78,2209.160,2119.540,258006971.000
2024-11-28,2204.490,2169.8,2206.850,2165.530,276399803.000
2024-11-29,2162.520,2224.0,2264.680,2162.520,302880301.000
2024-12-02,2212.360,2255.5,2261.140,2210.860,311350090.000
2024-12-03,2252.750,2245.5,2261.390,2224.690,306481107.000
2024-12-04,2237.650,2213.41,2246.040,2204.390,289942124.000
2024-12-05,2207.500,2221.46,2237.090,2207.500,270063838.000
2024-12-06,2219.910,2267.06,2289.810,2213.320,315853926.000
2024-12-09,2265.190,2248.63,2273.080,2229.510,275288754.000
2024-12-10,2358.290,2264.05,2358.490,2258.020,368365343.000
2024-12-11,2260.700,2261.58,2278.790,2251.350,294926754.000
2024-12-12,2257.310,2292.15,2302.640,2256.070,308420591.000
2024-12-13,2272.270,2235.26,2276.130,2234.170,328537971.000
2024-12-16,2232.620,2201.53,2234.190,2192.250,273787934.000
2024-12-17,2197.130,2201.18,2233.170,2197.130,248753481.000
2024-12-18,2207.180,2202.14,2216.000,2192.600,216481476.000
2024-12-19,2178.460,2213.54,2220.430,2174.940,221719261.000
2024-12-20,2209.380,2209.66,2234.130,2201.940,230049274.000
2024-12-23,2205.690,2187.94,2223.640,2185.350,245538770.000
2024-12-24,2190.470,2213.55,2215.190,2187.780,200966406.000
2024-12-25,2215.610,2201.3,2216.360,2187.000,203868100.000
2024-12-26,2200.320,2209.85,2219.690,2193.590,184436467.000
2024-12-27,2209.710,2204.9,2235.560,2196.290,207513529.000
2024-12-30,2198.860,2206.29,2218.740,2198.120,187201460.000
2024-12-31,2202.180,2141.6,2207.310,2141.600,199428413.000
2025-01-02,2136.920,2060.44,2137.650,2040.380,196587395.000
2025-01-03,2062.400,2015.97,2067.410,2015.960,206064912.000
2025-01-06,2018.250,2014.19,2033.270,2000.860,169375612.000
2025-01-07,1996.000,2028.36,2028.750,1988.420,168570529.000
2025-01-08,2011.750,2008.44,2029.020,1963.810,195527839.000
2025-01-09,1994.810,2010.66,2025.310,1994.700,174244808.000
2025-01-10,2006.550,1975.3,2024.430,1975.300,178384005.000
2025-01-13,1953.890,1982.46,1998.500,1953.820,152288463.000
2025-01-14,1989.390,2075.76,2076.960,1979.140,227021058.000
2025-01-15,2064.480,2037.93,2064.480,2032.570,195449289.000
2025-01-16,2051.090,2051.35,2084.230,2029.820,203899551.000
2025-01-17,2041.710,2067.27,2083.200,2041.580,170885961.000
2025-01-20,2090.140,2104.73,2118.740,2090.070,177274295.000
2025-01-21,2125.070,2112.39,2125.070,2090.320,182508851.000
2025-01-22,2103.830,2101.03,2110.900,2081.080,165662666.000
2025-01-23,2125.300,2093.31,2151.480,2093.310,210268257.000
2025-01-24,2084.130,2121.84,2131.550,2084.130,200051426.000
2025-01-27,2119.170,2063.82,2123.150,2063.820,177520122.000
2025-02-05,2082.990,2062.92,2083.010,2054.370,204368036.000
2025-02-06,2059.450,2120.75,2120.790,2056.180,248973902.000
2025-02-07,2127.140,2174.35,2200.100,2122.350,308397999.000
2025-02-10,2183.780,2183.88,2188.130,2156.760,279950659.000
2025-02-11,2182.910,2152.73,2182.910,2150.470,266477049.000
2025-02-12,2144.730,2191.76,2194.100,2142.050,258849275.000
2025-02-13,2186.140,2176.16,2203.640,2175.420,284591869.000
2025-02-14,2176.320,2215.3,2223.390,2176.210,286996251.000
2025-02-17,2243.660,2226.62,2245.370,2208.770,326355461.000
2025-02-18,2223.480,2182.57,2231.280,2173.540,294210590.000
2025-02-19,2174.960,2226.98,2228.480,2174.010,260631356.000
2025-02-20,2222.370,2225.58,2233.980,2204.640,280378857.000
2025-02-21,2228.920,2281.51,2284.040,2228.920,333039973.000
2025-02-24,2277.150,2266.24,2283.790,2245.610,314290011.000
2025-02-25,2227.290,2240.59,2265.910,2224.460,292711324.000
2025-02-26,2246.950,2268.22,2268.570,2232.310,297225033.000
2025-02-27,2268.500,2256.51,2279.390,2225.530,307273306.000
2025-02-28,2238.340,2170.39,2240.780,2163.690,281464504.000
2025-03-03,2176.820,2196.52,2232.200,2161.360,247920944.000
2025-03-04,2170.990,2190.08,2193.530,2161.060,225876166.000
2025-03-05,2190.580,2190.36,2200.870,2173.900,233260677.000
2025-03-06,2204.250,2234.69,2243.280,2202.010,306910775.000
2025-03-07,2221.910,2205.31,2226.000,2195.130,287065098.000
2025-03-10,2211.100,2199.88,2217.770,2182.580,231584299.000
2025-03-11,2172.180,2204.03,2204.030,2171.270,220927831.000
2025-03-12,2211.150,2191.27,2214.970,2191.100,266044504.000
2025-03-13,2189.470,2166.0,2200.910,2154.950,250422746.000
2025-03-14,2165.530,2226.72,2233.830,2161.890,265860088.000
2025-03-17,2230.850,2215.13,2233.330,2212.020,245505172.000
2025-03-18,2225.200,2228.64,2242.220,2215.370,238408415.000
2025-03-19,2221.600,2222.35,2237.950,2208.260,229680955.000
2025-03-20,2220.500,2200.03,2221.610,2198.380,235839545.000
2025-03-21,2193.360,2152.28,2201.420,2149.090,260886417.000
2025-03-24,2154.670,2152.55,2160.460,2125.130,243858778.000
2025-03-25,2154.200,2145.48,2165.010,2136.610,198697315.000
2025-03-26,2143.120,2139.9,2157.780,2139.900,184203191.000
2025-03-27,2130.490,2145.1,2165.160,2117.750,191716879.000
2025-03-28,2140.070,2128.21,2152.400,2128.210,179554641.000
2025-03-31,2117.880,2103.7,2123.870,2087.130,186061401.000
2025-04-01,2108.460,2101.88,2127.540,2100.300,171368258.000
2025-04-02,2103.390,2104.63,2121.560,2097.820,151329115.000
2025-04-03,2078.150,2065.4,2097.670,2057.630,163979246.000
2025-04-07,1925.640,1807.21,1939.270,1756.640,304075576.000
2025-04-08,1837.540,1840.31,1877.440,1812.130,256682141.000
2025-04-09,1805.460,1858.36,1872.930,1777.250,279452297.000
2025-04-10,1920.640,1900.53,1944.100,1897.340,256686850.000
2025-04-11,1885.860,1926.37,1943.430,1884.600,202378237.000
2025-04-14,1954.050,1932.91,1956.160,1928.630,191935063.000
2025-04-15,1933.890,1930.4,1940.750,1918.440,168422550.000
2025-04-16,1918.030,1907.11,1919.090,1879.780,170499714.000
2025-04-17,1893.020,1908.78,1923.530,1892.470,150012821.000
2025-04-18,1904.990,1913.97,1917.590,1898.780,146860953.000
2025-04-21,1910.900,1944.32,1947.560,1901.810,167432537.000
2025-04-22,1933.830,1928.43,1939.690,1923.370,171458149.000
2025-04-23,1950.440,1949.16,1962.680,1935.680,199995890.000
2025-04-24,1946.230,1935.86,1958.220,1930.900,181545884.000
2025-04-25,1941.810,1947.19,1960.630,1937.710,169975509.000
2025-04-28,1951.160,1934.46,1951.160,1930.060,162391960.000
2025-04-29,1929.270,1931.94,1941.170,1923.860,159664563.000
2025-04-30,1936.120,1948.03,1954.620,1931.840,166298856.000
2025-05-06,1966.970,1986.41,1988.050,1964.460,204520480.000
2025-05-07,2024.300,1996.51,2035.470,1982.370,236535048.000
2025-05-08,1994.050,2029.45,2036.100,1991.650,207994995.000
2025-05-09,2028.430,2011.77,2028.430,2004.480,192034207.000
2025-05-12,2042.900,2064.71,2066.310,2038.340,194830717.000
2025-05-13,2091.350,2062.26,2091.350,2058.740,197528876.000
2025-05-14,2062.270,2083.14,2103.370,2051.820,193291895.000
2025-05-15,2076.040,2043.25,2076.040,2043.100,176731703.000
2025-05-16,2035.870,2039.45,2050.890,2035.870,163275755.000
2025-05-19,2038.050,2032.76,2038.050,2017.170,165912587.000
2025-05-20,2041.500,2048.46,2059.520,2025.860,185317150.000
2025-05-21,2052.000,2065.39,2077.480,2050.210,175588279.000
2025-05-22,2065.410,2045.57,2065.410,2043.890,169780258.000
2025-05-23,2043.200,2021.5,2060.090,2021.500,178391659.000
2025-05-26,2016.370,2005.26,2023.490,1991.780,147787119.000
2025-05-27,2001.620,1991.64,2001.620,1983.900,150972274.000
2025-05-28,1996.490,1985.38,2001.950,1981.670,160736605.000
2025-05-29,1988.320,2012.55,2016.210,1986.630,196153778.000
2025-05-30,2002.730,1993.19,2004.500,1988.190,192070841.000
2025-06-03,1986.540,2002.7,2012.240,1985.570,185115747.000
2025-06-04,2009.370,2024.93,2030.920,2009.370,185041493.000
2025-06-05,2026.630,2048.61,2053.560,2014.440,208483808.000
2025-06-06,2047.870,2039.44,2051.910,2034.100,178108991.000
2025-06-09,2046.430,2061.29,2075.580,2045.640,202827466.000
2025-06-10,2057.970,2037.27,2063.870,2023.170,237687808.000
2025-06-11,2044.280,2061.87,2076.910,2044.280,208455831.000
2025-06-12,2057.200,2067.15,2076.840,2051.240,214021326.000
2025-06-13,2054.970,2043.82,2065.870,2036.960,241780969.000
2025-06-16,2038.700,2057.32,2062.420,2038.700,203702624.000
2025-06-17,2061.470,2049.94,2063.080,2045.050,216853533.000
2025-06-18,2046.690,2054.73,2059.380,2039.250,211304448.000
2025-06-19,2049.180,2026.82,2057.770,2021.180,221788483.000
2025-06-20,2026.880,2009.89,2036.020,2007.510,190308016.000
2025-06-23,1996.960,2017.63,2021.760,1996.960,200250341.000
2025-06-24,2024.700,2064.13,2065.840,2024.700,247840301.000
2025-06-25,2073.260,2128.39,2133.030,2072.870,267537197.000
2025-06-26,2128.860,2114.43,2142.210,2113.140,269411209.000
2025-06-27,2125.850,2124.34,2146.040,2112.750,242281223.000
2025-06-30,2132.930,2153.01,2154.000,2128.780,238472882.000
2025-07-01,2149.220,2147.92,2152.920,2134.570,248615116.000
2025-07-02,2140.140,2123.72,2140.140,2118.550,234278871.000
2025-07-03,2130.740,2164.09,2168.610,2130.740,219337576.000
2025-07-04,2168.350,2156.23,2187.880,2153.620,232294631.000
2025-07-07,2148.930,2130.19,2155.690,2126.320,188872554.000
2025-07-08,2129.490,2181.08,2183.060,2129.490,228272821.000
2025-07-09,2179.320,2184.67,2204.640,2179.110,233669091.000
2025-07-10,2192.990,2189.58,2199.710,2174.210,220559910.000
2025-07-11,2190.010,2207.1,2223.310,2181.190,238426461.000
2025-07-14,2207.540,2197.07,2208.080,2189.080,202146011.000
2025-07-15,2211.400,2235.05,2245.440,2209.900,224843887.000
2025-07-16,2241.210,2230.19,2259.640,2227.820,205109817.000
2025-07-17,2228.520,2269.33,2269.670,2228.520,213485493.000
2025-07-18,2279.670,2277.15,2296.910,2263.970,211967077.000
2025-07-21,2285.410,2296.88,2297.140,2273.810,225424052.000
2025-07-22,2295.360,2310.86,2313.460,2290.380,242464648.000
2025-07-23,2308.110,2310.67,2333.310,2304.630,234159582.000
2025-07-24,2319.250,2345.37,2345.370,2318.420,233231978.000
2025-07-25,2348.280,2340.06,2350.060,2332.020,225715186.000
2025-07-28,2346.380,2362.6,2366.510,2334.160,216864238.000
2025-07-29,2362.770,2406.59,2406.590,2355.380,230716099.000
2025-07-30,2395.860,2367.68,2395.890,2349.180,250304909.000
2025-07-31,2382.970,2328.31,2394.220,2321.720,252753645.000
2025-08-01,2323.920,2322.63,2348.020,2304.390,228168384.000
2025-08-04,2307.370,2334.32,2334.430,2304.480,211838848.000
2025-08-05,2349.440,2343.38,2351.000,2323.740,225177287.000
2025-08-06,2335.950,2358.95,2359.820,2335.950,254893313.000
2025-08-07,2359.420,2342.86,2372.680,2322.810,257978554.000
2025-08-08,2338.250,2333.96,2353.990,2330.010,243495473.000
2025-08-11,2336.930,2379.82,2384.860,2336.930,244909805.000
2025-08-12,2381.160,2409.4,2409.400,2368.810,244883792.000
2025-08-13,2417.470,2496.5,2497.860,2414.480,272434252.000
2025-08-14,2496.630,2469.66,2513.370,2463.860,293131579.000
2025-08-15,2464.670,2534.22,2541.890,2464.670,280039651.000
2025-08-18,2549.550,2606.2,2633.860,2529.250,361326575.000
2025-08-19,2596.580,2601.74,2634.600,2586.950,324363016.000
2025-08-20,2572.010,2607.65,2608.000,2547.440,283145029.000
2025-08-21,2614.910,2595.47,2626.370,2582.050,292433377.000
2025-08-22,2587.530,2682.55,2683.900,2587.530,293811031.000
2025-08-25,2720.280,2762.99,2782.010,2700.280,352036541.000
2025-08-26,2747.110,2742.13,2773.240,2726.720,307531115.000
2025-08-27,2747.500,2723.2,2822.270,2723.200,363608516.000
2025-08-28,2707.340,2827.17,2827.170,2707.340,341026597.000
2025-08-29,2828.010,2890.13,2933.990,2809.320,284075157.000
2025-09-01,2914.640,2956.37,2958.140,2886.730,276014321.000
2025-09-02,2951.030,2872.22,2979.730,2839.920,300447509.000
2025-09-03,2882.840,2899.37,2926.780,2859.510,244128872.000
2025-09-04,2933.680,2776.25,2956.410,2741.080,256229516.000
2025-09-05,2789.910,2958.18,2962.470,2775.170,241521965.000
2025-09-08,2964.430,2933.25,2964.430,2883.260,246417816.000
2025-09-09,2901.290,2867.97,2924.580,2843.670,216032269.000
2025-09-10,2890.050,2904.27,2926.160,2860.260,201444180.000
2025-09-11,2917.770,3053.75,3053.750,2899.830,247034712.000
2025-09-12,3024.100,3020.42,3056.530,3009.900,244051798.000
2025-09-15,3052.060,3066.18,3106.880,3044.690,224871259.000
2025-09-16,3072.300,3087.04,3089.780,3020.630,242587260.000
2025-09-17,3085.710,3147.35,3152.310,3064.770,244207711.000
2025-09-18,3119.770,3095.85,3168.680,3051.300,310707378.000
2025-09-19,3098.280,3091.0,3128.380,3072.760,226063739.000
2025-09-22,3093.970,3107.89,3107.890,3053.350,199289291.000
2025-09-23,3139.500,3114.55,3157.020,3041.460,249119042.000
2025-09-24,3089.900,3185.57,3185.840,3085.700,221457643.000
2025-09-25,3167.750,3235.76,3266.000,3161.080,226942858.000
2025-09-26,3222.190,3151.53,3251.880,3150.840,209243820.000
2025-09-29,3165.070,3238.01,3259.420,3164.800,200825881.000
2025-09-30,3239.330,3238.16,3279.020,3218.690,196651530.000
2025-10-09,3251.040,3261.82,3322.440,3243.710,230359686.000
2025-10-10,3230.460,3113.26,3235.860,3097.630,219702850.000
2025-10-13,2975.030,3078.76,3096.400,2975.030,210881631.000
2025-10-14,3121.000,2955.98,3124.830,2943.580,216718242.000
2025-10-15,2964.520,3025.87,3030.590,2927.510,179838526.000
2025-10-16,3008.370,3037.44,3068.840,3001.100,173471667.000
2025-10-17,3026.400,2935.37,3042.290,2932.680,178268865.000
2025-10-20,3007.210,2993.45,3042.200,2970.190,155937611.000
2025-10-21,3017.770,3083.72,3101.930,2994.760,172028506.000
2025-10-22,3061.270,3059.32,3089.760,3044.040,158313410.000
2025-10-23,3050.740,3062.16,3066.460,3003.340,162399491.000
2025-10-24,3087.630,3171.57,3171.570,3082.060,183073810.000
2025-10-27,3227.180,3234.45,3241.950,3179.620,207256404.000
2025-10-28,3205.440,3229.58,3282.330,3205.050,201432398.000
2025-10-29,3263.980,3324.27,3324.270,3258.690,207178367.000
2025-10-30,3313.790,3263.02,3331.860,3259.210,217610201.000
2025-10-31,3260.260,3187.53,3281.660,3187.530,213475247.000
2025-11-03,3179.300,3196.87,3199.400,3120.850,208981991.000
2025-11-04,3190.400,3134.09,3207.100,3111.020,191439663.000
2025-11-05,3068.950,3166.23,3179.930,3068.950,200008334.000
2025-11-06,3185.130,3224.62,3236.680,3177.600,195826587.000
2025-11-07,3201.260,3208.21,3240.350,3178.800,199442356.000
2025-11-10,3221.930,3178.83,3236.610,3138.300,205337561.000
2025-11-11,3197.120,3134.32,3209.890,3130.580,203102230.000
2025-11-12,3122.580,3122.03,3137.580,3078.640,199842484.000
2025-11-13,3119.090,3201.75,3209.700,3107.620,206383934.000
2025-11-14,3145.920,3111.51,3167.110,3111.510,209983125.000
2025-11-17,3097.340,3105.2,3120.730,3082.230,213074768.000
2025-11-18,3089.380,3069.22,3115.310,3052.640,224288955.000
2025-11-19,3065.170,3076.85,3113.220,3061.960,209978109.000
2025-11-20,3131.840,3042.34,3137.070,3039.380,194502677.000
2025-11-21,2979.370,2920.08,2996.790,2920.040,246486373.000
2025-11-24,2946.460,2929.04,2951.430,2892.270,219085909.000
2025-11-25,2970.730,2980.93,3027.830,2961.930,228087380.000
2025-11-26,2976.700,3044.69,3081.490,2962.990,212833213.000
2025-11-27,3041.200,3031.3,3113.440,3027.310,195142886.000
2025-11-28,3029.980,3052.59,3067.760,3013.490,187381791.000
2025-12-01,3060.560,3092.5,3093.960,3037.690,210082058.000
2025-12-02,3091.370,3071.15,3094.180,3056.360,192465241.000
2025-12-03,3078.860,3036.79,3105.300,3028.700,195851910.000
2025-12-04,3037.050,3067.48,3075.460,3016.580,175615636.000
2025-12-05,3084.220,3109.3,3115.810,3048.940,188484887.000
2025-12-08,3119.150,3190.27,3214.480,3119.150,211907775.000
2025-12-09,3183.610,3209.6,3235.540,3175.510,194117870.000
2025-12-10,3201.380,3209.0,3220.240,3143.410,185507666.000
2025-12-11,3210.550,3163.67,3246.320,3163.670,194039411.000
2025-12-12,3172.730,3194.36,3203.250,3137.630,202785453.000
2025-12-15,3157.320,3137.8,3184.620,3135.660,180673480.000
2025-12-16,3130.430,3071.76,3141.580,3058.790,181550894.000
2025-12-17,3072.620,3175.91,3181.690,3072.620,186868324.000
2025-12-18,3138.660,3107.06,3154.070,3107.060,169218740.000
2025-12-19,3134.800,3122.24,3157.290,3112.030,177361917.000
2025-12-22,3153.750,3191.98,3197.940,3153.750,175227535.000
2025-12-23,3196.310,3205.01,3227.070,3184.530,183880580.000
2025-12-24,3207.410,3229.58,3235.000,3193.970,182675050.000
2025-12-25,3232.970,3239.34,3249.110,3200.490,193569997.000
2025-12-26,3232.410,3243.88,3268.690,3219.130,210934630.000
2025-12-29,3237.770,3222.61,3250.090,3208.080,196242768.000
2025-12-30,3208.320,3242.9,3251.130,3207.730,206953285.000
2025-12-31,3247.740,3203.17,3254.890,3198.250,206198167.000
2026-01-05,3229.930,3294.55,3295.290,3229.930,263142610.000
2026-01-06,3279.810,3319.29,3321.440,3265.730,278150655.000
2026-01-07,3331.340,3329.69,3351.220,3298.550,271641051.000
2026-01-08,3308.740,3302.31,3328.960,3285.160,280864919.000
2026-01-09,3279.380,3327.81,3330.010,3269.990,333280635.000
2026-01-12,3323.640,3388.34,3398.050,3282.390,406851832.000
2026-01-13,3390.690,3321.89,3416.840,3307.630,419547701.000
2026-01-14,3333.170,3349.14,3403.950,3308.630,439958418.000
2026-01-15,3318.110,3367.92,3372.470,3309.060,307576548.000
2026-01-16,3394.350,3361.02,3407.860,3354.650,299981551.000
2026-01-19,3340.940,3337.61,3383.790,3326.130,256405217.000
2026-01-20,3340.460,3277.98,3347.940,3257.440,260731480.000
2026-01-21,3270.130,3295.52,3329.500,3270.130,230185910.000
2026-01-22,3312.750,3328.65,3337.270,3280.320,235389326.000
2026-01-23,3334.020,3349.5,3349.500,3316.650,293479372.000
2026-01-26,3365.610,3319.15,3367.990,3304.360,314806723.000
2026-01-27,3316.020,3342.6,3366.680,3277.260,266460051.000
2026-01-28,3359.790,3323.56,3361.140,3301.050,258142248.000
2026-01-29,3322.480,3304.51,3356.480,3298.590,294963224.000
2026-01-30,3301.540,3346.36,3369.240,3255.650,263026318.000
2026-02-02,3368.140,3264.11,3390.300,3262.120,238543608.000
2026-02-03,3318.060,3324.89,3332.480,3249.060,230616448.000
2026-02-04,3298.320,3311.51,3318.900,3244.710,237312928.000
2026-02-05,3277.720,3260.28,3288.380,3238.780,205295208.000
2026-02-06,3222.880,3236.46,3288.030,3199.140,209401230.000
2026-02-09,3299.600,3332.77,3340.330,3276.570,235311933.000
2026-02-10,3321.880,3320.54,3348.480,3320.540,240458372.000
2026-02-11,3312.640,3284.74,3324.180,3284.240,220715123.000
2026-02-12,3294.570,3328.06,3334.350,3292.680,225917395.000
2026-02-13,3309.430,3275.96,3323.370,3275.290,206249589.000
2026-02-24,3331.790,3308.26,3343.240,3292.500,222404056.000
2026-02-25,3313.090,3354.82,3363.180,3302.760,232054795.000
2026-02-26,3346.740,3344.98,3351.570,3310.550,251619744.000
2026-02-27,3303.980,3310.3,3326.580,3292.890,240320830.000
2026-03-02,3257.050,3294.16,3319.910,3257.050,273514912.000
2026-03-03,3316.630,3209.48,3331.260,3206.620,286371200.000
2026-03-04,3171.190,3164.37,3217.110,3149.410,217331864.000
2026-03-05,3236.150,3216.94,3264.800,3194.960,241669489.000
2026-03-06,3197.660,3229.3,3248.900,3177.870,222766226.000
2026-03-09,3152.720,3208.58,3220.010,3111.880,255045462.000
2026-03-10,3281.940,3306.14,3308.750,3272.990,236304274.000
2026-03-11,3318.410,3349.53,3388.100,3318.410,235567220.000
2026-03-12,3357.030,3317.52,3358.770,3286.770,225425058.000
2026-03-13,3296.500,3310.28,3342.850,3296.110,226552974.000
2026-03-16,3323.980,3357.02,3360.350,3284.050,208217725.000
2026-03-17,3385.710,3280.06,3390.020,3279.870,207256854.000
2026-03-18,3307.820,3346.37,3350.560,3274.260,193702694.000
2026-03-19,3311.440,3309.1,3361.210,3295.450,199153562.000
2026-03-20,3362.070,3352.1,3426.610,3348.700,225401630.000
2026-03-23,3300.560,3235.22,3334.460,3214.820,239669171.000
2026-03-24,3266.930,3251.55,3270.190,3155.270,205225479.000
2026-03-25,3287.170,3316.97,3325.260,3278.730,206290186.000
2026-03-26,3299.030,3272.49,3347.230,3264.000,185458328.000
2026-03-27,3236.370,3295.88,3323.330,3228.410,169688303.000
2026-03-30,3254.430,3273.36,3281.390,3224.600,172193857.000
2026-03-31,3247.280,3184.95,3280.480,3184.950,178168265.000
2026-04-01,3255.260,3247.52,3255.260,3206.800,180123659.000
2026-04-02,3229.600,3172.65,3229.680,3155.130,174675433.000
2026-04-03,3197.770,3149.6,3199.440,3149.150,161826887.000
2026-04-07,3162.820,3160.82,3181.350,3133.780,146704274.000
2026-04-08,3257.910,3347.61,3348.390,3243.780,226902300.000
2026-04-09,3316.290,3323.3,3340.300,3301.650,195555903.000
2026-04-10,3355.070,3448.79,3470.720,3354.770,205391067.000
2026-04-13,3434.320,3476.44,3492.480,3434.320,180013140.000
2026-04-14,3507.110,3558.53,3560.300,3493.370,200966062.000
2026-04-15,3596.080,3514.96,3599.980,3491.450,203159933.000
2026-04-16,3531.260,3626.27,3629.420,3518.360,212193010.000
2026-04-17,3643.150,3678.29,3685.100,3620.330,213647879.000
2026-04-20,3657.350,3677.58,3696.260,3642.810,215598844.000
2026-04-21,3662.260,3688.94,3695.740,3619.480,196710069.000
2026-04-22,3660.420,3752.76,3755.750,3660.090,208325490.000
2026-04-23,3769.020,3720.25,3785.230,3681.570,234554114.000
2026-04-24,3682.500,3667.79,3699.940,3625.000,227960182.000
2026-04-27,3677.890,3648.79,3686.940,3640.110,215941887.000
2026-04-28,3623.490,3596.71,3636.930,3580.390,218834025.000
2026-04-29,3578.420,3687.17,3692.210,3578.420,215002402.000
2026-04-30,3704.110,3677.15,3718.400,3660.220,201808141.000
2026-05-06,3760.670,3778.16,3815.070,3724.530,249880273.000
2026-05-07,3807.990,3833.06,3840.060,3761.230,252313119.000
2026-05-08,3792.040,3796.13,3840.160,3787.170,242873982.000
2026-05-11,3829.610,3928.97,3937.870,3797.500,264046160.000
2026-05-12,3947.140,3934.88,3954.990,3897.820,247035078.000
2026-05-13,3900.740,4038.33,4041.990,3893.800,248072070.000
2026-05-14,4087.850,3951.14,4090.420,3937.600,250323172.000
2026-05-15,3957.740,3929.06,4002.730,3870.370,245569819.000
2026-05-18,3895.070,3914.88,3961.160,3883.400,217646936.000
2026-05-19,3894.000,3908.44,3918.310,3808.470,223481304.000
2026-05-20,3889.680,3921.79,3947.220,3887.150,222605616.000
2026-05-21,3962.300,3829.78,4017.810,3827.520,265528742.000
2026-05-22,3875.810,3938.5,3948.990,3856.210,214290151.000
2026-05-25,3974.970,4021.16,4022.740,3905.690,231457815.000
2026-05-26,4003.130,4043.07,4057.370,3985.510,228092127.000
2026-05-27,4053.680,4045.77,4148.230,4015.650,224129186.000
2026-05-28,4042.080,4125.07,4135.380,3971.720,207796485.000
2026-05-29,4141.910,4037.95,4158.690,4010.120,233413759.000
2026-06-01,4057.390,3950.94,4081.420,3942.680,210798809.000
2026-06-02,3987.410,4055.87,4083.920,3946.110,203915728.000
2026-06-03,4089.020,4122.99,4218.330,4063.200,218925848.000
2026-06-04,4072.550,4088.88,4114.240,4051.150,202724870.000
2026-06-05,4079.950,3957.94,4105.210,3933.070,228732023.000
2026-06-08,3820.230,3811.79,3903.770,3776.930,228336414.000
2026-06-09,3865.690,3961.75,3962.900,3823.760,209755585.000
2026-06-10,3897.730,3854.79,3928.360,3818.310,203947087.000
2026-06-11,3839.190,3811.25,3910.280,3755.610,198465341.000
2026-06-12,3921.090,3830.35,3921.530,3822.420,230246100.000
2026-06-15,3896.170,4033.53,4033.530,3844.080,221269003.000
2026-06-16,4065.270,4102.94,4142.430,4053.880,225905115.000
2026-06-17,4061.300,4167.05,4168.160,4058.610,221861568.000
2026-06-18,4153.620,4252.39,4272.010,4153.620,226559938.000
2026-06-22,4272.990,4359.39,4359.390,4229.310,272346002.000
2026-06-23,4343.880,4192.19,4350.060,4159.480,245858967.000
2026-06-24,4181.910,4251.42,4257.250,4161.580,232494708.000
2026-06-25,4278.340,4371.99,4380.410,4242.860,246522881.000
2026-06-26,4319.410,4194.21,4328.700,4175.380,240931473.000
2026-06-29,4200.670,4216.7,4265.460,4103.630,243571409.000
2026-06-30,4217.630,4342.71,4353.110,4205.740,223185932.000
2026-07-01,4336.160,4260.72,4361.830,4222.220,264901000.000
2026-07-02,4135.340,4017.27,4168.870,3999.570,249554568.000
2026-07-03,4010.820,4019.93,4115.630,3985.360,228453195.000
2026-07-06,4050.880,3948.86,4063.630,3903.480,216576771.000
2026-07-07,3931.440,3911.91,3976.110,3859.430,185806984.000
2026-07-08,3932.420,3845.35,3965.390,3824.330,192572049.000
2026-07-09,3892.120,4018.17,4025.320,3812.660,208378136.000
2026-07-10,4041.860,3842.73,4060.530,3842.350,248254176.000
2026-07-13,3809.860,3723.52,3855.750,3691.230,219895176.000
2026-07-14,3729.610,3851.14,3855.030,3673.960,196146517.000
2026-07-15,3879.770,3804.7,3905.310,3794.340,197252763.000
2026-07-16,3710.510,3692.46,3796.350,3658.070,198456563.000
2026-07-17,3642.060,3428.63,3642.060,3387.260,230221243.000
2026-07-20,3504.120,3443.1,3550.590,3338.210,237174099.000
2026-07-21,3469.220,3685.97,3687.150,3373.040,258922406.000
2026-07-22,3644.980,3566.73,3694.900,3553.370,205833919.000
2026-07-23,3596.730,3575.52,3621.730,3538.110,181766334.000
2026-07-24,3515.500,3480.87,3561.350,3480.870,168793607.000
2026-07-27,3482.040,3590.79,3592.100,3449.210,175227394.000
2026-07-28,3478.860,3327.03,3511.700,3312.300,174708042.000
2026-07-29,3333.480,3378.7,3411.030,3249.650,201044720.000
2026-07-30,3331.320,3244.62,3353.810,3158.140,203836418.000
2026-07-31,3411.610,3343.96,3464.900,3343.960,236170945.000
