date,close,pct
2004-01-01,1009.34,0.93
2006-01-04,1009.34,0.93
2006-01-05,1032.57,2.3
2006-01-06,1046.89,1.39
2006-01-09,1057.86,1.05
2006-01-10,1061.69,0.36
2006-01-11,1063.56,0.18
2006-01-12,1077.66,1.33
2006-01-13,1076.83,-0.08
2006-01-16,1063.89,-1.2
2006-01-17,1065.09,0.11
2006-01-18,1087.02,2.06
2006-01-19,1106.72,1.81
2006-01-20,1108.93,0.2
2006-01-23,1121.93,1.17
2006-01-24,1125.84,0.35
2006-01-25,1133.3,0.66
2006-02-06,1165.6,2.85
2006-02-07,1160.99,-0.4
2006-02-08,1160.46,-0.05
2006-02-09,1149.27,-0.97
2006-02-10,1164.56,1.33
2006-02-13,1163.16,-0.12
2006-02-14,1164.91,0.15
2006-02-15,1166.65,0.15
2006-02-16,1146.19,-1.75
2006-02-17,1141.98,-0.37
2006-02-20,1149.09,0.62
2006-02-21,1168.06,1.65
2006-02-22,1176.42,0.72
2006-02-23,1172.02,-0.37
2006-02-24,1180.13,0.69
2006-02-27,1172.69,-0.63
2006-02-28,1177.72,0.43
2006-03-01,1176.85,-0.07
2006-03-02,1166.62,-0.87
2006-03-03,1178.21,0.99
2006-03-06,1183.02,0.41
2006-03-07,1155.38,-2.34
2006-03-08,1142.57,-1.11
2006-03-09,1139.91,-0.23
2006-03-10,1147.54,0.67
2006-03-13,1164.68,1.49
2006-03-14,1161.14,-0.3
2006-03-15,1174.22,1.13
2006-03-16,1171.87,-0.2
2006-03-17,1166.15,-0.49
2006-03-20,1181.12,1.28
2006-03-21,1188.4,0.62
2006-03-22,1190.65,0.19
2006-03-23,1194.19,0.3
2006-03-24,1193.08,-0.09
2006-03-27,1195.51,0.2
2006-03-28,1202.17,0.56
2006-03-29,1216.22,1.17
2006-03-30,1208.61,-0.63
2006-03-31,1211.46,0.24
2006-04-03,1223.19,0.97
2006-04-04,1232.23,0.74
2006-04-05,1232.65,0.03
2006-04-06,1229.17,-0.28
2006-04-07,1227.27,-0.15
2006-04-10,1245.09,1.45
2006-04-11,1258.4,1.07
2006-04-12,1254.39,-0.32
2006-04-13,1239.73,-1.17
2006-04-14,1273.63,2.73
2006-04-17,1279.06,0.43
2006-04-18,1286.15,0.55
2006-04-19,1283.84,-0.18
2006-04-20,1267.52,-1.27
2006-04-21,1278.46,0.86
2006-04-24,1258.72,-1.54
2006-04-25,1255.53,-0.25
2006-04-26,1275.65,1.6
2006-04-27,1275.4,-0.02
2006-04-28,1279.45,0.32
2006-05-08,1319.35,3.12
2006-05-09,1352.79,2.53
2006-05-10,1359.98,0.53
2006-05-11,1350.55,-0.69
2006-05-12,1377.6,2.0
2006-05-15,1430.61,3.85
2006-05-16,1413.39,-1.2
2006-05-17,1438.08,1.75
2006-05-18,1447.33,0.64
2006-05-19,1480.92,2.32
2006-05-22,1520.34,2.66
2006-05-23,1467.72,-3.46
2006-05-24,1431.44,-2.47
2006-05-25,1423.61,-0.55
2006-05-26,1454.68,2.18
2006-05-29,1503.17,3.33
2006-05-30,1519.96,1.12
2006-05-31,1510.49,-0.62
2006-06-01,1556.05,3.02
2006-06-02,1552.32,-0.24
2006-06-05,1571.49,1.24
2006-06-06,1557.97,-0.86
2006-06-07,1459.64,-6.31
2006-06-08,1459.19,-0.03
2006-06-09,1429.26,-2.05
2006-06-12,1433.88,0.32
2006-06-13,1438.22,0.3
2006-06-14,1415.65,-1.57
2006-06-15,1407.57,-0.57
2006-06-16,1439.95,2.3
2006-06-19,1459.76,1.38
2006-06-20,1460.99,0.09
2006-06-21,1457.89,-0.21
2006-06-22,1442.59,-1.05
2006-06-23,1442.81,0.02
2006-06-26,1468.8,1.8
2006-06-27,1467.23,-0.11
2006-06-28,1476.56,0.64
2006-06-29,1513.96,2.53
2006-06-30,1512.2,-0.12
2006-07-03,1536.17,1.59
2006-07-04,1524.43,-0.76
2006-07-05,1505.7,-1.23
2006-07-06,1537.53,2.11
2006-07-07,1529.34,-0.53
2006-07-10,1528.4,-0.06
2006-07-11,1533.45,0.33
2006-07-12,1534.95,0.1
2006-07-13,1445.44,-5.83
2006-07-14,1454.46,0.62
2006-07-17,1475.86,1.47
2006-07-18,1479.66,0.26
2006-07-19,1454.78,-1.68
2006-07-20,1462.86,0.56
2006-07-21,1468.4,0.38
2006-07-24,1470.55,0.15
2006-07-25,1488.26,1.2
2006-07-26,1486.15,-0.14
2006-07-27,1463.38,-1.53
2006-07-28,1459.53,-0.26
2006-07-31,1407.92,-3.54
2006-08-01,1393.26,-1.04
2006-08-02,1385.75,-0.54
2006-08-03,1381.68,-0.29
2006-08-04,1351.01,-2.22
2006-08-07,1329.83,-1.57
2006-08-08,1367.14,2.81
2006-08-09,1366.93,-0.02
2006-08-10,1387.88,1.53
2006-08-11,1389.53,0.12
2006-08-14,1363.24,-1.89
2006-08-15,1383.33,1.47
2006-08-16,1404.2,1.51
2006-08-17,1384.41,-1.41
2006-08-18,1375.5,-0.64
2006-08-21,1375.44,-0.01
2006-08-22,1382.8,0.54
2006-08-23,1382.85,0.0
2006-08-24,1386.63,0.27
2006-08-25,1391.61,0.36
2006-08-28,1422.42,2.21
2006-08-29,1420.79,-0.11
2006-08-30,1427.75,0.49
2006-08-31,1450.95,1.63
2006-09-01,1437.68,-0.92
2006-09-04,1456.89,1.34
2006-09-05,1452.09,-0.33
2006-09-06,1457.18,0.35
2006-09-07,1436.31,-1.43
2006-09-08,1434.8,-0.11
2006-09-11,1442.75,0.55
2006-09-12,1447.21,0.31
2006-09-13,1435.35,-0.82
2006-09-14,1431.42,-0.27
2006-09-15,1452.73,1.49
2006-09-18,1476.92,1.67
2006-09-19,1472.7,-0.29
2006-09-20,1471.6,-0.07
2006-09-21,1476.19,0.31
2006-09-22,1460.99,-1.03
2006-09-25,1452.01,-0.62
2006-09-26,1444.73,-0.5
2006-09-27,1450.9,0.43
2006-09-28,1459.8,0.61
2006-09-29,1473.44,0.93
2006-10-09,1498.53,1.7
2006-10-10,1507.37,0.59
2006-10-11,1515.78,0.56
2006-10-12,1525.53,0.64
2006-10-13,1532.8,0.48
2006-10-16,1530.98,-0.12
2006-10-17,1524.52,-0.42
2006-10-18,1546.22,1.42
2006-10-19,1546.1,-0.01
2006-10-20,1542.22,-0.25
2006-10-23,1513.69,-1.85
2006-10-24,1544.07,2.01
2006-10-25,1539.77,-0.28
2006-10-26,1545.22,0.35
2006-10-27,1536.59,-0.56
2006-10-30,1563.42,1.75
2006-10-31,1580.26,1.08
2006-11-01,1596.59,1.03
2006-11-02,1614.58,1.13
2006-11-03,1609.57,-0.31
2006-11-06,1637.19,1.72
2006-11-07,1630.21,-0.43
2006-11-08,1601.67,-1.75
2006-11-09,1614.23,0.79
2006-11-10,1579.18,-2.17
2006-11-13,1532.59,-2.95
2006-11-14,1534.19,0.11
2006-11-15,1583.14,3.19
2006-11-16,1567.52,-0.99
2006-11-17,1599.43,2.04
2006-11-20,1611.11,0.73
2006-11-21,1626.43,0.95
2006-11-22,1634.2,0.48
2006-11-23,1650.44,0.99
2006-11-24,1668.14,1.07
2006-11-27,1694.77,1.6
2006-11-28,1681.46,-0.79
2006-11-29,1703.06,1.29
2006-11-30,1753.73,2.98
2006-12-01,1774.12,1.16
2006-12-04,1809.32,1.98
2006-12-05,1807.26,-0.11
2006-12-06,1778.99,-1.56
2006-12-07,1792.97,0.79
2006-12-08,1728.96,-3.57
2006-12-11,1789.63,3.51
2006-12-12,1803.88,0.8
2006-12-13,1807.82,0.22
2006-12-14,1832.27,1.35
2006-12-15,1856.34,1.31
2006-12-18,1885.21,1.56
2006-12-19,1904.15,1.01
2006-12-20,1911.36,0.38
2006-12-21,1877.15,-1.79
2006-12-22,1857.37,-1.05
2006-12-25,1882.62,1.36
2006-12-26,1888.26,0.3
2006-12-27,1920.0,1.68
2006-12-28,1898.51,-1.12
2006-12-29,1965.42,3.52
2007-01-04,2015.58,2.55
2007-01-05,2086.64,3.53
2007-01-08,2154.54,3.25
2007-01-09,2209.84,2.57
2007-01-10,2260.7,2.3
2007-01-11,2242.93,-0.79
2007-01-12,2136.72,-4.74
2007-01-15,2249.24,5.27
2007-01-16,2291.88,1.9
2007-01-17,2298.6,0.29
2007-01-18,2311.48,0.56
2007-01-19,2397.8,3.74
2007-01-22,2510.42,4.7
2007-01-23,2554.35,1.75
2007-01-24,2568.24,0.54
2007-01-25,2441.93,-4.92
2007-01-26,2464.43,0.92
2007-01-29,2541.62,3.13
2007-01-30,2553.71,0.48
2007-01-31,2392.33,-6.32
2007-02-01,2392.31,0.0
2007-02-02,2322.0,-2.94
2007-02-05,2325.27,0.14
2007-02-06,2373.91,2.09
2007-02-07,2415.6,1.76
2007-02-08,2490.39,3.1
2007-02-09,2471.96,-0.74
2007-02-12,2538.21,2.68
2007-02-13,2580.14,1.65
2007-02-14,2653.22,2.83
2007-02-15,2734.31,3.06
2007-02-16,2755.07,0.76
2007-02-26,2874.75,4.34
2007-02-27,2598.55,-9.61
2007-02-28,2729.05,5.02
2007-03-01,2657.36,-2.63
2007-03-02,2693.34,1.35
2007-03-05,2697.85,0.17
2007-03-06,2714.01,0.6
2007-03-07,2770.47,2.08
2007-03-08,2845.02,2.69
2007-03-09,2824.78,-0.71
2007-03-12,2884.69,2.12
2007-03-13,2928.75,1.53
2007-03-14,2906.62,-0.76
2007-03-15,2956.5,1.72
2007-03-16,2883.94,-2.45
2007-03-19,2919.94,1.25
2007-03-20,2970.33,1.73
2007-03-21,3006.5,1.22
2007-03-22,3019.93,0.45
2007-03-23,3093.68,2.44
2007-03-26,3158.36,2.09
2007-03-27,3201.52,1.37
2007-03-28,3198.2,-0.1
2007-03-29,3115.65,-2.58
2007-03-30,3135.67,0.64
2007-04-02,3236.2,3.21
2007-04-03,3269.72,1.04
2007-04-04,3301.21,0.96
2007-04-05,3343.63,1.29
2007-04-06,3399.33,1.67
2007-04-09,3509.89,3.25
2007-04-10,3562.68,1.5
2007-04-11,3606.05,1.22
2007-04-12,3672.1,1.83
2007-04-13,3650.12,-0.6
2007-04-16,3748.64,2.7
2007-04-17,3819.76,1.9
2007-04-18,3952.57,3.48
2007-04-19,3729.54,-5.64
2007-04-20,3924.81,5.24
2007-04-23,4146.25,5.64
2007-04-24,4230.22,2.03
2007-04-25,4212.62,-0.42
2007-04-26,4251.3,0.92
2007-04-27,4213.42,-0.89
2007-04-30,4265.45,1.24
2007-05-08,4467.09,4.73
2007-05-09,4444.6,-0.5
2007-05-10,4544.88,2.26
2007-05-11,4520.83,-0.53
2007-05-14,4555.73,0.77
2007-05-15,4419.96,-2.98
2007-05-16,4503.83,1.9
2007-05-17,4613.82,2.44
2007-05-18,4626.08,0.27
2007-05-21,4722.88,2.09
2007-05-22,4783.14,1.28
2007-05-23,4906.3,2.58
2007-05-24,4883.54,-0.46
2007-05-25,4933.59,1.03
2007-05-28,5009.79,1.55
2007-05-29,5135.88,2.52
2007-05-30,4667.08,-9.13
2007-05-31,4588.23,-1.69
2007-06-01,4293.82,-6.42
2007-06-04,3893.97,-9.31
2007-06-05,4020.83,3.26
2007-06-06,4110.18,2.22
2007-06-07,4301.67,4.66
2007-06-08,4333.78,0.75
2007-06-11,4453.57,2.76
2007-06-12,4657.85,4.59
2007-06-13,4772.43,2.46
2007-06-14,4680.94,-1.92
2007-06-15,4638.1,-0.92
2007-06-18,4754.07,2.5
2007-06-19,4811.72,1.21
2007-06-20,4694.61,-2.43
2007-06-21,4654.16,-0.86
2007-06-22,4393.05,-5.61
2007-06-25,4120.32,-6.21
2007-06-26,4185.17,1.57
2007-06-27,4321.63,3.26
2007-06-28,4089.96,-5.36
2007-06-29,3972.12,-2.88
2007-07-02,4036.67,1.63
2007-07-03,4114.03,1.92
2007-07-04,4019.12,-2.31
2007-07-05,3740.08,-6.94
2007-07-06,3960.4,5.89
2007-07-09,4100.29,3.53
2007-07-10,3980.11,-2.93
2007-07-11,4006.13,0.65
2007-07-12,4016.64,0.26
2007-07-13,4020.11,0.09
2007-07-16,3901.47,-2.95
2007-07-17,3966.96,1.68
2007-07-18,3966.76,-0.01
2007-07-19,3956.72,-0.25
2007-07-20,4113.6,3.97
2007-07-23,4384.86,6.59
2007-07-24,4375.9,-0.2
2007-07-25,4517.54,3.24
2007-07-26,4593.18,1.68
2007-07-27,4671.97,1.72
2007-07-30,4809.88,2.95
2007-07-31,4846.01,0.75
2007-08-01,4611.5,-4.84
2007-08-02,4793.11,3.94
2007-08-03,4884.45,1.91
2007-08-06,5042.38,3.23
2007-08-07,5056.42,0.28
2007-08-08,4927.8,-2.54
2007-08-09,5017.34,1.82
2007-08-10,4946.69,-1.41
2007-08-13,4935.21,-0.23
2007-08-14,5007.76,1.47
2007-08-15,4964.13,-0.87
2007-08-16,4921.13,-0.87
2007-08-17,4837.74,-1.7
2007-08-20,5106.93,5.56
2007-08-21,5142.0,0.69
2007-08-22,5187.2,0.88
2007-08-23,5247.04,1.15
2007-08-24,5325.11,1.49
2007-08-27,5393.72,1.29
2007-08-28,5454.32,1.12
2007-08-29,5437.46,-0.31
2007-08-30,5571.33,2.46
2007-08-31,5650.02,1.41
2007-09-03,5869.42,3.88
2007-09-04,5805.36,-1.09
2007-09-05,5894.5,1.54
2007-09-06,5945.22,0.86
2007-09-07,5795.38,-2.52
2007-09-10,5929.09,2.31
2007-09-11,5567.91,-6.09
2007-09-12,5634.18,1.19
2007-09-13,5821.91,3.33
2007-09-14,5944.38,2.1
2007-09-17,6160.5,3.64
2007-09-18,6139.74,-0.34
2007-09-19,6071.49,-1.11
2007-09-20,6136.8,1.08
2007-09-21,6040.28,-1.57
2007-09-24,6074.31,0.56
2007-09-25,5909.62,-2.71
2007-09-26,5796.86,-1.91
2007-09-27,5960.68,2.83
2007-09-28,6131.14,2.86
2007-10-08,6140.3,0.15
2007-10-09,6088.39,-0.85
2007-10-10,6107.68,0.32
2007-10-11,6020.19,-1.43
2007-10-12,5921.48,-1.64
2007-10-15,6029.12,1.82
2007-10-16,6096.72,1.12
2007-10-17,6068.1,-0.47
2007-10-18,5842.83,-3.71
2007-10-19,5824.6,-0.31
2007-10-22,5653.7,-2.93
2007-10-23,5677.0,0.41
2007-10-24,5632.27,-0.79
2007-10-25,5251.72,-6.76
2007-10-26,5281.47,0.57
2007-10-29,5454.61,3.28
2007-10-30,5529.71,1.38
2007-10-31,5677.94,2.68
2007-11-01,5539.11,-2.45
2007-11-02,5340.52,-3.59
2007-11-05,5310.93,-0.55
2007-11-06,5367.92,1.07
2007-11-07,5360.97,-0.13
2007-11-08,5123.4,-4.43
2007-11-09,5078.03,-0.89
2007-11-12,4999.0,-1.56
2007-11-13,5006.8,0.16
2007-11-14,5206.69,3.99
2007-11-15,5140.73,-1.27
2007-11-16,5117.51,-0.45
2007-11-19,5191.25,1.44
2007-11-20,5274.81,1.61
2007-11-21,5235.41,-0.75
2007-11-22,5022.83,-4.06
2007-11-23,5148.27,2.5
2007-11-26,5098.76,-0.96
2007-11-27,5037.53,-1.2
2007-11-28,4959.19,-1.56
2007-11-29,5102.65,2.89
2007-11-30,4997.09,-2.07
2007-12-03,5039.89,0.86
2007-12-04,5095.4,1.1
2007-12-05,5253.95,3.11
2007-12-06,5263.31,0.18
2007-12-07,5381.03,2.24
2007-12-10,5522.73,2.63
2007-12-11,5522.98,0.01
2007-12-12,5517.13,-0.11
2007-12-13,5310.34,-3.75
2007-12-14,5390.84,1.52
2007-12-17,5309.87,-1.5
2007-12-18,5316.59,0.13
2007-12-19,5455.72,2.62
2007-12-20,5528.46,1.33
2007-12-21,5607.02,1.42
2007-12-24,5677.3,1.25
2007-12-25,5738.89,1.09
2007-12-26,5810.12,1.24
2007-12-27,5895.07,1.46
2007-12-28,5847.14,-0.81
2008-01-02,5980.46,2.28
2008-01-03,6127.97,2.47
2008-01-04,6139.36,0.19
2008-01-07,6242.6,1.68
2008-01-08,6121.09,-1.95
2008-01-09,6271.8,2.46
2008-01-10,6283.8,0.19
2008-01-11,6224.39,-0.95
2008-01-14,6342.44,1.9
2008-01-15,6378.47,0.57
2008-01-16,6257.07,-1.9
2008-01-17,6104.93,-2.43
2008-01-18,6164.76,0.98
2008-01-21,5876.58,-4.68
2008-01-22,5416.11,-7.84
2008-01-23,5733.65,5.86
2008-01-24,5856.24,2.14
2008-01-25,5852.95,-0.06
2008-01-28,5475.8,-6.44
2008-01-29,5569.71,1.72
2008-01-30,5538.24,-0.57
2008-01-31,5410.02,-2.32
2008-02-01,5273.01,-2.53
2008-02-04,5669.54,7.52
2008-02-05,5654.93,-0.26
2008-02-13,5620.98,-0.6
2008-02-14,5716.1,1.69
2008-02-15,5688.34,-0.49
2008-02-18,5814.18,2.21
2008-02-19,5933.8,2.06
2008-02-20,5854.42,-1.34
2008-02-21,5920.09,1.12
2008-02-22,5769.55,-2.54
2008-02-25,5618.08,-2.63
2008-02-26,5593.65,-0.44
2008-02-27,5722.64,2.31
2008-02-28,5750.68,0.49
2008-02-29,5816.15,1.14
2008-03-03,5984.31,2.89
2008-03-04,5910.84,-1.23
2008-03-05,5922.68,0.2
2008-03-06,5913.93,-0.15
2008-03-07,5780.28,-2.26
2008-03-10,5623.02,-2.72
2008-03-11,5672.37,0.88
2008-03-12,5537.0,-2.39
2008-03-13,5338.7,-3.58
2008-03-14,5314.24,-0.46
2008-03-17,4974.2,-6.4
2008-03-18,4701.74,-5.48
2008-03-19,4882.23,3.84
2008-03-20,5050.91,3.46
2008-03-21,5116.8,1.31
2008-03-24,4987.1,-2.54
2008-03-25,5085.41,1.97
2008-03-26,5055.2,-0.59
2008-03-27,4818.93,-4.67
2008-03-28,4981.27,3.37
2008-03-31,4795.46,-3.73
2008-04-01,4456.21,-7.07
2008-04-02,4334.51,-2.73
2008-04-03,4471.04,3.15
2008-04-07,4717.12,5.5
2008-04-08,4786.94,1.48
2008-04-09,4581.25,-4.3
2008-04-10,4708.54,2.78
2008-04-11,4747.21,0.82
2008-04-14,4482.63,-5.57
2008-04-15,4575.32,2.07
2008-04-16,4464.96,-2.41
2008-04-17,4323.17,-3.18
2008-04-18,4105.12,-5.04
2008-04-21,4115.87,0.26
2008-04-22,4120.65,0.12
2008-04-23,4277.54,3.81
2008-04-24,4652.99,8.78
2008-04-25,4681.71,0.62
2008-04-28,4617.39,-1.37
2008-04-29,4652.22,0.75
2008-04-30,4816.18,3.52
2008-05-05,4947.55,2.73
2008-05-06,4926.07,-0.43
2008-05-07,4732.73,-3.93
2008-05-08,4877.73,3.06
2008-05-09,4883.23,0.11
2008-05-12,4938.79,1.14
2008-05-13,4901.78,-0.75
2008-05-14,5021.31,2.44
2008-05-15,5011.83,-0.19
2008-05-16,4974.88,-0.74
2008-05-19,4977.0,0.04
2008-05-20,4693.3,-5.7
2008-05-21,4823.35,2.77
2008-05-22,4747.68,-1.57
2008-05-23,4684.96,-1.32
2008-05-26,4569.82,-2.46
2008-05-27,4592.72,0.5
2008-05-28,4696.35,2.26
2008-05-29,4593.89,-2.18
2008-05-30,4637.73,0.95
2008-06-02,4661.9,0.52
2008-06-03,4644.5,-0.37
2008-06-04,4564.91,-1.71
2008-06-05,4510.9,-1.18
2008-06-06,4472.17,-0.86
2008-06-10,4134.67,-7.55
2008-06-11,4060.75,-1.79
2008-06-12,4017.7,-1.06
2008-06-13,3878.08,-3.48
2008-06-16,3796.77,-2.1
2008-06-17,3628.21,-4.44
2008-06-18,3800.42,4.75
2008-06-19,3535.97,-6.96
2008-06-20,3621.88,2.43
2008-06-23,3533.9,-2.43
2008-06-24,3591.0,1.62
2008-06-25,3723.22,3.68
2008-06-26,3736.57,0.36
2008-06-27,3493.16,-6.51
2008-06-30,3470.8,-0.64
2008-07-01,3422.93,-1.38
2008-07-02,3464.03,1.2
2008-07-03,3569.41,3.04
2008-07-04,3543.26,-0.73
2008-07-07,3705.98,4.59
2008-07-08,3739.7,0.91
2008-07-09,3855.52,3.1
2008-07-10,3788.77,-1.73
2008-07-11,3753.96,-0.92
2008-07-14,3795.08,1.1
2008-07-15,3683.3,-2.95
2008-07-16,3519.71,-4.44
2008-07-17,3489.08,-0.87
2008-07-18,3593.01,2.98
2008-07-21,3718.93,3.51
2008-07-22,3723.61,0.13
2008-07-23,3676.32,-1.27
2008-07-24,3774.82,2.68
2008-07-25,3731.06,-1.16
2008-07-28,3761.23,0.81
2008-07-29,3696.82,-1.71
2008-07-30,3671.47,-0.69
2008-07-31,3566.53,-2.86
2008-08-01,3582.15,0.44
2008-08-04,3487.67,-2.64
2008-08-05,3371.07,-3.34
2008-08-06,3370.73,-0.01
2008-08-07,3376.04,0.16
2008-08-08,3189.26,-5.53
2008-08-11,2995.39,-6.08
2008-08-12,3008.28,0.43
2008-08-13,3022.37,0.47
2008-08-14,3036.8,0.48
2008-08-15,3037.26,0.02
2008-08-18,2842.93,-6.4
2008-08-19,2907.56,2.27
2008-08-20,3121.23,7.35
2008-08-21,2994.16,-4.07
2008-08-22,2949.72,-1.48
2008-08-25,2935.69,-0.48
2008-08-26,2822.87,-3.84
2008-08-27,2807.34,-0.55
2008-08-28,2801.54,-0.21
2008-08-29,2893.26,3.27
2008-09-01,2817.66,-2.61
2008-09-02,2814.09,-0.13
2008-09-03,2791.03,-0.82
2008-09-04,2818.14,0.97
2008-09-05,2723.25,-3.37
2008-09-08,2616.45,-3.92
2008-09-09,2651.49,1.34
2008-09-10,2668.47,0.64
2008-09-11,2624.23,-1.66
2008-09-12,2634.64,0.4
2008-09-16,2606.62,-1.06
2008-09-17,2567.71,-1.49
2008-09-18,2511.48,-2.19
2008-09-19,2743.82,9.25
2008-09-22,2844.05,3.65
2008-09-23,2696.21,-5.2
2008-09-24,2749.31,1.97
2008-09-25,2827.57,2.85
2008-09-26,2851.0,0.83
2008-10-06,2731.49,-4.19
2008-10-07,2712.55,-0.69
2008-10-08,2651.06,-2.27
2008-10-09,2619.13,-1.2
2008-10-10,2506.28,-4.31
2008-10-13,2578.31,2.87
2008-10-14,2517.48,-2.36
2008-10-15,2502.26,-0.61
2008-10-16,2380.54,-4.86
2008-10-17,2401.83,0.89
2008-10-20,2463.62,2.57
2008-10-21,2443.87,-0.8
2008-10-22,2397.45,-1.9
2008-10-23,2409.6,0.51
2008-10-24,2380.16,-1.22
2008-10-27,2230.83,-6.27
2008-10-28,2285.22,2.44
2008-10-29,2208.98,-3.34
2008-10-30,2234.49,1.16
2008-10-31,2184.26,-2.25
2008-11-03,2158.05,-1.2
2008-11-04,2118.29,-1.84
2008-11-05,2186.53,3.22
2008-11-06,2154.76,-1.45
2008-11-07,2181.62,1.25
2008-11-10,2319.04,6.3
2008-11-11,2294.2,-1.07
2008-11-12,2334.56,1.76
2008-11-13,2436.46,4.37
2008-11-14,2517.6,3.33
2008-11-17,2607.72,3.58
2008-11-18,2413.62,-7.44
2008-11-19,2561.52,6.13
2008-11-20,2549.77,-0.46
2008-11-21,2518.69,-1.22
2008-11-24,2434.25,-3.35
2008-11-25,2431.88,-0.1
2008-11-26,2461.82,1.23
2008-11-27,2490.79,1.18
2008-11-28,2458.33,-1.3
2008-12-01,2533.98,3.08
2008-12-02,2542.67,0.34
2008-12-03,2644.46,4.0
2008-12-04,2661.48,0.64
2008-12-05,2710.15,1.83
2008-12-08,2806.24,3.55
2008-12-09,2742.53,-2.27
2008-12-10,2803.49,2.22
2008-12-11,2738.13,-2.33
2008-12-12,2613.34,-4.56
2008-12-15,2656.32,1.65
2008-12-16,2696.17,1.5
2008-12-17,2716.0,0.74
2008-12-18,2753.35,1.38
2008-12-19,2774.34,0.76
2008-12-22,2749.11,-0.91
2008-12-23,2599.79,-5.43
2008-12-24,2560.11,-1.53
2008-12-25,2551.83,-0.32
2008-12-26,2522.73,-1.14
2008-12-29,2501.63,-0.84
2008-12-30,2469.79,-1.27
2008-12-31,2436.58,-1.35
2009-01-05,2520.87,3.46
2009-01-06,2594.74,2.93
2009-01-07,2585.64,-0.35
2009-01-08,2527.26,-2.26
2009-01-09,2581.62,2.15
2009-01-12,2606.13,0.95
2009-01-13,2554.62,-1.98
2009-01-14,2639.72,3.33
2009-01-15,2653.52,0.52
2009-01-16,2686.8,1.25
2009-01-19,2694.54,0.29
2009-01-20,2716.08,0.8
2009-01-21,2699.0,-0.63
2009-01-22,2722.69,0.88
2009-01-23,2707.14,-0.57
2009-02-02,2763.66,2.09
2009-02-03,2846.76,3.01
2009-02-04,2935.74,3.13
2009-02-05,2894.5,-1.41
2009-02-06,3011.55,4.04
2009-02-09,3103.26,3.05
2009-02-10,3160.3,1.84
2009-02-11,3174.31,0.44
2009-02-12,3173.27,-0.03
2009-02-13,3292.21,3.75
2009-02-16,3382.8,2.75
2009-02-17,3241.85,-4.17
2009-02-18,3071.52,-5.25
2009-02-19,3133.53,2.02
2009-02-20,3214.57,2.59
2009-02-23,3309.67,2.96
2009-02-24,3210.51,-3.0
2009-02-25,3199.3,-0.35
2009-02-26,2992.54,-6.46
2009-02-27,2874.14,-3.96
2009-03-02,2919.21,1.57
2009-03-03,2919.93,0.02
2009-03-04,3089.25,5.8
2009-03-05,3120.42,1.01
2009-03-06,3075.62,-1.44
2009-03-09,2955.91,-3.89
2009-03-10,3021.23,2.21
2009-03-11,2992.8,-0.94
2009-03-12,2981.43,-0.38
2009-03-13,2948.24,-1.11
2009-03-16,2988.25,1.36
2009-03-17,3086.28,3.28
2009-03-18,3130.61,1.44
2009-03-19,3206.44,2.42
2009-03-20,3196.22,-0.32
2009-03-23,3253.84,1.8
2009-03-24,3271.75,0.55
2009-03-25,3187.39,-2.58
2009-03-26,3278.49,2.86
2009-03-27,3321.57,1.31
2009-03-30,3308.67,-0.39
2009-03-31,3319.95,0.34
2009-04-01,3374.19,1.63
2009-04-02,3398.42,0.72
2009-04-03,3370.19,-0.83
2009-04-07,3388.54,0.54
2009-04-08,3276.12,-3.32
2009-04-09,3332.84,1.73
2009-04-10,3408.75,2.28
2009-04-13,3508.64,2.93
2009-04-14,3552.12,1.24
2009-04-15,3587.59,1.0
2009-04-16,3608.38,0.58
2009-04-17,3536.58,-1.99
2009-04-20,3633.21,2.73
2009-04-21,3637.28,0.11
2009-04-22,3486.36,-4.15
2009-04-23,3511.61,0.72
2009-04-24,3506.3,-0.15
2009-04-27,3379.7,-3.61
2009-04-28,3394.97,0.45
2009-04-29,3477.9,2.44
2009-04-30,3522.7,1.29
2009-05-04,3654.17,3.73
2009-05-05,3669.83,0.43
2009-05-06,3712.75,1.17
2009-05-07,3704.82,-0.21
2009-05-08,3698.54,-0.17
2009-05-11,3600.07,-2.66
2009-05-12,3697.37,2.7
2009-05-13,3708.53,0.3
2009-05-14,3693.7,-0.4
2009-05-15,3684.04,-0.26
2009-05-18,3707.58,0.64
2009-05-19,3746.12,1.04
2009-05-20,3704.94,-1.1
2009-05-21,3640.13,-1.75
2009-05-22,3650.2,0.28
2009-05-25,3655.89,0.16
2009-05-26,3667.63,0.32
2009-05-27,3698.23,0.83
2009-06-01,3773.9,2.05
2009-06-02,3767.54,-0.17
2009-06-03,3830.0,1.66
2009-06-04,3866.06,0.94
2009-06-05,3847.13,-0.49
2009-06-08,3806.16,-1.07
2009-06-09,3849.18,1.13
2009-06-10,3913.23,1.66
2009-06-11,3842.99,-1.8
2009-06-12,3750.29,-2.41
2009-06-15,3795.93,1.22
2009-06-16,3808.5,0.33
2009-06-17,3859.11,1.33
2009-06-18,3884.58,0.66
2009-06-19,3904.77,0.52
2009-06-22,3890.83,-0.36
2009-06-23,3908.09,0.44
2009-06-24,3984.17,1.95
2009-06-25,3967.78,-0.41
2009-06-26,3955.65,-0.31
2009-06-29,3980.25,0.62
2009-06-30,3941.56,-0.97
2009-07-01,4001.32,1.52
2009-07-02,4014.02,0.32
2009-07-03,4018.04,0.1
2009-07-06,4106.16,2.19
2009-07-07,4101.05,-0.12
2009-07-08,4108.78,0.19
2009-07-09,4176.37,1.65
2009-07-10,4200.11,0.57
2009-07-13,4230.31,0.72
2009-07-14,4309.27,1.87
2009-07-15,4394.06,1.97
2009-07-16,4356.38,-0.86
2009-07-17,4399.91,1.0
2009-07-20,4484.71,1.93
2009-07-21,4387.82,-2.16
2009-07-22,4448.51,1.38
2009-07-23,4448.67,0.0
2009-07-24,4451.79,0.07
2009-07-27,4554.01,2.3
2009-07-28,4623.2,1.52
2009-07-29,4387.25,-5.1
2009-07-30,4469.27,1.87
2009-07-31,4598.88,2.9
2009-08-03,4772.05,3.77
2009-08-04,4790.66,0.39
2009-08-05,4759.9,-0.64
2009-08-06,4651.59,-2.28
2009-08-07,4520.1,-2.83
2009-08-10,4537.8,0.39
2009-08-11,4568.93,0.69
2009-08-12,4384.69,-4.03
2009-08-13,4397.28,0.29
2009-08-14,4210.28,-4.25
2009-08-17,3942.11,-6.37
2009-08-18,4011.79,1.77
2009-08-19,3812.61,-4.97
2009-08-20,3935.41,3.22
2009-08-21,4023.39,2.24
2009-08-24,4067.33,1.09
2009-08-25,3952.77,-2.82
2009-08-26,4072.88,3.04
2009-08-27,4085.16,0.3
2009-08-28,3954.02,-3.21
2009-08-31,3667.75,-7.24
2009-09-01,3667.83,0.0
2009-09-02,3693.44,0.7
2009-09-03,3888.41,5.28
2009-09-04,3924.55,0.93
2009-09-07,3953.23,0.73
2009-09-08,4012.37,1.5
2009-09-09,4055.15,1.07
2009-09-10,4023.8,-0.77
2009-09-11,4072.67,1.22
2009-09-14,4146.65,1.82
2009-09-15,4169.53,0.55
2009-09-16,4147.44,-0.53
2009-09-17,4266.66,2.88
2009-09-18,4111.8,-3.63
2009-09-21,4166.37,1.33
2009-09-22,4058.61,-2.59
2009-09-23,3949.32,-2.69
2009-09-24,3900.67,-1.23
2009-09-25,3891.57,-0.23
2009-09-28,3786.24,-2.71
2009-09-29,3737.19,-1.3
2009-09-30,3781.37,1.18
2009-10-09,3962.05,4.78
2009-10-12,3969.35,0.18
2009-10-13,4020.17,1.28
2009-10-14,4036.92,0.42
2009-10-15,4066.1,0.72
2009-10-16,4041.78,-0.6
2009-10-19,4122.07,1.99
2009-10-20,4174.39,1.27
2009-10-21,4178.2,0.09
2009-10-22,4161.91,-0.39
2009-10-23,4212.84,1.22
2009-10-26,4220.71,0.19
2009-10-27,4114.52,-2.52
2009-10-28,4163.02,1.18
2009-10-29,4097.69,-1.57
2009-10-30,4149.5,1.26
2009-11-02,4290.91,3.41
2009-11-03,4366.4,1.76
2009-11-04,4409.37,0.98
2009-11-05,4451.6,0.96
2009-11-06,4472.8,0.48
2009-11-09,4494.24,0.48
2009-11-10,4491.64,-0.06
2009-11-11,4505.45,0.31
2009-11-12,4557.95,1.17
2009-11-13,4607.6,1.09
2009-11-16,4694.48,1.89
2009-11-17,4684.37,-0.22
2009-11-18,4674.06,-0.22
2009-11-19,4755.12,1.73
2009-11-20,4769.86,0.31
2009-11-23,4864.71,1.99
2009-11-24,4649.27,-4.43
2009-11-25,4836.99,4.04
2009-11-26,4659.08,-3.68
2009-11-27,4534.24,-2.68
2009-11-30,4717.91,4.05
2009-12-01,4839.4,2.58
2009-12-02,4852.01,0.26
2009-12-03,4885.63,0.69
2009-12-04,4801.25,-1.73
2009-12-07,4855.3,1.13
2009-12-08,4830.81,-0.5
2009-12-09,4755.08,-1.57
2009-12-10,4794.08,0.82
2009-12-11,4783.9,-0.21
2009-12-14,4815.23,0.66
2009-12-15,4812.8,-0.05
2009-12-16,4786.94,-0.54
2009-12-17,4647.82,-2.91
2009-12-18,4512.58,-2.91
2009-12-21,4571.33,1.3
2009-12-22,4449.71,-2.66
2009-12-23,4518.97,1.56
2009-12-24,4669.78,3.34
2009-12-25,4700.05,0.65
2009-12-28,4774.68,1.59
2009-12-29,4800.6,0.54
2009-12-30,4835.12,0.72
2009-12-31,4881.9,0.97
2010-01-04,4840.79,-0.84
2010-01-05,4859.15,0.38
2010-01-06,4829.64,-0.61
2010-01-07,4716.87,-2.34
2010-01-08,4756.58,0.84
2010-01-11,4774.06,0.37
2010-01-12,4915.07,2.95
2010-01-13,4882.37,-0.67
2010-01-14,5010.24,2.62
2010-01-15,5045.1,0.7
2010-01-18,5137.46,1.83
2010-01-19,5120.6,-0.33
2010-01-20,4986.03,-2.63
2010-01-21,4997.18,0.22
2010-01-22,4862.04,-2.7
2010-01-25,4802.43,-1.23
2010-01-26,4684.19,-2.46
2010-01-27,4666.7,-0.37
2010-01-28,4732.35,1.41
2010-01-29,4761.79,0.62
2010-02-01,4729.34,-0.68
2010-02-02,4678.5,-1.08
2010-02-03,4729.17,1.08
2010-02-04,4734.79,0.12
2010-02-05,4633.89,-2.13
2010-02-08,4637.97,0.09
2010-02-09,4696.25,1.26
2010-02-10,4747.84,1.1
2010-02-11,4740.59,-0.15
2010-02-12,4782.9,0.89
2010-02-22,4778.3,-0.1
2010-02-23,4802.93,0.52
2010-02-24,4917.49,2.39
2010-02-25,4964.14,0.95
2010-02-26,4963.15,-0.02
2010-03-01,5011.12,0.97
2010-03-02,5018.93,0.16
2010-03-03,5041.86,0.46
2010-03-04,4896.43,-2.88
2010-03-05,4910.92,0.3
2010-03-08,4932.87,0.45
2010-03-09,4920.54,-0.25
2010-03-10,4870.24,-1.02
2010-03-11,4846.08,-0.5
2010-03-12,4759.61,-1.78
2010-03-15,4698.45,-1.29
2010-03-16,4744.59,0.98
2010-03-17,4856.35,2.36
2010-03-18,4838.89,-0.36
2010-03-19,4851.73,0.27
2010-03-22,4870.09,0.38
2010-03-23,4840.86,-0.6
2010-03-24,4855.62,0.31
2010-03-25,4820.07,-0.73
2010-03-26,4893.59,1.53
2010-03-29,4939.46,0.94
2010-03-30,4943.51,0.08
2010-03-31,4923.04,-0.41
2010-04-01,4994.24,1.45
2010-04-02,5003.84,0.19
2010-04-06,5013.1,0.19
2010-04-07,4995.62,-0.35
2010-04-08,4997.39,0.04
2010-04-09,5079.4,1.64
2010-04-12,5112.89,0.66
2010-04-13,5136.9,0.47
2010-04-14,5180.61,0.85
2010-04-15,5117.05,-1.23
2010-04-16,5092.54,-0.48
2010-04-19,4906.91,-3.65
2010-04-20,4990.25,1.7
2010-04-21,5134.9,2.9
2010-04-22,5126.15,-0.17
2010-04-23,5091.83,-0.67
2010-04-26,5075.1,-0.33
2010-04-27,4953.7,-2.39
2010-04-28,4951.44,-0.05
2010-04-29,4855.56,-1.94
2010-04-30,4757.91,-2.01
2010-05-04,4758.3,0.01
2010-05-05,4857.25,2.08
2010-05-06,4710.41,-3.02
2010-05-07,4581.97,-2.73
2010-05-10,4514.41,-1.48
2010-05-11,4413.33,-2.24
2010-05-12,4354.32,-1.34
2010-05-13,4472.59,2.72
2010-05-14,4522.86,1.12
2010-05-17,4280.75,-5.35
2010-05-18,4319.71,0.91
2010-05-19,4312.18,-0.17
2010-05-20,4229.77,-1.91
2010-05-21,4291.56,1.46
2010-05-24,4463.58,4.01
2010-05-25,4417.18,-1.04
2010-05-26,4397.17,-0.45
2010-05-27,4466.79,1.58
2010-05-28,4515.99,1.1
2010-05-31,4417.52,-2.18
2010-06-01,4282.98,-3.05
2010-06-02,4311.98,0.68
2010-06-03,4294.57,-0.4
2010-06-04,4327.81,0.77
2010-06-07,4311.22,-0.38
2010-06-08,4360.15,1.14
2010-06-09,4460.15,2.29
2010-06-10,4456.76,-0.08
2010-06-11,4441.62,-0.34
2010-06-17,4374.28,-1.52
2010-06-18,4231.92,-3.25
2010-06-21,4338.08,2.51
2010-06-22,4348.4,0.24
2010-06-23,4345.13,-0.08
2010-06-24,4336.38,-0.2
2010-06-25,4278.53,-1.33
2010-06-28,4213.51,-1.52
2010-06-29,4025.0,-4.47
2010-06-30,3967.85,-1.42
2010-07-01,3913.99,-1.36
2010-07-02,3880.87,-0.85
2010-07-05,3862.54,-0.47
2010-07-06,3961.19,2.55
2010-07-07,3996.19,0.88
2010-07-08,3987.42,-0.22
2010-07-09,4105.23,2.96
2010-07-12,4131.37,0.64
2010-07-13,4067.33,-1.55
2010-07-14,4138.06,1.74
2010-07-15,4075.77,-1.51
2010-07-16,4084.35,0.21
2010-07-19,4159.14,1.83
2010-07-20,4267.48,2.61
2010-07-21,4290.58,0.54
2010-07-22,4341.86,1.2
2010-07-23,4354.22,0.29
2010-07-26,4409.49,1.27
2010-07-27,4448.98,0.9
2010-07-28,4513.02,1.44
2010-07-29,4498.76,-0.32
2010-07-30,4507.24,0.19
2010-08-02,4602.98,2.12
2010-08-03,4530.47,-1.58
2010-08-04,4565.02,0.76
2010-08-05,4614.31,1.08
2010-08-06,4698.28,1.82
2010-08-09,4744.95,0.99
2010-08-10,4591.88,-3.23
2010-08-11,4640.34,1.06
2010-08-12,4589.78,-1.09
2010-08-13,4659.95,1.53
2010-08-16,4787.13,2.73
2010-08-17,4813.08,0.54
2010-08-18,4822.56,0.2
2010-08-19,4812.47,-0.21
2010-08-20,4684.55,-2.66
2010-08-23,4710.08,0.55
2010-08-24,4749.92,0.85
2010-08-25,4664.4,-1.8
2010-08-26,4691.38,0.58
2010-08-27,4727.69,0.77
2010-08-30,4882.17,3.27
2010-08-31,4896.39,0.29
2010-09-01,4862.49,-0.69
2010-09-02,4930.16,1.39
2010-09-03,4935.56,0.11
2010-09-06,4932.92,-0.05
2010-09-07,4954.51,0.44
2010-09-08,4997.03,0.86
2010-09-09,4987.96,-0.18
2010-09-10,5097.83,2.2
2010-09-13,5137.24,0.77
2010-09-14,5133.24,-0.08
2010-09-15,5106.64,-0.52
2010-09-16,5001.23,-2.06
2010-09-17,5012.92,0.23
2010-09-20,4985.32,-0.55
2010-09-21,4985.01,-0.01
2010-09-27,5102.06,2.35
2010-09-28,5097.46,-0.09
2010-09-29,5008.57,-1.74
2010-09-30,5103.5,1.9
2010-10-08,5205.52,2.0
2010-10-11,5153.12,-1.01
2010-10-12,5140.0,-0.26
2010-10-13,5159.68,0.38
2010-10-14,5014.8,-2.81
2010-10-15,5020.64,0.12
2010-10-18,5016.16,-0.09
2010-10-19,5144.95,2.57
2010-10-20,5226.0,1.58
2010-10-21,5240.8,0.28
2010-10-22,5261.15,0.39
2010-10-25,5385.57,2.37
2010-10-26,5367.85,-0.33
2010-10-27,5303.34,-1.2
2010-10-28,5274.86,-0.54
2010-10-29,5356.53,1.55
2010-11-01,5484.77,2.39
2010-11-02,5403.77,-1.48
2010-11-03,5341.52,-1.15
2010-11-04,5452.84,2.08
2010-11-05,5500.72,0.88
2010-11-08,5578.22,1.41
2010-11-09,5617.75,0.71
2010-11-10,5667.24,0.88
2010-11-11,5601.7,-1.16
2010-11-12,5296.89,-5.44
2010-11-15,5459.44,3.07
2010-11-16,5337.13,-2.24
2010-11-17,5111.69,-4.22
2010-11-18,5201.12,1.75
2010-11-19,5345.85,2.78
2010-11-22,5456.15,2.06
2010-11-23,5413.01,-0.79
2010-11-24,5585.14,3.18
2010-11-25,5579.76,-0.1
2010-11-26,5554.93,-0.45
2010-11-29,5593.81,0.7
2010-11-30,5431.06,-2.91
2010-12-01,5405.54,-0.47
2010-12-02,5409.38,0.07
2010-12-03,5328.02,-1.5
2010-12-06,5267.57,-1.14
2010-12-07,5352.26,1.61
2010-12-08,5308.31,-0.82
2010-12-09,5191.94,-2.19
2010-12-10,5277.95,1.66
2010-12-13,5414.88,2.59
2010-12-14,5437.02,0.41
2010-12-15,5421.56,-0.28
2010-12-16,5413.13,-0.16
2010-12-17,5392.34,-0.38
2010-12-20,5308.26,-1.56
2010-12-21,5372.59,1.21
2010-12-22,5300.36,-1.34
2010-12-23,5230.72,-1.31
2010-12-24,5164.38,-1.27
2010-12-27,5023.39,-2.73
2010-12-28,4952.37,-1.41
2010-12-29,5022.75,1.42
2010-12-30,5032.65,0.2
2010-12-31,5147.43,2.28
2011-01-04,5202.54,1.07
2011-01-05,5176.6,-0.5
2011-01-06,5187.59,0.21
2011-01-07,5226.06,0.74
2011-01-10,5137.62,-1.69
2011-01-11,5154.89,0.34
2011-01-12,5184.06,0.57
2011-01-13,5195.78,0.23
2011-01-14,5150.7,-0.87
2011-01-17,4966.64,-3.57
2011-01-18,4976.51,0.2
2011-01-19,5072.31,1.93
2011-01-20,4941.95,-2.57
2011-01-21,4978.3,0.74
2011-01-24,4918.98,-1.19
2011-01-25,4920.1,0.02
2011-01-26,4952.36,0.66
2011-01-27,5015.58,1.28
2011-01-28,5044.66,0.58
2011-01-31,5101.18,1.12
2011-02-01,5096.46,-0.09
2011-02-09,5056.44,-0.79
2011-02-10,5179.22,2.43
2011-02-11,5208.57,0.57
2011-02-14,5324.69,2.23
2011-02-15,5315.53,-0.17
2011-02-16,5372.66,1.08
2011-02-17,5370.25,-0.05
2011-02-18,5338.2,-0.6
2011-02-21,5422.71,1.58
2011-02-22,5264.14,-2.92
2011-02-23,5313.31,0.93
2011-02-24,5342.01,0.54
2011-02-25,5341.38,-0.01
2011-02-28,5423.98,1.55
2011-03-01,5434.38,0.19
2011-03-02,5442.37,0.15
2011-03-03,5430.36,-0.22
2011-03-04,5500.21,1.29
2011-03-07,5569.48,1.26
2011-03-08,5600.76,0.56
2011-03-09,5593.32,-0.13
2011-03-10,5536.24,-1.02
2011-03-11,5506.46,-0.54
2011-03-14,5529.28,0.41
2011-03-15,5449.09,-1.45
2011-03-16,5501.33,0.96
2011-03-17,5415.61,-1.56
2011-03-18,5437.17,0.4
2011-03-21,5426.77,-0.19
2011-03-22,5456.48,0.55
2011-03-23,5515.29,1.08
2011-03-24,5504.39,-0.2
2011-03-25,5589.92,1.55
2011-03-28,5568.51,-0.38
2011-03-29,5472.73,-1.72
2011-03-30,5477.11,0.08
2011-03-31,5415.47,-1.13
2011-04-01,5466.7,0.95
2011-04-06,5489.36,0.41
2011-04-07,5498.83,0.17
2011-04-08,5546.86,0.87
2011-04-11,5506.49,-0.73
2011-04-12,5532.75,0.48
2011-04-13,5592.85,1.09
2011-04-14,5572.81,-0.36
2011-04-15,5566.96,-0.11
2011-04-18,5597.56,0.55
2011-04-19,5523.77,-1.32
2011-04-20,5555.76,0.58
2011-04-21,5589.2,0.6
2011-04-22,5577.14,-0.22
2011-04-25,5526.84,-0.9
2011-04-26,5455.56,-1.29
2011-04-27,5436.88,-0.34
2011-04-28,5316.56,-2.21
2011-04-29,5398.48,1.54
2011-05-03,5460.17,1.14
2011-05-04,5360.6,-1.82
2011-05-05,5384.89,0.45
2011-05-06,5364.04,-0.39
2011-05-09,5376.05,0.22
2011-05-10,5398.35,0.42
2011-05-11,5408.21,0.18
2011-05-12,5339.34,-1.27
2011-05-13,5383.34,0.82
2011-05-16,5345.02,-0.71
2011-05-17,5326.32,-0.35
2011-05-18,5373.34,0.88
2011-05-19,5356.77,-0.31
2011-05-20,5360.84,0.08
2011-05-23,5175.68,-3.45
2011-05-24,5186.76,0.21
2011-05-25,5139.8,-0.91
2011-05-26,5118.53,-0.41
2011-05-27,5055.71,-1.23
2011-05-30,5010.41,-0.9
2011-05-31,5084.13,1.47
2011-06-01,5117.17,0.65
2011-06-02,5029.41,-1.72
2011-06-03,5100.77,1.42
2011-06-07,5075.31,-0.5
2011-06-08,5069.39,-0.12
2011-06-09,4954.16,-2.27
2011-06-10,4950.93,-0.07
2011-06-13,4924.4,-0.54
2011-06-14,4976.48,1.06
2011-06-15,4920.56,-1.12
2011-06-16,4818.53,-2.07
2011-06-17,4759.27,-1.23
2011-06-20,4744.96,-0.3
2011-06-21,4795.47,1.07
2011-06-22,4764.47,-0.65
2011-06-23,4838.34,1.55
2011-06-24,4943.13,2.17
2011-06-27,4963.97,0.42
2011-06-28,4954.43,-0.19
2011-06-29,4911.79,-0.86
2011-06-30,4970.77,1.2
2011-07-01,4980.89,0.2
2011-07-04,5088.49,2.16
2011-07-05,5095.2,0.13
2011-07-06,5096.25,0.02
2011-07-07,5079.74,-0.32
2011-07-08,5079.88,0.0
2011-07-11,5109.38,0.58
2011-07-12,5035.21,-1.45
2011-07-13,5120.93,1.7
2011-07-14,5140.53,0.38
2011-07-15,5164.64,0.47
2011-07-18,5171.64,0.14
2011-07-19,5112.6,-1.14
2011-07-20,5112.23,-0.01
2011-07-21,5074.04,-0.75
2011-07-22,5100.26,0.52
2011-07-25,4963.83,-2.68
2011-07-26,4980.27,0.33
2011-07-27,5023.79,0.87
2011-07-28,4995.65,-0.56
2011-07-29,4985.56,-0.2
2011-08-01,4985.16,-0.01
2011-08-02,4951.63,-0.67
2011-08-03,4951.55,0.0
2011-08-04,4962.96,0.23
2011-08-05,4885.77,-1.56
2011-08-08,4702.57,-3.75
2011-08-09,4690.58,-0.26
2011-08-10,4738.39,1.02
2011-08-11,4829.96,1.93
2011-08-12,4875.44,0.94
2011-08-15,4937.46,1.27
2011-08-16,4899.27,-0.77
2011-08-17,4887.61,-0.24
2011-08-18,4807.18,-1.65
2011-08-19,4776.54,-0.64
2011-08-22,4728.48,-1.01
2011-08-23,4783.09,1.16
2011-08-24,4774.9,-0.17
2011-08-25,4890.57,2.42
2011-08-26,4867.0,-0.48
2011-08-29,4810.94,-1.15
2011-08-30,4778.37,-0.68
2011-08-31,4763.2,-0.32
2011-09-01,4732.64,-0.64
2011-09-02,4679.06,-1.13
2011-09-05,4595.32,-1.79
2011-09-06,4563.42,-0.69
2011-09-07,4649.25,1.88
2011-09-08,4634.07,-0.33
2011-09-09,4618.22,-0.34
2011-09-13,4580.86,-0.81
2011-09-14,4601.86,0.46
2011-09-15,4590.91,-0.24
2011-09-16,4591.29,0.01
2011-09-19,4512.56,-1.72
2011-09-20,4537.65,0.56
2011-09-21,4655.61,2.6
2011-09-22,4538.49,-2.52
2011-09-23,4495.46,-0.95
2011-09-26,4438.75,-1.26
2011-09-27,4479.11,0.91
2011-09-28,4437.86,-0.92
2011-09-29,4382.65,-1.24
2011-09-30,4380.41,-0.05
2011-10-10,4366.94,-0.31
2011-10-11,4354.93,-0.28
2011-10-12,4482.68,2.93
2011-10-13,4514.9,0.72
2011-10-14,4497.37,-0.39
2011-10-17,4527.56,0.67
2011-10-18,4433.83,-2.07
2011-10-19,4398.51,-0.8
2011-10-20,4290.05,-2.47
2011-10-21,4276.75,-0.31
2011-10-24,4367.77,2.13
2011-10-25,4458.72,2.08
2011-10-26,4498.82,0.9
2011-10-27,4508.98,0.23
2011-10-28,4586.78,1.73
2011-10-31,4576.12,-0.23
2011-11-01,4586.39,0.22
2011-11-02,4643.08,1.24
2011-11-03,4654.75,0.25
2011-11-04,4672.82,0.39
2011-11-07,4667.35,-0.12
2011-11-08,4643.95,-0.5
2011-11-09,4677.57,0.72
2011-11-10,4617.89,-1.28
2011-11-11,4598.39,-0.42
2011-11-14,4699.8,2.21
2011-11-15,4693.24,-0.14
2011-11-16,4605.28,-1.87
2011-11-17,4611.87,0.14
2011-11-18,4550.09,-1.34
2011-11-21,4572.24,0.49
2011-11-22,4563.2,-0.2
2011-11-23,4547.71,-0.34
2011-11-24,4569.65,0.48
2011-11-25,4530.14,-0.87
2011-11-28,4562.21,0.71
2011-11-29,4609.69,1.04
2011-11-30,4479.86,-2.82
2011-12-01,4564.38,1.89
2011-12-02,4515.12,-1.08
2011-12-05,4439.79,-1.67
2011-12-06,4431.24,-0.19
2011-12-07,4436.56,0.12
2011-12-08,4428.7,-0.18
2011-12-09,4394.38,-0.78
2011-12-12,4360.7,-0.77
2011-12-13,4281.93,-1.81
2011-12-14,4239.16,-1.0
2011-12-15,4178.68,-1.43
2011-12-16,4264.57,2.06
2011-12-19,4257.26,-0.17
2011-12-20,4246.06,-0.26
2011-12-21,4197.8,-1.14
2011-12-22,4176.1,-0.52
2011-12-23,4200.81,0.59
2011-12-26,4181.82,-0.45
2011-12-27,4118.64,-1.51
2011-12-28,4094.42,-0.59
2011-12-29,4097.4,0.07
2011-12-30,4152.94,1.36
2012-01-04,4071.42,-1.96
2012-01-05,4012.14,-1.46
2012-01-06,4037.89,0.64
2012-01-09,4167.24,3.2
2012-01-10,4289.62,2.94
2012-01-11,4258.98,-0.71
2012-01-12,4255.45,-0.08
2012-01-13,4169.97,-2.01
2012-01-16,4102.6,-1.62
2012-01-17,4272.37,4.14
2012-01-18,4192.73,-1.86
2012-01-19,4254.82,1.48
2012-01-20,4315.56,1.43
2012-01-30,4243.87,-1.66
2012-01-31,4244.49,0.02
2012-02-01,4206.52,-0.89
2012-02-02,4282.76,1.81
2012-02-03,4317.48,0.81
2012-02-06,4321.37,0.09
2012-02-07,4245.63,-1.75
2012-02-08,4345.6,2.36
2012-02-09,4366.95,0.49
2012-02-10,4369.09,0.05
2012-02-13,4366.56,-0.06
2012-02-14,4359.38,-0.16
2012-02-15,4406.19,1.07
2012-02-16,4388.09,-0.41
2012-02-17,4384.72,-0.08
2012-02-20,4380.81,-0.09
2012-02-21,4408.13,0.62
2012-02-22,4478.58,1.6
2012-02-23,4503.19,0.55
2012-02-24,4583.54,1.78
2012-02-27,4589.9,0.14
2012-02-28,4608.32,0.4
2012-02-29,4540.06,-1.48
2012-03-01,4554.23,0.31
2012-03-02,4638.32,1.85
2012-03-05,4637.72,-0.01
2012-03-06,4575.66,-1.34
2012-03-07,4548.95,-0.58
2012-03-08,4592.34,0.95
2012-03-09,4639.3,1.02
2012-03-12,4629.04,-0.22
2012-03-13,4679.01,1.08
2012-03-14,4531.36,-3.16
2012-03-15,4494.66,-0.81
2012-03-16,4581.33,1.93
2012-03-19,4599.61,0.4
2012-03-20,4522.04,-1.69
2012-03-21,4521.85,0.0
2012-03-22,4530.32,0.19
2012-03-23,4460.72,-1.54
2012-03-26,4467.36,0.15
2012-03-27,4441.02,-0.59
2012-03-28,4325.72,-2.6
2012-03-29,4281.44,-1.02
2012-03-30,4305.67,0.57
2012-04-05,4406.59,2.34
2012-04-06,4416.87,0.23
2012-04-09,4374.7,-0.96
2012-04-10,4406.2,0.72
2012-04-11,4412.86,0.15
2012-04-12,4500.32,1.98
2012-04-13,4503.28,0.07
2012-04-16,4497.82,-0.12
2012-04-17,4440.52,-1.27
2012-04-18,4531.19,2.04
2012-04-19,4509.54,-0.48
2012-04-20,4555.37,1.02
2012-04-23,4531.43,-0.53
2012-04-24,4538.1,0.15
2012-04-25,4603.39,1.44
2012-04-26,4572.51,-0.67
2012-04-27,4568.75,-0.08
2012-05-02,4639.09,1.54
2012-05-03,4628.37,-0.23
2012-05-04,4667.34,0.84
2012-05-07,4674.56,0.16
2012-05-08,4643.71,-0.66
2012-05-09,4555.73,-1.9
2012-05-10,4550.66,-0.11
2012-05-11,4530.69,-0.44
2012-05-14,4508.59,-0.49
2012-05-15,4511.62,0.07
2012-05-16,4445.63,-1.46
2012-05-17,4504.1,1.32
2012-05-18,4453.32,-1.13
2012-05-21,4452.26,-0.02
2012-05-22,4515.05,1.41
2012-05-23,4509.95,-0.11
2012-05-24,4457.65,-1.16
2012-05-25,4427.31,-0.68
2012-05-28,4495.45,1.54
2012-05-29,4537.62,0.94
2012-05-30,4539.35,0.04
2012-05-31,4523.26,-0.35
2012-06-01,4525.22,0.04
2012-06-04,4393.67,-2.91
2012-06-05,4411.15,0.4
2012-06-06,4383.69,-0.62
2012-06-07,4367.83,-0.36
2012-06-08,4356.84,-0.25
2012-06-11,4406.47,1.14
2012-06-12,4385.0,-0.49
2012-06-13,4443.85,1.34
2012-06-14,4416.17,-0.62
2012-06-15,4427.77,0.26
2012-06-18,4455.65,0.63
2012-06-19,4417.9,-0.85
2012-06-20,4413.12,-0.11
2012-06-21,4358.58,-1.24
2012-06-25,4256.97,-2.33
2012-06-26,4261.21,0.1
2012-06-27,4246.94,-0.34
2012-06-28,4209.67,-0.88
2012-06-29,4251.16,0.99
2012-07-02,4272.92,0.51
2012-07-03,4280.66,0.18
2012-07-04,4272.52,-0.19
2012-07-05,4216.41,-1.31
2012-07-06,4282.84,1.58
2012-07-09,4188.1,-2.21
2012-07-10,4158.45,-0.71
2012-07-11,4191.8,0.8
2012-07-12,4222.95,0.74
2012-07-13,4211.98,-0.26
2012-07-16,4107.06,-2.49
2012-07-17,4135.74,0.7
2012-07-18,4147.7,0.29
2012-07-19,4164.41,0.4
2012-07-20,4129.51,-0.84
2012-07-23,4067.74,-1.5
2012-07-24,4090.53,0.56
2012-07-25,4045.3,-1.11
2012-07-26,4015.94,-0.73
2012-07-27,4005.78,-0.25
2012-07-30,3982.95,-0.57
2012-07-31,3974.25,-0.22
2012-08-01,4024.06,1.25
2012-08-02,3979.88,-1.1
2012-08-03,4018.22,0.96
2012-08-06,4071.36,1.32
2012-08-07,4076.88,0.14
2012-08-08,4063.22,-0.34
2012-08-09,4101.03,0.93
2012-08-10,4087.38,-0.33
2012-08-13,4004.82,-2.02
2012-08-14,4015.98,0.28
2012-08-15,3972.5,-1.08
2012-08-16,3957.59,-0.38
2012-08-17,3949.97,-0.19
2012-08-20,3930.94,-0.48
2012-08-21,3960.84,0.76
2012-08-22,3930.95,-0.76
2012-08-23,3933.38,0.06
2012-08-24,3881.39,-1.32
2012-08-27,3812.85,-1.77
2012-08-28,3842.19,0.77
2012-08-29,3810.92,-0.81
2012-08-30,3798.39,-0.33
2012-08-31,3796.6,-0.05
2012-09-03,3836.46,1.05
2012-09-04,3792.57,-1.14
2012-09-05,3794.15,0.04
2012-09-06,3823.77,0.78
2012-09-07,3964.29,3.68
2012-09-10,3977.37,0.33
2012-09-11,3953.48,-0.6
2012-09-12,3961.66,0.21
2012-09-13,3924.34,-0.94
2012-09-14,3936.25,0.3
2012-09-17,3835.49,-2.56
2012-09-18,3813.01,-0.59
2012-09-19,3826.27,0.35
2012-09-20,3732.72,-2.45
2012-09-21,3729.69,-0.08
2012-09-24,3739.51,0.26
2012-09-25,3743.88,0.12
2012-09-26,3698.05,-1.22
2012-09-27,3792.26,2.55
2012-09-28,3849.93,1.52
2012-10-08,3824.58,-0.66
2012-10-09,3897.8,1.92
2012-10-10,3910.2,0.32
2012-10-11,3868.6,-1.06
2012-10-12,3872.6,0.1
2012-10-15,3874.29,0.04
2012-10-16,3878.93,0.12
2012-10-17,3873.53,-0.14
2012-10-18,3923.83,1.3
2012-10-19,3914.6,-0.24
2012-10-22,3927.97,0.34
2012-10-23,3916.58,-0.29
2012-10-24,3926.19,0.25
2012-10-25,3898.17,-0.71
2012-10-26,3845.92,-1.34
2012-10-29,3851.64,0.15
2012-10-30,3861.02,0.24
2012-10-31,3860.39,-0.02
2012-11-01,3924.43,1.66
2012-11-02,3955.28,0.79
2012-11-05,3935.39,-0.5
2012-11-06,3915.41,-0.51
2012-11-07,3903.08,-0.32
2012-11-08,3830.72,-1.85
2012-11-09,3823.67,-0.18
2012-11-12,3847.01,0.61
2012-11-13,3768.92,-2.03
2012-11-14,3787.94,0.5
2012-11-15,3731.81,-1.48
2012-11-16,3720.5,-0.3
2012-11-19,3734.42,0.37
2012-11-20,3716.88,-0.47
2012-11-21,3760.61,1.18
2012-11-22,3721.24,-1.05
2012-11-23,3747.33,0.7
2012-11-26,3722.44,-0.66
2012-11-27,3663.02,-1.6
2012-11-28,3617.65,-1.24
2012-11-29,3586.7,-0.86
2012-11-30,3626.74,1.12
2012-12-03,3562.6,-1.77
2012-12-04,3596.13,0.94
2012-12-05,3708.36,3.12
2012-12-06,3701.19,-0.19
2012-12-07,3773.71,1.96
2012-12-10,3809.85,0.96
2012-12-11,3799.57,-0.27
2012-12-12,3807.67,0.21
2012-12-13,3787.23,-0.54
2012-12-14,3947.02,4.22
2012-12-17,3966.54,0.5
2012-12-18,3955.76,-0.27
2012-12-19,3963.64,0.2
2012-12-20,3976.42,0.32
2012-12-21,3959.94,-0.42
2012-12-24,3975.18,0.39
2012-12-25,4089.04,2.86
2012-12-26,4109.04,0.49
2012-12-27,4074.97,-0.83
2012-12-28,4131.83,1.4
2012-12-31,4197.87,1.6
2013-01-04,4199.04,0.03
2013-01-07,4236.21,0.89
2013-01-08,4228.52,-0.18
2013-01-09,4221.51,-0.17
2013-01-10,4226.75,0.12
2013-01-11,4154.61,-1.71
2013-01-14,4294.32,3.36
2013-01-15,4335.18,0.95
2013-01-16,4291.51,-1.01
2013-01-17,4261.16,-0.71
2013-01-18,4325.63,1.51
2013-01-21,4357.38,0.73
2013-01-22,4328.68,-0.66
2013-01-23,4343.97,0.35
2013-01-24,4312.85,-0.72
2013-01-25,4298.89,-0.32
2013-01-28,4417.3,2.75
2013-01-29,4433.1,0.36
2013-01-30,4474.41,0.93
2013-01-31,4472.77,-0.04
2013-02-01,4552.31,1.78
2013-02-04,4576.55,0.53
2013-02-05,4629.23,1.15
2013-02-06,4616.07,-0.28
2013-02-07,4579.58,-0.79
2013-02-08,4602.1,0.49
2013-02-18,4592.61,-0.21
2013-02-19,4543.92,-1.06
2013-02-20,4570.63,0.59
2013-02-21,4434.26,-2.98
2013-02-22,4395.16,-0.88
2013-02-25,4452.18,1.3
2013-02-26,4388.99,-1.42
2013-02-27,4415.42,0.6
2013-02-28,4523.87,2.46
2013-03-01,4545.52,0.48
2013-03-04,4414.07,-2.89
2013-03-05,4557.12,3.24
2013-03-06,4623.87,1.47
2013-03-07,4559.61,-1.39
2013-03-08,4572.39,0.28
2013-03-11,4550.05,-0.49
2013-03-12,4461.82,-1.94
2013-03-13,4406.92,-1.23
2013-03-14,4417.51,0.24
2013-03-15,4438.72,0.48
2013-03-18,4416.79,-0.49
2013-03-19,4461.79,1.02
2013-03-20,4594.91,2.98
2013-03-21,4663.56,1.49
2013-03-22,4682.31,0.4
2013-03-25,4714.65,0.69
2013-03-26,4652.23,-1.32
2013-03-27,4652.98,0.02
2013-03-28,4498.69,-3.32
2013-03-29,4518.55,0.44
2013-04-01,4556.49,0.84
2013-04-02,4530.92,-0.56
2013-04-03,4511.67,-0.43
2013-04-08,4522.29,0.24
2013-04-09,4544.06,0.48
2013-04-10,4529.27,-0.33
2013-04-11,4510.48,-0.42
2013-04-12,4472.84,-0.83
2013-04-15,4423.94,-1.09
2013-04-16,4442.62,0.42
2013-04-17,4437.21,-0.12
2013-04-18,4477.59,0.91
2013-04-19,4612.61,3.02
2013-04-22,4613.71,0.02
2013-04-23,4461.03,-3.31
2013-04-24,4564.63,2.32
2013-04-25,4496.76,-1.49
2013-04-26,4446.57,-1.12
2013-05-02,4480.6,0.77
2013-05-03,4544.46,1.43
2013-05-06,4583.72,0.86
2013-05-07,4614.86,0.68
2013-05-08,4633.18,0.4
2013-05-09,4650.44,0.37
2013-05-10,4689.16,0.83
2013-05-13,4686.73,-0.05
2013-05-14,4605.14,-1.74
2013-05-15,4635.22,0.65
2013-05-16,4692.57,1.24
2013-05-17,4733.55,0.87
2013-05-20,4764.68,0.66
2013-05-21,4802.01,0.78
2013-05-22,4759.93,-0.88
2013-05-23,4688.92,-1.49
2013-05-24,4713.45,0.52
2013-05-27,4738.41,0.53
2013-05-28,4799.35,1.29
2013-05-29,4801.8,0.05
2013-05-30,4801.64,0.0
2013-05-31,4781.48,-0.42
2013-06-03,4762.65,-0.39
2013-06-04,4677.65,-1.79
2013-06-05,4661.39,-0.35
2013-06-06,4574.2,-1.87
2013-06-07,4496.59,-1.7
2013-06-13,4357.63,-3.09
2013-06-14,4384.18,0.61
2013-06-17,4377.53,-0.15
2013-06-18,4424.2,1.07
2013-06-19,4380.36,-0.99
2013-06-20,4241.42,-3.17
2013-06-21,4211.67,-0.7
2013-06-24,3961.98,-5.93
2013-06-25,3939.05,-0.58
2013-06-26,3952.37,0.34
2013-06-27,3935.69,-0.42
2013-06-28,3970.56,0.89
2013-07-01,4001.02,0.77
2013-07-02,4017.43,0.41
2013-07-03,3985.54,-0.79
2013-07-04,4022.35,0.92
2013-07-05,4033.07,0.27
2013-07-08,3922.52,-2.74
2013-07-09,3937.38,0.38
2013-07-10,4039.04,2.58
2013-07-11,4202.37,4.04
2013-07-12,4124.47,-1.85
2013-07-15,4164.64,0.97
2013-07-16,4179.93,0.37
2013-07-17,4123.95,-1.34
2013-07-18,4062.31,-1.5
2013-07-19,3954.36,-2.66
2013-07-22,4001.37,1.19
2013-07-23,4084.96,2.09
2013-07-24,4082.57,-0.06
2013-07-25,4049.91,-0.8
2013-07-26,4030.64,-0.48
2013-07-29,3946.77,-2.08
2013-07-30,3984.61,0.96
2013-07-31,3984.84,0.01
2013-08-01,4074.82,2.26
2013-08-02,4062.92,-0.29
2013-08-05,4101.99,0.96
2013-08-06,4136.37,0.84
2013-08-07,4104.42,-0.77
2013-08-08,4101.95,-0.06
2013-08-09,4097.53,-0.11
2013-08-12,4209.5,2.73
2013-08-13,4225.9,0.39
2013-08-14,4218.46,-0.18
2013-08-15,4194.45,-0.57
2013-08-16,4161.15,-0.79
2013-08-19,4218.84,1.39
2013-08-20,4205.31,-0.32
2013-08-21,4202.36,-0.07
2013-08-22,4189.74,-0.3
2013-08-23,4159.65,-0.72
2013-08-26,4249.06,2.15
2013-08-27,4262.85,0.33
2013-08-28,4252.9,-0.23
2013-08-29,4258.77,0.14
2013-08-30,4269.5,0.25
2013-09-02,4245.26,-0.57
2013-09-03,4297.57,1.23
2013-09-04,4296.22,-0.03
2013-09-05,4261.52,-0.81
2013-09-06,4310.76,1.16
2013-09-09,4444.56,3.1
2013-09-10,4510.2,1.48
2013-09-11,4503.09,-0.16
2013-09-12,4584.61,1.81
2013-09-13,4543.32,-0.9
2013-09-16,4539.37,-0.09
2013-09-17,4444.25,-2.1
2013-09-18,4470.33,0.59
2013-09-23,4535.44,1.46
2013-09-24,4533.56,-0.04
2013-09-25,4526.66,-0.15
2013-09-26,4398.0,-2.84
2013-09-27,4412.57,0.33
2013-09-30,4463.19,1.15
2013-10-08,4522.76,1.34
2013-10-09,4570.52,1.06
2013-10-10,4512.5,-1.27
2013-10-11,4628.65,2.57
2013-10-14,4686.87,1.26
2013-10-15,4696.93,0.22
2013-10-16,4612.19,-1.8
2013-10-17,4605.63,-0.14
2013-10-18,4605.81,0.0
2013-10-21,4753.98,3.22
2013-10-22,4697.04,-1.2
2013-10-23,4635.96,-1.3
2013-10-24,4597.43,-0.83
2013-10-25,4559.88,-0.82
2013-10-28,4558.49,-0.03
2013-10-29,4516.98,-0.91
2013-10-30,4598.79,1.81
2013-10-31,4551.81,-1.02
2013-11-01,4562.71,0.24
2013-11-04,4586.71,0.53
2013-11-05,4609.02,0.49
2013-11-06,4553.3,-1.21
2013-11-07,4529.05,-0.53
2013-11-08,4482.27,-1.03
2013-11-11,4488.79,0.15
2013-11-12,4516.2,0.61
2013-11-13,4399.19,-2.59
2013-11-14,4413.59,0.33
2013-11-15,4481.47,1.54
2013-11-18,4628.48,3.28
2013-11-19,4636.86,0.18
2013-11-20,4670.66,0.73
2013-11-21,4668.03,-0.06
2013-11-22,4655.53,-0.27
2013-11-25,4624.67,-0.66
2013-11-26,4622.73,-0.04
2013-11-27,4667.27,0.96
2013-11-28,4707.19,0.86
2013-11-29,4716.78,0.2
2013-12-02,4651.44,-1.39
2013-12-03,4726.41,1.61
2013-12-04,4820.14,1.98
2013-12-05,4818.62,-0.03
2013-12-06,4790.73,-0.58
2013-12-09,4817.35,0.56
2013-12-10,4838.86,0.45
2013-12-11,4785.17,-1.11
2013-12-12,4779.69,-0.11
2013-12-13,4785.74,0.13
2013-12-16,4721.06,-1.35
2013-12-17,4693.82,-0.58
2013-12-18,4691.98,-0.04
2013-12-19,4650.81,-0.88
2013-12-20,4529.74,-2.6
2013-12-23,4565.07,0.78
2013-12-24,4579.66,0.32
2013-12-25,4611.18,0.69
2013-12-26,4528.7,-1.79
2013-12-27,4604.8,1.68
2013-12-30,4591.6,-0.29
2013-12-31,4637.5,1.0
2014-01-02,4617.92,-0.42
2014-01-03,4556.92,-1.32
2014-01-06,4470.93,-1.89
2014-01-07,4467.58,-0.07
2014-01-08,4470.5,0.06
2014-01-09,4436.54,-0.76
2014-01-10,4394.89,-0.94
2014-01-13,4386.69,-0.19
2014-01-14,4435.41,1.11
2014-01-15,4420.92,-0.33
2014-01-16,4428.7,0.18
2014-01-17,4368.97,-1.35
2014-01-20,4370.77,0.04
2014-01-21,4411.22,0.92
2014-01-22,4508.21,2.2
2014-01-23,4492.03,-0.36
2014-01-24,4516.16,0.54
2014-01-27,4486.01,-0.67
2014-01-28,4501.13,0.34
2014-01-29,4537.26,0.8
2014-01-30,4512.02,-0.56
2014-02-07,4553.62,0.92
2014-02-10,4648.61,2.09
2014-02-11,4674.34,0.55
2014-02-12,4686.13,0.25
2014-02-13,4655.35,-0.66
2014-02-14,4698.54,0.93
2014-02-17,4755.46,1.21
2014-02-18,4741.43,-0.29
2014-02-19,4791.71,1.06
2014-02-20,4766.25,-0.53
2014-02-21,4709.11,-1.2
2014-02-24,4644.37,-1.37
2014-02-25,4532.1,-2.42
2014-02-26,4537.52,0.12
2014-02-27,4539.66,0.05
2014-02-28,4558.54,0.42
2014-03-03,4611.29,1.16
2014-03-04,4598.17,-0.28
2014-03-05,4575.0,-0.5
2014-03-06,4578.05,0.07
2014-03-07,4567.1,-0.24
2014-03-10,4428.28,-3.04
2014-03-11,4441.2,0.29
2014-03-12,4430.66,-0.24
2014-03-13,4528.86,2.22
2014-03-14,4526.83,-0.04
2014-03-17,4566.5,0.88
2014-03-18,4582.02,0.34
2014-03-19,4566.58,-0.34
2014-03-20,4483.54,-1.82
2014-03-21,4599.69,2.59
2014-03-24,4625.19,0.55
2014-03-25,4640.58,0.33
2014-03-26,4635.78,-0.1
2014-03-27,4609.78,-0.56
2014-03-28,4595.04,-0.32
2014-03-31,4588.86,-0.13
2014-04-01,4656.43,1.47
2014-04-02,4681.79,0.54
2014-04-03,4632.15,-1.06
2014-04-04,4654.64,0.49
2014-04-08,4728.73,1.59
2014-04-09,4739.04,0.22
2014-04-10,4807.51,1.44
2014-04-11,4828.21,0.43
2014-04-14,4832.08,0.08
2014-04-15,4748.19,-1.74
2014-04-16,4754.87,0.14
2014-04-17,4738.94,-0.34
2014-04-18,4737.4,-0.03
2014-04-21,4648.1,-1.88
2014-04-22,4649.54,0.03
2014-04-23,4642.9,-0.14
2014-04-24,4636.48,-0.14
2014-04-25,4571.85,-1.39
2014-04-28,4517.17,-1.2
2014-04-29,4559.93,0.95
2014-04-30,4575.46,0.34
2014-05-05,4573.93,-0.03
2014-05-06,4575.31,0.03
2014-05-07,4529.46,-1.0
2014-05-08,4532.39,0.06
2014-05-09,4513.96,-0.41
2014-05-12,4614.79,2.23
2014-05-13,4609.29,-0.12
2014-05-14,4604.8,-0.1
2014-05-15,4556.67,-1.04
2014-05-16,4557.93,0.03
2014-05-19,4512.78,-0.99
2014-05-20,4509.34,-0.08
2014-05-21,4538.02,0.64
2014-05-22,4530.67,-0.16
2014-05-23,4551.87,0.47
2014-05-26,4573.71,0.48
2014-05-27,4556.35,-0.38
2014-05-28,4588.93,0.72
2014-05-29,4559.54,-0.64
2014-05-30,4542.18,-0.38
2014-06-03,4535.03,-0.16
2014-06-04,4491.79,-0.95
2014-06-05,4537.58,1.02
2014-06-06,4513.37,-0.53
2014-06-09,4506.72,-0.15
2014-06-10,4557.41,1.12
2014-06-11,4568.84,0.25
2014-06-12,4540.98,-0.61
2014-06-13,4583.93,0.95
2014-06-16,4620.42,0.8
2014-06-17,4583.33,-0.8
2014-06-18,4542.53,-0.89
2014-06-19,4469.04,-1.62
2014-06-20,4476.14,0.16
2014-06-23,4468.5,-0.17
2014-06-24,4494.32,0.58
2014-06-25,4472.86,-0.48
2014-06-26,4510.55,0.84
2014-06-27,4516.08,0.12
2014-06-30,4547.04,0.69
2014-07-01,4541.75,-0.12
2014-07-02,4575.01,0.73
2014-07-03,4595.7,0.45
2014-07-04,4589.37,-0.14
2014-07-07,4589.39,0.0
2014-07-08,4606.77,0.38
2014-07-09,4543.17,-1.38
2014-07-10,4524.24,-0.42
2014-07-11,4531.16,0.15
2014-07-14,4589.41,1.29
2014-07-15,4591.61,0.05
2014-07-16,4594.67,0.07
2014-07-17,4571.38,-0.51
2014-07-18,4587.09,0.34
2014-07-21,4577.76,-0.2
2014-07-22,4618.1,0.88
2014-07-23,4635.33,0.37
2014-07-24,4691.37,1.21
2014-07-25,4735.79,0.95
2014-07-28,4838.68,2.17
2014-07-29,4850.25,0.24
2014-07-30,4804.6,-0.94
2014-07-31,4857.63,1.1
2014-08-01,4837.01,-0.42
2014-08-04,4904.43,1.39
2014-08-05,4899.53,-0.1
2014-08-06,4901.49,0.04
2014-08-07,4844.33,-1.17
2014-08-08,4852.37,0.16
2014-08-11,4912.48,1.24
2014-08-12,4910.52,-0.04
2014-08-13,4918.64,0.16
2014-08-14,4890.73,-0.57
2014-08-15,4923.48,0.67
2014-08-18,4949.14,0.52
2014-08-19,4947.6,-0.03
2014-08-20,4928.78,-0.38
2014-08-21,4911.97,-0.34
2014-08-22,4937.72,0.52
2014-08-25,4907.42,-0.61
2014-08-26,4866.38,-0.84
2014-08-27,4863.92,-0.05
2014-08-28,4824.32,-0.81
2014-08-29,4888.85,1.34
2014-09-01,4926.43,0.77
2014-09-02,5004.25,1.58
2014-09-03,5037.58,0.67
2014-09-04,5079.25,0.83
2014-09-05,5132.05,1.04
2014-09-09,5138.69,0.13
2014-09-10,5116.62,-0.43
2014-09-11,5081.93,-0.68
2014-09-12,5113.88,0.63
2014-09-15,5126.77,0.25
2014-09-16,5027.04,-1.94
2014-09-17,5062.62,0.71
2014-09-18,5073.21,0.21
2014-09-19,5106.73,0.66
2014-09-22,5020.54,-1.69
2014-09-23,5065.47,0.89
2014-09-24,5133.88,1.35
2014-09-25,5157.56,0.46
2014-09-26,5159.91,0.04
2014-09-29,5181.66,0.42
2014-09-30,5191.28,0.19
2014-10-08,5226.74,0.68
2014-10-09,5234.7,0.15
2014-10-10,5184.59,-0.96
2014-10-13,5157.11,-0.53
2014-10-14,5152.13,-0.1
2014-10-15,5185.0,0.64
2014-10-16,5158.69,-0.51
2014-10-17,5117.57,-0.8
2014-10-20,5150.48,0.64
2014-10-21,5128.71,-0.42
2014-10-22,5104.07,-0.48
2014-10-23,5037.94,-1.29
2014-10-24,5027.45,-0.21
2014-10-27,5002.12,-0.5
2014-10-28,5109.16,2.14
2014-10-29,5206.34,1.9
2014-10-30,5264.04,1.11
2014-10-31,5346.28,1.56
2014-11-03,5369.15,0.43
2014-11-04,5366.28,-0.05
2014-11-05,5326.24,-0.75
2014-11-06,5343.83,0.33
2014-11-07,5321.5,-0.42
2014-11-10,5453.64,2.48
2014-11-11,5416.16,-0.69
2014-11-12,5490.8,1.38
2014-11-13,5453.23,-0.68
2014-11-14,5447.81,-0.1
2014-11-17,5436.83,-0.2
2014-11-18,5377.24,-1.1
2014-11-19,5355.22,-0.41
2014-11-20,5363.69,0.16
2014-11-21,5432.56,1.28
2014-11-24,5511.7,1.46
2014-11-25,5600.51,1.61
2014-11-26,5637.29,0.66
2014-11-27,5655.67,0.33
2014-11-28,5785.69,2.3
2014-12-01,5783.45,-0.04
2014-12-02,5943.66,2.77
2014-12-03,5978.47,0.59
2014-12-04,6196.2,3.64
2014-12-05,6200.77,0.07
2014-12-08,6348.19,2.38
2014-12-09,6060.14,-4.54
2014-12-10,6316.72,4.23
2014-12-11,6339.63,0.36
2014-12-12,6332.53,-0.11
2014-12-15,6375.78,0.68
2014-12-16,6488.65,1.77
2014-12-17,6591.37,1.58
2014-12-18,6558.28,-0.5
2014-12-19,6725.89,2.55
2014-12-22,6857.15,1.95
2014-12-23,6630.46,-3.31
2014-12-24,6511.82,-1.79
2014-12-25,6722.68,3.24
2014-12-26,6866.89,2.15
2014-12-29,6868.73,0.03
2014-12-30,6827.88,-0.59
2014-12-31,6983.36,2.28
2015-01-05,7257.93,3.93
2015-01-06,7277.08,0.26
2015-01-07,7246.36,-0.42
2015-01-08,7071.12,-2.42
2015-01-09,7035.88,-0.5
2015-01-12,6895.24,-2.0
2015-01-13,6934.11,0.56
2015-01-14,6913.96,-0.29
2015-01-15,7115.89,2.92
2015-01-16,7171.81,0.78
2015-01-19,6578.3,-8.28
2015-01-20,6715.62,2.09
2015-01-21,6984.6,4.01
2015-01-22,6979.29,-0.08
2015-01-23,6973.25,-0.09
2015-01-26,7030.33,0.82
2015-01-27,6976.73,-0.76
2015-01-28,6924.34,-0.75
2015-01-29,6892.75,-0.46
2015-01-30,6802.06,-1.32
2015-02-02,6617.29,-2.72
2015-02-03,6758.23,2.13
2015-02-04,6694.08,-0.95
2015-02-05,6614.93,-1.18
2015-02-06,6435.76,-2.71
2015-02-09,6425.73,-0.15
2015-02-10,6570.75,2.26
2015-02-11,6576.79,0.09
2015-02-12,6604.29,0.42
2015-02-13,6669.2,0.98
2015-02-16,6690.19,0.31
2015-02-17,6742.25,0.78
2015-02-25,6736.74,-0.08
2015-02-26,6899.32,2.41
2015-02-27,6907.77,0.12
2015-03-02,6960.43,0.76
2015-03-03,6818.59,-2.04
2015-03-04,6851.16,0.48
2015-03-05,6747.71,-1.51
2015-03-06,6719.07,-0.42
2015-03-09,6891.16,2.56
2015-03-10,6876.37,-0.21
2015-03-11,6894.73,0.27
2015-03-12,7043.18,2.15
2015-03-13,7086.74,0.62
2015-03-16,7217.91,1.85
2015-03-17,7310.73,1.29
2015-03-18,7460.81,2.05
2015-03-19,7496.31,0.47
2015-03-20,7551.46,0.73
2015-03-23,7689.55,1.83
2015-03-24,7701.0,0.15
2015-03-25,7605.61,-1.24
2015-03-26,7637.01,0.41
2015-03-27,7685.52,0.63
2015-03-30,7930.14,3.18
2015-03-31,7820.28,-1.38
2015-04-01,7934.88,1.46
2015-04-02,7975.27,0.51
2015-04-03,8049.25,0.93
2015-04-07,8219.89,2.12
2015-04-08,8233.07,0.16
2015-04-09,8121.95,-1.35
2015-04-10,8302.63,2.22
2015-04-13,8516.47,2.57
2015-04-14,8629.02,1.32
2015-04-15,8513.37,-1.34
2015-04-16,8757.23,2.86
2015-04-17,8869.74,1.28
2015-04-20,8694.57,-1.97
2015-04-21,8842.44,1.7
2015-04-22,9095.7,2.86
2015-04-23,9093.32,-0.03
2015-04-24,8991.26,-1.12
2015-04-27,9230.16,2.66
2015-04-28,9151.56,-0.85
2015-04-29,9160.06,0.09
2015-04-30,9207.47,0.52
2015-05-04,9456.99,2.71
2015-05-05,8969.55,-5.15
2015-05-06,8813.85,-1.74
2015-05-07,8574.21,-2.72
2015-05-08,8783.91,2.44
2015-05-11,9081.42,3.39
2015-05-12,9257.76,1.94
2015-05-13,9174.46,-0.9
2015-05-14,9201.65,0.3
2015-05-15,9063.5,-1.5
2015-05-18,8995.43,-0.75
2015-05-19,9248.54,2.81
2015-05-20,9334.75,0.93
2015-05-21,9491.79,1.68
2015-05-22,9783.59,3.07
2015-05-25,10173.8,3.99
2015-05-26,10405.86,2.28
2015-05-27,10466.03,0.58
2015-05-28,9839.41,-5.99
2015-05-29,9903.62,0.65
2015-06-01,10475.81,5.78
2015-06-02,10656.02,1.72
2015-06-03,10682.01,0.24
2015-06-04,10777.25,0.89
2015-06-05,10890.77,1.05
2015-06-08,11015.83,1.15
2015-06-09,10995.5,-0.18
2015-06-10,10978.58,-0.15
2015-06-11,10930.41,-0.44
2015-06-12,11103.55,1.58
2015-06-15,10964.16,-1.26
2015-06-16,10555.02,-3.73
2015-06-17,10806.07,2.38
2015-06-18,10407.54,-3.69
2015-06-19,9735.65,-6.45
2015-06-23,9923.18,1.93
2015-06-24,10210.99,2.9
2015-06-25,9887.67,-3.17
2015-06-26,9183.54,-7.12
2015-06-29,9020.75,-1.77
2015-06-30,9546.12,5.82
2015-07-01,9072.08,-4.96
2015-07-02,8665.4,-4.48
2015-07-03,8055.1,-7.04
2015-07-06,8324.45,3.34
2015-07-07,8202.87,-1.46
2015-07-08,7690.55,-6.24
2015-07-09,8208.12,6.73
2015-07-10,8631.94,5.16
2015-07-13,8888.74,2.97
2015-07-14,8749.12,-1.57
2015-07-15,8409.44,-3.88
2015-07-16,8474.23,0.77
2015-07-17,8769.02,3.48
2015-07-20,8781.63,0.14
2015-07-21,8766.45,-0.17
2015-07-22,8748.76,-0.2
2015-07-23,8915.5,1.91
2015-07-24,8784.24,-1.47
2015-07-27,8017.62,-8.73
2015-07-28,7952.51,-0.81
2015-07-29,8248.86,3.73
2015-07-30,8053.74,-2.37
2015-07-31,8059.44,0.07
2015-08-03,8113.17,0.67
2015-08-04,8352.12,2.95
2015-08-05,8171.24,-2.16
2015-08-06,8105.25,-0.81
2015-08-07,8250.54,1.79
2015-08-10,8611.61,4.38
2015-08-11,8573.26,-0.44
2015-08-12,8480.91,-1.08
2015-08-13,8645.31,1.94
2015-08-14,8619.51,-0.3
2015-08-17,8688.85,0.8
2015-08-18,8102.2,-6.75
2015-08-19,8228.63,1.56
2015-08-20,7982.16,-3.0
2015-08-21,7682.36,-3.76
2015-08-24,7007.91,-8.78
2015-08-25,6486.06,-7.45
2015-08-26,6506.18,0.31
2015-08-27,6884.29,5.81
2015-08-28,7179.91,4.29
2015-08-31,7194.61,0.2
2015-09-01,7204.05,0.13
2015-09-02,7261.17,0.79
2015-09-07,7006.49,-3.51
2015-09-08,7184.35,2.54
2015-09-09,7313.36,1.8
2015-09-10,7212.45,-1.38
2015-09-11,7191.36,-0.29
2015-09-14,7012.22,-2.49
2015-09-15,6779.3,-3.32
2015-09-16,7086.65,4.53
2015-09-17,6955.0,-1.86
2015-09-18,6966.51,0.16
2015-09-21,7069.2,1.47
2015-09-22,7108.57,0.56
2015-09-23,6951.0,-2.22
2015-09-24,6991.51,0.58
2015-09-25,6902.65,-1.27
2015-09-28,6932.66,0.43
2015-09-29,6812.22,-1.74
2015-09-30,6857.86,0.67
2015-10-08,7039.36,2.65
2015-10-09,7115.96,1.09
2015-10-12,7343.03,3.19
2015-10-13,7342.42,-0.01
2015-10-14,7249.61,-1.26
2015-10-15,7401.2,2.09
2015-10-16,7480.48,1.07
2015-10-19,7463.47,-0.23
2015-10-20,7539.89,1.02
2015-10-21,7364.46,-2.33
2015-10-22,7453.01,1.2
2015-10-23,7536.64,1.12
2015-10-26,7568.09,0.42
2015-10-27,7574.24,0.08
2015-10-28,7480.63,-1.23
2015-10-29,7497.53,0.22
2015-10-30,7470.92,-0.35
2015-11-02,7376.76,-1.26
2015-11-03,7353.28,-0.32
2015-11-04,7618.52,3.61
2015-11-05,7771.59,2.01
2015-11-06,7873.77,1.31
2015-11-09,8022.81,1.89
2015-11-10,7954.14,-0.86
2015-11-11,7954.44,0.0
2015-11-12,7865.96,-1.11
2015-11-13,7811.46,-0.69
2015-11-16,7875.72,0.82
2015-11-17,7919.58,0.56
2015-11-18,7856.11,-0.8
2015-11-19,7951.99,1.22
2015-11-20,7957.33,0.07
2015-11-23,7923.39,-0.43
2015-11-24,7895.89,-0.35
2015-11-25,7997.31,1.28
2015-11-26,7971.15,-0.33
2015-11-27,7574.75,-4.97
2015-11-30,7658.61,1.11
2015-12-01,7683.14,0.32
2015-12-02,7922.75,3.12
2015-12-03,7975.09,0.66
2015-12-04,7830.56,-1.81
2015-12-07,7858.3,0.35
2015-12-08,7733.24,-1.59
2015-12-09,7773.69,0.52
2015-12-10,7723.35,-0.65
2015-12-11,7654.25,-0.89
2015-12-14,7800.47,1.91
2015-12-15,7761.99,-0.49
2015-12-16,7739.49,-0.29
2015-12-17,7903.83,2.12
2015-12-18,7928.56,0.31
2015-12-21,8160.64,2.93
2015-12-22,8180.67,0.24
2015-12-23,8172.32,-0.1
2015-12-24,8084.63,-1.07
2015-12-25,8116.93,0.4
2015-12-28,7910.14,-2.55
2015-12-29,7971.05,0.77
2015-12-30,7966.64,-0.06
2015-12-31,7881.53,-1.07
2016-01-04,7407.36,-6.02
2016-01-05,7453.29,0.62
2016-01-06,7601.14,1.98
2016-01-07,7157.03,-5.84
2016-01-08,7328.64,2.4
2016-01-11,6953.51,-5.12
2016-01-12,6964.06,0.15
2016-01-13,6870.59,-1.34
2016-01-14,6992.54,1.77
2016-01-15,6777.68,-3.07
2016-01-18,6778.5,0.01
2016-01-19,6962.42,2.71
2016-01-20,6860.39,-1.46
2016-01-21,6684.69,-2.56
2016-01-22,6748.82,0.96
2016-01-25,6770.83,0.33
2016-01-26,6407.99,-5.36
2016-01-27,6384.73,-0.36
2016-01-28,6260.19,-1.95
2016-01-29,6431.8,2.74
2016-02-01,6358.54,-1.14
2016-02-02,6461.84,1.62
2016-02-03,6421.98,-0.62
2016-02-04,6482.38,0.94
2016-02-05,6465.98,-0.25
2016-02-15,6419.13,-0.72
2016-02-16,6594.62,2.73
2016-02-17,6636.91,0.64
2016-02-18,6626.87,-0.15
2016-02-19,6608.24,-0.28
2016-02-22,6744.24,2.06
2016-02-23,6683.15,-0.91
2016-02-24,6725.85,0.64
2016-02-25,6380.38,-5.14
2016-02-26,6451.09,1.11
2016-02-29,6346.56,-1.62
2016-03-01,6433.05,1.36
2016-03-02,6669.19,3.67
2016-03-03,6678.6,0.14
2016-03-04,6753.77,1.12
2016-03-07,6776.79,0.34
2016-03-08,6785.93,0.13
2016-03-09,6738.91,-0.69
2016-03-10,6644.47,-1.4
2016-03-11,6646.4,0.03
2016-03-14,6723.01,1.15
2016-03-15,6752.12,0.43
2016-03-16,6799.95,0.71
2016-03-17,6827.69,0.41
2016-03-18,6894.82,0.98
2016-03-21,6964.65,1.01
2016-03-22,6942.68,-0.32
2016-03-23,6932.48,-0.15
2016-03-24,6850.2,-1.19
2016-03-25,6898.17,0.7
2016-03-28,6868.35,-0.43
2016-03-29,6823.73,-0.65
2016-03-30,6969.77,2.14
2016-03-31,6976.6,0.1
2016-04-01,6995.58,0.27
2016-04-05,7067.12,1.02
2016-04-06,7042.15,-0.35
2016-04-07,6956.91,-1.21
2016-04-08,6937.9,-0.27
2016-04-11,7019.47,1.18
2016-04-12,6998.87,-0.29
2016-04-13,7070.52,1.02
2016-04-14,7095.2,0.35
2016-04-15,7086.77,-0.12
2016-04-18,7013.15,-1.04
2016-04-19,7026.72,0.19
2016-04-20,6924.84,-1.45
2016-04-21,6878.5,-0.67
2016-04-22,6923.32,0.65
2016-04-25,6924.42,0.01
2016-04-26,6952.86,0.41
2016-04-27,6944.06,-0.13
2016-04-28,6940.25,-0.05
2016-04-29,6924.03,-0.23
2016-05-03,7030.75,1.54
2016-05-04,7017.39,-0.19
2016-05-05,7022.45,0.07
2016-05-06,6872.34,-2.14
2016-05-09,6763.76,-1.58
2016-05-10,6785.44,0.32
2016-05-11,6833.04,0.7
2016-05-12,6859.29,0.38
2016-05-13,6826.92,-0.47
2016-05-16,6860.49,0.49
2016-05-17,6834.39,-0.38
2016-05-18,6785.3,-0.72
2016-05-19,6784.27,-0.01
2016-05-20,6791.98,0.11
2016-05-23,6809.56,0.26
2016-05-24,6780.72,-0.42
2016-05-25,6781.46,0.01
2016-05-26,6791.33,0.14
2016-05-27,6804.59,0.19
2016-05-30,6819.42,0.22
2016-05-31,6986.92,2.46
2016-06-01,6972.66,-0.2
2016-06-02,6958.86,-0.2
2016-06-03,6997.47,0.55
2016-06-06,6982.53,-0.21
2016-06-07,6974.19,-0.12
2016-06-08,6937.13,-0.53
2016-06-13,6777.07,-2.31
2016-06-14,6799.38,0.33
2016-06-15,6871.4,1.06
2016-06-16,6823.95,-0.69
2016-06-17,6873.4,0.72
2016-06-20,6891.25,0.26
2016-06-21,6885.58,-0.08
2016-06-22,6921.0,0.51
2016-06-23,6872.17,-0.71
2016-06-24,6777.48,-1.38
2016-06-27,6835.0,0.85
2016-06-28,6853.34,0.27
2016-06-29,6881.7,0.41
2016-06-30,6891.19,0.14
2016-07-01,6911.08,0.29
2016-07-04,6997.0,1.24
2016-07-05,6983.49,-0.19
2016-07-06,6982.75,-0.01
2016-07-07,6936.23,-0.67
2016-07-08,6871.25,-0.94
2016-07-11,6897.5,0.38
2016-07-12,7054.02,2.27
2016-07-13,7074.4,0.29
2016-07-14,7046.57,-0.39
2016-07-15,7059.95,0.19
2016-07-18,7100.61,0.58
2016-07-19,7039.51,-0.86
2016-07-20,7021.98,-0.25
2016-07-21,7057.33,0.5
2016-07-22,6982.28,-1.06
2016-07-25,7019.89,0.54
2016-07-26,7107.39,1.25
2016-07-27,7065.98,-0.58
2016-07-28,7161.63,1.35
2016-07-29,7147.65,-0.2
2016-08-01,7118.73,-0.4
2016-08-02,7136.95,0.26
2016-08-03,7145.8,0.12
2016-08-04,7157.94,0.17
2016-08-05,7174.56,0.23
2016-08-08,7245.19,0.98
2016-08-09,7272.77,0.38
2016-08-10,7237.24,-0.49
2016-08-11,7237.48,0.0
2016-08-12,7400.05,2.25
2016-08-15,7591.12,2.58
2016-08-16,7538.74,-0.69
2016-08-17,7523.48,-0.2
2016-08-18,7502.89,-0.27
2016-08-19,7507.8,0.07
2016-08-22,7466.62,-0.55
2016-08-23,7484.43,0.24
2016-08-24,7473.89,-0.14
2016-08-25,7431.46,-0.57
2016-08-26,7413.7,-0.24
2016-08-29,7392.82,-0.28
2016-08-30,7420.87,0.38
2016-08-31,7461.92,0.55
2016-09-01,7402.37,-0.8
2016-09-02,7434.75,0.44
2016-09-05,7463.97,0.39
2016-09-06,7513.65,0.67
2016-09-07,7509.28,-0.06
2016-09-08,7520.39,0.15
2016-09-09,7454.55,-0.88
2016-09-12,7336.17,-1.59
2016-09-13,7337.8,0.02
2016-09-14,7265.21,-0.99
2016-09-19,7332.07,0.92
2016-09-20,7343.34,0.15
2016-09-21,7358.68,0.21
2016-09-22,7431.13,0.98
2016-09-23,7388.58,-0.57
2016-09-26,7294.17,-1.28
2016-09-27,7328.12,0.47
2016-09-28,7327.73,-0.01
2016-09-29,7355.15,0.37
2016-09-30,7370.72,0.21
2016-10-10,7475.06,1.42
2016-10-11,7488.34,0.18
2016-10-12,7475.28,-0.17
2016-10-13,7488.34,0.17
2016-10-14,7478.9,-0.13
2016-10-17,7417.87,-0.82
2016-10-18,7502.48,1.14
2016-10-19,7487.6,-0.2
2016-10-20,7510.18,0.3
2016-10-21,7568.96,0.78
2016-10-24,7631.51,0.83
2016-10-25,7659.34,0.36
2016-10-26,7589.17,-0.92
2016-10-27,7562.24,-0.35
2016-10-28,7535.9,-0.35
2016-10-31,7548.53,0.17
2016-11-01,7588.32,0.53
2016-11-02,7515.29,-0.96
2016-11-03,7555.71,0.54
2016-11-04,7534.44,-0.28
2016-11-07,7534.05,-0.01
2016-11-08,7558.88,0.33
2016-11-09,7512.48,-0.61
2016-11-10,7597.53,1.13
2016-11-11,7608.34,0.14
2016-11-14,7617.81,0.12
2016-11-15,7622.25,0.06
2016-11-16,7623.5,0.02
2016-11-17,7661.26,0.5
2016-11-18,7649.73,-0.15
2016-11-21,7699.5,0.65
2016-11-22,7742.32,0.56
2016-11-23,7791.21,0.63
2016-11-24,7844.11,0.68
2016-11-25,7932.04,1.12
2016-11-28,7990.69,0.74
2016-11-29,8061.07,0.88
2016-11-30,7978.86,-1.02
2016-12-01,8065.39,1.08
2016-12-02,7963.64,-1.26
2016-12-05,7836.28,-1.6
2016-12-06,7821.87,-0.18
2016-12-07,7830.08,0.1
2016-12-08,7838.39,0.11
2016-12-09,7929.56,1.16
2016-12-12,7792.65,-1.73
2016-12-13,7780.84,-0.15
2016-12-14,7719.55,-0.79
2016-12-15,7606.55,-1.46
2016-12-16,7616.86,0.14
2016-12-19,7602.94,-0.18
2016-12-20,7551.83,-0.67
2016-12-21,7622.71,0.94
2016-12-22,7629.37,0.09
2016-12-23,7545.11,-1.1
2016-12-26,7563.17,0.24
2016-12-27,7555.77,-0.1
2016-12-28,7526.48,-0.39
2016-12-29,7516.86,-0.13
2016-12-30,7551.66,0.46
2017-01-03,7628.83,1.02
2017-01-04,7681.09,0.68
2017-01-05,7682.75,0.02
2017-01-06,7657.41,-0.33
2017-01-09,7712.13,0.71
2017-01-10,7686.53,-0.33
2017-01-11,7625.51,-0.79
2017-01-12,7591.24,-0.45
2017-01-13,7612.61,0.28
2017-01-16,7646.2,0.44
2017-01-17,7652.91,0.09
2017-01-18,7686.91,0.44
2017-01-19,7676.48,-0.14
2017-01-20,7734.74,0.76
2017-01-23,7735.54,0.01
2017-01-24,7758.69,0.3
2017-01-25,7774.7,0.21
2017-01-26,7792.98,0.24
2017-02-03,7740.15,-0.68
2017-02-06,7769.69,0.38
2017-02-07,7778.56,0.11
2017-02-08,7798.68,0.26
2017-02-09,7821.07,0.29
2017-02-10,7859.27,0.49
2017-02-13,7899.19,0.51
2017-02-14,7885.03,-0.18
2017-02-15,7891.66,0.08
2017-02-16,7923.38,0.4
2017-02-17,7862.34,-0.77
2017-02-20,8003.02,1.79
2017-02-21,8011.5,0.11
2017-02-22,8055.44,0.55
2017-02-23,8019.55,-0.45
2017-02-24,8007.17,-0.15
2017-02-27,7947.99,-0.74
2017-02-28,7977.22,0.37
2017-03-01,7982.24,0.06
2017-03-02,7943.47,-0.49
2017-03-03,7947.57,0.05
2017-03-06,7958.36,0.14
2017-03-07,7953.59,-0.06
2017-03-08,7950.31,-0.04
2017-03-09,7890.93,-0.75
2017-03-10,7900.94,0.13
2017-03-13,7967.38,0.84
2017-03-14,7988.21,0.26
2017-03-15,8011.39,0.29
2017-03-16,8034.57,0.29
2017-03-17,7948.67,-1.07
2017-03-20,7975.12,0.33
2017-03-21,8041.91,0.84
2017-03-22,7998.95,-0.53
2017-03-23,8004.71,0.07
2017-03-24,8080.3,0.94
2017-03-27,8078.83,-0.02
2017-03-28,8057.14,-0.27
2017-03-29,8056.85,0.0
2017-03-30,8032.9,-0.3
2017-03-31,8095.88,0.78
2017-04-05,8202.77,1.32
2017-04-06,8263.9,0.75
2017-04-07,8295.68,0.38
2017-04-10,8336.31,0.49
2017-04-11,8380.06,0.52
2017-04-12,8363.93,-0.19
2017-04-13,8420.49,0.68
2017-04-14,8331.27,-1.06
2017-04-17,8285.33,-0.55
2017-04-18,8275.11,-0.12
2017-04-19,8243.61,-0.38
2017-04-20,8283.51,0.48
2017-04-21,8291.38,0.1
2017-04-24,8224.2,-0.81
2017-04-25,8270.8,0.57
2017-04-26,8302.02,0.38
2017-04-27,8289.27,-0.15
2017-04-28,8263.04,-0.32
2017-05-02,8212.27,-0.61
2017-05-03,8159.11,-0.65
2017-05-04,8155.02,-0.05
2017-05-05,8126.9,-0.34
2017-05-08,8065.68,-0.75
2017-05-09,8049.89,-0.2
2017-05-10,7970.98,-0.98
2017-05-11,8037.49,0.83
2017-05-12,8119.28,1.02
2017-05-15,8179.04,0.74
2017-05-16,8281.03,1.25
2017-05-17,8262.47,-0.22
2017-05-18,8228.78,-0.41
2017-05-19,8269.91,0.5
2017-05-22,8253.13,-0.2
2017-05-23,8301.19,0.58
2017-05-24,8307.32,0.07
2017-05-25,8401.76,1.14
2017-05-26,8391.38,-0.12
2017-05-31,8409.86,0.22
2017-06-01,8427.04,0.2
2017-06-02,8426.68,0.0
2017-06-05,8376.61,-0.59
2017-06-06,8399.31,0.27
2017-06-07,8489.8,1.08
2017-06-08,8577.43,1.03
2017-06-09,8632.43,0.64
2017-06-12,8660.25,0.32
2017-06-13,8703.55,0.5
2017-06-14,8558.1,-1.67
2017-06-15,8507.29,-0.59
2017-06-16,8422.12,-1.0
2017-06-19,8485.88,0.76
2017-06-20,8463.44,-0.26
2017-06-21,8566.14,1.21
2017-06-22,8590.66,0.29
2017-06-23,8682.03,1.06
2017-06-26,8755.84,0.85
2017-06-27,8776.83,0.24
2017-06-28,8699.94,-0.88
2017-06-29,8719.85,0.23
2017-06-30,8719.74,0.0
2017-07-03,8675.82,-0.5
2017-07-04,8596.5,-0.91
2017-07-05,8680.94,0.98
2017-07-06,8708.73,0.32
2017-07-07,8691.71,-0.2
2017-07-10,8654.1,-0.43
2017-07-11,8695.42,0.48
2017-07-12,8642.95,-0.6
2017-07-13,8658.81,0.18
2017-07-14,8704.77,0.53
2017-07-17,8627.62,-0.89
2017-07-18,8622.2,-0.06
2017-07-19,8734.52,1.3
2017-07-20,8798.69,0.73
2017-07-21,8787.75,-0.12
2017-07-24,8852.25,0.73
2017-07-25,8800.59,-0.58
2017-07-26,8738.49,-0.71
2017-07-27,8746.31,0.09
2017-07-28,8757.81,0.13
2017-07-31,8757.8,0.0
2017-08-01,8820.27,0.71
2017-08-02,8781.69,-0.44
2017-08-03,8682.47,-1.13
2017-08-04,8621.78,-0.7
2017-08-07,8657.46,0.41
2017-08-08,8662.15,0.05
2017-08-09,8661.18,-0.01
2017-08-10,8656.27,-0.06
2017-08-11,8533.44,-1.42
2017-08-14,8585.36,0.61
2017-08-15,8612.68,0.32
2017-08-16,8586.31,-0.31
2017-08-17,8635.16,0.57
2017-08-18,8660.27,0.29
2017-08-21,8670.98,0.12
2017-08-22,8662.8,-0.09
2017-08-23,8675.4,0.15
2017-08-24,8653.07,-0.26
2017-08-25,8748.89,1.11
2017-08-28,8811.58,0.72
2017-08-29,8781.4,-0.34
2017-08-30,8766.02,-0.18
2017-08-31,8718.34,-0.54
2017-09-01,8713.61,-0.05
2017-09-04,8722.71,0.1
2017-09-05,8731.74,0.1
2017-09-06,8704.5,-0.31
2017-09-07,8713.91,0.11
2017-09-08,8697.16,-0.19
2017-09-11,8713.36,0.19
2017-09-12,8721.48,0.09
2017-09-13,8740.74,0.22
2017-09-14,8742.13,0.02
2017-09-15,8736.8,-0.06
2017-09-18,8750.33,0.15
2017-09-19,8742.77,-0.09
2017-09-20,8751.37,0.1
2017-09-21,8736.81,-0.17
2017-09-22,8763.07,0.3
2017-09-25,8735.83,-0.31
2017-09-26,8737.86,0.02
2017-09-27,8742.38,0.05
2017-09-28,8734.16,-0.09
2017-09-29,8751.7,0.2
2017-10-09,8857.8,1.21
2017-10-10,8867.03,0.1
2017-10-11,8899.65,0.37
2017-10-12,8914.78,0.17
2017-10-13,8949.05,0.38
2017-10-16,8923.63,-0.28
2017-10-17,8918.62,-0.06
2017-10-18,8994.33,0.85
2017-10-19,9003.69,0.1
2017-10-20,9029.53,0.29
2017-10-23,9051.48,0.24
2017-10-24,9096.44,0.5
2017-10-25,9135.62,0.43
2017-10-26,9136.83,0.01
2017-10-27,9184.89,0.53
2017-10-30,9154.91,-0.33
2017-10-31,9110.89,-0.48
2017-11-01,9036.34,-0.82
2017-11-02,9035.15,-0.01
2017-11-03,8985.98,-0.54
2017-11-06,9030.89,0.5
2017-11-07,9091.72,0.67
2017-11-08,9102.91,0.12
2017-11-09,9131.36,0.31
2017-11-10,9175.02,0.48
2017-11-13,9209.28,0.37
2017-11-14,9173.48,-0.39
2017-11-15,9154.1,-0.21
2017-11-16,9182.62,0.31
2017-11-17,9226.13,0.47
2017-11-20,9267.8,0.45
2017-11-21,9353.74,0.93
2017-11-22,9366.6,0.14
2017-11-23,9138.36,-2.44
2017-11-24,9140.32,0.02
2017-11-27,9079.46,-0.67
2017-11-28,9075.53,-0.04
2017-11-29,9057.29,-0.2
2017-11-30,8974.0,-0.92
2017-12-01,8953.51,-0.23
2017-12-04,8976.79,0.26
2017-12-05,9025.36,0.54
2017-12-06,8962.18,-0.7
2017-12-07,8893.05,-0.77
2017-12-08,8918.44,0.29
2017-12-11,9000.33,0.92
2017-12-12,8904.08,-1.07
2017-12-13,8959.18,0.62
2017-12-14,8944.22,-0.17
2017-12-15,8862.47,-0.91
2017-12-18,8839.33,-0.26
2017-12-19,8942.61,1.17
2017-12-20,8910.51,-0.36
2017-12-21,8986.99,0.86
2017-12-22,8971.75,-0.17
2017-12-25,8977.58,0.06
2017-12-26,9031.84,0.6
2017-12-27,8950.15,-0.9
2017-12-28,9003.67,0.6
2017-12-29,9055.08,0.57
2018-01-02,9172.96,1.3
2018-01-03,9215.25,0.46
2018-01-04,9250.18,0.38
2018-01-05,9352.82,1.11
2018-01-08,9458.96,1.13
2018-01-09,9480.93,0.23
2018-01-10,9507.71,0.28
2018-01-11,9469.48,-0.4
2018-01-12,9515.22,0.48
2018-01-15,9527.96,0.13
2018-01-16,9683.76,1.64
2018-01-17,9653.23,-0.32
2018-01-18,9669.41,0.17
2018-01-19,9648.15,-0.22
2018-01-22,9736.67,0.92
2018-01-23,9811.4,0.77
2018-01-24,9824.54,0.13
2018-01-25,9769.17,-0.56
2018-01-26,9852.99,0.86
2018-01-29,9739.04,-1.16
2018-01-30,9627.73,-1.14
2018-01-31,9642.89,0.16
2018-02-01,9553.81,-0.92
2018-02-02,9609.3,0.58
2018-02-05,9674.2,0.68
2018-02-06,9401.16,-2.82
2018-02-07,9193.09,-2.21
2018-02-08,9121.4,-0.78
2018-02-09,8726.32,-4.33
2018-02-12,8816.91,1.04
2018-02-13,8911.33,1.07
2018-02-14,8944.49,0.37
2018-02-22,9145.76,2.25
2018-02-23,9191.88,0.5
2018-02-26,9253.54,0.67
2018-02-27,9152.03,-1.1
2018-02-28,9088.53,-0.69
2018-03-01,9107.69,0.21
2018-03-02,9094.28,-0.15
2018-03-05,9084.57,-0.11
2018-03-06,9207.9,1.36
2018-03-07,9170.99,-0.4
2018-03-08,9232.41,0.67
2018-03-09,9269.81,0.41
2018-03-12,9294.88,0.27
2018-03-13,9221.04,-0.79
2018-03-14,9196.19,-0.27
2018-03-15,9188.25,-0.09
2018-03-16,9161.38,-0.29
2018-03-19,9146.98,-0.16
2018-03-20,9119.48,-0.3
2018-03-21,9097.41,-0.24
2018-03-22,9033.31,-0.7
2018-03-23,8781.07,-2.79
2018-03-26,8734.85,-0.53
2018-03-27,8785.08,0.58
2018-03-28,8636.74,-1.69
2018-03-29,8787.94,1.75
2018-03-30,8754.02,-0.39
2018-04-02,8731.88,-0.25
2018-04-03,8665.09,-0.76
2018-04-04,8664.76,0.0
2018-04-09,8664.41,0.0
2018-04-10,8778.98,1.32
2018-04-11,8810.96,0.36
2018-04-12,8747.54,-0.72
2018-04-13,8709.78,-0.43
2018-04-16,8577.45,-1.52
2018-04-17,8477.76,-1.16
2018-04-18,8515.59,0.45
2018-04-19,8565.71,0.59
2018-04-20,8441.76,-1.45
2018-04-23,8414.95,-0.32
2018-04-24,8596.94,2.16
2018-04-25,8565.68,-0.36
2018-04-26,8458.38,-1.25
2018-04-27,8445.58,-0.15
2018-05-02,8499.15,0.63
2018-05-03,8570.46,0.84
2018-05-04,8560.38,-0.12
2018-05-07,8701.42,1.65
2018-05-08,8788.29,1.0
2018-05-09,8785.39,-0.03
2018-05-10,8839.19,0.61
2018-05-11,8793.87,-0.51
2018-05-14,8835.6,0.47
2018-05-15,8871.42,0.4
2018-05-16,8816.61,-0.62
2018-05-17,8794.31,-0.25
2018-05-18,8847.33,0.6
2018-05-21,8883.35,0.41
2018-05-22,8876.17,-0.08
2018-05-23,8778.2,-1.1
2018-05-24,8722.76,-0.63
2018-05-25,8722.38,0.0
2018-05-28,8766.56,0.51
2018-05-29,8747.3,-0.22
2018-05-30,8579.59,-1.92
2018-05-31,8752.56,2.02
2018-06-01,8686.19,-0.76
2018-06-04,8766.19,0.92
2018-06-05,8832.32,0.75
2018-06-06,8818.64,-0.15
2018-06-07,8797.48,-0.24
2018-06-08,8659.78,-1.57
2018-06-11,8641.13,-0.22
2018-06-12,8768.58,1.47
2018-06-13,8722.37,-0.53
2018-06-14,8690.42,-0.37
2018-06-15,8628.43,-0.71
2018-06-18,8628.43,0.0
2018-06-19,8296.46,-3.85
2018-06-20,8323.27,0.32
2018-06-21,8244.69,-0.94
2018-06-22,8253.29,0.1
2018-06-25,8182.74,-0.85
2018-06-26,8092.5,-1.1
2018-06-27,8005.14,-1.08
2018-06-28,7885.25,-1.5
2018-06-29,8071.03,2.36
2018-07-02,7825.32,-3.04
2018-07-03,7835.47,0.13
2018-07-04,7755.62,-1.02
2018-07-05,7663.04,-1.19
2018-07-06,7661.21,-0.02
2018-07-09,7837.27,2.3
2018-07-10,7870.58,0.43
2018-07-11,7732.66,-1.75
2018-07-12,7859.62,1.64
2018-07-13,7876.12,0.21
2018-07-16,7807.67,-0.87
2018-07-17,7743.33,-0.82
2018-07-18,7705.52,-0.49
2018-07-19,7690.59,-0.19
2018-07-20,7797.91,1.4
2018-07-23,7890.45,1.19
2018-07-24,8012.02,1.54
2018-07-25,7986.29,-0.32
2018-07-26,7943.25,-0.54
2018-07-27,7904.88,-0.48
2018-07-30,7878.81,-0.33
2018-07-31,7924.8,0.58
2018-08-01,7770.95,-1.94
2018-08-02,7559.18,-2.72
2018-08-03,7458.46,-1.33
2018-08-06,7394.65,-0.86
2018-08-07,7586.79,2.6
2018-08-08,7463.05,-1.63
2018-08-09,7613.85,2.02
2018-08-10,7620.06,0.08
2018-08-13,7588.77,-0.41
2018-08-14,7566.76,-0.29
2018-08-15,7420.39,-1.93
2018-08-16,7368.73,-0.7
2018-08-17,7279.82,-1.21
2018-08-20,7350.13,0.97
2018-08-21,7442.35,1.25
2018-08-22,7392.84,-0.66
2018-08-23,7392.15,-0.01
2018-08-24,7412.46,0.27
2018-08-27,7563.92,2.04
2018-08-28,7550.67,-0.18
2018-08-29,7517.44,-0.44
2018-08-30,7478.43,-0.52
2018-08-31,7462.15,-0.22
2018-09-03,7452.18,-0.13
2018-09-04,7529.74,1.04
2018-09-05,7393.66,-1.81
2018-09-06,7335.87,-0.78
2018-09-07,7362.05,0.36
2018-09-10,7312.08,-0.68
2018-09-11,7298.74,-0.18
2018-09-12,7284.49,-0.19
2018-09-13,7366.65,1.13
2018-09-14,7384.44,0.24
2018-09-17,7336.24,-0.65
2018-09-18,7444.37,1.47
2018-09-19,7537.99,1.26
2018-09-20,7511.47,-0.35
2018-09-21,7737.39,3.01
2018-09-25,7672.64,-0.84
2018-09-26,7745.68,0.95
2018-09-27,7706.17,-0.51
2018-09-28,7806.98,1.31
2018-10-08,7517.46,-3.71
2018-10-09,7487.86,-0.39
2018-10-10,7486.61,-0.02
2018-10-11,7101.51,-5.14
2018-10-12,7175.76,1.04
2018-10-15,7040.25,-1.89
2018-10-16,6953.93,-1.23
2018-10-17,7002.32,0.69
2018-10-18,6882.79,-1.71
2018-10-19,7087.35,2.97
2018-10-22,7358.76,3.83
2018-10-23,7181.13,-2.41
2018-10-24,7188.64,0.1
2018-10-25,7233.47,0.62
2018-10-26,7244.41,0.15
2018-10-29,7053.79,-2.63
2018-10-30,7104.96,0.73
2018-10-31,7162.04,0.8
2018-11-01,7196.71,0.48
2018-11-02,7382.23,2.58
2018-11-05,7350.24,-0.43
2018-11-06,7319.18,-0.42
2018-11-07,7273.39,-0.63
2018-11-08,7256.47,-0.23
2018-11-09,7183.8,-1.0
2018-11-12,7281.51,1.36
2018-11-13,7349.17,0.93
2018-11-14,7300.16,-0.67
2018-11-15,7367.19,0.92
2018-11-16,7427.3,0.81
2018-11-19,7503.38,1.02
2018-11-20,7356.0,-1.96
2018-11-21,7363.29,0.1
2018-11-22,7360.01,-0.04
2018-11-23,7196.57,-2.22
2018-11-26,7225.83,0.41
2018-11-27,7197.1,-0.4
2018-11-28,7269.04,1.0
2018-11-29,7192.66,-1.05
2018-11-30,7250.76,0.81
2018-12-03,7439.03,2.6
2018-12-04,7447.17,0.11
2018-12-05,7401.46,-0.61
2018-12-06,7293.44,-1.46
2018-12-07,7318.91,0.35
2018-12-10,7246.88,-0.98
2018-12-11,7292.15,0.62
2018-12-12,7323.56,0.43
2018-12-13,7425.53,1.39
2018-12-14,7327.45,-1.32
2018-12-17,7375.17,0.65
2018-12-18,7327.92,-0.64
2018-12-19,7313.98,-0.19
2018-12-20,7284.23,-0.41
2018-12-21,7239.22,-0.62
2018-12-24,7266.21,0.37
2018-12-25,7236.64,-0.41
2018-12-26,7257.39,0.29
2018-12-27,7258.89,0.02
2018-12-28,7293.04,0.47
2019-01-02,7189.73,-1.42
2019-01-03,7188.29,-0.02
2019-01-04,7285.19,1.35
2019-01-07,7320.5,0.48
2019-01-08,7323.94,0.05
2019-01-09,7370.56,0.64
2019-01-10,7340.07,-0.41
2019-01-11,7375.04,0.48
2019-01-14,7344.35,-0.42
2019-01-15,7414.2,0.95
2019-01-16,7423.54,0.13
2019-01-17,7446.21,0.31
2019-01-18,7475.87,0.4
2019-01-21,7487.87,0.16
2019-01-22,7448.57,-0.52
2019-01-23,7483.45,0.47
2019-01-24,7504.45,0.28
2019-01-25,7545.33,0.54
2019-01-28,7538.87,-0.08
2019-01-29,7589.87,0.68
2019-01-30,7561.15,-0.38
2019-01-31,7589.74,0.38
2019-02-01,7668.44,1.04
2019-02-11,7736.98,0.89
2019-02-12,7774.54,0.49
2019-02-13,7861.83,1.12
2019-02-14,7845.8,-0.2
2019-02-15,7703.95,-1.81
2019-02-18,7865.35,2.09
2019-02-19,7857.23,-0.1
2019-02-20,7867.22,0.13
2019-02-21,7815.24,-0.66
2019-02-22,7876.06,0.78
2019-02-25,8204.63,4.17
2019-02-26,8142.04,-0.76
2019-02-27,8162.64,0.25
2019-02-28,8139.47,-0.28
2019-03-01,8235.71,1.18
2019-03-04,8350.08,1.39
2019-03-05,8435.65,1.02
2019-03-06,8509.1,0.87
2019-03-07,8459.81,-0.58
2019-03-08,8141.37,-3.76
2019-03-11,8276.08,1.65
2019-03-12,8350.44,0.9
2019-03-13,8326.55,-0.29
2019-03-14,8235.86,-1.09
2019-03-15,8368.74,1.61
2019-03-18,8614.05,2.93
2019-03-19,8601.73,-0.14
2019-03-20,8636.23,0.4
2019-03-21,8640.41,0.05
2019-03-22,8687.53,0.54
2019-03-25,8589.63,-1.13
2019-03-26,8471.85,-1.37
2019-03-27,8580.6,1.28
2019-03-28,8484.22,-1.12
2019-03-29,8700.71,2.55
2019-04-01,8922.88,2.55
2019-04-02,8907.76,-0.17
2019-04-03,9015.97,1.21
2019-04-04,9126.16,1.22
2019-04-08,9095.14,-0.34
2019-04-09,9135.07,0.44
2019-04-10,9151.99,0.19
2019-04-11,9033.57,-1.29
2019-04-12,9013.5,-0.22
2019-04-15,8965.55,-0.53
2019-04-16,9106.58,1.57
2019-04-17,9137.35,0.34
2019-04-18,9048.72,-0.97
2019-04-19,9089.18,0.45
2019-04-22,8872.28,-2.39
2019-04-23,8804.18,-0.77
2019-04-24,8815.41,0.13
2019-04-25,8581.99,-2.65
2019-04-26,8479.32,-1.2
2019-04-29,8483.69,0.05
2019-04-30,8566.21,0.97
2019-05-06,8146.07,-4.9
2019-05-07,8221.78,0.93
2019-05-08,8150.81,-0.86
2019-05-09,8035.58,-1.41
2019-05-10,8269.99,2.92
2019-05-13,8194.37,-0.91
2019-05-14,8141.12,-0.65
2019-05-15,8265.44,1.53
2019-05-16,8307.61,0.51
2019-05-17,8103.5,-2.46
2019-05-20,8024.96,-0.97
2019-05-21,8124.2,1.24
2019-05-22,8084.19,-0.49
2019-05-23,7988.34,-1.18
2019-05-24,8022.73,0.43
2019-05-27,8126.2,1.29
2019-05-28,8165.05,0.48
2019-05-29,8121.03,-0.54
2019-05-30,8146.74,0.32
2019-05-31,8142.31,-0.05
2019-06-03,8130.21,-0.15
2019-06-04,8073.03,-0.7
2019-06-05,8082.0,0.11
2019-06-06,8023.94,-0.72
2019-06-10,8097.83,0.92
2019-06-11,8266.81,2.09
2019-06-12,8208.7,-0.7
2019-06-13,8148.05,-0.74
2019-06-14,8069.44,-0.96
2019-06-17,8063.21,-0.08
2019-06-18,8060.53,-0.03
2019-06-19,8141.96,1.01
2019-06-20,8275.49,1.64
2019-06-21,8284.88,0.11
2019-06-24,8284.48,0.0
2019-06-25,8209.39,-0.91
2019-06-26,8195.21,-0.17
2019-06-27,8235.86,0.5
2019-06-28,8170.36,-0.8
2019-07-01,8326.98,1.92
2019-07-02,8356.25,0.35
2019-07-03,8366.39,0.12
2019-07-04,8360.29,-0.07
2019-07-05,8371.74,0.14
2019-07-08,8178.3,-2.31
2019-07-09,8177.0,-0.01
2019-07-10,8110.67,-0.81
2019-07-11,8097.25,-0.16
2019-07-12,8113.91,0.21
2019-07-15,8135.03,0.26
2019-07-16,8138.92,0.05
2019-07-17,8137.64,-0.01
2019-07-18,8048.7,-1.09
2019-07-19,8118.82,0.87
2019-07-22,8049.21,-0.86
2019-07-23,8065.35,0.2
2019-07-24,8113.38,0.6
2019-07-25,8147.14,0.42
2019-07-26,8150.61,0.04
2019-07-29,8158.41,0.09
2019-07-30,8198.33,0.49
2019-07-31,8126.26,-0.88
2019-08-01,8054.52,-0.88
2019-08-02,7958.31,-1.19
2019-08-05,7816.82,-1.78
2019-08-06,7708.11,-1.39
2019-08-07,7687.85,-0.26
2019-08-08,7778.88,1.18
2019-08-09,7707.88,-0.91
2019-08-12,7795.38,1.14
2019-08-13,7755.01,-0.52
2019-08-14,7766.83,0.15
2019-08-15,7792.1,0.32
2019-08-16,7788.46,-0.05
2019-08-19,7929.32,1.81
2019-08-20,7907.81,-0.27
2019-08-21,7899.56,-0.1
2019-08-22,7906.59,0.09
2019-08-23,7922.54,0.2
2019-08-26,7854.2,-0.86
2019-08-27,7946.25,1.17
2019-08-28,7940.86,-0.07
2019-08-29,7887.82,-0.67
2019-08-30,7862.07,-0.33
2019-09-02,7920.78,0.75
2019-09-03,7908.43,-0.15
2019-09-04,7986.13,0.98
2019-09-05,8020.05,0.42
2019-09-06,8048.99,0.36
2019-09-09,8103.73,0.68
2019-09-10,8059.6,-0.54
2019-09-11,8068.41,0.11
2019-09-12,8119.57,0.63
2019-09-16,8134.42,0.18
2019-09-17,8022.28,-1.38
2019-09-18,8064.69,0.53
2019-09-19,8081.13,0.2
2019-09-20,8076.26,-0.06
2019-09-23,7979.86,-1.19
2019-09-24,8018.54,0.48
2019-09-25,7928.03,-1.13
2019-09-26,7924.01,-0.05
2019-09-27,7904.62,-0.24
2019-09-30,7865.21,-0.5
2019-10-08,7919.17,0.69
2019-10-09,8003.34,1.06
2019-10-10,8045.26,0.52
2019-10-11,8093.09,0.59
2019-10-14,8188.5,1.18
2019-10-15,8147.25,-0.5
2019-10-16,8146.29,-0.01
2019-10-17,8120.22,-0.32
2019-10-18,8020.46,-1.23
2019-10-21,8054.62,0.43
2019-10-22,8075.26,0.26
2019-10-23,8023.02,-0.65
2019-10-24,8039.57,0.21
2019-10-25,8081.82,0.53
2019-10-28,8099.4,0.22
2019-10-29,8037.36,-0.76
2019-10-30,8008.73,-0.36
2019-10-31,7967.06,-0.52
2019-11-01,8064.46,1.22
2019-11-04,8079.52,0.19
2019-11-05,8134.98,0.69
2019-11-06,8092.99,-0.52
2019-11-07,8111.94,0.23
2019-11-08,8073.63,-0.47
2019-11-11,7938.25,-1.68
2019-11-12,7943.08,0.06
2019-11-13,7904.14,-0.49
2019-11-14,7899.04,-0.06
2019-11-15,7861.31,-0.48
2019-11-18,7917.89,0.72
2019-11-19,8007.6,1.13
2019-11-20,7952.75,-0.68
2019-11-21,7945.51,-0.09
2019-11-22,7936.01,-0.12
2019-11-25,8051.88,1.46
2019-11-26,8049.13,-0.03
2019-11-27,8019.2,-0.37
2019-11-28,7980.89,-0.48
2019-11-29,7984.81,0.05
2019-12-02,7990.63,0.07
2019-12-03,8022.23,0.4
2019-12-04,7997.98,-0.3
2019-12-05,8017.91,0.25
2019-12-06,8048.95,0.39
2019-12-09,8083.65,0.43
2019-12-10,8069.83,-0.17
2019-12-11,8086.41,0.21
2019-12-12,8090.98,0.06
2019-12-13,8190.59,1.23
2019-12-16,8223.52,0.4
2019-12-17,8286.73,0.77
2019-12-18,8264.72,-0.27
2019-12-19,8290.97,0.32
2019-12-20,8282.04,-0.11
2019-12-23,8188.8,-1.12
2019-12-24,8206.71,0.22
2019-12-25,8191.23,-0.19
2019-12-26,8267.56,0.93
2019-12-27,8293.57,0.31
2019-12-30,8408.31,1.38
2019-12-31,8458.09,0.59
2020-01-02,8549.43,1.08
2020-01-03,8538.47,-0.13
2020-01-06,8498.28,-0.47
2020-01-07,8550.43,0.61
2020-01-08,8436.79,-1.33
2020-01-09,8516.67,0.95
2020-01-10,8486.21,-0.36
2020-01-13,8511.09,0.29
2020-01-14,8514.82,0.04
2020-01-15,8462.23,-0.62
2020-01-16,8404.55,-0.68
2020-01-17,8399.71,-0.06
2020-01-20,8395.49,-0.05
2020-01-21,8251.46,-1.71
2020-01-22,8255.16,0.04
2020-01-23,8012.87,-2.94
2020-02-03,7345.46,-8.33
2020-02-04,7496.55,2.06
2020-02-05,7557.68,0.81
2020-02-06,7628.43,0.94
2020-02-07,7582.01,-0.61
2020-02-10,7694.7,1.49
2020-02-11,7734.93,0.52
2020-02-12,7757.46,0.29
2020-02-13,7723.39,-0.44
2020-02-14,7783.23,0.77
2020-02-17,7923.2,1.8
2020-02-18,7867.75,-0.7
2020-02-19,7853.68,-0.18
2020-02-20,7949.84,1.22
2020-02-21,7956.01,0.08
2020-02-24,7864.63,-1.15
2020-02-25,7777.59,-1.11
2020-02-26,7830.45,0.68
2020-02-27,7863.98,0.43
2020-02-28,7677.38,-2.37
2020-03-02,7953.56,3.6
2020-03-03,7939.4,-0.18
2020-03-04,8049.72,1.39
2020-03-05,8148.12,1.22
2020-03-06,8024.38,-1.52
2020-03-09,7822.97,-2.51
2020-03-10,7910.36,1.12
2020-03-11,7827.26,-1.05
2020-03-12,7716.7,-1.41
2020-03-13,7594.58,-1.58
2020-03-16,7402.22,-2.53
2020-03-17,7382.31,-0.27
2020-03-18,7258.85,-1.67
2020-03-19,7131.15,-1.76
2020-03-20,7255.63,1.75
2020-03-23,7050.67,-2.82
2020-03-24,7234.95,2.61
2020-03-25,7401.65,2.3
2020-03-26,7346.45,-0.75
2020-03-27,7390.72,0.6
2020-03-30,7342.14,-0.66
2020-03-31,7313.9,-0.38
2020-04-01,7282.85,-0.42
2020-04-02,7353.35,0.97
2020-04-03,7327.42,-0.35
2020-04-07,7440.79,1.55
2020-04-08,7423.69,-0.23
2020-04-09,7434.96,0.15
2020-04-10,7399.3,-0.48
2020-04-13,7406.08,0.09
2020-04-14,7473.37,0.91
2020-04-15,7427.29,-0.62
2020-04-16,7416.64,-0.14
2020-04-17,7448.71,0.43
2020-04-20,7477.03,0.38
2020-04-21,7420.15,-0.76
2020-04-22,7423.98,0.05
2020-04-23,7406.78,-0.23
2020-04-24,7363.62,-0.58
2020-04-27,7420.42,0.77
2020-04-28,7422.06,0.02
2020-04-29,7548.43,1.7
2020-04-30,7609.94,0.81
2020-05-06,7587.4,-0.3
2020-05-07,7601.65,0.19
2020-05-08,7649.97,0.63
2020-05-11,7667.13,0.22
2020-05-12,7619.79,-0.62
2020-05-13,7642.67,0.3
2020-05-14,7545.39,-1.27
2020-05-15,7517.28,-0.37
2020-05-18,7527.38,0.13
2020-05-19,7549.73,0.3
2020-05-20,7509.42,-0.53
2020-05-21,7494.76,-0.19
2020-05-22,7355.79,-1.85
2020-05-25,7384.98,0.4
2020-05-26,7403.78,0.25
2020-05-27,7429.35,0.34
2020-05-28,7472.67,0.58
2020-05-29,7416.96,-0.75
2020-06-01,7554.11,1.85
2020-06-02,7593.61,0.52
2020-06-03,7568.17,-0.34
2020-06-04,7585.78,0.23
2020-06-05,7577.78,-0.1
2020-06-08,7620.37,0.56
2020-06-09,7651.9,0.41
2020-06-10,7615.08,-0.48
2020-06-11,7543.58,-0.94
2020-06-12,7551.33,0.1
2020-06-15,7466.07,-1.13
2020-06-16,7563.08,1.3
2020-06-17,7577.76,0.19
2020-06-18,7590.28,0.16
2020-06-19,7588.01,-0.03
2020-06-22,7517.18,-0.93
2020-06-23,7493.93,-0.31
2020-06-24,7493.71,0.0
2020-06-29,7443.57,-0.67
2020-06-30,7476.83,0.45
2020-07-01,7658.87,2.43
2020-07-02,7868.61,2.74
2020-07-03,7968.7,1.27
2020-07-06,8487.69,6.51
2020-07-07,8441.36,-0.54
2020-07-08,8492.6,0.61
2020-07-09,8582.29,1.06
2020-07-10,8331.37,-2.92
2020-07-13,8507.8,2.12
2020-07-14,8453.09,-0.64
2020-07-15,8284.19,-2.0
2020-07-16,8068.93,-2.6
2020-07-17,8059.67,-0.11
2020-07-20,8391.36,4.11
2020-07-21,8366.39,-0.3
2020-07-22,8352.79,-0.16
2020-07-23,8271.13,-0.98
2020-07-24,8005.69,-3.21
2020-07-27,7973.02,-0.41
2020-07-28,8008.95,0.45
2020-07-29,8137.52,1.6
2020-07-30,8142.43,0.06
2020-07-31,8213.89,0.88
2020-08-03,8408.42,2.37
2020-08-04,8435.55,0.32
2020-08-05,8378.89,-0.67
2020-08-06,8348.77,-0.36
2020-08-07,8332.72,-0.19
2020-08-10,8418.98,1.03
2020-08-11,8383.72,-0.42
2020-08-12,8364.47,-0.23
2020-08-13,8412.93,0.58
2020-08-14,8472.24,0.7
2020-08-17,8701.32,2.7
2020-08-18,8713.5,0.14
2020-08-19,8666.24,-0.54
2020-08-20,8572.12,-1.09
2020-08-21,8580.36,0.1
2020-08-24,8612.75,0.38
2020-08-25,8588.1,-0.29
2020-08-26,8461.15,-1.48
2020-08-27,8461.9,0.01
2020-08-28,8584.2,1.44
2020-08-31,8495.06,-1.04
2020-09-01,8474.42,-0.24
2020-09-02,8443.41,-0.37
2020-09-03,8395.11,-0.57
2020-09-04,8343.79,-0.61
2020-09-07,8249.73,-1.13
2020-09-08,8313.34,0.77
2020-09-09,8167.2,-1.76
2020-09-10,8140.52,-0.33
2020-09-11,8153.15,0.15
2020-09-14,8154.48,0.02
2020-09-15,8178.05,0.29
2020-09-16,8214.52,0.44
2020-09-17,8203.62,-0.13
2020-09-18,8392.14,2.3
2020-09-21,8344.49,-0.57
2020-09-22,8215.28,-1.55
2020-09-23,8203.76,-0.14
2020-09-24,8059.85,-1.75
2020-09-25,8020.37,-0.49
2020-09-28,8060.17,0.5
2020-09-29,8062.18,0.02
2020-09-30,8007.47,-0.68
2020-10-09,8147.86,1.75
2020-10-12,8289.32,1.74
2020-10-13,8301.61,0.15
2020-10-14,8272.34,-0.35
2020-10-15,8259.82,-0.15
2020-10-16,8300.68,0.49
2020-10-19,8245.83,-0.66
2020-10-20,8238.16,-0.09
2020-10-21,8251.67,0.16
2020-10-22,8208.97,-0.52
2020-10-23,8174.53,-0.42
2020-10-26,8147.28,-0.33
2020-10-27,8130.95,-0.2
2020-10-28,8095.4,-0.44
2020-10-29,8157.12,0.76
2020-10-30,8042.71,-1.4
2020-11-02,8118.95,0.95
2020-11-03,8209.85,1.12
2020-11-04,8262.0,0.63
2020-11-05,8368.1,1.28
2020-11-06,8414.26,0.55
2020-11-09,8545.86,1.56
2020-11-10,8511.67,-0.4
2020-11-11,8575.27,0.75
2020-11-12,8613.79,0.45
2020-11-13,8524.94,-1.03
2020-11-16,8744.59,2.58
2020-11-17,8771.8,0.31
2020-11-18,8808.56,0.42
2020-11-19,8748.79,-0.68
2020-11-20,8787.01,0.44
2020-11-23,8932.67,1.66
2020-11-24,8880.93,-0.58
2020-11-25,8746.48,-1.51
2020-11-26,8762.17,0.18
2020-11-27,8829.28,0.76
2020-11-30,8749.98,-0.9
2020-12-01,8851.8,1.16
2020-12-02,8854.91,0.03
2020-12-03,8754.59,-1.13
2020-12-04,8732.72,-0.25
2020-12-07,8600.11,-1.52
2020-12-08,8584.95,-0.18
2020-12-09,8467.96,-1.36
2020-12-10,8458.96,-0.11
2020-12-11,8438.03,-0.25
2020-12-14,8382.37,-0.66
2020-12-15,8359.26,-0.27
2020-12-16,8327.75,-0.38
2020-12-17,8377.67,0.6
2020-12-18,8433.79,0.67
2020-12-21,8420.7,-0.15
2020-12-22,8224.03,-2.33
2020-12-23,8221.07,-0.04
2020-12-24,8161.36,-0.73
2020-12-25,8215.8,0.67
2020-12-28,8191.21,-0.3
2020-12-29,8152.85,-0.47
2020-12-30,8168.22,0.19
2020-12-31,8207.47,0.48
2021-01-04,8146.16,-0.75
2021-01-05,8138.38,-0.09
2021-01-06,8209.4,0.87
2021-01-07,8221.42,0.15
2021-01-08,8240.44,0.23
2021-01-11,8161.26,-0.96
2021-01-12,8162.09,0.01
2021-01-13,8153.86,-0.1
2021-01-14,8132.73,-0.26
2021-01-15,8188.39,0.68
2021-01-18,8252.56,0.78
2021-01-19,8332.73,0.97
2021-01-20,8248.84,-1.01
2021-01-21,8247.36,-0.02
2021-01-22,8105.23,-1.72
2021-01-25,8013.13,-1.14
2021-01-26,7991.77,-0.27
2021-01-27,8014.23,0.28
2021-01-28,7926.01,-1.1
2021-01-29,7918.88,-0.09
2021-02-01,7997.12,0.99
2021-02-02,7963.49,-0.42
2021-02-03,7931.94,-0.4
2021-02-04,7912.26,-0.25
2021-02-05,8033.2,1.53
2021-02-08,8038.67,0.07
2021-02-09,8072.8,0.42
2021-02-10,8109.3,0.45
2021-02-18,8280.09,2.11
2021-02-19,8420.61,1.7
2021-02-22,8492.43,0.85
2021-02-23,8419.07,-0.86
2021-02-24,8406.15,-0.15
2021-02-25,8602.46,2.33
2021-02-26,8429.94,-2.0
2021-03-01,8556.65,1.5
2021-03-02,8495.45,-0.72
2021-03-03,8689.44,2.28
2021-03-04,8701.16,0.13
2021-03-05,8575.84,-1.44
2021-03-08,8531.81,-0.51
2021-03-09,8442.35,-1.05
2021-03-10,8381.99,-0.72
2021-03-11,8596.07,2.55
2021-03-12,8767.09,1.99
2021-03-15,8823.72,0.65
2021-03-16,8854.96,0.35
2021-03-17,8798.01,-0.64
2021-03-18,8816.04,0.2
2021-03-19,8704.92,-1.26
2021-03-22,8801.95,1.11
2021-03-23,8692.25,-1.25
2021-03-24,8581.78,-1.27
2021-03-25,8559.34,-0.26
2021-03-26,8628.35,0.81
2021-03-29,8786.7,1.84
2021-03-30,8760.65,-0.3
2021-03-31,8759.41,-0.01
2021-04-01,8806.63,0.54
2021-04-02,8722.77,-0.95
2021-04-06,8722.32,-0.01
2021-04-07,8812.55,1.03
2021-04-08,8793.34,-0.22
2021-04-09,8773.49,-0.22
2021-04-12,8794.58,0.24
2021-04-13,8733.62,-0.69
2021-04-14,8772.92,0.45
2021-04-15,8775.12,0.03
2021-04-16,8902.04,1.45
2021-04-19,8877.01,-0.28
2021-04-20,8860.26,-0.19
2021-04-21,8884.61,0.27
2021-04-22,8885.5,0.01
2021-04-23,8822.15,-0.71
2021-04-26,8784.97,-0.42
2021-04-27,8755.46,-0.34
2021-04-28,8820.14,0.74
2021-04-29,8914.44,1.07
2021-04-30,8838.81,-0.85
2021-05-06,8958.3,1.35
2021-05-07,9002.18,0.49
2021-05-10,9075.73,0.82
2021-05-11,9022.12,-0.59
2021-05-12,9115.84,1.04
2021-05-13,9051.05,-0.71
2021-05-14,9071.06,0.22
2021-05-17,9113.08,0.46
2021-05-18,9143.44,0.33
2021-05-19,9111.37,-0.35
2021-05-20,8977.08,-1.47
2021-05-21,8999.86,0.25
2021-05-24,9057.52,0.64
2021-05-25,9205.73,1.64
2021-05-26,9249.36,0.47
2021-05-27,9295.55,0.5
2021-05-28,9349.01,0.57
2021-05-31,9417.96,0.74
2021-06-01,9408.25,-0.1
2021-06-02,9415.24,0.07
2021-06-03,9391.8,-0.25
2021-06-04,9336.9,-0.58
2021-06-07,9240.92,-1.03
2021-06-08,9236.19,-0.05
2021-06-09,9242.68,0.07
2021-06-10,9230.08,-0.14
2021-06-11,9194.39,-0.39
2021-06-15,9104.27,-0.98
2021-06-16,9071.48,-0.36
2021-06-17,9046.13,-0.28
2021-06-18,8981.13,-0.72
2021-06-21,8969.23,-0.13
2021-06-22,8997.29,0.31
2021-06-23,9104.71,1.19
2021-06-24,9097.78,-0.08
2021-06-25,9098.76,0.01
2021-06-28,8935.78,-1.79
2021-06-29,8902.6,-0.37
2021-06-30,8947.46,0.5
2021-07-01,9009.69,0.69
2021-07-02,8914.44,-1.06
2021-07-05,8869.66,-0.5
2021-07-06,8885.92,0.18
2021-07-07,8845.01,-0.46
2021-07-08,8670.24,-1.98
2021-07-09,8720.03,0.57
2021-07-12,8646.43,-0.84
2021-07-13,8675.39,0.33
2021-07-14,8673.1,-0.03
2021-07-15,8697.54,0.28
2021-07-16,8721.73,0.28
2021-07-19,8736.23,0.17
2021-07-20,8706.41,-0.34
2021-07-21,8635.95,-0.81
2021-07-22,8709.89,0.86
2021-07-23,8619.23,-1.04
2021-07-26,8428.53,-2.21
2021-07-27,8164.23,-3.14
2021-07-28,8135.94,-0.35
2021-07-29,8148.49,0.15
2021-07-30,8154.18,0.07
2021-08-02,8119.38,-0.43
2021-08-03,8055.93,-0.78
2021-08-04,8117.57,0.76
2021-08-05,8101.05,-0.2
2021-08-06,8142.4,0.51
2021-08-09,8259.8,1.44
2021-08-10,8279.51,0.24
2021-08-11,8460.73,2.19
2021-08-12,8558.89,1.16
2021-08-13,8552.29,-0.08
2021-08-16,8613.83,0.72
2021-08-17,8492.08,-1.41
2021-08-18,8532.02,0.47
2021-08-19,8435.14,-1.14
2021-08-20,8446.44,0.13
2021-08-23,8517.02,0.83
2021-08-24,8564.9,0.56
2021-08-25,8613.99,0.57
2021-08-26,8678.39,0.75
2021-08-27,8773.56,1.1
2021-08-30,8807.17,0.38
2021-08-31,9034.18,2.58
2021-09-01,9038.48,0.05
2021-09-02,9208.91,1.88
2021-09-03,9169.09,-0.43
2021-09-06,9266.62,1.06
2021-09-07,9465.19,2.14
2021-09-08,9627.05,1.71
2021-09-09,9881.1,2.64
2021-09-10,9803.86,-0.78
2021-09-13,10088.5,2.9
2021-09-14,9892.29,-1.94
2021-09-15,9851.75,-0.41
2021-09-16,9790.0,-0.63
2021-09-17,9586.19,-2.08
2021-09-22,9861.5,2.87
2021-09-23,9836.61,-0.25
2021-09-24,9511.9,-3.3
2021-09-27,9281.07,-2.43
2021-09-28,9546.65,2.86
2021-09-29,9276.76,-2.83
2021-09-30,9399.99,1.33
2021-10-08,9321.65,-0.83
2021-10-11,9410.33,0.95
2021-10-12,9355.82,-0.58
2021-10-13,9195.17,-1.72
2021-10-14,9100.77,-1.03
2021-10-15,9155.39,0.6
2021-10-18,9340.55,2.02
2021-10-19,9338.58,-0.02
2021-10-20,9159.74,-1.92
2021-10-21,9277.21,1.28
2021-10-22,9074.55,-2.18
2021-10-25,9096.11,0.24
2021-10-26,9035.05,-0.67
2021-10-27,8856.07,-1.98
2021-10-28,8604.88,-2.84
2021-10-29,8565.59,-0.46
2021-11-01,8662.92,1.14
2021-11-02,8443.13,-2.54
2021-11-03,8613.31,2.02
2021-11-04,8592.85,-0.24
2021-11-05,8404.23,-2.2
2021-11-08,8436.27,0.38
2021-11-09,8406.37,-0.35
2021-11-10,8381.28,-0.3
2021-11-11,8576.44,2.33
2021-11-12,8507.93,-0.8
2021-11-15,8489.24,-0.22
2021-11-16,8421.34,-0.8
2021-11-17,8403.58,-0.21
2021-11-18,8399.26,-0.05
2021-11-19,8524.04,1.49
2021-11-22,8508.06,-0.19
2021-11-23,8598.26,1.06
2021-11-24,8707.62,1.27
2021-11-25,8687.77,-0.23
2021-11-26,8572.1,-1.33
2021-11-29,8493.28,-0.92
2021-11-30,8473.52,-0.23
2021-12-01,8612.31,1.64
2021-12-02,8647.4,0.41
2021-12-03,8789.31,1.64
2021-12-06,8755.65,-0.38
2021-12-07,8894.55,1.59
2021-12-08,8895.37,0.01
2021-12-09,8933.17,0.42
2021-12-10,8863.55,-0.78
2021-12-13,8878.73,0.17
2021-12-14,8781.34,-1.1
2021-12-15,8858.75,0.88
2021-12-16,9012.34,1.73
2021-12-17,9013.91,0.02
2021-12-20,8980.37,-0.37
2021-12-21,9137.93,1.75
2021-12-22,9105.55,-0.35
2021-12-23,9139.93,0.38
2021-12-24,9073.24,-0.73
2021-12-27,9116.79,0.48
2021-12-28,9039.56,-0.85
2021-12-29,8994.35,-0.5
2021-12-30,9025.55,0.35
2021-12-31,9093.64,0.75
2022-01-04,9241.83,1.63
2022-01-05,9292.15,0.54
2022-01-06,9338.58,0.5
2022-01-07,9439.81,1.08
2022-01-10,9507.02,0.71
2022-01-11,9518.76,0.12
2022-01-12,9467.74,-0.53
2022-01-13,9420.68,-0.5
2022-01-14,9250.66,-1.8
2022-01-17,9283.31,0.35
2022-01-18,9397.25,1.23
2022-01-19,9502.22,1.12
2022-01-20,9477.94,-0.26
2022-01-21,9390.63,-0.92
2022-01-24,9406.75,0.17
2022-01-25,9135.9,-2.88
2022-01-26,9207.21,0.78
2022-01-27,9119.18,-0.96
2022-01-28,9023.28,-1.05
2022-02-07,9284.94,2.9
2022-02-08,9491.99,2.23
2022-02-09,9540.47,0.51
2022-02-10,9675.4,1.41
2022-02-11,9702.21,0.28
2022-02-14,9508.13,-2.0
2022-02-15,9430.17,-0.82
2022-02-16,9536.93,1.13
2022-02-17,9495.46,-0.43
2022-02-18,9700.56,2.16
2022-02-21,9725.69,0.26
2022-02-22,9633.53,-0.95
2022-02-23,9537.88,-0.99
2022-02-24,9355.78,-1.91
2022-02-25,9343.39,-0.13
2022-02-28,9347.49,0.04
2022-03-01,9441.59,1.01
2022-03-02,9521.64,0.85
2022-03-03,9660.21,1.46
2022-03-04,9583.02,-0.8
2022-03-07,9498.02,-0.89
2022-03-08,9194.78,-3.19
2022-03-09,9102.05,-1.01
2022-03-10,9180.76,0.86
2022-03-11,9228.04,0.51
2022-03-14,9048.4,-1.95
2022-03-15,8523.65,-5.8
2022-03-16,8732.41,2.45
2022-03-17,8842.47,1.26
2022-03-18,9079.93,2.68
2022-03-21,9042.21,-0.42
2022-03-22,9217.65,1.94
2022-03-23,9217.79,0.0
2022-03-24,9162.08,-0.6
2022-03-25,9181.97,0.22
2022-03-28,9377.95,2.13
2022-03-29,9343.56,-0.37
2022-03-30,9495.51,1.63
2022-03-31,9603.23,1.13
2022-04-01,9776.0,1.8
2022-04-06,9948.97,1.77
2022-04-07,9775.03,-1.75
2022-04-08,9901.76,1.3
2022-04-11,9743.05,-1.6
2022-04-12,9742.44,-0.01
2022-04-13,9674.0,-0.7
2022-04-14,9858.45,1.91
2022-04-15,9810.36,-0.49
2022-04-18,9664.14,-1.49
2022-04-19,9781.88,1.22
2022-04-20,9530.77,-2.57
2022-04-21,9358.57,-1.81
2022-04-22,9532.99,1.86
2022-04-25,9154.52,-3.97
2022-04-26,9085.29,-0.76
2022-04-27,9154.35,0.76
2022-04-28,9353.19,2.17
2022-04-29,9515.18,1.73
2022-05-05,9531.32,0.17
2022-05-06,9251.31,-2.94
2022-05-09,9306.27,0.59
2022-05-10,9397.05,0.97
2022-05-11,9385.6,-0.12
2022-05-12,9390.53,0.05
2022-05-13,9615.24,2.39
2022-05-16,9661.59,0.48
2022-05-17,9562.19,-1.03
2022-05-18,9507.8,-0.57
2022-05-19,9560.74,0.56
2022-05-20,9583.64,0.24
2022-05-23,9536.69,-0.49
2022-05-24,9324.18,-2.23
2022-05-25,9481.18,1.68
2022-05-26,9592.52,1.17
2022-05-27,9629.77,0.39
2022-05-30,9603.11,-0.28
2022-05-31,9579.25,-0.25
2022-06-01,9603.07,0.25
2022-06-02,9504.91,-1.02
2022-06-06,9495.2,-0.1
2022-06-07,9504.98,0.1
2022-06-08,9583.0,0.82
2022-06-09,9602.12,0.2
2022-06-10,9613.74,0.12
2022-06-13,9424.31,-1.97
2022-06-14,9554.13,1.38
2022-06-15,9564.9,0.11
2022-06-16,9423.49,-1.48
2022-06-17,9388.35,-0.37
2022-06-20,9355.56,-0.35
2022-06-21,9399.9,0.47
2022-06-22,9247.94,-1.62
2022-06-23,9320.37,0.78
2022-06-24,9278.25,-0.45
2022-06-27,9374.37,1.03
2022-06-28,9418.79,0.47
2022-06-29,9470.7,0.55
2022-06-30,9486.99,0.17
2022-07-01,9493.64,0.07
2022-07-04,9468.97,-0.26
2022-07-05,9498.3,0.31
2022-07-06,9284.25,-2.25
2022-07-07,9272.36,-0.13
2022-07-08,9257.77,-0.16
2022-07-11,9187.53,-0.76
2022-07-12,9247.68,0.65
2022-07-13,9220.19,-0.3
2022-07-14,9048.75,-1.86
2022-07-15,8834.8,-2.36
2022-07-18,9019.45,2.09
2022-07-19,9052.02,0.36
2022-07-20,9063.08,0.12
2022-07-21,8882.81,-1.99
2022-07-22,8877.22,-0.06
2022-07-25,8882.9,0.06
2022-07-26,9010.45,1.43
2022-07-27,8975.58,-0.39
2022-07-28,8987.08,0.13
2022-07-29,8897.19,-1.0
2022-08-01,8895.66,-0.02
2022-08-02,8682.35,-2.4
2022-08-03,8567.44,-1.32
2022-08-04,8634.61,0.78
2022-08-05,8680.25,0.53
2022-08-08,8766.1,0.99
2022-08-09,8792.35,0.3
2022-08-10,8767.35,-0.28
2022-08-11,8874.85,1.23
2022-08-12,8936.2,0.69
2022-08-15,8934.0,-0.02
2022-08-16,8949.36,0.17
2022-08-17,8989.26,0.44
2022-08-18,8906.01,-0.93
2022-08-19,8992.26,0.97
2022-08-22,9063.27,0.79
2022-08-23,9066.28,0.03
2022-08-24,8973.57,-1.02
2022-08-25,9184.36,2.35
2022-08-26,9159.54,-0.27
2022-08-29,9224.34,0.71
2022-08-30,9238.34,0.15
2022-08-31,9188.83,-0.53
2022-09-01,9291.29,1.12
2022-09-02,9271.14,-0.22
2022-09-05,9450.2,1.93
2022-09-06,9554.32,1.1
2022-09-07,9562.35,0.08
2022-09-08,9573.36,0.11
2022-09-09,9690.41,1.22
2022-09-13,9633.8,-0.58
2022-09-14,9562.09,-0.74
2022-09-15,9609.08,0.49
2022-09-16,9321.73,-2.99
2022-09-19,9323.48,0.02
2022-09-20,9276.14,-0.51
2022-09-21,9353.07,0.83
2022-09-22,9313.11,-0.43
2022-09-23,9232.71,-0.86
2022-09-26,9069.09,-1.77
2022-09-27,9165.68,1.06
2022-09-28,9085.24,-0.88
2022-09-29,9012.16,-0.8
2022-09-30,9050.86,0.43
2022-10-10,9090.0,0.43
2022-10-11,9078.45,-0.13
2022-10-12,9195.5,1.29
2022-10-13,9109.1,-0.94
2022-10-14,9171.86,0.69
2022-10-17,9137.37,-0.38
2022-10-18,9105.9,-0.34
2022-10-19,9061.76,-0.48
2022-10-20,8991.57,-0.77
2022-10-21,9023.55,0.36
2022-10-24,8818.34,-2.27
2022-10-25,8769.66,-0.55
2022-10-26,8702.83,-0.76
2022-10-27,8745.69,0.49
2022-10-28,8592.95,-1.75
2022-10-31,8378.54,-2.49
2022-11-01,8459.1,0.96
2022-11-02,8569.74,1.31
2022-11-03,8500.42,-0.81
2022-11-04,8644.02,1.69
2022-11-07,8685.95,0.49
2022-11-08,8688.21,0.03
2022-11-09,8678.29,-0.11
2022-11-10,8693.6,0.18
2022-11-11,8918.7,2.59
2022-11-14,8892.16,-0.3
2022-11-15,8935.43,0.49
2022-11-16,8906.29,-0.33
2022-11-17,8875.63,-0.34
2022-11-18,8825.12,-0.57
2022-11-21,8790.67,-0.39
2022-11-22,8885.25,1.07
2022-11-23,8944.54,0.67
2022-11-24,8984.99,0.45
2022-11-25,9158.58,1.93
2022-11-28,9108.97,-0.54
2022-11-29,9378.73,2.96
2022-11-30,9362.46,-0.17
2022-12-01,9299.57,-0.67
2022-12-02,9230.31,-0.74
2022-12-05,9385.64,1.68
2022-12-06,9344.86,-0.43
2022-12-07,9290.18,-0.59
2022-12-08,9321.29,0.33
2022-12-09,9279.63,-0.45
2022-12-12,9153.66,-1.36
2022-12-13,9201.18,0.52
2022-12-14,9165.71,-0.39
2022-12-15,9069.04,-1.05
2022-12-16,9168.83,1.1
2022-12-19,9009.5,-1.74
2022-12-20,8918.5,-1.01
2022-12-21,8914.3,-0.05
2022-12-22,8863.29,-0.57
2022-12-23,8829.07,-0.39
2022-12-26,8815.64,-0.15
2022-12-27,8921.88,1.2
2022-12-28,8927.98,0.07
2022-12-29,8860.3,-0.76
2022-12-30,8920.76,0.68
2023-01-03,8971.98,0.57
2023-01-04,9036.88,0.72
2023-01-05,9033.07,-0.04
2023-01-06,9023.29,-0.11
2023-01-09,9019.69,-0.04
2023-01-10,8957.52,-0.69
2023-01-11,8991.57,0.38
2023-01-12,8977.9,-0.15
2023-01-13,9062.94,0.95
2023-01-16,9092.93,0.33
2023-01-17,9074.93,-0.2
2023-01-18,9108.95,0.37
2023-01-19,9134.04,0.27
2023-01-20,9214.22,0.88
2023-01-30,9209.17,-0.05
2023-01-31,9226.94,0.19
2023-02-01,9272.96,0.5
2023-02-02,9279.01,0.06
2023-02-03,9207.44,-0.77
2023-02-06,9189.12,-0.2
2023-02-07,9227.2,0.41
2023-02-08,9172.01,-0.6
2023-02-09,9249.51,0.84
2023-02-10,9273.12,0.26
2023-02-13,9307.22,0.37
2023-02-14,9357.24,0.54
2023-02-15,9330.38,-0.29
2023-02-16,9282.26,-0.52
2023-02-17,9251.96,-0.33
2023-02-20,9472.61,2.38
2023-02-21,9565.72,0.98
2023-02-22,9568.1,0.02
2023-02-23,9570.01,0.02
2023-02-24,9547.34,-0.24
2023-02-27,9497.14,-0.53
2023-02-28,9550.35,0.56
2023-03-01,9620.14,0.73
2023-03-02,9679.78,0.62
2023-03-03,9767.41,0.91
2023-03-06,9751.51,-0.16
2023-03-07,9718.34,-0.34
2023-03-08,9716.93,-0.01
2023-03-09,9689.27,-0.28
2023-03-10,9518.53,-1.76
2023-03-13,9648.84,1.37
2023-03-14,9591.21,-0.6
2023-03-15,9756.98,1.73
2023-03-16,9665.46,-0.94
2023-03-17,9788.07,1.27
2023-03-20,9758.34,-0.3
2023-03-21,9719.66,-0.4
2023-03-22,9783.46,0.66
2023-03-23,9789.92,0.06
2023-03-24,9718.89,-0.73
2023-03-27,9635.93,-0.85
2023-03-28,9663.72,0.29
2023-03-29,9611.0,-0.54
2023-03-30,9664.32,0.55
2023-03-31,9694.85,0.32
2023-04-03,9781.02,0.89
2023-04-04,9840.61,0.61
2023-04-06,9755.86,-0.86
2023-04-07,9748.43,-0.08
2023-04-10,9761.02,0.13
2023-04-11,9868.34,1.1
2023-04-12,10022.25,1.56
2023-04-13,10040.83,0.19
2023-04-14,10005.38,-0.35
2023-04-17,10147.15,1.42
2023-04-18,10162.85,0.15
2023-04-19,10175.87,0.13
2023-04-20,10251.08,0.74
2023-04-21,10100.73,-1.47
2023-04-24,10118.92,0.18
2023-04-25,10196.45,0.77
2023-04-26,10203.02,0.06
2023-04-27,10236.86,0.33
2023-04-28,10414.86,1.74
2023-05-04,10694.36,2.68
2023-05-05,10720.84,0.25
2023-05-08,11032.54,2.91
2023-05-09,10909.38,-1.12
2023-05-10,10636.99,-2.5
2023-05-11,10604.27,-0.31
2023-05-12,10481.21,-1.16
2023-05-15,10442.18,-0.37
2023-05-16,10335.14,-1.03
2023-05-17,10302.98,-0.31
2023-05-18,10408.32,1.02
2023-05-19,10242.63,-1.59
2023-05-22,10217.35,-0.25
2023-05-23,10067.57,-1.46
2023-05-24,9927.11,-1.4
2023-05-25,9867.88,-0.6
2023-05-26,10007.51,1.41
2023-05-29,10061.11,0.53
2023-05-30,10096.06,0.35
2023-05-31,10014.99,-0.8
2023-06-01,10055.85,0.41
2023-06-02,10065.41,0.09
2023-06-05,10177.22,1.11
2023-06-06,10104.8,-0.71
2023-06-07,10197.94,0.92
2023-06-08,10273.08,0.74
2023-06-09,10279.21,0.06
2023-06-12,10201.99,-0.75
2023-06-13,10191.8,-0.1
2023-06-14,10105.94,-0.84
2023-06-15,10082.82,-0.23
2023-06-16,10059.87,-0.23
2023-06-19,9898.92,-1.6
2023-06-20,9795.54,-1.04
2023-06-21,9678.32,-1.2
2023-06-26,9506.51,-1.77
2023-06-27,9695.73,1.99
2023-06-28,9714.63,0.19
2023-06-29,9664.07,-0.52
2023-06-30,9680.02,0.16
2023-07-03,9814.65,1.39
2023-07-04,9762.05,-0.53
2023-07-05,9720.35,-0.43
2023-07-06,9691.26,-0.3
2023-07-07,9715.55,0.25
2023-07-10,9749.63,0.35
2023-07-11,9771.39,0.22
2023-07-12,9718.66,-0.54
2023-07-13,9856.05,1.41
2023-07-14,9867.7,0.12
2023-07-17,9738.54,-1.31
2023-07-18,9704.49,-0.35
2023-07-19,9782.03,0.8
2023-07-20,9693.34,-0.91
2023-07-21,9679.61,-0.14
2023-07-24,9687.46,0.08
2023-07-25,9869.75,1.88
2023-07-26,9843.06,-0.27
2023-07-27,9861.41,0.19
2023-07-28,10016.12,1.57
2023-07-31,10093.53,0.77
2023-08-01,10115.48,0.22
2023-08-02,9980.77,-1.33
2023-08-03,9995.13,0.14
2023-08-04,10013.5,0.18
2023-08-07,9949.3,-0.64
2023-08-08,9943.25,-0.06
2023-08-09,9869.21,-0.74
2023-08-10,9882.43,0.13
2023-08-11,9728.56,-1.56
2023-08-14,9733.01,0.04
2023-08-15,9783.73,0.52
2023-08-16,9749.4,-0.35
2023-08-17,9739.64,-0.1
2023-08-18,9698.11,-0.43
2023-08-21,9636.35,-0.64
2023-08-22,9759.42,1.28
2023-08-23,9748.03,-0.12
2023-08-24,9692.53,-0.57
2023-08-25,9694.42,0.02
2023-08-28,9825.16,1.35
2023-08-29,9816.18,-0.09
2023-08-30,9734.73,-0.83
2023-08-31,9663.59,-0.73
2023-09-01,9735.9,0.75
2023-09-04,9928.32,1.98
2023-09-05,9820.69,-1.08
2023-09-06,9801.23,-0.2
2023-09-07,9769.43,-0.32
2023-09-08,9707.14,-0.64
2023-09-11,9789.87,0.85
2023-09-12,9771.66,-0.19
2023-09-13,9798.49,0.27
2023-09-14,9875.92,0.79
2023-09-15,9863.61,-0.12
2023-09-18,9853.4,-0.1
2023-09-19,9918.61,0.66
2023-09-20,9939.16,0.21
2023-09-21,9860.32,-0.79
2023-09-22,9935.76,0.76
2023-09-25,9914.34,-0.22
2023-09-26,9892.51,-0.22
2023-09-27,9865.85,-0.27
2023-09-28,9853.04,-0.13
2023-10-09,9817.41,-0.36
2023-10-10,9715.7,-1.03
2023-10-11,9692.4,-0.24
2023-10-12,9815.07,1.26
2023-10-13,9797.91,-0.17
2023-10-16,9843.46,0.46
2023-10-17,9892.17,0.49
2023-10-18,9841.14,-0.52
2023-10-19,9654.91,-1.89
2023-10-20,9592.96,-0.64
2023-10-23,9453.14,-1.46
2023-10-24,9528.32,0.8
2023-10-25,9627.66,1.04
2023-10-26,9672.92,0.47
2023-10-27,9700.25,0.28
2023-10-30,9533.76,-1.72
2023-10-31,9548.63,0.16
2023-11-01,9550.38,0.02
2023-11-02,9578.13,0.29
2023-11-03,9528.66,-0.52
2023-11-06,9514.74,-0.15
2023-11-07,9519.92,0.05
2023-11-08,9524.83,0.05
2023-11-09,9551.31,0.28
2023-11-10,9484.58,-0.7
2023-11-13,9529.41,0.47
2023-11-14,9529.6,0.0
2023-11-15,9600.61,0.75
2023-11-16,9601.51,0.01
2023-11-17,9578.62,-0.24
2023-11-20,9596.85,0.19
2023-11-21,9636.1,0.41
2023-11-22,9620.97,-0.16
2023-11-23,9657.73,0.38
2023-11-24,9655.07,-0.03
2023-11-27,9609.33,-0.47
2023-11-28,9602.04,-0.08
2023-11-29,9513.56,-0.92
2023-11-30,9550.56,0.39
2023-12-01,9597.39,0.49
2023-12-04,9616.36,0.2
2023-12-05,9462.05,-1.6
2023-12-06,9449.18,-0.14
2023-12-07,9466.39,0.18
2023-12-08,9434.41,-0.34
2023-12-11,9560.73,1.34
2023-12-12,9618.38,0.6
2023-12-13,9540.93,-0.8
2023-12-14,9527.87,-0.14
2023-12-15,9467.9,-0.63
2023-12-18,9460.72,-0.08
2023-12-19,9455.24,-0.06
2023-12-20,9437.41,-0.19
2023-12-21,9412.84,-0.26
2023-12-22,9416.01,0.03
2023-12-25,9419.94,0.04
2023-12-26,9410.36,-0.1
2023-12-27,9477.2,0.71
2023-12-28,9440.79,-0.38
2023-12-29,9496.48,0.59
2024-01-02,9597.92,1.07
2024-01-03,9718.84,1.26
2024-01-04,9797.79,0.81
2024-01-05,9831.13,0.34
2024-01-08,9740.64,-0.92
2024-01-09,9799.66,0.61
2024-01-10,9730.29,-0.71
2024-01-11,9668.83,-0.63
2024-01-12,9707.01,0.39
2024-01-15,9777.74,0.73
2024-01-16,9829.15,0.53
2024-01-17,9701.19,-1.3
2024-01-18,9631.59,-0.72
2024-01-19,9573.97,-0.6
2024-01-22,9301.46,-2.85
2024-01-23,9390.53,0.96
2024-01-24,9614.97,2.39
2024-01-25,9904.65,3.01
2024-01-26,10044.07,1.41
2024-01-29,10068.14,0.24
2024-01-30,9942.79,-1.24
2024-01-31,9934.89,-0.08
2024-02-01,9817.5,-1.18
2024-02-02,9823.68,0.06
2024-02-05,9813.0,-0.11
2024-02-06,9977.46,1.68
2024-02-07,10116.72,1.4
2024-02-08,10078.66,-0.38
2024-02-19,10327.2,2.46
2024-02-20,10421.41,0.91
2024-02-21,10467.65,0.44
2024-02-22,10621.8,1.47
2024-02-23,10618.29,-0.03
2024-02-26,10366.39,-2.37
2024-02-27,10425.79,0.57
2024-02-28,10333.97,-0.88
2024-02-29,10434.74,0.97
2024-03-01,10435.16,0.0
2024-03-04,10491.73,0.54
2024-03-05,10567.44,0.72
2024-03-06,10565.15,-0.02
2024-03-07,10607.42,0.4
2024-03-08,10674.12,0.63
2024-03-11,10601.67,-0.68
2024-03-12,10337.87,-2.49
2024-03-13,10307.16,-0.3
2024-03-14,10340.42,0.32
2024-03-15,10369.81,0.28
2024-03-18,10366.13,-0.03
2024-03-19,10320.44,-0.44
2024-03-20,10383.42,0.61
2024-03-21,10428.28,0.43
2024-03-22,10389.1,-0.37
2024-03-25,10408.86,0.19
2024-03-26,10417.88,0.09
2024-03-27,10400.59,-0.16
2024-03-28,10373.75,-0.26
2024-03-29,10526.17,1.47
2024-04-01,10554.08,0.27
2024-04-02,10618.84,0.61
2024-04-03,10709.46,0.85
2024-04-08,10756.88,0.44
2024-04-09,10693.07,-0.59
2024-04-10,10720.3,0.25
2024-04-11,10818.66,0.92
2024-04-12,10806.56,-0.11
2024-04-15,11027.53,2.04
2024-04-16,11017.18,-0.09
2024-04-17,11240.3,2.03
2024-04-18,11288.09,0.43
2024-04-19,11297.77,0.08
2024-04-22,11066.45,-2.05
2024-04-23,10899.26,-1.51
2024-04-24,10875.19,-0.22
2024-04-25,10955.69,0.74
2024-04-26,10829.23,-1.15
2024-04-29,10783.65,-0.42
2024-04-30,10829.76,0.43
2024-05-06,10902.4,0.67
2024-05-07,10914.12,0.11
2024-05-08,10960.58,0.43
2024-05-09,11036.28,0.69
2024-05-10,11097.71,0.56
2024-05-13,11173.93,0.69
2024-05-14,11124.55,-0.44
2024-05-15,11106.59,-0.16
2024-05-16,11117.9,0.1
2024-05-17,11188.67,0.64
2024-05-20,11301.93,1.01
2024-05-21,11332.51,0.27
2024-05-22,11307.78,-0.22
2024-05-23,11192.78,-1.02
2024-05-24,11183.63,-0.08
2024-05-27,11376.35,1.72
2024-05-28,11338.95,-0.33
2024-05-29,11336.88,-0.02
2024-05-30,11239.54,-0.86
2024-05-31,11239.3,0.0
2024-06-03,11138.83,-0.89
2024-06-04,11164.93,0.23
2024-06-05,11009.06,-1.4
2024-06-06,11027.94,0.17
2024-06-07,11110.08,0.74
2024-06-11,10903.0,-1.86
2024-06-12,11025.91,1.13
2024-06-13,10899.07,-1.15
2024-06-14,10874.72,-0.22
2024-06-17,10760.39,-1.05
2024-06-18,10797.01,0.34
2024-06-19,10800.65,0.03
2024-06-20,10798.77,-0.02
2024-06-21,10771.26,-0.25
2024-06-24,10636.45,-1.25
2024-06-25,10656.02,0.18
2024-06-26,10658.67,0.02
2024-06-27,10646.94,-0.11
2024-06-28,10735.22,0.83
2024-07-01,10941.8,1.92
2024-07-02,10968.49,0.24
2024-07-03,10867.28,-0.92
2024-07-04,10814.38,-0.49
2024-07-05,10728.95,-0.79
2024-07-08,10630.81,-0.91
2024-07-09,10741.13,1.04
2024-07-10,10508.09,-2.17
2024-07-11,10516.36,0.08
2024-07-12,10485.37,-0.29
2024-07-15,10586.14,0.96
2024-07-16,10504.64,-0.77
2024-07-17,10429.15,-0.72
2024-07-18,10473.92,0.43
2024-07-19,10390.98,-0.79
2024-07-22,10295.95,-0.91
2024-07-23,10244.74,-0.5
2024-07-24,10258.7,0.14
2024-07-25,10195.61,-0.62
2024-07-26,10122.65,-0.72
2024-07-29,10171.26,0.48
2024-07-30,10091.35,-0.78
2024-07-31,10181.15,0.89
2024-08-01,10186.51,0.05
2024-08-02,10175.99,-0.1
2024-08-05,10059.62,-1.14
2024-08-06,10018.47,-0.41
2024-08-07,10063.4,0.45
2024-08-08,10074.05,0.1
2024-08-09,10077.88,0.04
2024-08-12,10110.67,0.32
2024-08-13,10147.37,0.36
2024-08-14,10126.16,-0.21
2024-08-15,10228.77,1.01
2024-08-16,10259.62,0.3
2024-08-19,10408.48,1.45
2024-08-20,10306.84,-0.98
2024-08-21,10229.0,-0.76
2024-08-22,10258.59,0.29
2024-08-23,10241.69,-0.16
2024-08-26,10244.66,0.03
2024-08-27,10304.38,0.58
2024-08-28,10240.16,-0.62
2024-08-29,10025.0,-2.1
2024-08-30,9965.65,-0.59
2024-09-02,10018.64,0.53
2024-09-03,9898.57,-1.2
2024-09-04,9865.72,-0.33
2024-09-05,9841.84,-0.24
2024-09-06,9778.56,-0.64
2024-09-09,9613.57,-1.69
2024-09-10,9627.93,0.15
2024-09-11,9389.15,-2.48
2024-09-12,9436.21,0.5
2024-09-13,9402.76,-0.35
2024-09-18,9533.34,1.39
2024-09-19,9543.24,0.1
2024-09-20,9525.61,-0.18
2024-09-23,9640.1,1.2
2024-09-24,10065.91,4.42
2024-09-25,10224.61,1.58
2024-09-26,10532.42,3.01
2024-09-27,10555.08,0.22
2024-09-30,11171.0,5.83
2024-10-08,11308.29,1.23
2024-10-09,10499.82,-7.15
2024-10-10,10931.03,4.11
2024-10-11,10714.18,-1.98
2024-10-14,11051.07,3.14
2024-10-15,10812.4,-2.16
2024-10-16,10998.02,1.72
2024-10-17,10854.92,-1.3
2024-10-18,10918.91,0.59
2024-10-21,10843.71,-0.69
2024-10-22,10897.2,0.49
2024-10-23,10881.24,-0.15
2024-10-24,10825.92,-0.51
2024-10-25,10788.78,-0.34
2024-10-28,10826.77,0.35
2024-10-29,10673.03,-1.42
2024-10-30,10593.39,-0.75
2024-10-31,10575.96,-0.16
2024-11-01,10674.34,0.93
2024-11-04,10777.96,0.97
2024-11-05,10909.21,1.22
2024-11-06,10876.72,-0.3
2024-11-07,11055.6,1.64
2024-11-08,10899.12,-1.41
2024-11-11,10814.38,-0.78
2024-11-12,10719.16,-0.88
2024-11-13,10774.87,0.52
2024-11-14,10699.46,-0.7
2024-11-15,10675.3,-0.22
2024-11-18,10849.51,1.63
2024-11-19,10875.06,0.24
2024-11-20,10895.73,0.19
2024-11-21,10867.64,-0.26
2024-11-22,10594.0,-2.52
2024-11-25,10613.13,0.18
2024-11-26,10641.61,0.27
2024-11-27,10771.44,1.22
2024-11-28,10732.88,-0.36
2024-11-29,10762.82,0.28
2024-12-02,10775.88,0.12
2024-12-03,10909.21,1.24
2024-12-04,10937.81,0.26
2024-12-05,10932.16,-0.05
2024-12-06,11066.5,1.23
2024-12-09,11104.62,0.34
2024-12-10,11109.63,0.04
2024-12-11,11113.44,0.03
2024-12-12,11144.92,0.28
2024-12-13,10939.02,-1.85
2024-12-16,11108.82,1.55
2024-12-17,11099.03,-0.09
2024-12-18,11184.37,0.77
2024-12-19,11066.14,-1.06
2024-12-20,10984.38,-0.74
2024-12-23,11018.6,0.31
2024-12-24,11135.63,1.06
2024-12-25,11209.5,0.66
2024-12-26,11162.13,-0.42
2024-12-27,11187.83,0.23
2024-12-30,11278.05,0.81
2024-12-31,11190.82,-0.77
2025-01-02,10947.1,-2.18
2025-01-03,10824.55,-1.12
2025-01-06,10850.64,0.24
2025-01-07,10870.23,0.18
2025-01-08,10910.47,0.37
2025-01-09,10775.19,-1.24
2025-01-10,10646.89,-1.19
2025-01-13,10543.62,-0.97
2025-01-14,10695.28,1.44
2025-01-15,10711.94,0.15
2025-01-16,10808.31,0.9
2025-01-17,10791.59,-0.15
2025-01-20,10774.98,-0.15
2025-01-21,10699.56,-0.7
2025-01-22,10538.75,-1.5
2025-01-23,10692.47,1.46
2025-01-24,10721.22,0.27
2025-01-27,10875.65,1.44
2025-02-05,10681.47,-1.79
2025-02-06,10686.25,0.04
2025-02-07,10698.43,0.11
2025-02-10,10687.12,-0.1
2025-02-11,10801.09,1.07
2025-02-12,10832.69,0.29
2025-02-13,10845.19,0.11
2025-02-14,10856.46,0.1
2025-02-17,10845.1,-0.1
2025-02-18,10844.39,-0.01
2025-02-19,10844.34,0.0
2025-02-20,10825.1,-0.18
2025-02-21,10722.64,-0.95
2025-02-24,10714.96,-0.07
2025-02-25,10620.42,-0.88
2025-02-26,10698.59,0.74
2025-02-27,10791.61,0.87
2025-02-28,10739.33,-0.48
2025-03-03,10749.19,0.09
2025-03-04,10747.38,-0.02
2025-03-05,10840.2,0.86
2025-03-06,10786.68,-0.49
2025-03-07,10769.55,-0.16
2025-03-10,10717.19,-0.49
2025-03-11,10788.29,0.66
2025-03-12,10772.93,-0.14
2025-03-13,10828.0,0.51
2025-03-14,10919.86,0.85
2025-03-17,10954.09,0.31
2025-03-18,10943.09,-0.1
2025-03-19,11013.65,0.64
2025-03-20,10965.66,-0.43
2025-03-21,10931.57,-0.31
2025-03-24,11004.47,0.67
2025-03-25,11079.94,0.69
2025-03-26,11044.66,-0.32
2025-03-27,11068.44,0.22
2025-03-28,11033.2,-0.32
2025-03-31,11039.76,0.06
2025-04-01,11066.43,0.24
2025-04-02,11148.44,0.74
2025-04-03,11173.51,0.22
2025-04-07,10575.66,-5.35
2025-04-08,10805.73,2.17
2025-04-09,10777.01,-0.27
2025-04-10,10838.95,0.57
2025-04-11,10787.04,-0.48
2025-04-14,10874.59,0.81
2025-04-15,10997.39,1.13
2025-04-16,11092.54,0.86
2025-04-17,11105.36,0.11
2025-04-18,11126.96,0.19
2025-04-21,11055.19,-0.65
2025-04-22,11118.11,0.57
2025-04-23,11065.89,-0.47
2025-04-24,11180.83,1.04
2025-04-25,11160.12,-0.19
2025-04-28,11215.77,0.5
2025-04-29,11183.8,-0.28
2025-04-30,10971.48,-1.9
2025-05-06,10989.8,0.17
2025-05-07,11086.35,0.88
2025-05-08,11144.87,0.53
2025-05-09,11220.36,0.68
2025-05-12,11225.68,0.05
2025-05-13,11341.65,1.03
2025-05-14,11408.46,0.59
2025-05-15,11361.25,-0.41
2025-05-16,11291.27,-0.62
2025-05-19,11315.27,0.21
2025-05-20,11355.59,0.36
2025-05-21,11419.05,0.56
2025-05-22,11471.24,0.46
2025-05-23,11381.44,-0.78
2025-05-26,11338.12,-0.38
2025-05-27,11347.43,0.08
2025-05-28,11402.55,0.49
2025-05-29,11381.56,-0.18
2025-05-30,11420.31,0.34
2025-06-03,11539.2,1.04
2025-06-04,11585.37,0.4
2025-06-05,11493.13,-0.8
2025-06-06,11503.01,0.08
2025-06-09,11508.6,0.05
2025-06-10,11522.1,0.12
2025-06-11,11533.35,0.1
2025-06-12,11570.57,0.32
2025-06-13,11457.89,-0.97
2025-06-16,11522.91,0.57
2025-06-17,11496.22,-0.23
2025-06-18,11563.5,0.59
2025-06-19,11532.38,-0.27
2025-06-20,11574.36,0.36
2025-06-23,11639.58,0.56
2025-06-24,11668.01,0.24
2025-06-25,11737.65,0.6
2025-06-26,11767.43,0.25
2025-06-27,11578.34,-1.61
2025-06-30,11544.86,-0.29
2025-07-01,11664.28,1.03
2025-07-02,11690.35,0.22
2025-07-03,11692.72,0.02
2025-07-04,11803.5,0.95
2025-07-07,11863.71,0.51
2025-07-08,11838.53,-0.21
2025-07-09,11902.55,0.54
2025-07-10,11946.95,0.37
2025-07-11,11808.71,-1.16
2025-07-14,11884.86,0.64
2025-07-15,11775.08,-0.92
2025-07-16,11731.93,-0.37
2025-07-17,11697.79,-0.29
2025-07-18,11756.51,0.5
2025-07-21,11758.42,0.02
2025-07-22,11781.17,0.19
2025-07-23,11795.91,0.13
2025-07-24,11703.87,-0.78
2025-07-25,11625.29,-0.67
2025-07-28,11569.65,-0.48
2025-07-29,11501.6,-0.59
2025-07-30,11543.98,0.37
2025-07-31,11400.2,-1.24
2025-08-01,11397.97,-0.02
2025-08-04,11466.9,0.6
2025-08-05,11603.09,1.19
2025-08-06,11618.83,0.14
2025-08-07,11656.17,0.32
2025-08-08,11675.79,0.17
2025-08-11,11600.86,-0.64
2025-08-12,11641.71,0.35
2025-08-13,11573.6,-0.59
2025-08-14,11568.04,-0.05
2025-08-15,11530.92,-0.32
2025-08-18,11562.45,0.27
2025-08-19,11569.32,0.06
2025-08-20,11662.64,0.81
2025-08-21,11721.45,0.5
2025-08-22,11681.7,-0.34
2025-08-25,11788.35,0.91
2025-08-26,11759.82,-0.24
2025-08-27,11548.44,-1.8
2025-08-28,11570.38,0.19
2025-08-29,11516.87,-0.46
2025-09-01,11497.62,-0.17
2025-09-02,11593.73,0.83
2025-09-03,11464.96,-1.11
2025-09-04,11494.93,0.26
2025-09-05,11442.96,-0.45
2025-09-08,11456.98,0.12
2025-09-09,11505.07,0.42
2025-09-10,11484.59,-0.18
2025-09-11,11517.31,0.28
2025-09-12,11430.28,-0.76
2025-09-15,11342.12,-0.77
2025-09-16,11294.34,-0.42
2025-09-17,11328.98,0.31
2025-09-18,11104.34,-1.98
2025-09-19,11173.04,0.62
2025-09-22,11090.31,-0.74
2025-09-23,11165.43,0.68
2025-09-24,11155.5,-0.09
2025-09-25,11064.03,-0.82
2025-09-26,11057.02,-0.06
2025-09-29,11051.18,-0.05
2025-09-30,10967.06,-0.76
2025-10-09,10992.49,0.23
2025-10-10,11074.12,0.74
2025-10-13,11142.0,0.61
2025-10-14,11339.4,1.77
2025-10-15,11398.22,0.52
2025-10-16,11455.07,0.5
2025-10-17,11412.03,-0.37
2025-10-20,11419.24,0.06
2025-10-21,11459.72,0.35
2025-10-22,11530.87,0.62
2025-10-23,11591.33,0.52
2025-10-24,11514.38,-0.66
2025-10-27,11520.77,0.06
2025-10-28,11503.14,-0.15
2025-10-29,11411.03,-0.8
2025-10-30,11421.11,0.09
2025-10-31,11415.44,-0.05
2025-11-03,11567.42,1.33
2025-11-04,11688.88,1.05
2025-11-05,11692.4,0.03
2025-11-06,11695.07,0.02
2025-11-07,11696.68,0.01
2025-11-10,11802.59,0.91
2025-11-11,11830.57,0.24
2025-11-12,11919.99,0.76
2025-11-13,11908.58,-0.09
2025-11-14,11868.59,-0.34
2025-11-17,11771.06,-0.82
2025-11-18,11684.99,-0.73
2025-11-19,11704.44,0.17
2025-11-20,11750.23,0.39
2025-11-21,11592.02,-1.35
2025-11-24,11521.24,-0.61
2025-11-25,11592.02,0.61
2025-11-26,11520.94,-0.61
2025-11-27,11541.7,0.18
2025-11-28,11525.32,-0.14
2025-12-01,11617.14,0.8
2025-12-02,11606.63,-0.09
2025-12-03,11547.9,-0.5
2025-12-04,11491.85,-0.49
2025-12-05,11425.6,-0.58
2025-12-08,11398.9,-0.23
2025-12-09,11320.32,-0.69
2025-12-10,11260.78,-0.53
2025-12-11,11202.41,-0.52
2025-12-12,11206.51,0.04
2025-12-15,11236.04,0.26
2025-12-16,11185.87,-0.45
2025-12-17,11197.32,0.1
2025-12-18,11307.28,0.98
2025-12-19,11290.71,-0.15
2025-12-22,11223.6,-0.59
2025-12-23,11244.53,0.19
2025-12-24,11255.45,0.1
2025-12-25,11268.02,0.11
2025-12-26,11248.56,-0.17
2025-12-29,11251.68,0.03
2025-12-30,11238.48,-0.12
2025-12-31,11240.0,0.01
2026-01-05,11235.18,-0.04
2026-01-06,11248.35,0.12
2026-01-07,11188.37,-0.53
2026-01-08,11119.0,-0.62
2026-01-09,11125.01,0.05
2026-01-12,11141.69,0.15
2026-01-13,11169.91,0.25
2026-01-14,11051.67,-1.06
2026-01-15,11026.26,-0.23
2026-01-16,10930.35,-0.87
2026-01-19,10949.26,0.17
2026-01-20,11110.63,1.47
2026-01-21,11019.9,-0.82
2026-01-22,11039.97,0.18
2026-01-23,10994.32,-0.41
2026-01-26,11051.79,0.52
2026-01-27,10991.55,-0.54
2026-01-28,11016.89,0.23
2026-01-29,11176.26,1.45
2026-01-30,11168.2,-0.07
2026-02-02,11026.07,-1.27
2026-02-03,11006.12,-0.18
2026-02-04,11172.66,1.51
2026-02-05,11299.01,1.13
2026-02-06,11262.01,-0.33
2026-02-09,11314.06,0.46
2026-02-10,11342.3,0.25
2026-02-11,11369.4,0.24
2026-02-12,11264.2,-0.92
2026-02-13,11144.77,-1.06
2026-02-24,11216.71,0.65
2026-02-25,11199.59,-0.15
2026-02-26,11177.51,-0.2
2026-02-27,11212.0,0.31
2026-03-02,11321.9,0.98
2026-03-03,11424.71,0.91
2026-03-04,11280.99,-1.26
2026-03-05,11309.9,0.26
2026-03-06,11367.82,0.51
2026-03-09,11373.38,0.05
2026-03-10,11340.58,-0.29
2026-03-11,11464.33,1.09
2026-03-12,11526.56,0.54
2026-03-13,11550.16,0.2
2026-03-16,11547.4,-0.02
2026-03-17,11574.01,0.23
2026-03-18,11531.92,-0.36
2026-03-19,11486.4,-0.39
2026-03-20,11449.53,-0.32
2026-03-23,11054.69,-3.45
2026-03-24,11278.01,2.02
2026-03-25,11359.02,0.72
2026-03-26,11351.96,-0.06
2026-03-27,11310.67,-0.36
2026-03-30,11419.98,0.97
2026-03-31,11457.5,0.33
2026-04-01,11466.04,0.07
2026-04-02,11515.64,0.43
2026-04-03,11353.92,-1.4
2026-04-07,11292.39,-0.54
2026-04-08,11400.67,0.96
2026-04-09,11316.19,-0.74
2026-04-10,11307.48,-0.08
2026-04-13,11270.82,-0.32
2026-04-14,11319.76,0.43
2026-04-15,11389.02,0.61
2026-04-16,11387.27,-0.01
2026-04-17,11361.19,-0.23
2026-04-20,11403.83,0.37
2026-04-21,11465.96,0.54
2026-04-22,11418.65,-0.41
2026-04-23,11488.49,0.61
2026-04-24,11471.56,-0.15
2026-04-27,11356.2,-1.0
2026-04-28,11395.88,0.35
2026-04-29,11430.24,0.3
2026-04-30,11322.69,-0.94
2026-05-06,11266.7,-0.49
2026-05-07,11227.97,-0.34
2026-05-08,11222.04,-0.05
2026-05-11,11221.83,0.0
2026-05-12,11214.5,-0.06
2026-05-13,11215.12,0.01
2026-05-14,11191.46,-0.21
2026-05-15,11115.82,-0.67
2026-05-18,11049.04,-0.6
2026-05-19,11121.79,0.66
2026-05-20,11083.39,-0.34
2026-05-21,11012.51,-0.64
2026-05-22,10975.57,-0.34
2026-05-25,10959.36,-0.15
2026-05-26,10989.33,0.27
2026-05-27,10916.54,-0.66
2026-05-28,10866.06,-0.46
2026-05-29,11082.68,1.99
2026-06-01,11242.83,1.44
2026-06-02,11224.92,-0.16
2026-06-03,11127.84,-0.86
2026-06-04,10988.64,-1.25
2026-06-05,11017.46,0.26
2026-06-08,11047.11,0.27
2026-06-09,11050.57,0.03
2026-06-10,11109.22,0.53
2026-06-11,11017.03,-0.83
2026-06-12,11116.82,0.91
2026-06-15,11001.34,-1.04
2026-06-16,10832.88,-1.53
2026-06-17,10770.46,-0.58
2026-06-18,10492.7,-2.58
2026-06-22,10501.47,0.08
2026-06-23,10557.26,0.53
2026-06-24,10347.77,-1.98
2026-06-25,10226.59,-1.17
2026-06-26,10152.09,-0.73
2026-06-29,10204.61,0.52
2026-06-30,9991.03,-2.09
2026-07-01,10095.06,1.04
2026-07-02,10173.16,0.77
2026-07-03,10195.28,0.22
2026-07-06,10406.95,2.08
2026-07-07,10339.75,-0.65
2026-07-08,10449.33,1.06
2026-07-09,10326.57,-1.17
2026-07-10,10327.58,0.01
2026-07-13,10483.35,1.51
2026-07-14,10574.97,0.87
2026-07-15,10709.77,1.27
2026-07-16,10607.56,-0.95
2026-07-17,10633.94,0.25
2026-07-20,10913.01,2.62
2026-07-21,10769.53,-1.31
2026-07-22,10824.3,0.51
2026-07-23,10872.34,0.44
2026-07-24,10775.41,-0.89
2026-07-27,10818.93,0.4
2026-07-28,10899.73,0.75
2026-07-29,11000.28,0.92
2026-07-30,11171.66,1.56
2026-07-31,11125.28,-0.42
2026-08-03,11140.27,0.13
