date,close,pct
2004-01-01,989.98,-1.0
2005-01-04,989.98,-1.0
2005-01-05,1013.58,2.38
2005-01-06,1005.47,-0.8
2005-01-07,1011.74,0.62
2005-01-10,1023.64,1.18
2005-01-11,1027.16,0.34
2005-01-12,1024.92,-0.22
2005-01-13,1029.3,0.43
2005-01-14,1011.88,-1.69
2005-01-17,986.66,-2.49
2005-01-18,1008.11,2.17
2005-01-19,1002.46,-0.56
2005-01-20,989.44,-1.3
2005-01-21,1006.25,1.7
2005-01-24,1028.01,2.16
2005-01-25,1015.1,-1.26
2005-01-26,1006.84,-0.81
2005-01-27,989.41,-1.73
2005-01-28,963.01,-2.67
2005-01-31,924.17,-4.03
2005-02-01,905.8,-1.99
2005-02-02,958.39,5.81
2005-02-03,936.86,-2.25
2005-02-04,952.39,1.66
2005-02-16,966.39,1.47
2005-02-17,973.81,0.77
2005-02-18,964.01,-1.01
2005-02-21,983.61,2.03
2005-02-22,1015.66,3.26
2005-02-23,1032.9,1.7
2005-02-24,1035.35,0.24
2005-02-25,1032.41,-0.28
2005-02-28,1029.38,-0.29
2005-03-01,1030.82,0.14
2005-03-02,1014.53,-1.58
2005-03-03,1020.25,0.56
2005-03-04,1011.36,-0.87
2005-03-07,1013.59,0.22
2005-03-08,1037.03,2.31
2005-03-09,1042.18,0.5
2005-03-10,1011.79,-2.92
2005-03-11,1017.45,0.56
2005-03-14,1005.99,-1.13
2005-03-15,993.48,-1.24
2005-03-16,982.84,-1.07
2005-03-17,967.59,-1.55
2005-03-18,946.71,-2.16
2005-03-21,950.79,0.43
2005-03-22,915.94,-3.67
2005-03-23,915.97,0.0
2005-03-24,928.54,1.37
2005-03-25,923.2,-0.58
2005-03-28,911.35,-1.28
2005-03-29,904.82,-0.72
2005-03-30,869.58,-3.9
2005-03-31,880.9,1.3
2005-04-01,913.85,3.74
2005-04-04,896.29,-1.92
2005-04-05,886.2,-1.13
2005-04-06,898.88,1.43
2005-04-07,913.66,1.65
2005-04-08,931.38,1.94
2005-04-11,931.97,0.06
2005-04-12,905.87,-2.8
2005-04-13,929.11,2.57
2005-04-14,916.35,-1.37
2005-04-15,887.93,-3.1
2005-04-18,868.33,-2.21
2005-04-19,867.23,-0.13
2005-04-20,844.93,-2.57
2005-04-21,826.05,-2.23
2005-04-22,806.65,-2.35
2005-04-25,789.54,-2.12
2005-04-26,806.94,2.21
2005-04-27,790.24,-2.07
2005-04-28,813.63,2.96
2005-04-29,802.28,-1.4
2005-05-09,771.08,-3.89
2005-05-10,773.2,0.27
2005-05-11,772.08,-0.15
2005-05-12,769.02,-0.4
2005-05-13,779.49,1.36
2005-05-16,776.54,-0.38
2005-05-17,785.44,1.15
2005-05-18,794.57,1.16
2005-05-19,794.49,-0.01
2005-05-20,787.9,-0.83
2005-05-23,758.68,-3.71
2005-05-24,777.77,2.52
2005-05-25,781.99,0.54
2005-05-26,772.87,-1.17
2005-05-27,767.27,-0.72
2005-05-30,776.41,1.19
2005-05-31,775.74,-0.09
2005-06-01,760.51,-1.96
2005-06-02,756.82,-0.48
2005-06-03,756.91,0.01
2005-06-06,766.73,1.3
2005-06-07,767.91,0.15
2005-06-08,826.23,7.6
2005-06-09,836.83,1.28
2005-06-10,820.0,-2.01
2005-06-13,825.87,0.72
2005-06-14,807.36,-2.24
2005-06-15,788.29,-2.36
2005-06-16,797.43,1.16
2005-06-17,790.55,-0.86
2005-06-20,813.12,2.86
2005-06-21,806.02,-0.87
2005-06-22,810.03,0.5
2005-06-23,796.05,-1.73
2005-06-24,799.7,0.46
2005-06-27,822.88,2.9
2005-06-28,807.64,-1.85
2005-06-29,805.1,-0.32
2005-06-30,781.83,-2.89
2005-07-01,743.12,-4.95
2005-07-04,734.95,-1.1
2005-07-05,729.36,-0.76
2005-07-06,727.06,-0.32
2005-07-07,732.05,0.69
2005-07-08,706.74,-3.46
2005-07-11,694.83,-1.69
2005-07-12,720.57,3.7
2005-07-13,711.95,-1.2
2005-07-14,711.58,-0.05
2005-07-15,690.49,-2.96
2005-07-18,669.03,-3.11
2005-07-19,677.02,1.2
2005-07-20,682.12,0.75
2005-07-21,679.02,-0.46
2005-07-22,694.29,2.25
2005-07-25,692.39,-0.28
2005-07-26,709.1,2.41
2005-07-27,724.05,2.11
2005-07-28,725.81,0.24
2005-07-29,722.87,-0.4
2005-08-01,729.9,0.97
2005-08-02,744.01,1.93
2005-08-03,751.89,1.06
2005-08-04,747.57,-0.58
2005-08-05,772.15,3.29
2005-08-08,783.73,1.5
2005-08-09,799.41,2.0
2005-08-10,809.46,1.26
2005-08-11,817.62,1.01
2005-08-12,803.44,-1.73
2005-08-15,830.34,3.35
2005-08-16,833.49,0.38
2005-08-17,857.66,2.9
2005-08-18,826.42,-3.64
2005-08-19,827.46,0.13
2005-08-22,836.52,1.09
2005-08-23,819.17,-2.07
2005-08-24,831.0,1.44
2005-08-25,843.88,1.55
2005-08-26,848.02,0.49
2005-08-29,842.15,-0.69
2005-08-30,832.52,-1.14
2005-08-31,850.73,2.19
2005-09-01,870.71,2.35
2005-09-02,880.86,1.17
2005-09-05,891.16,1.17
2005-09-06,864.93,-2.94
2005-09-07,893.58,3.31
2005-09-08,897.37,0.42
2005-09-09,888.0,-1.05
2005-09-12,894.16,0.69
2005-09-13,915.5,2.39
2005-09-14,927.82,1.35
2005-09-15,929.95,0.23
2005-09-16,930.41,0.05
2005-09-19,947.9,1.88
2005-09-20,947.28,-0.07
2005-09-21,933.81,-1.42
2005-09-22,892.08,-4.47
2005-09-23,874.67,-1.95
2005-09-26,884.29,1.1
2005-09-27,859.63,-2.79
2005-09-28,857.46,-0.25
2005-09-29,876.57,2.23
2005-09-30,870.96,-0.64
2005-10-10,859.08,-1.36
2005-10-11,879.88,2.42
2005-10-12,889.6,1.1
2005-10-13,886.08,-0.4
2005-10-14,876.26,-1.11
2005-10-17,879.27,0.34
2005-10-18,897.45,2.07
2005-10-19,891.35,-0.68
2005-10-20,891.06,-0.03
2005-10-21,897.64,0.74
2005-10-24,897.36,-0.03
2005-10-25,876.64,-2.31
2005-10-26,853.18,-2.68
2005-10-27,837.34,-1.86
2005-10-28,806.56,-3.68
2005-10-31,812.45,0.73
2005-11-01,804.35,-1.0
2005-11-02,826.51,2.76
2005-11-03,818.95,-0.92
2005-11-04,826.77,0.95
2005-11-07,837.67,1.32
2005-11-08,846.56,1.06
2005-11-09,842.77,-0.45
2005-11-10,816.01,-3.18
2005-11-11,822.67,0.82
2005-11-14,827.48,0.58
2005-11-15,821.06,-0.78
2005-11-16,827.59,0.8
2005-11-17,828.65,0.13
2005-11-18,848.78,2.43
2005-11-21,855.43,0.78
2005-11-22,833.59,-2.55
2005-11-23,841.31,0.93
2005-11-24,845.48,0.5
2005-11-25,847.34,0.22
2005-11-28,846.43,-0.11
2005-11-29,835.31,-1.31
2005-11-30,839.24,0.47
2005-12-01,835.39,-0.46
2005-12-02,821.72,-1.64
2005-12-05,794.32,-3.33
2005-12-06,796.99,0.34
2005-12-07,805.53,1.07
2005-12-08,802.54,-0.37
2005-12-09,816.96,1.8
2005-12-12,823.32,0.78
2005-12-13,822.53,-0.1
2005-12-14,831.8,1.13
2005-12-15,824.61,-0.86
2005-12-16,831.96,0.89
2005-12-19,834.02,0.25
2005-12-20,835.01,0.12
2005-12-21,823.37,-1.39
2005-12-22,826.91,0.43
2005-12-23,834.72,0.94
2005-12-26,841.21,0.78
2005-12-27,841.93,0.09
2005-12-28,844.07,0.26
2005-12-29,852.39,0.99
2005-12-30,842.74,-1.13
2006-01-04,852.53,1.16
2006-01-05,865.7,1.55
2006-01-06,872.82,0.82
2006-01-09,886.66,1.59
2006-01-10,889.15,0.28
2006-01-11,880.91,-0.93
2006-01-12,899.81,2.15
2006-01-13,904.61,0.53
2006-01-16,892.8,-1.31
2006-01-17,891.54,-0.14
2006-01-18,908.86,1.94
2006-01-19,914.31,0.6
2006-01-20,908.66,-0.62
2006-01-23,909.73,0.12
2006-01-24,903.84,-0.65
2006-01-25,887.72,-1.78
2006-02-06,909.47,2.45
2006-02-07,915.25,0.64
2006-02-08,924.71,1.03
2006-02-09,914.4,-1.12
2006-02-10,925.09,1.17
2006-02-13,926.47,0.15
2006-02-14,934.09,0.82
2006-02-15,935.77,0.18
2006-02-16,914.0,-2.33
2006-02-17,907.71,-0.69
2006-02-20,899.59,-0.89
2006-02-21,918.34,2.08
2006-02-22,919.56,0.13
2006-02-23,920.87,0.14
2006-02-24,926.62,0.62
2006-02-27,926.48,-0.02
2006-02-28,929.38,0.31
2006-03-01,936.7,0.79
2006-03-02,917.95,-2.0
2006-03-03,918.01,0.01
2006-03-06,915.66,-0.26
2006-03-07,889.0,-2.91
2006-03-08,889.97,0.11
2006-03-09,884.03,-0.67
2006-03-10,885.41,0.16
2006-03-13,892.68,0.82
2006-03-14,895.8,0.35
2006-03-15,902.74,0.78
2006-03-16,903.93,0.13
2006-03-17,899.39,-0.5
2006-03-20,908.36,1.0
2006-03-21,911.14,0.31
2006-03-22,920.3,1.01
2006-03-23,931.18,1.18
2006-03-24,921.31,-1.06
2006-03-27,931.03,1.06
2006-03-28,933.3,0.24
2006-03-29,931.04,-0.24
2006-03-30,923.95,-0.76
2006-03-31,923.19,-0.08
2006-04-03,936.34,1.43
2006-04-04,947.25,1.16
2006-04-05,955.0,0.82
2006-04-06,952.32,-0.28
2006-04-07,961.44,0.96
2006-04-10,980.27,1.96
2006-04-11,982.14,0.19
2006-04-12,986.35,0.43
2006-04-13,960.33,-2.64
2006-04-14,977.09,1.75
2006-04-17,988.19,1.14
2006-04-18,986.35,-0.19
2006-04-19,982.99,-0.34
2006-04-20,970.81,-1.24
2006-04-21,972.54,0.18
2006-04-24,950.93,-2.22
2006-04-25,945.52,-0.57
2006-04-26,956.2,1.13
2006-04-27,957.59,0.15
2006-04-28,965.29,0.8
2006-05-08,993.2,2.89
2006-05-09,1022.82,2.98
2006-05-10,1037.93,1.48
2006-05-11,1033.48,-0.43
2006-05-12,1066.17,3.16
2006-05-15,1108.9,4.01
2006-05-16,1080.74,-2.54
2006-05-17,1101.69,1.94
2006-05-18,1121.48,1.8
2006-05-19,1153.64,2.87
2006-05-22,1183.7,2.61
2006-05-23,1138.82,-3.79
2006-05-24,1119.44,-1.7
2006-05-25,1140.35,1.87
2006-05-26,1170.28,2.62
2006-05-29,1198.81,2.44
2006-05-30,1218.73,1.66
2006-05-31,1224.03,0.43
2006-06-01,1278.24,4.43
2006-06-02,1287.82,0.75
2006-06-05,1323.45,2.77
2006-06-06,1322.52,-0.07
2006-06-07,1244.92,-5.87
2006-06-08,1242.22,-0.22
2006-06-09,1214.09,-2.27
2006-06-12,1211.76,-0.19
2006-06-13,1220.09,0.69
2006-06-14,1218.23,-0.15
2006-06-15,1227.78,0.78
2006-06-16,1254.81,2.2
2006-06-19,1268.85,1.12
2006-06-20,1285.23,1.29
2006-06-21,1278.46,-0.53
2006-06-22,1280.87,0.19
2006-06-23,1297.75,1.32
2006-06-26,1319.45,1.67
2006-06-27,1325.17,0.43
2006-06-28,1326.39,0.09
2006-06-29,1349.11,1.71
2006-06-30,1336.66,-0.92
2006-07-03,1356.29,1.47
2006-07-04,1348.17,-0.6
2006-07-05,1345.33,-0.21
2006-07-06,1382.23,2.74
2006-07-07,1383.65,0.1
2006-07-10,1405.09,1.55
2006-07-11,1417.3,0.87
2006-07-12,1415.93,-0.1
2006-07-13,1314.4,-7.17
2006-07-14,1325.64,0.86
2006-07-17,1351.16,1.93
2006-07-18,1362.29,0.82
2006-07-19,1337.53,-1.82
2006-07-20,1350.85,1.0
2006-07-21,1352.62,0.13
2006-07-24,1350.75,-0.14
2006-07-25,1369.89,1.42
2006-07-26,1383.19,0.97
2006-07-27,1375.14,-0.58
2006-07-28,1366.58,-0.62
2006-07-31,1309.66,-4.17
2006-08-01,1286.35,-1.78
2006-08-02,1273.41,-1.01
2006-08-03,1269.58,-0.3
2006-08-04,1221.2,-3.81
2006-08-07,1185.39,-2.93
2006-08-08,1226.9,3.5
2006-08-09,1234.1,0.59
2006-08-10,1253.95,1.61
2006-08-11,1261.15,0.57
2006-08-14,1219.08,-3.34
2006-08-15,1243.47,2.0
2006-08-16,1262.19,1.51
2006-08-17,1255.46,-0.53
2006-08-18,1246.44,-0.72
2006-08-21,1258.16,0.94
2006-08-22,1271.19,1.04
2006-08-23,1268.33,-0.23
2006-08-24,1286.41,1.43
2006-08-25,1286.58,0.01
2006-08-28,1316.24,2.31
2006-08-29,1315.66,-0.04
2006-08-30,1329.2,1.03
2006-08-31,1336.31,0.54
2006-09-01,1310.68,-1.92
2006-09-04,1343.19,2.48
2006-09-05,1344.89,0.13
2006-09-06,1355.48,0.79
2006-09-07,1334.17,-1.57
2006-09-08,1337.72,0.27
2006-09-11,1348.99,0.84
2006-09-12,1356.04,0.52
2006-09-13,1339.07,-1.25
2006-09-14,1341.53,0.18
2006-09-15,1354.52,0.97
2006-09-18,1375.47,1.55
2006-09-19,1378.55,0.22
2006-09-20,1385.26,0.49
2006-09-21,1390.2,0.36
2006-09-22,1376.9,-0.96
2006-09-25,1381.1,0.31
2006-09-26,1381.72,0.05
2006-09-27,1391.08,0.68
2006-09-28,1399.31,0.59
2006-09-29,1411.51,0.87
2006-10-09,1433.79,1.58
2006-10-10,1439.84,0.42
2006-10-11,1446.87,0.49
2006-10-12,1434.16,-0.88
2006-10-13,1442.02,0.55
2006-10-16,1440.44,-0.11
2006-10-17,1438.82,-0.11
2006-10-18,1453.1,0.99
2006-10-19,1456.88,0.26
2006-10-20,1444.57,-0.85
2006-10-23,1405.31,-2.72
2006-10-24,1438.42,2.36
2006-10-25,1426.44,-0.83
2006-10-26,1411.51,-1.05
2006-10-27,1387.6,-1.69
2006-10-30,1382.04,-0.4
2006-10-31,1396.96,1.08
2006-11-01,1403.52,0.47
2006-11-02,1397.88,-0.4
2006-11-03,1405.0,0.51
2006-11-06,1400.54,-0.32
2006-11-07,1379.31,-1.52
2006-11-08,1375.24,-0.3
2006-11-09,1392.82,1.28
2006-11-10,1353.48,-2.83
2006-11-13,1306.78,-3.45
2006-11-14,1325.16,1.41
2006-11-15,1342.7,1.32
2006-11-16,1321.5,-1.58
2006-11-17,1333.44,0.9
2006-11-20,1322.59,-0.81
2006-11-21,1330.85,0.63
2006-11-22,1340.4,0.72
2006-11-23,1350.14,0.73
2006-11-24,1362.57,0.92
2006-11-27,1386.25,1.74
2006-11-28,1392.4,0.44
2006-11-29,1402.46,0.72
2006-11-30,1421.48,1.36
2006-12-01,1429.85,0.59
2006-12-04,1450.57,1.45
2006-12-05,1461.38,0.75
2006-12-06,1441.37,-1.37
2006-12-07,1429.17,-0.85
2006-12-08,1380.1,-3.43
2006-12-11,1415.91,2.59
2006-12-12,1420.93,0.35
2006-12-13,1427.68,0.48
2006-12-14,1446.22,1.3
2006-12-15,1460.18,0.97
2006-12-18,1481.21,1.44
2006-12-19,1493.62,0.84
2006-12-20,1525.95,2.17
2006-12-21,1517.89,-0.53
2006-12-22,1507.89,-0.66
2006-12-25,1523.82,1.06
2006-12-26,1507.07,-1.1
2006-12-27,1511.8,0.31
2006-12-28,1472.15,-2.62
2006-12-29,1485.1,0.88
2007-01-04,1480.94,-0.28
2007-01-05,1517.5,2.47
2007-01-08,1571.82,3.58
2007-01-09,1610.2,2.44
2007-01-10,1653.72,2.7
2007-01-11,1669.98,0.98
2007-01-12,1616.33,-3.21
2007-01-15,1683.9,4.18
2007-01-16,1727.79,2.61
2007-01-17,1730.6,0.16
2007-01-18,1776.39,2.65
2007-01-19,1836.65,3.39
2007-01-22,1906.27,3.79
2007-01-23,1921.53,0.8
2007-01-24,1926.33,0.25
2007-01-25,1853.94,-3.76
2007-01-26,1860.58,0.36
2007-01-29,1924.46,3.43
2007-01-30,1910.42,-0.73
2007-01-31,1830.29,-4.19
2007-02-01,1834.24,0.22
2007-02-02,1806.41,-1.52
2007-02-05,1827.62,1.17
2007-02-06,1876.42,2.67
2007-02-07,1900.95,1.31
2007-02-08,1936.74,1.88
2007-02-09,1938.72,0.1
2007-02-12,1979.74,2.12
2007-02-13,2011.05,1.58
2007-02-14,2052.67,2.07
2007-02-15,2112.07,2.89
2007-02-16,2165.07,2.51
2007-02-26,2271.81,4.93
2007-02-27,2097.43,-7.68
2007-02-28,2199.83,4.88
2007-03-01,2172.82,-1.23
2007-03-02,2211.79,1.79
2007-03-05,2225.25,0.61
2007-03-06,2231.35,0.27
2007-03-07,2288.4,2.56
2007-03-08,2344.16,2.44
2007-03-09,2366.49,0.95
2007-03-12,2449.1,3.49
2007-03-13,2481.59,1.33
2007-03-14,2475.98,-0.23
2007-03-15,2531.94,2.26
2007-03-16,2485.45,-1.84
2007-03-19,2538.3,2.13
2007-03-20,2610.54,2.85
2007-03-21,2659.3,1.87
2007-03-22,2677.63,0.69
2007-03-23,2708.89,1.17
2007-03-26,2784.11,2.78
2007-03-27,2835.29,1.84
2007-03-28,2816.99,-0.65
2007-03-29,2702.91,-4.05
2007-03-30,2731.19,1.05
2007-04-02,2796.51,2.39
2007-04-03,2833.0,1.31
2007-04-04,2859.24,0.93
2007-04-05,2920.68,2.15
2007-04-06,2954.23,1.15
2007-04-09,2999.09,1.52
2007-04-10,3033.29,1.14
2007-04-11,3059.64,0.87
2007-04-12,3125.47,2.15
2007-04-13,3147.18,0.7
2007-04-16,3238.2,2.89
2007-04-17,3320.88,2.55
2007-04-18,3410.57,2.7
2007-04-19,3260.65,-4.4
2007-04-20,3420.55,4.9
2007-04-23,3562.61,4.15
2007-04-24,3579.3,0.47
2007-04-25,3583.26,0.11
2007-04-26,3621.14,1.06
2007-04-27,3615.14,-0.17
2007-04-30,3654.97,1.1
2007-05-08,3814.82,4.37
2007-05-09,3864.12,1.29
2007-05-10,3896.25,0.83
2007-05-11,3891.92,-0.11
2007-05-14,3923.15,0.8
2007-05-15,3801.79,-3.09
2007-05-16,3873.75,1.89
2007-05-17,3982.92,2.82
2007-05-18,4032.92,1.26
2007-05-21,4138.97,2.63
2007-05-22,4227.78,2.15
2007-05-23,4347.98,2.84
2007-05-24,4346.68,-0.03
2007-05-25,4384.99,0.88
2007-05-28,4448.76,1.45
2007-05-29,4484.44,0.8
2007-05-30,4151.0,-7.44
2007-05-31,3894.68,-6.18
2007-06-01,3632.9,-6.72
2007-06-04,3359.93,-7.51
2007-06-05,3321.85,-1.13
2007-06-06,3354.83,0.99
2007-06-07,3505.62,4.5
2007-06-08,3578.51,2.08
2007-06-11,3625.51,1.31
2007-06-12,3682.44,1.57
2007-06-13,3838.02,4.23
2007-06-14,3776.99,-1.59
2007-06-15,3763.26,-0.36
2007-06-18,3878.97,3.08
2007-06-19,3958.33,2.05
2007-06-20,3867.76,-2.29
2007-06-21,3821.4,-1.2
2007-06-22,3587.39,-6.12
2007-06-25,3338.37,-6.94
2007-06-26,3383.89,1.36
2007-06-27,3467.48,2.47
2007-06-28,3299.12,-4.86
2007-06-29,3152.37,-4.45
2007-07-02,3223.95,2.27
2007-07-03,3271.84,1.49
2007-07-04,3176.33,-2.92
2007-07-05,2962.84,-6.72
2007-07-06,3147.56,6.24
2007-07-09,3244.46,3.08
2007-07-10,3165.1,-2.45
2007-07-11,3195.87,0.97
2007-07-12,3229.94,1.07
2007-07-13,3223.99,-0.18
2007-07-16,3104.85,-3.7
2007-07-17,3156.06,1.65
2007-07-18,3149.73,-0.2
2007-07-19,3173.07,0.74
2007-07-20,3281.92,3.43
2007-07-23,3467.96,5.67
2007-07-24,3512.93,1.3
2007-07-25,3642.35,3.68
2007-07-26,3731.4,2.45
2007-07-27,3840.43,2.92
2007-07-30,3936.79,2.51
2007-07-31,4005.34,1.74
2007-08-01,3784.02,-5.53
2007-08-02,3932.08,3.91
2007-08-03,3968.66,0.93
2007-08-06,4037.02,1.72
2007-08-07,4041.94,0.12
2007-08-08,3970.94,-1.76
2007-08-09,3997.01,0.66
2007-08-10,3895.46,-2.54
2007-08-13,3861.26,-0.88
2007-08-14,3982.68,3.14
2007-08-15,3957.01,-0.64
2007-08-16,3995.48,0.97
2007-08-17,3984.81,-0.27
2007-08-20,4140.42,3.91
2007-08-21,4178.02,0.91
2007-08-22,4237.94,1.43
2007-08-23,4286.92,1.16
2007-08-24,4320.98,0.79
2007-08-27,4318.12,-0.07
2007-08-28,4344.09,0.6
2007-08-29,4316.88,-0.63
2007-08-30,4468.39,3.51
2007-08-31,4515.24,1.05
2007-09-03,4621.48,2.35
2007-09-04,4558.49,-1.36
2007-09-05,4570.19,0.26
2007-09-06,4632.49,1.36
2007-09-07,4533.11,-2.15
2007-09-10,4645.33,2.48
2007-09-11,4334.65,-6.69
2007-09-12,4370.09,0.82
2007-09-13,4439.13,1.58
2007-09-14,4502.4,1.43
2007-09-17,4596.26,2.09
2007-09-18,4655.17,1.28
2007-09-19,4584.83,-1.51
2007-09-20,4617.75,0.72
2007-09-21,4562.12,-1.21
2007-09-24,4577.26,0.33
2007-09-25,4547.6,-0.65
2007-09-26,4471.18,-1.68
2007-09-27,4498.61,0.61
2007-09-28,4582.44,1.86
2007-10-08,4579.57,-0.06
2007-10-09,4594.7,0.33
2007-10-10,4588.08,-0.14
2007-10-11,4510.27,-1.7
2007-10-12,4375.31,-2.99
2007-10-15,4364.8,-0.24
2007-10-16,4404.02,0.9
2007-10-17,4401.07,-0.07
2007-10-18,4316.6,-1.92
2007-10-19,4277.37,-0.91
2007-10-22,4158.93,-2.77
2007-10-23,4147.84,-0.27
2007-10-24,4049.97,-2.36
2007-10-25,3747.13,-7.48
2007-10-26,3699.73,-1.27
2007-10-29,3750.87,1.38
2007-10-30,3857.89,2.85
2007-10-31,4009.75,3.94
2007-11-01,3908.54,-2.52
2007-11-02,3829.23,-2.03
2007-11-05,3898.53,1.81
2007-11-06,3946.96,1.24
2007-11-07,3939.37,-0.19
2007-11-08,3778.06,-4.1
2007-11-09,3744.0,-0.9
2007-11-12,3708.95,-0.94
2007-11-13,3730.29,0.58
2007-11-14,3844.5,3.06
2007-11-15,3828.13,-0.43
2007-11-16,3843.97,0.41
2007-11-19,3922.6,2.05
2007-11-20,3956.56,0.87
2007-11-21,3923.88,-0.83
2007-11-22,3731.98,-4.89
2007-11-23,3802.83,1.9
2007-11-26,3779.6,-0.61
2007-11-27,3722.9,-1.5
2007-11-28,3713.34,-0.26
2007-11-29,3801.33,2.37
2007-11-30,3733.48,-1.79
2007-12-03,3766.88,0.9
2007-12-04,3792.24,0.67
2007-12-05,3852.44,1.59
2007-12-06,3895.76,1.12
2007-12-07,3960.61,1.67
2007-12-10,4059.24,2.49
2007-12-11,4112.21,1.31
2007-12-12,4154.34,1.02
2007-12-13,4037.53,-2.81
2007-12-14,4103.85,1.64
2007-12-17,4133.82,0.73
2007-12-18,4095.0,-0.94
2007-12-19,4167.27,1.77
2007-12-20,4210.52,1.04
2007-12-21,4281.39,1.68
2007-12-24,4344.31,1.47
2007-12-25,4388.73,1.02
2007-12-26,4473.13,1.92
2007-12-27,4499.83,0.6
2007-12-28,4493.42,-0.14
2008-01-02,4636.78,3.19
2008-01-03,4741.03,2.25
2008-01-04,4778.03,0.78
2008-01-07,4867.13,1.87
2008-01-08,4739.09,-2.63
2008-01-09,4884.27,3.06
2008-01-10,4894.59,0.21
2008-01-11,4867.47,-0.55
2008-01-14,4946.35,1.62
2008-01-15,4999.92,1.08
2008-01-16,4957.38,-0.85
2008-01-17,4849.48,-2.18
2008-01-18,4886.73,0.77
2008-01-21,4680.89,-4.21
2008-01-22,4292.69,-8.29
2008-01-23,4471.13,4.16
2008-01-24,4605.94,3.02
2008-01-25,4612.95,0.15
2008-01-28,4282.73,-7.16
2008-01-29,4360.98,1.83
2008-01-30,4389.44,0.65
2008-01-31,4215.11,-3.97
2008-02-01,4027.37,-4.45
2008-02-04,4346.53,7.93
2008-02-05,4366.55,0.46
2008-02-13,4371.41,0.11
2008-02-14,4455.05,1.91
2008-02-15,4437.49,-0.39
2008-02-18,4555.32,2.66
2008-02-19,4639.88,1.86
2008-02-20,4620.5,-0.42
2008-02-21,4682.2,1.34
2008-02-22,4591.94,-1.93
2008-02-25,4442.76,-3.25
2008-02-26,4446.17,0.08
2008-02-27,4555.18,2.45
2008-02-28,4571.87,0.37
2008-02-29,4646.54,1.63
2008-03-03,4814.76,3.62
2008-03-04,4824.67,0.21
2008-03-05,4877.33,1.09
2008-03-06,4882.96,0.12
2008-03-07,4805.96,-1.58
2008-03-10,4673.06,-2.77
2008-03-11,4761.06,1.88
2008-03-12,4656.53,-2.2
2008-03-13,4466.08,-4.09
2008-03-14,4435.48,-0.69
2008-03-17,4096.93,-7.63
2008-03-18,3814.21,-6.9
2008-03-19,3999.94,4.87
2008-03-20,4154.0,3.85
2008-03-21,4197.44,1.05
2008-03-24,4130.15,-1.6
2008-03-25,4193.51,1.53
2008-03-26,4180.57,-0.31
2008-03-27,3949.96,-5.52
2008-03-28,4060.04,2.79
2008-03-31,3861.6,-4.89
2008-04-01,3539.51,-8.34
2008-04-02,3319.6,-6.21
2008-04-03,3393.43,2.22
2008-04-07,3596.27,5.98
2008-04-08,3673.96,2.16
2008-04-09,3466.97,-5.63
2008-04-10,3567.63,2.9
2008-04-11,3619.04,1.44
2008-04-14,3399.32,-6.07
2008-04-15,3504.25,3.09
2008-04-16,3423.92,-2.29
2008-04-17,3291.15,-3.88
2008-04-18,3116.69,-5.3
2008-04-21,3101.9,-0.47
2008-04-22,3054.43,-1.53
2008-04-23,3182.86,4.2
2008-04-24,3448.8,8.36
2008-04-25,3457.99,0.27
2008-04-28,3446.97,-0.32
2008-04-29,3472.67,0.75
2008-04-30,3584.35,3.22
2008-05-05,3694.12,3.06
2008-05-06,3698.92,0.13
2008-05-07,3553.33,-3.94
2008-05-08,3669.87,3.28
2008-05-09,3674.63,0.13
2008-05-12,3749.79,2.05
2008-05-13,3776.84,0.72
2008-05-14,3856.09,2.1
2008-05-15,3831.38,-0.64
2008-05-16,3789.1,-1.1
2008-05-19,3805.89,0.44
2008-05-20,3592.68,-5.6
2008-05-21,3690.7,2.73
2008-05-22,3672.2,-0.5
2008-05-23,3603.28,-1.88
2008-05-26,3483.41,-3.33
2008-05-27,3486.91,0.1
2008-05-28,3568.68,2.35
2008-05-29,3501.28,-1.89
2008-05-30,3506.84,0.16
2008-06-02,3553.32,1.33
2008-06-03,3536.92,-0.46
2008-06-04,3472.67,-1.82
2008-06-05,3434.02,-1.11
2008-06-06,3420.07,-0.41
2008-06-10,3125.8,-8.6
2008-06-11,3054.53,-2.28
2008-06-12,3024.65,-0.98
2008-06-13,2881.04,-4.75
2008-06-16,2811.91,-2.4
2008-06-17,2640.92,-6.08
2008-06-18,2777.72,5.18
2008-06-19,2561.03,-7.8
2008-06-20,2600.3,1.53
2008-06-23,2548.05,-2.01
2008-06-24,2616.06,2.67
2008-06-25,2754.75,5.3
2008-06-26,2787.85,1.2
2008-06-27,2590.32,-7.09
2008-06-30,2579.61,-0.41
2008-07-01,2526.32,-2.07
2008-07-02,2572.61,1.83
2008-07-03,2686.88,4.44
2008-07-04,2685.17,-0.06
2008-07-07,2832.05,5.47
2008-07-08,2887.93,1.97
2008-07-09,2967.54,2.76
2008-07-10,2904.62,-2.12
2008-07-11,2891.36,-0.46
2008-07-14,2958.01,2.31
2008-07-15,2892.85,-2.2
2008-07-16,2751.05,-4.9
2008-07-17,2711.72,-1.43
2008-07-18,2792.7,2.99
2008-07-21,2913.7,4.33
2008-07-22,2931.3,0.6
2008-07-23,2915.13,-0.55
2008-07-24,2990.77,2.6
2008-07-25,2971.52,-0.64
2008-07-28,3021.51,1.68
2008-07-29,2960.07,-2.03
2008-07-30,2944.37,-0.53
2008-07-31,2834.1,-3.75
2008-08-01,2876.13,1.48
2008-08-04,2803.57,-2.52
2008-08-05,2712.63,-3.24
2008-08-06,2705.28,-0.27
2008-08-07,2717.35,0.45
2008-08-08,2514.97,-7.45
2008-08-11,2295.76,-8.72
2008-08-12,2251.39,-1.93
2008-08-13,2246.76,-0.21
2008-08-14,2263.95,0.77
2008-08-15,2257.41,-0.29
2008-08-18,2079.55,-7.88
2008-08-19,2119.83,1.94
2008-08-20,2299.67,8.48
2008-08-21,2217.05,-3.59
2008-08-22,2171.68,-2.05
2008-08-25,2170.92,-0.04
2008-08-26,2041.98,-5.94
2008-08-27,2044.26,0.11
2008-08-28,2044.35,0.0
2008-08-29,2105.88,3.01
2008-09-01,2046.06,-2.84
2008-09-02,2064.11,0.88
2008-09-03,2057.11,-0.34
2008-09-04,2066.88,0.48
2008-09-05,1952.6,-5.53
2008-09-08,1847.39,-5.39
2008-09-09,1864.16,0.91
2008-09-10,1883.98,1.06
2008-09-11,1838.23,-2.43
2008-09-12,1836.74,-0.08
2008-09-16,1795.37,-2.25
2008-09-17,1764.2,-1.74
2008-09-18,1710.75,-3.03
2008-09-19,1877.7,9.76
2008-09-22,1963.3,4.56
2008-09-23,1832.16,-6.68
2008-09-24,1877.35,2.47
2008-09-25,1921.03,2.33
2008-09-26,1917.37,-0.19
2008-10-06,1855.12,-3.25
2008-10-07,1849.97,-0.28
2008-10-08,1807.69,-2.29
2008-10-09,1781.02,-1.48
2008-10-10,1646.93,-7.53
2008-10-13,1686.88,2.43
2008-10-14,1629.74,-3.39
2008-10-15,1615.78,-0.86
2008-10-16,1524.32,-5.66
2008-10-17,1547.96,1.55
2008-10-20,1606.02,3.75
2008-10-21,1611.73,0.36
2008-10-22,1580.89,-1.91
2008-10-23,1597.61,1.06
2008-10-24,1575.06,-1.41
2008-10-27,1452.94,-7.75
2008-10-28,1490.74,2.6
2008-10-29,1426.08,-4.34
2008-10-30,1436.9,0.76
2008-10-31,1406.76,-2.1
2008-11-03,1388.38,-1.31
2008-11-04,1374.35,-1.01
2008-11-05,1423.45,3.57
2008-11-06,1405.8,-1.24
2008-11-07,1432.78,1.92
2008-11-10,1541.3,7.57
2008-11-11,1533.36,-0.52
2008-11-12,1580.05,3.05
2008-11-13,1652.16,4.56
2008-11-14,1737.47,5.16
2008-11-17,1827.97,5.21
2008-11-18,1695.21,-7.26
2008-11-19,1809.92,6.77
2008-11-20,1811.99,0.11
2008-11-21,1794.57,-0.96
2008-11-24,1726.55,-3.79
2008-11-25,1714.32,-0.71
2008-11-26,1717.22,0.17
2008-11-27,1738.55,1.24
2008-11-28,1719.43,-1.1
2008-12-01,1801.67,4.78
2008-12-02,1841.69,2.22
2008-12-03,1912.76,3.86
2008-12-04,1912.81,0.0
2008-12-05,1972.41,3.12
2008-12-08,2054.21,4.15
2008-12-09,2001.22,-2.58
2008-12-10,2070.9,3.48
2008-12-11,2013.36,-2.78
2008-12-12,1916.2,-4.83
2008-12-15,1956.29,2.09
2008-12-16,1983.74,1.4
2008-12-17,2015.5,1.6
2008-12-18,2049.5,1.69
2008-12-19,2066.43,0.83
2008-12-22,2075.31,0.43
2008-12-23,1938.6,-6.59
2008-12-24,1895.66,-2.22
2008-12-25,1898.36,0.14
2008-12-26,1877.9,-1.08
2008-12-29,1873.53,-0.23
2008-12-30,1865.96,-0.4
2008-12-31,1830.82,-1.88
2009-01-05,1920.1,4.88
2009-01-06,1982.87,3.27
2009-01-07,1995.19,0.62
2009-01-08,1951.99,-2.17
2009-01-09,2009.1,2.93
2009-01-12,2032.54,1.17
2009-01-13,1970.03,-3.08
2009-01-14,2054.57,4.29
2009-01-15,2079.86,1.23
2009-01-16,2090.02,0.49
2009-01-19,2085.58,-0.21
2009-01-20,2111.39,1.24
2009-01-21,2107.87,-0.17
2009-01-22,2140.16,1.53
2009-01-23,2122.35,-0.83
2009-02-02,2193.69,3.36
2009-02-03,2254.41,2.77
2009-02-04,2297.07,1.89
2009-02-05,2270.26,-1.17
2009-02-06,2367.72,4.29
2009-02-09,2441.64,3.12
2009-02-10,2508.65,2.75
2009-02-11,2511.31,0.11
2009-02-12,2557.24,1.83
2009-02-13,2640.39,3.25
2009-02-16,2694.43,2.05
2009-02-17,2591.38,-3.83
2009-02-18,2500.36,-3.51
2009-02-19,2560.66,2.41
2009-02-20,2643.54,3.24
2009-02-23,2732.42,3.36
2009-02-24,2622.02,-4.04
2009-02-25,2650.18,1.07
2009-02-26,2461.93,-7.1
2009-02-27,2302.02,-6.5
2009-03-02,2374.97,3.17
2009-03-03,2402.44,1.16
2009-03-04,2541.43,5.79
2009-03-05,2564.77,0.92
2009-03-06,2548.34,-0.64
2009-03-09,2429.33,-4.67
2009-03-10,2487.79,2.41
2009-03-11,2481.96,-0.23
2009-03-12,2492.52,0.43
2009-03-13,2469.92,-0.91
2009-03-16,2503.91,1.38
2009-03-17,2595.07,3.64
2009-03-18,2624.44,1.13
2009-03-19,2687.28,2.39
2009-03-20,2672.45,-0.55
2009-03-23,2723.02,1.89
2009-03-24,2743.76,0.76
2009-03-25,2681.4,-2.27
2009-03-26,2747.38,2.46
2009-03-27,2773.33,0.95
2009-03-30,2785.36,0.43
2009-03-31,2814.17,1.03
2009-04-01,2855.85,1.48
2009-04-02,2861.15,0.19
2009-04-03,2848.33,-0.45
2009-04-07,2893.86,1.6
2009-04-08,2799.43,-3.26
2009-04-09,2860.71,2.19
2009-04-10,2945.91,2.98
2009-04-13,2979.83,1.15
2009-04-14,3030.31,1.69
2009-04-15,3071.29,1.35
2009-04-16,3089.67,0.6
2009-04-17,3042.66,-1.52
2009-04-20,3122.54,2.63
2009-04-21,3117.7,-0.16
2009-04-22,2959.56,-5.07
2009-04-23,2980.15,0.7
2009-04-24,2956.25,-0.8
2009-04-27,2838.17,-3.99
2009-04-28,2870.51,1.14
2009-04-29,2933.56,2.2
2009-04-30,2971.9,1.31
2009-05-04,3069.85,3.3
2009-05-05,3117.4,1.55
2009-05-06,3175.64,1.87
2009-05-07,3154.78,-0.66
2009-05-08,3160.74,0.19
2009-05-11,3033.39,-4.03
2009-05-12,3108.81,2.49
2009-05-13,3137.42,0.92
2009-05-14,3160.98,0.75
2009-05-15,3183.19,0.7
2009-05-18,3212.93,0.93
2009-05-19,3243.41,0.95
2009-05-20,3227.42,-0.49
2009-05-21,3170.25,-1.77
2009-05-22,3164.27,-0.19
2009-05-25,3165.13,0.03
2009-05-26,3179.55,0.46
2009-05-27,3179.67,0.0
2009-06-01,3226.04,1.46
2009-06-02,3242.41,0.51
2009-06-03,3266.59,0.75
2009-06-04,3256.33,-0.31
2009-06-05,3243.5,-0.39
2009-06-08,3244.39,0.03
2009-06-09,3266.02,0.67
2009-06-10,3302.47,1.12
2009-06-11,3282.26,-0.61
2009-06-12,3217.71,-1.97
2009-06-15,3258.58,1.27
2009-06-16,3250.12,-0.26
2009-06-17,3293.83,1.35
2009-06-18,3311.36,0.53
2009-06-19,3319.76,0.25
2009-06-22,3297.35,-0.68
2009-06-23,3295.94,-0.04
2009-06-24,3333.87,1.15
2009-06-25,3339.82,0.18
2009-06-26,3356.42,0.5
2009-06-29,3364.94,0.25
2009-06-30,3335.1,-0.89
2009-07-01,3357.22,0.66
2009-07-02,3389.92,0.97
2009-07-03,3423.77,1.0
2009-07-06,3417.16,-0.19
2009-07-07,3433.16,0.47
2009-07-08,3479.21,1.34
2009-07-09,3551.98,2.09
2009-07-10,3566.93,0.42
2009-07-13,3598.01,0.87
2009-07-14,3658.5,1.68
2009-07-15,3694.75,0.99
2009-07-16,3682.37,-0.34
2009-07-17,3703.26,0.57
2009-07-20,3768.36,1.76
2009-07-21,3671.16,-2.58
2009-07-22,3725.45,1.48
2009-07-23,3771.71,1.24
2009-07-24,3741.69,-0.8
2009-07-27,3816.04,1.99
2009-07-28,3865.94,1.31
2009-07-29,3618.03,-6.41
2009-07-30,3660.61,1.18
2009-07-31,3771.17,3.02
2009-08-03,3838.62,1.79
2009-08-04,3876.24,0.98
2009-08-05,3901.16,0.64
2009-08-06,3849.22,-1.33
2009-08-07,3742.53,-2.77
2009-08-10,3774.8,0.86
2009-08-11,3800.7,0.69
2009-08-12,3610.93,-4.99
2009-08-13,3616.84,0.16
2009-08-14,3434.0,-5.06
2009-08-17,3197.23,-6.9
2009-08-18,3252.12,1.72
2009-08-19,3086.19,-5.1
2009-08-20,3206.88,3.91
2009-08-21,3312.08,3.28
2009-08-24,3395.4,2.52
2009-08-25,3355.87,-1.16
2009-08-26,3461.41,3.15
2009-08-27,3500.65,1.13
2009-08-28,3398.37,-2.92
2009-08-31,3163.17,-6.92
2009-09-01,3138.41,-0.78
2009-09-02,3151.0,0.4
2009-09-03,3293.92,4.54
2009-09-04,3355.19,1.86
2009-09-07,3405.0,1.49
2009-09-08,3455.47,1.48
2009-09-09,3466.62,0.32
2009-09-10,3429.54,-1.07
2009-09-11,3492.15,1.83
2009-09-14,3579.92,2.51
2009-09-15,3619.6,1.11
2009-09-16,3646.41,0.74
2009-09-17,3740.77,2.59
2009-09-18,3626.91,-3.04
2009-09-21,3676.52,1.37
2009-09-22,3589.19,-2.38
2009-09-23,3482.48,-2.97
2009-09-24,3452.76,-0.85
2009-09-25,3415.83,-1.07
2009-09-28,3308.5,-3.14
2009-09-29,3220.38,-2.66
2009-09-30,3250.4,0.93
2009-10-09,3419.11,5.19
2009-10-12,3439.28,0.59
2009-10-13,3501.87,1.82
2009-10-14,3543.41,1.19
2009-10-15,3559.61,0.46
2009-10-16,3578.56,0.53
2009-10-19,3661.71,2.32
2009-10-20,3715.83,1.48
2009-10-21,3686.21,-0.8
2009-10-22,3706.28,0.54
2009-10-23,3751.55,1.22
2009-10-26,3761.27,0.26
2009-10-27,3657.89,-2.75
2009-10-28,3695.39,1.03
2009-10-29,3624.55,-1.92
2009-10-30,3665.99,1.14
2009-11-02,3784.19,3.22
2009-11-03,3869.77,2.26
2009-11-04,3911.09,1.07
2009-11-05,3951.0,1.02
2009-11-06,3969.64,0.47
2009-11-09,4006.83,0.94
2009-11-10,4017.98,0.28
2009-11-11,4046.11,0.7
2009-11-12,4056.64,0.26
2009-11-13,4104.99,1.19
2009-11-16,4197.54,2.26
2009-11-17,4226.5,0.69
2009-11-18,4253.37,0.64
2009-11-19,4331.01,1.83
2009-11-20,4358.75,0.64
2009-11-23,4445.73,2.0
2009-11-24,4193.56,-5.67
2009-11-25,4360.02,3.97
2009-11-26,4182.09,-4.08
2009-11-27,4074.01,-2.58
2009-11-30,4264.05,4.67
2009-12-01,4394.99,3.07
2009-12-02,4474.93,1.82
2009-12-03,4515.84,0.91
2009-12-04,4375.98,-3.1
2009-12-07,4459.08,1.9
2009-12-08,4450.83,-0.19
2009-12-09,4386.53,-1.45
2009-12-10,4411.69,0.57
2009-12-11,4408.39,-0.08
2009-12-14,4384.54,-0.54
2009-12-15,4412.45,0.64
2009-12-16,4391.34,-0.48
2009-12-17,4258.45,-3.03
2009-12-18,4091.68,-3.92
2009-12-21,4146.9,1.35
2009-12-22,4024.34,-2.96
2009-12-23,4098.22,1.84
2009-12-24,4229.8,3.21
2009-12-25,4255.65,0.61
2009-12-28,4326.27,1.66
2009-12-29,4351.14,0.58
2009-12-30,4336.61,-0.33
2009-12-31,4391.28,1.26
2010-01-04,4406.77,0.35
2010-01-05,4462.23,1.26
2010-01-06,4452.87,-0.21
2010-01-07,4361.16,-2.06
2010-01-08,4417.77,1.3
2010-01-11,4449.94,0.73
2010-01-12,4541.6,2.06
2010-01-13,4485.32,-1.24
2010-01-14,4609.3,2.76
2010-01-15,4658.09,1.06
2010-01-18,4734.05,1.63
2010-01-19,4740.45,0.14
2010-01-20,4586.75,-3.24
2010-01-21,4606.43,0.43
2010-01-22,4471.28,-2.93
2010-01-25,4407.04,-1.44
2010-01-26,4226.94,-4.09
2010-01-27,4194.63,-0.76
2010-01-28,4248.04,1.27
2010-01-29,4290.32,1.0
2010-02-01,4239.99,-1.17
2010-02-02,4225.47,-0.34
2010-02-03,4304.84,1.88
2010-02-04,4364.23,1.38
2010-02-05,4281.78,-1.89
2010-02-08,4278.58,-0.08
2010-02-09,4277.33,-0.03
2010-02-10,4330.42,1.24
2010-02-11,4307.13,-0.54
2010-02-12,4366.28,1.37
2010-02-22,4392.69,0.61
2010-02-23,4464.23,1.63
2010-02-24,4559.66,2.14
2010-02-25,4645.06,1.87
2010-02-26,4653.34,0.18
2010-03-01,4721.89,1.47
2010-03-02,4724.64,0.06
2010-03-03,4788.5,1.35
2010-03-04,4617.85,-3.56
2010-03-05,4617.36,-0.01
2010-03-08,4676.44,1.28
2010-03-09,4682.25,0.12
2010-03-10,4630.01,-1.12
2010-03-11,4605.25,-0.54
2010-03-12,4532.08,-1.59
2010-03-15,4498.09,-0.75
2010-03-16,4555.31,1.27
2010-03-17,4674.64,2.62
2010-03-18,4686.25,0.25
2010-03-19,4723.85,0.8
2010-03-22,4766.94,0.91
2010-03-23,4739.37,-0.58
2010-03-24,4750.99,0.25
2010-03-25,4678.81,-1.52
2010-03-26,4742.47,1.36
2010-03-29,4770.54,0.59
2010-03-30,4800.45,0.63
2010-03-31,4822.08,0.45
2010-04-01,4904.3,1.71
2010-04-02,4922.82,0.38
2010-04-06,4942.33,0.4
2010-04-07,4951.73,0.19
2010-04-08,4956.37,0.09
2010-04-09,5031.25,1.51
2010-04-12,5088.29,1.13
2010-04-13,4989.39,-1.94
2010-04-14,5074.68,1.71
2010-04-15,5024.77,-0.98
2010-04-16,5019.35,-0.11
2010-04-19,4806.11,-4.25
2010-04-20,4875.09,1.44
2010-04-21,5029.03,3.16
2010-04-22,5060.75,0.63
2010-04-23,5007.6,-1.05
2010-04-26,4999.06,-0.17
2010-04-27,4869.61,-2.59
2010-04-28,4834.79,-0.72
2010-04-29,4686.94,-3.06
2010-04-30,4527.76,-3.4
2010-05-04,4520.36,-0.16
2010-05-05,4662.84,3.15
2010-05-06,4533.9,-2.77
2010-05-07,4453.17,-1.78
2010-05-10,4367.27,-1.93
2010-05-11,4239.79,-2.92
2010-05-12,4134.52,-2.48
2010-05-13,4236.4,2.46
2010-05-14,4257.81,0.51
2010-05-17,3981.29,-6.49
2010-05-18,4007.42,0.66
2010-05-19,4007.16,-0.01
2010-05-20,3918.58,-2.21
2010-05-21,3993.74,1.92
2010-05-24,4179.35,4.65
2010-05-25,4169.41,-0.24
2010-05-26,4182.71,0.32
2010-05-27,4264.16,1.95
2010-05-28,4281.09,0.4
2010-05-31,4149.96,-3.06
2010-06-01,4061.45,-2.13
2010-06-02,4129.53,1.68
2010-06-03,4098.9,-0.74
2010-06-04,4133.33,0.84
2010-06-07,4119.62,-0.33
2010-06-08,4180.62,1.48
2010-06-09,4288.9,2.59
2010-06-10,4297.88,0.21
2010-06-11,4277.14,-0.48
2010-06-17,4231.55,-1.07
2010-06-18,4067.74,-3.87
2010-06-21,4169.36,2.5
2010-06-22,4207.43,0.91
2010-06-23,4205.53,-0.05
2010-06-24,4207.91,0.06
2010-06-25,4139.81,-1.62
2010-06-28,4053.19,-2.09
2010-06-29,3814.47,-5.89
2010-06-30,3732.65,-2.15
2010-07-01,3685.54,-1.26
2010-07-02,3659.95,-0.69
2010-07-05,3627.29,-0.89
2010-07-06,3738.74,3.07
2010-07-07,3795.59,1.52
2010-07-08,3773.37,-0.59
2010-07-09,3886.27,2.99
2010-07-12,3934.18,1.23
2010-07-13,3878.64,-1.41
2010-07-14,3916.17,0.97
2010-07-15,3816.8,-2.54
2010-07-16,3841.83,0.66
2010-07-19,3930.96,2.32
2010-07-20,4053.19,3.11
2010-07-21,4059.38,0.15
2010-07-22,4125.25,1.62
2010-07-23,4131.47,0.15
2010-07-26,4188.47,1.38
2010-07-27,4184.58,-0.09
2010-07-28,4266.85,1.97
2010-07-29,4296.21,0.69
2010-07-30,4299.05,0.07
2010-08-02,4389.72,2.11
2010-08-03,4320.95,-1.57
2010-08-04,4372.51,1.19
2010-08-05,4396.12,0.54
2010-08-06,4480.65,1.92
2010-08-09,4549.79,1.54
2010-08-10,4385.81,-3.6
2010-08-11,4439.11,1.22
2010-08-12,4388.62,-1.14
2010-08-13,4471.54,1.89
2010-08-16,4573.42,2.28
2010-08-17,4618.33,0.98
2010-08-18,4611.65,-0.15
2010-08-19,4621.57,0.22
2010-08-20,4522.61,-2.14
2010-08-23,4565.87,0.96
2010-08-24,4626.35,1.33
2010-08-25,4534.71,-1.98
2010-08-26,4562.35,0.61
2010-08-27,4585.51,0.51
2010-08-30,4705.88,2.63
2010-08-31,4755.85,1.06
2010-09-01,4698.73,-1.2
2010-09-02,4802.27,2.2
2010-09-03,4845.91,0.91
2010-09-06,4824.31,-0.45
2010-09-07,4865.78,0.86
2010-09-08,4905.63,0.82
2010-09-09,4837.02,-1.4
2010-09-10,4886.05,1.01
2010-09-13,4967.47,1.67
2010-09-14,4982.86,0.31
2010-09-15,4888.01,-1.9
2010-09-16,4766.85,-2.48
2010-09-17,4767.48,0.01
2010-09-20,4695.95,-1.5
2010-09-21,4677.68,-0.39
2010-09-27,4801.46,2.65
2010-09-28,4785.7,-0.33
2010-09-29,4720.63,-1.36
2010-09-30,4785.49,1.37
2010-10-08,4899.57,2.38
2010-10-11,4922.59,0.47
2010-10-12,4950.26,0.56
2010-10-13,4968.83,0.38
2010-10-14,4809.47,-3.21
2010-10-15,4789.48,-0.42
2010-10-18,4708.41,-1.69
2010-10-19,4865.7,3.34
2010-10-20,4892.28,0.55
2010-10-21,4930.62,0.78
2010-10-22,4985.85,1.12
2010-10-25,5107.28,2.44
2010-10-26,5158.05,0.99
2010-10-27,5124.13,-0.66
2010-10-28,5145.56,0.42
2010-10-29,5211.52,1.28
2010-11-01,5362.95,2.91
2010-11-02,5343.49,-0.36
2010-11-03,5271.82,-1.34
2010-11-04,5392.56,2.29
2010-11-05,5473.11,1.49
2010-11-08,5598.49,2.29
2010-11-09,5635.75,0.67
2010-11-10,5651.39,0.28
2010-11-11,5596.38,-0.97
2010-11-12,5227.25,-6.6
2010-11-15,5367.21,2.68
2010-11-16,5197.37,-3.16
2010-11-17,5001.94,-3.76
2010-11-18,5080.88,1.58
2010-11-19,5236.57,3.06
2010-11-22,5332.61,1.83
2010-11-23,5261.92,-1.33
2010-11-24,5414.17,2.89
2010-11-25,5452.84,0.71
2010-11-26,5444.86,-0.15
2010-11-29,5458.1,0.24
2010-11-30,5294.7,-2.99
2010-12-01,5306.36,0.22
2010-12-02,5333.58,0.51
2010-12-03,5299.78,-0.63
2010-12-06,5224.88,-1.41
2010-12-07,5295.33,1.35
2010-12-08,5294.81,-0.01
2010-12-09,5186.43,-2.05
2010-12-10,5253.71,1.3
2010-12-13,5403.93,2.86
2010-12-14,5482.79,1.46
2010-12-15,5464.14,-0.34
2010-12-16,5470.23,0.11
2010-12-17,5473.97,0.07
2010-12-20,5409.48,-1.18
2010-12-21,5461.56,0.96
2010-12-22,5420.19,-0.76
2010-12-23,5307.19,-2.09
2010-12-24,5205.72,-1.91
2010-12-27,5046.64,-3.06
2010-12-28,4934.75,-2.22
2010-12-29,5022.07,1.77
2010-12-30,5044.62,0.45
2010-12-31,5155.56,2.2
2011-01-04,5230.74,1.46
2011-01-05,5243.37,0.24
2011-01-06,5224.82,-0.35
2011-01-07,5191.95,-0.63
2011-01-10,5051.95,-2.7
2011-01-11,5006.63,-0.9
2011-01-12,5042.24,0.71
2011-01-13,5043.78,0.03
2011-01-14,4942.07,-2.02
2011-01-17,4728.31,-4.33
2011-01-18,4750.15,0.46
2011-01-19,4873.8,2.6
2011-01-20,4699.95,-3.57
2011-01-21,4739.9,0.85
2011-01-24,4636.91,-2.17
2011-01-25,4540.68,-2.08
2011-01-26,4619.12,1.73
2011-01-27,4695.33,1.65
2011-01-28,4749.43,1.15
2011-01-31,4816.66,1.42
2011-02-01,4830.41,0.29
2011-02-09,4820.36,-0.21
2011-02-10,4962.52,2.95
2011-02-11,5012.78,1.01
2011-02-14,5087.25,1.49
2011-02-15,5100.43,0.26
2011-02-16,5196.15,1.88
2011-02-17,5231.71,0.68
2011-02-18,5197.12,-0.66
2011-02-21,5304.08,2.06
2011-02-22,5166.97,-2.59
2011-02-23,5235.27,1.32
2011-02-24,5269.96,0.66
2011-02-25,5279.13,0.17
2011-02-28,5347.3,1.29
2011-03-01,5373.2,0.48
2011-03-02,5362.24,-0.2
2011-03-03,5266.44,-1.79
2011-03-04,5330.17,1.21
2011-03-07,5389.84,1.12
2011-03-08,5425.68,0.67
2011-03-09,5446.14,0.38
2011-03-10,5413.57,-0.6
2011-03-11,5406.95,-0.12
2011-03-14,5462.4,1.03
2011-03-15,5411.27,-0.94
2011-03-16,5481.89,1.31
2011-03-17,5377.46,-1.91
2011-03-18,5417.94,0.75
2011-03-21,5389.57,-0.52
2011-03-22,5389.59,0.0
2011-03-23,5448.02,1.08
2011-03-24,5473.54,0.47
2011-03-25,5502.75,0.53
2011-03-28,5493.79,-0.16
2011-03-29,5404.85,-1.62
2011-03-30,5357.8,-0.87
2011-03-31,5285.19,-1.36
2011-04-01,5346.7,1.16
2011-04-06,5345.4,-0.02
2011-04-07,5373.33,0.52
2011-04-08,5430.06,1.06
2011-04-11,5396.87,-0.61
2011-04-12,5377.31,-0.36
2011-04-13,5424.46,0.88
2011-04-14,5419.14,-0.1
2011-04-15,5418.88,-0.01
2011-04-18,5453.71,0.64
2011-04-19,5408.91,-0.82
2011-04-20,5446.99,0.7
2011-04-21,5472.29,0.46
2011-04-22,5430.41,-0.77
2011-04-25,5298.65,-2.43
2011-04-26,5196.52,-1.93
2011-04-27,5128.22,-1.31
2011-04-28,4948.71,-3.5
2011-04-29,5027.55,1.59
2011-05-03,5119.16,1.82
2011-05-04,5016.81,-2.0
2011-05-05,5040.33,0.47
2011-05-06,5080.04,0.79
2011-05-09,5126.68,0.92
2011-05-10,5169.23,0.83
2011-05-11,5179.61,0.2
2011-05-12,5100.27,-1.53
2011-05-13,5143.46,0.85
2011-05-16,5141.23,-0.04
2011-05-17,5100.07,-0.8
2011-05-18,5137.72,0.74
2011-05-19,5115.63,-0.43
2011-05-20,5102.13,-0.26
2011-05-23,4907.39,-3.82
2011-05-24,4908.91,0.03
2011-05-25,4855.59,-1.09
2011-05-26,4815.85,-0.82
2011-05-27,4644.29,-3.56
2011-05-30,4565.12,-1.71
2011-05-31,4661.69,2.12
2011-06-01,4723.71,1.33
2011-06-02,4658.37,-1.38
2011-06-03,4739.36,1.74
2011-06-07,4792.02,1.11
2011-06-08,4826.86,0.73
2011-06-09,4716.72,-2.28
2011-06-10,4724.62,0.17
2011-06-13,4724.57,0.0
2011-06-14,4796.47,1.52
2011-06-15,4755.43,-0.86
2011-06-16,4645.56,-2.31
2011-06-17,4571.23,-1.6
2011-06-20,4505.85,-1.43
2011-06-21,4562.74,1.26
2011-06-22,4565.62,0.06
2011-06-23,4647.99,1.8
2011-06-24,4757.73,2.36
2011-06-27,4832.01,1.56
2011-06-28,4850.8,0.39
2011-06-29,4800.19,-1.04
2011-06-30,4872.27,1.5
2011-07-01,4899.16,0.55
2011-07-04,5011.68,2.3
2011-07-05,5055.65,0.88
2011-07-06,5081.96,0.52
2011-07-07,5073.06,-0.18
2011-07-08,5057.72,-0.3
2011-07-11,5110.36,1.04
2011-07-12,5030.08,-1.57
2011-07-13,5132.07,2.03
2011-07-14,5187.08,1.07
2011-07-15,5229.1,0.81
2011-07-18,5235.19,0.12
2011-07-19,5176.19,-1.13
2011-07-20,5184.12,0.15
2011-07-21,5111.41,-1.4
2011-07-22,5143.21,0.62
2011-07-25,4920.46,-4.33
2011-07-26,4951.52,0.63
2011-07-27,5037.96,1.75
2011-07-28,5013.66,-0.48
2011-07-29,4963.42,-1.0
2011-08-01,4995.39,0.64
2011-08-02,4971.39,-0.48
2011-08-03,4995.0,0.48
2011-08-04,5016.52,0.43
2011-08-05,4896.38,-2.4
2011-08-08,4627.1,-5.5
2011-08-09,4619.64,-0.16
2011-08-10,4693.61,1.6
2011-08-11,4780.69,1.86
2011-08-12,4838.92,1.22
2011-08-15,4918.89,1.65
2011-08-16,4888.68,-0.61
2011-08-17,4881.84,-0.14
2011-08-18,4789.21,-1.9
2011-08-19,4742.32,-0.98
2011-08-22,4715.7,-0.56
2011-08-23,4799.18,1.77
2011-08-24,4797.8,-0.03
2011-08-25,4879.62,1.71
2011-08-26,4905.07,0.52
2011-08-29,4876.72,-0.58
2011-08-30,4824.92,-1.06
2011-08-31,4798.73,-0.54
2011-09-01,4771.88,-0.56
2011-09-02,4716.88,-1.15
2011-09-05,4596.13,-2.56
2011-09-06,4568.59,-0.6
2011-09-07,4684.1,2.53
2011-09-08,4635.03,-1.05
2011-09-09,4609.58,-0.55
2011-09-13,4532.08,-1.68
2011-09-14,4589.69,1.27
2011-09-15,4598.45,0.19
2011-09-16,4598.82,0.01
2011-09-19,4507.68,-1.98
2011-09-20,4537.53,0.66
2011-09-21,4666.07,2.83
2011-09-22,4529.96,-2.92
2011-09-23,4494.48,-0.78
2011-09-26,4426.4,-1.52
2011-09-27,4441.81,0.35
2011-09-28,4358.34,-1.88
2011-09-29,4189.11,-3.88
2011-09-30,4174.45,-0.35
2011-10-10,4159.45,-0.36
2011-10-11,4152.72,-0.16
2011-10-12,4302.1,3.6
2011-10-13,4370.72,1.6
2011-10-14,4350.42,-0.46
2011-10-17,4368.77,0.42
2011-10-18,4230.95,-3.16
2011-10-19,4216.67,-0.34
2011-10-20,4088.08,-3.05
2011-10-21,4008.55,-1.95
2011-10-24,4071.46,1.57
2011-10-25,4185.19,2.79
2011-10-26,4217.89,0.78
2011-10-27,4216.23,-0.04
2011-10-28,4306.4,2.14
2011-10-31,4350.13,1.02
2011-11-01,4355.0,0.11
2011-11-02,4432.33,1.78
2011-11-03,4458.45,0.59
2011-11-04,4491.17,0.73
2011-11-07,4474.75,-0.37
2011-11-08,4420.98,-1.2
2011-11-09,4501.26,1.82
2011-11-10,4441.79,-1.32
2011-11-11,4441.94,0.0
2011-11-14,4553.24,2.51
2011-11-15,4587.39,0.75
2011-11-16,4474.27,-2.47
2011-11-17,4474.34,0.0
2011-11-18,4333.89,-3.14
2011-11-21,4347.0,0.3
2011-11-22,4341.69,-0.12
2011-11-23,4318.12,-0.54
2011-11-24,4311.28,-0.16
2011-11-25,4280.95,-0.7
2011-11-28,4283.1,0.05
2011-11-29,4358.57,1.76
2011-11-30,4164.12,-4.46
2011-12-01,4254.09,2.16
2011-12-02,4164.81,-2.1
2011-12-05,4021.21,-3.45
2011-12-06,4022.73,0.04
2011-12-07,4035.03,0.31
2011-12-08,4034.05,-0.02
2011-12-09,3991.45,-1.06
2011-12-12,3939.27,-1.31
2011-12-13,3789.03,-3.81
2011-12-14,3705.48,-2.21
2011-12-15,3598.94,-2.88
2011-12-16,3705.58,2.96
2011-12-19,3715.7,0.27
2011-12-20,3701.62,-0.38
2011-12-21,3602.6,-2.68
2011-12-22,3535.24,-1.87
2011-12-23,3561.98,0.76
2011-12-26,3536.29,-0.72
2011-12-27,3422.98,-3.2
2011-12-28,3393.37,-0.87
2011-12-29,3394.85,0.04
2011-12-30,3456.29,1.81
2012-01-04,3362.83,-2.7
2012-01-05,3205.4,-4.68
2012-01-06,3224.5,0.6
2012-01-09,3365.9,4.39
2012-01-10,3503.24,4.08
2012-01-11,3519.51,0.47
2012-01-12,3518.88,-0.02
2012-01-13,3374.16,-4.11
2012-01-16,3255.89,-3.51
2012-01-17,3437.33,5.57
2012-01-18,3350.37,-2.53
2012-01-19,3374.29,0.71
2012-01-20,3415.75,1.23
2012-01-30,3404.91,-0.32
2012-01-31,3406.68,0.05
2012-02-01,3387.94,-0.55
2012-02-02,3457.05,2.04
2012-02-03,3518.87,1.79
2012-02-06,3557.08,1.09
2012-02-07,3496.4,-1.71
2012-02-08,3593.28,2.77
2012-02-09,3627.82,0.96
2012-02-10,3648.42,0.57
2012-02-13,3700.1,1.42
2012-02-14,3703.36,0.09
2012-02-15,3769.99,1.8
2012-02-16,3775.8,0.15
2012-02-17,3763.09,-0.34
2012-02-20,3771.66,0.23
2012-02-21,3820.26,1.29
2012-02-22,3895.77,1.98
2012-02-23,3900.04,0.11
2012-02-24,3941.75,1.07
2012-02-27,3942.39,0.02
2012-02-28,3907.7,-0.88
2012-02-29,3858.54,-1.26
2012-03-01,3887.17,0.74
2012-03-02,3961.58,1.91
2012-03-05,3981.73,0.51
2012-03-06,3954.19,-0.69
2012-03-07,3939.31,-0.38
2012-03-08,3993.56,1.38
2012-03-09,4053.9,1.51
2012-03-12,4078.68,0.61
2012-03-13,4114.57,0.88
2012-03-14,3919.62,-4.74
2012-03-15,3869.06,-1.29
2012-03-16,3971.51,2.65
2012-03-19,4040.96,1.75
2012-03-20,3949.49,-2.26
2012-03-21,3965.64,0.41
2012-03-22,3956.74,-0.22
2012-03-23,3873.49,-2.1
2012-03-26,3860.82,-0.33
2012-03-27,3852.9,-0.2
2012-03-28,3663.07,-4.93
2012-03-29,3580.75,-2.25
2012-03-30,3560.49,-0.57
2012-04-05,3676.55,3.26
2012-04-06,3713.28,1.0
2012-04-09,3666.37,-1.26
2012-04-10,3710.36,1.2
2012-04-11,3739.42,0.78
2012-04-12,3818.15,2.11
2012-04-13,3850.73,0.85
2012-04-16,3868.56,0.46
2012-04-17,3815.25,-1.38
2012-04-18,3904.49,2.34
2012-04-19,3901.32,-0.08
2012-04-20,3932.12,0.79
2012-04-23,3867.25,-1.65
2012-04-24,3832.42,-0.9
2012-04-25,3894.92,1.63
2012-04-26,3870.69,-0.62
2012-04-27,3837.88,-0.85
2012-05-02,3874.24,0.95
2012-05-03,3892.93,0.48
2012-05-04,3924.26,0.81
2012-05-07,3954.18,0.76
2012-05-08,3958.42,0.11
2012-05-09,3897.47,-1.54
2012-05-10,3912.47,0.39
2012-05-11,3886.52,-0.66
2012-05-14,3880.78,-0.15
2012-05-15,3865.88,-0.38
2012-05-16,3826.03,-1.03
2012-05-17,3880.79,1.43
2012-05-18,3810.51,-1.81
2012-05-21,3802.15,-0.22
2012-05-22,3852.18,1.32
2012-05-23,3844.08,-0.21
2012-05-24,3816.31,-0.72
2012-05-25,3773.09,-1.13
2012-05-28,3822.53,1.31
2012-05-29,3881.07,1.53
2012-05-30,3889.62,0.22
2012-05-31,3898.59,0.23
2012-06-01,3892.22,-0.16
2012-06-04,3755.0,-3.53
2012-06-05,3748.98,-0.16
2012-06-06,3734.67,-0.38
2012-06-07,3712.7,-0.59
2012-06-08,3697.72,-0.4
2012-06-11,3760.43,1.7
2012-06-12,3738.89,-0.57
2012-06-13,3803.82,1.74
2012-06-14,3777.59,-0.69
2012-06-15,3784.17,0.17
2012-06-18,3824.15,1.06
2012-06-19,3799.52,-0.64
2012-06-20,3784.33,-0.4
2012-06-21,3729.21,-1.46
2012-06-25,3633.24,-2.57
2012-06-26,3627.99,-0.14
2012-06-27,3615.95,-0.33
2012-06-28,3562.42,-1.48
2012-06-29,3610.25,1.34
2012-07-02,3659.61,1.37
2012-07-03,3672.97,0.37
2012-07-04,3659.61,-0.36
2012-07-05,3572.75,-2.37
2012-07-06,3645.55,2.04
2012-07-09,3553.28,-2.53
2012-07-10,3512.12,-1.16
2012-07-11,3544.09,0.91
2012-07-12,3596.42,1.48
2012-07-13,3570.77,-0.71
2012-07-16,3416.2,-4.33
2012-07-17,3445.55,0.86
2012-07-18,3476.42,0.9
2012-07-19,3525.84,1.42
2012-07-20,3510.48,-0.44
2012-07-23,3477.06,-0.95
2012-07-24,3507.03,0.86
2012-07-25,3482.59,-0.7
2012-07-26,3444.94,-1.08
2012-07-27,3420.61,-0.71
2012-07-30,3335.24,-2.5
2012-07-31,3272.06,-1.89
2012-08-01,3333.01,1.86
2012-08-02,3314.23,-0.56
2012-08-03,3393.94,2.41
2012-08-06,3484.0,2.65
2012-08-07,3524.75,1.17
2012-08-08,3515.61,-0.26
2012-08-09,3565.9,1.43
2012-08-10,3562.51,-0.09
2012-08-13,3489.25,-2.06
2012-08-14,3526.63,1.07
2012-08-15,3490.39,-1.03
2012-08-16,3462.82,-0.79
2012-08-17,3465.93,0.09
2012-08-20,3487.6,0.63
2012-08-21,3549.84,1.79
2012-08-22,3528.2,-0.61
2012-08-23,3556.22,0.79
2012-08-24,3475.56,-2.27
2012-08-27,3394.92,-2.32
2012-08-28,3420.87,0.76
2012-08-29,3408.17,-0.37
2012-08-30,3340.95,-1.97
2012-08-31,3354.8,0.42
2012-09-03,3417.64,1.87
2012-09-04,3390.99,-0.78
2012-09-05,3419.6,0.84
2012-09-06,3458.19,1.13
2012-09-07,3569.98,3.23
2012-09-10,3608.76,1.09
2012-09-11,3602.09,-0.19
2012-09-12,3628.53,0.73
2012-09-13,3567.51,-1.68
2012-09-14,3568.22,0.02
2012-09-17,3462.53,-2.96
2012-09-18,3454.67,-0.23
2012-09-19,3486.53,0.92
2012-09-20,3364.47,-3.5
2012-09-21,3329.3,-1.05
2012-09-24,3351.99,0.68
2012-09-25,3323.86,-0.84
2012-09-26,3231.02,-2.79
2012-09-27,3301.32,2.18
2012-09-28,3359.22,1.75
2012-10-08,3358.49,-0.02
2012-10-09,3451.72,2.78
2012-10-10,3494.37,1.24
2012-10-11,3440.52,-1.54
2012-10-12,3432.24,-0.24
2012-10-15,3405.95,-0.77
2012-10-16,3418.92,0.38
2012-10-17,3432.01,0.38
2012-10-18,3486.98,1.6
2012-10-19,3477.78,-0.26
2012-10-22,3492.79,0.43
2012-10-23,3455.7,-1.06
2012-10-24,3440.75,-0.43
2012-10-25,3401.95,-1.13
2012-10-26,3327.72,-2.18
2012-10-29,3321.76,-0.18
2012-10-30,3327.51,0.17
2012-10-31,3342.92,0.46
2012-11-01,3402.75,1.79
2012-11-02,3418.42,0.46
2012-11-05,3406.77,-0.34
2012-11-06,3380.06,-0.78
2012-11-07,3380.4,0.01
2012-11-08,3293.7,-2.57
2012-11-09,3284.72,-0.27
2012-11-12,3312.96,0.86
2012-11-13,3245.89,-2.02
2012-11-14,3248.08,0.07
2012-11-15,3185.24,-1.94
2012-11-16,3165.49,-0.62
2012-11-19,3183.37,0.57
2012-11-20,3174.42,-0.28
2012-11-21,3208.17,1.06
2012-11-22,3169.89,-1.19
2012-11-23,3177.76,0.25
2012-11-26,3137.87,-1.26
2012-11-27,3005.27,-4.23
2012-11-28,2930.07,-2.5
2012-11-29,2892.59,-1.28
2012-11-30,2930.45,1.31
2012-12-03,2850.82,-2.72
2012-12-04,2887.79,1.3
2012-12-05,2999.13,3.86
2012-12-06,2998.71,-0.01
2012-12-07,3071.86,2.44
2012-12-10,3128.4,1.84
2012-12-11,3104.63,-0.76
2012-12-12,3104.94,0.01
2012-12-13,3061.62,-1.4
2012-12-14,3183.75,3.99
2012-12-17,3201.26,0.55
2012-12-18,3192.98,-0.26
2012-12-19,3205.87,0.4
2012-12-20,3215.95,0.31
2012-12-21,3218.08,0.07
2012-12-24,3244.1,0.81
2012-12-25,3318.39,2.29
2012-12-26,3373.75,1.67
2012-12-27,3340.74,-0.98
2012-12-28,3378.98,1.15
2012-12-31,3406.8,0.82
2013-01-04,3391.45,-0.45
2013-01-07,3441.69,1.48
2013-01-08,3492.86,1.49
2013-01-09,3497.93,0.15
2013-01-10,3524.25,0.75
2013-01-11,3454.62,-1.98
2013-01-14,3578.98,3.6
2013-01-15,3649.14,1.96
2013-01-16,3645.82,-0.09
2013-01-17,3602.85,-1.18
2013-01-18,3659.57,1.57
2013-01-21,3689.91,0.83
2013-01-22,3617.13,-1.97
2013-01-23,3630.04,0.36
2013-01-24,3540.22,-2.47
2013-01-25,3536.9,-0.09
2013-01-28,3629.36,2.61
2013-01-29,3663.64,0.94
2013-01-30,3661.03,-0.07
2013-01-31,3639.19,-0.6
2013-02-01,3659.46,0.56
2013-02-04,3624.82,-0.95
2013-02-05,3657.51,0.9
2013-02-06,3681.31,0.65
2013-02-07,3700.57,0.52
2013-02-08,3755.54,1.49
2013-02-18,3797.69,1.12
2013-02-19,3737.65,-1.58
2013-02-20,3818.44,2.16
2013-02-21,3750.17,-1.79
2013-02-22,3744.1,-0.16
2013-02-25,3790.96,1.25
2013-02-26,3743.81,-1.24
2013-02-27,3745.41,0.04
2013-02-28,3815.72,1.88
2013-03-01,3876.64,1.6
2013-03-04,3760.61,-2.99
2013-03-05,3848.59,2.34
2013-03-06,3914.84,1.72
2013-03-07,3867.61,-1.21
2013-03-08,3829.17,-0.99
2013-03-11,3832.11,0.08
2013-03-12,3726.21,-2.76
2013-03-13,3696.45,-0.8
2013-03-14,3709.72,0.36
2013-03-15,3715.14,0.15
2013-03-18,3671.8,-1.17
2013-03-19,3675.68,0.11
2013-03-20,3769.26,2.55
2013-03-21,3818.09,1.3
2013-03-22,3827.1,0.24
2013-03-25,3834.29,0.19
2013-03-26,3814.19,-0.52
2013-03-27,3825.75,0.3
2013-03-28,3710.24,-3.02
2013-03-29,3712.22,0.05
2013-04-01,3743.37,0.84
2013-04-02,3680.15,-1.69
2013-04-03,3642.59,-1.02
2013-04-08,3669.01,0.73
2013-04-09,3703.4,0.94
2013-04-10,3685.73,-0.48
2013-04-11,3674.33,-0.31
2013-04-12,3643.71,-0.83
2013-04-15,3594.43,-1.35
2013-04-16,3629.74,0.98
2013-04-17,3669.81,1.1
2013-04-18,3681.91,0.33
2013-04-19,3752.88,1.93
2013-04-22,3793.25,1.08
2013-04-23,3685.55,-2.84
2013-04-24,3770.95,2.32
2013-04-25,3700.49,-1.87
2013-04-26,3627.5,-1.97
2013-05-02,3667.16,1.09
2013-05-03,3746.93,2.18
2013-05-06,3817.58,1.89
2013-05-07,3829.52,0.31
2013-05-08,3877.75,1.26
2013-05-09,3892.92,0.39
2013-05-10,3912.06,0.49
2013-05-13,3936.81,0.63
2013-05-14,3889.65,-1.2
2013-05-15,3953.85,1.65
2013-05-16,3977.96,0.61
2013-05-17,4031.56,1.35
2013-05-20,4105.23,1.83
2013-05-21,4168.57,1.54
2013-05-22,4111.25,-1.38
2013-05-23,4089.16,-0.54
2013-05-24,4160.95,1.76
2013-05-27,4210.93,1.2
2013-05-28,4179.86,-0.74
2013-05-29,4213.76,0.81
2013-05-30,4231.04,0.41
2013-05-31,4210.97,-0.47
2013-06-03,4172.69,-0.91
2013-06-04,4080.09,-2.22
2013-06-05,4104.91,0.61
2013-06-06,4036.82,-1.66
2013-06-07,3985.51,-1.27
2013-06-13,3887.75,-2.45
2013-06-14,3975.52,2.26
2013-06-17,3996.34,0.52
2013-06-18,4005.14,0.22
2013-06-19,3987.3,-0.45
2013-06-20,3860.89,-3.17
2013-06-21,3833.82,-0.7
2013-06-24,3604.75,-5.98
2013-06-25,3602.57,-0.06
2013-06-26,3697.96,2.65
2013-06-27,3625.68,-1.96
2013-06-28,3602.11,-0.65
2013-07-01,3693.6,2.54
2013-07-02,3769.93,2.07
2013-07-03,3780.6,0.28
2013-07-04,3795.61,0.4
2013-07-05,3756.33,-1.04
2013-07-08,3620.65,-3.61
2013-07-09,3650.7,0.83
2013-07-10,3751.05,2.75
2013-07-11,3832.03,2.16
2013-07-12,3829.2,-0.07
2013-07-15,3923.38,2.46
2013-07-16,3966.64,1.1
2013-07-17,3908.83,-1.46
2013-07-18,3911.2,0.06
2013-07-19,3832.16,-2.02
2013-07-22,3919.3,2.27
2013-07-23,4015.22,2.45
2013-07-24,4057.86,1.06
2013-07-25,3963.31,-2.33
2013-07-26,3968.93,0.14
2013-07-29,3901.1,-1.71
2013-07-30,3882.32,-0.48
2013-07-31,3900.49,0.47
2013-08-01,4026.47,3.23
2013-08-02,4038.77,0.31
2013-08-05,4102.13,1.57
2013-08-06,4146.67,1.09
2013-08-07,4094.32,-1.26
2013-08-08,4113.07,0.46
2013-08-09,4113.43,0.01
2013-08-12,4146.49,0.8
2013-08-13,4178.39,0.77
2013-08-14,4175.45,-0.07
2013-08-15,4131.23,-1.06
2013-08-16,4032.38,-2.39
2013-08-19,4129.44,2.41
2013-08-20,4141.53,0.29
2013-08-21,4164.53,0.56
2013-08-22,4181.36,0.4
2013-08-23,4184.82,0.08
2013-08-26,4267.37,1.97
2013-08-27,4306.38,0.91
2013-08-28,4257.97,-1.12
2013-08-29,4260.79,0.07
2013-08-30,4181.74,-1.86
2013-09-02,4218.4,0.88
2013-09-03,4290.87,1.72
2013-09-04,4298.86,0.19
2013-09-05,4324.73,0.6
2013-09-06,4352.46,0.64
2013-09-09,4369.94,0.4
2013-09-10,4387.76,0.41
2013-09-11,4318.72,-1.57
2013-09-12,4319.11,0.01
2013-09-13,4352.95,0.78
2013-09-16,4384.99,0.74
2013-09-17,4325.06,-1.37
2013-09-18,4366.14,0.95
2013-09-23,4455.81,2.05
2013-09-24,4468.38,0.28
2013-09-25,4447.11,-0.48
2013-09-26,4378.19,-1.55
2013-09-27,4393.74,0.36
2013-09-30,4470.45,1.75
2013-10-08,4542.31,1.61
2013-10-09,4612.13,1.54
2013-10-10,4567.57,-0.97
2013-10-11,4613.58,1.01
2013-10-14,4665.91,1.13
2013-10-15,4662.77,-0.07
2013-10-16,4518.72,-3.09
2013-10-17,4517.77,-0.02
2013-10-18,4549.99,0.71
2013-10-21,4673.76,2.72
2013-10-22,4621.39,-1.12
2013-10-23,4504.0,-2.54
2013-10-24,4469.64,-0.76
2013-10-25,4388.61,-1.81
2013-10-28,4384.39,-0.1
2013-10-29,4269.66,-2.62
2013-10-30,4335.59,1.54
2013-10-31,4270.97,-1.49
2013-11-01,4240.21,-0.72
2013-11-04,4267.37,0.64
2013-11-05,4340.39,1.71
2013-11-06,4303.9,-0.84
2013-11-07,4246.21,-1.34
2013-11-08,4186.18,-1.41
2013-11-11,4213.14,0.64
2013-11-12,4248.37,0.84
2013-11-13,4173.5,-1.76
2013-11-14,4242.91,1.66
2013-11-15,4324.29,1.92
2013-11-18,4421.24,2.24
2013-11-19,4446.49,0.57
2013-11-20,4486.61,0.9
2013-11-21,4478.39,-0.18
2013-11-22,4467.83,-0.24
2013-11-25,4473.54,0.13
2013-11-26,4490.51,0.38
2013-11-27,4559.45,1.54
2013-11-28,4587.69,0.62
2013-11-29,4643.3,1.21
2013-12-02,4354.57,-6.22
2013-12-03,4427.71,1.68
2013-12-04,4465.71,0.86
2013-12-05,4436.97,-0.64
2013-12-06,4430.06,-0.16
2013-12-09,4494.5,1.46
2013-12-10,4491.97,-0.06
2013-12-11,4465.05,-0.6
2013-12-12,4507.55,0.95
2013-12-13,4520.79,0.29
2013-12-16,4460.13,-1.34
2013-12-17,4433.7,-0.59
2013-12-18,4429.14,-0.1
2013-12-19,4393.52,-0.8
2013-12-20,4348.8,-1.02
2013-12-23,4334.17,-0.34
2013-12-24,4379.27,1.04
2013-12-25,4454.3,1.71
2013-12-26,4375.16,-1.78
2013-12-27,4455.35,1.83
2013-12-30,4487.49,0.72
2013-12-31,4482.86,-0.1
2014-01-02,4539.5,1.26
2014-01-03,4531.75,-0.17
2014-01-06,4411.27,-2.66
2014-01-07,4458.56,1.07
2014-01-08,4504.67,1.03
2014-01-09,4431.8,-1.62
2014-01-10,4354.84,-1.74
2014-01-13,4346.71,-0.19
2014-01-14,4447.7,2.32
2014-01-15,4494.1,1.04
2014-01-16,4485.27,-0.2
2014-01-17,4445.2,-0.89
2014-01-20,4415.1,-0.68
2014-01-21,4486.87,1.63
2014-01-22,4584.08,2.17
2014-01-23,4627.34,0.94
2014-01-24,4695.29,1.47
2014-01-27,4682.05,-0.28
2014-01-28,4667.73,-0.31
2014-01-29,4730.86,1.35
2014-01-30,4714.68,-0.34
2014-02-07,4818.25,2.2
2014-02-10,4943.38,2.6
2014-02-11,4941.81,-0.03
2014-02-12,5005.03,1.28
2014-02-13,4901.68,-2.07
2014-02-14,5000.59,2.02
2014-02-17,5117.39,2.34
2014-02-18,5120.24,0.06
2014-02-19,5120.14,0.0
2014-02-20,5035.17,-1.66
2014-02-21,5030.78,-0.09
2014-02-24,5064.49,0.67
2014-02-25,4849.37,-4.25
2014-02-26,4881.73,0.67
2014-02-27,4795.55,-1.77
2014-02-28,4842.52,0.98
2014-03-03,4954.17,2.31
2014-03-04,4961.94,0.16
2014-03-05,4963.66,0.04
2014-03-06,4962.4,-0.03
2014-03-07,4949.84,-0.25
2014-03-10,4760.67,-3.82
2014-03-11,4746.73,-0.29
2014-03-12,4726.86,-0.42
2014-03-13,4794.0,1.42
2014-03-14,4785.04,-0.19
2014-03-17,4903.13,2.47
2014-03-18,4934.42,0.64
2014-03-19,4937.73,0.07
2014-03-20,4798.4,-2.82
2014-03-21,4870.01,1.49
2014-03-24,4876.47,0.13
2014-03-25,4876.29,0.0
2014-03-26,4903.92,0.57
2014-03-27,4804.21,-2.03
2014-03-28,4671.79,-2.76
2014-03-31,4633.27,-0.82
2014-04-01,4714.95,1.76
2014-04-02,4683.78,-0.66
2014-04-03,4686.95,0.07
2014-04-04,4743.68,1.21
2014-04-08,4774.53,0.65
2014-04-09,4830.54,1.17
2014-04-10,4849.66,0.4
2014-04-11,4822.71,-0.56
2014-04-14,4858.16,0.74
2014-04-15,4838.65,-0.4
2014-04-16,4847.64,0.19
2014-04-17,4847.68,0.0
2014-04-18,4870.31,0.47
2014-04-21,4794.88,-1.55
2014-04-22,4748.01,-0.98
2014-04-23,4730.83,-0.36
2014-04-24,4682.83,-1.02
2014-04-25,4582.63,-2.14
2014-04-28,4424.41,-3.45
2014-04-29,4479.26,1.24
2014-04-30,4525.31,1.03
2014-05-05,4577.41,1.15
2014-05-06,4612.15,0.76
2014-05-07,4533.01,-1.72
2014-05-08,4532.26,-0.02
2014-05-09,4481.84,-1.11
2014-05-12,4576.42,2.11
2014-05-13,4574.8,-0.04
2014-05-14,4577.68,0.06
2014-05-15,4491.75,-1.88
2014-05-16,4472.17,-0.44
2014-05-19,4458.38,-0.31
2014-05-20,4480.03,0.49
2014-05-21,4518.66,0.86
2014-05-22,4527.6,0.2
2014-05-23,4582.46,1.21
2014-05-26,4645.0,1.37
2014-05-27,4624.34,-0.45
2014-05-28,4690.62,1.43
2014-05-29,4635.01,-1.19
2014-05-30,4648.23,0.29
2014-06-03,4640.24,-0.17
2014-06-04,4610.72,-0.64
2014-06-05,4671.33,1.32
2014-06-06,4662.31,-0.19
2014-06-09,4627.43,-0.75
2014-06-10,4686.09,1.27
2014-06-11,4717.94,0.68
2014-06-12,4712.04,-0.13
2014-06-13,4766.52,1.16
2014-06-16,4800.6,0.72
2014-06-17,4757.48,-0.9
2014-06-18,4721.7,-0.75
2014-06-19,4581.91,-2.96
2014-06-20,4635.06,1.16
2014-06-23,4697.42,1.35
2014-06-24,4733.76,0.77
2014-06-25,4715.85,-0.38
2014-06-26,4793.36,1.64
2014-06-27,4829.48,0.75
2014-06-30,4884.4,1.14
2014-07-01,4915.74,0.64
2014-07-02,4945.53,0.61
2014-07-03,4980.72,0.71
2014-07-04,4977.59,-0.06
2014-07-07,4970.87,-0.14
2014-07-08,5014.86,0.89
2014-07-09,4937.32,-1.55
2014-07-10,4935.69,-0.03
2014-07-11,4966.18,0.62
2014-07-14,5025.24,1.19
2014-07-15,4992.83,-0.65
2014-07-16,4925.46,-1.35
2014-07-17,4907.89,-0.36
2014-07-18,4910.77,0.06
2014-07-21,4898.25,-0.26
2014-07-22,4966.79,1.4
2014-07-23,4897.56,-1.39
2014-07-24,4859.62,-0.78
2014-07-25,4899.73,0.83
2014-07-28,4984.28,1.73
2014-07-29,5046.41,1.25
2014-07-30,5088.65,0.84
2014-07-31,5115.58,0.53
2014-08-01,5056.04,-1.16
2014-08-04,5121.73,1.3
2014-08-05,5170.16,0.95
2014-08-06,5192.31,0.43
2014-08-07,5158.5,-0.65
2014-08-08,5206.2,0.93
2014-08-11,5285.68,1.53
2014-08-12,5322.3,0.69
2014-08-13,5320.85,-0.03
2014-08-14,5302.98,-0.34
2014-08-15,5359.73,1.07
2014-08-18,5449.27,1.67
2014-08-19,5473.4,0.44
2014-08-20,5461.59,-0.22
2014-08-21,5477.34,0.29
2014-08-22,5524.37,0.86
2014-08-25,5485.08,-0.71
2014-08-26,5376.85,-1.97
2014-08-27,5406.56,0.55
2014-08-28,5359.56,-0.87
2014-08-29,5421.29,1.15
2014-09-01,5522.78,1.87
2014-09-02,5604.66,1.48
2014-09-03,5648.72,0.79
2014-09-04,5704.28,0.98
2014-09-05,5722.82,0.33
2014-09-09,5757.87,0.61
2014-09-10,5797.45,0.69
2014-09-11,5790.1,-0.13
2014-09-12,5862.17,1.25
2014-09-15,5922.27,1.03
2014-09-16,5717.84,-3.45
2014-09-17,5757.99,0.7
2014-09-18,5803.72,0.79
2014-09-19,5870.09,1.14
2014-09-22,5820.68,-0.84
2014-09-23,5905.17,1.45
2014-09-24,5984.15,1.34
2014-09-25,5989.88,0.1
2014-09-26,6015.45,0.43
2014-09-29,6080.1,1.08
2014-09-30,6127.13,0.77
2014-10-08,6214.97,1.43
2014-10-09,6238.26,0.38
2014-10-10,6216.98,-0.34
2014-10-13,6216.67,-0.01
2014-10-14,6204.0,-0.2
2014-10-15,6222.8,0.3
2014-10-16,6134.74,-1.42
2014-10-17,6058.67,-1.24
2014-10-20,6154.52,1.58
2014-10-21,6103.01,-0.84
2014-10-22,6027.51,-1.24
2014-10-23,5930.48,-1.61
2014-10-24,5941.93,0.19
2014-10-27,6006.84,1.09
2014-10-28,6163.67,2.61
2014-10-29,6246.7,1.35
2014-10-30,6241.59,-0.08
2014-10-31,6208.61,-0.53
2014-11-03,6275.99,1.09
2014-11-04,6231.82,-0.7
2014-11-05,6227.25,-0.07
2014-11-06,6289.19,0.99
2014-11-07,6228.17,-0.97
2014-11-10,6246.61,0.3
2014-11-11,6023.0,-3.58
2014-11-12,6120.06,1.61
2014-11-13,6023.78,-1.57
2014-11-14,6009.45,-0.24
2014-11-17,6100.83,1.52
2014-11-18,6139.52,0.63
2014-11-19,6193.56,0.88
2014-11-20,6185.92,-0.12
2014-11-21,6240.77,0.89
2014-11-24,6293.02,0.84
2014-11-25,6392.44,1.58
2014-11-26,6435.14,0.67
2014-11-27,6472.59,0.58
2014-11-28,6478.11,0.09
2014-12-01,6392.46,-1.32
2014-12-02,6457.56,1.02
2014-12-03,6513.96,0.87
2014-12-04,6605.32,1.4
2014-12-05,6462.09,-2.17
2014-12-08,6457.51,-0.07
2014-12-09,6161.37,-4.59
2014-12-10,6366.81,3.33
2014-12-11,6463.32,1.52
2014-12-12,6545.19,1.27
2014-12-15,6658.15,1.73
2014-12-16,6635.26,-0.34
2014-12-17,6551.12,-1.27
2014-12-18,6540.88,-0.16
2014-12-19,6438.04,-1.57
2014-12-22,6120.58,-4.93
2014-12-23,6023.37,-1.59
2014-12-24,6154.88,2.18
2014-12-25,6222.51,1.1
2014-12-26,6233.94,0.18
2014-12-29,6098.98,-2.16
2014-12-30,5982.64,-1.91
2014-12-31,6027.52,0.75
2015-01-05,6049.79,0.37
2015-01-06,6172.39,2.03
2015-01-07,6166.77,-0.09
2015-01-08,6164.11,-0.04
2015-01-09,6128.01,-0.59
2015-01-12,6062.28,-1.07
2015-01-13,6167.12,1.73
2015-01-14,6139.29,-0.45
2015-01-15,6168.66,0.48
2015-01-16,6252.08,1.35
2015-01-19,6109.29,-2.28
2015-01-20,6336.63,3.72
2015-01-21,6465.73,2.04
2015-01-22,6568.64,1.59
2015-01-23,6502.07,-1.01
2015-01-26,6642.61,2.16
2015-01-27,6693.81,0.77
2015-01-28,6666.26,-0.41
2015-01-29,6625.01,-0.62
2015-01-30,6546.6,-1.18
2015-02-02,6535.9,-0.16
2015-02-03,6654.55,1.82
2015-02-04,6653.34,-0.02
2015-02-05,6654.08,0.01
2015-02-06,6526.95,-1.91
2015-02-09,6474.82,-0.8
2015-02-10,6555.82,1.25
2015-02-11,6645.51,1.37
2015-02-12,6703.82,0.88
2015-02-13,6815.85,1.67
2015-02-16,6965.3,2.19
2015-02-17,7020.05,0.79
2015-02-25,7004.67,-0.22
2015-02-26,7045.27,0.58
2015-02-27,7141.89,1.37
2015-03-02,7317.68,2.46
2015-03-03,7282.11,-0.49
2015-03-04,7411.03,1.77
2015-03-05,7450.91,0.54
2015-03-06,7338.4,-1.51
2015-03-09,7450.82,1.53
2015-03-10,7566.48,1.55
2015-03-11,7566.31,0.0
2015-03-12,7514.45,-0.69
2015-03-13,7649.35,1.8
2015-03-16,7903.36,3.32
2015-03-17,7993.24,1.14
2015-03-18,8150.95,1.97
2015-03-19,8216.62,0.81
2015-03-20,8318.83,1.24
2015-03-23,8560.44,2.9
2015-03-24,8655.38,1.11
2015-03-25,8784.91,1.5
2015-03-26,8611.86,-1.97
2015-03-27,8710.29,1.14
2015-03-30,8719.22,0.1
2015-03-31,8780.74,0.71
2015-04-01,9008.2,2.59
2015-04-02,9238.05,2.55
2015-04-03,9419.2,1.96
2015-04-07,9600.72,1.93
2015-04-08,9455.59,-1.51
2015-04-09,9369.66,-0.91
2015-04-10,9600.4,2.46
2015-04-13,9813.6,2.22
2015-04-14,9830.06,0.17
2015-04-15,9441.19,-3.96
2015-04-16,9541.77,1.07
2015-04-17,9567.7,0.27
2015-04-20,9353.61,-2.24
2015-04-21,9716.35,3.88
2015-04-22,9995.26,2.87
2015-04-23,10105.27,1.1
2015-04-24,10123.91,0.18
2015-04-27,10174.9,0.5
2015-04-28,9847.89,-3.21
2015-04-29,10107.4,2.64
2015-04-30,10180.49,0.72
2015-05-04,10270.13,0.88
2015-05-05,10007.27,-2.56
2015-05-06,9973.99,-0.33
2015-05-07,9806.51,-1.68
2015-05-08,10274.38,4.77
2015-05-11,10771.62,4.84
2015-05-12,11051.43,2.6
2015-05-13,11137.3,0.78
2015-05-14,11211.1,0.66
2015-05-15,11217.93,0.06
2015-05-18,11542.28,2.89
2015-05-19,11831.36,2.5
2015-05-20,12132.37,2.54
2015-05-21,12586.05,3.74
2015-05-22,12687.29,0.8
2015-05-25,12877.87,1.5
2015-05-26,13401.31,4.06
2015-05-27,13582.55,1.35
2015-05-28,12818.99,-5.62
2015-05-29,13027.21,1.62
2015-06-01,13691.17,5.1
2015-06-02,14276.32,4.27
2015-06-03,14356.6,0.56
2015-06-04,14308.65,-0.33
2015-06-05,14465.75,1.1
2015-06-08,14099.73,-2.53
2015-06-09,14106.23,0.05
2015-06-10,14461.81,2.52
2015-06-11,14768.88,2.12
2015-06-12,15006.34,1.61
2015-06-15,14707.78,-1.99
2015-06-16,14102.22,-4.12
2015-06-17,14407.31,2.16
2015-06-18,13934.21,-3.28
2015-06-19,13024.72,-6.53
2015-06-23,13047.02,0.17
2015-06-24,13313.79,2.04
2015-06-25,12760.48,-4.16
2015-06-26,11730.75,-8.07
2015-06-29,10906.04,-7.03
2015-06-30,11381.47,4.36
2015-07-01,10734.01,-5.69
2015-07-02,10002.36,-6.82
2015-07-03,9358.73,-6.43
2015-07-06,8858.91,-5.34
2015-07-07,8356.13,-5.68
2015-07-08,8114.6,-2.89
2015-07-09,8348.87,2.89
2015-07-10,8620.27,3.25
2015-07-13,9032.56,4.78
2015-07-14,9338.17,3.38
2015-07-15,8942.91,-4.23
2015-07-16,9041.23,1.1
2015-07-17,9541.26,5.53
2015-07-20,9839.92,3.13
2015-07-21,10062.89,2.27
2015-07-22,10228.86,1.65
2015-07-23,10553.22,3.17
2015-07-24,10449.75,-0.98
2015-07-27,9719.55,-6.99
2015-07-28,9284.54,-4.48
2015-07-29,9727.23,4.77
2015-07-30,9460.73,-2.74
2015-07-31,9223.64,-2.51
2015-08-03,8723.59,-5.42
2015-08-04,9265.22,6.21
2015-08-05,9240.88,-0.26
2015-08-06,9229.35,-0.12
2015-08-07,9585.14,3.85
2015-08-10,10077.94,5.14
2015-08-11,10153.71,0.75
2015-08-12,10005.93,-1.46
2015-08-13,10308.79,3.03
2015-08-14,10377.98,0.67
2015-08-17,10563.13,1.78
2015-08-18,9806.7,-7.16
2015-08-19,10057.84,2.56
2015-08-20,9739.92,-3.16
2015-08-21,9208.15,-5.46
2015-08-24,8506.72,-7.62
2015-08-25,7882.11,-7.34
2015-08-26,7543.78,-4.29
2015-08-27,7793.54,3.31
2015-08-28,8270.96,6.13
2015-08-31,7950.46,-3.88
2015-09-01,7441.34,-6.4
2015-09-02,7129.97,-4.18
2015-09-07,7291.47,2.27
2015-09-08,7651.5,4.94
2015-09-09,7956.73,3.99
2015-09-10,7843.0,-1.43
2015-09-11,7952.14,1.39
2015-09-14,7412.3,-6.79
2015-09-15,7034.9,-5.09
2015-09-16,7500.61,6.62
2015-09-17,7428.64,-0.96
2015-09-18,7556.2,1.72
2015-09-21,7847.88,3.86
2015-09-22,7880.84,0.42
2015-09-23,7824.07,-0.72
2015-09-24,7928.82,1.34
2015-09-25,7640.17,-3.64
2015-09-28,7839.62,2.61
2015-09-29,7720.68,-1.52
2015-09-30,7727.51,0.09
2015-10-08,8056.28,4.25
2015-10-09,8180.4,1.54
2015-10-12,8522.63,4.18
2015-10-13,8651.05,1.51
2015-10-14,8534.73,-1.34
2015-10-15,8808.46,3.21
2015-10-16,8943.02,1.53
2015-10-19,8935.39,-0.09
2015-10-20,9116.54,2.03
2015-10-21,8541.61,-6.31
2015-10-22,8894.76,4.13
2015-10-23,9182.55,3.24
2015-10-26,9262.89,0.87
2015-10-27,9345.97,0.9
2015-10-28,9131.87,-2.29
2015-10-29,9214.59,0.91
2015-10-30,9188.27,-0.29
2015-11-02,8944.68,-2.65
2015-11-03,8924.42,-0.23
2015-11-04,9396.84,5.29
2015-11-05,9391.45,-0.06
2015-11-06,9629.28,2.53
2015-11-09,9816.03,1.94
2015-11-10,9911.24,0.97
2015-11-11,10100.51,1.91
2015-11-12,10135.08,0.34
2015-11-13,9934.77,-1.98
2015-11-16,10194.78,2.62
2015-11-17,10109.4,-0.84
2015-11-18,9928.66,-1.79
2015-11-19,10235.35,3.09
2015-11-20,10440.35,2.0
2015-11-23,10341.45,-0.95
2015-11-24,10459.6,1.14
2015-11-25,10696.31,2.26
2015-11-26,10620.83,-0.71
2015-11-27,9933.5,-6.47
2015-11-30,10001.19,0.68
2015-12-01,9955.2,-0.46
2015-12-02,9822.05,-1.34
2015-12-03,10102.89,2.86
2015-12-04,10081.57,-0.21
2015-12-07,10238.02,1.55
2015-12-08,10057.74,-1.76
2015-12-09,10034.19,-0.23
2015-12-10,10035.45,0.01
2015-12-11,9946.12,-0.89
2015-12-14,10118.9,1.74
2015-12-15,10278.47,1.58
2015-12-16,10374.23,0.93
2015-12-17,10679.96,2.95
2015-12-18,10629.97,-0.47
2015-12-21,10699.61,0.66
2015-12-22,10809.24,1.02
2015-12-23,10638.16,-1.58
2015-12-24,10633.19,-0.05
2015-12-25,10726.99,0.88
2015-12-28,10515.36,-1.97
2015-12-29,10653.71,1.32
2015-12-30,10806.7,1.44
2015-12-31,10614.38,-1.78
2016-01-04,9694.84,-8.66
2016-01-05,9452.04,-2.5
2016-01-06,9709.57,2.72
2016-01-07,8856.49,-8.79
2016-01-08,8876.25,0.22
2016-01-11,8205.12,-7.56
2016-01-12,8187.96,-0.21
2016-01-13,7836.12,-4.3
2016-01-14,8157.74,4.1
2016-01-15,7868.17,-3.55
2016-01-18,8060.88,2.45
2016-01-19,8388.38,4.06
2016-01-20,8321.39,-0.8
2016-01-21,7944.57,-4.53
2016-01-22,8074.29,1.63
2016-01-25,8180.5,1.32
2016-01-26,7545.54,-7.76
2016-01-27,7466.75,-1.04
2016-01-28,7100.9,-4.9
2016-01-29,7385.76,4.01
2016-02-01,7292.61,-1.26
2016-02-02,7576.07,3.89
2016-02-03,7630.46,0.72
2016-02-04,7807.4,2.32
2016-02-05,7718.71,-1.14
2016-02-15,7726.37,0.1
2016-02-16,8069.59,4.44
2016-02-17,8202.15,1.64
2016-02-18,8176.14,-0.32
2016-02-19,8239.26,0.77
2016-02-22,8407.85,2.05
2016-02-23,8357.36,-0.6
2016-02-24,8364.66,0.09
2016-02-25,7702.59,-7.92
2016-02-26,7666.82,-0.46
2016-02-29,7183.68,-6.3
2016-03-01,7345.09,2.25
2016-03-02,7711.89,4.99
2016-03-03,7727.16,0.2
2016-03-04,7418.8,-3.99
2016-03-07,7600.44,2.45
2016-03-08,7670.69,0.92
2016-03-09,7500.17,-2.22
2016-03-10,7376.7,-1.65
2016-03-11,7349.57,-0.37
2016-03-14,7640.13,3.95
2016-03-15,7571.82,-0.89
2016-03-16,7484.23,-1.16
2016-03-17,7779.88,3.95
2016-03-18,8097.2,4.08
2016-03-21,8325.98,2.83
2016-03-22,8311.21,-0.18
2016-03-23,8408.64,1.17
2016-03-24,8279.65,-1.53
2016-03-25,8343.24,0.77
2016-03-28,8298.78,-0.53
2016-03-29,8119.0,-2.17
2016-03-30,8438.68,3.94
2016-03-31,8447.18,0.1
2016-04-01,8389.29,-0.69
2016-04-05,8635.67,2.94
2016-04-06,8691.23,0.64
2016-04-07,8549.51,-1.63
2016-04-08,8484.17,-0.76
2016-04-11,8677.41,2.28
2016-04-12,8608.37,-0.8
2016-04-13,8729.84,1.41
2016-04-14,8837.02,1.23
2016-04-15,8841.09,0.05
2016-04-18,8715.85,-1.42
2016-04-19,8754.5,0.44
2016-04-20,8312.2,-5.05
2016-04-21,8198.51,-1.37
2016-04-22,8282.42,1.02
2016-04-25,8232.48,-0.6
2016-04-26,8343.42,1.35
2016-04-27,8323.46,-0.24
2016-04-28,8303.56,-0.24
2016-04-29,8291.7,-0.14
2016-05-03,8558.58,3.22
2016-05-04,8565.11,0.08
2016-05-05,8628.74,0.74
2016-05-06,8276.03,-4.09
2016-05-09,7918.15,-4.32
2016-05-10,7898.66,-0.25
2016-05-11,7823.98,-0.95
2016-05-12,7821.91,-0.03
2016-05-13,7806.96,-0.19
2016-05-16,7961.15,1.98
2016-05-17,7961.5,0.0
2016-05-18,7711.95,-3.13
2016-05-19,7767.32,0.72
2016-05-20,7860.13,1.19
2016-05-23,7995.58,1.72
2016-05-24,7913.68,-1.02
2016-05-25,7889.73,-0.3
2016-05-26,7929.47,0.5
2016-05-27,7912.86,-0.21
2016-05-30,7867.6,-0.57
2016-05-31,8197.56,4.19
2016-06-01,8270.52,0.89
2016-06-02,8369.43,1.2
2016-06-03,8391.76,0.27
2016-06-06,8422.47,0.37
2016-06-07,8434.67,0.14
2016-06-08,8431.89,-0.03
2016-06-13,8000.82,-5.11
2016-06-14,8038.59,0.47
2016-06-15,8340.54,3.76
2016-06-16,8358.03,0.21
2016-06-17,8414.51,0.68
2016-06-20,8457.93,0.52
2016-06-21,8350.76,-1.27
2016-06-22,8513.54,1.95
2016-06-23,8495.78,-0.21
2016-06-24,8428.82,-0.79
2016-06-27,8646.16,2.58
2016-06-28,8730.2,0.97
2016-06-29,8745.82,0.18
2016-06-30,8741.1,-0.05
2016-07-01,8710.52,-0.35
2016-07-04,8874.07,1.88
2016-07-05,8914.84,0.46
2016-07-06,8947.14,0.36
2016-07-07,8954.28,0.08
2016-07-08,8939.26,-0.17
2016-07-11,8875.0,-0.72
2016-07-12,8943.06,0.77
2016-07-13,9023.24,0.9
2016-07-14,9042.76,0.22
2016-07-15,8982.89,-0.66
2016-07-18,8937.86,-0.5
2016-07-19,8996.83,0.66
2016-07-20,8997.89,0.01
2016-07-21,9007.55,0.11
2016-07-22,8931.97,-0.84
2016-07-25,8925.34,-0.07
2016-07-26,9035.56,1.23
2016-07-27,8602.92,-4.79
2016-07-28,8571.56,-0.36
2016-07-29,8501.09,-0.82
2016-08-01,8363.61,-1.62
2016-08-02,8445.78,0.98
2016-08-03,8482.2,0.43
2016-08-04,8553.01,0.83
2016-08-05,8505.36,-0.56
2016-08-08,8607.4,1.2
2016-08-09,8699.39,1.07
2016-08-10,8671.78,-0.32
2016-08-11,8531.69,-1.62
2016-08-12,8615.05,0.98
2016-08-15,8807.83,2.24
2016-08-16,8877.07,0.79
2016-08-17,8911.75,0.39
2016-08-18,8908.32,-0.04
2016-08-19,8923.36,0.17
2016-08-22,8810.84,-1.26
2016-08-23,8820.21,0.11
2016-08-24,8850.51,0.34
2016-08-25,8784.58,-0.74
2016-08-26,8814.46,0.34
2016-08-29,8836.99,0.26
2016-08-30,8838.46,0.02
2016-08-31,8838.38,0.0
2016-09-01,8770.75,-0.77
2016-09-02,8724.94,-0.52
2016-09-05,8761.96,0.42
2016-09-06,8906.87,1.65
2016-09-07,8897.8,-0.1
2016-09-08,8938.43,0.46
2016-09-09,8872.31,-0.74
2016-09-12,8587.4,-3.21
2016-09-13,8656.68,0.81
2016-09-14,8618.15,-0.45
2016-09-19,8716.49,1.14
2016-09-20,8712.28,-0.05
2016-09-21,8732.0,0.23
2016-09-22,8770.09,0.44
2016-09-23,8729.61,-0.46
2016-09-26,8544.18,-2.12
2016-09-27,8604.1,0.7
2016-09-28,8592.13,-0.14
2016-09-29,8618.61,0.31
2016-09-30,8661.02,0.49
2016-10-10,8842.82,2.1
2016-10-11,8903.46,0.69
2016-10-12,8915.44,0.13
2016-10-13,8929.51,0.16
2016-10-14,8913.7,-0.18
2016-10-17,8832.09,-0.92
2016-10-18,8966.69,1.52
2016-10-19,8954.2,-0.14
2016-10-20,8995.41,0.46
2016-10-21,8943.01,-0.58
2016-10-24,9000.7,0.65
2016-10-25,9039.48,0.43
2016-10-26,9000.76,-0.43
2016-10-27,8997.02,-0.04
2016-10-28,8914.62,-0.92
2016-10-31,8910.51,-0.05
2016-11-01,9006.79,1.08
2016-11-02,8946.74,-0.67
2016-11-03,9004.85,0.65
2016-11-04,8979.93,-0.28
2016-11-07,8975.57,-0.05
2016-11-08,9030.73,0.61
2016-11-09,8967.6,-0.7
2016-11-10,9083.84,1.3
2016-11-11,9121.51,0.41
2016-11-14,9152.17,0.34
2016-11-15,9197.86,0.5
2016-11-16,9211.95,0.15
2016-11-17,9174.44,-0.41
2016-11-18,9146.21,-0.31
2016-11-21,9167.49,0.23
2016-11-22,9244.21,0.84
2016-11-23,9180.01,-0.69
2016-11-24,9116.57,-0.69
2016-11-25,9134.82,0.2
2016-11-28,9133.91,-0.01
2016-11-29,9031.29,-1.12
2016-11-30,9014.91,-0.18
2016-12-01,9055.99,0.46
2016-12-02,8900.41,-1.72
2016-12-05,8851.52,-0.55
2016-12-06,8871.73,0.23
2016-12-07,8969.14,1.1
2016-12-08,8914.51,-0.61
2016-12-09,8881.34,-0.37
2016-12-12,8397.48,-5.45
2016-12-13,8433.59,0.43
2016-12-14,8378.06,-0.66
2016-12-15,8467.71,1.07
2016-12-16,8559.99,1.09
2016-12-19,8551.33,-0.1
2016-12-20,8546.19,-0.06
2016-12-21,8609.41,0.74
2016-12-22,8607.95,-0.02
2016-12-23,8509.36,-1.15
2016-12-26,8547.1,0.44
2016-12-27,8555.99,0.1
2016-12-28,8521.38,-0.4
2016-12-29,8488.3,-0.39
2016-12-30,8490.86,0.03
2017-01-03,8565.14,0.87
2017-01-04,8669.95,1.22
2017-01-05,8670.76,0.01
2017-01-06,8609.9,-0.7
2017-01-09,8653.85,0.51
2017-01-10,8609.55,-0.51
2017-01-11,8519.85,-1.04
2017-01-12,8443.26,-0.9
2017-01-13,8286.24,-1.86
2017-01-16,7931.96,-4.28
2017-01-17,8028.65,1.22
2017-01-18,7989.14,-0.49
2017-01-19,7955.39,-0.42
2017-01-20,8087.77,1.66
2017-01-23,8169.11,1.01
2017-01-24,8123.59,-0.56
2017-01-25,8150.6,0.33
2017-01-26,8205.87,0.68
2017-02-03,8182.28,-0.29
2017-02-06,8280.01,1.19
2017-02-07,8282.37,0.03
2017-02-08,8342.43,0.73
2017-02-09,8410.26,0.81
2017-02-10,8380.79,-0.35
2017-02-13,8432.96,0.62
2017-02-14,8423.84,-0.11
2017-02-15,8344.07,-0.95
2017-02-16,8397.56,0.64
2017-02-17,8324.42,-0.87
2017-02-20,8397.24,0.87
2017-02-21,8479.61,0.98
2017-02-22,8510.31,0.36
2017-02-23,8512.7,0.03
2017-02-24,8543.45,0.36
2017-02-27,8476.91,-0.78
2017-02-28,8508.09,0.37
2017-03-01,8526.47,0.22
2017-03-02,8471.44,-0.65
2017-03-03,8505.45,0.4
2017-03-06,8608.15,1.21
2017-03-07,8624.47,0.19
2017-03-08,8589.87,-0.4
2017-03-09,8535.56,-0.63
2017-03-10,8537.78,0.03
2017-03-13,8598.52,0.71
2017-03-14,8581.71,-0.2
2017-03-15,8574.03,-0.09
2017-03-16,8664.98,1.06
2017-03-17,8603.87,-0.71
2017-03-20,8634.84,0.36
2017-03-21,8639.57,0.05
2017-03-22,8592.51,-0.54
2017-03-23,8590.96,-0.02
2017-03-24,8602.29,0.13
2017-03-27,8586.91,-0.18
2017-03-28,8558.07,-0.34
2017-03-29,8488.22,-0.82
2017-03-30,8315.05,-2.04
2017-03-31,8339.15,0.29
2017-04-05,8522.01,2.19
2017-04-06,8543.66,0.25
2017-04-07,8544.75,0.01
2017-04-10,8449.16,-1.12
2017-04-11,8514.44,0.77
2017-04-12,8444.39,-0.82
2017-04-13,8470.31,0.31
2017-04-14,8345.65,-1.47
2017-04-17,8220.66,-1.5
2017-04-18,8136.41,-1.02
2017-04-19,8033.5,-1.26
2017-04-20,7987.65,-0.57
2017-04-21,7945.39,-0.53
2017-04-24,7698.28,-3.11
2017-04-25,7724.0,0.33
2017-04-26,7751.94,0.36
2017-04-27,7799.12,0.61
2017-04-28,7842.08,0.55
2017-05-02,7845.47,0.04
2017-05-03,7830.64,-0.19
2017-05-04,7804.58,-0.33
2017-05-05,7700.26,-1.34
2017-05-08,7555.28,-1.88
2017-05-09,7602.96,0.63
2017-05-10,7451.78,-1.99
2017-05-11,7387.15,-0.87
2017-05-12,7371.3,-0.21
2017-05-15,7391.61,0.28
2017-05-16,7549.76,2.14
2017-05-17,7570.44,0.27
2017-05-18,7519.19,-0.68
2017-05-19,7510.11,-0.12
2017-05-22,7372.79,-1.83
2017-05-23,7138.24,-3.18
2017-05-24,7172.14,0.47
2017-05-25,7232.63,0.84
2017-05-26,7233.34,0.01
2017-05-31,7212.7,-0.29
2017-06-01,7016.3,-2.72
2017-06-02,7094.43,1.11
2017-06-05,7160.53,0.93
2017-06-06,7197.62,0.52
2017-06-07,7347.6,2.08
2017-06-08,7342.48,-0.07
2017-06-09,7348.52,0.08
2017-06-12,7246.71,-1.39
2017-06-13,7352.98,1.47
2017-06-14,7362.86,0.13
2017-06-15,7455.39,1.26
2017-06-16,7442.95,-0.17
2017-06-19,7489.76,0.63
2017-06-20,7503.8,0.19
2017-06-21,7504.19,0.01
2017-06-22,7371.96,-1.76
2017-06-23,7376.67,0.06
2017-06-26,7462.1,1.16
2017-06-27,7474.03,0.16
2017-06-28,7423.47,-0.68
2017-06-29,7456.67,0.45
2017-06-30,7465.76,0.12
2017-07-03,7537.11,0.96
2017-07-04,7523.7,-0.18
2017-07-05,7588.09,0.86
2017-07-06,7601.79,0.18
2017-07-07,7623.38,0.28
2017-07-10,7577.82,-0.6
2017-07-11,7484.06,-1.24
2017-07-12,7474.33,-0.13
2017-07-13,7474.3,0.0
2017-07-14,7433.18,-0.55
2017-07-17,7048.54,-5.17
2017-07-18,7109.6,0.87
2017-07-19,7202.81,1.31
2017-07-20,7244.9,0.58
2017-07-21,7252.71,0.11
2017-07-24,7292.65,0.55
2017-07-25,7278.84,-0.19
2017-07-26,7289.88,0.15
2017-07-27,7383.11,1.28
2017-07-28,7386.21,0.04
2017-07-31,7444.96,0.8
2017-08-01,7452.93,0.11
2017-08-02,7389.51,-0.85
2017-08-03,7424.11,0.47
2017-08-04,7389.15,-0.47
2017-08-07,7445.18,0.76
2017-08-08,7470.69,0.34
2017-08-09,7495.39,0.33
2017-08-10,7441.24,-0.72
2017-08-11,7328.4,-1.52
2017-08-14,7474.64,2.0
2017-08-15,7507.29,0.44
2017-08-16,7544.39,0.49
2017-08-17,7614.21,0.93
2017-08-18,7576.05,-0.5
2017-08-21,7631.75,0.74
2017-08-22,7585.11,-0.61
2017-08-23,7534.46,-0.67
2017-08-24,7486.06,-0.64
2017-08-25,7559.31,0.98
2017-08-28,7642.65,1.1
2017-08-29,7623.26,-0.25
2017-08-30,7654.37,0.41
2017-08-31,7679.87,0.33
2017-09-01,7739.91,0.78
2017-09-04,7798.18,0.75
2017-09-05,7800.54,0.03
2017-09-06,7858.28,0.74
2017-09-07,7823.4,-0.44
2017-09-08,7838.8,0.2
2017-09-11,7920.69,1.04
2017-09-12,7899.42,-0.27
2017-09-13,7928.75,0.37
2017-09-14,7916.67,-0.15
2017-09-15,7880.57,-0.46
2017-09-18,7941.68,0.78
2017-09-19,7905.71,-0.45
2017-09-20,7975.39,0.88
2017-09-21,7886.52,-1.11
2017-09-22,7849.73,-0.47
2017-09-25,7731.8,-1.5
2017-09-26,7746.24,0.19
2017-09-27,7810.23,0.83
2017-09-28,7768.38,-0.54
2017-09-29,7842.59,0.96
2017-10-09,7941.18,1.26
2017-10-10,7994.46,0.67
2017-10-11,7961.11,-0.42
2017-10-12,7940.14,-0.26
2017-10-13,7972.42,0.41
2017-10-16,7819.59,-1.92
2017-10-17,7805.07,-0.19
2017-10-18,7730.27,-0.96
2017-10-19,7656.06,-0.96
2017-10-20,7751.43,1.25
2017-10-23,7793.54,0.54
2017-10-24,7752.92,-0.52
2017-10-25,7799.75,0.6
2017-10-26,7830.11,0.39
2017-10-27,7770.71,-0.76
2017-10-30,7574.65,-2.52
2017-10-31,7631.53,0.75
2017-11-01,7635.44,0.05
2017-11-02,7542.35,-1.22
2017-11-03,7476.98,-0.87
2017-11-06,7551.35,0.99
2017-11-07,7596.17,0.59
2017-11-08,7617.52,0.28
2017-11-09,7656.67,0.51
2017-11-10,7669.97,0.17
2017-11-13,7681.63,0.15
2017-11-14,7627.49,-0.7
2017-11-15,7556.42,-0.93
2017-11-16,7535.59,-0.28
2017-11-17,7272.66,-3.49
2017-11-20,7292.46,0.27
2017-11-21,7289.31,-0.04
2017-11-22,7297.39,0.11
2017-11-23,7129.05,-2.31
2017-11-24,7139.55,0.15
2017-11-27,7065.84,-1.03
2017-11-28,7176.92,1.57
2017-11-29,7193.12,0.23
2017-11-30,7153.57,-0.55
2017-12-01,7215.78,0.87
2017-12-04,7139.75,-1.05
2017-12-05,6946.56,-2.71
2017-12-06,7016.76,1.01
2017-12-07,7012.71,-0.06
2017-12-08,7078.0,0.93
2017-12-11,7160.43,1.16
2017-12-12,7095.59,-0.91
2017-12-13,7139.72,0.62
2017-12-14,7146.45,0.09
2017-12-15,7122.75,-0.33
2017-12-18,7075.87,-0.66
2017-12-19,7115.85,0.57
2017-12-20,7041.5,-1.04
2017-12-21,7051.34,0.14
2017-12-22,7037.4,-0.2
2017-12-25,6940.51,-1.38
2017-12-26,6970.75,0.44
2017-12-27,6942.54,-0.4
2017-12-28,6956.48,0.2
2017-12-29,7017.35,0.87
2018-01-02,7092.09,1.07
2018-01-03,7159.88,0.96
2018-01-04,7174.87,0.21
2018-01-05,7176.87,0.03
2018-01-08,7188.29,0.16
2018-01-09,7176.74,-0.16
2018-01-10,7138.78,-0.53
2018-01-11,7175.4,0.51
2018-01-12,7127.83,-0.66
2018-01-15,6929.31,-2.79
2018-01-16,6960.68,0.45
2018-01-17,6942.86,-0.26
2018-01-18,6955.23,0.18
2018-01-19,6938.31,-0.24
2018-01-22,7014.55,1.1
2018-01-23,7019.98,0.08
2018-01-24,7072.41,0.75
2018-01-25,7062.64,-0.14
2018-01-26,7056.01,-0.09
2018-01-29,6972.48,-1.18
2018-01-30,6955.24,-0.25
2018-01-31,6791.01,-2.36
2018-02-01,6506.45,-4.19
2018-02-02,6487.87,-0.29
2018-02-05,6461.81,-0.4
2018-02-06,6142.67,-4.94
2018-02-07,6158.26,0.25
2018-02-08,6238.22,1.3
2018-02-09,6053.02,-2.97
2018-02-12,6203.75,2.49
2018-02-13,6216.51,0.21
2018-02-14,6230.66,0.23
2018-02-22,6347.08,1.87
2018-02-23,6365.92,0.3
2018-02-26,6507.13,2.22
2018-02-27,6529.38,0.34
2018-02-28,6563.81,0.53
2018-03-01,6658.58,1.44
2018-03-02,6632.37,-0.39
2018-03-05,6674.28,0.63
2018-03-06,6735.86,0.92
2018-03-07,6688.55,-0.7
2018-03-08,6725.18,0.55
2018-03-09,6837.13,1.66
2018-03-12,6947.46,1.61
2018-03-13,6911.67,-0.52
2018-03-14,6834.84,-1.11
2018-03-15,6824.05,-0.16
2018-03-16,6805.93,-0.27
2018-03-19,6820.5,0.21
2018-03-20,6822.25,0.03
2018-03-21,6771.06,-0.75
2018-03-22,6764.69,-0.09
2018-03-23,6402.89,-5.35
2018-03-26,6515.25,1.75
2018-03-27,6680.84,2.54
2018-03-28,6635.87,-0.67
2018-03-29,6684.28,0.73
2018-03-30,6798.67,1.71
2018-04-02,6835.87,0.55
2018-04-03,6769.56,-0.97
2018-04-04,6708.92,-0.9
2018-04-09,6718.65,0.14
2018-04-10,6720.77,0.03
2018-04-11,6759.81,0.58
2018-04-12,6727.64,-0.48
2018-04-13,6721.66,-0.09
2018-04-16,6717.93,-0.06
2018-04-17,6564.69,-2.28
2018-04-18,6661.29,1.47
2018-04-19,6677.09,0.24
2018-04-20,6535.96,-2.11
2018-04-23,6466.52,-1.06
2018-04-24,6606.58,2.17
2018-04-25,6632.02,0.38
2018-04-26,6510.53,-1.83
2018-04-27,6517.05,0.1
2018-05-02,6486.81,-0.46
2018-05-03,6545.27,0.9
2018-05-04,6531.29,-0.21
2018-05-07,6646.58,1.77
2018-05-08,6678.14,0.47
2018-05-09,6674.91,-0.05
2018-05-10,6703.21,0.42
2018-05-11,6636.77,-0.99
2018-05-14,6591.73,-0.68
2018-05-15,6661.13,1.05
2018-05-16,6622.64,-0.58
2018-05-17,6591.26,-0.47
2018-05-18,6620.77,0.45
2018-05-21,6697.14,1.15
2018-05-22,6724.4,0.41
2018-05-23,6652.29,-1.07
2018-05-24,6628.5,-0.36
2018-05-25,6541.45,-1.31
2018-05-28,6490.4,-0.78
2018-05-29,6436.77,-0.83
2018-05-30,6232.42,-3.17
2018-05-31,6315.17,1.33
2018-06-01,6243.73,-1.13
2018-06-04,6215.61,-0.45
2018-06-05,6316.42,1.62
2018-06-06,6320.47,0.06
2018-06-07,6274.88,-0.72
2018-06-08,6205.96,-1.1
2018-06-11,6151.94,-0.87
2018-06-12,6199.15,0.77
2018-06-13,6092.34,-1.72
2018-06-14,6060.13,-0.53
2018-06-15,5928.07,-2.18
2018-06-18,5928.07,0.0
2018-06-19,5522.53,-6.84
2018-06-20,5588.27,1.19
2018-06-21,5456.91,-2.35
2018-06-22,5541.37,1.55
2018-06-25,5512.43,-0.52
2018-06-26,5558.71,0.84
2018-06-27,5508.92,-0.9
2018-06-28,5443.85,-1.18
2018-06-29,5608.54,3.03
2018-07-02,5538.09,-1.26
2018-07-03,5601.59,1.15
2018-07-04,5500.67,-1.8
2018-07-05,5352.66,-2.69
2018-07-06,5374.58,0.41
2018-07-09,5487.55,2.1
2018-07-10,5524.8,0.68
2018-07-11,5396.31,-2.33
2018-07-12,5541.36,2.69
2018-07-13,5561.69,0.37
2018-07-16,5566.96,0.09
2018-07-17,5575.47,0.15
2018-07-18,5544.52,-0.56
2018-07-19,5480.77,-1.15
2018-07-20,5541.21,1.1
2018-07-23,5582.31,0.74
2018-07-24,5672.22,1.61
2018-07-25,5685.59,0.24
2018-07-26,5663.18,-0.39
2018-07-27,5630.23,-0.58
2018-07-30,5549.04,-1.44
2018-07-31,5542.54,-0.12
2018-08-01,5456.21,-1.56
2018-08-02,5325.8,-2.39
2018-08-03,5255.63,-1.32
2018-08-06,5144.64,-2.11
2018-08-07,5279.64,2.62
2018-08-08,5191.79,-1.66
2018-08-09,5307.97,2.24
2018-08-10,5342.05,0.64
2018-08-13,5369.18,0.51
2018-08-14,5351.02,-0.34
2018-08-15,5242.09,-2.04
2018-08-16,5178.24,-1.22
2018-08-17,5084.21,-1.82
2018-08-20,5103.63,0.38
2018-08-21,5162.03,1.14
2018-08-22,5102.36,-1.16
2018-08-23,5133.33,0.61
2018-08-24,5116.14,-0.33
2018-08-27,5229.36,2.21
2018-08-28,5233.5,0.08
2018-08-29,5203.71,-0.57
2018-08-30,5114.27,-1.72
2018-08-31,5057.98,-1.1
2018-09-03,5054.11,-0.08
2018-09-04,5113.15,1.17
2018-09-05,5032.5,-1.58
2018-09-06,5012.51,-0.4
2018-09-07,5022.28,0.2
2018-09-10,4923.64,-1.96
2018-09-11,4925.3,0.03
2018-09-12,4919.81,-0.11
2018-09-13,4958.16,0.78
2018-09-14,4907.93,-1.01
2018-09-17,4831.56,-1.56
2018-09-18,4917.35,1.78
2018-09-19,4970.01,1.07
2018-09-20,4951.58,-0.37
2018-09-21,5011.69,1.21
2018-09-25,4995.7,-0.32
2018-09-26,5017.06,0.43
2018-09-27,4945.69,-1.42
2018-09-28,4987.27,0.84
2018-10-08,4817.43,-3.41
2018-10-09,4818.73,0.03
2018-10-10,4812.43,-0.13
2018-10-11,4456.61,-7.39
2018-10-12,4427.68,-0.65
2018-10-15,4358.87,-1.55
2018-10-16,4261.17,-2.24
2018-10-17,4292.2,0.73
2018-10-18,4149.44,-3.33
2018-10-19,4241.23,2.21
2018-10-22,4452.74,4.99
2018-10-23,4379.06,-1.65
2018-10-24,4377.55,-0.03
2018-10-25,4345.33,-0.74
2018-10-26,4359.47,0.33
2018-10-29,4296.7,-1.44
2018-10-30,4336.65,0.93
2018-10-31,4400.61,1.47
2018-11-01,4428.74,0.64
2018-11-02,4564.18,3.06
2018-11-05,4598.2,0.75
2018-11-06,4603.11,0.11
2018-11-07,4592.84,-0.22
2018-11-08,4572.38,-0.45
2018-11-09,4561.21,-0.24
2018-11-12,4697.35,2.98
2018-11-13,4790.45,1.98
2018-11-14,4791.23,0.02
2018-11-15,4871.09,1.67
2018-11-16,4923.99,1.09
2018-11-19,4942.49,0.38
2018-11-20,4811.88,-2.64
2018-11-21,4847.04,0.73
2018-11-22,4850.13,0.06
2018-11-23,4642.12,-4.29
2018-11-26,4633.73,-0.18
2018-11-27,4671.64,0.82
2018-11-28,4728.58,1.22
2018-11-29,4617.35,-2.35
2018-11-30,4648.18,0.67
2018-12-03,4802.29,3.32
2018-12-04,4846.17,0.91
2018-12-05,4816.99,-0.6
2018-12-06,4730.91,-1.79
2018-12-07,4731.9,0.02
2018-12-10,4676.62,-1.17
2018-12-11,4720.47,0.94
2018-12-12,4718.82,-0.03
2018-12-13,4763.72,0.95
2018-12-14,4641.89,-2.56
2018-12-17,4627.23,-0.32
2018-12-18,4596.61,-0.66
2018-12-19,4533.4,-1.38
2018-12-20,4550.6,0.38
2018-12-21,4517.78,-0.72
2018-12-24,4558.32,0.9
2018-12-25,4514.62,-0.96
2018-12-26,4494.5,-0.45
2018-12-27,4424.65,-1.55
2018-12-28,4430.02,0.12
2019-01-02,4408.53,-0.49
2019-01-03,4376.86,-0.72
2019-01-04,4497.89,2.77
2019-01-07,4594.15,2.14
2019-01-08,4585.03,-0.2
2019-01-09,4594.74,0.21
2019-01-10,4582.48,-0.27
2019-01-11,4621.61,0.85
2019-01-14,4594.19,-0.59
2019-01-15,4644.17,1.09
2019-01-16,4637.2,-0.15
2019-01-17,4595.49,-0.9
2019-01-18,4626.41,0.67
2019-01-21,4655.11,0.62
2019-01-22,4603.2,-1.12
2019-01-23,4609.67,0.14
2019-01-24,4635.75,0.57
2019-01-25,4607.94,-0.6
2019-01-28,4570.4,-0.81
2019-01-29,4490.05,-1.76
2019-01-30,4423.14,-1.49
2019-01-31,4355.74,-1.52
2019-02-01,4482.99,2.92
2019-02-11,4611.83,2.87
2019-02-12,4675.79,1.39
2019-02-13,4759.83,1.8
2019-02-14,4780.04,0.42
2019-02-15,4773.51,-0.14
2019-02-18,4942.88,3.55
2019-02-19,4963.75,0.42
2019-02-20,4967.04,0.07
2019-02-21,4947.66,-0.39
2019-02-22,5059.51,2.26
2019-02-25,5324.25,5.23
2019-02-26,5323.76,-0.01
2019-02-27,5310.27,-0.25
2019-02-28,5330.34,0.38
2019-03-01,5364.37,0.64
2019-03-04,5482.3,2.2
2019-03-05,5654.31,3.14
2019-03-06,5776.97,2.17
2019-03-07,5877.3,1.74
2019-03-08,5633.32,-4.15
2019-03-11,5876.34,4.31
2019-03-12,6006.18,2.21
2019-03-13,5866.63,-2.32
2019-03-14,5688.95,-3.03
2019-03-15,5777.11,1.55
2019-03-18,5916.34,2.41
2019-03-19,5941.91,0.43
2019-03-20,5926.17,-0.26
2019-03-21,5990.64,1.09
2019-03-22,6014.55,0.4
2019-03-25,5961.44,-0.88
2019-03-26,5788.36,-2.9
2019-03-27,5826.53,0.66
2019-03-28,5747.86,-1.35
2019-03-29,5911.21,2.84
2019-04-01,6137.73,3.83
2019-04-02,6174.94,0.61
2019-04-03,6237.02,1.01
2019-04-04,6260.07,0.37
2019-04-08,6230.21,-0.48
2019-04-09,6245.43,0.24
2019-04-10,6235.71,-0.16
2019-04-11,6106.95,-2.06
2019-04-12,6101.2,-0.09
2019-04-15,6052.05,-0.81
2019-04-16,6179.8,2.11
2019-04-17,6234.11,0.88
2019-04-18,6202.84,-0.5
2019-04-19,6255.25,0.84
2019-04-22,6192.14,-1.01
2019-04-23,6078.27,-1.84
2019-04-24,6153.39,1.24
2019-04-25,5899.91,-4.12
2019-04-26,5834.38,-1.11
2019-04-29,5622.48,-3.63
2019-04-30,5682.24,1.06
2019-05-06,5246.83,-7.66
2019-05-07,5312.5,1.25
2019-05-08,5292.75,-0.37
2019-05-09,5237.82,-1.04
2019-05-10,5445.53,3.97
2019-05-13,5405.61,-0.73
2019-05-14,5368.23,-0.69
2019-05-15,5486.39,2.2
2019-05-16,5527.28,0.75
2019-05-17,5330.99,-3.55
2019-05-20,5313.15,-0.33
2019-05-21,5418.05,1.97
2019-05-22,5395.43,-0.42
2019-05-23,5267.83,-2.37
2019-05-24,5200.77,-1.27
2019-05-27,5354.63,2.96
2019-05-28,5354.53,0.0
2019-05-29,5376.51,0.41
2019-05-30,5341.98,-0.64
2019-05-31,5334.25,-0.14
2019-06-03,5255.07,-1.48
2019-06-04,5160.98,-1.79
2019-06-05,5158.47,-0.05
2019-06-06,5030.8,-2.47
2019-06-10,5098.94,1.35
2019-06-11,5289.62,3.74
2019-06-12,5264.89,-0.47
2019-06-13,5294.11,0.56
2019-06-14,5173.07,-2.29
2019-06-17,5160.67,-0.24
2019-06-18,5160.88,0.0
2019-06-19,5234.28,1.42
2019-06-20,5317.31,1.59
2019-06-21,5406.04,1.67
2019-06-24,5403.8,-0.04
2019-06-25,5351.69,-0.96
2019-06-26,5351.39,-0.01
2019-06-27,5397.57,0.86
2019-06-28,5321.43,-1.41
2019-07-01,5481.41,3.01
2019-07-02,5483.52,0.04
2019-07-03,5428.51,-1.0
2019-07-04,5404.38,-0.44
2019-07-05,5424.25,0.37
2019-07-08,5244.27,-3.32
2019-07-09,5260.34,0.31
2019-07-10,5214.64,-0.87
2019-07-11,5206.4,-0.16
2019-07-12,5219.19,0.25
2019-07-15,5273.81,1.05
2019-07-16,5285.23,0.22
2019-07-17,5289.42,0.08
2019-07-18,5194.6,-1.79
2019-07-19,5220.03,0.49
2019-07-22,5073.33,-2.81
2019-07-23,5131.1,1.14
2019-07-24,5194.83,1.24
2019-07-25,5211.09,0.31
2019-07-26,5216.6,0.11
2019-07-29,5218.98,0.05
2019-07-30,5239.72,0.4
2019-07-31,5200.09,-0.76
2019-08-01,5173.23,-0.52
2019-08-02,5091.06,-1.59
2019-08-05,5032.64,-1.15
2019-08-06,4899.82,-2.64
2019-08-07,4885.44,-0.29
2019-08-08,4923.33,0.78
2019-08-09,4869.79,-1.09
2019-08-12,4952.22,1.69
2019-08-13,4928.46,-0.48
2019-08-14,4961.75,0.68
2019-08-15,4985.42,0.48
2019-08-16,5013.58,0.56
2019-08-19,5173.18,3.18
2019-08-20,5185.27,0.23
2019-08-21,5186.62,0.03
2019-08-22,5208.55,0.42
2019-08-23,5197.55,-0.21
2019-08-26,5168.68,-0.56
2019-08-27,5266.66,1.9
2019-08-28,5256.18,-0.2
2019-08-29,5260.95,0.09
2019-08-30,5182.96,-1.48
2019-09-02,5317.53,2.6
2019-09-03,5357.06,0.74
2019-09-04,5394.71,0.7
2019-09-05,5445.57,0.94
2019-09-06,5468.46,0.42
2019-09-09,5602.24,2.45
2019-09-10,5614.58,0.22
2019-09-11,5566.41,-0.86
2019-09-12,5592.92,0.48
2019-09-16,5627.24,0.61
2019-09-17,5492.22,-2.4
2019-09-18,5485.88,-0.12
2019-09-19,5550.41,1.18
2019-09-20,5556.48,0.11
2019-09-23,5501.21,-0.99
2019-09-24,5528.89,0.5
2019-09-25,5421.62,-1.94
2019-09-26,5244.08,-3.27
2019-09-27,5291.44,0.9
2019-09-30,5232.39,-1.12
2019-10-08,5237.18,0.09
2019-10-09,5285.15,0.92
2019-10-10,5366.93,1.55
2019-10-11,5370.65,0.07
2019-10-14,5455.61,1.58
2019-10-15,5375.53,-1.47
2019-10-16,5353.02,-0.42
2019-10-17,5347.27,-0.11
2019-10-18,5280.53,-1.25
2019-10-21,5247.3,-0.63
2019-10-22,5312.46,1.24
2019-10-23,5269.72,-0.8
2019-10-24,5259.45,-0.19
2019-10-25,5300.09,0.77
2019-10-28,5425.75,2.37
2019-10-29,5366.75,-1.09
2019-10-30,5313.42,-0.99
2019-10-31,5253.88,-1.12
2019-11-01,5303.99,0.95
2019-11-04,5337.08,0.62
2019-11-05,5352.06,0.28
2019-11-06,5304.84,-0.88
2019-11-07,5340.17,0.67
2019-11-08,5321.78,-0.34
2019-11-11,5183.57,-2.6
2019-11-12,5196.72,0.25
2019-11-13,5181.49,-0.29
2019-11-14,5216.64,0.68
2019-11-15,5152.56,-1.23
2019-11-18,5189.35,0.71
2019-11-19,5286.15,1.87
2019-11-20,5259.47,-0.5
2019-11-21,5250.67,-0.17
2019-11-22,5181.11,-1.32
2019-11-25,5151.37,-0.57
2019-11-26,5147.73,-0.07
2019-11-27,5145.97,-0.03
2019-11-28,5131.13,-0.29
2019-11-29,5126.61,-0.09
2019-12-02,5137.78,0.22
2019-12-03,5171.36,0.65
2019-12-04,5179.69,0.16
2019-12-05,5238.13,1.13
2019-12-06,5275.51,0.71
2019-12-09,5294.28,0.36
2019-12-10,5326.36,0.61
2019-12-11,5304.88,-0.4
2019-12-12,5304.42,-0.01
2019-12-13,5375.98,1.35
2019-12-16,5476.99,1.88
2019-12-17,5545.62,1.25
2019-12-18,5543.79,-0.03
2019-12-19,5568.11,0.44
2019-12-20,5501.16,-1.2
2019-12-23,5377.09,-2.26
2019-12-24,5471.74,1.76
2019-12-25,5504.42,0.6
2019-12-26,5543.66,0.71
2019-12-27,5498.93,-0.81
2019-12-30,5530.0,0.57
2019-12-31,5567.03,0.67
2020-01-02,5676.56,1.97
2020-01-03,5706.04,0.52
2020-01-06,5764.73,1.03
2020-01-07,5852.36,1.52
2020-01-08,5772.47,-1.37
2020-01-09,5864.18,1.59
2020-01-10,5851.89,-0.21
2020-01-13,5926.72,1.28
2020-01-14,5914.11,-0.21
2020-01-15,5913.52,-0.01
2020-01-16,5902.13,-0.19
2020-01-17,5879.41,-0.38
2020-01-20,5954.87,1.28
2020-01-21,5901.86,-0.89
2020-01-22,5919.59,0.3
2020-01-23,5699.01,-3.73
2020-02-03,5200.16,-8.75
2020-02-04,5212.1,0.23
2020-02-05,5348.34,2.61
2020-02-06,5515.64,3.13
2020-02-07,5583.6,1.23
2020-02-10,5661.56,1.4
2020-02-11,5623.26,-0.68
2020-02-12,5754.26,2.33
2020-02-13,5707.53,-0.81
2020-02-14,5727.83,0.36
2020-02-17,5936.48,3.64
2020-02-18,6072.19,2.29
2020-02-19,6018.05,-0.89
2020-02-20,6134.39,1.93
2020-02-21,6243.48,1.78
2020-02-24,6380.41,2.19
2020-02-25,6407.14,0.42
2020-02-26,6221.84,-2.89
2020-02-27,6232.09,0.16
2020-02-28,5870.97,-5.79
2020-03-02,6113.41,4.13
2020-03-03,6195.89,1.35
2020-03-04,6226.53,0.49
2020-03-05,6315.83,1.43
2020-03-06,6296.74,-0.3
2020-03-09,6049.62,-3.92
2020-03-10,6206.41,2.59
2020-03-11,6122.91,-1.35
2020-03-12,5999.64,-2.01
2020-03-13,5945.46,-0.9
2020-03-16,5657.77,-4.84
2020-03-17,5642.92,-0.26
2020-03-18,5556.11,-1.54
2020-03-19,5617.19,1.1
2020-03-20,5670.47,0.95
2020-03-23,5416.57,-4.48
2020-03-24,5517.26,1.86
2020-03-25,5646.63,2.34
2020-03-26,5595.43,-0.91
2020-03-27,5553.61,-0.75
2020-03-30,5415.41,-2.49
2020-03-31,5427.13,0.22
2020-04-01,5403.3,-0.44
2020-04-02,5538.6,2.5
2020-04-03,5507.12,-0.57
2020-04-07,5695.17,3.41
2020-04-08,5718.13,0.4
2020-04-09,5789.26,1.24
2020-04-10,5637.53,-2.62
2020-04-13,5578.86,-1.04
2020-04-14,5692.0,2.03
2020-04-15,5657.95,-0.6
2020-04-16,5700.96,0.76
2020-04-17,5710.05,0.16
2020-04-20,5803.4,1.63
2020-04-21,5773.01,-0.52
2020-04-22,5826.56,0.93
2020-04-23,5789.48,-0.64
2020-04-24,5675.51,-1.97
2020-04-27,5645.66,-0.53
2020-04-28,5561.2,-1.5
2020-04-29,5547.63,-0.24
2020-04-30,5678.17,2.35
2020-05-06,5802.42,2.19
2020-05-07,5795.87,-0.11
2020-05-08,5862.77,1.15
2020-05-11,5851.8,-0.19
2020-05-12,5869.51,0.3
2020-05-13,5917.03,0.81
2020-05-14,5863.24,-0.91
2020-05-15,5889.98,0.46
2020-05-18,5860.04,-0.51
2020-05-19,5936.6,1.31
2020-05-20,5865.84,-1.19
2020-05-21,5791.64,-1.26
2020-05-22,5684.0,-1.86
2020-05-25,5671.97,-0.21
2020-05-26,5808.55,2.41
2020-05-27,5772.08,-0.63
2020-05-28,5758.93,-0.23
2020-05-29,5816.4,1.0
2020-06-01,5993.79,3.05
2020-06-02,6002.84,0.15
2020-06-03,5994.64,-0.14
2020-06-04,6006.76,0.2
2020-06-05,6015.33,0.14
2020-06-08,6001.43,-0.23
2020-06-09,6042.34,0.68
2020-06-10,6049.32,0.12
2020-06-11,6027.41,-0.36
2020-06-12,6031.17,0.06
2020-06-15,6028.96,-0.04
2020-06-16,6151.69,2.04
2020-06-17,6178.14,0.43
2020-06-18,6149.29,-0.47
2020-06-19,6187.11,0.62
2020-06-22,6228.02,0.66
2020-06-23,6238.9,0.17
2020-06-24,6227.57,-0.18
2020-06-29,6211.38,-0.26
2020-06-30,6319.56,1.74
2020-07-01,6339.37,0.31
2020-07-02,6413.95,1.18
2020-07-03,6478.35,1.0
2020-07-06,6726.0,3.82
2020-07-07,6817.87,1.37
2020-07-08,6974.0,2.29
2020-07-09,7182.18,2.99
2020-07-10,7150.42,-0.44
2020-07-13,7403.09,3.53
2020-07-14,7344.99,-0.78
2020-07-15,7131.46,-2.91
2020-07-16,6758.14,-5.23
2020-07-17,6772.53,0.21
2020-07-20,7003.67,3.41
2020-07-21,7058.79,0.79
2020-07-22,7125.57,0.95
2020-07-23,7119.67,-0.08
2020-07-24,6784.63,-4.71
2020-07-27,6786.53,0.03
2020-07-28,6857.94,1.05
2020-07-29,7060.53,2.95
2020-07-30,7048.98,-0.16
2020-07-31,7141.59,1.31
2020-08-03,7373.34,3.25
2020-08-04,7326.19,-0.64
2020-08-05,7427.19,1.38
2020-08-06,7432.77,0.08
2020-08-07,7339.81,-1.25
2020-08-10,7358.86,0.26
2020-08-11,7213.45,-1.98
2020-08-12,7092.36,-1.68
2020-08-13,7113.93,0.3
2020-08-14,7183.96,0.98
2020-08-17,7339.69,2.17
2020-08-18,7410.24,0.96
2020-08-19,7256.13,-2.08
2020-08-20,7151.26,-1.45
2020-08-21,7194.27,0.6
2020-08-24,7253.64,0.83
2020-08-25,7213.68,-0.55
2020-08-26,7037.98,-2.44
2020-08-27,7113.8,1.08
2020-08-28,7204.78,1.28
2020-08-31,7224.05,0.27
2020-09-01,7258.89,0.48
2020-09-02,7272.62,0.19
2020-09-03,7189.86,-1.14
2020-09-04,7182.11,-0.11
2020-09-07,7057.19,-1.74
2020-09-08,7103.09,0.65
2020-09-09,6877.6,-3.17
2020-09-10,6633.89,-3.54
2020-09-11,6742.06,1.63
2020-09-14,6848.36,1.58
2020-09-15,6881.59,0.49
2020-09-16,6812.91,-1.0
2020-09-17,6825.15,0.18
2020-09-18,6929.77,1.53
2020-09-21,6927.19,-0.04
2020-09-22,6815.78,-1.61
2020-09-23,6862.97,0.69
2020-09-24,6675.15,-2.74
2020-09-25,6634.39,-0.61
2020-09-28,6550.37,-1.27
2020-09-29,6621.03,1.08
2020-09-30,6617.16,-0.06
2020-10-09,6822.36,3.1
2020-10-12,7036.28,3.14
2020-10-13,7053.87,0.25
2020-10-14,6988.61,-0.93
2020-10-15,6926.85,-0.88
2020-10-16,6906.39,-0.3
2020-10-19,6858.36,-0.7
2020-10-20,6923.38,0.95
2020-10-21,6815.09,-1.56
2020-10-22,6771.81,-0.64
2020-10-23,6641.33,-1.93
2020-10-26,6648.52,0.11
2020-10-27,6682.54,0.51
2020-10-28,6685.43,0.04
2020-10-29,6674.74,-0.16
2020-10-30,6511.16,-2.45
2020-11-02,6513.79,0.04
2020-11-03,6647.58,2.05
2020-11-04,6632.68,-0.22
2020-11-05,6754.95,1.84
2020-11-06,6688.66,-0.98
2020-11-09,6851.98,2.44
2020-11-10,6779.49,-1.06
2020-11-11,6663.73,-1.71
2020-11-12,6676.42,0.19
2020-11-13,6686.39,0.15
2020-11-16,6747.81,0.92
2020-11-17,6681.72,-0.98
2020-11-18,6682.12,0.01
2020-11-19,6718.46,0.54
2020-11-20,6766.06,0.71
2020-11-23,6807.72,0.62
2020-11-24,6808.0,0.0
2020-11-25,6691.87,-1.71
2020-11-26,6643.18,-0.73
2020-11-27,6641.77,-0.02
2020-11-30,6622.36,-0.29
2020-12-01,6713.23,1.37
2020-12-02,6735.71,0.33
2020-12-03,6711.84,-0.35
2020-12-04,6746.63,0.52
2020-12-07,6733.0,-0.2
2020-12-08,6734.37,0.02
2020-12-09,6602.52,-1.96
2020-12-10,6605.19,0.04
2020-12-11,6498.24,-1.62
2020-12-14,6576.82,1.21
2020-12-15,6596.5,0.3
2020-12-16,6543.36,-0.81
2020-12-17,6597.86,0.83
2020-12-18,6573.4,-0.37
2020-12-21,6691.59,1.8
2020-12-22,6549.97,-2.12
2020-12-23,6601.24,0.78
2020-12-24,6496.33,-1.59
2020-12-25,6561.27,1.0
2020-12-28,6519.47,-0.64
2020-12-29,6477.26,-0.65
2020-12-30,6526.88,0.77
2020-12-31,6646.47,1.83
2021-01-04,6798.76,2.29
2021-01-05,6807.45,0.13
2021-01-06,6724.95,-1.21
2021-01-07,6616.55,-1.61
2021-01-08,6585.36,-0.47
2021-01-11,6475.95,-1.66
2021-01-12,6564.74,1.37
2021-01-13,6513.64,-0.78
2021-01-14,6506.83,-0.1
2021-01-15,6528.46,0.33
2021-01-18,6652.1,1.89
2021-01-19,6614.07,-0.57
2021-01-20,6671.45,0.87
2021-01-21,6745.11,1.1
2021-01-22,6721.92,-0.34
2021-01-25,6657.27,-0.96
2021-01-26,6534.1,-1.85
2021-01-27,6537.75,0.06
2021-01-28,6399.13,-2.12
2021-01-29,6304.12,-1.48
2021-02-01,6345.81,0.66
2021-02-02,6417.46,1.13
2021-02-03,6307.39,-1.72
2021-02-04,6167.75,-2.21
2021-02-05,6045.3,-1.99
2021-02-08,6088.82,0.72
2021-02-09,6254.01,2.71
2021-02-10,6303.31,0.79
2021-02-18,6404.59,1.61
2021-02-19,6527.65,1.92
2021-02-22,6534.57,0.11
2021-02-23,6489.96,-0.68
2021-02-24,6437.84,-0.8
2021-02-25,6399.35,-0.6
2021-02-26,6325.4,-1.16
2021-03-01,6495.16,2.68
2021-03-02,6466.63,-0.44
2021-03-03,6553.6,1.34
2021-03-04,6434.89,-1.81
2021-03-05,6456.28,0.33
2021-03-08,6327.65,-1.99
2021-03-09,6126.28,-3.18
2021-03-10,6078.24,-0.78
2021-03-11,6219.66,2.33
2021-03-12,6220.48,0.01
2021-03-15,6177.74,-0.69
2021-03-16,6233.46,0.9
2021-03-17,6277.58,0.71
2021-03-18,6298.89,0.34
2021-03-19,6250.81,-0.76
2021-03-22,6359.6,1.74
2021-03-23,6289.0,-1.11
2021-03-24,6196.27,-1.47
2021-03-25,6190.71,-0.09
2021-03-26,6301.34,1.79
2021-03-29,6326.61,0.4
2021-03-30,6301.58,-0.4
2021-03-31,6293.39,-0.13
2021-04-01,6335.79,0.67
2021-04-02,6361.25,0.4
2021-04-06,6421.49,0.95
2021-04-07,6422.76,0.02
2021-04-08,6404.13,-0.29
2021-04-09,6399.52,-0.07
2021-04-12,6263.4,-2.13
2021-04-13,6231.14,-0.52
2021-04-14,6320.07,1.43
2021-04-15,6296.61,-0.37
2021-04-16,6368.85,1.15
2021-04-19,6477.39,1.7
2021-04-20,6457.63,-0.31
2021-04-21,6457.71,0.0
2021-04-22,6485.21,0.43
2021-04-23,6453.3,-0.49
2021-04-26,6431.09,-0.34
2021-04-27,6400.9,-0.47
2021-04-28,6437.25,0.57
2021-04-29,6405.1,-0.5
2021-04-30,6382.14,-0.36
2021-05-06,6398.44,0.26
2021-05-07,6320.25,-1.22
2021-05-10,6338.57,0.29
2021-05-11,6343.86,0.08
2021-05-12,6420.34,1.21
2021-05-13,6375.01,-0.71
2021-05-14,6462.48,1.37
2021-05-17,6457.28,-0.08
2021-05-18,6486.82,0.46
2021-05-19,6488.95,0.03
2021-05-20,6482.84,-0.09
2021-05-21,6480.37,-0.04
2021-05-24,6537.86,0.89
2021-05-25,6615.71,1.19
2021-05-26,6644.75,0.44
2021-05-27,6705.05,0.91
2021-05-28,6694.35,-0.16
2021-05-31,6814.36,1.79
2021-06-01,6854.73,0.59
2021-06-02,6759.46,-1.39
2021-06-03,6754.07,-0.08
2021-06-04,6785.8,0.47
2021-06-07,6861.85,1.12
2021-06-08,6809.86,-0.76
2021-06-09,6823.41,0.2
2021-06-10,6898.21,1.1
2021-06-11,6852.97,-0.66
2021-06-15,6815.12,-0.55
2021-06-16,6673.24,-2.08
2021-06-17,6787.67,1.71
2021-06-18,6863.72,1.12
2021-06-21,6968.3,1.52
2021-06-22,7000.25,0.46
2021-06-23,7046.17,0.66
2021-06-24,6974.64,-1.02
2021-06-25,7000.43,0.37
2021-06-28,7063.47,0.9
2021-06-29,7004.3,-0.84
2021-06-30,7083.7,1.13
2021-07-01,6969.53,-1.61
2021-07-02,6908.93,-0.87
2021-07-05,7006.7,1.42
2021-07-06,6979.06,-0.39
2021-07-07,7089.66,1.58
2021-07-08,7099.41,0.14
2021-07-09,7142.9,0.61
2021-07-12,7284.23,1.98
2021-07-13,7331.73,0.65
2021-07-14,7243.82,-1.2
2021-07-15,7241.62,-0.03
2021-07-16,7228.36,-0.18
2021-07-19,7205.27,-0.32
2021-07-20,7253.28,0.67
2021-07-21,7398.81,2.01
2021-07-22,7446.48,0.64
2021-07-23,7379.79,-0.9
2021-07-26,7286.15,-1.27
2021-07-27,7093.87,-2.64
2021-07-28,6945.51,-2.09
2021-07-29,7207.48,3.77
2021-07-30,7262.38,0.76
2021-08-02,7402.35,1.93
2021-08-03,7308.96,-1.26
2021-08-04,7478.21,2.32
2021-08-05,7447.94,-0.4
2021-08-06,7482.17,0.46
2021-08-09,7507.08,0.33
2021-08-10,7549.55,0.57
2021-08-11,7605.92,0.75
2021-08-12,7657.53,0.68
2021-08-13,7641.92,-0.2
2021-08-16,7568.14,-0.97
2021-08-17,7360.03,-2.75
2021-08-18,7405.49,0.62
2021-08-19,7468.77,0.85
2021-08-20,7467.36,-0.02
2021-08-23,7652.56,2.48
2021-08-24,7715.07,0.82
2021-08-25,7769.63,0.71
2021-08-26,7669.53,-1.29
2021-08-27,7680.08,0.14
2021-08-30,7727.75,0.62
2021-08-31,7728.42,0.01
2021-09-01,7606.87,-1.57
2021-09-02,7690.86,1.1
2021-09-03,7630.84,-0.78
2021-09-06,7735.1,1.37
2021-09-07,7878.35,1.85
2021-09-08,7894.25,0.2
2021-09-09,7900.24,0.08
2021-09-10,7932.65,0.41
2021-09-13,7947.48,0.19
2021-09-14,7916.9,-0.38
2021-09-15,7972.23,0.7
2021-09-16,7754.95,-2.73
2021-09-17,7730.22,-0.32
2021-09-22,7769.06,0.5
2021-09-23,7806.8,0.49
2021-09-24,7695.62,-1.42
2021-09-27,7467.82,-2.96
2021-09-28,7468.73,0.01
2021-09-29,7199.18,-3.61
2021-09-30,7405.46,2.87
2021-10-08,7425.67,0.27
2021-10-11,7384.84,-0.55
2021-10-12,7208.47,-2.39
2021-10-13,7289.36,1.12
2021-10-14,7342.25,0.73
2021-10-15,7350.41,0.11
2021-10-18,7429.63,1.08
2021-10-19,7504.05,1.0
2021-10-20,7523.56,0.26
2021-10-21,7503.53,-0.27
2021-10-22,7438.48,-0.87
2021-10-25,7532.37,1.26
2021-10-26,7508.69,-0.31
2021-10-27,7433.55,-1.0
2021-10-28,7267.85,-2.23
2021-10-29,7385.3,1.62
2021-11-01,7455.61,0.95
2021-11-02,7368.6,-1.17
2021-11-03,7385.2,0.23
2021-11-04,7483.69,1.33
2021-11-05,7389.59,-1.26
2021-11-08,7422.91,0.45
2021-11-09,7531.96,1.47
2021-11-10,7535.23,0.04
2021-11-11,7593.73,0.78
2021-11-12,7697.81,1.37
2021-11-15,7676.48,-0.28
2021-11-16,7589.18,-1.14
2021-11-17,7725.09,1.79
2021-11-18,7714.8,-0.13
2021-11-19,7803.76,1.15
2021-11-22,7947.37,1.84
2021-11-23,7941.56,-0.07
2021-11-24,7938.77,-0.04
2021-11-25,7925.76,-0.16
2021-11-26,7940.79,0.19
2021-11-29,7999.83,0.74
2021-11-30,8054.29,0.68
2021-12-01,8055.82,0.02
2021-12-02,7968.24,-1.09
2021-12-03,8023.96,0.7
2021-12-06,7906.76,-1.46
2021-12-07,7781.44,-1.58
2021-12-08,7922.55,1.81
2021-12-09,7931.76,0.12
2021-12-10,7949.12,0.22
2021-12-13,7984.9,0.45
2021-12-14,7981.83,-0.04
2021-12-15,7955.58,-0.33
2021-12-16,8005.98,0.63
2021-12-17,7894.1,-1.4
2021-12-20,7751.95,-1.8
2021-12-21,7849.03,1.25
2021-12-22,7930.81,1.04
2021-12-23,7932.66,0.02
2021-12-24,7776.61,-1.97
2021-12-27,7776.43,0.0
2021-12-28,7863.53,1.12
2021-12-29,7855.43,-0.1
2021-12-30,7924.53,0.88
2021-12-31,8010.32,1.08
2022-01-04,7983.07,-0.34
2022-01-05,7781.68,-2.52
2022-01-06,7844.52,0.81
2022-01-07,7682.7,-2.06
2022-01-10,7734.19,0.67
2022-01-11,7646.69,-1.13
2022-01-12,7779.52,1.74
2022-01-13,7644.79,-1.73
2022-01-14,7675.37,0.4
2022-01-17,7808.09,1.73
2022-01-18,7758.6,-0.63
2022-01-19,7665.18,-1.2
2022-01-20,7492.61,-2.25
2022-01-21,7388.74,-1.39
2022-01-24,7425.4,0.5
2022-01-25,7133.07,-3.94
2022-01-26,7171.03,0.53
2022-01-27,6960.11,-2.94
2022-01-28,6973.01,0.19
2022-02-07,7061.62,1.27
2022-02-08,7080.62,0.27
2022-02-09,7211.43,1.85
2022-02-10,7175.62,-0.5
2022-02-11,7033.85,-1.98
2022-02-14,7006.08,-0.39
2022-02-15,7124.85,1.7
2022-02-16,7183.11,0.82
2022-02-17,7220.61,0.52
2022-02-18,7251.79,0.43
2022-02-21,7334.59,1.14
2022-02-22,7279.24,-0.75
2022-02-23,7450.4,2.35
2022-02-24,7285.12,-2.22
2022-02-25,7361.96,1.05
2022-02-28,7419.83,0.79
2022-03-01,7429.44,0.13
2022-03-02,7414.31,-0.2
2022-03-03,7342.61,-0.97
2022-03-04,7241.56,-1.38
2022-03-07,7085.73,-2.15
2022-03-08,6871.22,-3.03
2022-03-09,6796.04,-1.09
2022-03-10,6952.52,2.3
2022-03-11,6990.78,0.55
2022-03-14,6800.59,-2.72
2022-03-15,6473.48,-4.81
2022-03-16,6692.97,3.39
2022-03-17,6818.54,1.88
2022-03-18,6879.37,0.89
2022-03-21,6954.41,1.09
2022-03-22,6923.44,-0.45
2022-03-23,6966.95,0.63
2022-03-24,6900.81,-0.95
2022-03-25,6819.81,-1.17
2022-03-28,6767.25,-0.77
2022-03-29,6725.68,-0.61
2022-03-30,6864.75,2.07
2022-03-31,6772.07,-1.35
2022-04-01,6772.6,0.01
2022-04-06,6764.29,-0.12
2022-04-07,6623.59,-2.08
2022-04-08,6575.28,-0.73
2022-04-11,6328.07,-3.76
2022-04-12,6414.42,1.36
2022-04-13,6286.25,-2.0
2022-04-14,6359.71,1.17
2022-04-15,6275.07,-1.33
2022-04-18,6326.02,0.81
2022-04-19,6345.79,0.31
2022-04-20,6234.25,-1.76
2022-04-21,5981.38,-4.06
2022-04-22,5891.81,-1.5
2022-04-25,5431.61,-7.81
2022-04-26,5266.55,-3.04
2022-04-27,5540.72,5.21
2022-04-28,5493.91,-0.84
2022-04-29,5734.49,4.38
2022-05-05,5836.93,1.79
2022-05-06,5764.69,-1.24
2022-05-09,5840.89,1.32
2022-05-10,5950.67,1.88
2022-05-11,6003.03,0.88
2022-05-12,6034.57,0.53
2022-05-13,6071.67,0.61
2022-05-16,6082.88,0.18
2022-05-17,6118.46,0.58
2022-05-18,6127.8,0.15
2022-05-19,6180.19,0.85
2022-05-20,6263.44,1.35
2022-05-23,6343.47,1.28
2022-05-24,6081.64,-4.13
2022-05-25,6188.27,1.75
2022-05-26,6227.1,0.63
2022-05-27,6210.09,-0.27
2022-05-30,6282.36,1.16
2022-05-31,6353.35,1.13
2022-06-01,6373.32,0.31
2022-06-02,6442.93,1.09
2022-06-06,6604.98,2.52
2022-06-07,6597.83,-0.11
2022-06-08,6608.89,0.17
2022-06-09,6490.38,-1.79
2022-06-10,6627.75,2.12
2022-06-13,6674.8,0.71
2022-06-14,6665.25,-0.14
2022-06-15,6653.76,-0.17
2022-06-16,6696.76,0.65
2022-06-17,6774.74,1.16
2022-06-20,6848.75,1.09
2022-06-21,6779.14,-1.02
2022-06-22,6691.81,-1.29
2022-06-23,6845.45,2.3
2022-06-24,6931.65,1.26
2022-06-27,7002.93,1.03
2022-06-28,7079.72,1.1
2022-06-29,6900.99,-2.52
2022-06-30,6995.53,1.37
2022-07-01,6994.5,-0.01
2022-07-04,7076.32,1.17
2022-07-05,7036.0,-0.57
2022-07-06,6953.98,-1.17
2022-07-07,7041.87,1.26
2022-07-08,7000.79,-0.58
2022-07-11,6893.63,-1.53
2022-07-12,6779.56,-1.65
2022-07-13,6834.9,0.82
2022-07-14,6920.87,1.26
2022-07-15,6852.82,-0.98
2022-07-18,6953.93,1.48
2022-07-19,7009.32,0.8
2022-07-20,7110.1,1.44
2022-07-21,7075.29,-0.49
2022-07-22,7034.6,-0.58
2022-07-25,6948.91,-1.22
2022-07-26,7027.42,1.13
2022-07-27,7099.43,1.02
2022-07-28,7150.2,0.72
2022-07-29,7117.43,-0.46
2022-08-01,7180.45,0.89
2022-08-02,6957.98,-3.1
2022-08-03,6916.67,-0.59
2022-08-04,6960.31,0.63
2022-08-05,7090.0,1.86
2022-08-08,7176.11,1.21
2022-08-09,7207.4,0.44
2022-08-10,7212.08,0.06
2022-08-11,7294.49,1.14
2022-08-12,7228.83,-0.9
2022-08-15,7283.5,0.76
2022-08-16,7324.62,0.56
2022-08-17,7328.67,0.06
2022-08-18,7351.44,0.31
2022-08-19,7234.41,-1.59
2022-08-22,7288.58,0.75
2022-08-23,7306.02,0.24
2022-08-24,7039.41,-3.65
2022-08-25,7016.31,-0.33
2022-08-26,6980.18,-0.51
2022-08-29,7021.31,0.59
2022-08-30,6976.72,-0.64
2022-08-31,6750.74,-3.24
2022-09-01,6717.1,-0.5
2022-09-02,6776.83,0.89
2022-09-05,6791.09,0.21
2022-09-06,6919.65,1.89
2022-09-07,6963.52,0.63
2022-09-08,6897.1,-0.95
2022-09-09,6913.58,0.24
2022-09-13,6904.08,-0.14
2022-09-14,6829.56,-1.08
2022-09-15,6619.19,-3.08
2022-09-16,6481.24,-2.08
2022-09-19,6399.8,-1.26
2022-09-20,6482.13,1.29
2022-09-21,6480.6,-0.02
2022-09-22,6487.27,0.1
2022-09-23,6363.68,-1.91
2022-09-26,6283.59,-1.26
2022-09-27,6409.78,2.01
2022-09-28,6211.11,-3.1
2022-09-29,6228.78,0.28
2022-09-30,6124.86,-1.67
2022-10-10,5984.5,-2.29
2022-10-11,6017.72,0.56
2022-10-12,6192.65,2.91
2022-10-13,6252.22,0.96
2022-10-14,6406.46,2.47
2022-10-17,6472.45,1.03
2022-10-18,6508.5,0.56
2022-10-19,6461.15,-0.73
2022-10-20,6429.7,-0.49
2022-10-21,6432.33,0.04
2022-10-24,6378.43,-0.84
2022-10-25,6355.78,-0.36
2022-10-26,6491.69,2.14
2022-10-27,6461.61,-0.46
2022-10-28,6239.93,-3.43
2022-10-31,6292.62,0.84
2022-11-01,6439.82,2.34
2022-11-02,6524.51,1.32
2022-11-03,6566.84,0.65
2022-11-04,6709.64,2.17
2022-11-07,6713.64,0.06
2022-11-08,6694.96,-0.28
2022-11-09,6676.01,-0.28
2022-11-10,6603.31,-1.09
2022-11-11,6643.48,0.61
2022-11-14,6599.67,-0.66
2022-11-15,6752.51,2.32
2022-11-16,6702.04,-0.75
2022-11-17,6714.5,0.19
2022-11-18,6658.4,-0.84
2022-11-21,6689.33,0.46
2022-11-22,6583.23,-1.59
2022-11-23,6567.99,-0.23
2022-11-24,6586.86,0.29
2022-11-25,6512.16,-1.13
2022-11-28,6492.71,-0.3
2022-11-29,6594.32,1.56
2022-11-30,6590.31,-0.06
2022-12-01,6658.43,1.03
2022-12-02,6680.54,0.33
2022-12-05,6714.37,0.51
2022-12-06,6703.55,-0.16
2022-12-07,6705.29,0.03
2022-12-08,6662.34,-0.64
2022-12-09,6680.38,0.27
2022-12-12,6655.67,-0.37
2022-12-13,6593.67,-0.93
2022-12-14,6570.02,-0.36
2022-12-15,6597.55,0.42
2022-12-16,6519.44,-1.18
2022-12-19,6390.77,-1.97
2022-12-20,6341.58,-0.77
2022-12-21,6289.14,-0.83
2022-12-22,6186.93,-1.63
2022-12-23,6160.75,-0.42
2022-12-26,6275.52,1.86
2022-12-27,6325.63,0.8
2022-12-28,6268.47,-0.9
2022-12-29,6261.83,-0.11
2022-12-30,6281.62,0.32
2023-01-03,6423.7,2.26
2023-01-04,6421.28,-0.04
2023-01-05,6485.47,1.0
2023-01-06,6500.32,0.23
2023-01-09,6535.75,0.55
2023-01-10,6540.2,0.07
2023-01-11,6486.9,-0.81
2023-01-12,6489.57,0.04
2023-01-13,6517.51,0.43
2023-01-16,6591.81,1.14
2023-01-17,6597.49,0.09
2023-01-18,6613.01,0.24
2023-01-19,6676.08,0.95
2023-01-20,6736.85,0.91
2023-01-30,6786.45,0.74
2023-01-31,6805.28,0.28
2023-02-01,6916.72,1.64
2023-02-02,6933.23,0.24
2023-02-03,6925.08,-0.12
2023-02-06,6891.41,-0.49
2023-02-07,6924.32,0.48
2023-02-08,6877.72,-0.67
2023-02-09,6999.18,1.77
2023-02-10,6975.39,-0.34
2023-02-13,7052.18,1.1
2023-02-14,7061.45,0.13
2023-02-15,7063.6,0.03
2023-02-16,6925.2,-1.96
2023-02-17,6868.55,-0.82
2023-02-20,6959.36,1.32
2023-02-21,6990.48,0.45
2023-02-22,6998.43,0.11
2023-02-23,6966.79,-0.45
2023-02-24,6944.82,-0.32
2023-02-27,6894.3,-0.73
2023-02-28,6955.57,0.89
2023-03-01,7002.77,0.68
2023-03-02,6972.31,-0.44
2023-03-03,6967.94,-0.06
2023-03-06,6997.04,0.42
2023-03-07,6855.34,-2.03
2023-03-08,6891.46,0.53
2023-03-09,6892.86,0.02
2023-03-10,6798.3,-1.37
2023-03-13,6832.62,0.5
2023-03-14,6769.85,-0.92
2023-03-15,6803.47,0.5
2023-03-16,6689.78,-1.67
2023-03-17,6736.37,0.7
2023-03-20,6721.45,-0.22
2023-03-21,6809.39,1.31
2023-03-22,6840.33,0.45
2023-03-23,6868.83,0.42
2023-03-24,6867.95,-0.01
2023-03-27,6886.69,0.27
2023-03-28,6825.38,-0.89
2023-03-29,6806.28,-0.28
2023-03-30,6807.64,0.02
2023-03-31,6875.81,1.0
2023-04-03,6962.2,1.26
2023-04-04,6953.36,-0.13
2023-04-06,6983.03,0.43
2023-04-07,7042.89,0.86
2023-04-10,6968.57,-1.06
2023-04-11,6984.14,0.22
2023-04-12,7021.02,0.53
2023-04-13,6966.82,-0.77
2023-04-14,7020.09,0.76
2023-04-17,7012.77,-0.1
2023-04-18,6997.07,-0.22
2023-04-19,6965.58,-0.45
2023-04-20,6963.9,-0.02
2023-04-21,6773.51,-2.73
2023-04-24,6725.27,-0.71
2023-04-25,6603.24,-1.81
2023-04-26,6624.4,0.32
2023-04-27,6633.49,0.14
2023-04-28,6723.3,1.35
2023-05-04,6733.97,0.16
2023-05-05,6653.65,-1.19
2023-05-08,6702.5,0.73
2023-05-09,6611.64,-1.36
2023-05-10,6627.31,0.24
2023-05-11,6622.52,-0.07
2023-05-12,6535.94,-1.31
2023-05-15,6585.91,0.76
2023-05-16,6516.29,-1.06
2023-05-17,6554.98,0.59
2023-05-18,6583.74,0.44
2023-05-19,6602.32,0.28
2023-05-22,6595.98,-0.1
2023-05-23,6528.45,-1.02
2023-05-24,6513.18,-0.23
2023-05-25,6501.0,-0.19
2023-05-26,6546.41,0.7
2023-05-29,6534.12,-0.19
2023-05-30,6564.47,0.46
2023-05-31,6561.65,-0.04
2023-06-01,6574.76,0.2
2023-06-02,6626.28,0.78
2023-06-05,6632.96,0.1
2023-06-06,6489.81,-2.16
2023-06-07,6488.56,-0.02
2023-06-08,6442.48,-0.71
2023-06-09,6495.56,0.82
2023-06-12,6530.16,0.53
2023-06-13,6554.96,0.38
2023-06-14,6578.12,0.35
2023-06-15,6613.95,0.54
2023-06-16,6669.01,0.83
2023-06-19,6693.3,0.36
2023-06-20,6693.91,0.01
2023-06-21,6548.41,-2.17
2023-06-26,6420.97,-1.95
2023-06-27,6507.27,1.34
2023-06-28,6475.51,-0.49
2023-06-29,6520.04,0.69
2023-06-30,6602.04,1.26
2023-07-03,6612.88,0.16
2023-07-04,6638.45,0.39
2023-07-05,6584.42,-0.81
2023-07-06,6567.08,-0.26
2023-07-07,6521.43,-0.7
2023-07-10,6526.85,0.08
2023-07-11,6579.37,0.8
2023-07-12,6482.99,-1.46
2023-07-13,6548.31,1.01
2023-07-14,6544.46,-0.06
2023-07-17,6516.56,-0.43
2023-07-18,6510.03,-0.1
2023-07-19,6492.35,-0.27
2023-07-20,6408.76,-1.29
2023-07-21,6401.42,-0.11
2023-07-24,6393.79,-0.12
2023-07-25,6498.27,1.63
2023-07-26,6457.25,-0.63
2023-07-27,6407.55,-0.77
2023-07-28,6465.38,0.9
2023-07-31,6515.85,0.78
2023-08-01,6507.41,-0.13
2023-08-02,6496.02,-0.18
2023-08-03,6499.54,0.05
2023-08-04,6535.32,0.55
2023-08-07,6503.98,-0.48
2023-08-08,6471.34,-0.5
2023-08-09,6420.98,-0.78
2023-08-10,6426.81,0.09
2023-08-11,6304.64,-1.9
2023-08-14,6319.41,0.23
2023-08-15,6261.73,-0.91
2023-08-16,6186.4,-1.2
2023-08-17,6247.6,0.99
2023-08-18,6117.11,-2.09
2023-08-21,6057.17,-0.98
2023-08-22,6099.19,0.69
2023-08-23,5973.67,-2.06
2023-08-24,5987.97,0.24
2023-08-25,5879.03,-1.82
2023-08-28,5922.16,0.73
2023-08-29,6108.76,3.15
2023-08-30,6139.63,0.51
2023-08-31,6104.3,-0.58
2023-09-01,6107.2,0.05
2023-09-04,6198.76,1.5
2023-09-05,6167.64,-0.5
2023-09-06,6195.38,0.45
2023-09-07,6083.49,-1.81
2023-09-08,6102.49,0.31
2023-09-11,6182.64,1.31
2023-09-12,6184.61,0.03
2023-09-13,6103.14,-1.32
2023-09-14,6068.71,-0.56
2023-09-15,6079.06,0.17
2023-09-18,6083.97,0.08
2023-09-19,6031.04,-0.87
2023-09-20,5982.56,-0.8
2023-09-21,5939.66,-0.72
2023-09-22,6054.93,1.94
2023-09-25,6027.39,-0.45
2023-09-26,5996.11,-0.52
2023-09-27,6034.06,0.63
2023-09-28,6078.94,0.74
2023-10-09,6059.97,-0.31
2023-10-10,6043.48,-0.27
2023-10-11,6059.4,0.26
2023-10-12,6104.46,0.74
2023-10-13,6081.87,-0.37
2023-10-16,6024.36,-0.95
2023-10-17,6011.37,-0.22
2023-10-18,5908.01,-1.72
2023-10-19,5842.89,-1.1
2023-10-20,5774.32,-1.17
2023-10-23,5638.14,-2.36
2023-10-24,5719.32,1.44
2023-10-25,5778.9,1.04
2023-10-26,5811.69,0.57
2023-10-27,5916.68,1.81
2023-10-30,6006.56,1.52
2023-10-31,5969.34,-0.62
2023-11-01,5958.42,-0.18
2023-11-02,5885.25,-1.23
2023-11-03,5973.17,1.49
2023-11-06,6096.57,2.07
2023-11-07,6116.76,0.33
2023-11-08,6138.94,0.36
2023-11-09,6100.69,-0.62
2023-11-10,6088.56,-0.2
2023-11-13,6144.63,0.92
2023-11-14,6181.98,0.61
2023-11-15,6207.27,0.41
2023-11-16,6145.15,-1.0
2023-11-17,6199.23,0.88
2023-11-20,6253.28,0.87
2023-11-21,6212.13,-0.66
2023-11-22,6132.97,-1.27
2023-11-23,6197.53,1.05
2023-11-24,6115.41,-1.33
2023-11-27,6111.36,-0.07
2023-11-28,6143.3,0.52
2023-11-29,6113.37,-0.49
2023-11-30,6080.55,-0.54
2023-12-01,6130.05,0.81
2023-12-04,6114.39,-0.26
2023-12-05,5992.6,-1.99
2023-12-06,6023.8,0.52
2023-12-07,6020.83,-0.05
2023-12-08,6003.14,-0.29
2023-12-11,6075.08,1.2
2023-12-12,6078.99,0.06
2023-12-13,6019.55,-0.98
2023-12-14,5991.86,-0.46
2023-12-15,5951.6,-0.67
2023-12-18,5857.01,-1.59
2023-12-19,5863.54,0.11
2023-12-20,5761.31,-1.74
2023-12-21,5798.91,0.65
2023-12-22,5733.91,-1.12
2023-12-25,5735.73,0.03
2023-12-26,5651.59,-1.47
2023-12-27,5696.16,0.79
2023-12-28,5805.53,1.92
2023-12-29,5887.24,1.41
2024-01-02,5854.75,-0.55
2024-01-03,5824.04,-0.52
2024-01-04,5783.02,-0.7
2024-01-05,5675.81,-1.85
2024-01-08,5543.57,-2.33
2024-01-09,5553.3,0.18
2024-01-10,5512.07,-0.74
2024-01-11,5611.11,1.8
2024-01-12,5574.49,-0.65
2024-01-15,5559.38,-0.27
2024-01-16,5539.47,-0.36
2024-01-17,5389.12,-2.71
2024-01-18,5373.42,-0.29
2024-01-19,5306.99,-1.24
2024-01-22,5000.83,-5.77
2024-01-23,5079.63,1.58
2024-01-24,5143.41,1.26
2024-01-25,5316.2,3.36
2024-01-26,5269.76,-0.87
2024-01-29,5131.25,-2.63
2024-01-30,4984.66,-2.86
2024-01-31,4785.03,-4.0
2024-02-01,4750.44,-0.72
2024-02-02,4574.67,-3.7
2024-02-05,4293.07,-6.16
2024-02-06,4592.44,6.97
2024-02-07,4797.85,4.47
2024-02-08,4993.1,4.07
2024-02-19,5029.59,0.73
2024-02-20,5046.01,0.33
2024-02-21,5073.48,0.54
2024-02-22,5151.53,1.54
2024-02-23,5225.67,1.44
2024-02-26,5255.4,0.57
2024-02-27,5394.03,2.64
2024-02-28,5152.05,-4.49
2024-02-29,5344.61,3.74
2024-03-01,5401.94,1.07
2024-03-04,5428.34,0.49
2024-03-05,5375.13,-0.98
2024-03-06,5381.46,0.12
2024-03-07,5303.28,-1.45
2024-03-08,5370.37,1.27
2024-03-11,5466.65,1.79
2024-03-12,5496.36,0.54
2024-03-13,5521.78,0.46
2024-03-14,5486.65,-0.64
2024-03-15,5555.64,1.26
2024-03-18,5648.01,1.66
2024-03-19,5607.48,-0.72
2024-03-20,5659.15,0.92
2024-03-21,5658.28,-0.02
2024-03-22,5595.88,-1.1
2024-03-25,5466.06,-2.32
2024-03-26,5447.75,-0.34
2024-03-27,5266.23,-3.33
2024-03-28,5382.24,2.2
2024-03-29,5441.26,1.1
2024-04-01,5559.06,2.16
2024-04-02,5531.05,-0.5
2024-04-03,5500.93,-0.54
2024-04-08,5399.91,-1.84
2024-04-09,5468.91,1.28
2024-04-10,5367.05,-1.86
2024-04-11,5379.92,0.24
2024-04-12,5338.77,-0.76
2024-04-15,5287.51,-0.96
2024-04-16,5066.66,-4.18
2024-04-17,5287.46,4.36
2024-04-18,5286.72,-0.01
2024-04-19,5264.39,-0.42
2024-04-22,5246.08,-0.35
2024-04-23,5218.43,-0.53
2024-04-24,5305.61,1.67
2024-04-25,5313.99,0.16
2024-04-26,5415.94,1.92
2024-04-29,5545.23,2.39
2024-04-30,5497.43,-0.86
2024-05-06,5606.84,1.99
2024-05-07,5625.34,0.33
2024-05-08,5536.66,-1.58
2024-05-09,5626.83,1.63
2024-05-10,5574.23,-0.93
2024-05-13,5520.8,-0.96
2024-05-14,5551.68,0.56
2024-05-15,5497.23,-0.98
2024-05-16,5488.95,-0.15
2024-05-17,5563.23,1.35
2024-05-20,5596.78,0.6
2024-05-21,5536.74,-1.07
2024-05-22,5539.66,0.05
2024-05-23,5412.82,-2.29
2024-05-24,5350.11,-1.16
2024-05-27,5404.62,1.02
2024-05-28,5348.03,-1.05
2024-05-29,5351.25,0.06
2024-05-30,5334.3,-0.32
2024-05-31,5355.21,0.39
2024-06-03,5284.62,-1.32
2024-06-04,5313.71,0.55
2024-06-05,5244.09,-1.31
2024-06-06,5130.87,-2.16
2024-06-07,5153.59,0.44
2024-06-11,5198.92,0.88
2024-06-12,5216.46,0.34
2024-06-13,5180.24,-0.69
2024-06-14,5180.65,0.01
2024-06-17,5183.97,0.06
2024-06-18,5227.25,0.84
2024-06-19,5159.99,-1.29
2024-06-20,5056.14,-2.01
2024-06-21,5055.33,-0.02
2024-06-24,4887.78,-3.31
2024-06-25,4847.61,-0.82
2024-06-26,4986.38,2.86
2024-06-27,4864.09,-2.45
2024-06-28,4895.99,0.66
2024-07-01,4940.25,0.9
2024-07-02,4905.65,-0.7
2024-07-03,4867.13,-0.79
2024-07-04,4761.87,-2.16
2024-07-05,4810.79,1.03
2024-07-08,4693.96,-2.43
2024-07-09,4797.06,2.2
2024-07-10,4777.68,-0.4
2024-07-11,4893.59,2.43
2024-07-12,4878.02,-0.32
2024-07-15,4827.6,-1.03
2024-07-16,4836.72,0.19
2024-07-17,4795.62,-0.85
2024-07-18,4812.43,0.35
2024-07-19,4821.42,0.19
2024-07-22,4826.87,0.11
2024-07-23,4694.95,-2.73
2024-07-24,4631.01,-1.36
2024-07-25,4632.57,0.03
2024-07-26,4702.08,1.5
2024-07-29,4685.65,-0.35
2024-07-30,4702.49,0.36
2024-07-31,4889.08,3.97
2024-08-01,4878.29,-0.22
2024-08-02,4809.89,-1.4
2024-08-05,4678.78,-2.73
2024-08-06,4749.95,1.52
2024-08-07,4743.41,-0.14
2024-08-08,4739.49,-0.08
2024-08-09,4702.75,-0.78
2024-08-12,4674.1,-0.61
2024-08-13,4697.59,0.5
2024-08-14,4649.28,-1.03
2024-08-15,4691.85,0.92
2024-08-16,4655.65,-0.77
2024-08-19,4663.61,0.17
2024-08-20,4579.3,-1.81
2024-08-21,4548.26,-0.68
2024-08-22,4491.84,-1.24
2024-08-23,4495.34,0.08
2024-08-26,4512.89,0.39
2024-08-27,4459.68,-1.18
2024-08-28,4470.55,0.24
2024-08-29,4542.46,1.61
2024-08-30,4629.32,1.91
2024-09-02,4532.51,-2.09
2024-09-03,4572.4,0.88
2024-09-04,4550.77,-0.47
2024-09-05,4586.78,0.79
2024-09-06,4508.23,-1.71
2024-09-09,4475.53,-0.73
2024-09-10,4487.58,0.27
2024-09-11,4486.01,-0.03
2024-09-12,4468.74,-0.38
2024-09-13,4413.19,-1.24
2024-09-18,4399.13,-0.32
2024-09-19,4482.27,1.89
2024-09-20,4463.36,-0.42
2024-09-23,4469.13,0.13
2024-09-24,4642.56,3.88
2024-09-25,4686.26,0.94
2024-09-26,4874.13,4.01
2024-09-27,5136.44,5.38
2024-09-30,5708.83,11.14
2024-10-08,6201.99,8.64
2024-10-09,5727.38,-7.65
2024-10-10,5654.53,-1.27
2024-10-11,5416.76,-4.2
2024-10-14,5615.76,3.67
2024-10-15,5507.18,-1.93
2024-10-16,5524.25,0.31
2024-10-17,5505.61,-0.34
2024-10-18,5749.43,4.43
2024-10-21,5860.57,1.93
2024-10-22,5888.81,0.48
2024-10-23,5903.58,0.25
2024-10-24,5861.63,-0.71
2024-10-25,5974.91,1.93
2024-10-28,6082.09,1.79
2024-10-29,5983.84,-1.62
2024-10-30,6019.35,0.59
2024-10-31,6116.66,1.62
2024-11-01,5930.23,-3.05
2024-11-04,6053.11,2.07
2024-11-05,6266.54,3.53
2024-11-06,6293.19,0.43
2024-11-07,6403.92,1.76
2024-11-08,6423.12,0.3
2024-11-11,6579.01,2.43
2024-11-12,6491.97,-1.32
2024-11-13,6474.39,-0.27
2024-11-14,6272.19,-3.12
2024-11-15,6125.51,-2.34
2024-11-18,5974.56,-2.46
2024-11-19,6130.28,2.61
2024-11-20,6250.8,1.97
2024-11-21,6262.16,0.18
2024-11-22,6030.49,-3.7
2024-11-25,6052.13,0.36
2024-11-26,5981.57,-1.17
2024-11-27,6118.66,2.29
2024-11-28,6086.09,-0.53
2024-11-29,6189.13,1.69
2024-12-02,6313.61,2.01
2024-12-03,6303.28,-0.16
2024-12-04,6204.94,-1.56
2024-12-05,6285.6,1.3
2024-12-06,6349.62,1.02
2024-12-09,6303.27,-0.73
2024-12-10,6362.02,0.93
2024-12-11,6447.37,1.34
2024-12-12,6490.15,0.66
2024-12-13,6354.99,-2.08
2024-12-16,6277.52,-1.22
2024-12-17,6143.94,-2.13
2024-12-18,6195.87,0.85
2024-12-19,6207.19,0.18
2024-12-20,6271.75,1.04
2024-12-23,6096.38,-2.8
2024-12-24,6164.36,1.12
2024-12-25,6094.69,-1.13
2024-12-26,6160.45,1.08
2024-12-27,6171.57,0.18
2024-12-30,6145.93,-0.42
2024-12-31,5957.72,-3.06
2025-01-02,5797.09,-2.7
2025-01-03,5625.21,-2.96
2025-01-06,5608.03,-0.31
2025-01-07,5692.04,1.5
2025-01-08,5661.78,-0.53
2025-01-09,5672.78,0.19
2025-01-10,5544.92,-2.25
2025-01-13,5559.47,0.26
2025-01-14,5811.05,4.53
2025-01-15,5775.57,-0.61
2025-01-16,5801.31,0.45
2025-01-17,5841.57,0.69
2025-01-20,5879.15,0.64
2025-01-21,5908.02,0.49
2025-01-22,5855.74,-0.88
2025-01-23,5829.03,-0.46
2025-01-24,5938.13,1.87
2025-01-27,5846.07,-1.55
2025-02-05,5881.44,0.6
2025-02-06,6041.83,2.73
2025-02-07,6134.05,1.53
2025-02-10,6210.55,1.25
2025-02-11,6190.17,-0.33
2025-02-12,6284.61,1.53
2025-02-13,6212.5,-1.15
2025-02-14,6248.83,0.58
2025-02-17,6281.57,0.52
2025-02-18,6142.14,-2.22
2025-02-19,6288.53,2.38
2025-02-20,6334.41,0.73
2025-02-21,6449.23,1.81
2025-02-24,6464.02,0.23
2025-02-25,6435.43,-0.44
2025-02-26,6524.41,1.38
2025-02-27,6499.53,-0.38
2025-02-28,6270.42,-3.53
2025-03-03,6273.67,0.05
2025-03-04,6357.63,1.34
2025-03-05,6398.24,0.64
2025-03-06,6534.97,2.14
2025-03-07,6507.76,-0.42
2025-03-10,6520.97,0.2
2025-03-11,6551.73,0.47
2025-03-12,6566.97,0.23
2025-03-13,6466.85,-1.52
2025-03-14,6571.17,1.61
2025-03-17,6589.57,0.28
2025-03-18,6611.93,0.34
2025-03-19,6564.68,-0.71
2025-03-20,6535.06,-0.45
2025-03-21,6405.61,-1.98
2025-03-24,6360.34,-0.71
2025-03-25,6310.76,-0.78
2025-03-26,6334.91,0.38
2025-03-27,6328.77,-0.1
2025-03-28,6268.32,-0.96
2025-03-31,6226.65,-0.66
2025-04-01,6259.48,0.53
2025-04-02,6277.25,0.28
2025-04-03,6203.26,-1.18
2025-04-07,5496.44,-11.39
2025-04-08,5530.02,0.61
2025-04-09,5652.33,2.21
2025-04-10,5784.59,2.34
2025-04-11,5862.19,1.34
2025-04-14,5938.53,1.3
2025-04-15,5914.03,-0.41
2025-04-16,5835.35,-1.33
2025-04-17,5839.56,0.07
2025-04-18,5831.69,-0.13
2025-04-21,5952.64,2.07
2025-04-22,5949.31,-0.06
2025-04-23,5984.58,0.59
2025-04-24,5920.48,-1.07
2025-04-25,5939.5,0.32
2025-04-28,5877.06,-1.05
2025-04-29,5903.38,0.45
2025-04-30,5950.12,0.79
2025-05-06,6102.92,2.57
2025-05-07,6111.49,0.14
2025-05-08,6158.08,0.76
2025-05-09,6082.08,-1.23
2025-05-12,6167.46,1.4
2025-05-13,6151.01,-0.27
2025-05-14,6160.37,0.15
2025-05-15,6057.04,-1.68
2025-05-16,6068.12,0.18
2025-05-19,6095.34,0.45
2025-05-20,6146.02,0.83
2025-05-21,6132.18,-0.23
2025-05-22,6066.1,-1.08
2025-05-23,5989.68,-1.26
2025-05-26,6028.79,0.65
2025-05-27,6008.46,-0.34
2025-05-28,5984.46,-0.4
2025-05-29,6089.58,1.76
2025-05-30,6026.56,-1.03
2025-06-03,6070.04,0.72
2025-06-04,6123.17,0.88
2025-06-05,6167.01,0.72
2025-06-06,6152.84,-0.23
2025-06-09,6218.96,1.07
2025-06-10,6161.69,-0.92
2025-06-11,6186.51,0.4
2025-06-12,6192.22,0.09
2025-06-13,6106.01,-1.39
2025-06-16,6147.46,0.68
2025-06-17,6141.47,-0.1
2025-06-18,6135.39,-0.1
2025-06-19,6048.22,-1.42
2025-06-20,5999.59,-0.8
2025-06-23,6078.22,1.31
2025-06-24,6194.67,1.92
2025-06-25,6276.16,1.32
2025-06-26,6247.79,-0.45
2025-06-27,6276.94,0.47
2025-06-30,6356.18,1.26
2025-07-01,6373.77,0.28
2025-07-02,6309.48,-1.01
2025-07-03,6342.64,0.53
2025-07-04,6312.2,-0.48
2025-07-07,6327.14,0.24
2025-07-08,6407.7,1.27
2025-07-09,6390.47,-0.27
2025-07-10,6406.57,0.25
2025-07-11,6461.1,0.85
2025-07-14,6462.31,0.02
2025-07-15,6442.83,-0.3
2025-07-16,6462.06,0.3
2025-07-17,6535.67,1.14
2025-07-18,6552.07,0.25
2025-07-21,6612.26,0.92
2025-07-22,6637.1,0.38
2025-07-23,6607.22,-0.45
2025-07-24,6701.12,1.42
2025-07-25,6706.61,0.08
2025-07-28,6729.98,0.35
2025-07-29,6773.88,0.65
2025-07-30,6718.48,-0.82
2025-07-31,6661.19,-0.85
2025-08-01,6670.47,0.14
2025-08-04,6739.69,1.04
2025-08-05,6787.48,0.71
2025-08-06,6861.31,1.09
2025-08-07,6862.15,0.01
2025-08-08,6838.13,-0.35
2025-08-11,6943.94,1.55
2025-08-12,6963.61,0.28
2025-08-13,7064.33,1.45
2025-08-14,6976.49,-1.24
2025-08-15,7117.5,2.02
2025-08-18,7237.6,1.69
2025-08-19,7242.85,0.07
2025-08-20,7305.46,0.86
2025-08-21,7253.34,-0.71
2025-08-22,7362.94,1.51
2025-08-25,7477.73,1.56
2025-08-26,7476.47,-0.02
2025-08-27,7336.5,-1.87
2025-08-28,7447.11,1.51
2025-08-29,7438.68,-0.11
2025-09-01,7501.15,0.84
2025-09-02,7313.88,-2.5
2025-09-03,7206.88,-1.46
2025-09-04,7041.15,-2.3
2025-09-05,7245.67,2.9
2025-09-08,7311.03,0.9
2025-09-09,7226.03,-1.16
2025-09-10,7230.17,0.06
2025-09-11,7399.89,2.35
2025-09-12,7422.88,0.31
2025-09-15,7415.57,-0.1
2025-09-16,7483.63,0.92
2025-09-17,7554.81,0.95
2025-09-18,7476.4,-1.04
2025-09-19,7438.19,-0.51
2025-09-22,7489.48,0.69
2025-09-23,7408.07,-1.09
2025-09-24,7534.22,1.7
2025-09-25,7506.51,-0.37
2025-09-26,7397.59,-1.45
2025-09-29,7497.83,1.36
2025-09-30,7574.96,1.03
2025-10-09,7648.05,0.96
2025-10-10,7533.82,-1.49
2025-10-13,7519.76,-0.19
2025-10-14,7373.15,-1.95
2025-10-15,7483.45,1.5
2025-10-16,7401.84,-1.09
2025-10-17,7185.48,-2.92
2025-10-20,7239.18,0.75
2025-10-21,7344.05,1.45
2025-10-22,7312.21,-0.43
2025-10-23,7308.1,-0.06
2025-10-24,7419.24,1.52
2025-10-27,7495.38,1.03
2025-10-28,7479.22,-0.22
2025-10-29,7569.12,1.2
2025-10-30,7485.08,-1.11
2025-10-31,7506.67,0.29
2025-11-03,7538.12,0.42
2025-11-04,7435.73,-1.36
2025-11-05,7464.86,0.39
2025-11-06,7551.83,1.17
2025-11-07,7541.88,-0.13
2025-11-10,7563.25,0.28
2025-11-11,7540.79,-0.3
2025-11-12,7486.38,-0.72
2025-11-13,7590.58,1.39
2025-11-14,7502.76,-1.16
2025-11-17,7523.08,0.27
2025-11-18,7448.1,-1.0
2025-11-19,7387.21,-0.82
2025-11-20,7340.41,-0.63
2025-11-21,7067.7,-3.72
2025-11-24,7156.41,1.26
2025-11-25,7249.95,1.31
2025-11-26,7248.45,-0.02
2025-11-27,7257.45,0.12
2025-11-28,7334.21,1.06
2025-12-01,7386.68,0.72
2025-12-02,7313.18,-1.0
2025-12-03,7248.27,-0.89
2025-12-04,7248.66,0.01
2025-12-05,7342.49,1.29
2025-12-08,7423.05,1.1
2025-12-09,7380.58,-0.57
2025-12-10,7408.24,0.37
2025-12-11,7312.0,-1.3
2025-12-12,7370.94,0.81
2025-12-15,7309.08,-0.84
2025-12-16,7181.62,-1.74
2025-12-17,7288.74,1.49
2025-12-18,7272.4,-0.22
2025-12-19,7329.81,0.79
2025-12-22,7408.35,1.07
2025-12-23,7392.42,-0.22
2025-12-24,7506.38,1.54
2025-12-25,7579.38,0.97
2025-12-26,7605.53,0.35
2025-12-29,7594.16,-0.15
2025-12-30,7597.3,0.04
2025-12-31,7595.28,-0.03
2026-01-05,7753.88,2.09
2026-01-06,7864.9,1.43
2026-01-07,7906.42,0.53
2026-01-08,7971.59,0.82
2026-01-09,8129.18,1.98
2026-01-12,8357.01,2.8
2026-01-13,8203.13,-1.84
2026-01-14,8257.17,0.66
2026-01-15,8240.78,-0.2
2026-01-16,8232.73,-0.1
2026-01-19,8265.65,0.4
2026-01-20,8182.75,-1.0
2026-01-21,8247.68,0.79
2026-01-22,8309.35,0.75
2026-01-23,8470.74,1.94
2026-01-26,8365.43,-1.24
2026-01-27,8382.15,0.2
2026-01-28,8399.79,0.21
2026-01-29,8332.21,-0.8
2026-01-30,8254.86,-0.93
2026-02-02,7975.43,-3.39
2026-02-03,8209.1,2.93
2026-02-04,8207.12,-0.02
2026-02-05,8068.08,-1.69
2026-02-06,8051.57,-0.2
2026-02-09,8233.78,2.26
2026-02-10,8250.3,0.2
2026-02-11,8239.51,-0.13
2026-02-12,8314.83,0.91
2026-02-13,8204.83,-1.32
2026-02-24,8299.77,1.16
2026-02-25,8426.33,1.52
2026-02-26,8490.62,0.76
2026-02-27,8560.84,0.83
2026-03-02,8476.97,-0.98
2026-03-03,8142.45,-3.95
2026-03-04,8094.52,-0.59
2026-03-05,8171.12,0.95
2026-03-06,8248.86,0.95
2026-03-09,8203.87,-0.55
2026-03-10,8350.09,1.78
2026-03-11,8363.53,0.16
2026-03-12,8335.91,-0.33
2026-03-13,8214.29,-1.46
2026-03-16,8211.35,-0.04
2026-03-17,8019.86,-2.33
2026-03-18,8096.59,0.96
2026-03-19,7909.23,-2.31
2026-03-20,7783.43,-1.59
2026-03-23,7409.11,-4.81
2026-03-24,7600.86,2.59
2026-03-25,7751.18,1.98
2026-03-26,7639.38,-1.44
2026-03-27,7746.31,1.4
2026-03-30,7767.93,0.28
2026-03-31,7619.85,-1.91
2026-04-01,7764.15,1.89
2026-04-02,7623.42,-1.81
2026-04-03,7536.6,-1.14
2026-04-07,7606.02,0.92
2026-04-08,7955.77,4.6
2026-04-09,7921.45,-0.43
2026-04-10,7998.23,0.97
2026-04-13,8025.57,0.34
2026-04-14,8144.76,1.49
2026-04-15,8106.16,-0.47
2026-04-16,8232.98,1.56
2026-04-17,8307.44,0.9
2026-04-20,8357.81,0.61
2026-04-21,8351.16,-0.08
2026-04-22,8481.24,1.56
2026-04-23,8362.74,-1.4
2026-04-24,8304.14,-0.7
2026-04-27,8338.73,0.42
2026-04-28,8226.69,-1.34
2026-04-29,8343.07,1.41
2026-04-30,8381.95,0.47
2026-05-06,8574.56,2.3
2026-05-07,8714.51,1.63
2026-05-08,8741.15,0.31
2026-05-11,8866.78,1.44
2026-05-12,8821.89,-0.51
2026-05-13,8955.45,1.51
2026-05-14,8778.71,-1.97
2026-05-15,8682.65,-1.09
2026-05-18,8720.21,0.43
2026-05-19,8808.64,1.01
2026-05-20,8808.91,0.0
2026-05-21,8510.5,-3.39
2026-05-22,8692.67,2.14
2026-05-25,8799.31,1.23
2026-05-26,8687.25,-1.27
2026-05-27,8546.51,-1.62
2026-05-28,8637.74,1.07
2026-05-29,8408.74,-2.65
2026-06-01,8345.13,-0.76
2026-06-02,8384.78,0.48
2026-06-03,8432.68,0.57
2026-06-04,8420.09,-0.15
2026-06-05,8340.96,-0.94
2026-06-08,8081.26,-3.11
2026-06-09,8318.7,2.94
2026-06-10,8198.72,-1.44
2026-06-11,8159.45,-0.48
2026-06-12,8202.8,0.53
2026-06-15,8521.23,3.88
2026-06-16,8646.4,1.47
2026-06-17,8704.47,0.67
2026-06-18,8771.02,0.76
2026-06-22,8865.68,1.08
2026-06-23,8680.04,-2.09
2026-06-24,8793.49,1.31
2026-06-25,8825.92,0.37
2026-06-26,8601.41,-2.54
2026-06-29,8597.89,-0.04
2026-06-30,8809.79,2.46
2026-07-01,8876.63,0.76
2026-07-02,8625.33,-2.83
2026-07-03,8620.79,-0.05
2026-07-06,8472.6,-1.72
2026-07-07,8301.8,-2.02
2026-07-08,8117.86,-2.22
2026-07-09,8300.08,2.24
2026-07-10,8198.31,-1.23
2026-07-13,7787.85,-5.01
2026-07-14,7925.12,1.76
2026-07-15,7817.83,-1.35
2026-07-16,7631.76,-2.38
2026-07-17,7168.0,-6.08
2026-07-20,6965.38,-2.83
2026-07-21,7259.86,4.23
2026-07-22,7158.76,-1.39
2026-07-23,7195.5,0.51
2026-07-24,6995.69,-2.78
2026-07-27,7228.78,3.33
2026-07-28,7026.28,-2.8
2026-07-29,7095.19,0.98
2026-07-30,6900.66,-2.74
2026-07-31,7075.51,2.53
2026-08-03,7079.78,0.06
