date,open,close,high,low,vol
2007-01-15,1881.470,1986.54,1986.540,1881.470,38812600.000
2007-01-16,2002.570,2055.02,2055.020,1990.870,48074400.000
2007-01-17,2064.290,2035.65,2093.890,1992.540,58832900.000
2007-01-18,2025.850,2085.4,2085.400,2002.660,50949500.000
2007-01-19,2097.500,2159.64,2159.650,2097.500,57925200.000
2007-01-22,2183.440,2258.99,2259.030,2183.440,63589200.000
2007-01-23,2267.450,2261.78,2268.690,2175.600,61080200.000
2007-01-24,2260.710,2283.7,2295.260,2236.570,51041200.000
2007-01-25,2271.520,2174.24,2271.520,2172.980,48175700.000
2007-01-26,2143.990,2186.27,2196.280,2061.660,44759400.000
2007-01-29,2201.590,2260.6,2261.240,2201.590,45646700.000
2007-01-30,2271.470,2255.94,2280.730,2230.650,50247700.000
2007-01-31,2251.320,2142.89,2258.700,2129.790,49046900.000
2007-02-01,2120.010,2165.41,2176.200,2080.160,42338800.000
2007-02-02,2170.030,2127.1,2190.960,2124.300,38610600.000
2007-02-05,2122.370,2152.25,2166.090,2118.870,30134100.000
2007-02-06,2158.500,2198.24,2198.630,2148.100,30876200.000
2007-02-07,2209.650,2237.94,2237.940,2208.380,38327000.000
2007-02-08,2245.080,2278.45,2282.190,2233.520,39053900.000
2007-02-09,2282.630,2287.38,2300.810,2263.610,37161800.000
2007-02-12,2291.660,2341.07,2341.070,2291.660,36188400.000
2007-02-13,2351.650,2384.16,2384.160,2338.560,38163800.000
2007-02-14,2386.830,2435.96,2445.760,2380.740,44065600.000
2007-02-15,2451.440,2512.4,2512.550,2451.320,51516500.000
2007-02-16,2528.840,2541.41,2581.560,2519.230,54056800.000
2007-02-26,2557.250,2642.11,2642.110,2532.100,48963100.000
2007-02-27,2654.440,2405.57,2673.530,2402.720,72404300.000
2007-02-28,2370.950,2513.53,2520.000,2369.050,53025000.000
2007-03-01,2526.150,2459.51,2526.160,2417.840,58828100.000
2007-03-02,2458.260,2503.68,2515.020,2452.970,47238100.000
2007-03-05,2508.390,2511.92,2548.250,2419.290,49536000.000
2007-03-06,2501.290,2516.0,2524.630,2467.680,33321700.000
2007-03-07,2525.530,2580.6,2580.600,2525.470,37230700.000
2007-03-08,2587.750,2634.88,2634.880,2562.500,43077100.000
2007-03-09,2637.600,2638.05,2662.330,2590.440,48031700.000
2007-03-12,2639.890,2696.5,2696.870,2610.400,51367100.000
2007-03-13,2701.500,2727.46,2740.460,2694.380,53596200.000
2007-03-14,2704.450,2708.69,2740.530,2622.750,56580300.000
2007-03-15,2703.930,2760.84,2760.840,2703.570,51009800.000
2007-03-16,2769.150,2710.86,2777.410,2671.960,55633100.000
2007-03-19,2623.740,2751.48,2760.090,2609.310,47649900.000
2007-03-20,2761.010,2810.71,2811.150,2759.000,43559000.000
2007-03-21,2821.440,2859.01,2859.030,2801.930,48276800.000
2007-03-22,2869.750,2861.15,2899.350,2852.670,56005700.000
2007-03-23,2862.630,2898.0,2901.780,2820.990,52272400.000
2007-03-26,2915.050,2989.05,2989.050,2915.050,56736800.000
2007-03-27,2995.460,3039.53,3040.350,2979.130,56957800.000
2007-03-28,3048.500,3004.29,3060.190,2873.380,67009300.000
2007-03-29,3005.060,2894.78,3008.220,2894.740,55994800.000
2007-03-30,2878.240,2926.06,2935.240,2859.730,35962400.000
2007-04-02,2935.210,2993.63,2993.630,2932.640,37673600.000
2007-04-03,3004.900,3042.46,3042.460,2993.190,46767000.000
2007-04-04,3049.920,3078.9,3084.620,3032.490,53126400.000
2007-04-05,3076.760,3133.14,3137.020,3063.420,52801700.000
2007-04-06,3110.950,3182.8,3189.110,3097.060,56252000.000
2007-04-09,3201.150,3240.3,3243.880,3201.150,62143800.000
2007-04-10,3253.670,3261.53,3261.530,3151.490,63556600.000
2007-04-11,3267.610,3309.75,3309.980,3231.310,67723800.000
2007-04-12,3316.200,3387.41,3387.410,3302.360,64707400.000
2007-04-13,3393.960,3358.63,3419.990,3341.270,67535100.000
2007-04-16,3362.730,3458.07,3458.070,3362.730,60396900.000
2007-04-17,3482.360,3558.22,3558.220,3420.310,77944200.000
2007-04-18,3572.700,3649.71,3652.720,3548.360,71614000.000
2007-04-19,3642.850,3435.78,3642.850,3356.020,78014300.000
2007-04-20,3456.740,3614.39,3624.820,3456.740,62251100.000
2007-04-23,3667.550,3782.26,3784.080,3667.550,73720000.000
2007-04-24,3813.530,3821.42,3861.570,3753.130,81814300.000
2007-04-25,3802.690,3805.05,3822.410,3712.040,64389300.000
2007-04-26,3814.920,3853.27,3854.050,3788.870,55433400.000
2007-04-27,3861.050,3845.81,3871.400,3801.550,58297400.000
2007-04-30,3831.550,3903.69,3909.040,3809.970,65571200.000
2007-05-08,3990.710,4091.13,4093.010,3972.030,73124000.000
2007-05-09,4107.550,4099.13,4125.420,3918.750,83052500.000
2007-05-10,4103.570,4128.08,4146.580,4062.480,68513900.000
2007-05-11,4101.650,4109.4,4130.900,4028.360,60242800.000
2007-05-14,4051.840,4133.83,4164.810,4014.560,58751400.000
2007-05-15,4140.330,3998.78,4161.520,3989.360,64001800.000
2007-05-16,3981.820,4118.14,4118.240,3929.510,55559400.000
2007-05-17,4146.320,4221.91,4235.050,4135.370,62708700.000
2007-05-18,4219.610,4235.19,4261.460,4188.320,59209700.000
2007-05-21,4089.850,4364.16,4364.160,4076.520,71621700.000
2007-05-22,4402.920,4459.81,4484.530,4402.760,80650700.000
2007-05-23,4486.020,4582.31,4582.450,4463.270,74290000.000
2007-05-24,4606.150,4571.71,4625.920,4460.930,83135300.000
2007-05-25,4559.430,4649.86,4665.980,4525.290,71208700.000
2007-05-28,4707.690,4761.7,4784.430,4700.620,81156400.000
2007-05-29,4782.410,4853.64,4853.880,4730.480,75634100.000
2007-05-30,4486.510,4456.28,4751.040,4430.690,80630300.000
2007-05-31,4329.810,4267.78,4414.610,4095.400,74445300.000
2007-06-01,4260.770,3960.44,4317.300,3945.400,66043500.000
2007-06-04,3901.790,3618.69,3930.340,3615.110,45166400.000
2007-06-05,3430.550,3659.94,3660.510,3317.870,70413200.000
2007-06-06,3676.690,3736.93,3786.770,3563.230,67135700.000
2007-06-07,3751.670,3936.77,3936.830,3736.160,64774200.000
2007-06-08,3970.280,4002.87,4036.880,3931.380,64571300.000
2007-06-11,4057.170,4104.55,4117.250,4056.820,61730100.000
2007-06-12,4138.330,4218.44,4218.610,3945.680,73569700.000
2007-06-13,4263.620,4372.53,4398.610,4254.630,77713300.000
2007-06-14,4365.980,4311.98,4399.520,4249.210,68961100.000
2007-06-15,4262.750,4316.53,4349.160,4232.300,52084800.000
2007-06-18,4400.400,4439.19,4454.780,4400.400,57885800.000
2007-06-19,4446.690,4529.03,4529.280,4394.230,61844400.000
2007-06-20,4539.580,4396.22,4589.220,4371.000,67281000.000
2007-06-21,4372.350,4374.49,4452.480,4277.040,52002500.000
2007-06-22,4376.380,4123.21,4386.930,4050.670,55689400.000
2007-06-25,4139.280,3851.94,4184.330,3824.890,47652100.000
2007-06-26,3739.190,3928.7,3930.040,3667.820,43627300.000
2007-06-27,3944.360,4022.31,4031.630,3877.080,42012300.000
2007-06-28,4017.180,3757.98,4026.090,3756.600,39969500.000
2007-06-29,3636.310,3585.49,3718.180,3527.320,38787800.000
2007-07-02,3571.720,3644.79,3658.140,3489.120,33504900.000
2007-07-03,3675.350,3704.71,3710.080,3587.710,30575800.000
2007-07-04,3711.610,3622.52,3716.500,3605.450,26839800.000
2007-07-05,3562.280,3380.18,3570.050,3378.450,29414100.000
2007-07-06,3359.090,3591.38,3594.420,3309.150,37954600.000
2007-07-09,3627.980,3711.71,3737.690,3603.510,41519800.000
2007-07-10,3704.880,3606.19,3704.880,3587.160,34736900.000
2007-07-11,3581.910,3653.31,3653.310,3564.150,24806400.000
2007-07-12,3659.400,3671.18,3687.150,3634.480,23598600.000
2007-07-13,3671.460,3655.84,3672.340,3596.250,20163600.000
2007-07-16,3654.860,3532.06,3662.360,3532.060,20845900.000
2007-07-17,3514.280,3610.38,3641.500,3492.260,21454500.000
2007-07-18,3601.290,3624.34,3673.900,3573.530,24959900.000
2007-07-19,3615.970,3640.28,3652.530,3593.210,18838800.000
2007-07-20,3642.330,3788.74,3791.310,3642.330,35232900.000
2007-07-23,3813.980,3984.79,3984.790,3813.980,50433600.000
2007-07-24,4012.790,3993.02,4097.470,3977.450,51089500.000
2007-07-25,3991.350,4106.83,4106.830,3991.180,41057600.000
2007-07-26,4135.060,4190.88,4212.320,4103.280,47620400.000
2007-07-27,4171.890,4269.77,4269.850,4111.690,48191000.000
2007-07-30,4279.040,4353.09,4386.290,4277.830,53009700.000
2007-07-31,4349.610,4403.58,4403.670,4279.300,50712500.000
2007-08-01,4423.040,4161.13,4435.240,4155.480,59398900.000
2007-08-02,4181.490,4336.81,4336.810,4171.860,46425800.000
2007-08-03,4376.960,4408.05,4424.270,4323.990,53896100.000
2007-08-06,4446.210,4504.34,4504.660,4418.260,54750100.000
2007-08-07,4510.080,4470.14,4510.080,4405.600,51098900.000
2007-08-08,4435.550,4395.43,4465.570,4294.060,46105600.000
2007-08-09,4392.990,4442.06,4444.960,4392.990,38807200.000
2007-08-10,4443.120,4348.81,4443.120,4243.740,40678700.000
2007-08-13,4343.730,4329.77,4350.350,4257.380,40502400.000
2007-08-14,4329.950,4436.21,4440.760,4324.860,37008300.000
2007-08-15,4448.920,4412.79,4460.170,4300.560,37001000.000
2007-08-16,4396.900,4438.96,4462.580,4344.460,39367700.000
2007-08-17,4422.650,4390.88,4482.730,4384.530,38005700.000
2007-08-20,4475.400,4570.57,4570.570,4468.850,45576500.000
2007-08-21,4598.380,4625.28,4636.640,4571.760,49591800.000
2007-08-22,4566.170,4685.06,4704.880,4543.520,55468400.000
2007-08-23,4708.670,4733.84,4739.890,4662.030,50015600.000
2007-08-24,4752.300,4742.95,4765.170,4703.050,50881100.000
2007-08-27,4802.430,4724.54,4822.020,4680.100,52241800.000
2007-08-28,4706.030,4729.79,4734.560,4630.420,47776500.000
2007-08-29,4711.040,4701.44,4762.460,4642.650,44907300.000
2007-08-30,4721.390,4843.71,4849.630,4721.390,51519900.000
2007-08-31,4872.000,4897.64,4914.960,4868.460,55587900.000
2007-09-03,4941.980,5008.83,5023.520,4941.980,64639700.000
2007-09-04,5032.550,4980.53,5055.610,4957.890,57774100.000
2007-09-05,4985.500,5010.73,5016.480,4900.540,45766800.000
2007-09-06,5036.060,5065.52,5080.340,5028.050,51029900.000
2007-09-07,5036.790,4939.23,5051.540,4937.810,57324600.000
2007-09-10,4881.120,5038.94,5038.950,4834.320,49224600.000
2007-09-11,5041.230,4718.31,5054.090,4712.090,55784200.000
2007-09-12,4692.400,4770.77,4797.420,4590.270,47944400.000
2007-09-13,4788.870,4872.66,4872.660,4765.230,41370600.000
2007-09-14,4892.230,4936.69,4948.100,4824.020,46901600.000
2007-09-17,4926.840,5047.6,5052.760,4919.700,52511700.000
2007-09-18,5068.110,5096.24,5096.540,5002.230,49774900.000
2007-09-19,5106.860,5029.1,5114.960,5008.450,43111000.000
2007-09-20,5043.420,5079.08,5083.290,5020.590,41224400.000
2007-09-21,5093.250,5028.84,5098.760,4922.330,42901100.000
2007-09-24,5040.300,5054.73,5080.560,4974.560,39626600.000
2007-09-25,5054.470,5013.06,5081.850,4977.450,33147200.000
2007-09-26,5010.220,4932.52,5034.800,4903.290,27770900.000
2007-09-27,4934.370,4972.72,4972.830,4898.230,25245200.000
2007-09-28,5009.900,5083.65,5099.060,5009.900,35372400.000
2007-10-08,5169.230,5088.6,5178.600,5084.660,36258300.000
2007-10-09,5089.640,5141.89,5142.170,5036.070,35443200.000
2007-10-10,5157.890,5109.1,5166.090,5074.960,37983700.000
2007-10-11,5110.680,5005.5,5114.230,4998.600,36394400.000
2007-10-12,5005.560,4891.39,5006.510,4662.110,47244800.000
2007-10-15,4896.830,4890.6,4905.590,4774.240,34245900.000
2007-10-16,4898.380,4943.56,4943.980,4833.920,28644900.000
2007-10-17,4942.830,4929.54,4955.680,4887.450,27959100.000
2007-10-18,4923.340,4814.46,4923.340,4812.540,27461500.000
2007-10-19,4831.990,4813.95,4884.430,4782.510,22176600.000
2007-10-22,4775.680,4688.29,4812.220,4686.090,23355700.000
2007-10-23,4689.110,4688.72,4736.030,4551.130,22961600.000
2007-10-24,4700.000,4596.63,4712.310,4590.870,22316600.000
2007-10-25,4564.340,4251.5,4564.340,4245.650,30098000.000
2007-10-26,4196.250,4228.95,4268.310,4126.570,21560600.000
2007-10-29,4251.170,4288.79,4289.230,4211.150,18080800.000
2007-10-30,4303.700,4388.33,4388.430,4264.770,18713900.000
2007-10-31,4422.600,4550.18,4556.790,4414.320,26309600.000
2007-11-01,4557.640,4431.1,4557.640,4430.270,23393000.000
2007-11-02,4372.870,4329.63,4404.250,4303.560,21624800.000
2007-11-05,4306.730,4361.87,4396.040,4279.020,17471100.000
2007-11-06,4365.140,4395.01,4431.380,4362.220,16420300.000
2007-11-07,4404.770,4385.86,4432.360,4304.850,15667200.000
2007-11-08,4373.630,4205.65,4373.630,4203.050,17215600.000
2007-11-09,4174.460,4153.19,4215.870,4098.300,15929200.000
2007-11-12,4090.910,4098.56,4119.080,3996.160,17258000.000
2007-11-13,4121.090,4114.51,4171.250,4061.600,16725100.000
2007-11-14,4149.890,4264.0,4264.400,4137.990,19491400.000
2007-11-15,4258.370,4210.7,4275.240,4201.030,19245900.000
2007-11-16,4175.570,4217.23,4224.410,4146.100,15545400.000
2007-11-19,4228.580,4313.28,4319.770,4226.950,17968600.000
2007-11-20,4305.000,4371.68,4389.150,4285.990,19062800.000
2007-11-21,4381.340,4308.42,4399.810,4303.440,17508400.000
2007-11-22,4254.810,4113.31,4259.760,4104.080,15528100.000
2007-11-23,4084.580,4193.98,4194.340,4067.410,11425100.000
2007-11-26,4238.580,4151.88,4266.980,4148.760,14035800.000
2007-11-27,4130.100,4108.95,4173.190,4102.010,11995500.000
2007-11-28,4118.450,4078.04,4155.000,4057.740,11482800.000
2007-11-29,4108.440,4185.27,4187.230,4059.370,16399000.000
2007-11-30,4189.250,4122.93,4196.690,4113.420,15511800.000
2007-12-03,4113.210,4170.26,4186.480,4101.100,14052300.000
2007-12-04,4174.790,4194.02,4209.040,4174.790,13967500.000
2007-12-05,4190.480,4273.04,4273.130,4180.060,17699600.000
2007-12-06,4281.900,4291.07,4292.900,4251.780,15894100.000
2007-12-07,4295.290,4362.22,4362.220,4291.870,19130800.000
2007-12-10,4304.750,4483.83,4484.110,4288.500,27757000.000
2007-12-11,4495.500,4534.94,4535.150,4464.240,29101600.000
2007-12-12,4520.930,4544.68,4573.520,4497.670,25664000.000
2007-12-13,4533.090,4402.64,4564.360,4401.130,26583800.000
2007-12-14,4359.810,4499.53,4499.560,4331.320,22307500.000
2007-12-17,4512.380,4506.04,4564.250,4498.960,28954400.000
2007-12-18,4489.420,4467.81,4531.260,4453.770,17892100.000
2007-12-19,4490.770,4565.62,4575.410,4490.770,23556700.000
2007-12-20,4576.090,4621.39,4627.690,4567.790,23552800.000
2007-12-21,4603.760,4691.53,4692.120,4602.100,26200900.000
2007-12-24,4724.170,4772.64,4810.560,4724.080,34845100.000
2007-12-25,4780.470,4815.21,4820.430,4755.010,28557000.000
2007-12-26,4829.590,4912.84,4912.840,4829.590,30823800.000
2007-12-27,4933.730,4963.45,4987.210,4932.920,35701900.000
2007-12-28,4972.080,4947.6,4984.210,4927.640,29803600.000
2008-01-02,4963.050,5123.93,5125.320,4960.350,34345900.000
2008-01-03,5129.050,5230.75,5241.550,5110.530,41987500.000
2008-01-04,5241.090,5243.03,5246.110,5171.400,33308600.000
2008-01-07,5237.940,5347.81,5358.590,5222.200,40403700.000
2008-01-08,5358.810,5200.55,5367.540,5158.120,42472900.000
2008-01-09,5176.270,5356.48,5356.480,5167.340,34823800.000
2008-01-10,5372.820,5382.33,5438.310,5354.860,40849700.000
2008-01-11,5385.900,5376.8,5392.270,5290.710,34948200.000
2008-01-14,5382.730,5445.1,5450.890,5368.480,33850900.000
2008-01-15,5451.640,5487.09,5495.390,5418.120,36880400.000
2008-01-16,5461.880,5412.91,5463.200,5389.150,39060000.000
2008-01-17,5380.820,5270.96,5467.130,5106.920,42935100.000
2008-01-18,5268.900,5317.45,5320.450,5210.360,31238200.000
2008-01-21,5331.670,5097.23,5343.870,5078.500,35463000.000
2008-01-22,4976.790,4661.83,4976.790,4639.960,40374500.000
2008-01-23,4662.710,4912.06,4912.480,4624.940,38194800.000
2008-01-24,4951.380,5080.93,5116.490,4915.970,42780000.000
2008-01-25,5081.310,5096.69,5146.860,5054.080,38904400.000
2008-01-28,5073.630,4740.5,5073.630,4712.610,34534600.000
2008-01-29,4757.190,4840.64,4888.790,4720.680,23744400.000
2008-01-30,4878.400,4851.43,4950.180,4725.390,24904500.000
2008-01-31,4839.400,4663.42,4868.310,4661.590,18567900.000
2008-02-01,4653.540,4456.93,4686.600,4308.520,22513700.000
2008-02-04,4570.110,4820.39,4821.080,4570.110,21305100.000
2008-02-05,4818.540,4839.0,4889.380,4751.230,20773900.000
2008-02-13,4798.570,4813.58,4884.690,4749.150,15587000.000
2008-02-14,4842.940,4910.36,4929.770,4842.940,16113500.000
2008-02-15,4884.370,4886.02,4886.060,4800.640,19162800.000
2008-02-18,4953.030,5043.14,5072.110,4946.510,28922800.000
2008-02-19,5054.610,5133.36,5137.840,5026.560,28823300.000
2008-02-20,5152.280,5089.44,5171.180,5079.770,31477200.000
2008-02-21,5068.030,5153.6,5184.150,5022.650,31554600.000
2008-02-22,5140.120,5029.2,5151.290,4938.730,31199200.000
2008-02-25,5038.630,4869.65,5068.980,4856.480,26735600.000
2008-02-26,4974.710,4868.81,5021.600,4729.850,25287600.000
2008-02-27,4880.160,4977.33,4977.330,4854.150,23774900.000
2008-02-28,4986.440,4989.41,5045.110,4935.300,24117600.000
2008-02-29,4984.400,5057.62,5058.120,4976.150,25394700.000
2008-03-03,5044.940,5227.73,5227.790,5014.280,37422600.000
2008-03-04,5246.410,5192.59,5279.210,5177.740,43168100.000
2008-03-05,5171.780,5214.24,5218.300,5068.200,38579300.000
2008-03-06,5229.780,5223.82,5296.260,5220.370,44758000.000
2008-03-07,5194.660,5115.92,5208.900,5104.920,29953800.000
2008-03-10,5081.270,4948.35,5084.400,4915.440,23857900.000
2008-03-11,4906.140,5015.93,5015.930,4841.560,20439500.000
2008-03-12,5095.970,4881.03,5122.540,4880.700,22539400.000
2008-03-13,4829.240,4688.68,4844.180,4589.510,25924800.000
2008-03-14,4665.830,4662.32,4718.180,4598.150,16579300.000
2008-03-17,4641.920,4302.61,4642.730,4299.560,21112800.000
2008-03-18,4237.300,3986.32,4327.380,3926.460,24331000.000
2008-03-19,4065.000,4176.49,4241.940,3989.640,25517300.000
2008-03-20,4112.700,4347.74,4394.750,3956.030,28428400.000
2008-03-21,4347.270,4405.86,4448.060,4315.670,25717400.000
2008-03-24,4459.510,4314.58,4489.460,4312.770,25757500.000
2008-03-25,4233.950,4367.34,4386.840,4190.540,22386600.000
2008-03-26,4383.730,4352.05,4446.540,4317.060,19459600.000
2008-03-27,4298.390,4119.79,4298.390,4115.520,21748200.000
2008-03-28,4072.040,4241.45,4248.400,3948.850,23076200.000
2008-03-31,4129.930,4044.1,4200.760,4042.620,19053100.000
2008-04-01,4024.440,3704.27,4070.110,3695.510,22753600.000
2008-04-02,3725.190,3500.52,3778.570,3464.410,23076100.000
2008-04-03,3469.780,3588.76,3631.550,3392.080,18938800.000
2008-04-07,3544.310,3822.37,3825.850,3506.780,21854700.000
2008-04-08,3832.920,3908.8,3941.240,3806.290,25150100.000
2008-04-09,3887.990,3695.31,3960.770,3694.960,24320200.000
2008-04-10,3639.610,3803.46,3803.650,3614.700,20713300.000
2008-04-11,3831.040,3862.36,3898.510,3823.670,19907900.000
2008-04-14,3778.690,3607.22,3779.250,3597.080,20826900.000
2008-04-15,3588.230,3723.27,3723.270,3529.180,18137700.000
2008-04-16,3717.120,3633.68,3732.770,3612.590,17413200.000
2008-04-17,3632.820,3511.91,3695.170,3458.530,17224700.000
2008-04-18,3483.850,3338.27,3495.030,3333.110,16732300.000
2008-04-21,3578.800,3314.51,3579.580,3273.580,21837800.000
2008-04-22,3264.660,3266.38,3281.480,3093.670,19059800.000
2008-04-23,3238.460,3409.77,3428.550,3210.750,22778000.000
2008-04-24,3692.550,3723.07,3726.870,3603.960,47085700.000
2008-04-25,3716.510,3756.33,3873.330,3669.360,42792000.000
2008-04-28,3696.930,3729.56,3779.580,3667.580,30778700.000
2008-04-29,3714.790,3759.54,3782.520,3708.580,25885800.000
2008-04-30,3771.190,3903.18,3910.410,3771.190,37790800.000
2008-05-05,3943.200,4040.16,4046.680,3895.640,39172400.000
2008-05-06,4015.550,4024.99,4086.430,3969.970,39841700.000
2008-05-07,4001.590,3850.23,4049.110,3849.980,37470500.000
2008-05-08,3805.330,3985.2,3985.200,3796.550,31820500.000
2008-05-09,4014.170,3986.24,4049.780,3891.490,37449300.000
2008-05-12,3926.050,4069.15,4110.700,3893.390,37697500.000
2008-05-13,3944.540,4078.88,4107.590,3932.710,46981000.000
2008-05-14,4076.880,4168.49,4171.270,4076.880,43683700.000
2008-05-15,4186.750,4131.25,4230.770,4131.250,39735100.000
2008-05-16,4126.650,4071.91,4160.400,4005.070,30652800.000
2008-05-19,4059.280,4070.05,4100.560,4008.570,22805900.000
2008-05-20,4070.790,3813.94,4098.650,3792.150,31286500.000
2008-05-21,3757.060,3908.77,3932.300,3663.200,34400600.000
2008-05-22,3866.700,3871.55,3958.450,3834.540,31416000.000
2008-05-23,3857.220,3829.65,3890.160,3746.010,29245500.000
2008-05-26,3804.300,3728.75,3812.310,3726.760,28323700.000
2008-05-27,3712.760,3743.54,3752.960,3679.000,20108700.000
2008-05-28,3749.600,3847.26,3864.810,3730.740,23523900.000
2008-05-29,3839.540,3749.22,3859.850,3749.220,24258300.000
2008-05-30,3744.250,3755.63,3781.330,3695.290,21345500.000
2008-06-02,3747.590,3788.15,3804.790,3730.140,21008000.000
2008-06-03,3789.030,3771.1,3804.560,3741.410,22600900.000
2008-06-04,3759.090,3704.08,3764.560,3667.260,20518000.000
2008-06-05,3690.860,3657.49,3705.460,3639.810,17225500.000
2008-06-06,3662.050,3629.92,3680.270,3607.240,15106100.000
2008-06-10,3487.050,3312.79,3487.050,3297.910,18875800.000
2008-06-11,3250.440,3226.92,3270.850,3165.700,20126300.000
2008-06-12,3209.920,3197.54,3244.570,3125.090,20001500.000
2008-06-13,3202.260,3045.1,3227.480,3042.500,17586900.000
2008-06-16,3041.700,2977.82,3076.440,2926.710,15780800.000
2008-06-17,2974.090,2791.29,3005.790,2776.850,18513000.000
2008-06-18,2767.800,2951.84,2970.400,2684.670,26356800.000
2008-06-19,2927.160,2702.8,2936.680,2700.370,23981600.000
2008-06-20,2718.780,2764.28,2866.610,2596.840,27585800.000
2008-06-23,2726.450,2717.97,2779.010,2693.060,16676700.000
2008-06-24,2708.780,2806.77,2818.920,2702.630,20244800.000
2008-06-25,2805.590,2966.9,2966.900,2797.120,28449800.000
2008-06-26,2965.460,3003.3,3041.370,2939.860,30425700.000
2008-06-27,2902.010,2792.71,2920.110,2762.190,26066400.000
2008-06-30,2762.340,2813.72,2838.180,2737.750,16361800.000
2008-07-01,2819.530,2765.06,2831.910,2741.110,17018400.000
2008-07-02,2768.720,2811.23,2848.630,2754.690,17255800.000
2008-07-03,2776.920,2941.52,2973.380,2742.740,30751400.000
2008-07-04,2931.840,2941.08,2979.800,2913.200,26879800.000
2008-07-07,2948.690,3094.84,3096.270,2948.690,34492500.000
2008-07-08,3101.290,3142.32,3154.270,3044.670,36576100.000
2008-07-09,3148.610,3226.15,3226.200,3146.740,42098100.000
2008-07-10,3186.590,3152.49,3264.020,3152.490,42047500.000
2008-07-11,3133.690,3132.73,3167.820,3074.050,30154700.000
2008-07-14,3111.580,3198.35,3198.610,3100.040,26040800.000
2008-07-15,3208.550,3106.33,3231.370,3085.120,32645200.000
2008-07-16,3072.410,2948.53,3081.410,2893.360,27610000.000
2008-07-17,2991.350,2918.37,3031.890,2901.940,23928800.000
2008-07-18,2935.650,3015.8,3026.140,2855.920,23682400.000
2008-07-21,3002.460,3139.51,3151.030,2982.510,28663800.000
2008-07-22,3138.760,3150.01,3183.190,3126.170,29213100.000
2008-07-23,3161.210,3122.69,3180.180,3116.840,28395100.000
2008-07-24,3137.440,3200.74,3206.380,3134.970,30853100.000
2008-07-25,3167.900,3172.17,3205.580,3148.500,26398400.000
2008-07-28,3190.280,3215.85,3229.160,3190.280,27742400.000
2008-07-29,3179.780,3150.0,3182.220,3126.020,27028900.000
2008-07-30,3184.230,3132.77,3201.050,3105.960,22320500.000
2008-07-31,3139.780,3017.22,3147.650,3015.660,20879800.000
2008-08-01,3001.000,3063.81,3084.100,2958.030,20684000.000
2008-08-04,3044.140,2990.17,3067.040,2986.350,17827900.000
2008-08-05,2988.340,2897.73,3005.640,2889.250,18506400.000
2008-08-06,2913.870,2904.19,2941.400,2857.910,18056000.000
2008-08-07,2899.840,2923.75,2931.000,2871.180,17788400.000
2008-08-08,2924.930,2711.96,2924.930,2709.960,21309700.000
2008-08-11,2699.080,2508.59,2699.080,2497.270,19815700.000
2008-08-12,2467.680,2473.42,2508.430,2436.940,16283800.000
2008-08-13,2454.890,2472.3,2496.600,2369.380,17795600.000
2008-08-14,2458.800,2483.7,2506.470,2443.880,14520600.000
2008-08-15,2478.160,2473.72,2510.960,2446.030,13570500.000
2008-08-18,2479.390,2289.3,2483.980,2287.280,15336300.000
2008-08-19,2255.720,2327.02,2331.350,2235.710,13920300.000
2008-08-20,2316.680,2520.74,2521.080,2287.690,26330800.000
2008-08-21,2484.820,2431.1,2535.060,2419.710,25329300.000
2008-08-22,2412.880,2382.52,2418.890,2326.270,17875300.000
2008-08-25,2379.210,2374.06,2413.880,2348.960,14033200.000
2008-08-26,2347.810,2244.99,2347.810,2207.670,17692700.000
2008-08-27,2230.150,2237.87,2279.550,2180.940,16134200.000
2008-08-28,2232.710,2236.82,2256.960,2216.060,13263600.000
2008-08-29,2242.160,2307.16,2334.800,2242.160,19417900.000
2008-09-01,2290.410,2238.05,2290.410,2219.520,15455400.000
2008-09-02,2224.800,2253.77,2278.490,2198.640,15449500.000
2008-09-03,2246.730,2237.28,2268.380,2199.150,18866500.000
2008-09-04,2233.110,2254.69,2278.510,2220.640,15600600.000
2008-09-05,2193.560,2148.74,2210.750,2145.660,17462000.000
2008-09-08,2146.750,2039.89,2160.860,2031.530,15894600.000
2008-09-09,2044.300,2057.56,2070.470,2021.820,12755300.000
2008-09-10,2044.030,2072.81,2108.590,2025.670,15341700.000
2008-09-11,2068.180,2034.25,2089.960,2023.250,13175300.000
2008-09-12,2032.350,2038.66,2067.590,2031.210,10496700.000
2008-09-16,2036.380,1993.46,2037.680,1981.220,14941100.000
2008-09-17,1988.780,1956.04,2013.010,1946.800,14183200.000
2008-09-18,1915.320,1899.32,1938.820,1797.070,21147800.000
2008-09-19,2072.610,2086.83,2086.830,2049.020,23083800.000
2008-09-22,2213.530,2182.79,2276.660,2097.780,46244400.000
2008-09-23,2108.510,2042.2,2110.060,2041.970,27446200.000
2008-09-24,2006.010,2088.55,2088.550,1984.230,21766400.000
2008-09-25,2091.390,2138.06,2158.150,2086.080,34836900.000
2008-09-26,2144.520,2136.0,2156.960,2094.700,26804400.000
2008-10-06,2092.350,2054.04,2096.350,2049.360,20982600.000
2008-10-07,1994.020,2046.19,2070.720,1972.940,18706000.000
2008-10-08,2005.910,1995.61,2033.220,1975.820,16635700.000
2008-10-09,2034.550,1969.81,2042.800,1968.900,15749300.000
2008-10-10,1901.030,1837.4,1901.030,1836.500,19147500.000
2008-10-13,1814.540,1872.95,1872.950,1751.520,17247600.000
2008-10-14,1932.080,1816.32,1941.100,1816.320,21644400.000
2008-10-15,1801.390,1806.79,1823.700,1781.170,14004000.000
2008-10-16,1741.120,1704.56,1756.360,1703.240,17651900.000
2008-10-17,1717.580,1726.4,1736.220,1696.720,13810900.000
2008-10-20,1725.560,1786.56,1787.900,1705.570,16739000.000
2008-10-21,1793.660,1782.66,1824.380,1776.700,20064600.000
2008-10-22,1765.610,1748.84,1792.600,1747.460,16682000.000
2008-10-23,1716.300,1766.59,1766.590,1706.830,15466700.000
2008-10-24,1764.810,1741.18,1777.690,1723.500,15940900.000
2008-10-27,1711.820,1604.76,1711.820,1602.520,19565600.000
2008-10-28,1570.990,1642.06,1650.790,1562.400,20157800.000
2008-10-29,1662.040,1576.93,1665.730,1576.880,18664400.000
2008-10-30,1585.520,1590.23,1613.400,1565.720,16593000.000
2008-10-31,1590.450,1562.02,1599.160,1553.490,13754000.000
2008-11-03,1553.880,1539.8,1563.690,1532.950,12354900.000
2008-11-04,1533.750,1513.49,1535.740,1488.650,14212200.000
2008-11-05,1519.800,1563.37,1573.520,1519.800,20628900.000
2008-11-06,1530.030,1536.6,1542.760,1514.580,16775500.000
2008-11-07,1512.980,1561.22,1569.260,1503.630,17839200.000
2008-11-10,1585.290,1676.28,1677.380,1585.290,31892100.000
2008-11-11,1671.240,1662.85,1702.180,1651.590,34852200.000
2008-11-12,1648.080,1704.23,1704.230,1642.400,26826000.000
2008-11-13,1686.070,1784.5,1802.610,1680.770,47507900.000
2008-11-14,1802.250,1867.48,1867.480,1781.720,55050300.000
2008-11-17,1864.310,1959.07,1959.070,1851.870,56535900.000
2008-11-18,1949.210,1816.29,1971.660,1806.520,63976100.000
2008-11-19,1803.410,1944.33,1949.460,1803.410,53437000.000
2008-11-20,1916.870,1948.68,1990.300,1900.520,59822600.000
2008-11-21,1890.980,1921.04,1973.280,1833.980,55083200.000
2008-11-24,1920.550,1842.34,1938.470,1839.080,37202100.000
2008-11-25,1869.020,1827.64,1886.460,1780.910,28119500.000
2008-11-26,1825.340,1834.77,1857.710,1806.090,23963100.000
2008-11-27,1961.970,1861.52,1965.650,1860.990,47539900.000
2008-11-28,1845.300,1841.45,1868.330,1821.170,30741400.000
2008-12-01,1836.420,1919.47,1919.470,1820.530,37176900.000
2008-12-02,1878.350,1957.32,1973.100,1868.940,50216700.000
2008-12-03,1972.400,2039.93,2039.930,1972.170,59429100.000
2008-12-04,2062.640,2037.72,2110.670,2034.640,74284700.000
2008-12-05,2024.410,2098.66,2098.660,2020.550,51366300.000
2008-12-08,2128.680,2190.53,2190.530,2120.540,69811100.000
2008-12-09,2196.030,2134.58,2196.030,2123.930,60845000.000
2008-12-10,2123.040,2195.74,2199.780,2113.150,52866700.000
2008-12-11,2195.480,2127.18,2203.290,2125.850,51629800.000
2008-12-12,2107.480,2031.99,2118.590,2001.180,45509800.000
2008-12-15,2063.910,2073.03,2082.770,2021.050,36196000.000
2008-12-16,2058.670,2110.24,2110.570,2008.410,36115400.000
2008-12-17,2117.650,2136.31,2164.590,2110.060,44330600.000
2008-12-18,2135.680,2175.36,2176.460,2118.300,41872000.000
2008-12-19,2175.760,2194.99,2216.890,2169.870,48167900.000
2008-12-22,2196.390,2193.48,2213.000,2154.430,42559900.000
2008-12-23,2197.790,2054.53,2197.790,2052.620,45766100.000
2008-12-24,2020.960,2010.1,2043.150,1985.820,34314100.000
2008-12-25,2015.960,2003.49,2035.830,1966.540,28189700.000
2008-12-26,2006.130,1983.76,2018.140,1976.080,21288500.000
2008-12-29,1977.210,1984.76,1991.560,1928.070,20060100.000
2008-12-30,1983.460,1971.47,2004.640,1961.800,22269200.000
2008-12-31,1973.410,1939.43,1983.120,1938.010,19916600.000
2009-01-05,1969.630,2020.24,2020.240,1962.620,24718200.000
2009-01-06,2016.870,2091.89,2093.600,2005.330,38326000.000
2009-01-07,2092.740,2104.92,2120.210,2082.550,40155900.000
2009-01-08,2069.220,2052.3,2087.160,2034.400,33592600.000
2009-01-09,2050.320,2107.77,2107.770,2050.320,31585600.000
2009-01-12,2105.150,2137.84,2162.350,2100.040,38011800.000
2009-01-13,2116.110,2081.67,2125.460,2078.060,33356000.000
2009-01-14,2078.450,2160.06,2160.060,2078.450,37642900.000
2009-01-15,2143.050,2181.06,2208.340,2135.700,50112600.000
2009-01-16,2192.030,2195.63,2228.900,2186.160,53147000.000
2009-01-19,2209.130,2192.81,2221.240,2166.080,40780800.000
2009-01-20,2188.610,2214.84,2214.840,2170.900,32273900.000
2009-01-21,2187.180,2217.63,2236.440,2178.540,38764400.000
2009-01-22,2232.810,2256.37,2260.500,2222.500,42052300.000
2009-01-23,2253.320,2238.08,2265.420,2233.500,37781200.000
2009-02-02,2258.510,2306.77,2306.770,2245.260,42700500.000
2009-02-03,2307.890,2369.65,2369.650,2300.980,63882200.000
2009-02-04,2380.620,2423.89,2423.920,2370.010,69847000.000
2009-02-05,2421.360,2384.76,2436.690,2362.230,73744100.000
2009-02-06,2390.240,2493.74,2496.590,2390.240,76563600.000
2009-02-09,2528.800,2579.23,2580.750,2500.540,90834100.000
2009-02-10,2564.750,2653.21,2653.210,2535.650,81705200.000
2009-02-11,2609.010,2658.05,2723.460,2594.930,95073500.000
2009-02-12,2666.490,2707.92,2707.920,2587.190,80197100.000
2009-02-13,2714.640,2805.01,2808.480,2704.660,90039500.000
2009-02-16,2833.290,2854.44,2854.560,2777.420,90691700.000
2009-02-17,2844.220,2738.58,2844.220,2734.370,85069100.000
2009-02-18,2676.810,2632.91,2736.590,2630.710,68996000.000
2009-02-19,2661.600,2687.49,2696.780,2629.340,57010300.000
2009-02-20,2694.780,2776.96,2776.960,2671.180,60043600.000
2009-02-23,2769.630,2871.79,2878.500,2753.850,73580400.000
2009-02-24,2838.240,2754.24,2884.010,2746.020,85993500.000
2009-02-25,2780.330,2771.1,2803.510,2677.260,68657600.000
2009-02-26,2769.240,2571.28,2800.210,2535.530,65727800.000
2009-02-27,2528.600,2416.95,2542.550,2396.310,53180000.000
2009-03-02,2385.840,2478.81,2485.020,2382.020,37333100.000
2009-03-03,2416.110,2499.83,2526.850,2398.800,44132100.000
2009-03-04,2508.270,2651.41,2654.400,2508.270,61254500.000
2009-03-05,2680.320,2671.57,2710.020,2608.130,70331800.000
2009-03-06,2621.230,2653.47,2676.360,2608.560,50807700.000
2009-03-09,2661.950,2536.01,2692.750,2528.600,50605000.000
2009-03-10,2505.930,2601.42,2601.500,2498.250,35740700.000
2009-03-11,2646.610,2587.37,2655.220,2575.000,43869000.000
2009-03-12,2572.390,2597.23,2604.780,2507.230,38265200.000
2009-03-13,2606.880,2569.63,2625.610,2564.150,36035100.000
2009-03-16,2563.020,2603.06,2604.000,2539.910,31294900.000
2009-03-17,2608.230,2699.59,2708.350,2594.120,54249800.000
2009-03-18,2711.170,2734.55,2778.150,2707.790,68328400.000
2009-03-19,2737.380,2797.16,2797.160,2733.700,65849600.000
2009-03-20,2799.790,2784.11,2802.710,2731.710,64333800.000
2009-03-23,2784.890,2843.88,2846.630,2779.700,70752300.000
2009-03-24,2871.440,2865.33,2877.450,2835.200,72372200.000
2009-03-25,2849.920,2785.66,2873.130,2785.550,64925400.000
2009-03-26,2784.890,2853.41,2853.510,2746.790,57070400.000
2009-03-27,2871.390,2877.88,2894.510,2852.930,69679000.000
2009-03-30,2880.530,2883.21,2904.590,2866.860,57376200.000
2009-03-31,2825.930,2914.13,2914.200,2808.600,59667500.000
2009-04-01,2924.390,2962.84,2978.100,2924.310,76329300.000
2009-04-02,2972.740,2965.74,2996.390,2952.760,76376100.000
2009-04-03,2983.220,2934.25,2990.070,2909.830,66739600.000
2009-04-07,2941.390,2968.52,2968.520,2925.740,53024700.000
2009-04-08,2959.810,2867.17,2969.810,2867.170,61578800.000
2009-04-09,2862.110,2915.02,2915.070,2838.630,49871100.000
2009-04-10,2932.010,3009.38,3012.250,2921.610,72079900.000
2009-04-13,3030.700,3050.37,3055.650,3019.160,77994900.000
2009-04-14,3047.770,3099.43,3102.780,3031.590,76937000.000
2009-04-15,3084.040,3143.82,3143.820,3055.250,83775500.000
2009-04-16,3151.000,3159.26,3182.580,3097.540,86665500.000
2009-04-17,3152.360,3119.42,3171.860,3083.640,76864800.000
2009-04-20,3111.470,3205.88,3205.880,3109.900,73529100.000
2009-04-21,3173.530,3205.08,3225.110,3142.120,79868200.000
2009-04-22,3219.340,3042.64,3235.450,3021.410,86051800.000
2009-04-23,3013.090,3059.71,3080.250,2978.650,55318800.000
2009-04-24,3070.350,3036.76,3082.500,3034.450,52483400.000
2009-04-27,3034.240,2916.11,3042.800,2903.300,53130600.000
2009-04-28,2900.090,2959.95,2959.950,2897.800,44365100.000
2009-04-29,2963.210,3040.04,3043.410,2954.850,56199900.000
2009-04-30,3051.140,3086.22,3096.760,3040.750,62320400.000
2009-05-04,3096.390,3190.25,3190.270,3096.390,69192000.000
2009-05-05,3208.270,3220.61,3234.130,3183.390,72957300.000
2009-05-06,3215.600,3264.58,3264.580,3204.310,72987000.000
2009-05-07,3278.990,3242.63,3285.770,3177.950,81373900.000
2009-05-08,3227.220,3257.59,3274.570,3196.790,77862600.000
2009-05-11,3269.020,3134.57,3275.120,3134.440,79066300.000
2009-05-12,3105.860,3212.14,3212.180,3101.320,50827100.000
2009-05-13,3215.970,3234.15,3247.840,3201.020,61448300.000
2009-05-14,3211.210,3246.56,3256.530,3200.110,59123900.000
2009-05-15,3255.450,3270.74,3285.450,3238.680,58945700.000
2009-05-18,3265.000,3295.65,3297.540,3211.390,56313900.000
2009-05-19,3313.910,3325.53,3338.250,3302.750,71390600.000
2009-05-20,3328.120,3306.47,3343.660,3302.740,70002800.000
2009-05-21,3288.240,3247.48,3309.320,3225.550,70062900.000
2009-05-22,3235.410,3254.53,3283.500,3227.190,49638000.000
2009-05-25,3176.160,3271.5,3277.690,3152.540,56607300.000
2009-05-26,3274.630,3274.85,3319.120,3271.910,61079100.000
2009-05-27,3287.990,3276.75,3300.220,3241.220,50492500.000
2009-06-01,3302.000,3332.34,3335.070,3296.120,56432400.000
2009-06-02,3346.070,3353.92,3366.740,3333.460,64421800.000
2009-06-03,3351.780,3380.19,3380.360,3346.970,65177500.000
2009-06-04,3373.380,3375.87,3384.360,3321.270,65131100.000
2009-06-05,3379.920,3355.78,3393.080,3352.630,58164700.000
2009-06-08,3355.910,3350.24,3380.710,3321.760,52720700.000
2009-06-09,3347.860,3366.91,3366.910,3282.000,56323000.000
2009-06-10,3373.030,3403.21,3403.280,3363.880,61203700.000
2009-06-11,3399.550,3383.0,3422.130,3363.970,60964100.000
2009-06-12,3376.590,3309.59,3391.370,3281.250,55539300.000
2009-06-15,3303.740,3356.71,3356.710,3296.580,40944100.000
2009-06-16,3330.630,3349.35,3357.440,3317.830,40799700.000
2009-06-17,3346.650,3403.96,3406.910,3334.170,48982600.000
2009-06-18,3410.630,3431.28,3432.090,3406.330,59630900.000
2009-06-19,3433.200,3434.05,3448.840,3415.750,64737200.000
2009-06-22,3451.870,3405.13,3454.900,3393.320,57531300.000
2009-06-23,3365.240,3392.11,3421.240,3353.020,49053200.000
2009-06-24,3394.770,3431.44,3431.440,3384.480,49764800.000
2009-06-25,3435.000,3427.47,3441.580,3411.530,51372600.000
2009-06-26,3433.730,3448.46,3453.610,3419.370,50124700.000
2009-06-29,3451.780,3476.79,3484.230,3444.980,59346600.000
2009-06-30,3483.580,3452.26,3484.940,3439.770,53491800.000
2009-07-01,3446.450,3503.75,3503.750,3444.470,60848600.000
2009-07-02,3516.310,3540.51,3540.640,3500.890,71837600.000
2009-07-03,3519.700,3584.86,3584.860,3507.180,75130500.000
2009-07-06,3593.620,3592.64,3601.910,3557.670,74514100.000
2009-07-07,3588.670,3589.19,3616.170,3563.270,71322400.000
2009-07-08,3567.590,3633.43,3640.340,3560.110,60148000.000
2009-07-09,3637.390,3701.79,3701.790,3631.300,75239600.000
2009-07-10,3706.560,3719.97,3747.120,3697.980,77856200.000
2009-07-13,3711.450,3754.34,3782.110,3705.430,75672500.000
2009-07-14,3762.320,3813.88,3813.880,3762.320,74369600.000
2009-07-15,3824.330,3848.63,3850.960,3820.240,84360800.000
2009-07-16,3860.680,3829.21,3873.330,3821.240,84348600.000
2009-07-17,3827.250,3852.86,3862.290,3809.500,76085200.000
2009-07-20,3863.470,3919.43,3919.450,3855.770,90161000.000
2009-07-21,3922.110,3824.29,3922.570,3814.920,89371000.000
2009-07-22,3817.860,3894.56,3894.690,3817.860,77173800.000
2009-07-23,3900.010,3933.11,3933.110,3892.650,76614400.000
2009-07-24,3945.240,3907.97,3952.320,3831.400,82625800.000
2009-07-27,3918.270,3972.64,3972.670,3914.320,79283900.000
2009-07-28,3974.010,4022.91,4023.010,3936.210,88281300.000
2009-07-29,4013.030,3764.64,4019.200,3678.890,94637700.000
2009-07-30,3773.150,3803.12,3830.350,3670.910,69837000.000
2009-07-31,3826.190,3928.58,3933.370,3816.470,75259200.000
2009-08-03,3944.700,4020.27,4020.620,3928.930,85107300.000
2009-08-04,4024.680,4069.35,4071.130,3975.510,93650300.000
2009-08-05,4065.430,4069.34,4099.530,3993.110,88793300.000
2009-08-06,4040.220,4015.42,4093.700,3946.590,78729700.000
2009-08-07,4008.230,3893.12,4036.200,3875.760,66695000.000
2009-08-10,3935.040,3933.05,3970.180,3857.500,53810700.000
2009-08-11,3946.150,3953.29,3964.420,3900.060,44640400.000
2009-08-12,3944.340,3770.14,3944.340,3762.240,53833000.000
2009-08-13,3772.670,3778.14,3800.530,3705.370,42709900.000
2009-08-14,3780.390,3609.7,3789.750,3609.660,50726500.000
2009-08-17,3558.320,3358.1,3571.820,3356.200,48213700.000
2009-08-18,3326.870,3424.77,3436.480,3310.900,38126200.000
2009-08-19,3427.100,3247.53,3436.950,3215.550,43905900.000
2009-08-20,3247.210,3374.35,3378.810,3239.820,42960800.000
2009-08-21,3366.460,3468.04,3469.070,3344.310,51580500.000
2009-08-24,3472.490,3541.8,3556.710,3449.220,54607600.000
2009-08-25,3523.810,3485.92,3523.810,3384.450,59825500.000
2009-08-26,3466.220,3595.11,3622.670,3444.820,59667700.000
2009-08-27,3585.370,3629.51,3662.470,3557.770,65426100.000
2009-08-28,3615.070,3531.41,3627.370,3512.430,48276200.000
2009-08-31,3477.120,3278.0,3477.120,3276.110,47314200.000
2009-09-01,3242.930,3245.27,3319.720,3207.270,37392900.000
2009-09-02,3229.020,3265.07,3279.100,3195.850,31058500.000
2009-09-03,3266.180,3427.44,3437.160,3262.970,47946500.000
2009-09-04,3422.950,3489.06,3509.280,3408.080,53833600.000
2009-09-07,3503.000,3527.25,3564.650,3487.490,58320100.000
2009-09-08,3505.440,3592.81,3592.810,3473.180,55785200.000
2009-09-09,3598.010,3613.41,3616.250,3556.310,55879200.000
2009-09-10,3598.270,3581.68,3624.760,3558.620,49193000.000
2009-09-11,3567.620,3641.82,3659.440,3565.870,53522300.000
2009-09-14,3653.470,3736.58,3744.830,3652.580,69996400.000
2009-09-15,3742.450,3775.21,3791.840,3718.880,71362900.000
2009-09-16,3764.570,3781.06,3808.900,3706.300,72237400.000
2009-09-17,3785.250,3868.67,3881.850,3785.250,77663300.000
2009-09-18,3879.100,3739.73,3892.170,3707.020,80515900.000
2009-09-21,3704.170,3804.33,3805.040,3637.500,61094400.000
2009-09-22,3793.790,3708.2,3834.730,3708.200,57193000.000
2009-09-23,3693.030,3595.71,3733.690,3572.630,49935100.000
2009-09-24,3572.480,3568.67,3620.390,3477.410,44118200.000
2009-09-25,3555.470,3536.81,3583.600,3516.360,33151500.000
2009-09-28,3546.340,3434.66,3581.980,3418.460,32287700.000
2009-09-29,3430.290,3372.07,3449.170,3306.380,32639200.000
2009-09-30,3396.930,3400.62,3444.770,3396.560,28863900.000
2009-10-09,3456.080,3576.44,3576.640,3454.800,36436900.000
2009-10-12,3586.040,3597.86,3629.580,3555.950,39199700.000
2009-10-13,3591.610,3659.08,3659.080,3583.850,37932300.000
2009-10-14,3668.370,3692.65,3729.940,3667.510,52256000.000
2009-10-15,3711.100,3704.4,3733.280,3677.140,44253000.000
2009-10-16,3712.920,3716.9,3725.320,3654.700,42916400.000
2009-10-19,3719.530,3808.18,3808.180,3714.490,56594400.000
2009-10-20,3827.630,3865.83,3865.830,3811.790,67725100.000
2009-10-21,3859.510,3839.95,3887.890,3836.880,65472000.000
2009-10-22,3827.180,3855.77,3880.290,3815.170,56752300.000
2009-10-23,3858.450,3908.44,3926.190,3858.450,69440100.000
2009-10-26,3914.610,3911.65,3925.420,3869.150,58061800.000
2009-10-27,3884.560,3807.98,3887.440,3807.980,57622800.000
2009-10-28,3794.990,3846.42,3846.420,3763.170,50009600.000
2009-10-29,3786.730,3777.5,3814.920,3761.780,47908900.000
2009-10-30,3823.800,3827.68,3872.230,3799.660,51748400.000
2009-11-02,3754.940,3955.78,3955.780,3738.700,65950700.000
2009-11-03,3970.450,4053.21,4053.210,3967.000,82590000.000
2009-11-04,4057.020,4083.48,4091.990,4040.320,77912200.000
2009-11-05,4082.870,4125.78,4134.850,4068.940,70886900.000
2009-11-06,4147.830,4145.14,4175.500,4130.690,83945700.000
2009-11-09,4148.430,4176.19,4176.430,4120.390,68324600.000
2009-11-10,4193.660,4182.77,4211.150,4176.130,69802600.000
2009-11-11,4172.660,4199.55,4209.250,4149.290,62783800.000
2009-11-12,4203.620,4213.25,4251.610,4197.700,66825400.000
2009-11-13,4200.670,4267.01,4267.010,4166.140,63309300.000
2009-11-16,4295.720,4364.97,4366.850,4295.720,88374800.000
2009-11-17,4381.990,4387.55,4400.390,4341.780,78861400.000
2009-11-18,4386.130,4406.78,4413.620,4363.880,77771500.000
2009-11-19,4412.100,4476.14,4476.140,4400.750,86056200.000
2009-11-20,4462.580,4508.29,4541.270,4443.130,88271200.000
2009-11-23,4516.280,4591.34,4592.010,4513.560,82837200.000
2009-11-24,4607.030,4347.66,4611.890,4328.440,116087000.000
2009-11-25,4333.700,4512.08,4512.680,4317.850,87596000.000
2009-11-26,4519.130,4328.41,4541.940,4304.150,103729000.000
2009-11-27,4262.570,4215.34,4355.230,4187.580,70829600.000
2009-11-30,4251.960,4405.33,4405.690,4251.960,62939500.000
2009-12-01,4405.730,4525.29,4525.650,4386.830,76089700.000
2009-12-02,4547.980,4591.38,4605.880,4534.450,87627900.000
2009-12-03,4582.260,4621.94,4625.640,4555.470,79041800.000
2009-12-04,4614.680,4506.08,4651.150,4403.140,93985400.000
2009-12-07,4508.630,4581.24,4581.580,4503.490,60493100.000
2009-12-08,4584.160,4571.76,4598.100,4520.920,66403600.000
2009-12-09,4524.620,4498.15,4566.240,4474.100,55351700.000
2009-12-10,4517.700,4536.56,4553.820,4485.820,45417800.000
2009-12-11,4546.610,4534.76,4576.220,4517.530,47113600.000
2009-12-14,4533.360,4513.59,4533.800,4417.730,46093100.000
2009-12-15,4507.160,4523.49,4545.350,4492.240,46581000.000
2009-12-16,4509.820,4506.04,4543.100,4491.020,43417900.000
2009-12-17,4506.370,4364.93,4518.940,4362.840,44927100.000
2009-12-18,4318.060,4203.48,4318.990,4194.960,42987200.000
2009-12-21,4195.120,4256.39,4257.020,4185.110,32099700.000
2009-12-22,4260.740,4136.82,4263.340,4124.080,36849000.000
2009-12-23,4132.150,4210.17,4210.670,4129.890,32888800.000
2009-12-24,4213.820,4345.3,4350.520,4209.980,44360100.000
2009-12-25,4342.350,4376.193,4398.458,4324.855,42724540.000
2009-12-28,4388.778,4447.205,4447.757,4388.274,43749736.000
2009-12-29,4451.928,4463.604,4465.461,4393.902,45272145.000
2009-12-30,4459.723,4446.067,4470.310,4408.380,48089604.000
2009-12-31,4444.248,4485.255,4487.450,4432.290,45292800.000
2010-01-04,4508.930,4510.527,4542.710,4487.360,51256734.000
2010-01-05,4513.403,4557.475,4558.210,4480.190,57040745.000
2010-01-06,4553.369,4550.279,4595.100,4538.720,57875979.000
2010-01-07,4540.009,4459.155,4554.930,4436.770,57873440.000
2010-01-08,4439.206,4514.452,4514.720,4426.230,46573646.000
2010-01-11,4549.318,4542.949,4558.460,4502.990,57089732.000
2010-01-12,4535.304,4639.632,4640.350,4524.680,62061689.000
2010-01-13,4544.429,4591.024,4650.060,4526.840,67898807.000
2010-01-14,4598.405,4714.1,4714.870,4598.400,67918483.000
2010-01-15,4720.217,4747.648,4753.190,4712.620,58513372.000
2010-01-18,4744.325,4829.062,4829.360,4738.910,63284357.000
2010-01-19,4835.827,4830.016,4852.320,4791.990,66154944.000
2010-01-20,4830.421,4651.074,4831.700,4635.670,78086537.000
2010-01-21,4646.622,4667.209,4696.160,4611.760,50936676.000
2010-01-22,4613.193,4537.88,4633.390,4453.690,60187183.000
2010-01-25,4515.131,4481.16,4542.790,4477.190,41395083.000
2010-01-26,4467.521,4294.383,4492.650,4254.320,41520282.000
2010-01-27,4290.736,4267.113,4344.130,4229.520,32924152.000
2010-01-28,4266.056,4336.381,4340.410,4249.770,32127330.000
2010-01-29,4316.237,4374.649,4418.400,4298.650,39888065.000
2010-02-01,4366.489,4331.366,4372.570,4269.330,43095029.000
2010-02-02,4344.037,4301.768,4388.350,4296.880,38532505.000
2010-02-03,4299.966,4363.079,4363.670,4160.350,48526679.000
2010-02-04,4342.680,4408.441,4445.750,4316.810,51873782.000
2010-02-05,4312.549,4311.293,4382.340,4270.710,49670405.000
2010-02-08,4299.251,4310.894,4330.200,4279.660,31946076.000
2010-02-09,4300.320,4311.891,4334.340,4284.520,29896579.000
2010-02-10,4333.854,4366.25,4366.490,4326.020,25897196.000
2010-02-11,4367.721,4356.517,4385.200,4352.110,24485410.000
2010-02-12,4365.619,4416.219,4418.540,4365.480,24511379.000
2010-02-22,4412.553,4419.547,4457.220,4401.060,31469426.000
2010-02-23,4414.055,4459.155,4459.730,4352.440,38842110.000
2010-02-24,4438.395,4556.281,4556.720,4419.450,48024568.000
2010-02-25,4565.744,4629.965,4632.970,4564.020,55519410.000
2010-02-26,4618.639,4634.671,4656.930,4602.020,49530522.000
2010-03-01,4635.953,4686.266,4692.830,4635.950,53862437.000
2010-03-02,4692.606,4690.293,4705.160,4660.170,56628861.000
2010-03-03,4690.436,4758.434,4761.580,4680.310,63573551.000
2010-03-04,4763.637,4586.523,4780.020,4572.070,68470706.000
2010-03-05,4590.886,4604.586,4632.040,4550.100,52371476.000
2010-03-08,4618.857,4654.583,4665.060,4612.220,45039469.000
2010-03-09,4653.062,4660.126,4674.510,4607.860,47214429.000
2010-03-10,4659.500,4598.994,4674.060,4564.430,44799559.000
2010-03-11,4594.501,4562.872,4608.640,4519.030,37561118.000
2010-03-12,4561.609,4492.861,4576.000,4489.530,35400212.000
2010-03-15,4485.875,4454.76,4498.100,4426.190,29928780.000
2010-03-16,4453.812,4492.04,4492.040,4426.610,27664476.000
2010-03-17,4500.427,4616.053,4616.110,4500.260,44369453.000
2010-03-18,4627.998,4630.953,4653.680,4605.910,49791347.000
2010-03-19,4632.050,4663.903,4665.910,4609.010,46415546.000
2010-03-22,4669.413,4690.198,4695.080,4649.530,47200320.000
2010-03-23,4690.273,4658.626,4697.730,4642.980,47048667.000
2010-03-24,4662.987,4683.065,4692.320,4662.540,47442767.000
2010-03-25,4675.222,4620.749,4675.220,4609.170,48954116.000
2010-03-26,4609.752,4686.931,4693.760,4601.690,45219282.000
2010-03-29,4701.789,4723.611,4723.740,4682.410,50283238.000
2010-03-30,4720.577,4744.423,4748.910,4708.430,47343723.000
2010-03-31,4744.344,4756.157,4757.320,4726.520,49108276.000
2010-04-01,4756.298,4827.214,4828.100,4755.930,61878857.000
2010-04-02,4833.810,4843.175,4851.940,4820.060,59431946.000
2010-04-06,4853.328,4852.904,4862.170,4814.250,57397050.000
2010-04-07,4851.831,4863.639,4865.750,4829.020,53289186.000
2010-04-08,4856.411,4864.922,4881.910,4845.600,57175510.000
2010-04-09,4866.519,4939.176,4939.410,4866.240,58419225.000
2010-04-12,4948.103,4976.38,4976.830,4932.630,72281718.000
2010-04-13,4977.757,4919.873,4993.367,4793.284,73469443.000
2010-04-14,4910.701,4977.508,4978.270,4896.570,56202291.000
2010-04-15,4975.078,4914.747,4984.360,4879.910,54251123.000
2010-04-16,4900.600,4898.67,4936.880,4852.410,43045737.000
2010-04-19,4850.863,4688.836,4880.530,4688.120,58277447.000
2010-04-20,4680.197,4749.934,4750.490,4607.200,52719073.000
2010-04-21,4753.118,4893.978,4896.660,4747.390,63953385.000
2010-04-22,4881.255,4902.405,4950.490,4849.560,65995208.000
2010-04-23,4892.037,4864.164,4936.730,4840.170,55763900.000
2010-04-26,4868.725,4866.553,4904.970,4847.910,48510450.000
2010-04-27,4852.193,4739.269,4852.190,4645.160,53715867.000
2010-04-28,4682.326,4714.432,4767.800,4652.870,44319858.000
2010-04-29,4730.490,4561.695,4758.760,4560.130,48293400.000
2010-04-30,4540.652,4438.681,4547.480,4350.150,43819654.000
2010-05-04,4353.452,4434.131,4484.460,4324.500,31837592.000
2010-05-05,4388.503,4564.807,4565.240,4377.380,43298498.000
2010-05-06,4557.446,4419.781,4583.180,4418.740,44983501.000
2010-05-07,4313.653,4350.758,4443.530,4285.470,42211550.000
2010-05-10,4346.702,4269.108,4391.030,4175.670,40192159.000
2010-05-11,4350.771,4144.352,4366.690,4134.600,40025811.000
2010-05-12,4100.604,4042.516,4154.480,3979.130,36571835.000
2010-05-13,4042.315,4157.842,4158.350,3974.100,36516862.000
2010-05-14,4129.892,4184.841,4217.610,4107.180,36942440.000
2010-05-17,4125.661,3915.752,4132.380,3915.750,37603132.000
2010-05-18,3894.094,3972.154,3983.880,3818.290,37712984.000
2010-05-19,3946.148,3977.377,4037.850,3908.640,34960518.000
2010-05-20,3941.610,3901.257,4025.800,3890.350,33434323.000
2010-05-21,3787.150,3982.385,3982.410,3768.100,40230813.000
2010-05-24,4016.351,4163.477,4170.730,4016.350,54419277.000
2010-05-25,4134.931,4133.346,4177.790,4087.100,47451018.000
2010-05-26,4117.490,4144.662,4165.290,4097.240,34229709.000
2010-05-27,4133.325,4218.637,4228.440,4083.620,43652360.000
2010-05-28,4254.849,4235.322,4270.170,4203.490,45314112.000
2010-05-31,4214.623,4104.364,4259.160,4104.360,41408221.000
2010-06-01,4059.415,4025.789,4091.440,3933.390,38746191.000
2010-06-02,4004.128,4083.616,4084.050,3960.340,32708799.000
2010-06-03,4099.855,4053.985,4146.660,4053.550,37543527.000
2010-06-04,4025.277,4089.035,4095.490,4013.970,31415125.000
2010-06-07,4000.650,4072.568,4082.380,3985.150,34970362.000
2010-06-08,4064.784,4109.317,4122.390,4047.820,34239596.000
2010-06-09,4124.807,4211.881,4212.180,4110.430,47558272.000
2010-06-10,4191.293,4223.566,4261.160,4176.430,41886171.000
2010-06-11,4239.059,4197.995,4252.100,4193.080,34418006.000
2010-06-17,4221.599,4145.243,4237.100,4144.070,28998362.000
2010-06-18,4131.677,3972.286,4131.680,3945.730,35042623.000
2010-06-21,3960.250,4087.017,4087.450,3924.420,35086242.000
2010-06-22,4081.642,4119.722,4136.590,4069.220,34616538.000
2010-06-23,4098.259,4094.568,4138.780,4039.930,31267977.000
2010-06-24,4090.974,4095.295,4120.840,4070.490,24970787.000
2010-06-25,4079.192,4028.433,4080.020,3992.370,25801715.000
2010-06-28,4023.107,3961.382,4036.430,3944.470,21119469.000
2010-06-29,3960.676,3736.982,3973.930,3735.120,33575643.000
2010-06-30,3699.181,3664.464,3701.330,3620.270,25537340.000
2010-07-01,3657.956,3606.593,3692.900,3604.360,22463470.000
2010-07-02,3600.760,3585.576,3609.000,3430.360,30876868.000
2010-07-05,3535.741,3563.882,3586.580,3498.900,22484253.000
2010-07-06,3556.190,3665.334,3665.380,3554.070,29592012.000
2010-07-07,3672.150,3718.662,3718.930,3656.300,28947693.000
2010-07-08,3729.238,3698.342,3736.510,3663.730,27792471.000
2010-07-09,3699.313,3807.604,3817.670,3677.340,40733295.000
2010-07-12,3809.750,3849.52,3866.780,3799.430,40014436.000
2010-07-13,3816.463,3788.751,3816.460,3747.400,34445295.000
2010-07-14,3795.211,3824.046,3862.390,3795.180,35409659.000
2010-07-15,3817.178,3735.395,3850.200,3735.280,32710612.000
2010-07-16,3713.659,3757.432,3764.840,3672.020,27987211.000
2010-07-19,3718.130,3842.313,3848.630,3701.930,35074236.000
2010-07-20,3849.042,3951.358,3951.540,3848.740,52683504.000
2010-07-21,3953.773,3959.427,4001.430,3937.480,52042488.000
2010-07-22,3947.994,4017.864,4018.060,3940.460,46178883.000
2010-07-23,4020.914,4015.467,4028.510,3965.700,44710462.000
2010-07-26,4023.064,4071.094,4071.470,4011.750,43857872.000
2010-07-27,4062.251,4068.864,4091.310,4041.900,41066283.000
2010-07-28,4061.019,4162.321,4162.660,4050.190,57902007.000
2010-07-29,4170.762,4194.04,4196.030,4139.940,62749036.000
2010-07-30,4181.218,4191.13,4203.640,4137.230,47298289.000
2010-08-02,4192.660,4267.895,4268.400,4192.520,54273135.000
2010-08-03,4277.270,4193.641,4289.460,4193.300,59405904.000
2010-08-04,4178.191,4248.014,4248.230,4137.650,54686762.000
2010-08-05,4247.050,4267.955,4306.650,4231.470,58414578.000
2010-08-06,4260.630,4356.012,4356.210,4228.670,63696275.000
2010-08-09,4357.180,4413.57,4414.530,4352.920,59991104.000
2010-08-10,4412.268,4246.46,4417.200,4246.460,62485512.000
2010-08-11,4230.353,4297.904,4309.790,4230.350,42638846.000
2010-08-12,4248.984,4241.592,4317.950,4228.530,45326653.000
2010-08-13,4240.495,4323.052,4323.250,4212.200,41849585.000
2010-08-16,4322.020,4423.315,4429.900,4315.020,56252593.000
2010-08-17,4436.376,4457.759,4470.460,4414.210,56911702.000
2010-08-18,4462.578,4457.127,4475.920,4409.590,56897208.000
2010-08-19,4456.274,4461.488,4491.740,4423.990,59312862.000
2010-08-20,4442.693,4366.604,4444.850,4350.150,58298747.000
2010-08-23,4363.169,4404.718,4416.830,4362.720,48536656.000
2010-08-24,4401.523,4456.497,4476.260,4370.570,54699663.000
2010-08-25,4428.360,4368.304,4457.837,4364.061,54285398.000
2010-08-26,4376.920,4399.28,4415.840,4355.030,42401538.000
2010-08-27,4393.990,4431.44,4437.790,4375.390,36949889.000
2010-08-30,4453.050,4553.02,4553.400,4453.050,55412906.000
2010-08-31,4541.770,4589.29,4605.180,4529.730,59063491.000
2010-09-01,4595.210,4530.23,4613.090,4473.570,64648953.000
2010-09-02,4562.430,4625.4,4631.000,4545.790,65126400.000
2010-09-03,4632.260,4662.96,4671.340,4596.120,67592641.000
2010-09-06,4682.260,4651.96,4692.110,4616.070,64243959.000
2010-09-07,4650.950,4679.94,4680.330,4613.390,54167865.000
2010-09-08,4660.900,4720.38,4723.830,4644.350,55226504.000
2010-09-09,4730.860,4658.01,4746.030,4649.040,70247230.000
2010-09-10,4655.700,4705.31,4712.560,4593.450,62314076.000
2010-09-13,4713.060,4789.69,4791.480,4707.360,62354602.000
2010-09-14,4796.460,4805.42,4821.550,4770.360,61049814.000
2010-09-15,4802.610,4730.14,4802.610,4712.530,60256287.000
2010-09-16,4721.560,4610.92,4739.430,4558.400,56016231.000
2010-09-17,4616.570,4603.49,4646.200,4575.790,42085317.000
2010-09-20,4608.850,4553.12,4622.510,4531.480,38806392.000
2010-09-21,4561.670,4546.72,4576.040,4516.610,28514132.000
2010-09-27,4570.610,4673.6,4673.760,4570.610,36480284.000
2010-09-28,4672.150,4654.35,4695.040,4643.170,41678014.000
2010-09-29,4648.160,4590.32,4659.560,4577.400,39953484.000
2010-09-30,4564.810,4660.6,4660.600,4553.960,35289019.000
2010-10-08,4696.380,4767.97,4787.450,4691.640,51551489.000
2010-10-11,4784.650,4789.15,4825.350,4746.540,76595412.000
2010-10-12,4772.910,4806.03,4808.130,4748.740,67833440.000
2010-10-13,4808.390,4836.74,4838.860,4765.940,77370404.000
2010-10-14,4842.690,4679.55,4848.860,4675.380,75713462.000
2010-10-15,4654.270,4691.45,4719.930,4638.240,71827387.000
2010-10-18,4699.030,4636.64,4701.160,4545.070,83674560.000
2010-10-19,4637.960,4778.61,4779.110,4637.050,65163143.000
2010-10-20,4682.650,4794.19,4828.900,4661.190,76638057.000
2010-10-21,4805.700,4833.8,4844.540,4771.610,67899414.000
2010-10-22,4837.330,4877.93,4892.620,4826.830,66071922.000
2010-10-25,4894.850,4998.5,4998.890,4894.810,81029247.000
2010-10-26,5010.020,5046.15,5046.650,4983.840,89138490.000
2010-10-27,5046.210,4994.77,5088.850,4976.710,80491678.000
2010-10-28,4978.540,4999.59,5020.070,4952.710,61781621.000
2010-10-29,5005.660,5055.49,5068.700,4992.810,65471877.000
2010-11-01,5072.760,5199.52,5199.810,5072.760,85238377.000
2010-11-02,5211.470,5173.07,5272.450,5171.500,96864368.000
2010-11-03,5165.910,5098.54,5197.960,5096.460,76317124.000
2010-11-04,5104.770,5228.3,5228.920,5104.770,76126009.000
2010-11-05,5274.570,5311.77,5313.480,5244.380,89504908.000
2010-11-08,5338.510,5431.09,5431.390,5330.510,95076487.000
2010-11-09,5435.360,5467.84,5468.360,5398.700,92700581.000
2010-11-10,5459.400,5484.74,5504.880,5432.630,88592641.000
2010-11-11,5462.760,5440.1,5581.350,5440.100,98773284.000
2010-11-12,5411.870,5111.19,5445.710,5094.800,105143255.000
2010-11-15,5117.160,5255.27,5255.850,5083.850,67850335.000
2010-11-16,5259.510,5068.46,5288.970,5017.250,78362153.000
2010-11-17,4989.800,4855.85,5039.090,4830.510,54307890.000
2010-11-18,4885.910,4932.4,4941.200,4814.420,42024505.000
2010-11-19,4959.060,5081.03,5081.030,4919.280,54210574.000
2010-11-22,5049.460,5150.67,5190.600,5036.320,60867651.000
2010-11-23,5129.370,5063.24,5129.370,4970.490,53772275.000
2010-11-24,5022.130,5206.15,5206.420,5017.930,54086198.000
2010-11-25,5228.270,5259.81,5278.320,5226.980,60786557.000
2010-11-26,5255.250,5227.65,5256.400,5169.030,54072353.000
2010-11-29,5214.450,5248.75,5273.790,5180.660,50070999.000
2010-11-30,5238.500,5110.88,5257.100,4960.710,64600123.000
2010-12-01,5090.400,5116.84,5139.960,5071.350,40821237.000
2010-12-02,5175.260,5138.49,5192.630,5135.670,47746715.000
2010-12-03,5135.830,5100.37,5145.810,5052.430,37637974.000
2010-12-06,5103.860,5016.53,5114.070,4989.280,34135678.000
2010-12-07,4999.590,5084.58,5088.750,4931.880,33681596.000
2010-12-08,5077.550,5069.97,5133.250,5059.580,33016178.000
2010-12-09,5047.040,4964.9,5047.040,4964.250,35036069.000
2010-12-10,4944.930,5039.17,5045.950,4935.280,30412527.000
2010-12-13,5063.010,5179.02,5179.520,5063.010,45563549.000
2010-12-14,5194.940,5244.04,5244.530,5181.200,49363283.000
2010-12-15,5244.800,5230.68,5276.140,5211.700,46795723.000
2010-12-16,5219.080,5216.85,5250.390,5200.880,35520439.000
2010-12-17,5212.140,5228.34,5230.330,5187.400,30412144.000
2010-12-20,5246.420,5163.53,5264.210,5043.660,45587756.000
2010-12-21,5166.340,5222.79,5223.400,5123.270,40388406.000
2010-12-22,5225.770,5174.54,5226.180,5157.320,40779135.000
2010-12-23,5161.260,5069.52,5170.180,5060.530,34608134.000
2010-12-24,5046.940,4991.54,5046.940,4947.220,30950786.000
2010-12-27,4993.380,4849.63,5048.600,4832.530,34155338.000
2010-12-28,4820.820,4730.5,4827.350,4700.560,29554248.000
2010-12-29,4730.630,4812.53,4813.240,4723.290,21476837.000
2010-12-30,4810.440,4828.49,4846.650,4777.840,23532241.000
2010-12-31,4833.890,4936.72,4936.720,4833.890,27654614.000
2011-01-04,4964.210,5011.5,5012.060,4938.940,36995644.000
2011-01-05,4989.100,5028.77,5038.870,4964.870,34752218.000
2011-01-06,5026.330,5001.28,5047.260,4992.170,31238743.000
2011-01-07,4990.700,4975.14,5028.270,4945.780,34996233.000
2011-01-10,4966.560,4830.56,4970.420,4816.580,31137862.000
2011-01-11,4811.160,4804.82,4815.500,4747.490,27506089.000
2011-01-12,4813.480,4833.58,4846.950,4764.470,26914398.000
2011-01-13,4851.680,4826.76,4859.530,4810.900,25443773.000
2011-01-14,4816.660,4723.43,4816.660,4719.150,27811774.000
2011-01-17,4690.880,4519.91,4691.570,4507.570,30677510.000
2011-01-18,4502.060,4536.96,4550.290,4483.500,19442866.000
2011-01-19,4538.990,4646.09,4646.090,4530.610,24360938.000
2011-01-20,4637.770,4477.36,4637.770,4476.560,28652463.000
2011-01-21,4459.990,4506.32,4549.590,4445.230,27095042.000
2011-01-24,4506.610,4398.5,4521.130,4397.020,25220682.000
2011-01-25,4390.160,4341.91,4392.210,4307.910,21336169.000
2011-01-26,4339.860,4424.89,4426.250,4339.860,19743124.000
2011-01-27,4397.930,4502.81,4514.430,4369.870,27964817.000
2011-01-28,4497.830,4548.21,4559.360,4493.840,25817665.000
2011-01-31,4544.330,4610.86,4611.000,4536.190,26406322.000
2011-02-01,4612.400,4630.58,4638.610,4604.910,23946695.000
2011-02-09,4597.540,4609.72,4654.590,4584.900,27542085.000
2011-02-10,4604.840,4733.97,4734.060,4602.330,34578250.000
2011-02-11,4736.270,4786.81,4803.100,4729.390,39915983.000
2011-02-14,4792.850,4872.5,4884.990,4792.850,47815133.000
2011-02-15,4878.680,4869.69,4932.330,4862.770,51557041.000
2011-02-16,4860.890,4952.67,4952.950,4855.950,44671367.000
2011-02-17,4962.120,4987.48,4990.750,4917.950,50445327.000
2011-02-18,4977.220,4941.43,4984.180,4915.670,42906719.000
2011-02-21,4911.810,5042.97,5043.250,4905.360,47370220.000
2011-02-22,5052.360,4909.75,5058.750,4908.250,57381961.000
2011-02-23,4891.250,4979.06,4983.230,4891.250,44830064.000
2011-02-24,4976.340,5027.73,5033.100,4963.760,50090685.000
2011-02-25,5019.500,5032.8,5039.790,4964.350,44455450.000
2011-02-28,5040.220,5095.21,5095.570,5007.650,51242787.000
2011-03-01,5099.700,5122.44,5143.770,5082.040,57798418.000
2011-03-02,5099.480,5108.74,5120.410,5024.860,53142790.000
2011-03-03,5106.390,5009.05,5124.610,5000.540,51710389.000
2011-03-04,5005.560,5067.62,5067.920,4989.650,42559604.000
2011-03-07,5085.460,5138.25,5138.650,5085.460,57478588.000
2011-03-08,5135.350,5165.73,5166.360,5113.090,53140081.000
2011-03-09,5168.130,5181.37,5186.030,5147.870,51146197.000
2011-03-10,5174.030,5143.41,5174.030,5139.780,52319886.000
2011-03-11,5118.070,5139.75,5200.700,5113.480,51719335.000
2011-03-14,5127.140,5190.04,5190.730,5111.010,53410133.000
2011-03-15,5178.080,5131.33,5178.080,5016.880,63336064.000
2011-03-16,5122.270,5199.36,5200.060,5119.190,55561319.000
2011-03-17,5151.640,5104.13,5185.420,5080.530,56740777.000
2011-03-18,5133.770,5126.93,5160.800,5105.060,42676833.000
2011-03-21,5120.670,5086.11,5130.930,5062.790,41919675.000
2011-03-22,5093.410,5085.81,5102.430,5020.750,39106999.000
2011-03-23,5084.770,5155.34,5155.580,5076.720,46373560.000
2011-03-24,5159.200,5169.26,5185.500,5149.660,48996692.000
2011-03-25,5164.820,5212.35,5218.060,5164.780,58577397.000
2011-03-28,5223.070,5199.55,5231.730,5187.450,69123030.000
2011-03-29,5185.680,5111.15,5191.540,5105.030,70333327.000
2011-03-30,5101.110,5064.54,5117.220,5036.290,53628602.000
2011-03-31,5065.120,5000.4,5079.230,4985.020,45793403.000
2011-04-01,4999.760,5065.08,5065.080,4991.790,39117302.000
2011-04-06,5046.900,5057.84,5070.340,5019.490,45714761.000
2011-04-07,5056.090,5089.75,5090.020,5045.190,44968886.000
2011-04-08,5087.310,5148.8,5149.050,5079.650,45371604.000
2011-04-11,5157.070,5107.14,5162.490,5102.710,52617550.000
2011-04-12,5096.570,5114.46,5139.030,5083.390,52714365.000
2011-04-13,5098.640,5165.21,5165.490,5069.390,48871329.000
2011-04-14,5162.310,5150.87,5175.240,5140.000,48913119.000
2011-04-15,5143.300,5162.42,5162.420,5103.090,52794112.000
2011-04-18,5149.340,5178.89,5179.450,5140.410,56460231.000
2011-04-19,5149.660,5116.14,5153.560,5095.600,64017974.000
2011-04-20,5116.110,5152.4,5154.740,5116.110,50876715.000
2011-04-21,5169.620,5188.11,5191.010,5159.960,53830707.000
2011-04-22,5187.760,5165.12,5193.210,5150.420,54987670.000
2011-04-25,5152.070,5054.77,5152.070,5054.770,50114044.000
2011-04-26,5033.790,4970.57,5047.340,4943.060,39257718.000
2011-04-27,4977.950,4913.5,5003.860,4872.510,41128258.000
2011-04-28,4920.940,4755.42,4937.110,4752.410,40775602.000
2011-04-29,4749.530,4836.87,4837.000,4738.450,30110310.000
2011-05-03,4836.860,4920.57,4920.710,4816.020,35460535.000
2011-05-04,4900.440,4814.78,4900.440,4798.410,40627915.000
2011-05-05,4792.130,4827.21,4842.370,4784.700,34700031.000
2011-05-06,4787.520,4849.97,4874.980,4764.840,36905771.000
2011-05-09,4855.840,4889.92,4897.760,4855.840,34562508.000
2011-05-10,4893.950,4918.67,4918.870,4871.450,35224545.000
2011-05-11,4919.240,4929.49,4949.020,4880.310,42374924.000
2011-05-12,4896.330,4863.79,4940.820,4863.120,47355573.000
2011-05-13,4860.030,4902.56,4903.110,4817.830,42464083.000
2011-05-16,4900.000,4900.71,4931.120,4892.240,40995343.000
2011-05-17,4892.290,4873.95,4912.710,4823.060,46860595.000
2011-05-18,4859.320,4906.19,4907.750,4850.450,36080751.000
2011-05-19,4912.810,4879.89,4929.210,4875.800,34682656.000
2011-05-20,4875.080,4863.19,4886.590,4837.980,30219964.000
2011-05-23,4853.900,4679.53,4853.920,4677.460,42852622.000
2011-05-24,4656.010,4672.08,4676.830,4590.130,32871981.000
2011-05-25,4667.640,4618.75,4689.690,4613.680,34181692.000
2011-05-26,4635.950,4572.94,4662.290,4572.320,35701838.000
2011-05-27,4561.770,4428.89,4567.230,4425.760,33902386.000
2011-05-30,4403.000,4345.05,4427.000,4339.080,26592575.000
2011-05-31,4347.990,4444.28,4444.590,4339.620,26472384.000
2011-06-01,4439.390,4490.89,4494.000,4424.200,27467294.000
2011-06-02,4434.860,4430.0,4452.530,4363.900,30385988.000
2011-06-03,4425.490,4506.2,4514.310,4424.200,26719691.000
2011-06-07,4496.960,4547.3,4548.220,4490.620,25352427.000
2011-06-08,4542.700,4562.97,4568.290,4486.650,29693704.000
2011-06-09,4552.070,4456.73,4553.710,4456.590,30127452.000
2011-06-10,4442.510,4469.05,4469.580,4383.200,27162727.000
2011-06-13,4439.870,4468.79,4475.690,4408.060,22902974.000
2011-06-14,4466.990,4540.94,4546.730,4461.530,29955585.000
2011-06-15,4531.360,4499.69,4562.040,4498.780,29547811.000
2011-06-16,4461.260,4402.14,4466.780,4396.210,27906069.000
2011-06-17,4392.980,4337.37,4415.160,4332.490,22826897.000
2011-06-20,4325.600,4278.75,4333.570,4251.110,21588505.000
2011-06-21,4286.360,4338.42,4338.850,4269.920,24448657.000
2011-06-22,4341.360,4321.22,4350.920,4300.640,22280879.000
2011-06-23,4307.810,4402.94,4411.860,4276.730,29277376.000
2011-06-24,4390.090,4509.18,4533.710,4381.800,45929284.000
2011-06-27,4511.760,4568.19,4578.320,4510.720,39164604.000
2011-06-28,4569.760,4574.48,4582.620,4529.180,32310011.000
2011-06-29,4570.840,4511.54,4583.490,4511.280,33963702.000
2011-06-30,4506.750,4579.33,4585.260,4506.740,32737950.000
2011-07-01,4589.170,4604.75,4635.250,4582.330,38820202.000
2011-07-04,4617.950,4719.39,4719.570,4617.950,50314794.000
2011-07-05,4722.330,4749.42,4758.080,4711.170,46068509.000
2011-07-06,4742.170,4760.92,4763.240,4705.380,43304340.000
2011-07-07,4757.070,4761.45,4813.340,4742.370,48503158.000
2011-07-08,4755.750,4756.61,4769.550,4720.230,36410597.000
2011-07-11,4741.980,4799.42,4802.440,4728.490,37252194.000
2011-07-12,4762.090,4731.12,4771.590,4727.670,41420804.000
2011-07-13,4729.200,4825.42,4825.500,4729.200,40235267.000
2011-07-14,4833.750,4866.17,4866.240,4813.490,46130782.000
2011-07-15,4853.750,4896.04,4896.100,4842.790,47819304.000
2011-07-18,4902.220,4895.26,4919.140,4876.480,48436666.000
2011-07-19,4871.680,4843.71,4871.930,4822.450,41506074.000
2011-07-20,4864.280,4849.06,4881.460,4801.610,39451114.000
2011-07-21,4846.340,4784.39,4850.550,4782.400,38798971.000
2011-07-22,4791.460,4800.94,4822.810,4781.410,33160577.000
2011-07-25,4784.970,4613.73,4784.970,4597.740,43504131.000
2011-07-26,4604.990,4633.37,4634.310,4576.930,28412606.000
2011-07-27,4621.500,4710.38,4716.300,4596.430,32212386.000
2011-07-28,4670.920,4680.9,4685.460,4633.670,31914051.000
2011-07-29,4678.780,4628.32,4694.060,4611.900,29398571.000
2011-08-01,4622.700,4644.46,4665.180,4607.560,24982782.000
2011-08-02,4627.380,4610.78,4627.380,4539.430,30586290.000
2011-08-03,4565.750,4625.17,4638.640,4551.480,27439077.000
2011-08-04,4631.420,4649.42,4671.000,4631.280,25913441.000
2011-08-05,4504.080,4559.02,4589.080,4472.620,30731410.000
2011-08-08,4494.380,4330.77,4514.620,4242.870,41717504.000
2011-08-09,4199.130,4317.11,4347.310,4113.010,38004498.000
2011-08-10,4389.150,4378.7,4433.090,4372.640,38268544.000
2011-08-11,4283.240,4454.39,4454.480,4270.620,37546218.000
2011-08-12,4483.850,4505.89,4526.500,4480.120,40382795.000
2011-08-15,4514.650,4571.72,4571.720,4509.630,36169185.000
2011-08-16,4578.350,4533.32,4587.140,4520.940,34803516.000
2011-08-17,4520.690,4513.48,4543.880,4499.160,28101941.000
2011-08-18,4510.130,4436.1,4516.040,4434.990,29525608.000
2011-08-19,4341.190,4395.02,4395.600,4325.040,27429392.000
2011-08-22,4395.030,4363.96,4435.300,4348.670,24476833.000
2011-08-23,4376.260,4434.92,4435.210,4365.840,25595153.000
2011-08-24,4453.430,4427.98,4474.100,4420.290,27783947.000
2011-08-25,4432.400,4520.17,4520.170,4421.600,34114121.000
2011-08-26,4506.090,4530.42,4541.460,4496.180,30709253.000
2011-08-29,4509.890,4490.16,4512.650,4481.290,30220343.000
2011-08-30,4511.250,4451.73,4541.560,4450.730,31378152.000
2011-08-31,4449.680,4430.54,4468.140,4386.630,24421284.000
2011-09-01,4435.330,4395.07,4457.050,4379.100,22801094.000
2011-09-02,4387.300,4344.98,4399.850,4317.640,20968771.000
2011-09-05,4305.440,4238.07,4305.440,4237.440,21013431.000
2011-09-06,4205.090,4204.91,4238.290,4185.800,17285960.000
2011-09-07,4221.990,4306.36,4306.460,4219.850,23486428.000
2011-09-08,4320.530,4260.15,4328.210,4260.140,22323366.000
2011-09-09,4256.480,4233.75,4295.100,4216.420,18182359.000
2011-09-13,4176.300,4164.29,4176.880,4136.970,18062307.000
2011-09-14,4176.040,4212.13,4212.290,4111.120,19006269.000
2011-09-15,4215.370,4215.5,4249.540,4206.880,20381224.000
2011-09-16,4229.000,4214.82,4249.170,4212.290,17654278.000
2011-09-19,4200.480,4131.88,4200.480,4131.310,17790251.000
2011-09-20,4121.040,4151.85,4168.240,4101.700,17712033.000
2011-09-21,4150.820,4275.09,4279.120,4140.340,30212116.000
2011-09-22,4241.420,4151.8,4258.610,4151.120,27491613.000
2011-09-23,4079.060,4117.73,4134.220,4061.830,23245736.000
2011-09-26,4102.610,4051.43,4138.350,4039.550,19744802.000
2011-09-27,4077.230,4068.23,4098.020,4027.710,19274127.000
2011-09-28,4088.780,3999.78,4099.340,3987.270,20292030.000
2011-09-29,3977.140,3871.06,3977.140,3868.940,22061617.000
2011-09-30,3875.020,3856.83,3892.380,3818.250,16756974.000
2011-10-10,3866.850,3832.58,3882.780,3822.280,13753169.000
2011-10-11,3919.440,3817.93,3942.050,3778.520,20019156.000
2011-10-12,3803.960,3950.66,3953.140,3768.110,27002030.000
2011-10-13,3943.160,4001.85,4009.780,3929.830,28752879.000
2011-10-14,3994.730,3985.19,4004.930,3948.440,22100436.000
2011-10-17,3993.750,3997.12,4024.240,3974.380,21815065.000
2011-10-18,3974.460,3877.02,3974.890,3873.370,24453869.000
2011-10-19,3882.020,3854.17,3898.810,3837.240,19701815.000
2011-10-20,3841.260,3740.47,3841.260,3710.950,22601144.000
2011-10-21,3733.700,3671.7,3743.340,3669.690,17210084.000
2011-10-24,3675.720,3736.76,3736.760,3605.940,23028722.000
2011-10-25,3735.620,3842.98,3850.080,3726.250,32638637.000
2011-10-26,3818.240,3884.39,3921.250,3808.290,38890214.000
2011-10-27,3890.260,3888.99,3927.440,3872.900,33011479.000
2011-10-28,3932.850,3978.8,3978.800,3918.360,43181068.000
2011-10-31,3975.070,3999.36,4004.390,3963.270,36182616.000
2011-11-01,3963.370,3999.83,4020.460,3950.740,33916985.000
2011-11-02,3937.900,4072.78,4073.120,3919.690,42973877.000
2011-11-03,4085.500,4097.62,4150.040,4085.310,57586450.000
2011-11-04,4115.100,4131.13,4140.630,4093.920,42117977.000
2011-11-07,4125.020,4114.77,4159.970,4107.560,32477514.000
2011-11-08,4115.770,4057.55,4125.090,4049.810,30570455.000
2011-11-09,4065.200,4126.0,4126.000,4025.720,32184225.000
2011-11-10,4080.360,4064.37,4112.370,4063.750,34523680.000
2011-11-11,4069.400,4062.14,4096.570,4043.760,29188801.000
2011-11-14,4092.050,4159.57,4159.700,4092.050,35127017.000
2011-11-15,4159.160,4192.67,4192.770,4153.330,35161439.000
2011-11-16,4194.380,4088.32,4195.290,4070.900,38356677.000
2011-11-17,4086.510,4079.54,4125.850,4066.120,29247853.000
2011-11-18,4054.460,3963.26,4054.460,3955.060,29967177.000
2011-11-21,3956.390,3966.64,3966.810,3917.030,20483201.000
2011-11-22,3932.500,3957.93,3960.550,3902.130,20175323.000
2011-11-23,3964.140,3942.7,3978.470,3932.440,20435817.000
2011-11-24,3909.390,3935.27,3957.880,3880.580,21109143.000
2011-11-25,3931.090,3911.36,3960.850,3899.060,19141474.000
2011-11-28,3916.000,3915.3,3932.400,3885.690,18501073.000
2011-11-29,3945.360,3980.62,3980.620,3929.020,22752472.000
2011-11-30,3974.730,3819.94,3974.730,3776.590,30116374.000
2011-12-01,3923.170,3897.02,3960.340,3885.870,34941884.000
2011-12-02,3878.010,3816.48,3878.010,3797.280,22985115.000
2011-12-05,3806.470,3691.1,3807.050,3682.060,19968587.000
2011-12-06,3679.740,3691.8,3704.340,3646.070,17038892.000
2011-12-07,3689.050,3702.1,3718.710,3674.530,15326574.000
2011-12-08,3695.870,3700.09,3732.220,3635.550,19494263.000
2011-12-09,3672.590,3663.84,3706.250,3651.700,15358366.000
2011-12-12,3663.560,3616.09,3675.950,3612.640,14094503.000
2011-12-13,3597.090,3516.09,3597.090,3503.620,10791388.000
2011-12-14,3477.050,3432.21,3505.880,3432.030,12207990.000
2011-12-15,3401.500,3359.0,3401.500,3324.880,13239613.000
2011-12-16,3328.210,3427.21,3427.340,3324.590,19225658.000
2011-12-19,3408.560,3434.84,3436.630,3348.260,19381265.000
2011-12-20,3422.760,3424.45,3474.090,3415.350,19955886.000
2011-12-21,3449.370,3342.4,3463.320,3340.330,17750500.000
2011-12-22,3315.840,3298.72,3331.420,3196.840,21916270.000
2011-12-23,3286.450,3327.39,3357.430,3271.440,18996176.000
2011-12-26,3321.980,3308.07,3357.360,3307.290,15476837.000
2011-12-27,3297.410,3224.15,3297.410,3218.540,15874097.000
2011-12-28,3201.310,3207.4,3208.910,3128.150,17440648.000
2011-12-29,3190.190,3207.18,3225.000,3180.060,15220927.000
2011-12-30,3214.200,3266.77,3267.650,3214.200,17784265.000
2012-01-04,3290.820,3192.23,3300.010,3191.990,18342839.000
2012-01-05,3173.010,3074.37,3173.010,3070.450,19965700.000
2012-01-06,3060.450,3087.55,3087.550,3002.980,17818123.000
2012-01-09,3089.450,3212.9,3213.050,3056.190,25616408.000
2012-01-10,3211.570,3345.39,3345.420,3202.970,39387518.000
2012-01-11,3342.550,3346.74,3367.400,3315.670,33901708.000
2012-01-12,3330.900,3345.81,3388.390,3323.140,29069877.000
2012-01-13,3343.530,3233.7,3349.680,3210.320,28108656.000
2012-01-16,3201.010,3130.56,3217.370,3130.320,18775466.000
2012-01-17,3128.510,3304.88,3305.000,3110.360,30148504.000
2012-01-18,3310.040,3237.85,3342.360,3223.990,30825517.000
2012-01-19,3230.880,3270.76,3288.200,3208.050,22974026.000
2012-01-20,3276.480,3315.6,3323.120,3267.030,22067349.000
2012-01-30,3326.610,3292.41,3337.060,3290.540,18754385.000
2012-01-31,3284.900,3294.49,3297.190,3251.420,18290721.000
2012-02-01,3287.220,3266.23,3318.370,3255.630,18236400.000
2012-02-02,3271.590,3328.15,3328.250,3266.960,21787903.000
2012-02-03,3324.400,3383.05,3390.330,3315.690,32168313.000
2012-02-06,3387.220,3412.41,3420.000,3381.760,31249203.000
2012-02-07,3397.770,3356.84,3397.770,3333.640,26815778.000
2012-02-08,3351.040,3445.52,3445.520,3341.710,33521948.000
2012-02-09,3441.790,3469.85,3501.400,3434.810,43898212.000
2012-02-10,3463.970,3488.23,3506.340,3459.130,39783192.000
2012-02-13,3458.810,3519.88,3535.520,3441.330,38238075.000
2012-02-14,3516.610,3524.62,3529.490,3493.910,35904825.000
2012-02-15,3518.790,3578.15,3580.280,3505.360,43625730.000
2012-02-16,3572.320,3577.2,3607.750,3540.850,43777965.000
2012-02-17,3582.510,3565.31,3596.860,3530.960,32808052.000
2012-02-20,3610.740,3574.46,3618.680,3573.230,40392597.000
2012-02-21,3569.230,3618.3,3618.330,3533.110,36803776.000
2012-02-22,3617.180,3689.0,3689.130,3616.110,51791671.000
2012-02-23,3686.730,3700.89,3711.120,3662.420,46948688.000
2012-02-24,3698.680,3756.82,3757.520,3689.360,56589427.000
2012-02-27,3767.600,3764.33,3822.260,3764.170,65749511.000
2012-02-28,3748.330,3745.58,3761.730,3696.210,49008662.000
2012-02-29,3733.630,3696.14,3750.460,3691.980,40415160.000
2012-03-01,3679.040,3715.67,3737.720,3675.270,35636810.000
2012-03-02,3719.960,3794.42,3794.580,3719.960,46234628.000
2012-03-05,3805.680,3798.38,3825.720,3793.690,49104517.000
2012-03-06,3786.160,3760.58,3786.160,3729.600,45639236.000
2012-03-07,3718.760,3732.71,3780.480,3707.790,42103840.000
2012-03-08,3741.480,3791.83,3803.370,3741.480,43200053.000
2012-03-09,3802.090,3848.11,3848.110,3787.910,44003418.000
2012-03-12,3852.600,3871.12,3876.170,3839.430,47078437.000
2012-03-13,3867.970,3910.06,3910.060,3856.410,47496368.000
2012-03-14,3924.490,3734.32,3945.310,3709.090,76590775.000
2012-03-15,3726.360,3689.01,3754.730,3635.680,50893936.000
2012-03-16,3693.320,3786.62,3786.620,3687.810,45535226.000
2012-03-19,3788.390,3829.7,3830.020,3762.300,45400983.000
2012-03-20,3819.720,3746.28,3819.720,3744.810,41414842.000
2012-03-21,3757.000,3760.05,3782.410,3700.490,40281832.000
2012-03-22,3754.870,3742.39,3769.370,3720.690,33653338.000
2012-03-23,3727.150,3670.13,3728.620,3652.230,32869793.000
2012-03-26,3661.390,3666.28,3680.290,3635.670,24884816.000
2012-03-27,3681.740,3652.88,3699.160,3648.750,26109103.000
2012-03-28,3638.770,3490.01,3638.770,3483.580,36270135.000
2012-03-29,3471.360,3425.7,3482.330,3391.790,30801466.000
2012-03-30,3422.810,3416.86,3445.470,3383.530,24826017.000
2012-04-05,3420.030,3531.55,3532.080,3412.440,29352448.000
2012-04-06,3530.630,3554.03,3570.590,3520.890,30065466.000
2012-04-09,3544.010,3512.91,3563.340,3512.360,25820027.000
2012-04-10,3496.120,3554.04,3554.220,3432.360,28826223.000
2012-04-11,3513.500,3566.48,3582.950,3497.940,32721451.000
2012-04-12,3568.810,3640.41,3640.410,3561.050,41797334.000
2012-04-13,3653.600,3675.03,3695.130,3643.470,48222257.000
2012-04-16,3644.670,3685.48,3702.420,3632.850,44225815.000
2012-04-17,3679.920,3631.56,3702.840,3629.820,42854332.000
2012-04-18,3637.550,3714.02,3717.540,3632.670,44254450.000
2012-04-19,3712.530,3704.71,3728.860,3684.850,40362022.000
2012-04-20,3696.660,3736.36,3743.490,3684.230,45830359.000
2012-04-23,3731.550,3691.57,3739.150,3673.310,53167410.000
2012-04-24,3658.610,3666.4,3709.370,3557.780,55731814.000
2012-04-25,3654.750,3718.91,3728.550,3645.070,62910454.000
2012-04-26,3720.740,3700.03,3729.910,3683.430,53458817.000
2012-04-27,3690.160,3664.64,3699.100,3659.110,38847015.000
2012-05-02,3707.820,3718.26,3735.900,3674.960,47656404.000
2012-05-03,3707.500,3733.82,3735.320,3701.200,41613118.000
2012-05-04,3730.720,3758.0,3761.970,3713.990,40671451.000
2012-05-07,3741.660,3784.56,3784.570,3733.840,42312757.000
2012-05-08,3783.080,3783.47,3798.050,3752.390,40796563.000
2012-05-09,3759.390,3717.47,3759.390,3716.130,39331106.000
2012-05-10,3713.400,3731.13,3744.520,3713.310,32391180.000
2012-05-11,3727.590,3715.39,3753.810,3715.060,32360159.000
2012-05-14,3745.830,3710.1,3760.880,3706.160,37973676.000
2012-05-15,3679.340,3705.88,3705.900,3652.870,33110382.000
2012-05-16,3696.610,3660.31,3707.810,3660.030,32594326.000
2012-05-17,3656.820,3714.19,3716.710,3643.790,36674870.000
2012-05-18,3691.640,3655.86,3710.410,3645.910,37751568.000
2012-05-21,3650.920,3653.55,3676.970,3616.910,31496201.000
2012-05-22,3666.140,3711.05,3711.050,3666.140,34531190.000
2012-05-23,3702.810,3708.92,3723.190,3670.030,40013725.000
2012-05-24,3697.920,3678.09,3720.440,3668.270,37482895.000
2012-05-25,3675.510,3635.52,3683.630,3622.100,35694436.000
2012-05-28,3622.130,3687.46,3687.520,3568.030,41965484.000
2012-05-29,3686.570,3745.68,3748.440,3683.520,47610593.000
2012-05-30,3739.040,3752.22,3764.640,3734.250,39619720.000
2012-05-31,3732.470,3753.59,3775.370,3722.040,36784378.000
2012-06-01,3752.020,3744.44,3769.520,3725.280,34951400.000
2012-06-04,3684.040,3621.81,3707.310,3621.810,37140064.000
2012-06-05,3625.140,3617.61,3646.510,3603.370,27792184.000
2012-06-06,3621.640,3600.16,3638.560,3585.530,25405499.000
2012-06-07,3635.570,3581.14,3647.280,3572.490,25629537.000
2012-06-08,3615.110,3564.16,3618.770,3557.040,26182539.000
2012-06-11,3565.330,3630.31,3630.960,3554.190,26783143.000
2012-06-12,3611.920,3608.39,3628.240,3594.610,25318875.000
2012-06-13,3615.710,3674.88,3674.880,3610.640,31709992.000
2012-06-14,3669.040,3652.71,3693.900,3650.030,30569988.000
2012-06-15,3657.790,3648.99,3674.450,3604.090,27821018.000
2012-06-18,3663.140,3684.73,3691.930,3662.220,26203010.000
2012-06-19,3681.680,3657.96,3685.930,3652.970,30135968.000
2012-06-20,3663.990,3636.09,3671.410,3630.180,25778043.000
2012-06-21,3628.220,3590.84,3628.220,3569.490,24672848.000
2012-06-25,3576.370,3493.12,3576.370,3491.860,24481529.000
2012-06-26,3474.160,3489.97,3500.760,3433.560,24632381.000
2012-06-27,3486.510,3476.4,3518.750,3474.770,23233274.000
2012-06-28,3484.230,3427.82,3495.850,3427.660,24647609.000
2012-06-29,3413.330,3470.97,3471.700,3392.750,25254318.000
2012-07-02,3491.750,3509.5,3528.120,3484.140,26187341.000
2012-07-03,3507.630,3515.78,3542.510,3498.070,28102156.000
2012-07-04,3519.510,3497.75,3525.160,3484.840,23234780.000
2012-07-05,3486.810,3418.2,3486.810,3407.600,24976516.000
2012-07-06,3436.310,3486.55,3487.670,3397.870,29658213.000
2012-07-09,3464.020,3398.8,3478.120,3398.520,29267498.000
2012-07-10,3386.630,3365.67,3400.640,3351.560,23223052.000
2012-07-11,3358.560,3404.1,3404.590,3352.530,21254467.000
2012-07-12,3398.620,3450.3,3462.220,3381.830,31711097.000
2012-07-13,3435.170,3435.08,3463.220,3422.330,24312071.000
2012-07-16,3434.510,3311.09,3434.600,3308.640,29146202.000
2012-07-17,3297.150,3334.29,3335.530,3282.230,23122360.000
2012-07-18,3328.120,3352.85,3352.970,3276.320,27706805.000
2012-07-19,3343.240,3392.66,3414.230,3335.330,33196398.000
2012-07-20,3382.820,3369.91,3407.410,3362.380,27471152.000
2012-07-23,3347.870,3337.86,3357.240,3310.800,23173111.000
2012-07-24,3317.220,3361.09,3381.350,3310.950,21941704.000
2012-07-25,3350.900,3332.08,3365.210,3324.540,22803551.000
2012-07-26,3329.010,3302.34,3357.790,3301.670,23368152.000
2012-07-27,3312.380,3283.59,3323.000,3269.230,20566795.000
2012-07-30,3280.100,3217.45,3294.650,3205.760,21270690.000
2012-07-31,3211.100,3159.19,3214.170,3152.420,20378412.000
2012-08-01,3152.730,3216.18,3232.970,3152.310,19890893.000
2012-08-02,3212.050,3195.86,3231.830,3179.000,20529310.000
2012-08-03,3203.110,3259.86,3259.860,3193.680,21856891.000
2012-08-06,3250.780,3337.27,3338.620,3244.980,30051288.000
2012-08-07,3336.220,3368.25,3368.530,3331.500,34012319.000
2012-08-08,3363.760,3356.49,3374.080,3335.970,30300694.000
2012-08-09,3351.450,3405.06,3405.250,3335.130,33631782.000
2012-08-10,3400.930,3395.85,3405.050,3378.540,31124782.000
2012-08-13,3386.030,3318.1,3386.030,3317.040,27737143.000
2012-08-14,3312.810,3349.58,3349.820,3263.500,27085197.000
2012-08-15,3340.880,3310.84,3344.100,3308.490,21160138.000
2012-08-16,3301.740,3286.83,3316.960,3278.540,17659890.000
2012-08-17,3283.260,3286.78,3293.250,3252.790,16691881.000
2012-08-20,3270.990,3289.44,3296.360,3247.580,16860188.000
2012-08-21,3287.730,3335.75,3347.280,3284.060,22797592.000
2012-08-22,3338.080,3306.11,3338.740,3292.430,21917303.000
2012-08-23,3303.700,3327.99,3329.980,3289.550,22042945.000
2012-08-24,3318.850,3265.75,3321.920,3265.600,23637201.000
2012-08-27,3250.690,3184.33,3250.690,3184.100,21990361.000
2012-08-28,3179.770,3200.99,3221.880,3173.750,20486334.000
2012-08-29,3197.340,3179.54,3221.230,3179.540,20895031.000
2012-08-30,3174.300,3129.5,3188.760,3083.370,26069892.000
2012-08-31,3122.530,3139.5,3148.510,3115.620,17767183.000
2012-09-03,3135.230,3200.31,3203.850,3131.160,22583408.000
2012-09-04,3202.490,3164.83,3209.880,3160.700,21103124.000
2012-09-05,3158.010,3181.8,3193.760,3150.790,20951681.000
2012-09-06,3187.110,3217.94,3218.280,3187.110,21776796.000
2012-09-07,3240.650,3334.66,3365.660,3240.650,50349686.000
2012-09-10,3343.810,3363.6,3376.770,3330.940,42717618.000
2012-09-11,3352.620,3350.09,3352.620,3324.490,33453739.000
2012-09-12,3360.260,3376.12,3376.330,3339.710,33796211.000
2012-09-13,3374.780,3329.3,3385.720,3329.300,33938242.000
2012-09-14,3356.240,3338.04,3369.770,3308.010,34915455.000
2012-09-17,3334.710,3237.7,3334.990,3237.700,29401639.000
2012-09-18,3222.980,3224.26,3247.670,3210.090,20639932.000
2012-09-19,3227.360,3255.87,3257.020,3224.070,19631772.000
2012-09-20,3253.530,3161.76,3253.530,3160.680,26794149.000
2012-09-21,3153.600,3143.71,3181.270,3137.390,23752365.000
2012-09-24,3129.540,3167.16,3177.330,3107.370,22123560.000
2012-09-25,3159.130,3144.41,3179.370,3137.840,19735875.000
2012-09-26,3138.800,3071.99,3149.030,3067.380,20860436.000
2012-09-27,3065.580,3141.08,3159.070,3062.700,26945622.000
2012-09-28,3129.770,3199.75,3200.080,3121.580,26692404.000
2012-10-08,3198.880,3183.36,3214.150,3167.680,19485326.000
2012-10-09,3185.210,3265.62,3265.640,3185.210,29878196.000
2012-10-10,3257.450,3296.92,3296.920,3248.830,33291788.000
2012-10-11,3288.050,3248.04,3296.720,3247.600,29191820.000
2012-10-12,3256.970,3240.4,3282.910,3210.600,28213827.000
2012-10-15,3237.290,3223.19,3238.420,3193.990,23539877.000
2012-10-16,3219.420,3233.23,3256.480,3211.300,22489721.000
2012-10-17,3237.640,3240.78,3249.390,3205.530,22499429.000
2012-10-18,3241.270,3294.83,3301.140,3241.140,34601123.000
2012-10-19,3292.950,3285.45,3305.530,3279.250,27975908.000
2012-10-22,3269.040,3298.49,3301.360,3260.170,24527343.000
2012-10-23,3298.450,3259.07,3303.240,3255.490,28952346.000
2012-10-24,3242.880,3257.92,3273.380,3237.740,29639668.000
2012-10-25,3257.730,3226.17,3282.090,3222.480,33361963.000
2012-10-26,3221.070,3163.29,3225.400,3142.280,29717478.000
2012-10-29,3158.110,3158.94,3172.540,3141.350,20727660.000
2012-10-30,3156.740,3160.69,3189.530,3154.170,22608737.000
2012-10-31,3159.220,3168.1,3168.280,3141.140,20977676.000
2012-11-01,3169.790,3228.19,3235.010,3169.790,33136396.000
2012-11-02,3229.960,3249.55,3251.770,3217.080,33139025.000
2012-11-05,3244.300,3235.35,3258.990,3226.500,29117417.000
2012-11-06,3233.420,3213.26,3234.980,3170.620,29707414.000
2012-11-07,3210.840,3209.14,3223.590,3192.660,24474336.000
2012-11-08,3183.080,3129.57,3189.470,3129.390,27608878.000
2012-11-09,3123.090,3116.98,3139.680,3103.840,20290199.000
2012-11-12,3118.110,3136.31,3139.380,3108.550,21407500.000
2012-11-13,3136.950,3072.12,3136.950,3066.630,22946754.000
2012-11-14,3069.380,3081.25,3084.380,3048.240,19657788.000
2012-11-15,3066.890,3026.84,3080.690,3025.300,20262092.000
2012-11-16,3021.290,3009.15,3021.790,2987.700,18923873.000
2012-11-19,3007.680,3016.16,3016.480,2974.140,16723783.000
2012-11-20,3023.080,3004.18,3031.290,3003.130,16332550.000
2012-11-21,3000.940,3035.28,3035.280,2963.860,20669915.000
2012-11-22,3021.300,2995.09,3021.300,2989.380,17125288.000
2012-11-23,2993.170,3005.46,3019.790,2990.060,17107809.000
2012-11-26,3004.170,2970.32,3006.790,2966.880,14775891.000
2012-11-27,2960.610,2864.17,2960.610,2862.470,20739078.000
2012-11-28,2854.080,2800.54,2854.080,2791.290,18301148.000
2012-11-29,2799.960,2774.18,2822.330,2768.350,17544787.000
2012-11-30,2773.230,2816.62,2818.040,2765.790,18980357.000
2012-12-03,2816.300,2749.13,2829.830,2746.490,21115016.000
2012-12-04,2739.500,2783.41,2786.130,2704.370,22740395.000
2012-12-05,2775.410,2886.19,2904.650,2767.050,37987933.000
2012-12-06,2884.810,2884.35,2902.070,2866.890,28387031.000
2012-12-07,2883.160,2950.19,2954.690,2875.840,39193630.000
2012-12-10,2951.000,3002.23,3004.540,2942.490,40450531.000
2012-12-11,2993.380,2982.03,3014.070,2978.740,35119469.000
2012-12-12,2978.720,2982.89,2997.920,2952.390,27388007.000
2012-12-13,2976.580,2943.28,2989.150,2941.550,26777078.000
2012-12-14,2939.310,3066.23,3069.060,2939.150,52540337.000
2012-12-17,3073.920,3091.88,3098.600,3063.490,52606393.000
2012-12-18,3087.320,3086.58,3124.560,3067.860,46993056.000
2012-12-19,3082.380,3099.09,3109.940,3074.950,36876183.000
2012-12-20,3092.930,3108.86,3111.200,3063.320,36911367.000
2012-12-21,3110.820,3101.07,3144.260,3089.090,39141260.000
2012-12-24,3093.970,3117.7,3120.730,3090.420,29083885.000
2012-12-25,3110.970,3189.09,3197.720,3102.610,52862852.000
2012-12-26,3187.200,3228.68,3228.800,3183.950,46800002.000
2012-12-27,3232.790,3199.48,3244.940,3198.910,47223724.000
2012-12-28,3195.200,3235.2,3235.590,3187.090,41316230.000
2012-12-31,3242.960,3275.86,3275.860,3236.630,47415846.000
2013-01-04,3297.040,3258.25,3304.760,3226.950,46170854.000
2013-01-07,3253.670,3288.37,3288.650,3245.460,42731122.000
2013-01-08,3288.120,3327.04,3331.670,3270.760,51963827.000
2013-01-09,3321.760,3334.99,3359.070,3303.800,50927396.000
2013-01-10,3335.090,3356.35,3368.000,3329.930,47901958.000
2013-01-11,3357.470,3271.18,3360.410,3262.830,51300534.000
2013-01-14,3264.150,3384.75,3387.500,3262.570,56753230.000
2013-01-15,3390.330,3450.68,3463.260,3389.780,69368970.000
2013-01-16,3448.280,3450.56,3462.590,3393.710,62908482.000
2013-01-17,3444.470,3408.02,3452.370,3399.660,47415541.000
2013-01-18,3416.450,3464.65,3466.530,3406.600,51118611.000
2013-01-21,3475.200,3491.12,3492.220,3458.870,53789532.000
2013-01-22,3487.570,3435.43,3487.570,3409.840,53474122.000
2013-01-23,3422.770,3441.75,3451.260,3393.050,43357373.000
2013-01-24,3442.620,3369.73,3473.980,3344.980,57174970.000
2013-01-25,3363.430,3364.06,3382.770,3346.240,37099186.000
2013-01-28,3362.470,3449.79,3449.950,3362.220,45422121.000
2013-01-29,3451.660,3482.52,3489.860,3447.820,49280375.000
2013-01-30,3482.570,3500.58,3502.720,3462.370,54218930.000
2013-01-31,3497.280,3479.64,3499.150,3463.200,48591252.000
2013-02-01,3471.270,3507.71,3507.830,3462.680,47925487.000
2013-02-04,3517.460,3484.36,3524.040,3467.020,55937446.000
2013-02-05,3466.590,3520.65,3520.990,3457.430,47711133.000
2013-02-06,3521.660,3544.39,3555.940,3521.640,42308705.000
2013-02-07,3539.480,3557.67,3565.380,3526.030,38704834.000
2013-02-08,3554.150,3608.59,3618.840,3553.800,37928303.000
2013-02-18,3625.030,3627.78,3639.360,3604.010,45099278.000
2013-02-19,3624.940,3561.36,3630.650,3546.720,48420991.000
2013-02-20,3555.590,3635.38,3635.380,3553.490,44252308.000
2013-02-21,3612.720,3560.32,3612.720,3531.130,54411625.000
2013-02-22,3552.670,3548.36,3587.710,3543.020,41585438.000
2013-02-25,3551.600,3587.59,3595.600,3551.370,37677102.000
2013-02-26,3573.950,3533.2,3600.460,3532.270,43386758.000
2013-02-27,3538.940,3535.9,3568.690,3506.760,38234974.000
2013-02-28,3544.060,3608.2,3608.200,3531.900,46062089.000
2013-03-01,3608.620,3648.42,3648.690,3603.980,50173282.000
2013-03-04,3614.560,3518.72,3614.560,3496.050,64588090.000
2013-03-05,3516.530,3597.92,3598.010,3507.030,50380215.000
2013-03-06,3605.360,3653.93,3654.110,3605.360,58246379.000
2013-03-07,3648.280,3609.64,3651.740,3575.980,54941456.000
2013-03-08,3608.900,3570.38,3626.920,3564.230,39649238.000
2013-03-11,3568.620,3571.1,3588.710,3543.760,32733665.000
2013-03-12,3570.470,3481.18,3589.720,3438.190,44069285.000
2013-03-13,3473.260,3449.35,3477.100,3413.180,31415511.000
2013-03-14,3443.780,3464.85,3482.370,3440.020,27756631.000
2013-03-15,3466.890,3471.21,3525.530,3431.570,38003057.000
2013-03-18,3461.870,3427.12,3477.930,3423.520,36157365.000
2013-03-19,3421.740,3438.07,3442.060,3378.910,34632034.000
2013-03-20,3436.840,3527.77,3527.830,3432.580,45308619.000
2013-03-21,3527.760,3565.02,3575.840,3522.140,48504441.000
2013-03-22,3561.120,3579.92,3586.090,3549.070,42811368.000
2013-03-25,3581.310,3568.52,3590.810,3550.190,39784826.000
2013-03-26,3556.300,3543.81,3557.790,3504.570,38135551.000
2013-03-27,3541.380,3552.26,3579.390,3528.310,36894002.000
2013-03-28,3526.540,3448.98,3526.540,3448.670,41252741.000
2013-03-29,3449.280,3447.28,3470.480,3434.570,31555518.000
2013-04-01,3449.540,3470.96,3489.140,3448.290,32953823.000
2013-04-02,3471.690,3428.5,3504.280,3419.740,37863676.000
2013-04-03,3429.890,3397.23,3438.590,3382.230,36721020.000
2013-04-08,3354.440,3411.13,3411.380,3315.330,36220828.000
2013-04-09,3411.400,3444.37,3449.920,3411.400,34183396.000
2013-04-10,3444.460,3437.27,3455.690,3410.030,35551708.000
2013-04-11,3442.930,3423.22,3453.530,3420.760,31925568.000
2013-04-12,3418.300,3394.52,3434.670,3391.010,29294988.000
2013-04-15,3382.000,3346.85,3382.000,3336.420,29308107.000
2013-04-16,3313.510,3383.08,3383.310,3302.240,29893889.000
2013-04-17,3381.610,3412.42,3412.520,3373.020,28793458.000
2013-04-18,3396.010,3423.01,3434.040,3383.970,32346727.000
2013-04-19,3423.440,3495.24,3498.570,3422.970,43337891.000
2013-04-22,3478.040,3511.62,3511.720,3475.860,43809695.000
2013-04-23,3509.200,3416.45,3509.740,3412.210,43616451.000
2013-04-24,3417.400,3484.57,3489.520,3411.810,42449212.000
2013-04-25,3473.010,3431.4,3494.530,3431.150,48836443.000
2013-04-26,3427.150,3367.77,3438.320,3360.750,37402911.000
2013-05-02,3354.470,3383.4,3386.280,3345.440,29438535.000
2013-05-03,3391.220,3448.64,3459.980,3391.220,37244338.000
2013-05-06,3456.280,3514.46,3516.870,3456.280,44249314.000
2013-05-07,3511.210,3521.48,3531.550,3495.800,41201396.000
2013-05-08,3524.790,3553.85,3554.150,3517.940,42307295.000
2013-05-09,3551.900,3555.77,3557.020,3517.590,49301725.000
2013-05-10,3550.030,3577.33,3577.330,3536.170,44666708.000
2013-05-13,3577.290,3590.76,3591.090,3565.490,39465780.000
2013-05-14,3586.320,3549.3,3586.320,3524.580,38083658.000
2013-05-15,3549.750,3597.11,3597.240,3548.550,36487418.000
2013-05-16,3594.300,3635.75,3647.490,3578.090,52393567.000
2013-05-17,3632.610,3691.4,3695.240,3631.260,59398504.000
2013-05-20,3700.090,3737.75,3740.580,3686.760,66798825.000
2013-05-21,3733.670,3787.06,3787.100,3727.670,67690117.000
2013-05-22,3782.970,3755.87,3795.170,3740.220,65313272.000
2013-05-23,3740.440,3724.23,3783.970,3716.290,57813096.000
2013-05-24,3723.620,3782.07,3782.170,3723.620,50238938.000
2013-05-27,3784.470,3820.43,3820.590,3782.270,55529357.000
2013-05-28,3820.240,3827.78,3829.970,3770.650,60071568.000
2013-05-29,3830.220,3856.32,3858.920,3828.290,58319096.000
2013-05-30,3843.160,3865.13,3872.260,3835.220,54454809.000
2013-05-31,3867.590,3841.22,3884.680,3840.700,55067935.000
2013-06-03,3836.770,3814.51,3855.790,3803.360,48387753.000
2013-06-04,3809.550,3739.72,3811.650,3707.560,49249706.000
2013-06-05,3733.950,3755.15,3759.520,3718.120,36616173.000
2013-06-06,3742.500,3688.74,3742.500,3686.250,38813764.000
2013-06-07,3690.960,3616.21,3701.220,3593.970,40708652.000
2013-06-13,3573.900,3515.05,3573.900,3446.250,37241682.000
2013-06-14,3519.370,3584.98,3591.250,3519.330,34643840.000
2013-06-17,3593.510,3593.37,3620.950,3565.280,35645970.000
2013-06-18,3594.900,3605.76,3613.030,3557.460,31332908.000
2013-06-19,3588.770,3583.3,3588.770,3525.450,32895417.000
2013-06-20,3562.130,3465.0,3566.360,3463.130,33024026.000
2013-06-21,3401.470,3446.48,3464.590,3347.760,32289840.000
2013-06-24,3439.870,3232.96,3439.870,3200.670,40536541.000
2013-06-25,3202.660,3219.13,3243.400,2981.690,51554392.000
2013-06-26,3222.680,3285.82,3285.820,3200.160,39900589.000
2013-06-27,3293.080,3233.22,3339.860,3231.150,44968691.000
2013-06-28,3212.250,3235.98,3292.910,3176.240,38640596.000
2013-07-01,3226.620,3304.59,3304.590,3210.660,35326629.000
2013-07-02,3304.990,3359.05,3359.120,3295.330,40385074.000
2013-07-03,3346.110,3364.18,3372.630,3288.020,44310657.000
2013-07-04,3342.010,3390.49,3427.380,3325.270,46938955.000
2013-07-05,3392.580,3371.53,3427.980,3371.310,43952832.000
2013-07-08,3322.140,3240.48,3322.140,3240.100,39952470.000
2013-07-09,3231.700,3259.91,3263.390,3210.730,30094635.000
2013-07-10,3259.840,3361.4,3361.400,3257.900,41864126.000
2013-07-11,3364.840,3455.88,3484.790,3364.230,63323521.000
2013-07-12,3453.440,3425.14,3490.500,3424.280,51808213.000
2013-07-15,3432.260,3493.44,3493.720,3431.500,46585887.000
2013-07-16,3496.730,3536.31,3536.310,3474.360,49314724.000
2013-07-17,3529.710,3485.07,3552.370,3474.360,50046778.000
2013-07-18,3476.180,3481.2,3505.190,3445.330,45983436.000
2013-07-19,3479.530,3394.31,3510.110,3394.310,50986595.000
2013-07-22,3374.570,3461.28,3461.700,3359.390,41992972.000
2013-07-23,3470.600,3544.97,3545.050,3470.600,53543833.000
2013-07-24,3536.160,3566.28,3575.000,3500.080,56549743.000
2013-07-25,3561.510,3498.24,3572.550,3496.310,50866790.000
2013-07-26,3486.960,3494.16,3520.490,3449.610,39358432.000
2013-07-29,3477.260,3426.59,3484.640,3423.770,39191054.000
2013-07-30,3426.960,3411.22,3449.540,3349.550,36592728.000
2013-07-31,3428.130,3430.74,3462.090,3418.720,35825661.000
2013-08-01,3435.080,3521.15,3521.160,3429.720,44225964.000
2013-08-02,3535.890,3533.61,3563.190,3528.640,47264021.000
2013-08-05,3531.650,3592.54,3592.870,3528.850,41721850.000
2013-08-06,3589.520,3631.12,3638.710,3581.530,49796070.000
2013-08-07,3628.000,3596.32,3644.210,3589.340,52616517.000
2013-08-08,3589.160,3605.85,3627.250,3577.580,42449968.000
2013-08-09,3611.780,3618.74,3637.910,3570.780,44357691.000
2013-08-12,3629.510,3676.2,3676.200,3628.950,56492687.000
2013-08-13,3677.110,3695.55,3695.560,3669.490,52649483.000
2013-08-14,3694.680,3681.08,3706.770,3662.040,52983290.000
2013-08-15,3674.650,3631.32,3686.260,3629.340,43739736.000
2013-08-16,3611.280,3554.35,3688.690,3550.820,53635601.000
2013-08-19,3528.910,3609.03,3609.170,3522.150,38469594.000
2013-08-20,3606.610,3599.64,3634.050,3580.190,43159819.000
2013-08-21,3596.930,3627.5,3627.910,3577.820,42619884.000
2013-08-22,3621.890,3636.47,3650.110,3615.710,46132535.000
2013-08-23,3644.680,3627.97,3654.730,3560.130,54837231.000
2013-08-26,3629.360,3703.59,3703.790,3627.310,53522589.000
2013-08-27,3702.580,3732.1,3732.220,3691.160,57467907.000
2013-08-28,3707.530,3703.92,3740.130,3680.500,70205929.000
2013-08-29,3703.050,3701.08,3715.850,3679.080,62936686.000
2013-08-30,3702.850,3664.15,3727.300,3645.360,77069196.000
2013-09-02,3674.680,3689.96,3695.090,3633.460,62860944.000
2013-09-03,3685.340,3744.87,3745.240,3680.150,59626646.000
2013-09-04,3747.230,3755.24,3766.410,3734.780,62363848.000
2013-09-05,3749.940,3762.57,3776.000,3741.460,60681105.000
2013-09-06,3758.910,3792.83,3799.070,3754.640,60603117.000
2013-09-09,3799.450,3831.93,3835.480,3793.110,72932219.000
2013-09-10,3836.470,3870.92,3871.190,3832.320,81063452.000
2013-09-11,3876.590,3834.26,3876.770,3814.280,88026266.000
2013-09-12,3824.750,3845.07,3857.520,3815.740,67273439.000
2013-09-13,3846.450,3849.82,3858.430,3825.180,64865343.000
2013-09-16,3852.360,3854.21,3870.730,3836.410,55682311.000
2013-09-17,3851.660,3786.29,3851.660,3785.230,57558553.000
2013-09-18,3780.700,3822.12,3823.010,3776.700,44464410.000
2013-09-23,3830.950,3899.62,3899.860,3830.950,56527139.000
2013-09-24,3897.410,3903.52,3915.980,3864.440,65079754.000
2013-09-25,3899.610,3889.22,3930.600,3881.600,70191622.000
2013-09-26,3879.480,3808.22,3883.390,3806.640,59027573.000
2013-09-27,3805.500,3822.76,3841.540,3802.900,43549266.000
2013-09-30,3834.170,3872.89,3873.490,3834.010,39454582.000
2013-10-08,3875.520,3938.07,3938.070,3866.680,55134379.000
2013-10-09,3928.400,3981.06,3981.450,3915.730,60214012.000
2013-10-10,3990.780,3959.63,4000.490,3947.840,69807454.000
2013-10-11,3975.110,4026.92,4027.320,3975.110,72015582.000
2013-10-14,4034.190,4068.32,4069.780,4024.590,74692288.000
2013-10-15,4074.830,4074.08,4080.110,4043.790,75671782.000
2013-10-16,4063.820,3963.21,4063.820,3941.590,77837952.000
2013-10-17,3980.470,3956.97,4010.620,3944.970,66319178.000
2013-10-18,3954.580,3970.64,3978.340,3937.240,50779601.000
2013-10-21,3977.260,4069.03,4069.220,3968.390,66057291.000
2013-10-22,4070.670,4026.52,4089.100,4014.260,73645943.000
2013-10-23,4026.560,3924.22,4039.430,3906.510,67708421.000
2013-10-24,3914.240,3898.16,3933.730,3889.340,44942282.000
2013-10-25,3902.230,3821.78,3916.920,3796.070,49905237.000
2013-10-28,3820.670,3808.7,3828.720,3785.910,39569843.000
2013-10-29,3801.930,3703.86,3827.120,3600.430,55739762.000
2013-10-30,3694.310,3764.45,3764.600,3688.390,41549282.000
2013-10-31,3757.810,3713.83,3757.810,3710.690,41787544.000
2013-11-01,3698.470,3702.45,3720.440,3661.740,33387357.000
2013-11-04,3705.450,3728.19,3744.590,3705.430,32852152.000
2013-11-05,3719.940,3777.4,3777.630,3688.210,39498165.000
2013-11-06,3768.730,3737.11,3799.820,3737.110,45097252.000
2013-11-07,3722.240,3685.04,3734.860,3677.530,34814963.000
2013-11-08,3670.350,3629.94,3678.230,3618.930,34946730.000
2013-11-11,3626.190,3645.84,3659.660,3600.080,27357500.000
2013-11-12,3645.370,3680.54,3681.070,3634.870,30054981.000
2013-11-13,3677.350,3611.76,3677.350,3611.760,32957286.000
2013-11-14,3602.850,3659.83,3660.040,3575.840,33107759.000
2013-11-15,3661.280,3736.45,3766.360,3661.280,48826910.000
2013-11-18,3759.120,3827.88,3828.020,3755.500,56264006.000
2013-11-19,3830.450,3840.36,3851.570,3814.520,50882611.000
2013-11-20,3842.250,3878.58,3878.700,3827.380,48582895.000
2013-11-21,3865.570,3865.41,3878.240,3838.540,53986873.000
2013-11-22,3868.500,3842.76,3880.720,3835.920,49023979.000
2013-11-25,3834.810,3839.6,3874.100,3824.650,46434888.000
2013-11-26,3837.870,3845.68,3855.970,3822.130,42954415.000
2013-11-27,3843.650,3889.75,3890.050,3837.140,47221058.000
2013-11-28,3897.250,3922.67,3945.530,3895.110,55447964.000
2013-11-29,3924.420,3946.38,3947.910,3919.730,48473246.000
2013-12-02,3870.030,3770.86,3905.680,3737.320,66783091.000
2013-12-03,3755.190,3859.96,3861.160,3750.960,46942058.000
2013-12-04,3856.350,3933.0,3959.110,3852.480,64141883.000
2013-12-05,3931.140,3928.72,3944.700,3911.270,49524276.000
2013-12-06,3924.640,3918.78,3941.540,3906.800,42822790.000
2013-12-09,3928.160,3947.7,3948.060,3924.810,40104738.000
2013-12-10,3948.570,3950.49,3965.160,3930.000,45884254.000
2013-12-11,3941.900,3906.78,3941.900,3878.330,46188047.000
2013-12-12,3903.450,3916.96,3943.030,3900.950,39090674.000
2013-12-13,3901.990,3925.43,3932.890,3886.970,35894549.000
2013-12-16,3929.380,3857.72,3932.600,3854.470,41047676.000
2013-12-17,3854.780,3834.03,3867.780,3824.970,31875311.000
2013-12-18,3836.020,3834.04,3855.360,3819.070,26983216.000
2013-12-19,3840.280,3795.02,3859.220,3793.400,28183488.000
2013-12-20,3792.680,3747.0,3807.550,3736.400,29200456.000
2013-12-23,3745.940,3742.74,3757.390,3687.400,26690131.000
2013-12-24,3746.650,3768.7,3799.770,3738.760,28610148.000
2013-12-25,3766.200,3808.45,3808.460,3756.710,26951988.000
2013-12-26,3809.500,3743.13,3809.500,3741.610,33116048.000
2013-12-27,3737.650,3800.77,3809.470,3734.650,32215142.000
2013-12-30,3815.680,3813.0,3828.970,3803.790,31654040.000
2013-12-31,3805.700,3829.1,3829.800,3789.820,29276062.000
2014-01-02,3823.320,3847.88,3848.250,3813.810,30800260.000
2014-01-03,3841.220,3816.32,3843.360,3802.990,34817561.000
2014-01-06,3806.580,3710.9,3806.580,3709.910,34511866.000
2014-01-07,3699.900,3733.66,3740.720,3688.420,27208621.000
2014-01-08,3735.500,3738.21,3768.500,3726.110,31943441.000
2014-01-09,3732.860,3696.02,3768.620,3693.640,33354135.000
2014-01-10,3685.020,3628.63,3689.190,3619.680,31393303.000
2014-01-13,3628.530,3612.02,3657.690,3588.740,27842415.000
2014-01-14,3610.640,3683.53,3683.530,3601.990,28565104.000
2014-01-15,3681.040,3708.14,3708.540,3675.640,29479193.000
2014-01-16,3709.380,3714.31,3738.080,3703.190,29583312.000
2014-01-17,3704.360,3671.92,3704.960,3669.590,25325293.000
2014-01-20,3666.300,3644.12,3680.010,3627.650,23805747.000
2014-01-21,3645.340,3700.11,3700.590,3645.340,28497804.000
2014-01-22,3707.080,3799.04,3799.060,3707.030,41849047.000
2014-01-23,3801.750,3825.49,3841.030,3795.480,40705802.000
2014-01-24,3817.080,3882.67,3890.530,3811.140,45790748.000
2014-01-27,3867.570,3881.95,3916.670,3854.870,42636805.000
2014-01-28,3882.010,3873.81,3906.570,3847.030,31946533.000
2014-01-29,3878.310,3908.45,3913.120,3878.310,33008381.000
2014-01-30,3900.010,3885.42,3908.600,3877.570,28549940.000
2014-02-07,3864.890,3957.67,3957.930,3854.980,34036566.000
2014-02-10,3972.860,4074.63,4074.630,3972.860,57754949.000
2014-02-11,4081.540,4080.38,4099.770,4031.950,61876821.000
2014-02-12,4083.820,4125.41,4125.710,4064.350,59039266.000
2014-02-13,4123.210,4064.42,4137.590,4064.420,61051500.000
2014-02-14,4063.790,4134.16,4134.230,4060.090,50631158.000
2014-02-17,4152.040,4212.75,4213.140,4152.040,62469417.000
2014-02-18,4216.610,4207.7,4219.030,4188.070,63913296.000
2014-02-19,4206.020,4207.99,4232.880,4180.910,61217761.000
2014-02-20,4211.700,4149.07,4221.630,4139.200,62564478.000
2014-02-21,4142.300,4121.92,4156.790,4085.820,48017883.000
2014-02-24,4102.560,4105.79,4105.790,4043.510,51238733.000
2014-02-25,4109.490,3961.44,4141.260,3937.170,65665271.000
2014-02-26,3941.120,3987.48,3988.060,3883.960,48856736.000
2014-02-27,3992.720,3934.73,4053.850,3932.310,54510923.000
2014-02-28,3926.770,3975.93,3976.130,3874.720,46601199.000
2014-03-03,3975.540,4058.8,4059.190,3969.300,51290257.000
2014-03-04,4045.200,4059.57,4067.430,4016.030,53655609.000
2014-03-05,4064.960,4037.78,4075.750,4031.920,53143631.000
2014-03-06,4030.650,4032.76,4042.210,3980.280,48189903.000
2014-03-07,4032.140,4012.45,4051.030,3992.940,45686320.000
2014-03-10,3981.510,3860.24,3981.510,3856.100,49665554.000
2014-03-11,3848.170,3864.26,3889.240,3826.930,39939678.000
2014-03-12,3857.580,3865.66,3894.060,3803.730,41221160.000
2014-03-13,3865.920,3907.15,3907.850,3861.710,37064658.000
2014-03-14,3891.200,3888.98,3913.500,3860.320,35140833.000
2014-03-17,3889.900,3967.15,3967.850,3889.900,39288171.000
2014-03-18,3970.660,3989.2,4009.350,3968.890,44270842.000
2014-03-19,3979.250,3980.67,3980.740,3944.090,42668958.000
2014-03-20,3973.150,3876.58,4000.370,3876.430,49863056.000
2014-03-21,3857.820,3952.39,3954.260,3828.920,52362721.000
2014-03-24,3954.050,3985.86,3995.860,3944.690,54202978.000
2014-03-25,3977.880,3991.14,4007.940,3967.620,53667026.000
2014-03-26,3997.170,4001.5,4009.880,3987.190,46277502.000
2014-03-27,3994.820,3944.04,3996.250,3943.790,49459872.000
2014-03-28,3935.200,3865.29,3951.730,3855.480,53458265.000
2014-03-31,3865.000,3840.54,3878.000,3815.740,38337778.000
2014-04-01,3836.500,3899.49,3899.660,3835.230,34655220.000
2014-04-02,3901.190,3902.04,3922.080,3891.550,43981943.000
2014-04-03,3902.070,3896.28,3919.170,3880.400,42342712.000
2014-04-04,3888.730,3939.23,3939.610,3881.960,38203218.000
2014-04-08,3927.510,3981.62,3981.620,3918.980,42618208.000
2014-04-09,3987.430,4018.55,4019.080,3987.430,43685035.000
2014-04-10,4022.050,4038.84,4052.840,4012.660,51174181.000
2014-04-11,4021.960,4021.19,4031.210,4001.800,43247393.000
2014-04-14,4019.500,4051.33,4051.490,4018.740,41571742.000
2014-04-15,4050.330,4021.91,4050.330,4015.090,45456868.000
2014-04-16,4010.360,4019.88,4026.760,3992.500,38105115.000
2014-04-17,4025.380,4014.94,4035.370,4012.710,38718390.000
2014-04-18,4006.880,4029.26,4029.760,3995.550,34736479.000
2014-04-21,4004.610,3965.34,4032.850,3962.290,40253951.000
2014-04-22,3957.220,3947.17,3974.630,3889.780,41934820.000
2014-04-23,3942.500,3925.85,3956.410,3913.180,28429845.000
2014-04-24,3924.450,3884.81,3931.510,3884.590,32345720.000
2014-04-25,3879.450,3800.68,3886.760,3797.470,36000619.000
2014-04-28,3785.960,3684.59,3785.960,3679.960,36670330.000
2014-04-29,3678.620,3738.93,3739.250,3678.010,28297418.000
2014-04-30,3734.800,3766.17,3770.730,3728.410,26592828.000
2014-05-05,3761.230,3798.29,3798.360,3746.190,28615421.000
2014-05-06,3795.360,3817.98,3831.410,3790.500,30600384.000
2014-05-07,3806.840,3749.97,3806.840,3747.780,29363631.000
2014-05-08,3740.250,3754.01,3798.220,3733.750,30515953.000
2014-05-09,3748.490,3716.02,3752.460,3688.040,29488834.000
2014-05-12,3738.670,3812.76,3812.830,3730.950,42454809.000
2014-05-13,3810.490,3806.89,3819.750,3788.460,35814980.000
2014-05-14,3805.150,3803.8,3816.410,3796.110,28307555.000
2014-05-15,3797.120,3732.34,3799.080,3728.320,30771182.000
2014-05-16,3722.560,3726.66,3733.280,3685.070,26713346.000
2014-05-19,3722.390,3705.36,3722.390,3679.640,24203591.000
2014-05-20,3720.230,3715.71,3748.750,3708.140,24846022.000
2014-05-21,3708.120,3747.33,3747.550,3680.890,24046891.000
2014-05-22,3748.930,3746.14,3788.060,3744.600,30960985.000
2014-05-23,3742.990,3786.56,3786.560,3742.980,28877233.000
2014-05-26,3798.730,3827.49,3827.590,3798.730,33396372.000
2014-05-27,3825.370,3818.32,3834.420,3812.890,32742760.000
2014-05-28,3818.350,3861.59,3862.100,3813.000,36774765.000
2014-05-29,3862.300,3821.87,3874.100,3821.420,37364674.000
2014-05-30,3818.470,3829.24,3840.860,3798.800,34479814.000
2014-06-03,3833.120,3822.72,3845.480,3821.430,30154991.000
2014-06-04,3820.500,3789.29,3820.760,3760.290,30240407.000
2014-06-05,3783.880,3832.05,3832.380,3779.990,29580727.000
2014-06-06,3833.380,3818.33,3837.400,3800.090,29926322.000
2014-06-09,3809.580,3797.43,3830.600,3795.170,26819523.000
2014-06-10,3801.510,3840.02,3840.240,3784.050,30297387.000
2014-06-11,3838.670,3858.05,3859.030,3832.530,31915295.000
2014-06-12,3851.230,3850.11,3857.910,3832.940,35134918.000
2014-06-13,3846.620,3891.56,3894.540,3843.620,39840797.000
2014-06-16,3893.920,3914.98,3915.220,3893.170,39294758.000
2014-06-17,3909.620,3879.34,3909.620,3876.230,39860754.000
2014-06-18,3878.690,3858.1,3881.390,3855.230,40688671.000
2014-06-19,3853.590,3755.69,3860.300,3739.410,43351490.000
2014-06-20,3751.180,3789.34,3789.410,3751.080,29331630.000
2014-06-23,3790.840,3815.88,3827.830,3790.840,32200351.000
2014-06-24,3814.530,3839.2,3839.590,3812.750,34149694.000
2014-06-25,3835.590,3814.03,3835.590,3803.290,30419894.000
2014-06-26,3812.910,3861.95,3863.090,3812.910,40550701.000
2014-06-27,3861.100,3889.32,3905.540,3853.750,48476120.000
2014-06-30,3895.150,3924.9,3925.440,3889.650,49209663.000
2014-07-01,3927.480,3951.73,3951.920,3917.530,48813985.000
2014-07-02,3950.470,3979.31,3979.370,3937.240,52966357.000
2014-07-03,3978.820,4019.65,4026.060,3972.120,61184094.000
2014-07-04,4018.390,4004.56,4022.220,3997.760,55166389.000
2014-07-07,4004.100,4014.49,4024.370,3992.280,51197153.000
2014-07-08,4012.550,4039.71,4039.920,3982.330,50180744.000
2014-07-09,4033.820,3982.4,4047.380,3981.250,56944645.000
2014-07-10,3980.500,3982.2,4008.130,3975.700,48708484.000
2014-07-11,3979.730,4029.75,4033.890,3978.100,53074687.000
2014-07-14,4033.710,4090.8,4090.800,4033.700,60592480.000
2014-07-15,4089.350,4093.11,4098.280,4063.600,66833998.000
2014-07-16,4089.650,4062.12,4105.020,4046.550,59414417.000
2014-07-17,4055.910,4031.44,4055.910,4006.280,49988358.000
2014-07-18,4018.360,4042.52,4066.180,4012.510,49582586.000
2014-07-21,4038.740,4030.24,4048.940,4017.450,44186094.000
2014-07-22,4024.420,4083.29,4086.110,4023.020,54673016.000
2014-07-23,4083.080,4057.11,4094.650,4042.040,58518276.000
2014-07-24,4055.150,4054.22,4073.860,4013.550,62738287.000
2014-07-25,4052.030,4089.8,4089.800,4047.870,55043408.000
2014-07-28,4106.990,4168.37,4168.390,4106.990,79528351.000
2014-07-29,4173.170,4207.86,4221.580,4167.270,80760831.000
2014-07-30,4198.410,4214.84,4220.210,4184.350,69146676.000
2014-07-31,4211.070,4257.04,4257.410,4208.570,65711040.000
2014-08-01,4242.300,4210.22,4268.430,4201.920,78171893.000
2014-08-04,4213.110,4278.85,4278.850,4213.110,66083148.000
2014-08-05,4284.150,4300.12,4300.500,4262.760,74379616.000
2014-08-06,4291.630,4328.6,4336.760,4276.680,74507248.000
2014-08-07,4329.300,4286.09,4348.190,4284.220,71135738.000
2014-08-08,4287.940,4311.7,4317.930,4283.610,57397716.000
2014-08-11,4317.350,4377.02,4377.240,4317.350,64798592.000
2014-08-12,4378.250,4399.81,4400.000,4370.230,67262929.000
2014-08-13,4399.400,4401.81,4410.460,4347.370,73110600.000
2014-08-14,4397.210,4373.5,4426.470,4368.710,74617880.000
2014-08-15,4372.770,4423.64,4428.970,4368.340,64972287.000
2014-08-18,4434.170,4483.54,4483.570,4434.170,71526261.000
2014-08-19,4491.170,4496.94,4500.800,4461.980,77521491.000
2014-08-20,4495.820,4497.4,4521.250,4481.920,76368692.000
2014-08-21,4498.490,4495.44,4501.660,4442.640,72257054.000
2014-08-22,4491.630,4521.75,4526.240,4478.790,72034759.000
2014-08-25,4521.810,4487.14,4522.700,4476.200,67975469.000
2014-08-26,4474.450,4407.59,4490.900,4390.110,69606911.000
2014-08-27,4401.880,4421.21,4432.150,4401.670,54359738.000
2014-08-28,4423.760,4381.49,4431.580,4368.670,54355982.000
2014-08-29,4378.620,4427.88,4427.880,4370.850,43722812.000
2014-09-01,4436.550,4507.44,4507.490,4436.110,57685418.000
2014-09-02,4519.240,4576.12,4576.120,4514.730,84153838.000
2014-09-03,4582.480,4608.56,4612.330,4571.950,87927134.000
2014-09-04,4611.560,4647.89,4648.220,4598.860,94318100.000
2014-09-05,4654.520,4666.47,4666.920,4629.180,90826617.000
2014-09-09,4672.110,4701.7,4701.940,4643.380,89284306.000
2014-09-10,4686.120,4709.91,4713.960,4662.180,86187344.000
2014-09-11,4707.040,4704.94,4762.130,4670.640,97669705.000
2014-09-12,4698.110,4756.95,4757.040,4689.630,78550025.000
2014-09-15,4759.770,4807.56,4810.070,4752.850,92873064.000
2014-09-16,4809.440,4645.55,4816.320,4643.860,117310229.000
2014-09-17,4649.610,4686.05,4686.390,4604.670,86276129.000
2014-09-18,4679.110,4719.01,4719.580,4663.150,77913057.000
2014-09-19,4718.780,4758.73,4762.170,4705.090,73891425.000
2014-09-22,4753.790,4694.23,4753.790,4682.620,77667073.000
2014-09-23,4693.370,4754.47,4754.470,4692.900,71679128.000
2014-09-24,4746.620,4815.71,4816.180,4733.560,84890143.000
2014-09-25,4826.980,4814.73,4861.800,4797.270,92339396.000
2014-09-26,4803.440,4829.94,4833.800,4787.310,72968523.000
2014-09-29,4847.820,4877.44,4880.150,4847.820,80918091.000
2014-09-30,4886.560,4916.12,4921.080,4877.880,81755047.000
2014-10-08,4935.050,4993.53,4993.610,4913.680,90358512.000
2014-10-09,4996.660,5004.0,5010.830,4936.730,104303284.000
2014-10-10,4987.040,4981.85,5007.120,4952.190,96123927.000
2014-10-13,4964.230,4982.68,4982.680,4906.160,83134546.000
2014-10-14,4978.900,4966.08,5013.950,4933.600,82292188.000
2014-10-15,4967.230,4987.71,4988.180,4922.480,81985748.000
2014-10-16,4962.580,4906.24,5007.270,4906.240,95753175.000
2014-10-17,4894.590,4860.73,4914.660,4771.770,85229817.000
2014-10-20,4873.460,4929.16,4929.470,4869.880,64596603.000
2014-10-21,4929.230,4884.02,4942.460,4878.180,67813183.000
2014-10-22,4881.510,4825.61,4902.780,4821.190,61360808.000
2014-10-23,4815.120,4755.23,4832.430,4732.760,65012401.000
2014-10-24,4757.090,4774.67,4800.360,4754.890,56333896.000
2014-10-27,4762.520,4809.52,4809.940,4739.330,56003586.000
2014-10-28,4819.550,4924.96,4925.080,4819.550,75113014.000
2014-10-29,4938.710,4991.75,4999.960,4923.520,105608671.000
2014-10-30,4988.970,4992.63,5021.190,4975.790,99168604.000
2014-10-31,4999.000,4986.42,5012.260,4945.290,91669059.000
2014-11-03,4993.170,5028.7,5028.760,4992.530,92197435.000
2014-11-04,5028.540,5003.47,5036.100,4983.050,93807651.000
2014-11-05,5004.890,4995.44,5013.610,4976.130,84678572.000
2014-11-06,4992.720,5024.85,5025.230,4959.730,79650741.000
2014-11-07,5029.800,4977.25,5049.280,4956.870,96201285.000
2014-11-10,4989.440,5031.0,5031.200,4973.320,85242918.000
2014-11-11,5038.680,4881.48,5041.330,4842.500,106506602.000
2014-11-12,4866.420,4965.38,4965.380,4855.630,72860729.000
2014-11-13,4963.730,4921.67,4967.210,4889.370,87063498.000
2014-11-14,4901.140,4909.61,4920.090,4862.390,65753809.000
2014-11-17,4925.470,4958.47,4982.520,4894.650,68439222.000
2014-11-18,4951.580,4967.65,4973.850,4947.020,63490500.000
2014-11-19,4967.640,4985.1,5002.440,4959.500,68164715.000
2014-11-20,4972.740,4974.63,4990.940,4961.600,59676755.000
2014-11-21,4975.540,5029.77,5029.780,4975.440,72866762.000
2014-11-24,5088.230,5112.12,5130.030,5065.190,118515606.000
2014-11-25,5118.690,5189.0,5189.430,5106.520,107770016.000
2014-11-26,5198.130,5214.21,5215.640,5168.170,109880097.000
2014-11-27,5229.400,5251.39,5251.700,5202.760,120587367.000
2014-11-28,5249.670,5245.27,5261.160,5193.350,125361752.000
2014-12-01,5246.430,5208.14,5247.010,5181.100,115923389.000
2014-12-02,5201.370,5277.66,5278.650,5196.090,109407004.000
2014-12-03,5284.570,5339.0,5339.250,5245.360,152946990.000
2014-12-04,5345.010,5451.96,5452.330,5343.120,152121975.000
2014-12-05,5462.760,5333.89,5464.230,5185.350,172436982.000
2014-12-08,5310.570,5412.67,5435.790,5266.020,152402002.000
2014-12-09,5392.950,5195.41,5465.090,5181.520,197608666.000
2014-12-10,5184.020,5374.1,5374.230,5151.000,131311673.000
2014-12-11,5366.210,5454.44,5454.920,5341.860,139869628.000
2014-12-12,5457.230,5493.2,5498.950,5437.650,116562829.000
2014-12-15,5485.130,5583.6,5588.850,5466.790,129681032.000
2014-12-16,5590.270,5606.69,5609.680,5548.960,125116823.000
2014-12-17,5597.880,5557.29,5597.880,5488.800,133134511.000
2014-12-18,5551.040,5558.04,5598.980,5543.400,107138998.000
2014-12-19,5554.670,5524.12,5558.180,5423.750,133387146.000
2014-12-22,5523.660,5305.21,5523.960,5279.960,151327540.000
2014-12-23,5273.990,5193.72,5316.720,5187.630,95282588.000
2014-12-24,5212.070,5262.37,5263.200,5197.720,86145747.000
2014-12-25,5279.300,5364.56,5365.070,5272.320,89766624.000
2014-12-26,5370.330,5422.75,5423.350,5359.530,105786714.000
2014-12-29,5436.490,5367.64,5436.490,5330.330,120696241.000
2014-12-30,5357.390,5275.08,5366.160,5261.620,98910328.000
2014-12-31,5274.650,5322.71,5322.710,5241.360,93682899.000
2015-01-05,5338.750,5417.02,5427.230,5314.340,128787603.000
2015-01-06,5389.900,5479.86,5482.120,5354.340,123754496.000
2015-01-07,5471.400,5488.24,5492.830,5436.920,96050494.000
2015-01-08,5482.390,5444.04,5497.740,5418.010,95634617.000
2015-01-09,5424.500,5409.06,5497.690,5409.060,90640808.000
2015-01-12,5386.580,5332.22,5386.580,5303.730,78026430.000
2015-01-13,5333.970,5405.09,5407.630,5333.970,68693766.000
2015-01-14,5404.370,5379.74,5417.800,5350.170,67086497.000
2015-01-15,5380.450,5449.04,5449.250,5380.340,67885513.000
2015-01-16,5459.190,5520.12,5520.790,5454.240,84506844.000
2015-01-19,5359.470,5281.9,5475.660,5222.040,105336272.000
2015-01-20,5303.180,5472.51,5472.740,5303.180,91937953.000
2015-01-21,5490.840,5611.69,5611.980,5490.530,110167428.000
2015-01-22,5617.610,5690.16,5690.430,5610.090,105412621.000
2015-01-23,5697.840,5633.29,5699.730,5611.070,99440337.000
2015-01-26,5644.030,5758.98,5759.370,5636.200,101298794.000
2015-01-27,5767.740,5773.82,5783.990,5670.430,114317987.000
2015-01-28,5756.680,5739.92,5798.570,5722.490,102386415.000
2015-01-29,5692.390,5701.21,5739.490,5670.500,84538580.000
2015-01-30,5708.280,5632.73,5735.930,5631.560,80593273.000
2015-02-02,5568.440,5609.39,5652.670,5539.520,71871863.000
2015-02-03,5627.400,5707.48,5708.280,5627.400,75432559.000
2015-02-04,5720.980,5683.52,5734.330,5680.830,80926716.000
2015-02-05,5741.190,5654.22,5745.140,5654.220,88324355.000
2015-02-06,5640.020,5534.79,5657.660,5510.760,76277610.000
2015-02-09,5526.140,5504.97,5551.900,5492.550,55873438.000
2015-02-10,5502.730,5580.7,5581.340,5500.540,54973769.000
2015-02-11,5587.640,5641.79,5642.300,5587.440,58059566.000
2015-02-12,5647.550,5681.34,5689.740,5640.860,62691774.000
2015-02-13,5709.160,5769.27,5789.380,5709.160,82306367.000
2015-02-16,5786.150,5869.71,5870.080,5786.040,82305575.000
2015-02-17,5888.870,5911.1,5914.290,5877.950,80938872.000
2015-02-25,5926.230,5906.54,5952.710,5887.370,83550615.000
2015-02-26,5903.260,5969.56,5970.060,5897.710,90920744.000
2015-02-27,5974.360,6018.46,6025.120,5970.680,96560682.000
2015-03-02,6064.820,6139.79,6139.790,6039.250,127235331.000
2015-03-03,6124.280,6118.66,6199.500,6099.130,146953263.000
2015-03-04,6114.690,6210.42,6211.090,6114.210,119226334.000
2015-03-05,6212.660,6208.99,6217.790,6161.380,120959089.000
2015-03-06,6214.330,6133.03,6234.110,6129.620,109313725.000
2015-03-09,6113.580,6212.24,6212.570,6080.540,98702215.000
2015-03-10,6214.520,6276.48,6299.280,6205.920,102915059.000
2015-03-11,6275.170,6262.89,6281.190,6236.790,99462453.000
2015-03-12,6273.690,6260.14,6288.520,6220.630,101821474.000
2015-03-13,6271.820,6329.58,6329.700,6271.820,95229828.000
2015-03-16,6369.200,6516.77,6517.030,6369.200,137058320.000
2015-03-17,6547.390,6618.05,6635.100,6525.830,172583338.000
2015-03-18,6624.390,6728.07,6728.510,6612.460,164616348.000
2015-03-19,6733.120,6782.46,6783.140,6687.440,166872988.000
2015-03-20,6789.060,6850.9,6862.380,6786.330,152162319.000
2015-03-23,6891.920,7017.15,7017.480,6891.920,171778131.000
2015-03-24,7042.930,7046.12,7055.100,6801.540,197066881.000
2015-03-25,7051.820,7124.87,7170.830,7001.510,169575448.000
2015-03-26,7104.040,7074.44,7171.620,6995.650,163926380.000
2015-03-27,7076.488,7155.945,7167.370,7167.370,126460982.000
2015-03-30,7180.060,7245.5,7259.540,7180.060,163219546.000
2015-03-31,7280.150,7253.1,7328.850,7214.480,169906003.000
2015-04-01,7258.830,7425.73,7430.940,7258.740,154918806.000
2015-04-02,7463.910,7560.65,7561.200,7447.120,167650949.000
2015-04-03,7532.150,7679.01,7682.720,7494.360,170123561.000
2015-04-07,7728.910,7863.28,7863.600,7728.800,180904835.000
2015-04-08,7908.770,7808.0,7920.980,7674.070,189495727.000
2015-04-09,7818.200,7746.15,7818.200,7483.280,182754749.000
2015-04-10,7727.010,7952.19,7971.620,7683.800,161502966.000
2015-04-13,7994.250,8122.89,8143.380,7977.000,178484987.000
2015-04-14,8129.730,8119.96,8192.240,8039.950,183190497.000
2015-04-15,8093.130,7802.75,8093.130,7786.930,167211024.000
2015-04-16,7705.460,7912.09,7976.120,7607.400,143246059.000
2015-04-17,7979.350,7980.76,8032.080,7925.740,191109824.000
2015-04-20,7967.030,7839.9,8051.470,7801.030,214596065.000
2015-04-21,7852.520,8112.69,8113.020,7846.610,169810409.000
2015-04-22,8180.120,8323.43,8333.820,8179.300,199156922.000
2015-04-23,8371.850,8410.7,8447.920,8275.130,197994963.000
2015-04-24,8321.330,8419.09,8453.340,8256.200,183527676.000
2015-04-27,8503.570,8513.02,8576.480,8413.230,185685531.000
2015-04-28,8533.670,8266.48,8543.330,8187.150,184257625.000
2015-04-29,8248.320,8428.25,8449.700,8204.730,145074727.000
2015-04-30,8460.390,8469.67,8551.460,8458.600,146653891.000
2015-05-04,8493.960,8510.48,8532.650,8381.370,136204601.000
2015-05-05,8501.120,8199.34,8501.120,8160.660,144224275.000
2015-05-06,8220.600,8083.0,8359.300,8012.480,129313935.000
2015-05-07,8043.010,7903.48,8076.230,7886.360,112570941.000
2015-05-08,7989.340,8201.29,8201.800,7983.830,118887574.000
2015-05-11,8292.620,8558.22,8558.800,8242.100,148572310.000
2015-05-12,8595.080,8745.68,8746.210,8564.660,165849063.000
2015-05-13,8719.580,8824.93,8909.580,8643.430,174986441.000
2015-05-14,8829.830,8813.39,8878.470,8725.300,149017853.000
2015-05-15,8790.010,8742.88,8828.120,8626.230,143713577.000
2015-05-18,8725.410,8903.59,8929.940,8698.900,140445390.000
2015-05-19,8927.390,9124.83,9125.510,8904.190,151754592.000
2015-05-20,9176.030,9277.33,9429.220,9173.400,190955967.000
2015-05-21,9320.840,9619.22,9620.090,9320.230,187177992.000
2015-05-22,9756.530,9778.17,9821.810,9547.420,222507872.000
2015-05-25,9717.510,10040.09,10040.710,9659.320,228463954.000
2015-05-26,10117.730,10373.58,10373.840,10046.240,238514276.000
2015-05-27,10421.300,10497.34,10539.750,10192.180,232612180.000
2015-05-28,10501.360,9868.42,10637.910,9860.550,258094075.000
2015-05-29,9846.390,9966.84,10140.100,9433.090,198772638.000
2015-06-01,10067.530,10488.31,10488.890,10067.530,186016136.000
2015-06-02,10592.750,10886.4,10887.880,10541.280,213234225.000
2015-06-03,10973.960,10979.99,11055.210,10674.070,209059570.000
2015-06-04,10986.420,10965.41,11023.340,10269.040,211460189.000
2015-06-05,11117.360,11144.52,11236.150,10887.170,248874600.000
2015-06-08,11157.180,11030.92,11157.180,10860.390,235630581.000
2015-06-09,11009.880,11013.74,11089.200,10861.580,185184469.000
2015-06-10,10947.490,11208.06,11319.900,10830.330,184590364.000
2015-06-11,11220.070,11366.29,11367.630,11155.950,190367981.000
2015-06-12,11424.330,11545.89,11616.380,11400.650,210655587.000
2015-06-15,11589.950,11332.89,11616.350,11304.040,205877379.000
2015-06-16,11205.750,10879.84,11205.750,10768.620,179503841.000
2015-06-17,10865.390,11100.55,11133.110,10497.690,160039587.000
2015-06-18,11093.300,10731.38,11178.320,10714.330,154351939.000
2015-06-19,10475.920,9987.41,10601.040,9968.990,137848611.000
2015-06-23,9951.780,10046.88,10074.830,9333.910,141045839.000
2015-06-24,10136.250,10267.63,10271.230,9950.620,158209439.000
2015-06-25,10298.560,9906.1,10343.050,9771.890,164073383.000
2015-06-26,9571.550,9078.07,9603.130,9059.360,145076586.000
2015-06-29,9267.030,8484.64,9281.170,8339.330,181652778.000
2015-06-30,8302.180,8906.02,8912.400,7882.330,195568535.000
2015-07-01,8808.510,8411.91,9103.090,8385.430,171297426.000
2015-07-02,8369.490,7835.1,8433.520,7787.100,156973835.000
2015-07-03,7530.270,7355.49,7930.150,7249.310,156105993.000
2015-07-06,7842.430,7236.0,7842.430,6883.610,230754385.000
2015-07-07,6977.550,6763.53,7030.980,6763.120,114115961.000
2015-07-08,6444.670,6602.37,6702.280,6444.250,275340759.000
2015-07-09,6525.120,6896.35,6896.490,6525.120,95815747.000
2015-07-10,7101.820,7244.78,7245.330,7081.350,72141194.000
2015-07-13,7563.380,7695.63,7695.670,7502.550,124577679.000
2015-07-14,7854.000,7859.06,8076.190,7772.390,167383703.000
2015-07-15,7836.080,7405.29,7837.840,7391.960,164267658.000
2015-07-16,7342.830,7578.76,7729.700,7078.710,142013079.000
2015-07-17,7629.780,7994.7,8050.730,7620.160,139377370.000
2015-07-20,8025.100,8116.5,8250.400,7931.650,162131840.000
2015-07-21,8011.900,8220.46,8291.930,7937.630,143097593.000
2015-07-22,8207.170,8320.24,8354.380,8075.600,161165847.000
2015-07-23,8330.470,8551.99,8585.800,8288.840,177494966.000
2015-07-24,8580.650,8425.07,8706.250,8348.420,196947875.000
2015-07-27,8240.680,7794.18,8493.350,7791.600,171740043.000
2015-07-28,7514.150,7649.82,7893.940,7261.610,180294330.000
2015-07-29,7765.950,8022.8,8024.580,7472.630,132745245.000
2015-07-30,7979.570,7800.58,8174.700,7766.460,141928700.000
2015-07-31,7692.480,7727.06,7876.650,7634.540,107834136.000
2015-08-03,7605.900,7540.21,7658.170,7370.040,112364589.000
2015-08-04,7548.030,7942.1,7942.270,7532.830,117180320.000
2015-08-05,7933.320,7839.34,8047.700,7773.920,119999767.000
2015-08-06,7660.580,7792.03,7891.560,7633.290,90058280.000
2015-08-07,7874.420,8013.32,8015.370,7855.680,109469663.000
2015-08-10,8106.120,8394.09,8437.920,8079.880,145317370.000
2015-08-11,8402.320,8435.33,8551.530,8356.520,162434825.000
2015-08-12,8342.610,8336.34,8490.270,8320.050,132680646.000
2015-08-13,8287.770,8534.43,8535.370,8237.890,133650284.000
2015-08-14,8599.770,8625.24,8717.070,8548.340,160713073.000
2015-08-17,8613.290,8820.46,8820.980,8582.830,162013281.000
2015-08-18,8842.160,8161.27,8858.330,8140.910,184395700.000
2015-08-19,7865.630,8340.98,8404.940,7667.320,162622250.000
2015-08-20,8255.930,8049.51,8376.670,8049.510,138314467.000
2015-08-21,7884.310,7612.9,8006.290,7583.700,134561093.000
2015-08-24,7255.290,7006.19,7292.770,7003.650,92192223.000
2015-08-25,6496.110,6481.41,6666.810,6467.810,104162291.000
2015-08-26,6470.000,6238.53,6687.530,6165.110,149197209.000
2015-08-27,6344.960,6456.06,6457.860,6099.170,124932338.000
2015-08-28,6554.750,6842.89,6844.450,6512.700,142758516.000
2015-08-31,6791.420,6581.31,6791.420,6578.350,116258551.000
2015-09-01,6507.880,6169.21,6507.880,6161.030,98667929.000
2015-09-02,5878.210,6122.55,6314.290,5866.660,115032723.000
2015-09-07,6187.690,6143.56,6379.200,6094.490,102447070.000
2015-09-08,6096.010,6374.85,6387.360,6014.570,85509837.000
2015-09-09,6408.670,6551.01,6609.940,6380.250,150097826.000
2015-09-10,6434.530,6440.31,6565.160,6407.120,106415179.000
2015-09-11,6423.520,6493.32,6523.190,6385.310,92572028.000
2015-09-14,6535.260,6049.79,6554.380,6018.440,119113665.000
2015-09-15,5886.270,5708.03,5996.220,5689.970,93427426.000
2015-09-16,5722.530,6084.84,6107.370,5704.120,104952922.000
2015-09-17,6057.870,5965.41,6242.250,5965.410,127835729.000
2015-09-18,6007.460,6036.88,6073.550,5934.100,83652110.000
2015-09-21,5966.290,6250.44,6251.620,5943.590,105433930.000
2015-09-22,6264.060,6295.93,6362.050,6215.570,118689625.000
2015-09-23,6192.330,6224.6,6302.640,6162.970,101247325.000
2015-09-24,6250.090,6315.11,6324.310,6227.390,93290191.000
2015-09-25,6294.200,6108.38,6336.430,6064.720,98942032.000
2015-09-28,6118.230,6219.69,6221.010,6020.460,67737158.000
2015-09-29,6114.480,6103.61,6183.830,6065.850,68579494.000
2015-09-30,6139.140,6123.73,6165.750,6066.830,56497671.000
2015-10-08,6322.540,6372.49,6409.740,6281.530,94907319.000
2015-10-09,6369.750,6470.05,6495.290,6353.040,99711665.000
2015-10-12,6505.910,6718.72,6788.400,6501.760,153619877.000
2015-10-13,6672.660,6802.08,6816.780,6650.620,132977522.000
2015-10-14,6772.460,6724.5,6842.870,6709.350,125882450.000
2015-10-15,6694.070,6929.24,6929.480,6694.070,131795067.000
2015-10-16,6979.680,7047.56,7052.140,6883.200,164509969.000
2015-10-19,7072.360,7047.37,7113.660,6951.800,156007932.000
2015-10-20,7033.210,7162.08,7163.260,6996.560,138062791.000
2015-10-21,7159.130,6712.74,7186.540,6689.270,178169181.000
2015-10-22,6708.210,6964.3,6970.680,6700.620,135470900.000
2015-10-23,7015.620,7138.23,7169.370,6988.550,158898962.000
2015-10-26,7223.150,7186.75,7233.360,7088.570,163304715.000
2015-10-27,7123.080,7231.44,7266.780,6900.440,147441282.000
2015-10-28,7179.990,7048.9,7270.790,7019.610,132724220.000
2015-10-29,7097.190,7108.98,7185.210,7011.860,110741269.000
2015-10-30,7088.810,7084.97,7185.520,6984.500,110069552.000
2015-11-02,6936.370,6936.43,7137.050,6914.150,107204323.000
2015-11-03,6956.890,6920.1,6998.050,6860.440,89105339.000
2015-11-04,6953.870,7267.99,7268.400,6953.870,139208397.000
2015-11-05,7277.100,7276.45,7364.510,7225.650,185191773.000
2015-11-06,7284.870,7446.85,7456.240,7284.710,152693272.000
2015-11-09,7415.760,7543.8,7593.170,7350.860,177520097.000
2015-11-10,7517.410,7575.01,7633.010,7486.850,165737542.000
2015-11-11,7589.660,7684.67,7686.300,7556.370,152086170.000
2015-11-12,7712.640,7682.45,7739.650,7579.670,162280293.000
2015-11-13,7601.150,7567.11,7665.140,7478.410,147559261.000
2015-11-16,7438.400,7718.85,7719.700,7431.740,116919959.000
2015-11-17,7787.080,7650.38,7820.020,7635.920,162750882.000
2015-11-18,7655.330,7526.94,7699.610,7504.990,125690006.000
2015-11-19,7553.000,7718.62,7719.520,7538.280,110520025.000
2015-11-20,7741.680,7806.27,7844.060,7720.160,146076178.000
2015-11-23,7816.850,7744.18,7876.480,7710.050,142383454.000
2015-11-24,7739.090,7798.5,7799.010,7635.780,110258558.000
2015-11-25,7803.290,7922.38,7925.540,7795.160,124435501.000
2015-11-26,7962.170,7874.08,7974.730,7859.630,140404615.000
2015-11-27,7839.310,7376.12,7852.000,7317.650,152970489.000
2015-11-30,7388.280,7408.4,7467.470,7035.550,129234023.000
2015-12-01,7403.940,7443.94,7519.940,7358.370,113008679.000
2015-12-02,7423.500,7405.86,7444.220,7201.660,102647475.000
2015-12-03,7413.220,7570.51,7571.450,7412.650,95329412.000
2015-12-04,7533.610,7511.67,7600.340,7464.280,101362535.000
2015-12-07,7526.220,7602.23,7602.770,7476.190,92881296.000
2015-12-08,7555.460,7404.14,7555.460,7398.560,94938823.000
2015-12-09,7369.110,7374.27,7431.040,7322.870,83299991.000
2015-12-10,7374.350,7350.21,7437.710,7332.980,78990424.000
2015-12-11,7320.160,7290.7,7347.360,7253.840,72132287.000
2015-12-14,7224.810,7441.03,7441.760,7210.410,79957288.000
2015-12-15,7448.710,7498.18,7534.220,7447.110,86021490.000
2015-12-16,7522.730,7529.4,7574.650,7503.090,85351169.000
2015-12-17,7570.670,7716.25,7716.480,7570.670,130054765.000
2015-12-18,7708.330,7699.37,7746.510,7650.560,114416909.000
2015-12-21,7698.440,7788.56,7798.080,7692.100,115015003.000
2015-12-22,7811.000,7856.61,7856.950,7752.700,111592508.000
2015-12-23,7859.130,7773.28,7881.290,7756.330,118166309.000
2015-12-24,7760.380,7753.04,7778.940,7635.780,91509341.000
2015-12-25,7759.840,7792.12,7805.050,7738.870,81253520.000
2015-12-28,7815.380,7603.36,7837.630,7603.360,109813515.000
2015-12-29,7591.710,7674.39,7675.310,7545.350,77292530.000
2015-12-30,7693.020,7741.05,7747.350,7664.280,85533232.000
2015-12-31,7745.640,7617.69,7763.300,7617.390,79781523.000
2016-01-04,7615.510,6987.73,7624.100,6983.650,78014999.000
2016-01-05,6663.730,6889.74,7020.540,6627.640,113428225.000
2016-01-06,6916.530,7065.61,7066.080,6878.650,100930427.000
2016-01-07,6937.420,6462.24,6937.420,6454.970,28426742.000
2016-01-08,6618.080,6570.43,6689.140,6222.590,111129605.000
2016-01-11,6435.890,6128.66,6529.880,6128.220,115600736.000
2016-01-12,6126.670,6136.66,6205.590,5994.640,91905220.000
2016-01-13,6168.990,5924.04,6226.540,5924.040,86123402.000
2016-01-14,5734.610,6124.82,6137.510,5726.880,92251446.000
2016-01-15,6078.620,5893.68,6135.270,5852.240,88630539.000
2016-01-18,5768.760,5978.91,6051.180,5765.150,72469789.000
2016-01-19,5965.350,6197.09,6203.400,5956.230,87981015.000
2016-01-20,6161.230,6138.5,6244.960,6095.720,91947518.000
2016-01-21,6031.170,5886.88,6191.320,5886.880,81882765.000
2016-01-22,5954.360,5980.61,6013.970,5799.710,69830709.000
2016-01-25,6034.080,6041.33,6093.270,5976.340,65308514.000
2016-01-26,5966.710,5589.31,5982.500,5573.830,85443917.000
2016-01-27,5604.170,5514.19,5628.190,5240.650,87924118.000
2016-01-28,5441.740,5271.23,5511.320,5257.080,67338076.000
2016-01-29,5262.460,5469.13,5515.490,5248.210,72359091.000
2016-02-01,5458.600,5399.48,5493.980,5319.700,64716114.000
2016-02-02,5407.710,5586.63,5594.360,5407.670,66571962.000
2016-02-03,5520.640,5610.17,5634.920,5482.220,63280726.000
2016-02-04,5631.320,5721.49,5744.020,5631.320,71083982.000
2016-02-05,5734.480,5664.2,5747.980,5662.440,56075545.000
2016-02-15,5485.720,5668.04,5700.520,5482.800,53631253.000
2016-02-16,5694.750,5902.53,5918.590,5694.750,82877143.000
2016-02-17,5889.500,5971.41,5979.410,5854.220,90582520.000
2016-02-18,6009.750,5957.13,6034.850,5945.200,93714798.000
2016-02-19,5939.700,5979.52,6009.720,5919.680,70380499.000
2016-02-22,6055.680,6103.72,6111.690,6029.460,94320520.000
2016-02-23,6102.510,6070.5,6118.640,5982.210,87874876.000
2016-02-24,6041.750,6111.04,6116.250,5975.140,89819579.000
2016-02-25,6097.420,5626.05,6097.540,5604.100,110668653.000
2016-02-26,5668.330,5648.94,5701.050,5517.630,79857895.000
2016-02-29,5618.510,5350.43,5618.510,5286.340,86703153.000
2016-03-01,5361.790,5473.63,5504.750,5294.540,80803571.000
2016-03-02,5464.730,5753.15,5763.800,5462.740,110671952.000
2016-03-03,5757.360,5776.98,5872.920,5745.620,128527360.000
2016-03-04,5755.120,5621.56,5805.410,5542.980,108829948.000
2016-03-07,5686.690,5752.55,5788.470,5681.850,87170581.000
2016-03-08,5751.390,5764.33,5764.330,5538.150,98149656.000
2016-03-09,5627.140,5617.04,5709.520,5583.070,72615323.000
2016-03-10,5617.420,5521.95,5657.260,5517.020,59559411.000
2016-03-11,5460.540,5508.98,5545.340,5433.320,49800022.000
2016-03-14,5568.460,5690.59,5748.330,5568.460,79997418.000
2016-03-15,5672.750,5639.8,5701.570,5609.000,66268900.000
2016-03-16,5662.440,5562.8,5689.280,5531.330,57487332.000
2016-03-17,5589.220,5745.98,5759.540,5579.730,84575758.000
2016-03-18,5774.300,5949.26,5967.460,5768.910,125160341.000
2016-03-21,6016.690,6099.48,6100.030,6001.320,131825514.000
2016-03-22,6045.840,6075.49,6130.260,6013.050,107721654.000
2016-03-23,6054.220,6118.97,6119.310,6031.270,89661324.000
2016-03-24,6062.760,6018.42,6127.510,6008.540,101439743.000
2016-03-25,6006.670,6077.43,6081.090,5996.540,78231312.000
2016-03-28,6114.770,6037.78,6167.240,6017.490,93782330.000
2016-03-29,6029.940,5921.87,6041.380,5875.070,79003975.000
2016-03-30,5981.420,6137.5,6137.790,5981.420,88061292.000
2016-03-31,6164.280,6155.81,6211.140,6133.600,94915722.000
2016-04-01,6129.720,6124.53,6157.740,6022.970,85219533.000
2016-04-05,6136.690,6286.58,6293.470,6117.180,105543049.000
2016-04-06,6262.600,6323.43,6324.200,6243.110,104674579.000
2016-04-07,6344.370,6228.97,6355.330,6228.970,109927150.000
2016-04-08,6176.860,6168.74,6199.150,6087.100,88670173.000
2016-04-11,6226.380,6304.3,6334.540,6226.380,102199978.000
2016-04-12,6299.470,6252.77,6316.250,6182.820,87061767.000
2016-04-13,6292.570,6344.23,6421.730,6292.570,132989984.000
2016-04-14,6375.490,6401.85,6402.510,6324.460,99088176.000
2016-04-15,6403.250,6384.35,6414.790,6345.550,82798055.000
2016-04-18,6343.700,6281.2,6343.700,6241.980,80400472.000
2016-04-19,6314.580,6308.23,6334.900,6262.610,69438667.000
2016-04-20,6331.870,6022.21,6344.780,5923.430,117325387.000
2016-04-21,6000.300,5970.68,6085.940,5960.500,84808592.000
2016-04-22,5930.530,6011.32,6011.460,5915.310,62323811.000
2016-04-25,5997.210,5978.08,5997.220,5897.730,57034333.000
2016-04-26,5971.810,6046.77,6047.060,5958.400,56055305.000
2016-04-27,6051.440,6016.7,6086.360,6005.160,60731581.000
2016-04-28,6014.130,5990.33,6027.200,5888.060,60430701.000
2016-04-29,5963.910,5985.59,6018.270,5953.130,49704188.000
2016-05-03,5991.830,6167.45,6167.800,5960.940,75831059.000
2016-05-04,6144.570,6169.78,6213.190,6136.300,74555740.000
2016-05-05,6159.730,6203.82,6206.530,6133.380,64558967.000
2016-05-06,6208.440,5961.49,6226.880,5961.460,98056918.000
2016-05-09,5910.120,5743.65,5910.120,5714.120,78233381.000
2016-05-10,5728.110,5738.9,5766.160,5697.090,52657745.000
2016-05-11,5770.350,5723.41,5806.470,5700.100,58011126.000
2016-05-12,5647.070,5726.46,5727.580,5559.690,58215814.000
2016-05-13,5708.630,5714.31,5779.890,5677.940,53076736.000
2016-05-16,5692.600,5812.54,5813.040,5665.210,57960898.000
2016-05-17,5814.100,5790.34,5853.610,5763.510,65260138.000
2016-05-18,5743.030,5631.19,5743.030,5563.060,63704856.000
2016-05-19,5628.730,5666.73,5729.400,5628.650,56438940.000
2016-05-20,5619.940,5732.9,5733.250,5600.490,55936076.000
2016-05-23,5752.150,5809.48,5811.680,5752.080,62777792.000
2016-05-24,5800.000,5743.18,5800.170,5701.660,57956416.000
2016-05-25,5780.270,5715.18,5803.980,5691.610,53302956.000
2016-05-26,5705.070,5744.39,5744.850,5598.660,59665727.000
2016-05-27,5728.900,5739.59,5780.070,5712.480,59984704.000
2016-05-30,5706.000,5711.32,5764.760,5655.640,48888003.000
2016-05-31,5721.830,5947.32,5947.430,5721.830,95238072.000
2016-06-01,5957.180,5973.78,6013.900,5949.640,94513987.000
2016-06-02,5961.720,6013.89,6014.610,5955.350,81245308.000
2016-06-03,6016.950,6032.6,6062.140,5992.320,84843514.000
2016-06-06,6051.950,6051.86,6067.470,6008.930,73552820.000
2016-06-07,6048.320,6045.36,6052.050,6010.350,69598258.000
2016-06-08,6037.410,6023.88,6058.180,5972.740,73498163.000
2016-06-13,5943.730,5746.44,5992.330,5746.000,87139857.000
2016-06-14,5723.990,5762.76,5778.850,5700.520,62032704.000
2016-06-15,5701.390,5952.85,5972.850,5692.810,90878605.000
2016-06-16,5945.490,5930.55,5979.120,5909.690,96031460.000
2016-06-17,5937.320,5964.27,6002.620,5918.190,89066841.000
2016-06-20,5965.820,5985.57,5995.000,5908.480,74530145.000
2016-06-21,6023.920,5916.8,6053.410,5888.360,88140686.000
2016-06-22,5901.150,6008.89,6009.060,5895.910,72417145.000
2016-06-23,5998.670,5978.17,6015.180,5933.680,77979556.000
2016-06-24,5967.520,5903.62,6011.370,5748.840,98419868.000
2016-06-27,5864.730,6044.22,6044.320,5864.610,84047907.000
2016-06-28,6018.910,6107.51,6111.070,6012.050,94952723.000
2016-06-29,6130.580,6120.2,6145.000,6100.080,93055218.000
2016-06-30,6127.990,6123.49,6143.230,6090.900,77299661.000
2016-07-01,6133.720,6111.54,6163.430,6095.850,73814433.000
2016-07-04,6079.580,6231.88,6240.600,6078.630,100078191.000
2016-07-05,6244.390,6269.5,6276.820,6226.300,107928800.000
2016-07-06,6250.490,6297.4,6299.730,6231.540,95069622.000
2016-07-07,6291.060,6319.79,6342.430,6256.270,112453597.000
2016-07-08,6308.060,6299.85,6337.070,6276.830,88064741.000
2016-07-11,6320.060,6312.5,6387.070,6306.130,103662866.000
2016-07-12,6309.820,6395.15,6395.440,6248.930,116873788.000
2016-07-13,6413.810,6446.56,6456.770,6392.400,112122081.000
2016-07-14,6437.280,6455.58,6458.290,6410.400,95271581.000
2016-07-15,6459.630,6441.02,6469.050,6409.800,93192904.000
2016-07-18,6426.860,6412.07,6455.460,6379.060,89330628.000
2016-07-19,6407.030,6431.94,6431.940,6355.480,80961872.000
2016-07-20,6429.690,6417.92,6454.180,6404.150,74820308.000
2016-07-21,6414.800,6442.71,6487.020,6405.600,87437926.000
2016-07-22,6437.880,6390.93,6448.370,6385.250,86445493.000
2016-07-25,6383.560,6408.78,6441.320,6374.260,81090039.000
2016-07-26,6410.820,6494.47,6494.740,6410.820,81556556.000
2016-07-27,6499.340,6229.29,6515.880,6154.460,138527893.000
2016-07-28,6220.920,6243.29,6273.380,6148.860,91318712.000
2016-07-29,6239.850,6202.89,6259.200,6183.160,72681332.000
2016-08-01,6179.200,6109.28,6179.200,6046.400,72910221.000
2016-08-02,6100.750,6168.51,6168.680,6099.250,55805056.000
2016-08-03,6154.470,6198.39,6203.610,6140.830,68686951.000
2016-08-04,6194.200,6238.23,6245.300,6174.240,70556394.000
2016-08-05,6231.530,6203.29,6251.400,6202.860,67543356.000
2016-08-08,6191.650,6290.76,6290.900,6152.580,77047880.000
2016-08-09,6283.290,6341.55,6341.720,6281.070,78165122.000
2016-08-10,6336.540,6318.27,6366.090,6314.510,77197424.000
2016-08-11,6304.780,6226.31,6318.980,6226.310,70684527.000
2016-08-12,6218.350,6299.09,6299.090,6204.960,68635478.000
2016-08-15,6309.410,6442.53,6451.930,6289.720,117981468.000
2016-08-16,6449.910,6468.89,6488.700,6446.240,109712840.000
2016-08-17,6462.050,6488.36,6502.140,6437.260,95788508.000
2016-08-18,6485.930,6490.41,6527.200,6466.400,110415535.000
2016-08-19,6485.720,6499.55,6516.980,6451.610,91827099.000
2016-08-22,6499.750,6420.35,6508.800,6419.560,92369153.000
2016-08-23,6414.980,6428.7,6448.540,6380.920,80572963.000
2016-08-24,6432.880,6435.06,6466.630,6415.700,73862344.000
2016-08-25,6398.560,6382.57,6398.560,6312.650,79722431.000
2016-08-26,6395.770,6410.73,6460.870,6395.730,74785794.000
2016-08-29,6409.120,6427.53,6442.400,6398.780,68956570.000
2016-08-30,6428.970,6425.75,6459.710,6413.710,61588352.000
2016-08-31,6422.800,6434.21,6441.110,6390.700,65277005.000
2016-09-01,6434.260,6381.48,6445.430,6380.900,71886109.000
2016-09-02,6371.490,6356.95,6403.570,6320.480,67506963.000
2016-09-05,6372.620,6391.79,6419.750,6372.620,65434639.000
2016-09-06,6392.610,6492.97,6493.350,6345.690,86826087.000
2016-09-07,6490.330,6494.32,6529.810,6483.090,93190209.000
2016-09-08,6489.620,6517.98,6518.330,6478.650,72464135.000
2016-09-09,6518.680,6471.05,6539.350,6470.900,78672463.000
2016-09-12,6362.770,6291.64,6383.840,6283.820,90041756.000
2016-09-13,6324.740,6320.03,6340.870,6284.040,68636660.000
2016-09-14,6286.620,6278.16,6318.270,6260.650,58319692.000
2016-09-19,6292.810,6344.18,6344.450,6292.810,54978764.000
2016-09-20,6344.710,6342.03,6346.930,6319.760,54505613.000
2016-09-21,6342.000,6343.75,6363.000,6335.390,50290343.000
2016-09-22,6381.160,6385.64,6410.570,6377.170,62971600.000
2016-09-23,6397.330,6370.58,6402.640,6369.220,62578307.000
2016-09-26,6363.930,6241.52,6364.210,6239.870,72106659.000
2016-09-27,6229.820,6286.91,6287.340,6200.570,56400533.000
2016-09-28,6300.850,6281.28,6300.850,6266.750,49163262.000
2016-09-29,6288.920,6298.79,6323.420,6288.920,50691558.000
2016-09-30,6292.080,6328.09,6338.300,6289.470,44965129.000
2016-10-10,6364.520,6447.69,6447.940,6345.330,72724035.000
2016-10-11,6451.040,6486.43,6486.650,6443.750,78850887.000
2016-10-12,6463.810,6482.74,6484.000,6452.410,67718487.000
2016-10-13,6480.930,6484.83,6501.560,6468.130,68471651.000
2016-10-14,6476.260,6469.49,6477.850,6423.580,65860097.000
2016-10-17,6478.510,6413.15,6487.670,6394.490,71704796.000
2016-10-18,6409.740,6509.28,6509.280,6409.740,73698508.000
2016-10-19,6518.740,6495.26,6531.160,6476.560,75048807.000
2016-10-20,6495.830,6498.24,6506.580,6474.780,65574912.000
2016-10-21,6498.990,6475.28,6506.610,6424.440,73195126.000
2016-10-24,6479.550,6539.47,6546.790,6472.940,86076745.000
2016-10-25,6543.470,6563.35,6563.520,6536.940,83923230.000
2016-10-26,6561.160,6530.39,6561.250,6511.660,80859244.000
2016-10-27,6522.890,6517.36,6529.470,6488.360,67102997.000
2016-10-28,6512.040,6455.83,6536.830,6455.150,70697096.000
2016-10-31,6441.430,6452.21,6460.770,6408.270,60253688.000
2016-11-01,6457.000,6507.95,6508.360,6450.020,62539902.000
2016-11-02,6494.980,6455.13,6506.780,6450.050,72299068.000
2016-11-03,6442.350,6483.73,6521.000,6436.910,77549845.000
2016-11-04,6482.600,6462.59,6502.740,6449.560,70635406.000
2016-11-07,6461.000,6468.82,6487.060,6437.740,68812126.000
2016-11-08,6487.650,6503.18,6518.190,6476.440,72444878.000
2016-11-09,6504.410,6453.57,6507.860,6380.570,88060102.000
2016-11-10,6501.640,6536.97,6538.740,6501.640,90625238.000
2016-11-11,6539.360,6583.89,6584.410,6527.450,110371594.000
2016-11-14,6568.660,6615.01,6624.210,6566.050,126669343.000
2016-11-15,6622.880,6640.46,6641.040,6602.280,105110912.000
2016-11-16,6647.530,6644.19,6658.430,6630.120,95468676.000
2016-11-17,6633.310,6636.47,6646.310,6596.900,84535312.000
2016-11-18,6632.630,6602.33,6643.940,6592.840,81278551.000
2016-11-21,6597.170,6611.54,6635.890,6591.980,78751844.000
2016-11-22,6619.850,6661.25,6661.540,6617.070,92177809.000
2016-11-23,6668.250,6631.17,6676.670,6617.780,93963240.000
2016-11-24,6635.220,6623.05,6656.970,6607.030,93586299.000
2016-11-25,6620.220,6652.82,6652.920,6531.370,88934636.000
2016-11-28,6667.270,6670.8,6692.140,6650.920,95741366.000
2016-11-29,6658.350,6620.79,6681.880,6619.040,101446906.000
2016-11-30,6605.360,6585.58,6615.920,6568.800,81526813.000
2016-12-01,6593.590,6624.47,6624.850,6593.070,77818509.000
2016-12-02,6617.870,6520.97,6623.790,6520.970,81097525.000
2016-12-05,6462.260,6486.02,6522.600,6451.080,66821821.000
2016-12-06,6496.160,6490.89,6514.030,6484.980,52009198.000
2016-12-07,6493.000,6558.02,6558.240,6481.920,59406414.000
2016-12-08,6561.720,6527.43,6562.660,6522.960,56989763.000
2016-12-09,6519.400,6513.92,6534.900,6500.210,59218291.000
2016-12-12,6512.960,6249.08,6519.630,6241.610,94736778.000
2016-12-13,6235.560,6278.18,6292.800,6190.390,65206728.000
2016-12-14,6269.080,6239.5,6299.040,6216.950,68977584.000
2016-12-15,6216.140,6280.4,6310.740,6211.270,64732973.000
2016-12-16,6279.280,6318.52,6329.190,6273.000,62204176.000
2016-12-19,6319.860,6320.73,6330.380,6297.370,62579158.000
2016-12-20,6314.610,6300.64,6315.540,6275.310,60920657.000
2016-12-21,6311.060,6347.61,6348.380,6311.060,63632870.000
2016-12-22,6341.200,6341.79,6350.270,6313.860,59617207.000
2016-12-23,6339.350,6282.0,6343.850,6277.660,57182482.000
2016-12-26,6260.340,6294.75,6295.240,6194.270,54444358.000
2016-12-27,6291.650,6288.86,6311.040,6284.040,49275524.000
2016-12-28,6288.730,6270.24,6295.890,6257.100,48574165.000
2016-12-29,6261.870,6252.61,6286.740,6242.980,45028142.000
2016-12-30,6255.620,6263.63,6275.550,6241.720,46924937.000
2017-01-03,6273.820,6320.76,6320.950,6273.750,48577791.000
2017-01-04,6321.750,6394.67,6395.000,6314.130,66739423.000
2017-01-05,6391.580,6399.28,6412.870,6385.120,61445203.000
2017-01-06,6398.860,6371.62,6401.740,6364.890,64902473.000
2017-01-09,6365.390,6415.42,6415.470,6357.360,63979031.000
2017-01-10,6412.760,6393.93,6428.830,6388.920,68210684.000
2017-01-11,6381.700,6331.96,6402.900,6331.510,62843359.000
2017-01-12,6325.620,6272.85,6339.320,6269.200,53433634.000
2017-01-13,6272.790,6194.66,6282.720,6182.100,53611484.000
2017-01-16,6184.130,6031.24,6184.340,5872.400,78958348.000
2017-01-17,6006.080,6082.07,6082.200,5957.040,50540898.000
2017-01-18,6067.170,6068.59,6098.780,6049.970,46142180.000
2017-01-19,6054.730,6043.67,6074.460,6029.640,44419616.000
2017-01-20,6037.560,6122.0,6129.580,6034.970,45717354.000
2017-01-23,6130.440,6172.17,6189.170,6130.200,50389736.000
2017-01-24,6167.840,6165.26,6177.210,6154.070,50127803.000
2017-01-25,6156.780,6179.57,6187.430,6152.140,42974288.000
2017-01-26,6183.160,6223.71,6224.190,6183.160,40542477.000
2017-02-03,6227.460,6207.09,6231.600,6190.830,35541491.000
2017-02-06,6206.540,6259.25,6259.410,6195.500,45755656.000
2017-02-07,6254.200,6255.93,6269.460,6223.540,50928232.000
2017-02-08,6248.470,6291.6,6291.770,6219.020,53885119.000
2017-02-09,6288.880,6331.18,6331.330,6285.730,72722329.000
2017-02-10,6329.680,6337.11,6350.340,6320.250,89377139.000
2017-02-13,6341.730,6369.65,6370.210,6331.960,83765054.000
2017-02-14,6366.940,6374.89,6378.060,6346.590,76068629.000
2017-02-15,6367.640,6311.7,6379.790,6301.010,84076607.000
2017-02-16,6308.320,6359.34,6363.870,6306.510,75074581.000
2017-02-17,6356.090,6307.16,6365.700,6300.510,79079952.000
2017-02-20,6307.230,6385.06,6385.060,6307.230,74126636.000
2017-02-21,6390.510,6434.44,6434.530,6386.900,78896901.000
2017-02-22,6432.750,6474.23,6474.490,6431.410,87525641.000
2017-02-23,6470.620,6473.99,6482.250,6435.750,89366678.000
2017-02-24,6466.180,6476.17,6477.420,6445.070,76258127.000
2017-02-27,6476.380,6424.25,6480.190,6417.780,72245010.000
2017-02-28,6425.000,6450.97,6451.290,6414.780,63031126.000
2017-03-01,6446.440,6467.64,6488.820,6440.810,72479671.000
2017-03-02,6476.110,6434.63,6484.120,6431.440,72064172.000
2017-03-03,6417.390,6452.84,6457.230,6398.880,65253253.000
2017-03-06,6457.590,6517.32,6518.040,6457.590,67277672.000
2017-03-07,6517.850,6523.19,6523.360,6491.260,68534915.000
2017-03-08,6519.970,6497.09,6525.190,6478.550,63067369.000
2017-03-09,6484.580,6439.38,6484.830,6425.000,64238982.000
2017-03-10,6436.760,6447.92,6464.600,6436.640,56359929.000
2017-03-13,6444.560,6507.9,6508.070,6412.710,64912430.000
2017-03-14,6508.370,6493.48,6518.780,6480.080,60271995.000
2017-03-15,6486.300,6486.06,6499.540,6471.720,55750085.000
2017-03-16,6499.830,6543.34,6543.340,6499.830,68654619.000
2017-03-17,6543.560,6483.25,6555.580,6480.290,73063706.000
2017-03-20,6484.540,6498.34,6498.570,6451.350,61644783.000
2017-03-21,6494.770,6515.95,6516.010,6484.690,58995042.000
2017-03-22,6486.300,6499.79,6514.630,6459.980,72273366.000
2017-03-23,6502.130,6512.19,6533.650,6445.810,76911147.000
2017-03-24,6509.230,6546.62,6552.750,6500.070,83547822.000
2017-03-27,6545.450,6516.03,6555.790,6510.440,77482737.000
2017-03-28,6509.040,6498.69,6519.090,6483.640,61262114.000
2017-03-29,6504.250,6480.54,6522.510,6461.540,85614048.000
2017-03-30,6467.060,6375.74,6471.940,6369.120,96512724.000
2017-03-31,6374.560,6401.65,6402.220,6365.450,72082772.000
2017-04-05,6450.900,6539.97,6539.970,6450.900,97014978.000
2017-04-06,6554.750,6559.65,6569.700,6535.040,97471135.000
2017-04-07,6554.260,6578.73,6593.950,6544.240,100596671.000
2017-04-10,6575.460,6566.54,6595.200,6556.080,102529323.000
2017-04-11,6566.840,6629.17,6632.000,6531.530,127738048.000
2017-04-12,6625.880,6576.48,6626.760,6571.480,114173027.000
2017-04-13,6569.240,6615.7,6627.700,6562.760,87711440.000
2017-04-14,6623.450,6528.16,6623.800,6522.790,97511151.000
2017-04-17,6500.950,6456.6,6502.040,6426.280,87532207.000
2017-04-18,6452.920,6418.21,6491.810,6416.170,80185641.000
2017-04-19,6390.330,6350.65,6401.410,6285.990,87000447.000
2017-04-20,6349.410,6347.77,6377.800,6299.890,79174157.000
2017-04-21,6345.770,6300.71,6364.670,6296.810,60871101.000
2017-04-24,6282.330,6138.5,6282.740,6137.920,70771368.000
2017-04-25,6139.480,6160.46,6203.680,6131.950,64657729.000
2017-04-26,6159.890,6176.4,6195.320,6157.400,69746029.000
2017-04-27,6157.520,6192.3,6205.230,6052.880,89357789.000
2017-04-28,6174.140,6211.86,6214.160,6166.800,66769167.000
2017-05-02,6205.100,6216.12,6216.500,6186.170,70289003.000
2017-05-03,6205.680,6197.48,6225.630,6174.690,72475447.000
2017-05-04,6180.030,6176.31,6236.890,6151.810,77413513.000
2017-05-05,6155.200,6089.68,6164.250,6089.090,71551996.000
2017-05-08,6076.460,5975.54,6083.360,5975.220,67182555.000
2017-05-09,5953.840,6012.0,6012.440,5919.600,54726993.000
2017-05-10,6010.730,5885.84,6038.970,5885.520,62645660.000
2017-05-11,5856.410,5872.64,5873.910,5731.480,73054314.000
2017-05-12,5859.340,5863.78,5889.930,5820.290,56685628.000
2017-05-15,5880.700,5893.51,5912.270,5880.700,49725933.000
2017-05-16,5882.330,6014.73,6014.880,5839.220,73426616.000
2017-05-17,6006.470,6027.65,6055.920,6001.040,73146909.000
2017-05-18,5983.350,5976.3,6030.110,5965.350,60062125.000
2017-05-19,5973.770,5974.98,5990.440,5942.610,55068152.000
2017-05-22,5962.290,5888.81,5987.310,5873.040,60894139.000
2017-05-23,5879.560,5764.88,5893.820,5760.320,64918647.000
2017-05-24,5740.440,5799.25,5799.680,5668.720,58130847.000
2017-05-25,5788.560,5850.8,5859.500,5740.800,70683957.000
2017-05-26,5843.520,5836.93,5871.210,5833.090,59256199.000
2017-05-31,5887.940,5824.1,5913.180,5820.210,58477769.000
2017-06-01,5810.420,5710.0,5810.600,5709.690,60278905.000
2017-06-02,5696.830,5772.52,5780.500,5655.760,58868847.000
2017-06-05,5778.190,5815.8,5830.050,5777.950,54333292.000
2017-06-06,5808.970,5841.52,5841.880,5793.440,48781500.000
2017-06-07,5838.880,5955.02,5955.020,5836.440,74666059.000
2017-06-08,5947.980,5958.98,5972.730,5940.720,66506547.000
2017-06-09,5952.410,5969.27,5971.520,5922.730,62109874.000
2017-06-12,5943.640,5902.85,5950.040,5896.400,60359675.000
2017-06-13,5895.470,5980.06,5986.870,5894.230,60424169.000
2017-06-14,5976.010,5966.43,5992.780,5958.200,60926963.000
2017-06-15,5959.470,6021.17,6024.380,5959.190,64991110.000
2017-06-16,6016.970,6013.0,6027.400,6003.260,56912596.000
2017-06-19,6010.940,6057.41,6057.410,6009.220,59231585.000
2017-06-20,6061.110,6066.9,6089.810,6058.690,66122408.000
2017-06-21,6074.610,6078.19,6080.530,6035.270,56730429.000
2017-06-22,6074.370,5992.33,6094.550,5992.330,69225641.000
2017-06-23,5978.240,6010.31,6010.310,5923.550,63505124.000
2017-06-26,6013.480,6111.64,6111.710,6011.860,69846178.000
2017-06-27,6109.370,6113.17,6128.380,6089.680,62316849.000
2017-06-28,6102.230,6086.21,6110.350,6075.140,60479482.000
2017-06-29,6089.920,6116.99,6132.250,6089.920,58035289.000
2017-06-30,6101.360,6138.16,6139.070,6090.250,53521223.000
2017-07-03,6142.170,6177.4,6177.400,6129.840,63825322.000
2017-07-04,6169.030,6146.85,6170.850,6134.880,63114196.000
2017-07-05,6135.710,6193.96,6193.960,6127.510,68621638.000
2017-07-06,6187.430,6201.65,6211.970,6149.930,82871814.000
2017-07-07,6182.450,6226.01,6229.830,6176.740,79328307.000
2017-07-10,6221.530,6206.56,6236.290,6189.000,90370999.000
2017-07-11,6194.620,6128.99,6202.200,6128.990,76982330.000
2017-07-12,6124.960,6132.99,6143.800,6050.650,75579501.000
2017-07-13,6134.750,6149.93,6172.680,6124.360,79136009.000
2017-07-14,6143.330,6128.74,6143.460,6107.910,66386360.000
2017-07-17,6108.450,5876.46,6108.450,5860.780,101536169.000
2017-07-18,5854.070,5938.43,5938.430,5842.960,76564323.000
2017-07-19,5928.010,6059.36,6059.530,5917.670,102901914.000
2017-07-20,6052.510,6099.28,6120.190,6046.410,93828770.000
2017-07-21,6089.660,6126.11,6136.970,6080.560,83132654.000
2017-07-24,6121.330,6167.13,6171.820,6117.300,97299924.000
2017-07-25,6159.410,6153.6,6170.650,6113.560,89224304.000
2017-07-26,6151.850,6146.7,6162.880,6111.040,88753495.000
2017-07-27,6136.960,6184.02,6192.940,6105.960,104005538.000
2017-07-28,6170.660,6215.46,6229.060,6165.990,86467879.000
2017-07-31,6214.660,6298.0,6299.800,6208.460,113331066.000
2017-08-01,6293.060,6286.54,6299.160,6261.280,101081557.000
2017-08-02,6289.250,6251.86,6313.510,6248.360,114012011.000
2017-08-03,6240.150,6261.97,6288.440,6236.660,100159939.000
2017-08-04,6258.850,6225.12,6297.120,6224.200,125888386.000
2017-08-07,6227.520,6303.42,6304.270,6217.290,108572316.000
2017-08-08,6302.030,6303.72,6322.470,6281.620,120380437.000
2017-08-09,6296.120,6340.02,6340.380,6285.020,115347648.000
2017-08-10,6322.830,6289.22,6341.480,6246.660,112699470.000
2017-08-11,6242.490,6161.19,6275.890,6153.600,117860616.000
2017-08-14,6165.130,6292.64,6293.350,6165.130,89845023.000
2017-08-15,6291.180,6314.76,6316.200,6283.540,82603663.000
2017-08-16,6307.170,6318.8,6323.560,6268.190,89617698.000
2017-08-17,6327.030,6366.03,6366.250,6312.890,98724886.000
2017-08-18,6324.900,6347.76,6361.970,6313.150,91174554.000
2017-08-21,6354.100,6403.78,6404.050,6354.010,86521795.000
2017-08-22,6396.930,6375.98,6398.560,6362.410,89100166.000
2017-08-23,6359.780,6322.78,6371.300,6310.010,75609851.000
2017-08-24,6322.630,6278.59,6329.030,6267.230,67567586.000
2017-08-25,6274.350,6346.53,6358.890,6274.350,75549727.000
2017-08-28,6348.870,6424.58,6442.400,6348.870,94893401.000
2017-08-29,6420.570,6408.16,6439.080,6393.480,87704097.000
2017-08-30,6405.900,6453.46,6462.760,6405.900,95559661.000
2017-08-31,6451.520,6470.43,6470.940,6429.740,91029169.000
2017-09-01,6472.950,6526.5,6530.900,6466.130,121117192.000
2017-09-04,6530.510,6564.68,6566.100,6519.790,119984025.000
2017-09-05,6561.670,6571.86,6576.560,6528.110,95232077.000
2017-09-06,6550.060,6607.12,6610.750,6540.830,105478233.000
2017-09-07,6601.340,6558.6,6614.100,6553.700,107061807.000
2017-09-08,6554.600,6574.18,6599.130,6537.040,93851593.000
2017-09-11,6579.890,6649.63,6650.120,6566.280,102547400.000
2017-09-12,6659.800,6644.01,6715.390,6628.880,141880275.000
2017-09-13,6635.170,6684.38,6684.860,6630.500,104722437.000
2017-09-14,6683.470,6672.19,6701.690,6643.590,113966782.000
2017-09-15,6661.520,6622.04,6663.510,6603.730,109384234.000
2017-09-18,6616.130,6669.45,6669.450,6616.130,88850597.000
2017-09-19,6670.970,6636.02,6681.250,6611.750,93518721.000
2017-09-20,6627.690,6692.47,6692.710,6613.660,101972486.000
2017-09-21,6684.650,6612.05,6687.120,6612.050,98937493.000
2017-09-22,6591.150,6572.01,6592.880,6547.280,85236469.000
2017-09-25,6560.140,6489.84,6568.000,6484.210,77829250.000
2017-09-26,6484.340,6520.72,6520.720,6482.290,67765945.000
2017-09-27,6523.500,6583.14,6589.740,6522.200,75171272.000
2017-09-28,6577.430,6567.79,6599.130,6565.880,74625892.000
2017-09-29,6572.450,6603.26,6611.650,6572.450,70936294.000
2017-10-09,6682.580,6678.37,6696.670,6657.530,86419669.000
2017-10-10,6677.370,6705.48,6705.720,6658.860,87005186.000
2017-10-11,6702.690,6666.47,6703.580,6661.090,90746053.000
2017-10-12,6658.130,6659.1,6674.380,6611.970,77960962.000
2017-10-13,6660.030,6709.82,6711.930,6659.880,72925621.000
2017-10-16,6709.870,6619.21,6709.870,6609.620,85871048.000
2017-10-17,6604.330,6612.94,6644.750,6589.540,59419247.000
2017-10-18,6612.490,6563.44,6630.670,6557.660,73370966.000
2017-10-19,6553.870,6501.4,6562.350,6494.730,72615790.000
2017-10-20,6489.790,6571.42,6571.440,6485.810,60479316.000
2017-10-23,6569.790,6612.76,6613.030,6562.910,60481953.000
2017-10-24,6605.520,6603.0,6605.900,6556.340,59171314.000
2017-10-25,6596.790,6647.89,6648.390,6593.070,58646902.000
2017-10-26,6639.890,6671.93,6686.120,6630.970,74905894.000
2017-10-27,6664.430,6630.81,6673.470,6622.120,67921141.000
2017-10-30,6621.780,6511.76,6629.300,6460.050,83764175.000
2017-10-31,6496.690,6560.21,6560.250,6496.690,62261436.000
2017-11-01,6559.520,6552.95,6586.130,6547.850,64632776.000
2017-11-02,6541.610,6484.93,6541.610,6476.370,67552347.000
2017-11-03,6477.820,6426.98,6491.050,6395.460,68257102.000
2017-11-06,6432.070,6511.1,6512.130,6408.360,66717600.000
2017-11-07,6508.210,6551.94,6552.260,6498.390,72377674.000
2017-11-08,6544.590,6561.69,6601.470,6534.160,73806798.000
2017-11-09,6562.360,6611.35,6611.390,6558.490,68818466.000
2017-11-10,6599.650,6641.22,6647.230,6593.030,80012497.000
2017-11-13,6644.690,6671.21,6671.260,6624.670,84596712.000
2017-11-14,6664.610,6614.51,6673.750,6588.250,84749061.000
2017-11-15,6592.760,6537.66,6603.510,6505.990,73949181.000
2017-11-16,6529.310,6558.31,6570.280,6511.900,67940159.000
2017-11-17,6549.220,6361.94,6555.750,6359.520,89018972.000
2017-11-20,6330.900,6433.17,6433.780,6239.320,70066705.000
2017-11-21,6420.390,6456.35,6473.700,6397.360,67754580.000
2017-11-22,6456.320,6439.44,6483.630,6391.460,70895924.000
2017-11-23,6427.580,6274.51,6427.580,6274.510,75009732.000
2017-11-24,6250.060,6278.03,6307.890,6243.960,59049056.000
2017-11-27,6269.230,6194.55,6279.590,6186.030,59407491.000
2017-11-28,6188.090,6299.31,6299.310,6188.090,56478234.000
2017-11-29,6293.250,6318.37,6329.180,6245.060,76563915.000
2017-11-30,6303.920,6263.42,6322.040,6248.180,60883355.000
2017-12-01,6259.960,6316.41,6323.840,6256.230,54746282.000
2017-12-04,6311.220,6279.62,6334.870,6272.670,60188169.000
2017-12-05,6265.790,6132.91,6279.390,6099.410,69690232.000
2017-12-06,6116.160,6172.8,6173.350,6053.240,60267213.000
2017-12-07,6156.350,6135.47,6182.750,6130.830,53097972.000
2017-12-08,6128.120,6203.14,6217.570,6126.380,55579244.000
2017-12-11,6214.640,6286.17,6286.500,6214.640,61112906.000
2017-12-12,6281.140,6233.21,6290.850,6233.210,56614397.000
2017-12-13,6224.780,6277.44,6277.730,6217.790,50352001.000
2017-12-14,6273.610,6284.08,6288.500,6247.680,55759240.000
2017-12-15,6274.100,6235.76,6278.930,6214.650,61938112.000
2017-12-18,6229.740,6199.99,6247.590,6179.030,53772190.000
2017-12-19,6200.930,6251.24,6251.490,6200.710,52639308.000
2017-12-20,6244.060,6199.36,6246.910,6188.320,57814532.000
2017-12-21,6191.780,6238.5,6255.840,6148.820,59245859.000
2017-12-22,6236.230,6242.88,6269.310,6235.230,55010644.000
2017-12-25,6244.860,6185.59,6257.020,6170.680,61264712.000
2017-12-26,6179.560,6220.15,6220.500,6148.100,57671656.000
2017-12-27,6213.240,6173.15,6228.880,6168.130,64197529.000
2017-12-28,6163.960,6204.27,6219.540,6157.100,65877542.000
2017-12-29,6201.460,6250.82,6250.820,6201.460,57165631.000
2018-01-02,6263.150,6332.23,6332.610,6258.160,73032235.000
2018-01-03,6331.720,6388.25,6391.980,6324.260,83936745.000
2018-01-04,6380.270,6417.54,6418.260,6375.510,80543690.000
2018-01-05,6414.770,6417.25,6435.850,6397.290,81581018.000
2018-01-08,6413.870,6446.18,6446.790,6393.880,89476929.000
2018-01-09,6441.680,6445.75,6449.030,6425.030,75573217.000
2018-01-10,6443.460,6405.94,6444.310,6361.090,80966974.000
2018-01-11,6391.900,6425.94,6432.440,6371.540,78770071.000
2018-01-12,6418.830,6399.37,6435.190,6387.780,77834558.000
2018-01-15,6391.370,6253.38,6392.520,6236.560,91474032.000
2018-01-16,6245.150,6301.13,6301.400,6245.110,79169734.000
2018-01-17,6288.020,6267.46,6288.140,6202.310,84195503.000
2018-01-18,6253.060,6286.8,6295.780,6253.060,65015293.000
2018-01-19,6284.600,6272.38,6317.000,6261.240,71806742.000
2018-01-22,6264.750,6347.64,6347.810,6248.310,72761169.000
2018-01-23,6342.690,6355.0,6362.580,6330.460,66753886.000
2018-01-24,6353.300,6394.3,6395.570,6322.920,77347727.000
2018-01-25,6386.800,6382.72,6424.350,6380.840,81082937.000
2018-01-26,6374.100,6383.63,6401.480,6368.900,69004549.000
2018-01-29,6385.040,6309.88,6398.970,6295.900,84031161.000
2018-01-30,6301.350,6313.44,6330.540,6300.460,70699688.000
2018-01-31,6277.740,6189.34,6277.740,6170.160,80733495.000
2018-02-01,6181.000,5984.74,6196.710,5984.280,94968524.000
2018-02-02,5937.620,6004.85,6006.470,5844.460,83747561.000
2018-02-05,5927.740,5998.22,6016.160,5907.470,74046519.000
2018-02-06,5886.350,5704.26,5920.740,5702.850,92340709.000
2018-02-07,5805.960,5711.33,5831.810,5630.090,85235997.000
2018-02-08,5695.670,5766.48,5786.790,5691.290,62444797.000
2018-02-09,5631.960,5554.9,5663.100,5490.620,84318842.000
2018-02-12,5581.710,5699.1,5714.820,5581.710,57246494.000
2018-02-13,5731.150,5736.95,5789.700,5727.750,57208634.000
2018-02-14,5741.880,5754.83,5761.770,5712.880,41398222.000
2018-02-22,5800.950,5875.73,5875.760,5797.910,59636107.000
2018-02-23,5877.720,5897.68,5902.940,5848.520,62147850.000
2018-02-26,5926.420,6029.68,6032.140,5917.620,83073987.000
2018-02-27,6025.880,6010.56,6042.390,6000.880,77022158.000
2018-02-28,5967.900,6023.68,6044.070,5939.640,70986917.000
2018-03-01,5987.360,6090.22,6091.000,5974.120,73101773.000
2018-03-02,6053.480,6056.34,6094.800,6044.260,73434829.000
2018-03-05,6066.680,6064.1,6080.970,6031.980,67324693.000
2018-03-06,6077.370,6145.58,6145.850,6070.720,83495767.000
2018-03-07,6133.950,6086.49,6149.100,6082.580,74594129.000
2018-03-08,6073.670,6131.51,6131.700,6073.670,67889911.000
2018-03-09,6131.120,6206.98,6211.280,6131.010,85928341.000
2018-03-12,6230.810,6295.78,6295.780,6230.390,97662276.000
2018-03-13,6285.800,6254.15,6297.430,6251.400,84804758.000
2018-03-14,6234.240,6189.32,6253.170,6185.180,75466633.000
2018-03-15,6172.850,6180.11,6203.240,6117.600,72173921.000
2018-03-16,6181.380,6146.31,6205.870,6146.310,65073534.000
2018-03-19,6142.520,6153.83,6186.610,6118.300,67233214.000
2018-03-20,6109.600,6173.7,6176.500,6091.500,67475662.000
2018-03-21,6182.110,6129.2,6224.560,6125.140,79487161.000
2018-03-22,6130.050,6101.23,6161.380,6074.660,67407441.000
2018-03-23,5913.370,5787.15,5978.420,5722.770,121367061.000
2018-03-26,5715.350,5902.96,5902.960,5675.370,84772913.000
2018-03-27,5956.240,6034.77,6043.050,5956.240,89199271.000
2018-03-28,5962.560,5973.34,6036.160,5949.100,75299094.000
2018-03-29,5993.970,6034.86,6040.860,5967.630,68813735.000
2018-03-30,6052.180,6114.74,6115.270,6051.020,73046489.000
2018-04-02,6127.230,6121.96,6169.300,6113.340,85433833.000
2018-04-03,6039.070,6059.71,6066.440,6008.510,71749883.000
2018-04-04,6077.650,6017.69,6098.840,6011.150,67260198.000
2018-04-09,5994.350,6025.65,6053.970,5954.540,64851820.000
2018-04-10,6032.490,6063.74,6064.390,5993.000,69420990.000
2018-04-11,6082.030,6086.61,6110.180,6073.220,66248859.000
2018-04-12,6073.770,6051.33,6091.980,6039.560,60524240.000
2018-04-13,6073.840,6027.19,6093.350,6018.010,54157636.000
2018-04-16,6018.170,6012.41,6053.990,5966.200,70985861.000
2018-04-17,6024.550,5890.86,6038.250,5886.020,71920258.000
2018-04-18,5925.840,5970.66,5981.340,5826.650,76201712.000
2018-04-19,5965.240,6004.73,6041.990,5962.710,75998556.000
2018-04-20,5984.060,5880.84,5999.010,5872.500,72391389.000
2018-04-23,5885.610,5823.92,5913.570,5761.970,63952399.000
2018-04-24,5825.450,5957.19,5957.830,5825.450,67954118.000
2018-04-25,5929.400,5959.42,5968.880,5919.520,60382790.000
2018-04-26,5951.190,5847.98,5955.260,5846.080,62638394.000
2018-04-27,5865.440,5860.98,5886.000,5808.780,55997822.000
2018-05-02,5861.840,5855.32,5894.460,5817.390,63147027.000
2018-05-03,5843.090,5910.61,5911.090,5779.730,67604490.000
2018-05-04,5891.120,5909.29,5939.950,5883.700,55464047.000
2018-05-07,5921.310,6019.14,6023.190,5918.380,64033358.000
2018-05-08,6023.580,6041.81,6042.070,6012.130,62194666.000
2018-05-09,6034.460,6029.23,6042.910,6002.390,54124153.000
2018-05-10,6036.010,6040.57,6052.710,5999.950,58310665.000
2018-05-11,6044.980,5991.34,6052.540,5989.430,63847253.000
2018-05-14,5982.470,5967.55,6008.890,5951.670,59798192.000
2018-05-15,5972.160,6020.57,6021.020,5947.460,54721546.000
2018-05-16,6002.750,6004.07,6045.030,5991.380,58338640.000
2018-05-17,6000.740,5973.78,6010.300,5959.730,52997273.000
2018-05-18,5968.560,5995.15,6000.950,5932.130,57868274.000
2018-05-21,6034.430,6072.2,6080.820,6034.060,70722451.000
2018-05-22,6066.250,6092.91,6092.910,6052.090,62266852.000
2018-05-23,6080.730,6013.85,6081.530,6012.420,67845868.000
2018-05-24,6014.020,5992.62,6028.500,5986.720,53711808.000
2018-05-25,5983.940,5917.8,5992.480,5909.040,57793809.000
2018-05-28,5910.480,5891.26,5938.070,5858.270,57810122.000
2018-05-29,5884.590,5835.45,5921.720,5832.550,56179929.000
2018-05-30,5759.450,5682.59,5778.040,5675.910,68527885.000
2018-05-31,5722.950,5754.47,5760.200,5672.180,56008854.000
2018-06-01,5729.920,5685.12,5759.500,5654.840,53833571.000
2018-06-04,5692.970,5683.15,5707.490,5652.140,46750282.000
2018-06-05,5681.220,5779.08,5779.860,5680.490,47410470.000
2018-06-06,5770.710,5774.26,5784.610,5748.700,48182508.000
2018-06-07,5786.460,5738.02,5798.330,5734.630,47376191.000
2018-06-08,5731.840,5669.3,5731.840,5630.660,52925555.000
2018-06-11,5657.650,5632.36,5672.630,5612.870,43109691.000
2018-06-12,5638.350,5693.35,5693.610,5594.920,46645358.000
2018-06-13,5678.810,5607.02,5679.670,5605.550,49234214.000
2018-06-14,5590.570,5586.93,5645.190,5570.830,44419709.000
2018-06-15,5582.840,5483.94,5593.690,5448.070,56448574.000
2018-06-19,5396.680,5141.71,5409.410,5070.220,82986353.000
2018-06-20,5114.060,5198.39,5222.880,5090.220,60329417.000
2018-06-21,5196.130,5089.25,5244.650,5086.930,63240478.000
2018-06-22,5052.440,5160.12,5165.040,5017.510,51689206.000
2018-06-25,5196.650,5125.03,5211.760,5121.210,47860811.000
2018-06-26,5059.380,5160.28,5170.170,5044.240,51066587.000
2018-06-27,5159.620,5109.5,5188.200,5089.710,49857841.000
2018-06-28,5097.510,5055.11,5150.650,5050.320,47767518.000
2018-06-29,5061.090,5217.76,5218.910,5054.050,57234937.000
2018-07-02,5216.850,5138.78,5238.640,5100.870,55248929.000
2018-07-03,5138.550,5197.13,5203.360,5054.660,61424233.000
2018-07-04,5171.190,5121.34,5180.270,5102.780,53859951.000
2018-07-05,5109.140,4982.76,5126.470,4981.780,52927414.000
2018-07-06,4981.980,4996.63,5061.040,4897.260,61340255.000
2018-07-09,5007.210,5107.55,5107.880,5007.210,52937159.000
2018-07-10,5114.120,5136.53,5141.710,5094.290,52227669.000
2018-07-11,5060.070,5036.16,5070.490,4973.990,58915262.000
2018-07-12,5029.290,5172.5,5184.020,5029.290,68089566.000
2018-07-13,5174.510,5204.19,5207.360,5167.160,56354210.000
2018-07-16,5201.530,5195.2,5216.560,5170.220,51667372.000
2018-07-17,5189.150,5196.2,5196.200,5132.210,48243322.000
2018-07-18,5198.890,5156.64,5220.180,5156.640,55257134.000
2018-07-19,5153.380,5111.33,5179.730,5088.120,50483934.000
2018-07-20,5105.650,5175.25,5184.870,5072.160,57868514.000
2018-07-23,5146.620,5214.0,5214.380,5132.380,68484315.000
2018-07-24,5213.390,5304.64,5315.670,5211.940,88201816.000
2018-07-25,5308.020,5308.66,5332.620,5294.420,74850860.000
2018-07-26,5307.300,5273.48,5318.880,5262.310,75120240.000
2018-07-27,5270.230,5249.29,5281.350,5230.100,61715887.000
2018-07-30,5244.770,5185.15,5255.190,5167.400,60836024.000
2018-07-31,5182.830,5188.72,5208.380,5163.660,49496356.000
2018-08-01,5198.460,5105.37,5233.500,5105.370,60369485.000
2018-08-02,5094.340,4996.01,5094.340,4887.500,74390325.000
2018-08-03,4982.890,4929.75,5008.240,4929.750,50735797.000
2018-08-06,4919.500,4825.25,4941.180,4798.850,52455220.000
2018-08-07,4836.310,4956.87,4956.870,4797.450,59145780.000
2018-08-08,4940.780,4880.57,4952.420,4877.660,58083051.000
2018-08-09,4862.150,5004.77,5030.160,4856.480,68264833.000
2018-08-10,5000.050,5030.51,5037.490,4990.830,53185012.000
2018-08-13,4981.340,5055.28,5064.020,4958.890,55722652.000
2018-08-14,5043.890,5037.88,5061.410,5016.320,46375912.000
2018-08-15,5035.570,4932.81,5038.770,4929.200,53349985.000
2018-08-16,4876.690,4888.37,4943.200,4836.050,52393844.000
2018-08-17,4923.440,4803.03,4941.100,4793.770,51707974.000
2018-08-20,4794.240,4832.65,4832.910,4736.560,51631112.000
2018-08-21,4831.210,4891.98,4901.120,4816.850,49737904.000
2018-08-22,4877.010,4837.02,4878.820,4829.600,43922267.000
2018-08-23,4832.010,4863.67,4885.810,4821.110,47263811.000
2018-08-24,4853.860,4852.29,4880.890,4831.890,43898100.000
2018-08-27,4859.120,4960.07,4964.450,4859.120,58545799.000
2018-08-28,4964.730,4974.21,4983.940,4954.170,53465440.000
2018-08-29,4972.080,4941.96,4974.160,4929.460,53272212.000
2018-08-30,4937.650,4867.12,4952.610,4861.060,54158462.000
2018-08-31,4854.960,4814.82,4862.440,4805.210,48012054.000
2018-09-03,4808.380,4838.87,4840.150,4754.810,52902602.000
2018-09-04,4833.880,4890.28,4905.020,4828.520,61024914.000
2018-09-05,4877.110,4815.03,4886.270,4814.960,58403543.000
2018-09-06,4800.940,4793.35,4849.180,4773.880,45868494.000
2018-09-07,4796.840,4791.78,4867.530,4759.490,53600072.000
2018-09-10,4792.600,4704.88,4794.010,4701.290,51326475.000
2018-09-11,4702.830,4702.9,4738.260,4669.420,49968007.000
2018-09-12,4700.900,4693.97,4733.580,4681.130,42540882.000
2018-09-13,4727.430,4721.21,4752.900,4655.210,55692102.000
2018-09-14,4720.780,4670.08,4724.000,4669.940,56447930.000
2018-09-17,4649.950,4602.39,4649.950,4586.320,49338946.000
2018-09-18,4588.230,4683.51,4684.290,4584.430,54432326.000
2018-09-19,4673.950,4736.89,4772.950,4664.130,67055856.000
2018-09-20,4734.480,4733.48,4761.410,4723.300,56398974.000
2018-09-21,4743.810,4805.22,4813.290,4721.690,65895196.000
2018-09-25,4774.790,4792.55,4810.340,4763.210,52654240.000
2018-09-26,4794.070,4815.63,4841.700,4782.390,64719556.000
2018-09-27,4812.640,4755.38,4817.620,4754.280,61437672.000
2018-09-28,4762.330,4800.73,4802.160,4746.180,57268640.000
2018-10-08,4722.420,4646.49,4737.290,4639.400,63275664.000
2018-10-09,4652.490,4634.89,4685.220,4612.640,50437454.000
2018-10-10,4634.640,4629.89,4655.550,4586.890,51339637.000
2018-10-11,4483.270,4307.42,4503.200,4274.700,90563601.000
2018-10-12,4267.360,4278.04,4300.010,4136.630,81525149.000
2018-10-15,4283.360,4199.15,4317.710,4195.830,62291848.000
2018-10-16,4193.380,4099.68,4221.340,4076.870,61076659.000
2018-10-17,4147.350,4133.38,4167.760,4038.420,69523881.000
2018-10-18,4104.330,4018.46,4104.330,4013.650,59783911.000
2018-10-19,3958.450,4127.99,4130.930,3948.560,69561578.000
2018-10-22,4165.760,4333.14,4375.600,4165.760,92958319.000
2018-10-23,4336.450,4253.56,4350.730,4228.330,74668065.000
2018-10-24,4233.840,4245.49,4297.370,4207.170,62823482.000
2018-10-25,4124.190,4234.42,4240.580,4103.560,69687206.000
2018-10-26,4260.910,4233.96,4294.560,4217.790,67983621.000
2018-10-29,4220.630,4162.53,4227.640,4144.810,57451570.000
2018-10-30,4145.400,4204.54,4233.790,4096.140,72834650.000
2018-10-31,4207.760,4272.55,4298.240,4204.360,74687765.000
2018-11-01,4299.460,4298.98,4367.730,4294.870,86059142.000
2018-11-02,4366.730,4437.95,4437.980,4360.880,96892168.000
2018-11-05,4427.630,4440.83,4466.140,4375.040,87777277.000
2018-11-06,4427.360,4438.1,4440.110,4385.330,69803049.000
2018-11-07,4437.720,4415.14,4479.690,4414.070,78086368.000
2018-11-08,4442.660,4382.33,4450.980,4379.880,72145355.000
2018-11-09,4363.210,4368.61,4396.390,4348.810,67424960.000
2018-11-12,4360.630,4481.69,4481.770,4354.470,86990536.000
2018-11-13,4430.950,4563.54,4588.500,4422.950,128710363.000
2018-11-14,4551.800,4545.51,4600.130,4534.520,112598830.000
2018-11-15,4540.880,4619.81,4619.810,4539.960,98305200.000
2018-11-16,4625.000,4659.1,4691.560,4609.830,110671824.000
2018-11-19,4660.480,4670.74,4677.970,4612.480,111015106.000
2018-11-20,4629.130,4537.45,4645.900,4535.870,103124225.000
2018-11-21,4483.380,4554.67,4564.530,4476.420,90156627.000
2018-11-22,4562.640,4551.33,4583.370,4528.240,75274993.000
2018-11-23,4542.110,4374.76,4547.510,4365.350,92074828.000
2018-11-26,4371.420,4367.46,4408.110,4347.750,68584699.000
2018-11-27,4393.290,4387.65,4416.360,4361.020,62352710.000
2018-11-28,4389.830,4441.86,4441.860,4333.060,72507931.000
2018-11-29,4462.790,4345.7,4473.310,4344.900,77102481.000
2018-11-30,4334.040,4376.65,4385.000,4291.810,63848789.000
2018-12-03,4483.660,4515.17,4536.830,4460.390,96265752.000
2018-12-04,4506.250,4536.21,4538.420,4492.060,76280213.000
2018-12-05,4456.200,4502.7,4532.280,4445.970,74275973.000
2018-12-06,4476.810,4411.09,4483.320,4405.840,66047596.000
2018-12-07,4419.610,4410.96,4432.330,4397.420,51755054.000
2018-12-10,4381.380,4359.31,4396.400,4350.230,53940348.000
2018-12-11,4373.030,4395.57,4398.060,4365.120,50430781.000
2018-12-12,4408.910,4393.32,4417.600,4381.320,48093612.000
2018-12-13,4405.090,4443.16,4471.260,4378.460,63613910.000
2018-12-14,4436.000,4337.1,4439.050,4331.380,65786546.000
2018-12-17,4322.590,4330.65,4341.200,4285.210,51502815.000
2018-12-18,4308.050,4307.27,4339.400,4266.450,51303478.000
2018-12-19,4311.280,4247.9,4315.110,4245.150,46260174.000
2018-12-20,4240.370,4259.76,4274.010,4225.130,46967852.000
2018-12-21,4246.430,4231.14,4260.290,4204.490,47110425.000
2018-12-24,4227.350,4274.72,4276.970,4215.020,41841941.000
2018-12-25,4233.540,4225.51,4244.950,4132.760,60383673.000
2018-12-26,4218.660,4208.41,4241.350,4194.310,45032933.000
2018-12-27,4263.330,4161.27,4272.810,4159.770,54219393.000
2018-12-28,4168.940,4168.04,4192.700,4138.930,49964185.000
2019-01-02,4176.110,4131.96,4179.720,4125.940,47494449.000
2019-01-03,4131.690,4112.81,4182.200,4110.530,55491244.000
2019-01-04,4075.620,4210.88,4210.880,4071.690,73448737.000
2019-01-07,4235.030,4288.32,4297.020,4223.460,81153450.000
2019-01-08,4278.280,4277.3,4289.630,4264.600,69556937.000
2019-01-09,4286.230,4288.77,4354.200,4280.660,85153595.000
2019-01-10,4289.560,4281.86,4319.490,4274.200,68910889.000
2019-01-11,4282.390,4314.88,4316.540,4267.290,68355085.000
2019-01-14,4317.520,4286.55,4325.950,4278.760,67679614.000
2019-01-15,4282.990,4347.36,4350.930,4271.640,72005181.000
2019-01-16,4347.080,4336.88,4364.100,4330.740,69274744.000
2019-01-17,4334.630,4303.73,4347.180,4297.670,74562113.000
2019-01-18,4307.140,4347.81,4351.440,4297.480,83371611.000
2019-01-21,4354.700,4373.63,4395.060,4352.810,72781531.000
2019-01-22,4370.860,4308.25,4370.860,4291.960,69496672.000
2019-01-23,4298.940,4315.68,4322.890,4292.090,58485735.000
2019-01-24,4318.710,4338.17,4363.220,4292.830,70630305.000
2019-01-25,4341.410,4318.44,4359.460,4315.950,71657478.000
2019-01-28,4341.490,4307.22,4370.900,4297.960,67279935.000
2019-01-29,4301.470,4254.29,4301.470,4188.590,77753727.000
2019-01-30,4235.270,4211.62,4266.880,4211.190,58513770.000
2019-01-31,4203.980,4176.47,4240.720,4151.410,71511205.000
2019-02-01,4189.110,4294.27,4295.040,4189.110,66099677.000
2019-02-11,4306.200,4402.87,4403.730,4306.200,75297356.000
2019-02-12,4398.440,4439.48,4452.500,4394.830,85271156.000
2019-02-13,4442.730,4512.41,4526.270,4433.030,113218903.000
2019-02-14,4507.840,4532.17,4555.230,4494.550,94828533.000
2019-02-15,4523.940,4502.73,4544.390,4497.390,93511607.000
2019-02-18,4527.970,4661.0,4661.000,4527.970,124124004.000
2019-02-19,4683.330,4667.28,4706.530,4614.280,143874768.000
2019-02-20,4667.350,4667.62,4677.980,4619.460,120213129.000
2019-02-21,4666.280,4659.14,4750.420,4643.110,145951113.000
2019-02-22,4651.540,4777.3,4777.300,4649.220,146166142.000
2019-02-25,4840.540,5044.35,5045.080,4835.480,241783579.000
2019-02-26,5059.280,5038.54,5149.620,5004.550,262833265.000
2019-02-27,5027.390,5017.88,5093.800,4964.620,208854087.000
2019-02-28,5017.440,5025.29,5072.670,4994.050,156042877.000
2019-03-01,5047.230,5067.23,5067.310,4984.990,149828330.000
2019-03-04,5112.950,5158.25,5253.390,5108.280,232446864.000
2019-03-05,5146.620,5295.29,5295.290,5125.150,206891261.000
2019-03-06,5328.130,5390.03,5395.550,5256.790,264964318.000
2019-03-07,5381.230,5458.62,5512.640,5353.570,266967220.000
2019-03-08,5340.110,5245.7,5480.170,5245.530,285680249.000
2019-03-11,5279.750,5456.38,5456.420,5272.190,214252213.000
2019-03-12,5500.940,5551.0,5591.690,5458.760,249333993.000
2019-03-13,5557.160,5424.86,5557.160,5388.250,224349236.000
2019-03-14,5381.110,5298.5,5432.520,5236.750,178608679.000
2019-03-15,5328.810,5359.01,5418.330,5308.060,152846465.000
2019-03-18,5387.380,5501.18,5501.180,5333.260,172655255.000
2019-03-19,5505.700,5522.18,5555.120,5486.800,166713931.000
2019-03-20,5518.310,5515.79,5533.050,5415.750,176820735.000
2019-03-21,5525.990,5589.48,5634.660,5513.390,207150045.000
2019-03-22,5591.040,5622.14,5625.100,5505.810,181954823.000
2019-03-25,5521.250,5549.67,5629.230,5507.360,178432937.000
2019-03-26,5571.520,5394.88,5589.410,5380.850,176164730.000
2019-03-27,5431.980,5447.88,5447.880,5333.780,144956608.000
2019-03-28,5432.940,5370.12,5487.770,5370.120,149261082.000
2019-03-29,5370.420,5547.66,5550.760,5346.210,178333017.000
2019-04-01,5591.670,5757.84,5763.580,5591.670,221181631.000
2019-04-02,5794.790,5775.55,5833.020,5750.330,228750284.000
2019-04-03,5744.220,5836.04,5843.470,5724.130,199104763.000
2019-04-04,5868.390,5871.56,5894.990,5813.460,208834859.000
2019-04-08,5921.210,5847.63,5939.500,5765.910,238317466.000
2019-04-09,5834.290,5858.05,5877.840,5798.370,179363502.000
2019-04-10,5826.030,5850.76,5906.430,5782.370,178753607.000
2019-04-11,5852.640,5727.17,5866.920,5720.550,165876073.000
2019-04-12,5720.050,5714.37,5749.340,5673.740,140078341.000
2019-04-15,5795.500,5655.98,5815.390,5654.340,157754136.000
2019-04-16,5625.120,5777.01,5777.010,5583.610,156029632.000
2019-04-17,5776.640,5807.73,5840.620,5758.000,169800155.000
2019-04-18,5804.300,5775.17,5826.670,5762.570,151322505.000
2019-04-19,5762.500,5810.18,5810.180,5710.800,148724289.000
2019-04-22,5821.020,5723.04,5824.520,5704.980,158161026.000
2019-04-23,5710.730,5628.06,5710.730,5610.740,149871461.000
2019-04-24,5636.400,5679.73,5682.480,5568.410,134784412.000
2019-04-25,5652.010,5458.42,5662.790,5457.830,151401718.000
2019-04-26,5427.620,5408.03,5496.040,5407.190,124279880.000
2019-04-29,5405.160,5265.6,5421.660,5252.050,138672387.000
2019-04-30,5244.040,5307.56,5349.940,5244.040,102190340.000
2019-05-06,5122.470,4908.8,5125.160,4874.640,143386233.000
2019-05-07,4933.040,4973.4,4990.190,4886.060,116573687.000
2019-05-08,4865.790,4947.74,5028.530,4842.560,107738121.000
2019-05-09,4897.980,4888.41,4955.780,4879.690,90934656.000
2019-05-10,4940.480,5064.32,5064.320,4842.610,122177483.000
2019-05-13,5009.470,5005.9,5040.500,4985.190,91736394.000
2019-05-14,4942.390,4965.61,5018.410,4941.930,87540969.000
2019-05-15,5002.600,5076.56,5086.730,4999.340,97463860.000
2019-05-16,5071.110,5108.36,5118.440,5059.210,104422166.000
2019-05-17,5112.240,4942.58,5116.990,4923.670,119071213.000
2019-05-20,4937.180,4923.56,4947.750,4835.810,95686497.000
2019-05-21,4917.340,5009.87,5026.280,4904.820,100837073.000
2019-05-22,5002.160,4976.39,5018.110,4941.010,94092709.000
2019-05-23,4955.250,4872.92,4957.990,4860.190,90563681.000
2019-05-24,4848.580,4841.76,4892.460,4831.330,77933436.000
2019-05-27,4848.640,4962.95,4974.270,4824.140,93076414.000
2019-05-28,4965.590,4955.49,5002.250,4933.900,90263989.000
2019-05-29,4943.570,4956.86,4992.990,4930.430,85876852.000
2019-05-30,4933.500,4926.4,4933.850,4865.780,94779602.000
2019-05-31,4923.920,4912.0,4969.050,4902.740,86716729.000
2019-06-03,4921.710,4853.82,4942.070,4838.350,98540830.000
2019-06-04,4847.660,4795.41,4853.810,4768.040,86751653.000
2019-06-05,4837.900,4783.82,4850.800,4777.980,81300165.000
2019-06-06,4776.490,4678.78,4776.690,4668.540,83416931.000
2019-06-10,4693.760,4725.26,4750.540,4662.780,73361381.000
2019-06-11,4730.810,4901.47,4903.870,4728.480,116811446.000
2019-06-12,4889.360,4863.49,4917.090,4852.980,107847561.000
2019-06-13,4855.540,4877.65,4892.580,4831.520,96172538.000
2019-06-14,4880.230,4795.53,4893.930,4786.190,102803894.000
2019-06-17,4796.120,4802.82,4826.600,4779.640,73361138.000
2019-06-18,4804.300,4797.15,4825.620,4773.550,66523897.000
2019-06-19,4902.960,4858.92,4931.110,4856.900,98274376.000
2019-06-20,4853.210,4954.73,4987.600,4837.180,119695961.000
2019-06-21,4973.590,5021.31,5045.710,4973.590,122814214.000
2019-06-24,5032.370,5024.2,5038.480,4996.170,99620157.000
2019-06-25,5020.200,4974.99,5020.200,4910.200,99202180.000
2019-06-26,4943.770,4962.59,4991.130,4928.730,70035687.000
2019-06-27,4974.990,5007.48,5030.370,4972.670,81631266.000
2019-06-28,5005.190,4950.48,5005.190,4920.440,77164628.000
2019-07-01,5044.660,5100.26,5100.260,5016.240,111630214.000
2019-07-02,5092.840,5084.41,5102.410,5066.250,97080637.000
2019-07-03,5074.710,5040.72,5074.710,5021.900,85358589.000
2019-07-04,5046.880,5025.02,5068.000,5002.330,80147189.000
2019-07-05,5026.330,5042.66,5055.010,5001.520,64904141.000
2019-07-08,5028.630,4870.78,5028.630,4855.210,91766077.000
2019-07-09,4868.480,4881.62,4892.560,4838.940,61012512.000
2019-07-10,4891.910,4843.86,4896.040,4829.280,60795192.000
2019-07-11,4867.680,4844.55,4905.160,4821.550,62628484.000
2019-07-12,4848.220,4861.57,4874.320,4820.660,61479398.000
2019-07-15,4850.890,4925.32,4951.620,4787.910,84594481.000
2019-07-16,4917.790,4932.05,4940.230,4909.660,68924962.000
2019-07-17,4930.650,4929.08,4953.410,4914.490,75361088.000
2019-07-18,4909.720,4844.11,4909.720,4843.510,72636158.000
2019-07-19,4861.210,4878.69,4920.410,4861.200,68597298.000
2019-07-22,4885.430,4776.57,4886.400,4766.070,72191578.000
2019-07-23,4778.050,4823.92,4823.920,4778.050,54729263.000
2019-07-24,4837.770,4873.03,4898.810,4837.770,69451383.000
2019-07-25,4873.170,4891.64,4899.710,4861.770,67384418.000
2019-07-26,4880.720,4898.11,4902.090,4868.200,59252777.000
2019-07-29,4897.650,4897.02,4914.480,4872.540,56581521.000
2019-07-30,4902.840,4922.92,4961.020,4902.780,71194127.000
2019-07-31,4914.040,4903.2,4921.720,4892.560,62754547.000
2019-08-01,4877.560,4870.47,4900.090,4850.530,64332504.000
2019-08-02,4773.430,4809.92,4816.810,4756.400,79002361.000
2019-08-05,4795.910,4751.98,4838.760,4749.940,71612542.000
2019-08-06,4665.840,4650.56,4684.520,4558.060,98667866.000
2019-08-07,4678.430,4626.36,4686.730,4624.740,67417406.000
2019-08-08,4641.870,4656.1,4663.030,4636.240,60077796.000
2019-08-09,4677.250,4600.35,4690.650,4593.220,64443337.000
2019-08-12,4608.120,4685.04,4685.040,4591.660,61946507.000
2019-08-13,4649.350,4658.39,4667.710,4638.030,58691317.000
2019-08-14,4713.500,4683.84,4731.860,4677.130,71148787.000
2019-08-15,4585.090,4706.55,4709.360,4576.460,78261611.000
2019-08-16,4702.140,4722.66,4755.950,4696.920,77542458.000
2019-08-19,4765.060,4875.04,4875.040,4765.060,106580926.000
2019-08-20,4878.670,4872.61,4912.990,4864.820,100202293.000
2019-08-21,4865.720,4882.72,4896.290,4859.330,84940790.000
2019-08-22,4894.360,4887.91,4896.580,4851.970,82238110.000
2019-08-23,4888.530,4887.9,4902.780,4861.200,82502528.000
2019-08-26,4799.480,4855.46,4867.300,4793.840,88453144.000
2019-08-27,4878.290,4936.12,4976.580,4878.290,108192637.000
2019-08-28,4929.890,4928.19,4948.020,4910.600,98994293.000
2019-08-29,4937.590,4934.18,4954.960,4912.220,96817996.000
2019-08-30,4963.280,4886.49,4975.970,4862.580,102451634.000
2019-09-02,4894.050,5008.3,5020.260,4890.230,108292930.000
2019-09-03,5019.400,5044.18,5044.180,4999.890,109090449.000
2019-09-04,5036.520,5093.27,5093.270,5027.670,122499224.000
2019-09-05,5119.570,5138.41,5209.000,5119.430,158947369.000
2019-09-06,5152.190,5154.64,5167.480,5111.730,112798576.000
2019-09-09,5202.710,5263.46,5263.460,5171.850,132941927.000
2019-09-10,5264.330,5245.31,5264.330,5212.520,131111547.000
2019-09-11,5262.490,5217.29,5273.970,5206.970,115603941.000
2019-09-12,5230.290,5242.61,5255.790,5197.570,96044226.000
2019-09-16,5263.300,5250.34,5279.590,5228.290,114136339.000
2019-09-17,5237.560,5140.45,5237.560,5118.210,114771435.000
2019-09-18,5148.060,5141.04,5163.810,5119.610,89555999.000
2019-09-19,5150.500,5191.67,5191.670,5126.150,88129311.000
2019-09-20,5198.730,5204.48,5220.230,5180.080,94186438.000
2019-09-23,5192.880,5171.48,5192.880,5124.800,94657680.000
2019-09-24,5168.120,5180.74,5237.410,5159.330,94527996.000
2019-09-25,5162.150,5087.01,5162.150,5087.010,92202920.000
2019-09-26,5099.520,4970.24,5108.800,4970.240,94670752.000
2019-09-27,4974.030,5005.63,5033.190,4974.030,74329833.000
2019-09-30,5009.140,4940.9,5022.430,4940.900,65785130.000
2019-10-08,4955.080,4941.76,4994.440,4937.030,66443425.000
2019-10-09,4926.210,4982.95,4985.440,4904.320,66505759.000
2019-10-10,4988.140,5046.36,5049.220,4979.190,73818154.000
2019-10-11,5057.810,5055.52,5074.900,5012.380,82786016.000
2019-10-14,5095.220,5131.13,5151.690,5089.310,103688878.000
2019-10-15,5115.250,5061.0,5115.250,5057.280,88321430.000
2019-10-16,5064.330,5038.36,5086.970,5036.500,78221408.000
2019-10-17,5039.270,5029.85,5049.360,5017.470,70514508.000
2019-10-18,5033.820,4961.81,5056.560,4953.150,82038850.000
2019-10-21,4956.790,4951.04,4957.240,4906.360,69899271.000
2019-10-22,4954.110,5005.55,5011.010,4954.110,65534982.000
2019-10-23,5009.360,4967.19,5009.940,4955.060,69036507.000
2019-10-24,4961.690,4958.25,4972.760,4921.110,64868443.000
2019-10-25,4953.330,4994.57,5001.510,4922.080,73158777.000
2019-10-28,5026.060,5084.47,5084.690,5026.060,102907395.000
2019-10-29,5080.930,5007.71,5080.930,5007.710,108706305.000
2019-10-30,4975.670,4947.9,4984.400,4938.100,85762155.000
2019-10-31,4950.030,4917.42,4967.750,4911.380,79582687.000
2019-11-01,4908.650,4962.35,4967.050,4896.010,74155656.000
2019-11-04,4974.360,4987.84,5016.940,4974.360,81278227.000
2019-11-05,4995.460,5025.3,5041.240,4972.720,85072951.000
2019-11-06,5022.100,4974.73,5027.790,4955.830,83216275.000
2019-11-07,4970.530,5007.07,5020.220,4960.840,72092198.000
2019-11-08,5036.660,4988.29,5051.560,4985.950,79096556.000
2019-11-11,4961.190,4876.16,4961.190,4868.430,77096401.000
2019-11-12,4878.970,4881.61,4887.300,4823.430,68785493.000
2019-11-13,4878.970,4875.54,4888.190,4853.590,60606408.000
2019-11-14,4875.250,4912.11,4925.440,4871.560,63910112.000
2019-11-15,4910.210,4868.44,4936.980,4868.440,70076404.000
2019-11-18,4862.280,4892.46,4901.000,4851.390,63965372.000
2019-11-19,4892.340,4975.11,4975.110,4890.760,72363369.000
2019-11-20,4975.760,4946.28,4991.700,4941.910,78998277.000
2019-11-21,4929.850,4945.72,4963.090,4919.590,66167513.000
2019-11-22,4954.310,4904.08,5018.060,4876.810,88027695.000
2019-11-25,4905.000,4901.5,4915.350,4853.840,86347265.000
2019-11-26,4906.430,4882.16,4920.680,4882.160,81259730.000
2019-11-27,4881.400,4904.26,4935.630,4872.300,72646940.000
2019-11-28,4897.650,4889.26,4916.800,4878.010,59672314.000
2019-11-29,4888.350,4894.94,4909.410,4850.590,61395620.000
2019-12-02,4897.630,4905.42,4930.590,4889.320,63150159.000
2019-12-03,4889.410,4926.45,4926.450,4863.660,60345525.000
2019-12-04,4902.490,4920.67,4935.570,4901.040,63496450.000
2019-12-05,4927.780,4967.6,4978.990,4923.110,74077104.000
2019-12-06,4968.040,5010.51,5010.510,4954.790,73705957.000
2019-12-09,5020.220,5024.6,5040.240,5005.840,88486415.000
2019-12-10,5012.470,5049.05,5054.310,4998.150,82936330.000
2019-12-11,5044.940,5027.28,5052.350,5007.560,86011038.000
2019-12-12,5025.490,5012.0,5044.200,5008.370,80055439.000
2019-12-13,5047.900,5073.69,5082.760,5029.880,99979184.000
2019-12-16,5095.350,5166.04,5166.040,5081.910,116522533.000
2019-12-17,5167.230,5236.06,5257.830,5161.150,150219142.000
2019-12-18,5235.480,5235.12,5267.410,5221.700,129264398.000
2019-12-19,5236.920,5241.74,5255.170,5215.880,113666294.000
2019-12-20,5244.210,5184.68,5258.010,5182.060,117998472.000
2019-12-23,5161.280,5084.35,5188.850,5079.440,105652530.000
2019-12-24,5098.810,5162.07,5165.160,5092.910,85451916.000
2019-12-25,5157.370,5183.1,5195.870,5153.510,95918676.000
2019-12-26,5181.380,5219.14,5219.140,5171.440,95625533.000
2019-12-27,5223.470,5179.19,5252.790,5175.850,126259628.000
2019-12-30,5160.310,5241.94,5242.120,5119.860,116869456.000
2019-12-31,5239.910,5267.66,5269.870,5228.170,103889658.000
2020-01-02,5306.670,5366.14,5374.910,5288.170,145894405.000
2020-01-03,5376.030,5380.64,5395.260,5351.800,128452021.000
2020-01-06,5365.220,5434.85,5481.550,5355.020,159587414.000
2020-01-07,5441.900,5499.84,5499.840,5440.690,144142722.000
2020-01-08,5481.980,5423.8,5500.160,5409.570,155406847.000
2020-01-09,5465.860,5497.54,5497.540,5457.350,132431667.000
2020-01-10,5511.670,5480.23,5516.090,5455.250,113819821.000
2020-01-13,5478.320,5559.63,5559.630,5447.730,118076181.000
2020-01-14,5576.630,5542.33,5583.720,5539.900,129811383.000
2020-01-15,5532.960,5530.03,5545.100,5492.650,112425020.000
2020-01-16,5539.420,5527.67,5559.020,5514.690,111897276.000
2020-01-17,5539.720,5510.05,5555.410,5499.470,104949329.000
2020-01-20,5523.010,5587.54,5587.540,5500.590,115403001.000
2020-01-21,5581.010,5523.94,5581.980,5515.190,124604808.000
2020-01-22,5502.590,5575.51,5597.990,5440.200,123474770.000
2020-01-23,5521.790,5377.74,5558.430,5326.930,145773071.000
2020-02-03,4896.890,4910.9,4960.750,4896.890,81777084.000
2020-02-04,4736.120,4996.47,5013.770,4736.120,189672279.000
2020-02-05,5035.410,5123.96,5178.440,5026.410,171095339.000
2020-02-06,5128.190,5282.89,5299.180,5100.480,185957456.000
2020-02-07,5287.270,5327.04,5329.360,5226.700,191147642.000
2020-02-10,5322.010,5388.44,5389.040,5301.410,176703282.000
2020-02-11,5390.530,5361.28,5396.960,5323.760,152508177.000
2020-02-12,5345.520,5459.95,5461.670,5340.490,151041473.000
2020-02-13,5456.660,5412.84,5482.790,5397.230,158202642.000
2020-02-14,5407.470,5420.8,5474.470,5375.930,145346496.000
2020-02-17,5454.460,5594.44,5594.440,5454.460,174636657.000
2020-02-18,5607.840,5660.81,5660.810,5577.900,185098701.000
2020-02-19,5654.180,5603.26,5678.820,5601.390,185642085.000
2020-02-20,5619.520,5706.71,5712.180,5580.070,192076026.000
2020-02-21,5704.840,5784.03,5822.400,5700.950,207236239.000
2020-02-24,5784.580,5865.47,5884.140,5754.680,218098962.000
2020-02-25,5745.620,5897.72,5912.270,5643.880,267366678.000
2020-02-26,5824.050,5743.39,5885.270,5724.500,266375080.000
2020-02-27,5770.220,5753.73,5829.040,5689.540,204694875.000
2020-02-28,5558.420,5451.29,5641.770,5438.850,224306709.000
2020-03-02,5516.440,5656.42,5683.240,5505.270,199511612.000
2020-03-03,5756.790,5710.02,5832.350,5658.120,226325494.000
2020-03-04,5670.500,5716.51,5719.180,5603.930,185133098.000
2020-03-05,5795.250,5801.12,5811.210,5732.170,217232221.000
2020-03-06,5737.100,5763.86,5802.630,5723.730,185297147.000
2020-03-09,5668.640,5525.82,5699.920,5525.820,218538089.000
2020-03-10,5459.170,5675.11,5675.880,5423.430,208402877.000
2020-03-11,5692.720,5589.53,5708.920,5589.530,187750912.000
2020-03-12,5507.320,5493.88,5549.350,5446.790,158753157.000
2020-03-13,5225.510,5457.2,5507.390,5224.730,195266659.000
2020-03-16,5496.890,5200.11,5496.890,5183.340,186849952.000
2020-03-17,5245.520,5212.06,5300.560,5052.650,159137878.000
2020-03-18,5257.940,5119.47,5333.120,5119.470,164286604.000
2020-03-19,5119.940,5157.82,5185.090,5020.440,154593702.000
2020-03-20,5217.490,5219.28,5225.030,5129.070,127513289.000
2020-03-23,5079.350,4998.91,5129.140,4981.670,138684745.000
2020-03-24,5089.150,5096.04,5118.040,4963.290,140787705.000
2020-03-25,5200.780,5217.42,5229.220,5160.390,146881070.000
2020-03-26,5180.470,5166.11,5227.470,5157.150,125652450.000
2020-03-27,5222.850,5137.34,5227.790,5134.490,117045073.000
2020-03-30,5073.700,5027.49,5074.620,4974.320,123981316.000
2020-03-31,5073.520,5041.45,5090.570,5030.570,111605612.000
2020-04-01,5029.580,5019.22,5108.170,5007.710,112154111.000
2020-04-02,4998.630,5147.2,5147.200,4998.110,113351078.000
2020-04-03,5143.520,5107.04,5161.570,5085.090,109478978.000
2020-04-07,5202.550,5267.07,5273.090,5197.580,145109452.000
2020-04-08,5243.160,5271.8,5291.420,5232.620,137786254.000
2020-04-09,5301.270,5322.46,5336.120,5289.380,125098462.000
2020-04-10,5321.790,5208.51,5321.790,5197.980,123816388.000
2020-04-13,5176.440,5169.18,5198.370,5140.850,98180993.000
2020-04-14,5197.170,5288.59,5288.590,5189.820,110188244.000
2020-04-15,5291.970,5268.75,5320.580,5264.010,122477400.000
2020-04-16,5245.920,5316.97,5328.120,5238.430,120742193.000
2020-04-17,5354.980,5318.45,5377.150,5309.580,136969833.000
2020-04-20,5329.870,5381.79,5381.790,5311.200,120642182.000
2020-04-21,5358.600,5343.88,5358.600,5287.660,130744426.000
2020-04-22,5304.730,5387.62,5388.210,5296.260,123597006.000
2020-04-23,5402.650,5357.79,5407.490,5354.940,144618302.000
2020-04-24,5350.540,5273.55,5354.760,5258.570,131383367.000
2020-04-27,5278.980,5265.72,5314.410,5249.310,117132427.000
2020-04-28,5268.130,5227.85,5273.260,5102.060,140824910.000
2020-04-29,5203.710,5226.81,5269.730,5201.470,105926849.000
2020-04-30,5261.050,5353.86,5368.890,5261.050,133036686.000
2020-05-06,5320.940,5451.32,5451.460,5318.440,141679050.000
2020-05-07,5454.250,5445.75,5473.770,5425.800,140146354.000
2020-05-08,5474.870,5507.7,5527.090,5467.650,136318622.000
2020-05-11,5529.110,5496.19,5547.940,5466.620,129851985.000
2020-05-12,5494.070,5512.46,5519.290,5441.700,115943677.000
2020-05-13,5495.900,5536.28,5546.550,5483.990,107895822.000
2020-05-14,5513.080,5487.11,5528.090,5485.020,119197701.000
2020-05-15,5510.150,5507.93,5543.930,5486.260,112651511.000
2020-05-18,5522.720,5478.82,5528.780,5454.960,133654664.000
2020-05-19,5515.030,5547.88,5548.220,5504.230,112008860.000
2020-05-20,5545.040,5489.7,5547.170,5473.790,123491264.000
2020-05-21,5508.200,5426.17,5511.230,5415.600,114559108.000
2020-05-22,5421.730,5328.23,5421.890,5307.300,106415711.000
2020-05-25,5323.970,5316.6,5344.280,5293.230,84385681.000
2020-05-26,5341.110,5420.21,5421.900,5341.080,90969008.000
2020-05-27,5426.560,5369.5,5426.560,5358.470,103960371.000
2020-05-28,5367.270,5361.17,5390.140,5290.290,102524251.000
2020-05-29,5349.570,5406.34,5416.660,5336.070,105003250.000
2020-06-01,5446.290,5569.48,5576.650,5446.290,141697582.000
2020-06-02,5595.360,5566.44,5596.440,5544.190,139029103.000
2020-06-03,5583.700,5572.31,5618.290,5567.070,138345519.000
2020-06-04,5589.340,5576.75,5597.260,5549.360,120778465.000
2020-06-05,5585.160,5585.42,5592.350,5542.870,112253897.000
2020-06-08,5618.380,5575.3,5627.190,5567.210,119446190.000
2020-06-09,5582.140,5610.38,5616.040,5560.140,114870929.000
2020-06-10,5611.660,5615.24,5616.610,5581.920,108368097.000
2020-06-11,5618.640,5589.1,5673.310,5567.540,127515454.000
2020-06-12,5483.780,5591.49,5620.210,5479.270,129545465.000
2020-06-15,5605.880,5590.64,5661.970,5590.640,145359776.000
2020-06-16,5633.260,5695.3,5695.300,5624.850,133951703.000
2020-06-17,5708.690,5735.42,5735.420,5685.620,146837518.000
2020-06-18,5738.030,5734.4,5744.450,5705.300,158154366.000
2020-06-19,5733.430,5787.15,5796.360,5727.620,141768098.000
2020-06-22,5793.790,5784.03,5815.390,5770.810,145392349.000
2020-06-23,5783.120,5804.34,5809.280,5755.400,125748127.000
2020-06-24,5808.540,5789.09,5824.310,5773.290,110241436.000
2020-06-29,5774.460,5762.44,5789.160,5740.260,117761151.000
2020-06-30,5790.060,5864.42,5875.330,5788.210,115350324.000
2020-07-01,5884.540,5881.89,5885.870,5814.760,142832982.000
2020-07-02,5880.880,5975.28,5979.990,5858.570,201181380.000
2020-07-03,5990.000,6051.51,6052.520,5968.070,226826818.000
2020-07-06,6095.960,6299.86,6318.310,6095.960,302376489.000
2020-07-07,6368.310,6380.03,6480.030,6300.240,325865425.000
2020-07-08,6378.950,6535.42,6541.440,6352.370,288847389.000
2020-07-09,6541.290,6693.75,6712.140,6530.020,317412271.000
2020-07-10,6664.330,6676.44,6763.810,6644.360,288736672.000
2020-07-13,6710.640,6899.52,6899.620,6710.640,297305595.000
2020-07-14,6897.000,6807.73,6897.000,6672.800,293868297.000
2020-07-15,6815.620,6638.84,6838.150,6598.520,256472830.000
2020-07-16,6642.330,6320.0,6711.000,6305.130,253315870.000
2020-07-17,6327.030,6344.59,6447.510,6272.940,196803909.000
2020-07-20,6419.080,6526.83,6526.830,6340.650,212413222.000
2020-07-21,6546.570,6563.32,6591.010,6500.870,193965949.000
2020-07-22,6554.170,6620.69,6699.690,6534.740,210101198.000
2020-07-23,6562.050,6620.09,6629.210,6431.260,207992462.000
2020-07-24,6584.810,6283.98,6609.290,6265.380,219017777.000
2020-07-27,6304.590,6298.74,6337.330,6229.470,145542481.000
2020-07-28,6345.680,6359.66,6385.390,6307.790,138838144.000
2020-07-29,6341.010,6530.27,6530.270,6324.050,159221684.000
2020-07-30,6548.700,6511.44,6564.780,6491.450,177615561.000
2020-07-31,6499.390,6579.67,6619.260,6463.420,179912941.000
2020-08-03,6635.340,6739.81,6739.810,6614.430,207266746.000
2020-08-04,6758.490,6697.71,6764.900,6672.890,209478936.000
2020-08-05,6696.690,6772.84,6790.010,6653.280,184843816.000
2020-08-06,6780.330,6770.3,6792.280,6656.280,205229842.000
2020-08-07,6743.290,6688.88,6755.530,6578.670,198128214.000
2020-08-10,6666.560,6725.3,6768.870,6651.740,175353227.000
2020-08-11,6727.770,6600.85,6756.850,6594.980,180845771.000
2020-08-12,6580.010,6528.4,6599.660,6395.010,177889045.000
2020-08-13,6552.370,6552.66,6592.120,6518.420,162060515.000
2020-08-14,6542.600,6623.56,6629.510,6506.030,156875988.000
2020-08-17,6646.540,6744.55,6752.320,6614.180,201407357.000
2020-08-18,6747.610,6789.4,6811.560,6737.530,189166175.000
2020-08-19,6782.590,6666.27,6782.590,6661.990,194309136.000
2020-08-20,6622.010,6593.79,6672.490,6570.690,157646258.000
2020-08-21,6628.900,6643.94,6686.020,6589.200,142963493.000
2020-08-24,6667.300,6688.96,6702.750,6589.930,143020354.000
2020-08-25,6698.120,6652.55,6734.440,6631.690,147098130.000
2020-08-26,6650.450,6525.88,6660.760,6501.240,153734771.000
2020-08-27,6538.140,6578.79,6585.720,6486.750,129836198.000
2020-08-28,6571.900,6691.21,6695.360,6553.920,141949593.000
2020-08-31,6719.290,6668.43,6765.890,6667.680,156024385.000
2020-09-01,6667.170,6710.46,6710.460,6637.630,125632490.000
2020-09-02,6725.690,6717.56,6742.550,6647.030,149562548.000
2020-09-03,6715.100,6662.25,6732.670,6638.450,142110335.000
2020-09-04,6545.890,6618.58,6631.030,6538.490,125358462.000
2020-09-07,6619.900,6478.81,6669.390,6459.100,155581748.000
2020-09-08,6493.770,6525.1,6543.000,6432.950,161230318.000
2020-09-09,6455.310,6349.22,6471.480,6319.270,216916351.000
2020-09-10,6404.660,6235.57,6414.960,6219.640,181049497.000
2020-09-11,6209.790,6311.97,6319.670,6209.790,124629194.000
2020-09-14,6350.360,6351.24,6381.180,6297.900,130502277.000
2020-09-15,6351.040,6387.88,6388.130,6328.540,115184154.000
2020-09-16,6379.520,6353.84,6387.770,6321.570,113379887.000
2020-09-17,6345.670,6367.02,6416.010,6291.630,118959681.000
2020-09-18,6367.790,6469.47,6473.600,6353.560,135226264.000
2020-09-21,6492.220,6445.96,6515.340,6434.320,126023721.000
2020-09-22,6392.030,6358.65,6462.980,6341.480,121305894.000
2020-09-23,6382.280,6392.03,6411.200,6356.160,95048833.000
2020-09-24,6353.690,6244.64,6354.680,6243.280,112801467.000
2020-09-25,6271.700,6236.89,6285.470,6206.180,87798788.000
2020-09-28,6255.020,6178.47,6261.930,6171.020,78962915.000
2020-09-29,6206.990,6228.77,6280.440,6179.880,81371164.000
2020-09-30,6245.120,6192.5,6260.120,6155.020,81484093.000
2020-10-09,6300.070,6357.97,6373.940,6290.470,100386231.000
2020-10-12,6408.080,6541.18,6541.310,6399.680,144824349.000
2020-10-13,6538.840,6551.4,6557.860,6486.310,111558450.000
2020-10-14,6547.840,6508.37,6547.840,6492.660,118629604.000
2020-10-15,6511.070,6460.04,6518.550,6456.770,107004252.000
2020-10-16,6456.740,6428.68,6473.630,6388.650,98732022.000
2020-10-19,6466.570,6358.32,6483.510,6346.260,103668363.000
2020-10-20,6349.640,6423.11,6423.160,6324.390,86189224.000
2020-10-21,6426.190,6350.01,6426.510,6323.440,87512255.000
2020-10-22,6331.800,6317.14,6334.540,6256.230,85724729.000
2020-10-23,6312.010,6213.26,6362.430,6202.530,80565090.000
2020-10-26,6195.350,6214.38,6239.720,6127.380,73392956.000
2020-10-27,6187.470,6221.34,6227.840,6168.970,75586516.000
2020-10-28,6221.740,6246.0,6254.720,6164.240,87130888.000
2020-10-29,6168.910,6255.19,6287.650,6159.140,92587483.000
2020-10-30,6272.930,6111.48,6274.620,6103.890,112122360.000
2020-11-02,6119.450,6143.12,6162.280,6095.800,111756379.000
2020-11-03,6175.160,6241.77,6245.560,6155.730,105440036.000
2020-11-04,6246.640,6234.16,6256.070,6181.100,92929745.000
2020-11-05,6294.610,6351.98,6358.440,6273.310,118843215.000
2020-11-06,6366.190,6301.25,6366.190,6254.090,118244211.000
2020-11-09,6337.440,6421.65,6452.910,6337.440,160027882.000
2020-11-10,6434.430,6373.09,6435.410,6339.290,141928932.000
2020-11-11,6356.370,6294.61,6375.240,6292.840,130728081.000
2020-11-12,6305.070,6315.49,6341.000,6285.290,104680687.000
2020-11-13,6304.460,6306.97,6319.410,6248.360,107116322.000
2020-11-16,6319.700,6387.37,6387.420,6294.290,133677330.000
2020-11-17,6380.770,6336.94,6380.770,6300.570,141274318.000
2020-11-18,6333.450,6341.01,6382.500,6314.310,133982462.000
2020-11-19,6328.080,6360.6,6370.180,6293.560,123804845.000
2020-11-20,6354.790,6422.99,6429.870,6351.310,130667645.000
2020-11-23,6435.920,6472.93,6516.240,6407.060,181925668.000
2020-11-24,6472.750,6475.19,6495.140,6454.670,154062965.000
2020-11-25,6489.260,6350.37,6489.720,6350.370,153813106.000
2020-11-26,6349.860,6334.3,6358.170,6284.970,123236936.000
2020-11-27,6337.380,6351.61,6351.810,6276.070,120885116.000
2020-11-30,6360.460,6320.94,6397.720,6309.440,163157682.000
2020-12-01,6307.850,6426.62,6437.940,6299.410,150957340.000
2020-12-02,6437.960,6434.98,6446.810,6392.990,149705105.000
2020-12-03,6437.380,6440.88,6461.090,6392.900,152214933.000
2020-12-04,6426.030,6464.73,6471.860,6409.680,128855169.000
2020-12-07,6465.990,6424.68,6472.850,6417.650,121078282.000
2020-12-08,6424.160,6423.65,6448.390,6406.720,105494992.000
2020-12-09,6430.480,6307.22,6437.430,6307.220,121516213.000
2020-12-10,6295.350,6320.1,6350.920,6267.170,110577142.000
2020-12-11,6328.830,6209.43,6340.390,6163.410,132641606.000
2020-12-14,6207.830,6259.02,6260.610,6176.540,106877149.000
2020-12-15,6250.100,6265.58,6276.580,6228.680,97980994.000
2020-12-16,6268.210,6235.44,6271.030,6219.090,99283950.000
2020-12-17,6225.080,6308.9,6312.010,6184.540,127702744.000
2020-12-18,6310.160,6291.92,6332.530,6269.210,128622288.000
2020-12-21,6302.260,6398.6,6401.550,6293.920,136347822.000
2020-12-22,6372.880,6250.06,6378.500,6241.560,151310618.000
2020-12-23,6255.350,6307.6,6330.600,6242.620,144044323.000
2020-12-24,6308.480,6205.22,6308.480,6202.400,131221653.000
2020-12-25,6190.990,6278.5,6284.590,6186.030,134478267.000
2020-12-28,6283.780,6244.48,6288.240,6219.090,148960214.000
2020-12-29,6240.740,6199.85,6280.040,6196.410,154476032.000
2020-12-30,6196.450,6269.25,6289.270,6188.590,138041673.000
2020-12-31,6282.960,6367.11,6370.570,6281.010,160194086.000
2021-01-04,6395.610,6482.79,6501.590,6359.080,186621209.000
2021-01-05,6470.250,6539.73,6539.730,6452.520,196726292.000
2021-01-06,6549.730,6528.14,6569.200,6472.740,178521086.000
2021-01-07,6523.680,6538.12,6567.270,6467.440,197135641.000
2021-01-08,6541.560,6557.6,6598.380,6484.400,180837429.000
2021-01-11,6557.450,6455.4,6572.850,6419.730,183257271.000
2021-01-12,6425.810,6543.23,6543.230,6425.810,162311237.000
2021-01-13,6550.030,6496.91,6553.650,6457.880,184913420.000
2021-01-14,6471.790,6439.89,6516.270,6402.600,163023816.000
2021-01-15,6427.130,6417.5,6447.880,6339.430,138243199.000
2021-01-18,6414.830,6514.46,6529.410,6392.070,136832807.000
2021-01-19,6510.480,6476.37,6532.650,6456.120,147616716.000
2021-01-20,6477.670,6535.42,6535.480,6449.280,128525432.000
2021-01-21,6552.030,6622.5,6649.860,6550.880,156809587.000
2021-01-22,6619.860,6637.81,6643.670,6573.820,158062310.000
2021-01-25,6636.220,6645.31,6711.570,6599.970,165623103.000
2021-01-26,6621.150,6532.96,6624.450,6515.260,143371311.000
2021-01-27,6527.680,6557.16,6564.290,6481.160,139760049.000
2021-01-28,6475.860,6414.38,6529.840,6405.810,144825406.000
2021-01-29,6448.670,6346.14,6462.370,6255.700,146041581.000
2021-02-01,6338.640,6393.28,6397.010,6328.340,137325183.000
2021-02-02,6404.850,6454.79,6459.480,6361.090,132394313.000
2021-02-03,6459.660,6399.33,6484.490,6399.330,145457155.000
2021-02-04,6375.670,6328.79,6414.300,6249.530,148861330.000
2021-02-05,6343.830,6239.87,6382.960,6236.270,135132879.000
2021-02-08,6247.920,6323.16,6354.020,6215.730,116134004.000
2021-02-09,6334.420,6457.88,6468.430,6330.790,119319110.000
2021-02-10,6474.750,6525.17,6542.750,6424.720,119042659.000
2021-02-18,6657.310,6614.54,6678.610,6564.310,166892392.000
2021-02-19,6600.250,6703.48,6706.390,6542.780,178767817.000
2021-02-22,6731.510,6657.06,6810.920,6657.060,237065585.000
2021-02-23,6613.600,6631.23,6701.430,6609.080,192656866.000
2021-02-24,6633.280,6536.19,6661.430,6477.750,173718832.000
2021-02-25,6600.210,6499.15,6609.560,6484.550,162068182.000
2021-02-26,6365.740,6364.35,6446.950,6346.130,150760206.000
2021-03-01,6407.160,6488.44,6491.940,6404.890,158608437.000
2021-03-02,6514.020,6433.33,6514.020,6386.490,165877069.000
2021-03-03,6426.040,6524.75,6528.220,6420.210,171017524.000
2021-03-04,6482.790,6401.99,6485.160,6371.730,194334616.000
2021-03-05,6325.750,6403.5,6442.020,6319.530,166504885.000
2021-03-08,6453.780,6256.41,6488.820,6253.700,168546339.000
2021-03-09,6235.310,6108.0,6250.940,6033.410,196432686.000
2021-03-10,6164.770,6062.26,6179.850,6053.020,142554279.000
2021-03-11,6074.330,6213.83,6213.930,6045.550,160814643.000
2021-03-12,6231.480,6222.38,6232.500,6137.990,175746178.000
2021-03-15,6192.300,6173.87,6229.570,6111.360,170799691.000
2021-03-16,6176.070,6195.24,6222.180,6124.780,152845992.000
2021-03-17,6180.890,6225.36,6230.560,6124.050,134840396.000
2021-03-18,6231.190,6273.86,6300.940,6227.190,140725665.000
2021-03-19,6195.250,6206.6,6258.130,6167.510,143238275.000
2021-03-22,6208.930,6305.69,6307.550,6206.080,143041445.000
2021-03-23,6307.980,6219.17,6307.980,6181.130,150964052.000
2021-03-24,6180.310,6142.54,6232.130,6131.820,147673111.000
2021-03-25,6118.870,6157.41,6190.940,6108.260,129307093.000
2021-03-26,6164.820,6251.79,6264.560,6164.820,128887610.000
2021-03-29,6270.000,6254.94,6277.760,6215.800,139633894.000
2021-03-30,6239.470,6280.36,6287.870,6217.330,134409584.000
2021-03-31,6277.700,6254.07,6277.700,6205.940,125128492.000
2021-04-01,6259.410,6311.66,6321.580,6238.310,130374818.000
2021-04-02,6316.560,6326.61,6341.650,6291.710,123938871.000
2021-04-06,6345.890,6343.1,6367.780,6323.240,111489158.000
2021-04-07,6350.380,6348.08,6350.380,6289.070,150016775.000
2021-04-08,6332.930,6356.75,6385.200,6309.120,173741278.000
2021-04-09,6345.290,6335.24,6360.450,6307.660,141306900.000
2021-04-12,6325.260,6226.42,6344.160,6203.570,155441439.000
2021-04-13,6210.220,6209.78,6254.900,6193.810,130387709.000
2021-04-14,6206.640,6277.21,6287.840,6206.640,117438217.000
2021-04-15,6263.630,6276.46,6281.430,6211.660,119776176.000
2021-04-16,6283.860,6339.59,6344.950,6276.430,126764653.000
2021-04-19,6331.710,6425.26,6431.780,6315.080,142200930.000
2021-04-20,6419.730,6428.54,6467.380,6410.280,134674523.000
2021-04-21,6396.270,6420.26,6434.630,6369.770,121051733.000
2021-04-22,6444.280,6445.47,6472.800,6424.750,124923877.000
2021-04-23,6445.520,6462.76,6463.970,6412.990,126117306.000
2021-04-26,6480.300,6442.65,6546.640,6437.190,144964139.000
2021-04-27,6434.610,6446.28,6466.250,6399.440,125894712.000
2021-04-28,6433.100,6489.74,6489.740,6410.320,117234943.000
2021-04-29,6495.650,6491.93,6502.430,6453.520,128305439.000
2021-04-30,6470.350,6485.71,6503.150,6434.730,144254239.000
2021-05-06,6503.600,6489.35,6548.070,6440.330,154141981.000
2021-05-07,6505.580,6444.44,6524.180,6439.890,177518749.000
2021-05-10,6461.420,6475.99,6493.500,6437.110,189080134.000
2021-05-11,6436.290,6456.04,6472.870,6349.790,187263611.000
2021-05-12,6434.910,6512.05,6521.490,6419.740,156490930.000
2021-05-13,6448.960,6439.03,6497.000,6426.580,159658646.000
2021-05-14,6454.680,6525.8,6525.800,6421.210,166243407.000
2021-05-17,6521.890,6578.14,6613.890,6521.890,159363758.000
2021-05-18,6578.970,6599.6,6604.690,6558.780,132505491.000
2021-05-19,6582.100,6584.39,6590.980,6544.840,135181255.000
2021-05-20,6541.090,6548.71,6580.440,6506.410,162329923.000
2021-05-21,6557.490,6527.86,6570.460,6512.810,134350695.000
2021-05-24,6515.830,6544.12,6564.070,6494.620,137226612.000
2021-05-25,6549.340,6619.67,6628.690,6524.300,144692036.000
2021-05-26,6631.370,6628.21,6642.380,6612.420,156237003.000
2021-05-27,6629.240,6685.41,6685.480,6620.720,145166676.000
2021-05-28,6699.280,6668.17,6718.090,6643.640,157318385.000
2021-05-31,6681.550,6728.99,6729.070,6667.260,146929493.000
2021-06-01,6718.640,6739.76,6742.980,6656.660,161091957.000
2021-06-02,6740.500,6681.43,6748.150,6662.750,157365320.000
2021-06-03,6680.100,6667.73,6744.520,6654.460,154885691.000
2021-06-04,6642.060,6693.06,6725.690,6628.010,137866404.000
2021-06-07,6705.740,6721.5,6729.850,6689.700,140560896.000
2021-06-08,6726.090,6684.56,6752.630,6652.390,138684947.000
2021-06-09,6677.140,6692.9,6712.250,6656.050,136511034.000
2021-06-10,6688.820,6765.64,6773.460,6683.490,154280964.000
2021-06-11,6773.640,6725.92,6775.860,6717.270,169569607.000
2021-06-15,6734.100,6663.66,6736.540,6649.200,152209250.000
2021-06-16,6659.490,6566.29,6662.780,6554.890,136807877.000
2021-06-17,6554.300,6616.17,6618.500,6554.300,124492562.000
2021-06-18,6610.270,6657.76,6671.880,6587.030,138022581.000
2021-06-21,6652.650,6707.18,6722.980,6638.520,143031172.000
2021-06-22,6723.300,6739.79,6748.970,6691.820,146543497.000
2021-06-23,6741.580,6789.95,6803.970,6720.580,155309609.000
2021-06-24,6791.860,6754.87,6791.860,6743.330,145046522.000
2021-06-25,6748.870,6813.41,6824.860,6739.020,151485659.000
2021-06-28,6814.320,6828.52,6843.520,6802.860,145504050.000
2021-06-29,6833.060,6765.42,6835.050,6756.920,136625722.000
2021-06-30,6767.740,6808.18,6812.380,6757.340,125406161.000
2021-07-01,6827.700,6716.67,6827.700,6716.670,138350811.000
2021-07-02,6701.060,6658.05,6718.510,6651.480,136472287.000
2021-07-05,6670.130,6711.01,6716.150,6663.540,134734721.000
2021-07-06,6727.970,6709.5,6747.850,6633.610,145017954.000
2021-07-07,6661.850,6764.13,6765.430,6642.570,147646952.000
2021-07-08,6774.840,6748.65,6797.080,6740.850,159564543.000
2021-07-09,6721.610,6804.54,6814.650,6683.790,166107004.000
2021-07-12,6852.480,6904.38,6926.760,6840.020,193561044.000
2021-07-13,6901.810,6961.85,6961.970,6889.030,179620843.000
2021-07-14,6953.820,6898.75,6973.610,6898.750,171735448.000
2021-07-15,6874.800,6932.41,6936.580,6828.480,173221108.000
2021-07-16,6931.050,6925.12,6992.830,6922.350,184907858.000
2021-07-19,6912.100,6889.34,6931.140,6856.650,169734818.000
2021-07-20,6831.050,6901.13,6901.130,6825.820,140140630.000
2021-07-21,6923.610,6984.54,6998.280,6922.920,163009271.000
2021-07-22,6996.260,7026.55,7026.730,6960.300,190233316.000
2021-07-23,7036.300,6985.75,7061.670,6968.310,225079074.000
2021-07-26,6974.110,6868.21,6986.500,6778.500,208197239.000
2021-07-27,6877.440,6719.26,6925.970,6719.260,228614339.000
2021-07-28,6650.150,6621.98,6709.230,6534.920,197267166.000
2021-07-29,6720.620,6758.89,6773.570,6682.120,171017885.000
2021-07-30,6739.750,6767.32,6775.010,6702.510,189711734.000
2021-08-02,6756.810,6872.0,6875.420,6731.780,206205173.000
2021-08-03,6844.370,6816.01,6879.590,6792.710,194189432.000
2021-08-04,6814.080,6931.34,6931.780,6813.230,174064347.000
2021-08-05,6920.940,6911.83,6946.340,6880.690,179371885.000
2021-08-06,6929.020,6938.87,6947.540,6885.650,172356912.000
2021-08-09,6914.320,6979.53,6989.710,6877.200,173833371.000
2021-08-10,6970.830,7019.23,7019.690,6958.810,173087962.000
2021-08-11,7024.770,7073.52,7076.370,6999.930,188357906.000
2021-08-12,7059.470,7095.2,7115.890,7051.010,194079125.000
2021-08-13,7070.470,7088.89,7124.920,7050.310,192190604.000
2021-08-16,7087.580,7052.49,7102.400,7039.100,188178886.000
2021-08-17,7045.750,6894.4,7063.020,6876.500,201936372.000
2021-08-18,6883.270,6941.01,6950.880,6865.070,175367331.000
2021-08-19,6917.510,6947.06,6978.980,6869.290,171813589.000
2021-08-20,6915.020,6920.02,6952.520,6843.000,175627139.000
2021-08-23,6949.330,7024.56,7031.880,6949.330,189456608.000
2021-08-24,7031.650,7090.78,7098.030,7009.690,202726895.000
2021-08-25,7092.150,7153.0,7153.270,7058.570,198126890.000
2021-08-26,7151.530,7118.84,7175.510,7115.840,230176196.000
2021-08-27,7096.650,7180.11,7185.730,7083.210,223830463.000
2021-08-30,7202.630,7226.88,7262.600,7190.610,250649148.000
2021-08-31,7202.520,7255.34,7255.340,7159.300,245108342.000
2021-09-01,7271.030,7193.1,7278.160,7100.310,295520140.000
2021-09-02,7172.400,7307.01,7309.330,7172.400,253411698.000
2021-09-03,7335.700,7278.68,7385.240,7227.030,288801240.000
2021-09-06,7297.360,7355.4,7359.540,7231.730,255875153.000
2021-09-07,7360.380,7498.93,7501.130,7350.700,260727541.000
2021-09-08,7496.330,7544.04,7549.450,7483.870,272847808.000
2021-09-09,7534.980,7617.45,7617.660,7526.970,287204068.000
2021-09-10,7613.600,7607.67,7661.430,7564.260,293468642.000
2021-09-13,7613.540,7648.75,7650.880,7566.780,263618610.000
2021-09-14,7630.720,7556.62,7688.600,7544.020,271501512.000
2021-09-15,7535.250,7592.31,7627.670,7521.880,233398416.000
2021-09-16,7616.880,7446.94,7657.230,7445.230,267649779.000
2021-09-17,7421.810,7395.56,7471.420,7275.980,233604226.000
2021-09-22,7305.080,7453.62,7453.930,7298.030,196794534.000
2021-09-23,7512.330,7502.84,7543.660,7467.200,241158694.000
2021-09-24,7490.560,7380.38,7490.560,7373.290,231715582.000
2021-09-27,7400.000,7170.59,7410.470,7128.510,239542407.000
2021-09-28,7158.620,7198.9,7227.460,7155.270,202800567.000
2021-09-29,7142.760,7010.22,7161.210,6996.570,210570702.000
2021-09-30,7034.690,7103.61,7116.040,7034.690,202482612.000
2021-10-08,7191.230,7091.34,7198.960,7058.830,205467705.000
2021-10-11,7102.880,7090.47,7123.750,7048.870,195420839.000
2021-10-12,7069.350,6952.19,7079.710,6891.840,201666723.000
2021-10-13,6957.730,6981.59,6991.240,6887.340,162604655.000
2021-10-14,6970.650,7008.33,7033.400,6949.480,154764668.000
2021-10-15,6996.120,7024.16,7034.030,6975.240,174108339.000
2021-10-18,7027.140,7068.1,7071.870,6983.720,175627014.000
2021-10-19,7060.770,7120.38,7127.240,7051.780,168135764.000
2021-10-20,7081.990,7118.8,7154.910,7067.130,170511341.000
2021-10-21,7127.640,7098.25,7145.580,7069.450,167971967.000
2021-10-22,7089.130,7026.07,7110.660,7020.870,171615151.000
2021-10-25,7019.020,7103.99,7105.980,7003.780,159004603.000
2021-10-26,7120.070,7102.43,7155.630,7085.070,175032205.000
2021-10-27,7093.120,7048.6,7097.860,7017.860,179020887.000
2021-10-28,7026.290,6950.28,7043.420,6930.540,188075338.000
2021-10-29,6955.850,7022.5,7022.750,6920.310,170779533.000
2021-11-01,7005.070,7060.76,7087.290,6993.270,184142991.000
2021-11-02,7061.000,6985.1,7093.610,6921.850,196114728.000
2021-11-03,6975.060,7017.85,7034.090,6962.870,150814648.000
2021-11-04,7031.950,7073.85,7073.850,7018.610,152652049.000
2021-11-05,7071.080,6991.91,7073.850,6991.150,177241392.000
2021-11-08,6986.500,7026.97,7034.140,6984.810,146360857.000
2021-11-09,7037.570,7081.75,7087.020,7028.310,141696847.000
2021-11-10,7061.640,7062.33,7072.150,6965.860,162138354.000
2021-11-11,7048.860,7119.86,7121.920,7033.090,165400693.000
2021-11-12,7118.990,7156.61,7165.110,7112.580,168513423.000
2021-11-15,7166.040,7098.21,7176.770,7083.780,161148202.000
2021-11-16,7083.920,7045.94,7121.740,7040.510,162370316.000
2021-11-17,7043.630,7104.53,7106.050,7033.950,140347107.000
2021-11-18,7108.780,7084.68,7130.290,7066.490,162714860.000
2021-11-19,7083.010,7169.88,7174.250,7073.720,178185854.000
2021-11-22,7177.400,7255.07,7259.530,7177.400,180522480.000
2021-11-23,7245.950,7261.38,7292.920,7239.000,189595033.000
2021-11-24,7260.220,7256.11,7278.400,7229.600,177674072.000
2021-11-25,7262.790,7233.54,7262.790,7228.290,164068098.000
2021-11-26,7216.640,7219.86,7249.200,7201.200,159423137.000
2021-11-29,7129.940,7221.9,7226.340,7125.430,166941406.000
2021-11-30,7252.330,7252.76,7281.130,7210.840,186336163.000
2021-12-01,7239.130,7272.84,7272.940,7215.670,171806295.000
2021-12-02,7256.420,7229.99,7279.950,7221.360,176555544.000
2021-12-03,7233.570,7301.92,7310.270,7223.800,186222738.000
2021-12-06,7308.990,7240.46,7330.470,7235.450,213069952.000
2021-12-07,7274.130,7206.83,7284.640,7148.070,192243854.000
2021-12-08,7225.000,7302.99,7302.990,7214.260,169280453.000
2021-12-09,7298.800,7320.32,7331.580,7290.270,196087168.000
2021-12-10,7285.970,7306.65,7317.270,7276.610,187230695.000
2021-12-13,7334.110,7353.03,7371.310,7322.440,185363061.000
2021-12-14,7330.240,7324.13,7349.880,7314.430,159583753.000
2021-12-15,7319.660,7314.26,7352.380,7302.380,159923923.000
2021-12-16,7323.410,7381.0,7381.000,7323.410,177690340.000
2021-12-17,7380.720,7314.56,7384.020,7308.720,196265336.000
2021-12-20,7290.950,7195.97,7313.480,7191.050,181727853.000
2021-12-21,7190.970,7275.47,7285.720,7190.970,176216746.000
2021-12-22,7289.910,7302.46,7318.610,7271.820,174117190.000
2021-12-23,7306.160,7337.19,7350.000,7290.380,169131760.000
2021-12-24,7336.000,7278.76,7339.940,7257.530,169418702.000
2021-12-27,7269.370,7272.75,7323.880,7255.720,148618789.000
2021-12-28,7281.000,7286.03,7290.540,7240.930,143262040.000
2021-12-29,7275.670,7247.77,7290.860,7242.300,136209552.000
2021-12-30,7246.030,7310.96,7324.500,7244.220,141651111.000
2021-12-31,7320.940,7359.4,7368.130,7317.700,149909003.000
2022-01-04,7387.810,7354.46,7392.100,7317.500,200810018.000
2022-01-05,7343.900,7222.67,7346.260,7200.730,194002404.000
2022-01-06,7187.950,7229.96,7242.770,7167.810,173335765.000
2022-01-07,7232.410,7175.68,7262.810,7168.040,200018011.000
2022-01-10,7161.440,7191.45,7193.920,7122.090,165748878.000
2022-01-11,7187.020,7135.22,7206.920,7118.840,169494565.000
2022-01-12,7160.180,7196.93,7196.930,7148.630,156051483.000
2022-01-13,7203.240,7097.76,7203.240,7096.330,169148968.000
2022-01-14,7063.420,7081.14,7125.090,7052.630,175591198.000
2022-01-17,7080.620,7157.86,7169.340,7078.660,161779719.000
2022-01-18,7163.130,7163.16,7191.000,7133.200,179235391.000
2022-01-19,7144.480,7118.76,7182.060,7078.360,163178368.000
2022-01-20,7119.510,7056.79,7135.780,7040.010,168666282.000
2022-01-21,7037.940,6976.62,7040.430,6965.330,144679789.000
2022-01-24,6942.920,6979.25,7006.700,6925.770,122679564.000
2022-01-25,6960.000,6743.96,6979.480,6743.960,150337244.000
2022-01-26,6762.350,6782.58,6799.810,6721.900,120615310.000
2022-01-27,6781.610,6605.92,6785.730,6605.920,125243756.000
2022-01-28,6690.180,6580.53,6690.180,6510.180,127088819.000
2022-02-07,6664.570,6676.61,6702.330,6656.130,145092619.000
2022-02-08,6678.990,6742.19,6742.400,6599.370,159598575.000
2022-02-09,6736.750,6843.03,6848.690,6725.800,162822721.000
2022-02-10,6841.160,6840.49,6864.690,6797.010,154916565.000
2022-02-11,6811.780,6745.02,6840.720,6735.890,159801354.000
2022-02-14,6711.590,6695.7,6765.520,6667.490,137082459.000
2022-02-15,6700.820,6760.28,6762.860,6686.950,112805760.000
2022-02-16,6779.210,6772.03,6788.360,6751.800,108414003.000
2022-02-17,6764.330,6768.79,6797.620,6730.180,122985089.000
2022-02-18,6734.520,6835.02,6835.200,6727.820,139952638.000
2022-02-21,6843.080,6867.11,6871.990,6822.880,145146313.000
2022-02-22,6827.050,6784.76,6827.050,6743.850,148609915.000
2022-02-23,6785.100,6887.42,6889.700,6785.100,144116620.000
2022-02-24,6861.410,6764.88,6898.410,6688.750,210849755.000
2022-02-25,6805.640,6819.43,6895.040,6801.330,156429139.000
2022-02-28,6831.490,6853.31,6853.340,6770.050,139601388.000
2022-03-01,6868.620,6874.04,6889.330,6837.250,137717218.000
2022-03-02,6853.070,6875.24,6878.350,6828.060,137114978.000
2022-03-03,6900.980,6859.55,6907.410,6843.990,189091781.000
2022-03-04,6823.830,6803.83,6871.090,6779.410,177411882.000
2022-03-07,6800.770,6659.39,6800.820,6628.480,166484594.000
2022-03-08,6650.580,6429.89,6665.950,6416.800,186296079.000
2022-03-09,6443.200,6305.61,6462.480,6066.760,197802740.000
2022-03-10,6424.910,6414.94,6475.140,6390.730,153152355.000
2022-03-11,6343.190,6474.13,6479.720,6270.020,152114503.000
2022-03-14,6419.240,6323.58,6490.610,6323.580,137954005.000
2022-03-15,6272.440,5964.98,6278.070,5964.980,194713745.000
2022-03-16,6068.900,6156.27,6173.790,5824.330,178826847.000
2022-03-17,6233.640,6267.52,6369.890,6225.980,170438541.000
2022-03-18,6249.480,6332.22,6338.220,6231.730,152620214.000
2022-03-21,6340.560,6358.94,6389.210,6284.850,159653723.000
2022-03-22,6343.400,6358.11,6404.830,6313.270,151107874.000
2022-03-23,6368.310,6398.1,6420.160,6353.340,143179358.000
2022-03-24,6370.970,6344.12,6384.400,6315.140,137749086.000
2022-03-25,6346.710,6268.24,6373.470,6268.240,134972256.000
2022-03-28,6230.120,6283.28,6322.130,6176.250,144857887.000
2022-03-29,6289.480,6253.07,6316.310,6233.280,141362124.000
2022-03-30,6272.000,6377.87,6377.870,6261.800,164014575.000
2022-03-31,6361.100,6324.96,6383.070,6313.970,176903948.000
2022-04-01,6289.390,6364.52,6373.260,6274.000,175128596.000
2022-04-06,6363.000,6356.93,6363.000,6279.070,196853584.000
2022-04-07,6321.810,6221.59,6364.630,6221.590,190762192.000
2022-04-08,6227.200,6224.12,6237.910,6117.010,183954892.000
2022-04-11,6202.020,6029.89,6202.020,6001.570,178384812.000
2022-04-12,6019.670,6126.91,6135.570,5964.390,173180188.000
2022-04-13,6094.680,6044.33,6129.660,6039.920,167043060.000
2022-04-14,6074.130,6126.49,6156.500,6060.680,159033106.000
2022-04-15,6094.120,6070.75,6122.290,6048.160,184627000.000
2022-04-18,6019.530,6074.01,6094.670,5975.450,149186380.000
2022-04-19,6067.480,6092.4,6106.930,6052.100,141997534.000
2022-04-20,6082.810,5956.92,6093.780,5942.000,151055603.000
2022-04-21,5933.790,5759.8,5971.190,5742.420,157854505.000
2022-04-22,5728.190,5740.98,5794.340,5667.340,139997598.000
2022-04-25,5656.390,5369.72,5656.390,5369.720,186753480.000
2022-04-26,5374.250,5234.01,5434.700,5225.210,171299433.000
2022-04-27,5179.030,5437.04,5440.070,5158.480,179693384.000
2022-04-28,5398.900,5418.76,5472.820,5339.610,155039773.000
2022-04-29,5458.910,5627.9,5630.930,5443.670,181289512.000
2022-05-05,5612.500,5686.7,5728.620,5606.940,168643208.000
2022-05-06,5560.980,5563.77,5629.650,5542.180,152993341.000
2022-05-09,5552.480,5608.52,5626.590,5537.980,131553929.000
2022-05-10,5532.600,5690.09,5698.510,5519.470,165329613.000
2022-05-11,5697.430,5737.82,5856.190,5696.700,185163627.000
2022-05-12,5707.560,5743.1,5779.320,5687.180,139216169.000
2022-05-13,5765.320,5796.8,5796.800,5731.860,136559775.000
2022-05-16,5840.240,5791.08,5855.720,5767.540,151387275.000
2022-05-17,5789.920,5816.34,5816.340,5724.440,130829391.000
2022-05-18,5815.610,5797.49,5846.840,5785.450,127243845.000
2022-05-19,5708.800,5838.41,5838.410,5700.110,136623740.000
2022-05-20,5854.010,5929.49,5929.540,5849.760,165727329.000
2022-05-23,5941.140,5965.73,5968.850,5908.660,153876017.000
2022-05-24,5962.150,5745.68,5967.230,5745.680,177540834.000
2022-05-25,5741.230,5844.25,5844.280,5736.140,143590635.000
2022-05-26,5848.030,5911.56,5928.710,5780.970,162350362.000
2022-05-27,5921.330,5899.92,5952.620,5854.610,143406862.000
2022-05-30,5918.240,5942.83,5943.000,5867.190,133852647.000
2022-05-31,5940.370,6026.24,6033.470,5902.280,155944918.000
2022-06-01,6008.750,6023.64,6042.370,5970.490,155365773.000
2022-06-02,6000.620,6078.43,6084.320,5987.640,159571675.000
2022-06-06,6079.890,6187.44,6194.430,6070.710,182679963.000
2022-06-07,6186.580,6186.57,6199.720,6136.040,177311718.000
2022-06-08,6184.960,6217.83,6227.330,6110.060,186428864.000
2022-06-09,6207.730,6130.69,6209.110,6088.460,172129775.000
2022-06-10,6083.500,6240.1,6250.360,6078.780,192541340.000
2022-06-13,6188.770,6233.62,6250.680,6172.910,188132397.000
2022-06-14,6161.620,6275.57,6278.970,6061.190,197403165.000
2022-06-15,6275.370,6261.06,6398.360,6261.040,238140765.000
2022-06-16,6262.290,6264.82,6330.350,6242.330,194615083.000
2022-06-17,6220.580,6316.31,6328.360,6181.850,167859129.000
2022-06-20,6323.410,6330.39,6359.000,6277.220,175207146.000
2022-06-21,6324.840,6277.0,6337.080,6215.290,164461630.000
2022-06-22,6281.870,6179.57,6285.650,6176.850,154094318.000
2022-06-23,6186.990,6300.47,6300.470,6142.940,168266044.000
2022-06-24,6306.830,6368.28,6378.500,6304.080,157712704.000
2022-06-27,6398.360,6407.74,6449.340,6390.280,168918191.000
2022-06-28,6412.440,6501.35,6506.670,6392.110,170582711.000
2022-06-29,6479.170,6374.3,6501.390,6370.020,190728308.000
2022-06-30,6385.210,6454.08,6493.090,6385.210,163846775.000
2022-07-01,6450.750,6438.54,6481.150,6423.860,144204643.000
2022-07-04,6445.070,6523.13,6524.300,6405.380,157819969.000
2022-07-05,6535.450,6511.53,6548.300,6435.740,186625469.000
2022-07-06,6489.020,6418.55,6496.970,6359.470,177104502.000
2022-07-07,6414.410,6452.99,6482.420,6380.170,157351123.000
2022-07-08,6478.290,6404.44,6490.150,6404.160,150986698.000
2022-07-11,6387.450,6319.14,6387.450,6274.740,151993666.000
2022-07-12,6317.880,6241.48,6346.510,6238.560,144513092.000
2022-07-13,6238.680,6268.49,6287.640,6207.720,142710723.000
2022-07-14,6267.470,6302.43,6339.420,6254.680,140354050.000
2022-07-15,6279.680,6196.8,6323.530,6196.800,158386828.000
2022-07-18,6216.100,6312.36,6315.660,6200.520,159144624.000
2022-07-19,6318.840,6335.71,6347.240,6283.400,146384780.000
2022-07-20,6353.000,6410.71,6416.870,6351.820,142932573.000
2022-07-21,6400.070,6347.6,6408.460,6347.600,148210184.000
2022-07-22,6353.920,6289.53,6371.320,6236.340,130620669.000
2022-07-25,6297.100,6231.24,6319.180,6213.470,129458029.000
2022-07-26,6239.210,6307.96,6319.250,6213.840,117276541.000
2022-07-27,6301.610,6332.23,6344.210,6286.350,120435127.000
2022-07-28,6361.270,6348.17,6393.730,6339.550,138473429.000
2022-07-29,6356.520,6294.11,6365.260,6285.720,137925792.000
2022-08-01,6293.380,6347.22,6350.040,6253.060,128679012.000
2022-08-02,6288.610,6170.0,6288.610,6095.060,182902539.000
2022-08-03,6171.620,6124.31,6261.910,6111.220,147213409.000
2022-08-04,6160.490,6158.73,6177.620,6080.100,113646381.000
2022-08-05,6175.480,6270.51,6274.270,6163.510,124284448.000
2022-08-08,6266.570,6323.07,6324.340,6249.620,116132934.000
2022-08-09,6314.100,6341.48,6344.840,6290.870,116966653.000
2022-08-10,6331.410,6322.06,6362.290,6298.860,118899928.000
2022-08-11,6349.500,6439.36,6439.360,6341.720,142038284.000
2022-08-12,6425.110,6420.85,6463.070,6416.290,140399917.000
2022-08-15,6405.720,6442.81,6462.540,6394.220,133627482.000
2022-08-16,6446.760,6465.19,6492.540,6440.380,135841495.000
2022-08-17,6473.250,6493.5,6501.360,6428.970,146220319.000
2022-08-18,6481.370,6468.81,6483.690,6448.750,130451759.000
2022-08-19,6468.820,6391.72,6477.310,6390.930,142590851.000
2022-08-22,6381.340,6472.68,6472.790,6363.220,133735500.000
2022-08-23,6460.170,6466.4,6475.820,6436.080,133676377.000
2022-08-24,6470.690,6284.58,6472.680,6277.990,158103872.000
2022-08-25,6303.140,6322.7,6327.090,6225.680,141946367.000
2022-08-26,6331.080,6298.37,6381.480,6286.520,130405837.000
2022-08-29,6213.400,6310.4,6310.990,6205.130,125268849.000
2022-08-30,6309.580,6285.93,6319.170,6248.140,132109200.000
2022-08-31,6265.590,6155.75,6280.190,6132.230,147275408.000
2022-09-01,6153.290,6126.77,6207.240,6118.580,118575054.000
2022-09-02,6135.300,6149.43,6176.170,6117.730,106564384.000
2022-09-05,6147.710,6182.65,6184.800,6122.620,117479244.000
2022-09-06,6198.490,6291.57,6292.530,6187.950,129846040.000
2022-09-07,6269.990,6301.56,6314.120,6256.610,120160292.000
2022-09-08,6299.910,6272.58,6309.900,6266.520,116164269.000
2022-09-09,6275.900,6316.97,6321.820,6254.260,121389228.000
2022-09-13,6334.860,6300.42,6343.770,6291.440,118106314.000
2022-09-14,6214.910,6249.96,6273.630,6206.920,109121160.000
2022-09-15,6280.450,6107.8,6282.690,6053.800,141643500.000
2022-09-16,6091.420,5954.5,6102.540,5954.500,137172115.000
2022-09-19,5947.860,5913.15,5967.650,5880.490,104025412.000
2022-09-20,5949.340,5958.29,6002.790,5940.580,88813000.000
2022-09-21,5943.090,5978.58,5998.700,5876.520,103463644.000
2022-09-22,5938.100,5965.89,6015.120,5931.730,99867602.000
2022-09-23,5961.060,5889.6,5986.820,5839.930,100609437.000
2022-09-26,5841.580,5806.32,5922.320,5798.280,103244360.000
2022-09-27,5823.550,5920.05,5920.050,5808.250,97418022.000
2022-09-28,5910.050,5769.52,5910.050,5769.520,93694853.000
2022-09-29,5823.270,5771.88,5856.160,5741.020,95385798.000
2022-09-30,5764.150,5714.06,5804.200,5714.060,85545168.000
2022-10-10,5729.750,5635.71,5758.040,5618.800,97469345.000
2022-10-11,5642.480,5684.51,5703.270,5606.990,86571469.000
2022-10-12,5680.360,5820.45,5820.450,5594.300,106101757.000
2022-10-13,5789.660,5830.34,5876.480,5780.180,105722268.000
2022-10-14,5866.860,5973.44,5996.040,5866.860,118212245.000
2022-10-17,5952.380,6015.6,6023.530,5945.430,111461869.000
2022-10-18,6031.050,6035.67,6074.370,5996.390,105750195.000
2022-10-19,6021.800,5972.72,6037.440,5970.440,93881065.000
2022-10-20,5943.480,5948.86,6035.550,5886.400,103388245.000
2022-10-21,5959.210,5956.88,5993.880,5928.920,96826295.000
2022-10-24,5968.540,5896.9,6061.210,5857.860,119501081.000
2022-10-25,5864.020,5869.78,5926.570,5785.410,107045854.000
2022-10-26,5871.080,5971.6,6016.920,5871.080,116530079.000
2022-10-27,5978.280,5963.0,6020.890,5962.970,117088219.000
2022-10-28,5922.820,5781.8,5934.800,5760.050,131676332.000
2022-10-31,5745.080,5807.11,5859.600,5743.560,127016064.000
2022-11-01,5814.210,5941.15,5942.140,5786.870,136616776.000
2022-11-02,5925.650,5997.8,6028.770,5916.060,142330286.000
2022-11-03,5944.510,5996.72,6018.420,5937.610,106386906.000
2022-11-04,5996.310,6133.46,6157.430,5996.310,138707111.000
2022-11-07,6133.240,6141.41,6166.190,6100.610,138092409.000
2022-11-08,6139.890,6134.26,6141.020,6095.440,108267531.000
2022-11-09,6140.540,6120.83,6182.340,6118.730,104762250.000
2022-11-10,6085.280,6089.7,6119.030,6061.810,116401928.000
2022-11-11,6223.230,6138.62,6249.350,6134.680,176492121.000
2022-11-14,6140.190,6129.51,6189.380,6104.930,159486725.000
2022-11-15,6125.110,6236.38,6236.380,6112.620,149860965.000
2022-11-16,6238.580,6203.92,6263.160,6190.010,129770376.000
2022-11-17,6182.690,6217.21,6217.210,6148.610,123430196.000
2022-11-18,6213.090,6191.65,6251.110,6181.550,131181093.000
2022-11-21,6147.720,6189.71,6196.650,6116.300,112854387.000
2022-11-22,6178.160,6125.4,6196.200,6100.110,116086024.000
2022-11-23,6114.270,6115.6,6140.110,6045.020,115193517.000
2022-11-24,6126.600,6120.07,6149.960,6099.750,100200699.000
2022-11-25,6095.130,6087.86,6107.070,6062.000,107742345.000
2022-11-28,5999.850,6055.28,6059.020,5970.090,117940107.000
2022-11-29,6071.450,6163.82,6173.850,6071.220,155324471.000
2022-11-30,6156.770,6156.15,6175.680,6118.900,154647972.000
2022-12-01,6211.290,6186.1,6229.830,6186.100,152523325.000
2022-12-02,6177.920,6168.01,6206.990,6154.210,115500975.000
2022-12-05,6201.980,6215.12,6227.210,6182.980,170477211.000
2022-12-06,6202.520,6211.25,6244.640,6185.490,149372815.000
2022-12-07,6198.050,6204.01,6243.900,6183.330,137821246.000
2022-12-08,6199.160,6186.28,6206.140,6168.780,131051325.000
2022-12-09,6185.790,6192.3,6213.520,6159.500,167806825.000
2022-12-12,6181.240,6154.81,6182.080,6146.250,134098310.000
2022-12-13,6153.740,6121.66,6154.300,6113.410,104857515.000
2022-12-14,6122.430,6096.39,6139.740,6084.080,95089916.000
2022-12-15,6090.120,6101.88,6108.960,6078.000,88190454.000
2022-12-16,6071.960,6072.86,6087.460,6036.050,93910672.000
2022-12-19,6058.890,5936.48,6081.440,5911.880,105106201.000
2022-12-20,5919.030,5878.03,5920.990,5857.860,78623273.000
2022-12-21,5879.270,5845.84,5892.910,5819.670,69783431.000
2022-12-22,5867.720,5779.06,5875.470,5761.980,82231873.000
2022-12-23,5751.950,5763.35,5805.510,5732.470,66556865.000
2022-12-26,5769.070,5843.26,5850.910,5769.070,75424133.000
2022-12-27,5857.750,5885.66,5891.350,5832.270,81780423.000
2022-12-28,5869.460,5862.1,5889.320,5848.240,90098898.000
2022-12-29,5843.940,5857.4,5895.980,5835.330,79510794.000
2022-12-30,5875.280,5864.47,5885.890,5848.950,75345032.000
2023-01-03,5861.550,5955.9,5964.820,5848.150,99557837.000
2023-01-04,5952.510,5952.45,5970.580,5922.860,97160441.000
2023-01-05,5959.440,6010.46,6017.340,5950.090,96629979.000
2023-01-06,6004.170,6012.82,6050.890,5998.830,99244877.000
2023-01-09,6028.400,6040.02,6070.160,6023.640,100696829.000
2023-01-10,6044.640,6048.3,6053.580,6017.150,96393351.000
2023-01-11,6049.040,6014.16,6070.450,6004.220,94406389.000
2023-01-12,6022.560,6015.29,6048.190,5995.910,92900124.000
2023-01-13,6030.930,6057.69,6058.220,6015.220,90025020.000
2023-01-16,6068.910,6126.18,6168.740,6068.140,129619730.000
2023-01-17,6129.730,6132.64,6138.170,6107.760,95921699.000
2023-01-18,6139.690,6151.46,6168.370,6136.970,94555836.000
2023-01-19,6145.620,6204.33,6204.330,6130.420,99777793.000
2023-01-20,6214.030,6251.43,6253.270,6214.030,113904542.000
2023-01-30,6331.880,6283.33,6342.450,6279.450,146517920.000
2023-01-31,6266.300,6289.15,6303.910,6259.530,135302093.000
2023-02-01,6300.500,6365.91,6368.790,6293.490,152442220.000
2023-02-02,6383.300,6370.14,6402.260,6347.730,149292811.000
2023-02-03,6354.710,6343.69,6354.710,6267.440,121507182.000
2023-02-06,6314.600,6302.33,6330.790,6274.540,108485308.000
2023-02-07,6309.220,6317.24,6318.840,6273.600,109662683.000
2023-02-08,6319.520,6268.28,6323.850,6263.760,105994895.000
2023-02-09,6256.310,6354.56,6354.800,6250.450,109031119.000
2023-02-10,6349.000,6334.25,6368.490,6296.550,120100829.000
2023-02-13,6333.220,6383.83,6386.720,6331.370,131566227.000
2023-02-14,6394.620,6397.21,6408.550,6369.570,124674389.000
2023-02-15,6398.870,6384.35,6407.750,6365.310,115907022.000
2023-02-16,6384.210,6289.48,6429.050,6244.480,168388416.000
2023-02-17,6284.920,6237.41,6308.570,6237.410,117210985.000
2023-02-20,6248.260,6346.07,6349.410,6227.350,140334075.000
2023-02-21,6349.910,6383.42,6396.740,6337.600,141824714.000
2023-02-22,6352.030,6375.07,6397.150,6344.990,109083029.000
2023-02-23,6377.290,6360.32,6396.660,6328.640,116064654.000
2023-02-24,6367.630,6340.84,6372.490,6308.220,96957281.000
2023-02-27,6318.640,6307.21,6349.090,6288.300,101082738.000
2023-02-28,6323.840,6357.54,6357.540,6293.180,96603163.000
2023-03-01,6356.500,6402.14,6410.520,6340.000,123907639.000
2023-03-02,6398.260,6382.23,6410.230,6375.010,125349297.000
2023-03-03,6384.060,6390.32,6398.470,6346.960,123234775.000
2023-03-06,6398.100,6395.22,6405.820,6362.470,126845634.000
2023-03-07,6389.810,6284.3,6396.540,6284.220,137928869.000
2023-03-08,6264.430,6301.52,6303.710,6258.320,98698357.000
2023-03-09,6311.040,6285.95,6311.340,6258.450,92688914.000
2023-03-10,6251.560,6204.9,6261.330,6202.610,108052290.000
2023-03-13,6189.980,6245.0,6245.000,6178.670,108006552.000
2023-03-14,6237.730,6189.4,6243.420,6127.690,121200145.000
2023-03-15,6210.930,6224.64,6254.490,6210.930,112948528.000
2023-03-16,6191.300,6140.83,6209.970,6133.830,127632685.000
2023-03-17,6174.190,6183.18,6233.750,6169.840,137108334.000
2023-03-20,6195.350,6160.35,6201.970,6152.810,145580891.000
2023-03-21,6171.890,6234.68,6235.010,6171.280,123025331.000
2023-03-22,6244.360,6269.74,6271.520,6242.160,128266386.000
2023-03-23,6253.580,6305.76,6305.760,6245.980,129179648.000
2023-03-24,6312.430,6310.1,6315.680,6279.540,141020989.000
2023-03-27,6304.480,6311.6,6320.660,6265.010,144664863.000
2023-03-28,6314.580,6279.92,6331.560,6272.720,139156104.000
2023-03-29,6285.950,6260.55,6294.300,6239.940,131548284.000
2023-03-30,6257.640,6286.18,6287.440,6213.970,123218599.000
2023-03-31,6284.850,6339.82,6343.230,6282.140,129489835.000
2023-04-03,6346.690,6413.81,6419.870,6346.690,163921048.000
2023-04-04,6414.820,6408.9,6423.310,6377.530,157491755.000
2023-04-06,6387.230,6416.85,6428.720,6382.030,144064448.000
2023-04-07,6418.260,6464.47,6470.090,6416.680,127964625.000
2023-04-10,6474.940,6410.52,6476.220,6395.370,145134187.000
2023-04-11,6405.630,6420.88,6421.490,6381.060,142399109.000
2023-04-12,6415.700,6443.44,6450.350,6407.200,149447956.000
2023-04-13,6438.160,6404.65,6451.790,6396.020,156199573.000
2023-04-14,6420.310,6431.07,6444.890,6390.920,145300668.000
2023-04-17,6422.870,6459.24,6459.240,6421.390,168823079.000
2023-04-18,6448.760,6449.85,6462.250,6422.050,143471341.000
2023-04-19,6444.870,6416.97,6456.150,6404.990,148699774.000
2023-04-20,6408.810,6411.76,6413.080,6376.350,150501294.000
2023-04-21,6411.510,6250.54,6411.510,6250.540,162313297.000
2023-04-24,6250.960,6208.78,6260.540,6184.710,147694845.000
2023-04-25,6205.620,6118.15,6208.400,6042.640,162459277.000
2023-04-26,6095.130,6142.15,6178.170,6093.200,152166354.000
2023-04-27,6127.640,6157.94,6190.250,6121.610,143136116.000
2023-04-28,6151.640,6241.24,6245.550,6151.640,167876482.000
2023-05-04,6223.230,6262.39,6264.520,6218.780,202487970.000
2023-05-05,6255.700,6200.58,6256.230,6172.690,178261017.000
2023-05-08,6202.680,6248.58,6259.690,6200.150,202718255.000
2023-05-09,6242.660,6181.98,6274.900,6177.650,224389467.000
2023-05-10,6167.130,6173.81,6199.160,6137.150,175453727.000
2023-05-11,6185.670,6154.47,6190.390,6151.070,146064946.000
2023-05-12,6138.940,6091.65,6173.910,6088.220,140410664.000
2023-05-15,6094.680,6159.39,6159.390,6036.810,149843583.000
2023-05-16,6159.170,6110.83,6159.170,6095.690,121841116.000
2023-05-17,6097.980,6122.05,6137.020,6090.880,107266349.000
2023-05-18,6132.520,6128.18,6153.990,6101.240,122942111.000
2023-05-19,6116.840,6117.08,6149.140,6085.040,119304896.000
2023-05-22,6111.840,6115.32,6136.860,6086.230,112715682.000
2023-05-23,6114.210,6052.43,6117.360,6052.430,111104244.000
2023-05-24,6032.690,6005.79,6058.390,5988.030,107223414.000
2023-05-25,6000.220,5988.19,6028.640,5926.200,109922832.000
2023-05-26,5983.140,6034.98,6045.130,5953.880,106381588.000
2023-05-29,6046.540,6025.16,6058.920,6012.400,125139417.000
2023-05-30,6008.460,6061.31,6061.310,5960.340,127312017.000
2023-05-31,6044.020,6047.8,6063.190,6009.250,117476106.000
2023-06-01,6028.800,6051.46,6094.240,6008.270,126250315.000
2023-06-02,6061.910,6105.22,6115.070,6061.910,122306738.000
2023-06-05,6102.130,6097.11,6107.120,6075.590,115747953.000
2023-06-06,6088.660,5983.42,6089.070,5969.290,123045387.000
2023-06-07,5982.310,5987.01,6010.030,5969.160,93597892.000
2023-06-08,5971.720,5966.15,5992.970,5922.390,108981632.000
2023-06-09,5968.700,6009.58,6017.280,5960.110,127553432.000
2023-06-12,5999.620,6027.71,6045.660,5987.270,113612471.000
2023-06-13,6016.690,6044.04,6047.060,6014.060,98680298.000
2023-06-14,6046.440,6044.08,6064.290,6034.470,109689021.000
2023-06-15,6049.470,6096.81,6100.230,6046.160,118417734.000
2023-06-16,6094.840,6148.01,6154.930,6091.180,115349568.000
2023-06-19,6148.850,6131.38,6148.850,6126.390,113787209.000
2023-06-20,6122.740,6126.11,6144.010,6100.140,106630832.000
2023-06-21,6104.250,5990.85,6104.250,5990.790,106447766.000
2023-06-26,5947.570,5887.03,5970.610,5875.940,111081791.000
2023-06-27,5897.690,5948.0,5956.180,5884.950,93039155.000
2023-06-28,5945.640,5942.31,5951.130,5857.130,93944302.000
2023-06-29,5928.710,5940.58,5964.860,5924.280,88376857.000
2023-06-30,5931.870,5998.73,6016.450,5927.940,94504668.000
2023-07-03,6009.270,6042.31,6056.160,5997.850,113075905.000
2023-07-04,6042.720,6055.26,6059.570,6027.290,105583765.000
2023-07-05,6050.350,6020.82,6059.380,6011.870,104129041.000
2023-07-06,6010.660,5988.55,6042.290,5983.480,93965038.000
2023-07-07,5973.980,5961.61,5994.280,5936.230,94118346.000
2023-07-10,5980.610,5984.28,6003.400,5958.730,85168564.000
2023-07-11,5991.020,6029.23,6029.230,5972.140,84531897.000
2023-07-12,6030.640,5962.79,6033.580,5960.430,96692241.000
2023-07-13,5986.250,6044.06,6049.060,5986.250,99656398.000
2023-07-14,6052.950,6030.52,6055.530,6026.330,94963197.000
2023-07-17,6012.760,6012.69,6018.070,5985.440,88420212.000
2023-07-18,6015.980,6001.8,6027.610,5984.060,87719910.000
2023-07-19,5998.380,5993.41,6017.450,5962.990,77791034.000
2023-07-20,5996.840,5925.48,6009.430,5920.150,91195368.000
2023-07-21,5914.350,5925.63,5961.050,5904.790,81975307.000
2023-07-24,5913.570,5916.71,5954.240,5896.450,75928001.000
2023-07-25,5976.970,6016.63,6016.750,5971.730,131896392.000
2023-07-26,6014.760,6001.54,6015.580,5984.390,121825219.000
2023-07-27,5998.850,5961.18,6017.670,5952.890,123000825.000
2023-07-28,5945.910,6043.24,6049.760,5932.060,163171871.000
2023-07-31,6059.110,6088.24,6133.720,6059.110,186551103.000
2023-08-01,6086.900,6098.88,6113.980,6077.110,187588600.000
2023-08-02,6088.140,6077.46,6111.240,6059.870,147154529.000
2023-08-03,6062.640,6098.69,6101.810,6047.680,146479011.000
2023-08-04,6126.150,6128.56,6164.160,6105.640,196943501.000
2023-08-07,6115.840,6090.73,6117.920,6072.540,145319137.000
2023-08-08,6077.300,6066.1,6088.100,6044.240,121545728.000
2023-08-09,6049.450,6021.75,6062.020,6012.250,98809174.000
2023-08-10,6013.350,6031.71,6040.460,5999.560,99842638.000
2023-08-11,6030.050,5913.35,6030.050,5913.350,113072007.000
2023-08-14,5864.480,5916.8,5919.800,5833.460,103675706.000
2023-08-15,5919.770,5879.78,5926.420,5830.970,92417381.000
2023-08-16,5858.600,5833.22,5891.810,5833.220,104950425.000
2023-08-17,5808.910,5874.36,5882.150,5778.530,113576384.000
2023-08-18,5875.110,5777.8,5891.400,5777.800,102931845.000
2023-08-21,5764.670,5710.78,5802.510,5710.780,92835698.000
2023-08-22,5733.250,5741.06,5754.570,5646.510,106175193.000
2023-08-23,5732.390,5629.5,5732.390,5629.500,94186725.000
2023-08-24,5650.360,5652.67,5701.320,5619.330,108086771.000
2023-08-25,5624.770,5581.21,5648.620,5560.220,106241602.000
2023-08-28,5885.880,5644.14,5887.510,5631.690,185745619.000
2023-08-29,5631.010,5770.32,5789.960,5626.520,160851895.000
2023-08-30,5780.280,5775.15,5817.730,5753.220,136004384.000
2023-08-31,5770.950,5739.4,5777.420,5728.470,116335134.000
2023-09-01,5746.410,5750.8,5775.180,5732.970,104179103.000
2023-09-04,5772.030,5829.78,5829.780,5758.030,135648873.000
2023-09-05,5819.970,5788.71,5822.060,5779.370,106517658.000
2023-09-06,5771.850,5790.38,5800.960,5748.650,90480502.000
2023-09-07,5782.070,5702.7,5782.070,5701.800,92920518.000
2023-09-08,5684.660,5708.62,5732.370,5683.400,79520028.000
2023-09-11,5723.020,5774.73,5802.210,5704.700,112837137.000
2023-09-12,5774.470,5770.93,5793.830,5763.300,86041207.000
2023-09-13,5764.820,5715.4,5770.410,5681.500,91472473.000
2023-09-14,5714.670,5702.1,5721.210,5679.200,90247792.000
2023-09-15,5716.290,5704.66,5741.070,5680.900,98375964.000
2023-09-18,5685.850,5719.69,5734.190,5665.580,92305722.000
2023-09-19,5713.490,5687.9,5713.600,5670.420,85112102.000
2023-09-20,5677.920,5651.01,5689.830,5651.010,77634158.000
2023-09-21,5638.440,5611.92,5666.700,5609.210,81931509.000
2023-09-22,5606.830,5698.82,5700.320,5603.810,104118982.000
2023-09-25,5694.900,5666.66,5699.150,5659.320,93340719.000
2023-09-26,5661.030,5646.65,5682.280,5646.650,74309615.000
2023-09-27,5642.390,5674.35,5701.510,5641.850,81086240.000
2023-09-28,5687.640,5690.77,5704.620,5677.530,79477338.000
2023-10-09,5679.640,5658.08,5680.950,5634.350,90029836.000
2023-10-10,5665.660,5630.37,5678.460,5627.410,87726425.000
2023-10-11,5639.070,5629.79,5674.250,5617.870,90644826.000
2023-10-12,5655.610,5671.64,5677.820,5642.490,100502986.000
2023-10-13,5645.440,5633.38,5646.070,5616.850,89391702.000
2023-10-16,5633.300,5580.67,5636.320,5559.420,89867550.000
2023-10-17,5585.140,5595.34,5599.420,5556.570,92516737.000
2023-10-18,5586.020,5524.6,5586.020,5519.460,98953562.000
2023-10-19,5496.760,5464.03,5529.870,5463.650,108078335.000
2023-10-20,5443.460,5423.67,5473.210,5413.020,94936115.000
2023-10-23,5400.540,5290.33,5400.790,5269.830,103083126.000
2023-10-24,5311.670,5352.01,5363.200,5290.500,114745729.000
2023-10-25,5386.430,5376.0,5423.010,5376.000,114921244.000
2023-10-26,5351.160,5398.93,5404.990,5337.490,102485044.000
2023-10-27,5387.270,5492.03,5514.310,5380.940,112542804.000
2023-10-30,5484.620,5546.39,5559.780,5483.160,123034185.000
2023-10-31,5547.320,5528.24,5554.190,5505.930,105679375.000
2023-11-01,5534.890,5509.97,5534.940,5496.830,87185785.000
2023-11-02,5514.520,5459.45,5532.850,5457.750,90202645.000
2023-11-03,5462.140,5510.36,5537.730,5462.140,97990576.000
2023-11-06,5549.290,5605.06,5609.260,5549.290,139241046.000
2023-11-07,5594.470,5611.1,5631.100,5578.510,120579321.000
2023-11-08,5602.970,5608.02,5633.970,5577.390,122994558.000
2023-11-09,5602.490,5592.06,5638.080,5582.120,106362800.000
2023-11-10,5577.340,5573.1,5585.210,5550.820,94324024.000
2023-11-13,5589.060,5605.57,5605.570,5565.090,102158932.000
2023-11-14,5602.980,5630.55,5639.190,5600.780,101073136.000
2023-11-15,5677.550,5664.62,5684.750,5649.720,113087937.000
2023-11-16,5647.060,5609.36,5652.400,5609.360,94662677.000
2023-11-17,5598.950,5631.42,5632.390,5593.490,89422342.000
2023-11-20,5635.590,5659.77,5669.380,5609.270,103105072.000
2023-11-21,5669.170,5641.08,5696.090,5634.270,114861205.000
2023-11-22,5622.860,5572.9,5639.000,5572.900,104718408.000
2023-11-23,5566.730,5622.99,5627.790,5548.970,98042432.000
2023-11-24,5619.320,5570.42,5619.320,5556.710,101248044.000
2023-11-27,5562.750,5566.51,5579.720,5531.650,98218653.000
2023-11-28,5561.580,5591.5,5594.720,5529.540,89373272.000
2023-11-29,5588.770,5553.33,5593.370,5547.840,89509151.000
2023-11-30,5548.520,5545.05,5560.330,5509.960,87841505.000
2023-12-01,5541.230,5566.87,5576.730,5521.060,93371708.000
2023-12-04,5578.420,5559.07,5590.840,5559.070,99306543.000
2023-12-05,5542.870,5460.41,5542.870,5460.410,91298248.000
2023-12-06,5448.460,5481.82,5513.090,5443.070,88373997.000
2023-12-07,5475.270,5481.14,5501.480,5443.290,89048687.000
2023-12-08,5484.680,5497.99,5522.060,5477.530,118123774.000
2023-12-11,5473.650,5564.85,5574.120,5429.440,118605911.000
2023-12-12,5560.440,5566.18,5576.010,5545.160,84232331.000
2023-12-13,5557.050,5507.51,5558.060,5507.510,75929894.000
2023-12-14,5532.990,5489.33,5557.370,5487.750,74118097.000
2023-12-15,5499.370,5449.79,5516.220,5438.530,80125418.000
2023-12-18,5436.990,5385.27,5448.080,5374.590,78022493.000
2023-12-19,5380.730,5379.87,5406.960,5344.030,70323722.000
2023-12-20,5386.000,5309.29,5388.460,5308.570,75387097.000
2023-12-21,5286.450,5338.76,5352.500,5253.320,81522318.000
2023-12-22,5337.380,5311.69,5366.230,5293.220,90387004.000
2023-12-25,5301.570,5315.37,5339.660,5288.470,65918772.000
2023-12-26,5312.800,5258.28,5313.920,5238.040,67532007.000
2023-12-27,5261.570,5285.53,5293.800,5235.460,75397918.000
2023-12-28,5280.690,5382.8,5400.240,5275.400,107699239.000
2023-12-29,5376.980,5429.23,5437.150,5374.690,90931766.000
2024-01-02,5431.480,5409.46,5439.480,5409.460,92964747.000
2024-01-03,5398.290,5401.4,5428.520,5373.830,86705229.000
2024-01-04,5395.140,5355.32,5395.140,5331.890,78846568.000
2024-01-05,5347.070,5281.87,5373.680,5260.590,89538884.000
2024-01-08,5268.230,5167.7,5268.980,5167.700,83785155.000
2024-01-09,5176.110,5180.65,5220.460,5153.000,78740418.000
2024-01-10,5167.730,5158.08,5211.820,5118.430,71173946.000
2024-01-11,5152.360,5223.86,5243.140,5146.900,85041295.000
2024-01-12,5213.140,5206.18,5262.620,5206.160,76619831.000
2024-01-15,5189.530,5193.3,5238.960,5171.240,73925097.000
2024-01-16,5188.370,5190.4,5210.080,5124.080,83070371.000
2024-01-17,5180.930,5061.54,5180.930,5061.540,78741849.000
2024-01-18,5033.100,5066.96,5069.230,4924.680,118751055.000
2024-01-19,5056.480,5018.43,5084.290,5014.770,78467383.000
2024-01-22,5008.680,4780.97,5008.770,4753.630,109708492.000
2024-01-23,4771.500,4865.74,4889.420,4727.880,99944718.000
2024-01-24,4886.200,4933.7,4941.440,4766.800,114025805.000
2024-01-25,4931.630,5073.18,5074.490,4910.960,132307766.000
2024-01-26,5055.290,5027.09,5086.130,5009.970,117009836.000
2024-01-29,5032.110,4927.91,5050.110,4927.910,116876657.000
2024-01-30,4898.360,4814.99,4939.350,4810.100,99675811.000
2024-01-31,4786.810,4696.98,4832.400,4690.940,121093158.000
2024-02-01,4667.910,4678.73,4771.050,4629.990,111471910.000
2024-02-02,4686.100,4563.22,4724.050,4435.560,137501832.000
2024-02-05,4527.710,4460.26,4598.060,4281.240,165958337.000
2024-02-06,4411.300,4805.9,4817.120,4405.310,173058335.000
2024-02-07,4813.950,5109.57,5110.800,4813.230,227198934.000
2024-02-08,5131.800,5150.23,5367.220,5129.780,213676123.000
2024-02-19,5225.140,5141.6,5225.140,5074.760,162949893.000
2024-02-20,5107.570,5140.96,5151.720,5072.880,121646379.000
2024-02-21,5101.410,5139.04,5252.880,5074.820,150872501.000
2024-02-22,5133.550,5176.34,5184.620,5117.680,116614806.000
2024-02-23,5190.650,5197.71,5197.710,5118.570,135265004.000
2024-02-26,5194.740,5195.46,5255.360,5162.950,144018944.000
2024-02-27,5174.820,5307.8,5307.800,5160.880,138971751.000
2024-02-28,5311.430,5184.05,5383.320,5184.050,202560985.000
2024-02-29,5154.150,5346.79,5349.770,5154.150,160790165.000
2024-03-01,5350.860,5379.05,5387.780,5321.560,142298395.000
2024-03-04,5386.940,5388.82,5400.120,5325.960,143928469.000
2024-03-05,5358.220,5351.83,5382.980,5329.970,140816479.000
2024-03-06,5332.830,5350.1,5405.490,5293.950,121099564.000
2024-03-07,5354.330,5277.3,5384.660,5277.300,139831342.000
2024-03-08,5282.410,5349.6,5361.710,5268.530,121467978.000
2024-03-11,5342.180,5441.05,5443.040,5339.260,142981732.000
2024-03-12,5445.880,5423.72,5473.290,5385.140,147072536.000
2024-03-13,5430.040,5415.11,5459.320,5389.530,129746301.000
2024-03-14,5415.150,5392.93,5447.540,5352.120,131887357.000
2024-03-15,5380.020,5454.15,5456.730,5357.180,136405030.000
2024-03-18,5472.310,5528.45,5528.450,5459.550,159862638.000
2024-03-19,5514.550,5478.22,5533.640,5477.120,146777240.000
2024-03-20,5469.610,5493.41,5499.240,5455.760,126273262.000
2024-03-21,5505.700,5465.83,5517.460,5454.230,129489458.000
2024-03-22,5454.410,5384.57,5463.540,5356.110,137096029.000
2024-03-25,5369.780,5294.75,5401.600,5292.640,130778254.000
2024-03-26,5291.520,5284.42,5318.880,5237.900,116468112.000
2024-03-27,5280.730,5156.68,5282.700,5156.680,110107142.000
2024-03-28,5156.480,5223.81,5276.640,5156.480,116318192.000
2024-03-29,5220.550,5286.16,5287.040,5211.190,109047149.000
2024-04-01,5309.830,5401.22,5401.780,5309.830,136734854.000
2024-04-02,5395.480,5381.23,5402.160,5353.310,132148642.000
2024-04-03,5373.500,5374.6,5386.340,5350.160,133628053.000
2024-04-08,5358.960,5298.59,5383.660,5297.560,148588559.000
2024-04-09,5294.470,5342.9,5342.900,5284.960,113300745.000
2024-04-10,5335.730,5275.47,5335.730,5242.860,117908618.000
2024-04-11,5244.050,5301.81,5353.810,5240.510,127745143.000
2024-04-12,5307.720,5277.22,5336.450,5270.460,118524933.000
2024-04-15,5270.040,5339.72,5376.050,5219.430,159217624.000
2024-04-16,5309.100,5191.55,5346.760,5184.650,162583973.000
2024-04-17,5211.250,5339.75,5339.750,5211.250,147594552.000
2024-04-18,5317.800,5349.84,5410.700,5299.230,153497682.000
2024-04-19,5322.360,5314.87,5369.950,5292.020,142134216.000
2024-04-22,5289.410,5267.58,5340.630,5264.190,135266882.000
2024-04-23,5257.770,5208.27,5280.060,5196.960,125801120.000
2024-04-24,5210.180,5263.04,5263.040,5183.700,117297220.000
2024-04-25,5240.480,5259.34,5297.160,5229.820,110833929.000
2024-04-26,5258.380,5372.12,5379.670,5258.380,173777701.000
2024-04-29,5371.210,5478.49,5488.280,5371.210,190936055.000
2024-04-30,5471.170,5441.14,5478.040,5436.580,162797344.000
2024-05-06,5498.440,5528.6,5535.950,5496.910,165791626.000
2024-05-07,5532.320,5527.08,5543.130,5507.500,136535402.000
2024-05-08,5516.450,5458.76,5516.450,5454.870,123955621.000
2024-05-09,5461.360,5556.77,5568.730,5461.360,131121230.000
2024-05-10,5562.190,5535.4,5570.570,5497.500,128688030.000
2024-05-13,5503.130,5505.26,5527.200,5462.510,131627588.000
2024-05-14,5508.470,5500.74,5538.740,5484.960,118994399.000
2024-05-15,5495.560,5446.66,5497.080,5441.350,110124989.000
2024-05-16,5461.110,5424.67,5475.370,5408.130,122108119.000
2024-05-17,5418.660,5491.89,5493.200,5409.700,126916168.000
2024-05-20,5496.790,5523.5,5536.660,5484.360,144971448.000
2024-05-21,5511.480,5478.91,5513.420,5460.980,108691192.000
2024-05-22,5472.010,5468.61,5486.300,5455.080,113057782.000
2024-05-23,5448.940,5362.31,5448.940,5352.390,126657569.000
2024-05-24,5348.510,5313.45,5400.160,5311.490,106564175.000
2024-05-27,5325.850,5371.37,5373.110,5284.510,115643229.000
2024-05-28,5363.330,5316.13,5365.470,5310.320,110965373.000
2024-05-29,5308.590,5328.31,5361.740,5305.960,104361267.000
2024-05-30,5316.400,5308.66,5349.690,5296.490,107350187.000
2024-05-31,5310.720,5308.54,5357.020,5308.540,104151147.000
2024-06-03,5300.790,5274.07,5316.340,5232.690,126968515.000
2024-06-04,5263.230,5341.95,5352.280,5247.580,108083144.000
2024-06-05,5328.870,5277.94,5347.430,5277.940,105792757.000
2024-06-06,5291.520,5228.8,5305.880,5213.660,133368231.000
2024-06-07,5247.150,5208.98,5258.820,5172.050,113527478.000
2024-06-11,5182.410,5217.47,5232.850,5159.330,116437116.000
2024-06-12,5209.130,5232.95,5245.990,5205.570,103065569.000
2024-06-13,5231.910,5194.59,5233.800,5182.740,118232764.000
2024-06-14,5180.290,5213.09,5235.880,5163.380,133998620.000
2024-06-17,5189.280,5207.13,5223.590,5184.600,107970664.000
2024-06-18,5207.980,5230.89,5243.590,5204.970,94090903.000
2024-06-19,5235.480,5168.82,5236.300,5168.820,87849590.000
2024-06-20,5162.160,5094.57,5184.750,5092.290,95609003.000
2024-06-21,5079.920,5102.33,5128.140,5071.650,83838907.000
2024-06-24,5072.800,4992.91,5078.960,4986.770,100186646.000
2024-06-25,4989.070,4948.63,5007.340,4918.040,91636779.000
2024-06-26,4942.170,5020.43,5024.770,4915.660,93394621.000
2024-06-27,4998.990,4928.05,5000.180,4925.160,88537187.000
2024-06-28,4914.670,4942.78,5003.410,4914.550,106308342.000
2024-07-01,4943.790,5003.16,5017.610,4929.090,97312793.000
2024-07-02,5000.580,4949.48,5002.740,4934.120,96209334.000
2024-07-03,4945.400,4910.92,4950.510,4905.390,84528331.000
2024-07-04,4917.440,4834.5,4935.610,4827.340,91008466.000
2024-07-05,4828.860,4866.26,4877.930,4794.130,83133279.000
2024-07-08,4857.020,4783.62,4857.270,4768.560,90254500.000
2024-07-09,4775.310,4876.9,4888.480,4745.320,111401968.000
2024-07-10,4857.480,4844.16,4891.370,4836.170,100953186.000
2024-07-11,4902.810,4939.73,4941.700,4871.170,115275494.000
2024-07-12,4926.980,4919.36,4937.350,4905.800,97175106.000
2024-07-15,4903.520,4883.9,4903.520,4868.740,86824312.000
2024-07-16,4877.600,4898.36,4907.830,4850.430,87267978.000
2024-07-17,4893.410,4856.58,4900.360,4853.600,96909547.000
2024-07-18,4822.130,4877.69,4879.690,4793.430,96654750.000
2024-07-19,4853.040,4872.05,4900.380,4842.930,93290746.000
2024-07-22,4872.640,4865.98,4885.360,4839.110,92710458.000
2024-07-23,4862.970,4722.8,4862.970,4722.800,102403712.000
2024-07-24,4712.290,4668.06,4738.760,4661.830,112674635.000
2024-07-25,4644.420,4665.45,4710.460,4635.240,88600074.000
2024-07-26,4670.450,4736.38,4744.450,4670.450,86472049.000
2024-07-29,4740.500,4708.84,4742.150,4702.980,81102039.000
2024-07-30,4694.520,4699.28,4712.040,4650.560,83353382.000
2024-07-31,4694.730,4886.41,4887.920,4687.050,143180919.000
2024-08-01,4893.870,4852.97,4928.240,4834.650,113213393.000
2024-08-02,4816.940,4788.62,4874.710,4783.120,98529844.000
2024-08-05,4756.080,4693.85,4846.540,4693.820,113338148.000
2024-08-06,4740.450,4750.78,4774.930,4699.180,107774770.000
2024-08-07,4747.980,4751.94,4783.420,4719.940,96989481.000
2024-08-08,4737.090,4755.81,4791.660,4701.790,104309253.000
2024-08-09,4778.260,4720.31,4805.100,4720.310,108819586.000
2024-08-12,4716.960,4714.16,4737.190,4696.050,89100832.000
2024-08-13,4713.960,4731.84,4731.840,4680.590,81365173.000
2024-08-14,4729.810,4667.07,4730.240,4667.070,74588030.000
2024-08-15,4656.700,4698.38,4746.410,4647.790,90973293.000
2024-08-16,4703.600,4670.38,4708.020,4662.110,87379580.000
2024-08-19,4666.330,4682.96,4729.870,4666.260,87136867.000
2024-08-20,4684.290,4602.01,4686.360,4590.390,91846146.000
2024-08-21,4589.090,4587.12,4610.870,4582.270,83526910.000
2024-08-22,4589.500,4533.37,4595.050,4526.250,85856868.000
2024-08-23,4523.990,4537.09,4549.300,4513.200,75778364.000
2024-08-26,4542.860,4544.36,4558.590,4523.730,87118296.000
2024-08-27,4532.490,4495.29,4532.490,4487.090,82529205.000
2024-08-28,4486.430,4500.01,4527.770,4482.030,82681199.000
2024-08-29,4483.550,4557.9,4577.790,4475.220,103115562.000
2024-08-30,4557.500,4639.11,4704.340,4548.380,151593361.000
2024-09-02,4631.900,4546.88,4632.310,4546.840,126368517.000
2024-09-03,4543.220,4596.48,4612.280,4543.220,98589686.000
2024-09-04,4567.690,4582.08,4623.380,4552.300,92435685.000
2024-09-05,4585.170,4601.09,4630.640,4582.050,80583723.000
2024-09-06,4609.340,4537.45,4613.310,4535.350,90147596.000
2024-09-09,4517.570,4507.19,4541.790,4487.840,91944608.000
2024-09-10,4509.320,4507.71,4528.670,4432.910,98529542.000
2024-09-11,4490.190,4514.92,4529.350,4479.030,85206842.000
2024-09-12,4518.990,4496.59,4568.750,4496.590,86654304.000
2024-09-13,4500.390,4450.96,4509.070,4450.960,92533757.000
2024-09-18,4450.090,4462.87,4474.720,4397.160,90989683.000
2024-09-19,4481.460,4520.39,4565.390,4437.540,115611868.000
2024-09-20,4514.960,4498.39,4515.810,4471.940,94312044.000
2024-09-23,4495.780,4494.69,4545.540,4483.130,89935227.000
2024-09-24,4524.220,4689.6,4690.570,4503.120,177144703.000
2024-09-25,4743.630,4731.48,4847.200,4724.430,204593519.000
2024-09-26,4726.000,4938.18,4938.180,4719.350,229930323.000
2024-09-27,5027.260,5201.67,5227.960,5021.510,230177508.000
2024-09-30,5449.790,5743.22,5757.920,5387.340,388703200.000
2024-10-08,6417.810,6155.58,6417.810,5868.850,493546420.000
2024-10-09,6013.700,5735.64,6088.080,5704.480,431156416.000
2024-10-10,5768.610,5690.88,5875.940,5597.480,353480245.000
2024-10-11,5650.050,5470.81,5652.850,5408.870,244383373.000
2024-10-14,5503.650,5608.15,5623.970,5408.390,250608541.000
2024-10-15,5578.260,5472.56,5661.070,5471.880,238997019.000
2024-10-16,5393.670,5461.09,5546.180,5393.670,205450926.000
2024-10-17,5499.770,5418.99,5541.030,5417.880,202768685.000
2024-10-18,5416.030,5640.02,5774.140,5404.200,287114219.000
2024-10-21,5680.560,5704.23,5797.880,5631.230,266885186.000
2024-10-22,5703.320,5753.85,5779.300,5673.790,237023624.000
2024-10-23,5745.110,5776.38,5853.460,5727.770,273412640.000
2024-10-24,5747.560,5726.7,5759.870,5694.780,207690046.000
2024-10-25,5735.290,5809.69,5855.260,5729.440,236725708.000
2024-10-28,5816.330,5883.72,5883.720,5787.480,270653787.000
2024-10-29,5903.310,5812.53,5917.210,5807.290,275371143.000
2024-10-30,5793.830,5837.93,5869.110,5777.430,252021275.000
2024-10-31,5839.980,5901.29,5935.180,5812.030,313549202.000
2024-11-01,5893.320,5831.82,5934.200,5795.080,369840641.000
2024-11-04,5835.390,5928.91,5928.910,5835.390,286552294.000
2024-11-05,5925.870,6111.97,6119.250,5910.890,366344492.000
2024-11-06,6134.920,6125.79,6204.530,6081.810,415187737.000
2024-11-07,6061.730,6239.56,6240.760,6049.590,418413323.000
2024-11-08,6306.800,6222.45,6333.680,6206.290,385648347.000
2024-11-11,6211.030,6330.62,6330.800,6199.060,334096921.000
2024-11-12,6349.230,6263.88,6382.980,6205.100,332856919.000
2024-11-13,6234.160,6259.84,6282.280,6162.900,260400673.000
2024-11-14,6240.610,6078.31,6240.610,6068.660,239743138.000
2024-11-15,6055.540,5924.48,6093.420,5924.350,236226042.000
2024-11-18,5940.490,5833.04,5977.490,5799.910,282527224.000
2024-11-19,5836.610,5936.6,5936.930,5776.200,241404215.000
2024-11-20,5920.320,5992.39,6015.230,5909.110,217345224.000
2024-11-21,5973.150,5985.31,6009.630,5937.810,206198941.000
2024-11-22,5969.080,5750.25,5983.340,5750.250,225066737.000
2024-11-25,5754.550,5735.65,5774.820,5662.090,186005060.000
2024-11-26,5727.370,5690.48,5773.360,5688.580,147562865.000
2024-11-27,5669.550,5804.94,5805.640,5604.000,175313302.000
2024-11-28,5802.800,5757.6,5826.490,5749.290,172183537.000
2024-11-29,5748.170,5851.94,5899.870,5736.410,204255544.000
2024-12-02,5853.710,5943.62,5956.600,5848.420,236181308.000
2024-12-03,5946.740,5932.12,5954.660,5877.800,209870509.000
2024-12-04,5929.480,5879.27,5940.850,5850.910,215991634.000
2024-12-05,5855.740,5901.99,5923.620,5853.530,198542236.000
2024-12-06,5903.500,5979.2,6011.770,5877.040,265329536.000
2024-12-09,5983.330,5947.11,6004.230,5911.360,284462209.000
2024-12-10,6132.290,5992.09,6141.070,5982.580,320527823.000
2024-12-11,5973.330,6047.11,6051.470,5972.270,253883941.000
2024-12-12,6048.780,6100.39,6107.710,6023.230,243653690.000
2024-12-13,6065.950,5988.29,6065.950,5988.290,286328198.000
2024-12-16,5983.160,5912.6,5991.580,5888.040,214647441.000
2024-12-17,5896.970,5848.16,5924.620,5837.250,193108547.000
2024-12-18,5861.260,5888.62,5921.980,5853.160,187996290.000
2024-12-19,5829.260,5901.92,5918.490,5816.470,196531194.000
2024-12-20,5889.950,5917.18,5962.420,5889.950,178090399.000
2024-12-23,5917.690,5818.55,5935.150,5815.340,177315486.000
2024-12-24,5827.160,5895.26,5897.190,5827.160,167365824.000
2024-12-25,5896.430,5840.29,5897.510,5796.650,157279132.000
2024-12-26,5830.720,5887.06,5897.480,5830.720,145319444.000
2024-12-27,5892.690,5899.17,5975.790,5881.720,179085498.000
2024-12-30,5890.460,5898.88,5928.570,5867.850,155565586.000
2024-12-31,5902.030,5725.73,5905.460,5725.730,182158855.000
2025-01-02,5717.920,5545.82,5722.110,5498.820,193763157.000
2025-01-03,5552.750,5427.8,5581.400,5419.740,174077310.000
2025-01-06,5421.070,5427.1,5482.630,5384.330,146265658.000
2025-01-07,5429.170,5484.68,5485.580,5405.130,145065278.000
2025-01-08,5462.320,5461.59,5501.660,5326.930,163849915.000
2025-01-09,5437.810,5456.59,5493.680,5436.700,129832627.000
2025-01-10,5449.000,5369.28,5496.380,5369.280,130179553.000
2025-01-13,5319.700,5381.7,5422.010,5319.270,119682937.000
2025-01-14,5393.760,5572.27,5582.840,5378.590,172142860.000
2025-01-15,5559.580,5522.46,5569.190,5509.580,138393243.000
2025-01-16,5546.700,5545.63,5633.850,5508.910,149318085.000
2025-01-17,5524.210,5587.29,5621.940,5519.410,126691174.000
2025-01-20,5621.920,5614.33,5665.180,5598.160,135712507.000
2025-01-21,5639.600,5633.92,5642.920,5573.500,126491300.000
2025-01-22,5606.850,5607.06,5618.580,5567.780,115374996.000
2025-01-23,5659.370,5584.25,5717.690,5584.250,163419987.000
2025-01-24,5570.480,5649.95,5660.430,5570.480,139438058.000
2025-01-27,5660.480,5589.34,5676.030,5589.340,136546056.000
2025-02-05,5643.170,5614.39,5646.040,5588.560,155674141.000
2025-02-06,5606.870,5747.9,5749.020,5597.320,181428193.000
2025-02-07,5750.290,5833.99,5889.430,5741.730,232718863.000
2025-02-10,5858.240,5888.55,5895.410,5836.170,209300905.000
2025-02-11,5890.370,5858.28,5890.370,5827.380,181920508.000
2025-02-12,5841.360,5940.53,5940.540,5841.320,195446155.000
2025-02-13,5938.200,5898.26,5957.580,5889.700,228281839.000
2025-02-14,5893.930,5947.8,5954.480,5886.950,211914261.000
2025-02-17,5979.840,5948.72,5985.360,5906.270,233901689.000
2025-02-18,5935.500,5840.71,5947.930,5816.050,214941482.000
2025-02-19,5834.950,5943.88,5945.350,5831.480,205298305.000
2025-02-20,5941.600,5957.55,5977.730,5920.570,198207411.000
2025-02-21,5969.650,6057.06,6061.820,5943.190,252317128.000
2025-02-24,6057.380,6044.97,6079.020,6007.180,243813798.000
2025-02-25,5967.040,5979.97,6044.760,5956.180,206833953.000
2025-02-26,5990.290,6051.74,6055.870,5973.860,210860898.000
2025-02-27,6050.190,6028.99,6064.490,5940.340,216652930.000
2025-02-28,5997.920,5859.87,6007.470,5847.150,205223814.000
2025-03-03,5875.950,5885.77,5964.270,5851.560,185024581.000
2025-03-04,5845.470,5937.63,5943.080,5843.460,153922211.000
2025-03-05,5937.110,5950.7,5955.900,5892.530,163071500.000
2025-03-06,5980.380,6047.77,6062.540,5972.600,213042852.000
2025-03-07,6029.380,6013.77,6067.350,5989.320,207437149.000
2025-03-10,6022.680,6013.62,6041.520,5971.810,173044336.000
2025-03-11,5944.420,6044.97,6044.970,5942.910,173855643.000
2025-03-12,6068.380,6040.5,6098.240,6038.820,184763537.000
2025-03-13,6032.850,5993.97,6050.180,5947.780,193710717.000
2025-03-14,5993.970,6099.98,6099.980,5978.530,219245834.000
2025-03-17,6119.610,6108.02,6129.850,6098.510,184317273.000
2025-03-18,6126.040,6133.3,6161.230,6114.210,166023043.000
2025-03-19,6117.420,6101.44,6128.230,6076.560,153893780.000
2025-03-20,6094.840,6059.49,6109.180,6055.380,147187865.000
2025-03-21,6038.990,5971.93,6071.080,5951.800,174103785.000
2025-03-24,5973.050,5969.08,5987.060,5882.880,169192435.000
2025-03-25,5969.420,5946.95,5993.930,5929.670,147483948.000
2025-03-26,5935.850,5948.5,5983.470,5935.850,136702111.000
2025-03-27,5932.520,5957.6,6000.660,5891.770,134708904.000
2025-03-28,5954.730,5916.03,5973.800,5904.920,134261927.000
2025-03-31,5886.960,5857.77,5908.300,5802.420,154256090.000
2025-04-01,5870.940,5892.85,5931.500,5867.850,136448602.000
2025-04-02,5884.890,5899.09,5936.650,5884.110,112159960.000
2025-04-03,5842.620,5845.5,5906.710,5817.970,134938625.000
2025-04-07,5523.960,5287.03,5587.850,5212.680,236522656.000
2025-04-08,5279.760,5326.91,5371.180,5249.230,223840665.000
2025-04-09,5249.680,5439.77,5465.140,5135.970,245118027.000
2025-04-10,5534.560,5544.06,5610.190,5513.950,211963035.000
2025-04-11,5514.190,5581.32,5631.600,5510.890,164411663.000
2025-04-14,5633.780,5627.14,5661.800,5608.730,155487077.000
2025-04-15,5625.000,5602.53,5626.680,5567.030,123273708.000
2025-04-16,5589.780,5556.86,5592.670,5492.650,132537224.000
2025-04-17,5527.590,5557.01,5604.620,5526.890,113652382.000
2025-04-18,5546.970,5560.72,5579.480,5525.400,111644258.000
2025-04-21,5556.510,5642.38,5646.220,5535.700,123111883.000
2025-04-22,5634.890,5624.21,5651.550,5617.880,124666689.000
2025-04-23,5647.910,5634.95,5670.260,5614.770,127007764.000
2025-04-24,5633.020,5605.88,5651.530,5583.430,122696696.000
2025-04-25,5613.140,5627.18,5661.590,5596.530,140000800.000
2025-04-28,5624.420,5598.3,5628.080,5587.790,136218094.000
2025-04-29,5583.720,5604.91,5622.020,5571.240,126742927.000
2025-04-30,5604.650,5631.82,5647.780,5603.170,138386621.000
2025-05-06,5668.880,5740.33,5740.330,5666.470,162773606.000
2025-05-07,5805.660,5750.29,5819.240,5713.270,171011757.000
2025-05-08,5731.720,5773.81,5783.790,5724.950,136140322.000
2025-05-09,5770.440,5721.72,5770.440,5705.170,123939007.000
2025-05-12,5751.440,5793.67,5794.520,5737.460,135824367.000
2025-05-13,5838.030,5781.67,5838.030,5772.070,138271081.000
2025-05-14,5778.080,5799.12,5835.490,5750.540,156279994.000
2025-05-15,5786.780,5715.3,5786.780,5715.290,135160768.000
2025-05-16,5703.740,5715.85,5735.010,5703.740,116709136.000
2025-05-19,5719.440,5720.79,5729.070,5669.720,115384939.000
2025-05-20,5723.510,5747.37,5759.460,5707.810,116896615.000
2025-05-21,5741.690,5757.92,5763.080,5733.830,115804542.000
2025-05-22,5739.190,5703.28,5757.790,5701.160,109057720.000
2025-05-23,5697.140,5653.04,5738.080,5653.040,114361198.000
2025-05-26,5653.210,5669.46,5693.630,5644.580,97170989.000
2025-05-27,5666.300,5652.15,5667.870,5629.130,95149363.000
2025-05-28,5651.880,5637.24,5660.470,5628.420,94908883.000
2025-05-29,5637.060,5719.91,5724.520,5637.060,114682484.000
2025-05-30,5704.770,5671.07,5704.770,5665.520,109900707.000
2025-06-03,5653.670,5694.84,5710.420,5653.300,122853903.000
2025-06-04,5696.570,5739.01,5744.450,5696.570,116196077.000
2025-06-05,5741.030,5769.97,5778.100,5719.550,125223584.000
2025-06-06,5768.400,5762.08,5771.760,5750.660,108217660.000
2025-06-09,5772.780,5805.65,5823.900,5765.350,128188619.000
2025-06-10,5809.830,5757.99,5810.920,5715.970,138269181.000
2025-06-11,5758.530,5792.95,5818.570,5758.530,123716707.000
2025-06-12,5780.970,5799.93,5808.800,5766.520,125615846.000
2025-06-13,5783.160,5740.24,5794.670,5728.210,167613374.000
2025-06-16,5725.000,5767.81,5775.950,5725.000,128242658.000
2025-06-17,5772.300,5750.91,5776.630,5734.830,121526624.000
2025-06-18,5740.160,5745.87,5753.710,5709.800,112703844.000
2025-06-19,5733.810,5676.83,5750.460,5660.050,125531134.000
2025-06-20,5669.090,5639.51,5688.740,5636.780,101794766.000
2025-06-23,5613.280,5674.17,5684.400,5613.280,111601802.000
2025-06-24,5683.460,5765.84,5766.020,5683.460,142082256.000
2025-06-25,5777.740,5862.55,5866.520,5776.120,184632310.000
2025-06-26,5868.290,5838.25,5885.250,5835.340,180164163.000
2025-06-27,5850.430,5863.73,5905.700,5839.580,199389725.000
2025-06-30,5877.670,5915.39,5918.310,5872.230,166275147.000
2025-07-01,5915.800,5934.67,5936.920,5890.110,154192365.000
2025-07-02,5922.540,5892.95,5922.540,5873.890,162500485.000
2025-07-03,5896.240,5922.66,5929.730,5885.940,130070046.000
2025-07-04,5917.750,5911.44,5969.300,5889.730,164941060.000
2025-07-07,5901.400,5900.41,5910.800,5889.600,137207362.000
2025-07-08,5903.100,5977.74,5979.630,5903.100,168681142.000
2025-07-09,5980.650,5953.49,5992.130,5940.180,164914402.000
2025-07-10,5950.970,5983.05,6000.690,5942.290,176242607.000
2025-07-11,5985.820,6027.08,6057.620,5963.260,222363098.000
2025-07-14,6033.180,6020.86,6042.890,6011.690,189277444.000
2025-07-15,6018.630,6018.76,6049.790,5973.800,189736234.000
2025-07-16,6019.580,6017.19,6061.200,5997.160,148610062.000
2025-07-17,6013.710,6082.46,6082.460,6013.040,149692658.000
2025-07-18,6092.230,6099.61,6112.110,6073.640,153152204.000
2025-07-21,6115.030,6161.31,6162.440,6110.990,207350507.000
2025-07-22,6166.620,6213.41,6215.410,6152.810,246211642.000
2025-07-23,6218.210,6196.76,6256.150,6187.010,258377896.000
2025-07-24,6197.850,6293.6,6293.600,6197.850,268355564.000
2025-07-25,6297.630,6299.59,6311.170,6276.420,237055328.000
2025-07-28,6305.220,6323.42,6329.030,6271.930,214448267.000
2025-07-29,6308.120,6356.13,6356.150,6272.310,201757629.000
2025-07-30,6345.370,6314.69,6368.270,6269.510,212128411.000
2025-07-31,6297.910,6226.34,6322.070,6206.190,224214237.000
2025-08-01,6221.050,6213.2,6253.660,6177.480,165907191.000
2025-08-04,6190.340,6261.73,6261.960,6187.620,148591480.000
2025-08-05,6277.010,6303.24,6303.240,6272.510,154206665.000
2025-08-06,6298.930,6357.38,6357.590,6293.220,166027638.000
2025-08-07,6356.330,6337.54,6366.210,6299.490,170446400.000
2025-08-08,6324.170,6323.5,6351.330,6308.150,172507526.000
2025-08-11,6335.430,6391.76,6404.830,6335.430,174909199.000
2025-08-12,6392.400,6418.16,6418.160,6360.110,168351918.000
2025-08-13,6422.790,6508.1,6514.460,6422.210,216022423.000
2025-08-14,6509.210,6429.85,6519.790,6411.920,228953168.000
2025-08-15,6417.390,6568.57,6570.500,6417.390,245217240.000
2025-08-18,6612.990,6668.17,6709.780,6580.440,302448229.000
2025-08-19,6663.160,6655.31,6707.110,6631.120,252839276.000
2025-08-20,6623.610,6728.07,6728.070,6598.550,244233907.000
2025-08-21,6739.690,6704.17,6767.320,6673.060,242540164.000
2025-08-22,6704.030,6822.85,6823.360,6704.030,256783820.000
2025-08-25,6886.270,6951.9,6967.800,6863.930,333828945.000
2025-08-26,6928.290,6964.07,7008.960,6910.410,281532382.000
2025-08-27,6964.770,6862.56,7074.630,6862.560,328060183.000
2025-08-28,6858.500,7011.16,7011.160,6798.930,308061786.000
2025-08-29,7030.270,7043.94,7078.920,6990.750,280915814.000
2025-09-01,7087.730,7110.29,7110.690,7038.340,285908311.000
2025-09-02,7108.940,6961.69,7108.940,6909.720,294036539.000
2025-09-03,6988.020,6868.46,7003.270,6846.180,259083266.000
2025-09-04,6884.360,6698.45,6906.690,6607.980,270341894.000
2025-09-05,6709.150,6913.95,6919.340,6678.600,240857457.000
2025-09-08,6927.410,6992.12,6995.720,6896.660,244174304.000
2025-09-09,6959.940,6928.97,6999.730,6895.510,225843557.000
2025-09-10,6911.110,6932.11,6977.770,6870.400,189922867.000
2025-09-11,6924.300,7122.71,7123.050,6889.590,243951061.000
2025-09-12,7115.610,7147.75,7200.160,7112.420,266567508.000
2025-09-15,7170.410,7137.36,7174.890,7126.830,238265724.000
2025-09-16,7152.190,7190.99,7195.420,7080.430,242349183.000
2025-09-17,7184.260,7260.04,7265.390,7159.670,258264449.000
2025-09-18,7248.280,7199.88,7350.980,7115.630,348589541.000
2025-09-19,7200.690,7170.35,7232.000,7142.060,271507193.000
2025-09-22,7182.890,7225.13,7225.860,7143.080,231858069.000
2025-09-23,7240.850,7180.71,7250.820,7045.560,281283634.000
2025-09-24,7140.310,7323.71,7327.020,7133.430,240064938.000
2025-09-25,7325.660,7341.32,7379.610,7312.350,236175030.000
2025-09-26,7311.840,7240.91,7351.790,7237.050,211444148.000
2025-09-29,7251.520,7350.56,7377.220,7216.740,233539418.000
2025-09-30,7372.520,7412.37,7428.030,7372.060,220707502.000
2025-10-09,7470.050,7548.92,7559.090,7437.320,283130784.000
2025-10-10,7499.390,7398.22,7509.120,7373.980,262256646.000
2025-10-13,7135.100,7376.56,7391.820,7135.100,258027817.000
2025-10-14,7434.110,7194.85,7459.020,7166.080,277358873.000
2025-10-15,7205.740,7294.0,7294.000,7153.420,217559777.000
2025-10-16,7269.260,7231.53,7305.950,7206.440,194936370.000
2025-10-17,7226.420,7016.07,7254.580,7009.890,200044113.000
2025-10-20,7092.880,7069.64,7129.990,7033.380,176834192.000
2025-10-21,7095.620,7185.62,7193.730,7082.300,205973829.000
2025-10-22,7135.210,7128.48,7166.560,7101.830,169743254.000
2025-10-23,7108.850,7142.95,7153.660,7022.290,188933732.000
2025-10-24,7175.920,7258.53,7258.530,7174.350,195323933.000
2025-10-27,7336.200,7379.39,7391.210,7302.020,232051821.000
2025-10-28,7344.450,7341.03,7404.760,7308.270,202118463.000
2025-10-29,7350.760,7480.97,7480.970,7350.760,223844133.000
2025-10-30,7462.430,7385.71,7463.650,7375.240,243412036.000
2025-10-31,7385.740,7331.0,7430.860,7331.000,232041676.000
2025-11-03,7327.120,7333.6,7336.510,7214.830,221687060.000
2025-11-04,7315.190,7210.83,7323.700,7167.350,193325842.000
2025-11-05,7098.960,7229.34,7257.840,7098.960,195580243.000
2025-11-06,7243.200,7345.72,7352.180,7243.200,201722967.000
2025-11-07,7307.300,7327.91,7371.440,7285.820,192920578.000
2025-11-10,7357.340,7343.8,7384.790,7289.770,204501330.000
2025-11-11,7364.930,7291.61,7379.810,7281.970,191660313.000
2025-11-12,7264.790,7243.25,7305.860,7187.870,185507010.000
2025-11-13,7243.640,7355.29,7366.410,7243.640,199890230.000
2025-11-14,7283.700,7235.46,7329.600,7235.460,205864910.000
2025-11-17,7248.920,7235.35,7262.330,7202.590,203050602.000
2025-11-18,7215.030,7151.02,7230.540,7118.410,202214121.000
2025-11-19,7141.260,7122.75,7178.150,7086.120,162786602.000
2025-11-20,7174.100,7061.95,7180.730,7056.900,159618746.000
2025-11-21,6955.750,6817.41,6986.780,6817.410,208933384.000
2025-11-24,6856.750,6868.97,6905.920,6797.500,166363913.000
2025-11-25,6915.120,6954.6,7018.470,6912.320,162712530.000
2025-11-26,6946.080,6965.05,7024.880,6936.880,148943526.000
2025-11-27,6970.730,6951.28,7045.840,6943.440,137841103.000
2025-11-28,6947.240,7031.55,7031.710,6941.480,140211184.000
2025-12-01,7053.850,7101.83,7101.830,7040.800,178973432.000
2025-12-02,7084.800,7040.3,7085.300,7022.610,149518197.000
2025-12-03,7044.860,6996.36,7064.160,6975.090,157838867.000
2025-12-04,7001.640,7012.81,7039.720,6958.630,141038338.000
2025-12-05,7008.650,7097.84,7104.020,6965.810,168738274.000
2025-12-08,7119.050,7172.37,7193.720,7114.320,192611750.000
2025-12-09,7150.970,7121.33,7185.110,7103.830,166901066.000
2025-12-10,7111.570,7155.99,7171.970,7070.480,153967827.000
2025-12-11,7171.210,7082.89,7179.420,7082.890,181848554.000
2025-12-12,7088.100,7169.79,7187.100,7063.840,198402473.000
2025-12-15,7121.380,7113.96,7177.150,7110.680,172174064.000
2025-12-16,7101.670,7001.32,7102.770,6962.650,172065874.000
2025-12-17,7002.510,7137.83,7160.780,6988.870,174413136.000
2025-12-18,7096.980,7100.84,7172.960,7094.540,154896123.000
2025-12-19,7124.400,7169.55,7197.070,7117.160,178843146.000
2025-12-22,7205.490,7255.66,7277.390,7205.490,178242881.000
2025-12-23,7257.910,7256.79,7297.700,7228.720,173476002.000
2025-12-24,7257.620,7352.04,7362.570,7247.410,168837713.000
2025-12-25,7341.920,7410.71,7426.140,7334.340,168414201.000
2025-12-26,7422.600,7458.84,7484.920,7397.430,199276884.000
2025-12-29,7467.500,7430.61,7491.690,7411.450,198844338.000
2025-12-30,7390.140,7458.94,7495.060,7389.870,196203615.000
2025-12-31,7473.750,7465.57,7488.070,7435.070,194427743.000
2026-01-05,7523.880,7651.2,7651.240,7523.250,251853863.000
2026-01-06,7663.940,7814.14,7814.650,7663.660,313125102.000
2026-01-07,7838.910,7875.08,7909.660,7828.390,293903440.000
2026-01-08,7853.210,7894.54,7938.590,7849.070,293561735.000
2026-01-09,7907.850,8056.69,8064.760,7907.850,314624674.000
2026-01-12,8141.630,8249.13,8261.350,8103.240,335236286.000
2026-01-13,8270.420,8143.28,8270.420,8106.610,364131033.000
2026-01-14,8165.350,8227.7,8368.220,8123.400,422766002.000
2026-01-15,8170.350,8223.27,8249.030,8148.790,313595830.000
2026-01-16,8241.690,8232.67,8292.740,8204.530,281979042.000
2026-01-19,8199.500,8287.95,8318.370,8195.090,261497382.000
2026-01-20,8307.640,8247.8,8342.870,8142.140,289864460.000
2026-01-21,8196.560,8340.11,8351.450,8196.560,243304381.000
2026-01-22,8355.680,8387.59,8396.130,8337.200,268805243.000
2026-01-23,8422.360,8590.17,8590.170,8417.750,319690069.000
2026-01-26,8624.890,8506.69,8671.350,8453.480,349285597.000
2026-01-27,8464.650,8548.93,8581.100,8368.180,302852606.000
2026-01-28,8565.340,8601.16,8633.150,8526.530,311774257.000
2026-01-29,8584.680,8517.84,8658.940,8503.090,354198387.000
2026-01-30,8439.650,8370.52,8496.340,8194.580,328947170.000
2026-02-02,8279.720,8037.05,8324.430,8032.350,299646022.000
2026-02-03,8135.870,8286.7,8286.700,8075.370,272227136.000
2026-02-04,8270.840,8299.06,8309.860,8179.350,268860277.000
2026-02-05,8203.060,8146.11,8224.780,8081.430,231840515.000
2026-02-06,8054.220,8146.41,8247.300,8014.660,218642144.000
2026-02-09,8280.110,8311.28,8313.470,8229.000,211667566.000
2026-02-10,8318.530,8306.44,8331.990,8258.150,195806220.000
2026-02-11,8295.330,8325.81,8373.500,8295.120,204019703.000
2026-02-12,8342.370,8423.57,8437.420,8341.770,212138318.000
2026-02-13,8366.330,8299.58,8419.760,8290.840,202785725.000
2026-02-24,8403.310,8392.91,8444.130,8328.570,224629278.000
2026-02-25,8412.080,8527.56,8551.530,8401.600,277893389.000
2026-02-26,8542.830,8557.22,8582.760,8490.920,254111765.000
2026-02-27,8499.800,8658.45,8658.450,8499.800,280361167.000
2026-03-02,8585.850,8658.33,8683.980,8551.460,339032296.000
2026-03-03,8651.060,8281.61,8654.570,8267.110,346153906.000
2026-03-04,8167.980,8248.95,8377.170,8167.980,272107714.000
2026-03-05,8383.550,8309.17,8391.040,8251.110,256343454.000
2026-03-06,8273.180,8360.33,8394.330,8258.640,234514960.000
2026-03-09,8234.190,8279.48,8305.920,8066.140,286518510.000
2026-03-10,8341.140,8410.3,8412.930,8330.930,239941358.000
2026-03-11,8419.310,8403.33,8439.620,8379.030,264487389.000
2026-03-12,8396.720,8359.47,8433.040,8290.590,282436504.000
2026-03-13,8317.780,8239.8,8371.720,8217.970,288130990.000
2026-03-16,8227.690,8185.15,8233.660,8060.780,256205982.000
2026-03-17,8199.990,8016.03,8207.460,8016.000,230132800.000
2026-03-18,8044.920,8096.43,8105.960,7958.450,206493923.000
2026-03-19,7975.850,7877.09,8000.430,7844.150,219744866.000
2026-03-20,7913.490,7760.04,7941.590,7757.830,219448788.000
2026-03-23,7623.240,7440.75,7708.430,7399.040,271561024.000
2026-03-24,7555.080,7597.37,7597.370,7379.860,228966418.000
2026-03-25,7660.400,7767.67,7806.910,7660.400,240711554.000
2026-03-26,7757.020,7642.13,7777.290,7620.780,206216126.000
2026-03-27,7539.200,7737.61,7785.380,7539.200,188205066.000
2026-03-30,7655.150,7753.72,7766.110,7610.550,197838569.000
2026-03-31,7740.580,7617.33,7788.890,7617.330,199086035.000
2026-04-01,7764.340,7750.09,7778.990,7689.590,175960670.000
2026-04-02,7726.450,7605.29,7740.100,7562.210,172084873.000
2026-04-03,7636.660,7534.94,7640.840,7518.350,151637356.000
2026-04-07,7562.140,7571.11,7630.140,7529.400,146961357.000
2026-04-08,7741.630,7945.15,7945.150,7741.630,231936612.000
2026-04-09,7865.210,7898.63,7947.680,7845.960,190555650.000
2026-04-10,7958.810,7969.36,8070.650,7953.500,203404351.000
2026-04-13,7917.920,7967.7,7990.980,7917.920,194948695.000
2026-04-14,8039.070,8088.57,8088.570,8002.650,214295672.000
2026-04-15,8144.810,8044.08,8150.620,8020.870,203656066.000
2026-04-16,8068.150,8180.08,8189.180,8056.780,188455683.000
2026-04-17,8155.400,8214.19,8230.110,8149.940,191578840.000
2026-04-20,8223.580,8290.02,8310.940,8214.260,213764020.000
2026-04-21,8263.380,8270.33,8281.320,8189.760,201836317.000
2026-04-22,8226.850,8376.18,8377.340,8226.850,213337236.000
2026-04-23,8387.760,8295.21,8401.500,8220.950,249486989.000
2026-04-24,8244.780,8247.88,8299.880,8165.800,222311893.000
2026-04-27,8236.430,8299.05,8326.150,8219.940,224595802.000
2026-04-28,8274.630,8203.96,8275.330,8173.440,220109130.000
2026-04-29,8157.350,8342.42,8356.720,8157.350,230872017.000
2026-04-30,8331.440,8349.51,8375.190,8300.500,247554652.000
2026-05-06,8441.340,8588.44,8621.350,8441.340,274647452.000
2026-05-07,8637.840,8696.8,8700.340,8598.710,270994179.000
2026-05-08,8638.840,8694.17,8706.330,8616.220,271143535.000
2026-05-11,8771.180,8839.74,8863.770,8716.450,288330196.000
2026-05-12,8856.180,8785.98,8856.180,8736.420,269870968.000
2026-05-13,8730.910,8918.24,8925.880,8730.910,254096888.000
2026-05-14,8952.950,8670.16,8956.660,8670.160,289502566.000
2026-05-15,8676.620,8536.34,8717.090,8473.040,270961762.000
2026-05-18,8493.020,8554.24,8606.410,8472.420,231093417.000
2026-05-19,8524.150,8627.95,8633.060,8416.520,243868820.000
2026-05-20,8581.390,8656.31,8681.720,8552.430,230418697.000
2026-05-21,8703.170,8419.84,8790.380,8406.290,279489158.000
2026-05-22,8473.610,8576.94,8591.150,8414.940,221610391.000
2026-05-25,8631.210,8703.89,8705.200,8543.890,235052890.000
2026-05-26,8665.440,8658.62,8673.210,8529.670,247107844.000
2026-05-27,8659.220,8530.98,8722.580,8491.320,259116734.000
2026-05-28,8503.670,8563.22,8596.450,8424.450,242240006.000
2026-05-29,8589.820,8359.56,8597.980,8296.240,281190616.000
2026-06-01,8358.490,8274.21,8442.530,8259.600,258175027.000
2026-06-02,8290.830,8321.43,8378.430,8142.510,239589696.000
2026-06-03,8317.000,8362.16,8462.670,8294.290,253576531.000
2026-06-04,8279.860,8356.74,8391.050,8279.860,230821976.000
2026-06-05,8317.640,8251.14,8399.410,8218.140,247089347.000
2026-06-08,7978.660,7963.45,8142.340,7889.400,244793198.000
2026-06-09,8059.340,8176.18,8181.130,7965.490,209292978.000
2026-06-10,8094.140,8063.86,8148.260,7973.550,210910098.000
2026-06-11,8025.610,8035.78,8091.680,7965.020,196857776.000
2026-06-12,8189.210,8106.2,8258.910,8098.780,266244080.000
2026-06-15,8175.050,8406.75,8406.780,8174.590,255562638.000
2026-06-16,8430.920,8507.98,8538.190,8413.510,231495094.000
2026-06-17,8451.630,8627.09,8630.520,8451.630,224646015.000
2026-06-18,8590.500,8673.09,8716.340,8587.980,239467579.000
2026-06-22,8709.660,8868.78,8870.490,8605.220,280023119.000
2026-06-23,8831.590,8688.59,8895.340,8629.010,272403149.000
2026-06-24,8638.660,8842.94,8850.790,8613.080,245311473.000
2026-06-25,8844.850,8938.01,8940.960,8803.600,260102086.000
2026-06-26,8891.030,8703.57,8926.750,8647.770,258558296.000
2026-06-29,8731.580,8821.09,8837.030,8587.880,251461066.000
2026-06-30,8815.110,9031.38,9040.130,8771.660,224330809.000
2026-07-01,9052.040,9028.93,9147.560,8956.180,263104578.000
2026-07-02,8829.620,8694.18,8932.650,8667.420,261281407.000
2026-07-03,8702.330,8745.26,8860.420,8636.150,230148424.000
2026-07-06,8790.970,8651.13,8823.050,8570.890,230152910.000
2026-07-07,8604.080,8508.79,8663.670,8457.580,199639190.000
2026-07-08,8539.020,8390.02,8571.520,8343.920,197220165.000
2026-07-09,8437.150,8652.79,8659.650,8281.950,215080488.000
2026-07-10,8672.360,8503.97,8783.250,8503.240,251414388.000
2026-07-13,8409.140,8138.14,8457.690,8106.270,224037631.000
2026-07-14,8135.050,8275.94,8275.960,7955.310,215841090.000
2026-07-15,8294.140,8147.58,8305.270,8117.460,209115524.000
2026-07-16,8006.450,7955.66,8148.040,7907.100,193110603.000
2026-07-17,7900.100,7513.76,7908.740,7474.150,236745743.000
2026-07-20,7597.770,7411.31,7626.490,7253.520,253763302.000
2026-07-21,7437.450,7800.61,7802.750,7270.950,268381453.000
2026-07-22,7741.910,7751.66,7889.450,7701.220,230747285.000
2026-07-23,7750.850,7734.31,7795.350,7659.000,204974420.000
2026-07-24,7625.200,7532.7,7703.600,7532.670,186624835.000
2026-07-27,7512.400,7720.6,7721.400,7466.540,174192553.000
2026-07-28,7589.760,7443.43,7646.020,7412.630,161832458.000
2026-07-29,7444.800,7524.51,7572.810,7325.360,206604121.000
2026-07-30,7477.310,7309.58,7536.490,7221.950,208735757.000
2026-07-31,7537.850,7493.99,7638.780,7487.430,216635960.000
2026-08-03,7457.120,7414.520,7499.580,7397.940,198312346.000
