date,close,pct
1990-01-01,1000.0,0.0
2004-12-31,1000.0,0.0
2005-01-04,981.56,-1.84
2005-01-05,986.54,0.51
2005-01-06,975.53,-1.12
2005-01-07,980.72,0.53
2005-01-10,989.53,0.9
2005-01-11,990.28,0.08
2005-01-12,989.82,-0.05
2005-01-13,989.73,-0.01
2005-01-14,984.76,-0.5
2005-01-17,961.33,-2.38
2005-01-18,965.39,0.42
2005-01-19,959.25,-0.64
2005-01-20,949.45,-1.02
2005-01-21,976.92,2.89
2005-01-24,992.22,1.57
2005-01-25,994.67,0.25
2005-01-26,988.22,-0.65
2005-01-27,976.56,-1.18
2005-01-28,969.62,-0.71
2005-01-31,959.1,-1.09
2005-02-01,962.42,0.35
2005-02-02,1012.53,5.21
2005-02-03,1004.11,-0.83
2005-02-04,1027.26,2.31
2005-02-16,1034.99,0.75
2005-02-17,1028.54,-0.62
2005-02-18,1013.78,-1.44
2005-02-21,1032.69,1.87
2005-02-22,1054.21,2.08
2005-02-23,1054.11,-0.01
2005-02-24,1053.41,-0.07
2005-02-25,1053.84,0.04
2005-02-28,1047.24,-0.63
2005-03-01,1040.56,-0.64
2005-03-02,1023.22,-1.67
2005-03-03,1031.41,0.8
2005-03-04,1027.52,-0.38
2005-03-07,1033.63,0.6
2005-03-08,1054.1,1.98
2005-03-09,1054.37,0.03
2005-03-10,1027.82,-2.52
2005-03-11,1031.73,0.38
2005-03-14,1038.42,0.65
2005-03-15,1018.74,-1.89
2005-03-16,1008.53,-1.0
2005-03-17,996.6,-1.18
2005-03-18,984.56,-1.21
2005-03-21,990.67,0.62
2005-03-22,976.08,-1.47
2005-03-23,970.32,-0.59
2005-03-24,976.58,0.65
2005-03-25,975.01,-0.16
2005-03-28,973.51,-0.15
2005-03-29,968.58,-0.51
2005-03-30,952.3,-1.68
2005-03-31,956.04,0.39
2005-04-01,990.51,3.61
2005-04-04,972.74,-1.79
2005-04-05,963.35,-0.97
2005-04-06,978.03,1.52
2005-04-07,985.12,0.73
2005-04-08,1002.47,1.76
2005-04-11,995.76,-0.67
2005-04-12,981.1,-1.47
2005-04-13,1003.32,2.27
2005-04-14,995.38,-0.79
2005-04-15,983.89,-1.16
2005-04-18,971.47,-1.26
2005-04-19,973.61,0.22
2005-04-20,966.07,-0.78
2005-04-21,958.31,-0.8
2005-04-22,956.41,-0.2
2005-04-25,944.96,-1.2
2005-04-26,947.9,0.31
2005-04-27,932.02,-1.68
2005-04-28,941.7,1.04
2005-04-29,932.53,-0.97
2005-05-09,911.56,-2.25
2005-05-10,916.11,0.5
2005-05-11,905.32,-1.18
2005-05-12,885.87,-2.15
2005-05-13,883.51,-0.27
2005-05-16,873.69,-1.11
2005-05-17,880.58,0.79
2005-05-18,878.8,-0.2
2005-05-19,878.11,-0.08
2005-05-20,876.41,-0.19
2005-05-23,852.18,-2.77
2005-05-24,852.25,0.01
2005-05-25,850.88,-0.16
2005-05-26,840.5,-1.22
2005-05-27,833.56,-0.83
2005-05-30,839.14,0.67
2005-05-31,841.31,0.26
2005-06-01,824.39,-2.01
2005-06-02,808.13,-1.97
2005-06-03,803.47,-0.58
2005-06-06,819.9,2.04
2005-06-07,818.32,-0.19
2005-06-08,886.63,8.35
2005-06-09,891.89,0.59
2005-06-10,875.38,-1.85
2005-06-13,867.3,-0.92
2005-06-14,862.26,-0.58
2005-06-15,849.04,-1.53
2005-06-16,857.33,0.98
2005-06-17,863.76,0.75
2005-06-20,885.11,2.47
2005-06-21,875.99,-1.03
2005-06-22,875.62,-0.04
2005-06-23,868.77,-0.78
2005-06-24,874.57,0.67
2005-06-27,888.22,1.56
2005-06-28,878.1,-1.14
2005-06-29,875.3,-0.32
2005-06-30,855.46,-2.27
2005-07-01,844.23,-1.31
2005-07-04,840.77,-0.41
2005-07-05,831.07,-1.15
2005-07-06,826.75,-0.52
2005-07-07,829.51,0.33
2005-07-08,815.58,-1.68
2005-07-11,808.77,-0.84
2005-07-12,830.48,2.68
2005-07-13,825.71,-0.58
2005-07-14,827.39,0.2
2005-07-15,818.4,-1.09
2005-07-18,808.58,-1.2
2005-07-19,808.63,0.01
2005-07-20,818.13,1.18
2005-07-21,821.68,0.43
2005-07-22,833.38,1.42
2005-07-25,830.65,-0.33
2005-07-26,848.28,2.12
2005-07-27,866.04,2.09
2005-07-28,864.49,-0.18
2005-07-29,862.55,-0.22
2005-08-01,865.68,0.36
2005-08-02,876.17,1.21
2005-08-03,882.12,0.68
2005-08-04,879.67,-0.28
2005-08-05,895.89,1.84
2005-08-08,902.92,0.78
2005-08-09,909.24,0.7
2005-08-10,913.27,0.44
2005-08-11,924.4,1.22
2005-08-12,915.7,-0.94
2005-08-15,929.63,1.52
2005-08-16,922.6,-0.76
2005-08-17,929.27,0.72
2005-08-18,911.76,-1.88
2005-08-19,912.63,0.1
2005-08-22,917.65,0.55
2005-08-23,910.62,-0.77
2005-08-24,918.98,0.92
2005-08-25,916.99,-0.22
2005-08-26,913.3,-0.4
2005-08-29,900.07,-1.45
2005-08-30,897.89,-0.24
2005-08-31,910.62,1.42
2005-09-01,924.79,1.56
2005-09-02,926.82,0.22
2005-09-05,930.53,0.4
2005-09-06,915.42,-1.62
2005-09-07,929.65,1.55
2005-09-08,932.03,0.26
2005-09-09,929.7,-0.25
2005-09-12,928.82,-0.1
2005-09-13,941.82,1.4
2005-09-14,948.07,0.66
2005-09-15,951.17,0.33
2005-09-16,948.7,-0.26
2005-09-19,953.98,0.56
2005-09-20,946.16,-0.82
2005-09-21,929.26,-1.79
2005-09-22,906.98,-2.4
2005-09-23,903.4,-0.4
2005-09-26,903.09,-0.03
2005-09-27,890.25,-1.42
2005-09-28,886.86,-0.38
2005-09-29,899.23,1.39
2005-09-30,903.06,0.43
2005-10-10,890.68,-1.37
2005-10-11,901.63,1.23
2005-10-12,905.32,0.41
2005-10-13,899.29,-0.67
2005-10-14,887.56,-1.3
2005-10-17,875.46,-1.36
2005-10-18,879.84,0.5
2005-10-19,875.43,-0.5
2005-10-20,873.7,-0.2
2005-10-21,877.16,0.4
2005-10-24,875.93,-0.14
2005-10-25,864.12,-1.35
2005-10-26,845.45,-2.16
2005-10-27,841.55,-0.46
2005-10-28,833.96,-0.9
2005-10-31,842.28,1.0
2005-11-01,838.28,-0.48
2005-11-02,848.9,1.27
2005-11-03,840.04,-1.04
2005-11-04,844.36,0.51
2005-11-07,843.23,-0.14
2005-11-08,846.3,0.36
2005-11-09,844.47,-0.22
2005-11-10,827.9,-1.96
2005-11-11,826.54,-0.17
2005-11-14,822.91,-0.44
2005-11-15,820.35,-0.31
2005-11-16,831.4,1.35
2005-11-17,827.9,-0.42
2005-11-18,846.31,2.22
2005-11-21,849.34,0.36
2005-11-22,835.28,-1.66
2005-11-23,840.82,0.66
2005-11-24,845.48,0.56
2005-11-25,846.42,0.11
2005-11-28,844.82,-0.19
2005-11-29,835.29,-1.13
2005-11-30,834.36,-0.11
2005-12-01,835.49,0.14
2005-12-02,835.91,0.05
2005-12-05,825.92,-1.2
2005-12-06,832.28,0.77
2005-12-07,839.33,0.85
2005-12-08,839.04,-0.04
2005-12-09,850.36,1.35
2005-12-12,851.4,0.12
2005-12-13,852.49,0.13
2005-12-14,858.27,0.68
2005-12-15,858.98,0.08
2005-12-16,866.22,0.84
2005-12-19,871.47,0.61
2005-12-20,873.17,0.2
2005-12-21,867.74,-0.62
2005-12-22,872.33,0.53
2005-12-23,879.13,0.78
2005-12-26,887.17,0.92
2005-12-27,887.31,0.02
2005-12-28,891.09,0.43
2005-12-29,895.86,0.54
2005-12-30,890.49,-0.6
2006-01-04,900.52,1.13
2006-01-05,919.63,2.12
2006-01-06,929.28,1.05
2006-01-09,931.27,0.21
2006-01-10,933.5,0.24
2006-01-11,930.28,-0.35
2006-01-12,938.58,0.89
2006-01-13,932.33,-0.67
2006-01-16,917.84,-1.55
2006-01-17,921.0,0.34
2006-01-18,939.22,1.98
2006-01-19,952.04,1.37
2006-01-20,956.25,0.44
2006-01-23,957.95,0.18
2006-01-24,955.07,-0.3
2006-01-25,961.83,0.71
2006-02-06,985.96,2.51
2006-02-07,983.48,-0.25
2006-02-08,985.77,0.23
2006-02-09,974.17,-1.18
2006-02-10,985.28,1.14
2006-02-13,985.07,-0.02
2006-02-14,988.0,0.3
2006-02-15,990.6,0.26
2006-02-16,966.81,-2.4
2006-02-17,968.81,0.21
2006-02-20,969.79,0.1
2006-02-21,987.74,1.85
2006-02-22,989.12,0.14
2006-02-23,992.06,0.3
2006-02-24,1000.76,0.88
2006-02-27,996.84,-0.39
2006-02-28,997.97,0.11
2006-03-01,1002.58,0.46
2006-03-02,990.1,-1.25
2006-03-03,997.1,0.71
2006-03-06,994.67,-0.24
2006-03-07,974.41,-2.04
2006-03-08,965.01,-0.97
2006-03-09,965.51,0.05
2006-03-10,969.33,0.4
2006-03-13,979.08,1.01
2006-03-14,980.89,0.19
2006-03-15,990.67,1.0
2006-03-16,986.61,-0.41
2006-03-17,983.8,-0.29
2006-03-20,995.26,1.17
2006-03-21,993.73,-0.15
2006-03-22,995.73,0.2
2006-03-23,996.35,0.06
2006-03-24,992.44,-0.39
2006-03-27,994.35,0.19
2006-03-28,996.76,0.24
2006-03-29,1004.99,0.83
2006-03-30,998.48,-0.65
2006-03-31,999.83,0.14
2006-04-03,1009.95,1.01
2006-04-04,1020.0,1.0
2006-04-05,1029.27,0.91
2006-04-06,1029.44,0.02
2006-04-07,1029.41,0.0
2006-04-10,1044.85,1.5
2006-04-11,1054.37,0.91
2006-04-12,1046.23,-0.77
2006-04-13,1032.12,-1.35
2006-04-14,1056.89,2.4
2006-04-17,1064.55,0.73
2006-04-18,1070.21,0.53
2006-04-19,1072.73,0.24
2006-04-20,1061.49,-1.05
2006-04-21,1072.53,1.04
2006-04-24,1059.6,-1.21
2006-04-25,1049.79,-0.93
2006-04-26,1065.18,1.47
2006-04-27,1061.93,-0.31
2006-04-28,1066.88,0.47
2006-05-08,1103.74,3.46
2006-05-09,1122.55,1.71
2006-05-10,1132.29,0.87
2006-05-11,1122.48,-0.87
2006-05-12,1150.35,2.48
2006-05-15,1198.19,4.16
2006-05-16,1190.35,-0.65
2006-05-17,1211.98,1.82
2006-05-18,1201.32,-0.88
2006-05-19,1227.82,2.21
2006-05-22,1245.5,1.44
2006-05-23,1207.18,-3.08
2006-05-24,1193.78,-1.11
2006-05-25,1183.8,-0.84
2006-05-26,1203.07,1.63
2006-05-29,1234.03,2.57
2006-05-30,1241.3,0.59
2006-05-31,1240.45,-0.07
2006-06-01,1270.67,2.44
2006-06-02,1262.3,-0.66
2006-06-05,1272.59,0.82
2006-06-06,1276.65,0.32
2006-06-07,1206.64,-5.48
2006-06-08,1214.94,0.69
2006-06-09,1186.51,-2.34
2006-06-12,1186.92,0.04
2006-06-13,1182.46,-0.38
2006-06-14,1162.02,-1.73
2006-06-15,1161.39,-0.05
2006-06-16,1189.33,2.41
2006-06-19,1195.34,0.51
2006-06-20,1200.32,0.42
2006-06-21,1199.27,-0.09
2006-06-22,1194.8,-0.37
2006-06-23,1197.24,0.2
2006-06-26,1215.74,1.55
2006-06-27,1213.19,-0.21
2006-06-28,1217.18,0.33
2006-06-29,1247.41,2.48
2006-06-30,1247.73,0.03
2006-07-03,1263.33,1.25
2006-07-04,1250.75,-1.0
2006-07-05,1235.05,-1.26
2006-07-06,1255.65,1.67
2006-07-07,1247.54,-0.65
2006-07-10,1247.44,-0.01
2006-07-11,1247.53,0.01
2006-07-12,1248.79,0.1
2006-07-13,1188.87,-4.8
2006-07-14,1194.72,0.49
2006-07-17,1209.87,1.27
2006-07-18,1211.18,0.11
2006-07-19,1183.17,-2.31
2006-07-20,1187.42,0.36
2006-07-21,1193.66,0.53
2006-07-24,1191.88,-0.15
2006-07-25,1208.44,1.39
2006-07-26,1209.52,0.09
2006-07-27,1197.06,-1.03
2006-07-28,1188.21,-0.74
2006-07-31,1145.26,-3.62
2006-08-01,1138.16,-0.62
2006-08-02,1134.84,-0.29
2006-08-03,1136.6,0.16
2006-08-04,1111.83,-2.18
2006-08-07,1094.57,-1.55
2006-08-08,1119.2,2.25
2006-08-09,1116.81,-0.21
2006-08-10,1138.08,1.9
2006-08-11,1140.17,0.18
2006-08-14,1113.47,-2.34
2006-08-15,1131.99,1.66
2006-08-16,1144.74,1.13
2006-08-17,1135.08,-0.84
2006-08-18,1131.81,-0.29
2006-08-21,1129.45,-0.21
2006-08-22,1138.12,0.77
2006-08-23,1138.59,0.04
2006-08-24,1144.74,0.54
2006-08-25,1152.08,0.64
2006-08-28,1173.06,1.82
2006-08-29,1174.2,0.1
2006-08-30,1175.72,0.13
2006-08-31,1179.85,0.35
2006-09-01,1169.28,-0.9
2006-09-04,1182.63,1.14
2006-09-05,1179.51,-0.26
2006-09-06,1184.53,0.43
2006-09-07,1168.44,-1.36
2006-09-08,1171.31,0.25
2006-09-11,1173.79,0.21
2006-09-12,1184.5,0.91
2006-09-13,1180.85,-0.31
2006-09-14,1174.41,-0.55
2006-09-15,1201.04,2.27
2006-09-18,1214.63,1.13
2006-09-19,1214.26,-0.03
2006-09-20,1209.01,-0.43
2006-09-21,1211.18,0.18
2006-09-22,1196.8,-1.19
2006-09-25,1189.92,-0.57
2006-09-26,1182.41,-0.63
2006-09-27,1189.67,0.62
2006-09-28,1198.26,0.72
2006-09-29,1208.23,0.83
2006-10-09,1231.72,1.94
2006-10-10,1237.39,0.46
2006-10-11,1240.38,0.24
2006-10-12,1248.17,0.63
2006-10-13,1248.45,0.02
2006-10-16,1238.47,-0.8
2006-10-17,1233.43,-0.41
2006-10-18,1248.46,1.22
2006-10-19,1251.33,0.23
2006-10-20,1246.24,-0.41
2006-10-23,1224.38,-1.75
2006-10-24,1253.51,2.38
2006-10-25,1257.13,0.29
2006-10-26,1261.84,0.37
2006-10-27,1260.02,-0.14
2006-10-30,1282.19,1.76
2006-10-31,1302.22,1.56
2006-11-01,1321.41,1.47
2006-11-02,1330.0,0.65
2006-11-03,1333.87,0.29
2006-11-06,1370.94,2.78
2006-11-07,1364.27,-0.49
2006-11-08,1340.11,-1.77
2006-11-09,1360.6,1.53
2006-11-10,1335.43,-1.85
2006-11-13,1302.69,-2.45
2006-11-14,1304.11,0.11
2006-11-15,1349.15,3.45
2006-11-16,1340.69,-0.63
2006-11-17,1379.0,2.86
2006-11-20,1408.72,2.16
2006-11-21,1425.16,1.17
2006-11-22,1426.55,0.1
2006-11-23,1440.1,0.95
2006-11-24,1443.37,0.23
2006-11-27,1461.65,1.27
2006-11-28,1455.44,-0.43
2006-11-29,1472.41,1.17
2006-11-30,1524.85,3.56
2006-12-01,1533.01,0.54
2006-12-04,1574.26,2.69
2006-12-05,1585.13,0.69
2006-12-06,1563.43,-1.37
2006-12-07,1570.25,0.44
2006-12-08,1508.22,-3.95
2006-12-11,1573.87,4.35
2006-12-12,1586.93,0.83
2006-12-13,1603.87,1.07
2006-12-14,1627.31,1.46
2006-12-15,1644.07,1.03
2006-12-18,1667.32,1.42
2006-12-19,1678.49,0.67
2006-12-20,1685.17,0.4
2006-12-21,1648.96,-2.15
2006-12-22,1637.68,-0.68
2006-12-25,1668.71,1.89
2006-12-26,1688.03,1.16
2006-12-27,1718.09,1.78
2006-12-28,1715.76,-0.14
2006-12-29,1763.69,2.79
2007-01-04,1815.7,2.95
2007-01-05,1871.98,3.1
2007-01-08,1927.41,2.96
2007-01-09,1998.77,3.7
2007-01-10,2047.99,2.46
2007-01-11,2012.33,-1.74
2007-01-12,1929.26,-4.13
2007-01-15,2029.73,5.21
2007-01-16,2062.2,1.6
2007-01-17,2064.54,0.11
2007-01-18,2055.73,-0.43
2007-01-19,2122.33,3.24
2007-01-22,2217.93,4.5
2007-01-23,2250.65,1.48
2007-01-24,2276.44,1.15
2007-01-25,2176.37,-4.4
2007-01-26,2212.56,1.66
2007-01-29,2286.36,3.34
2007-01-30,2285.35,-0.04
2007-01-31,2136.56,-6.51
2007-02-01,2122.23,-0.67
2007-02-02,2039.91,-3.88
2007-02-05,2020.81,-0.94
2007-02-06,2046.09,1.25
2007-02-07,2101.02,2.69
2007-02-08,2160.55,2.83
2007-02-09,2155.53,-0.23
2007-02-12,2225.78,3.26
2007-02-13,2258.48,1.47
2007-02-14,2320.01,2.72
2007-02-15,2398.42,3.38
2007-02-16,2424.03,1.07
2007-02-26,2519.99,3.96
2007-02-27,2282.77,-9.41
2007-02-28,2385.03,4.48
2007-03-01,2305.38,-3.34
2007-03-02,2326.79,0.93
2007-03-05,2291.59,-1.51
2007-03-06,2306.49,0.65
2007-03-07,2371.77,2.83
2007-03-08,2404.3,1.37
2007-03-09,2392.89,-0.48
2007-03-12,2409.31,0.69
2007-03-13,2441.49,1.34
2007-03-14,2383.62,-2.37
2007-03-15,2432.7,2.06
2007-03-16,2376.0,-2.33
2007-03-19,2409.51,1.41
2007-03-20,2435.44,1.08
2007-03-21,2461.0,1.05
2007-03-22,2480.97,0.81
2007-03-23,2514.82,1.36
2007-03-26,2564.33,1.97
2007-03-27,2579.06,0.58
2007-03-28,2587.86,0.34
2007-03-29,2545.05,-1.65
2007-03-30,2564.18,0.75
2007-04-02,2644.1,3.12
2007-04-03,2677.91,1.28
2007-04-04,2691.27,0.5
2007-04-05,2724.58,1.24
2007-04-06,2759.18,1.27
2007-04-09,2829.74,2.56
2007-04-10,2880.19,1.78
2007-04-11,2907.09,0.93
2007-04-12,2960.7,1.84
2007-04-13,2937.52,-0.78
2007-04-16,3011.27,2.51
2007-04-17,3059.84,1.61
2007-04-18,3127.2,2.2
2007-04-19,2984.66,-4.56
2007-04-20,3124.32,4.68
2007-04-23,3294.24,5.44
2007-04-24,3344.32,1.52
2007-04-25,3340.16,-0.13
2007-04-26,3374.65,1.03
2007-04-27,3340.3,-1.02
2007-04-30,3386.36,1.38
2007-05-08,3544.62,4.67
2007-05-09,3546.5,0.05
2007-05-10,3600.53,1.52
2007-05-11,3568.69,-0.88
2007-05-14,3591.42,0.64
2007-05-15,3459.84,-3.66
2007-05-16,3540.31,2.33
2007-05-17,3609.17,1.95
2007-05-18,3610.16,0.03
2007-05-21,3684.38,2.06
2007-05-22,3738.13,1.46
2007-05-23,3812.72,2.0
2007-05-24,3753.87,-1.54
2007-05-25,3791.17,0.99
2007-05-28,3877.62,2.28
2007-05-29,3991.31,2.93
2007-05-30,3688.23,-7.59
2007-05-31,3689.33,0.03
2007-06-01,3526.34,-4.42
2007-06-04,3220.39,-8.68
2007-06-05,3336.88,3.62
2007-06-06,3383.47,1.4
2007-06-07,3515.88,3.91
2007-06-08,3564.76,1.39
2007-06-11,3639.53,2.1
2007-06-12,3808.51,4.64
2007-06-13,3863.99,1.46
2007-06-14,3807.91,-1.45
2007-06-15,3802.84,-0.13
2007-06-18,3914.49,2.94
2007-06-19,3948.89,0.88
2007-06-20,3871.65,-1.96
2007-06-21,3893.46,0.56
2007-06-22,3733.07,-4.12
2007-06-25,3520.56,-5.69
2007-06-26,3584.94,1.83
2007-06-27,3689.45,2.92
2007-06-28,3520.95,-4.57
2007-06-29,3464.77,-1.6
2007-07-02,3507.61,1.24
2007-07-03,3562.61,1.57
2007-07-04,3493.31,-1.95
2007-07-05,3282.7,-6.03
2007-07-06,3441.75,4.85
2007-07-09,3556.28,3.33
2007-07-10,3459.47,-2.72
2007-07-11,3481.43,0.64
2007-07-12,3490.21,0.25
2007-07-13,3512.59,0.64
2007-07-16,3393.22,-3.4
2007-07-17,3439.32,1.36
2007-07-18,3455.17,0.46
2007-07-19,3427.62,-0.8
2007-07-20,3540.01,3.28
2007-07-23,3773.1,6.58
2007-07-24,3779.9,0.18
2007-07-25,3892.08,2.97
2007-07-26,3932.66,1.04
2007-07-27,3986.81,1.38
2007-07-30,4103.8,2.93
2007-07-31,4164.31,1.47
2007-08-01,3995.39,-4.06
2007-08-02,4128.08,3.32
2007-08-03,4199.18,1.72
2007-08-06,4344.7,3.47
2007-08-07,4363.1,0.42
2007-08-08,4274.46,-2.03
2007-08-09,4339.99,1.53
2007-08-10,4303.02,-0.85
2007-08-13,4309.88,0.16
2007-08-14,4364.19,1.26
2007-08-15,4364.6,0.01
2007-08-16,4296.48,-1.56
2007-08-17,4217.18,-1.85
2007-08-20,4489.15,6.45
2007-08-21,4563.69,1.66
2007-08-22,4596.34,0.72
2007-08-23,4658.62,1.36
2007-08-24,4751.49,1.99
2007-08-27,4782.9,0.66
2007-08-28,4794.06,0.23
2007-08-29,4712.66,-1.7
2007-08-30,4796.76,1.79
2007-08-31,4894.49,2.04
2007-09-03,5118.68,4.58
2007-09-04,5091.3,-0.54
2007-09-05,5137.76,0.91
2007-09-06,5201.4,1.24
2007-09-07,5108.78,-1.78
2007-09-10,5202.21,1.83
2007-09-11,4935.77,-5.12
2007-09-12,5038.36,2.08
2007-09-13,5209.68,3.4
2007-09-14,5331.35,2.34
2007-09-17,5514.92,3.44
2007-09-18,5500.99,-0.25
2007-09-19,5414.06,-1.58
2007-09-20,5481.64,1.25
2007-09-21,5404.17,-1.41
2007-09-24,5445.44,0.76
2007-09-25,5313.86,-2.42
2007-09-26,5188.44,-2.36
2007-09-27,5280.09,1.77
2007-09-28,5426.17,2.77
2007-10-08,5386.07,-0.74
2007-10-09,5350.08,-0.67
2007-10-10,5395.84,0.86
2007-10-11,5411.67,0.29
2007-10-12,5388.62,-0.43
2007-10-15,5619.74,4.29
2007-10-16,5629.02,0.17
2007-10-17,5577.78,-0.91
2007-10-18,5358.99,-3.92
2007-10-19,5338.26,-0.39
2007-10-22,5132.21,-3.86
2007-10-23,5194.46,1.21
2007-10-24,5175.2,-0.37
2007-10-25,4829.81,-6.67
2007-10-26,4867.18,0.77
2007-10-29,5049.46,3.75
2007-10-30,5132.3,1.64
2007-10-31,5185.23,1.03
2007-11-01,5021.79,-3.15
2007-11-02,4813.3,-4.15
2007-11-05,4806.35,-0.14
2007-11-06,4784.27,-0.46
2007-11-07,4780.48,-0.08
2007-11-08,4542.17,-4.99
2007-11-09,4434.89,-2.36
2007-11-12,4331.75,-2.33
2007-11-13,4331.63,0.0
2007-11-14,4536.1,4.72
2007-11-15,4435.91,-2.21
2007-11-16,4387.13,-1.1
2007-11-19,4470.19,1.89
2007-11-20,4595.41,2.8
2007-11-21,4531.09,-1.4
2007-11-22,4343.96,-4.13
2007-11-23,4427.23,1.92
2007-11-26,4378.85,-1.09
2007-11-27,4321.99,-1.3
2007-11-28,4257.57,-1.49
2007-11-29,4378.28,2.84
2007-11-30,4265.16,-2.58
2007-12-03,4270.63,0.13
2007-12-04,4339.33,1.61
2007-12-05,4515.99,4.07
2007-12-06,4518.32,0.05
2007-12-07,4622.13,2.3
2007-12-10,4749.93,2.77
2007-12-11,4768.66,0.39
2007-12-12,4771.06,0.05
2007-12-13,4564.33,-4.33
2007-12-14,4657.58,2.04
2007-12-17,4589.6,-1.46
2007-12-18,4596.64,0.15
2007-12-19,4729.81,2.9
2007-12-20,4805.6,1.6
2007-12-21,4885.97,1.67
2007-12-24,4964.28,1.6
2007-12-25,5023.21,1.19
2007-12-26,5075.67,1.04
2007-12-27,5143.15,1.33
2007-12-28,5102.8,-0.79
2008-01-02,5163.14,1.18
2008-01-03,5315.44,2.95
2008-01-04,5327.54,0.23
2008-01-07,5414.61,1.63
2008-01-08,5359.42,-1.02
2008-01-09,5494.3,2.52
2008-01-10,5583.32,1.62
2008-01-11,5550.7,-0.58
2008-01-14,5604.01,0.96
2008-01-15,5614.5,0.19
2008-01-16,5423.98,-3.39
2008-01-17,5261.19,-3.0
2008-01-18,5305.46,0.84
2008-01-21,5038.25,-5.04
2008-01-22,4662.67,-7.45
2008-01-23,4919.94,5.52
2008-01-24,4991.08,1.45
2008-01-25,4996.42,0.11
2008-01-28,4638.12,-7.17
2008-01-29,4668.19,0.65
2008-01-30,4663.37,-0.1
2008-01-31,4589.11,-1.59
2008-02-01,4509.18,-1.74
2008-02-04,4888.85,8.42
2008-02-05,4880.22,-0.18
2008-02-13,4801.11,-1.62
2008-02-14,4885.47,1.76
2008-02-15,4845.42,-0.82
2008-02-18,4939.3,1.94
2008-02-19,5072.26,2.69
2008-02-20,5004.57,-1.33
2008-02-21,5052.93,0.97
2008-02-22,4894.18,-3.14
2008-02-25,4728.78,-3.38
2008-02-26,4669.04,-1.26
2008-02-27,4776.34,2.3
2008-02-28,4799.76,0.49
2008-02-29,4819.84,0.42
2008-03-03,4944.53,2.59
2008-03-04,4831.59,-2.28
2008-03-05,4752.52,-1.64
2008-03-06,4780.68,0.59
2008-03-07,4714.47,-1.39
2008-03-10,4522.27,-4.08
2008-03-11,4526.58,0.1
2008-03-12,4409.7,-2.58
2008-03-13,4253.07,-3.55
2008-03-14,4212.75,-0.95
2008-03-17,3949.56,-6.25
2008-03-18,3719.85,-5.82
2008-03-19,3864.78,3.9
2008-03-20,4007.18,3.68
2008-03-21,4105.32,2.45
2008-03-24,3935.13,-4.15
2008-03-25,4025.13,2.29
2008-03-26,4034.86,0.24
2008-03-27,3843.31,-4.75
2008-03-28,3960.47,3.05
2008-03-31,3808.97,-3.83
2008-04-01,3529.26,-7.34
2008-04-02,3440.75,-2.51
2008-04-03,3590.05,4.34
2008-04-07,3793.43,5.67
2008-04-08,3847.75,1.43
2008-04-09,3702.48,-3.78
2008-04-10,3788.45,2.32
2008-04-11,3811.91,0.62
2008-04-14,3577.15,-6.16
2008-04-15,3638.46,1.71
2008-04-16,3544.54,-2.58
2008-04-17,3405.8,-3.91
2008-04-18,3259.41,-4.3
2008-04-21,3255.69,-0.11
2008-04-22,3276.7,0.65
2008-04-23,3434.47,4.82
2008-04-24,3751.29,9.23
2008-04-25,3803.79,1.4
2008-04-28,3748.06,-1.47
2008-04-29,3812.13,1.71
2008-04-30,3966.07,4.04
2008-05-05,4079.21,2.85
2008-05-06,4043.81,-0.87
2008-05-07,3856.9,-4.62
2008-05-08,3980.88,3.21
2008-05-09,3989.83,0.23
2008-05-12,4024.95,0.88
2008-05-13,4030.57,0.14
2008-05-14,4131.89,2.51
2008-05-15,4126.88,-0.12
2008-05-16,4087.45,-0.96
2008-05-19,4073.59,-0.34
2008-05-20,3849.91,-5.49
2008-05-21,3955.91,2.75
2008-05-22,3901.81,-1.37
2008-05-23,3843.87,-1.49
2008-05-26,3708.14,-3.53
2008-05-27,3718.91,0.29
2008-05-28,3806.97,2.37
2008-05-29,3708.52,-2.59
2008-05-30,3734.0,0.69
2008-06-02,3755.85,0.59
2008-06-03,3757.3,0.04
2008-06-04,3675.06,-2.19
2008-06-05,3613.75,-1.67
2008-06-06,3603.41,-0.29
2008-06-10,3326.57,-7.68
2008-06-11,3256.88,-2.1
2008-06-12,3199.28,-1.77
2008-06-13,3096.49,-3.21
2008-06-16,3048.64,-1.55
2008-06-17,2925.24,-4.05
2008-06-18,3093.87,5.77
2008-06-19,2854.87,-7.73
2008-06-20,2903.52,1.7
2008-06-23,2826.27,-2.66
2008-06-24,2860.47,1.21
2008-06-25,2999.83,4.87
2008-06-26,3010.76,0.36
2008-06-27,2825.07,-6.17
2008-06-30,2795.79,-1.04
2008-07-01,2715.85,-2.86
2008-07-02,2736.01,0.74
2008-07-03,2816.71,2.95
2008-07-04,2772.4,-1.57
2008-07-07,2920.74,5.35
2008-07-08,2958.41,1.29
2008-07-09,3058.91,3.4
2008-07-10,2998.95,-1.96
2008-07-11,2971.0,-0.93
2008-07-14,3007.54,1.23
2008-07-15,2908.61,-3.29
2008-07-16,2786.24,-4.21
2008-07-17,2740.44,-1.64
2008-07-18,2821.33,2.95
2008-07-21,2918.47,3.44
2008-07-22,2921.41,0.1
2008-07-23,2885.97,-1.21
2008-07-24,2952.94,2.32
2008-07-25,2909.39,-1.48
2008-07-28,2939.05,1.02
2008-07-29,2887.27,-1.76
2008-07-30,2865.88,-0.74
2008-07-31,2783.51,-2.87
2008-08-01,2777.88,-0.2
2008-08-04,2687.55,0.0
2008-08-05,2582.16,-3.92
2008-08-06,2590.76,0.33
2008-08-07,2592.37,0.06
2008-08-08,2455.95,-5.26
2008-08-11,2326.84,-5.26
2008-08-12,2360.44,1.44
2008-08-13,2376.11,0.66
2008-08-14,2375.97,-0.01
2008-08-15,2368.55,-0.31
2008-08-18,2228.15,-5.93
2008-08-19,2262.47,1.54
2008-08-20,2418.71,6.91
2008-08-21,2318.93,-4.13
2008-08-22,2273.85,-1.94
2008-08-25,2254.34,-0.86
2008-08-26,2167.12,-3.87
2008-08-27,2157.4,-0.45
2008-08-28,2173.05,0.73
2008-08-29,2233.28,2.77
2008-09-01,2177.14,-2.51
2008-09-02,2172.64,-0.21
2008-09-03,2142.43,-1.39
2008-09-04,2152.82,0.48
2008-09-05,2088.46,-2.99
2008-09-08,2018.23,-3.36
2008-09-09,2042.64,1.21
2008-09-10,2051.7,0.44
2008-09-11,2011.46,-1.96
2008-09-12,2024.09,0.63
2008-09-16,1997.32,-1.32
2008-09-17,1959.53,-1.89
2008-09-18,1914.64,-2.29
2008-09-19,2079.88,8.63
2008-09-22,2163.63,4.03
2008-09-23,2072.69,-4.2
2008-09-24,2094.09,1.03
2008-09-25,2175.2,3.87
2008-09-26,2203.04,1.28
2008-10-06,2080.21,-5.58
2008-10-07,2053.11,-1.3
2008-10-08,2005.1,-2.34
2008-10-09,1969.52,-1.77
2008-10-10,1875.45,-4.78
2008-10-13,1911.66,1.93
2008-10-14,1867.38,-2.32
2008-10-15,1839.04,-1.52
2008-10-16,1750.46,-4.82
2008-10-17,1774.74,1.39
2008-10-20,1828.09,3.01
2008-10-21,1817.95,-0.56
2008-10-22,1775.59,-2.33
2008-10-23,1783.39,0.44
2008-10-24,1748.09,-1.98
2008-10-27,1629.95,-6.76
2008-10-28,1665.35,2.17
2008-10-29,1621.55,-2.63
2008-10-30,1651.19,1.83
2008-10-31,1615.56,-2.16
2008-11-03,1596.1,-1.2
2008-11-04,1568.82,-1.71
2008-11-05,1618.69,3.18
2008-11-06,1603.55,-0.94
2008-11-07,1617.39,0.86
2008-11-10,1722.4,6.49
2008-11-11,1717.48,-0.29
2008-11-12,1730.1,0.73
2008-11-13,1810.39,4.64
2008-11-14,1872.43,3.43
2008-11-17,1922.54,2.68
2008-11-18,1776.58,-7.59
2008-11-19,1875.0,5.54
2008-11-20,1851.81,-1.24
2008-11-21,1839.85,-0.65
2008-11-24,1775.12,-3.52
2008-11-25,1766.74,-0.47
2008-11-26,1791.66,1.41
2008-11-27,1821.41,1.66
2008-11-28,1798.44,-1.26
2008-12-01,1827.94,1.64
2008-12-02,1837.74,0.54
2008-12-03,1919.0,4.42
2008-12-04,1943.79,1.29
2008-12-05,1969.9,1.34
2008-12-08,2039.21,3.52
2008-12-09,2004.64,-1.7
2008-12-10,2028.44,1.19
2008-12-11,1981.51,-2.31
2008-12-12,1902.68,-3.98
2008-12-15,1924.41,1.14
2008-12-16,1947.67,1.21
2008-12-17,1961.41,0.71
2008-12-18,1988.22,1.37
2008-12-19,2001.14,0.65
2008-12-22,1973.24,-1.39
2008-12-23,1876.42,-4.91
2008-12-24,1838.65,-2.01
2008-12-25,1823.21,-0.84
2008-12-26,1804.81,-1.01
2008-12-29,1783.93,-1.16
2008-12-30,1746.51,-2.1
2008-12-31,1711.02,-2.03
2009-01-05,1776.05,3.8
2009-01-06,1833.28,3.22
2009-01-07,1821.68,-0.63
2009-01-08,1784.42,-2.05
2009-01-09,1822.58,2.14
2009-01-12,1838.33,0.86
2009-01-13,1797.3,-2.23
2009-01-14,1867.08,3.88
2009-01-15,1861.71,-0.29
2009-01-16,1885.97,1.3
2009-01-19,1895.27,0.49
2009-01-20,1908.31,0.69
2009-01-21,1896.28,-0.63
2009-01-22,1924.44,1.48
2009-01-23,1918.79,-0.29
2009-02-02,1957.42,2.01
2009-02-03,2012.17,2.8
2009-02-04,2061.96,2.47
2009-02-05,2055.04,-0.34
2009-02-06,2143.17,4.29
2009-02-09,2227.32,3.93
2009-02-10,2279.73,2.35
2009-02-11,2269.87,-0.43
2009-02-12,2250.85,-0.84
2009-02-13,2328.57,3.45
2009-02-16,2404.27,3.25
2009-02-17,2320.76,-3.47
2009-02-18,2206.94,-4.9
2009-02-19,2255.84,2.22
2009-02-20,2330.67,3.32
2009-02-23,2386.71,2.4
2009-02-24,2291.96,-3.97
2009-02-25,2277.21,-0.64
2009-02-26,2137.43,-6.14
2009-02-27,2038.24,-4.64
2009-03-02,2068.41,1.48
2009-03-03,2069.97,0.08
2009-03-04,2205.13,6.53
2009-03-05,2220.92,0.72
2009-03-06,2196.22,-1.11
2009-03-09,2107.41,-4.04
2009-03-10,2147.55,1.9
2009-03-11,2135.67,-0.55
2009-03-12,2133.84,-0.09
2009-03-13,2111.7,-1.04
2009-03-16,2140.61,1.37
2009-03-17,2222.98,3.85
2009-03-18,2255.13,1.45
2009-03-19,2309.85,2.43
2009-03-20,2337.32,1.19
2009-03-23,2392.71,2.37
2009-03-24,2410.78,0.76
2009-03-25,2339.57,-2.95
2009-03-26,2408.63,2.95
2009-03-27,2437.81,1.21
2009-03-30,2409.32,-1.17
2009-03-31,2407.3,-0.08
2009-04-01,2466.31,2.45
2009-04-02,2489.71,0.95
2009-04-03,2464.08,-1.03
2009-04-07,2480.84,0.68
2009-04-08,2395.23,-3.45
2009-04-09,2430.24,1.46
2009-04-10,2500.34,2.88
2009-04-13,2575.46,3.0
2009-04-14,2598.09,0.88
2009-04-15,2626.86,1.11
2009-04-16,2641.09,0.54
2009-04-17,2587.04,-2.05
2009-04-20,2641.19,2.09
2009-04-21,2614.96,-0.99
2009-04-22,2506.66,-4.14
2009-04-23,2533.95,1.09
2009-04-24,2501.48,-1.28
2009-04-27,2420.1,-3.25
2009-04-28,2433.68,0.56
2009-04-29,2493.77,2.47
2009-04-30,2513.34,0.78
2009-05-04,2624.54,4.42
2009-05-05,2636.42,0.45
2009-05-06,2681.29,1.7
2009-05-07,2668.45,-0.48
2009-05-08,2657.41,-0.41
2009-05-11,2578.07,-2.99
2009-05-12,2656.31,3.03
2009-05-13,2682.98,1.0
2009-05-14,2680.6,-0.09
2009-05-15,2680.08,-0.02
2009-05-18,2715.47,1.32
2009-05-19,2745.82,1.12
2009-05-20,2732.1,-0.5
2009-05-21,2675.0,-2.09
2009-05-22,2659.98,-0.56
2009-05-25,2669.27,0.35
2009-05-26,2637.59,-1.19
2009-05-27,2656.95,0.73
2009-06-01,2738.32,3.06
2009-06-02,2764.97,0.97
2009-06-03,2809.5,1.61
2009-06-04,2827.82,0.65
2009-06-05,2812.59,-0.54
2009-06-08,2786.86,-0.91
2009-06-09,2779.93,-0.25
2009-06-10,2823.9,1.58
2009-06-11,2789.35,-1.22
2009-06-12,2730.47,-2.11
2009-06-15,2735.21,0.17
2009-06-16,2737.19,0.07
2009-06-17,2774.59,1.37
2009-06-18,2799.83,0.91
2009-06-19,2807.65,0.28
2009-06-22,2805.28,-0.08
2009-06-23,2821.13,0.56
2009-06-24,2901.45,2.85
2009-06-25,2889.41,-0.41
2009-06-26,2883.28,-0.21
2009-06-29,2920.32,1.28
2009-06-30,2887.43,-1.13
2009-07-01,2928.78,1.43
2009-07-02,2955.37,0.91
2009-07-03,2981.11,0.87
2009-07-06,3059.13,2.62
2009-07-07,3051.88,-0.24
2009-07-08,3081.03,0.96
2009-07-09,3140.06,1.92
2009-07-10,3139.72,-0.01
2009-07-13,3109.83,-0.95
2009-07-14,3192.25,2.65
2009-07-15,3283.58,2.86
2009-07-16,3278.04,-0.17
2009-07-17,3330.01,1.59
2009-07-20,3424.19,2.83
2009-07-21,3346.05,-2.28
2009-07-22,3417.05,2.12
2009-07-23,3442.41,0.74
2009-07-24,3463.41,0.61
2009-07-27,3562.64,2.86
2009-07-28,3617.76,1.55
2009-07-29,3419.17,-5.49
2009-07-30,3484.7,1.92
2009-07-31,3618.04,3.83
2009-08-03,3758.84,3.89
2009-08-04,3817.93,1.57
2009-08-05,3771.13,-1.23
2009-08-06,3642.41,-3.41
2009-08-07,3489.27,-4.2
2009-08-10,3523.36,0.98
2009-08-11,3527.79,0.13
2009-08-12,3338.38,-5.37
2009-08-13,3376.01,1.13
2009-08-14,3274.83,-3.0
2009-08-17,3039.82,-7.18
2009-08-18,3110.45,2.32
2009-08-19,2930.22,-5.79
2009-08-20,3048.18,4.03
2009-08-21,3128.59,2.64
2009-08-24,3175.45,1.5
2009-08-25,3080.72,-2.98
2009-08-26,3149.57,2.23
2009-08-27,3135.69,-0.44
2009-08-28,3019.75,-3.7
2009-08-31,2777.81,-8.01
2009-09-01,2750.69,-0.98
2009-09-02,2777.47,0.97
2009-09-03,2956.07,6.43
2009-09-04,2985.74,1.0
2009-09-07,2993.94,0.27
2009-09-08,3071.92,2.6
2009-09-09,3133.0,1.99
2009-09-10,3093.76,-1.25
2009-09-11,3130.25,1.18
2009-09-14,3190.23,1.92
2009-09-15,3218.46,0.88
2009-09-16,3173.87,-1.39
2009-09-17,3232.69,1.85
2009-09-18,3115.92,-3.61
2009-09-21,3125.98,0.32
2009-09-22,3038.58,-2.8
2009-09-23,2949.85,-2.92
2009-09-24,2930.88,-0.64
2009-09-25,2894.14,-1.25
2009-09-28,2807.81,-2.98
2009-09-29,2788.8,-0.68
2009-09-30,2826.99,1.37
2009-10-09,2987.21,5.67
2009-10-12,2973.69,-0.45
2009-10-13,3027.45,1.81
2009-10-14,3054.79,0.9
2009-10-15,3078.35,0.77
2009-10-16,3084.12,0.19
2009-10-19,3178.54,3.06
2009-10-20,3210.07,0.99
2009-10-21,3195.68,-0.45
2009-10-22,3173.63,-0.69
2009-10-23,3238.48,2.04
2009-10-26,3256.79,0.57
2009-10-27,3151.27,-3.24
2009-10-28,3182.43,0.99
2009-10-29,3102.95,-2.5
2009-10-30,3131.57,0.92
2009-11-02,3227.95,3.08
2009-11-03,3282.5,1.69
2009-11-04,3307.98,0.78
2009-11-05,3336.09,0.85
2009-11-06,3362.9,0.8
2009-11-09,3397.14,1.02
2009-11-10,3393.02,-0.12
2009-11-11,3381.18,-0.35
2009-11-12,3397.56,0.48
2009-11-13,3407.42,0.29
2009-11-16,3524.51,3.44
2009-11-17,3525.33,0.02
2009-11-18,3533.48,0.23
2009-11-19,3561.46,0.79
2009-11-20,3547.11,-0.4
2009-11-23,3608.12,1.72
2009-11-24,3495.15,-3.13
2009-11-25,3629.85,3.85
2009-11-26,3492.8,-3.78
2009-11-27,3371.14,-3.48
2009-11-30,3520.22,4.42
2009-12-01,3606.65,2.46
2009-12-02,3633.56,0.75
2009-12-03,3666.5,0.91
2009-12-04,3652.57,-0.38
2009-12-07,3684.18,0.87
2009-12-08,3649.2,-0.95
2009-12-09,3591.62,-1.58
2009-12-10,3604.62,0.36
2009-12-11,3608.58,0.11
2009-12-14,3625.09,0.46
2009-12-15,3625.37,0.01
2009-12-16,3591.38,-0.94
2009-12-17,3482.58,-3.03
2009-12-18,3384.58,-2.81
2009-12-21,3395.59,0.33
2009-12-22,3284.61,-3.27
2009-12-23,3318.34,1.03
2009-12-24,3452.86,4.05
2009-12-25,3444.69,-0.24
2009-12-28,3504.75,1.74
2009-12-29,3518.88,0.4
2009-12-30,3555.85,1.05
2009-12-31,3566.12,0.29
2010-01-04,3532.21,-0.95
2010-01-05,3569.85,1.07
2010-01-06,3559.64,-0.29
2010-01-07,3480.28,-2.23
2010-01-08,3478.92,-0.04
2010-01-11,3476.13,-0.08
2010-01-12,3541.39,1.88
2010-01-13,3427.69,-3.21
2010-01-14,3478.36,1.48
2010-01-15,3483.32,0.14
2010-01-18,3515.62,0.93
2010-01-19,3520.88,0.15
2010-01-20,3407.73,-3.21
2010-01-21,3412.38,0.14
2010-01-22,3370.2,-1.24
2010-01-25,3321.61,-1.44
2010-01-26,3238.8,-2.49
2010-01-27,3196.6,-1.3
2010-01-28,3197.59,0.03
2010-01-29,3197.7,0.0
2010-02-01,3139.1,-1.83
2010-02-02,3132.73,-0.2
2010-02-03,3222.64,2.87
2010-02-04,3205.03,-0.55
2010-02-05,3135.65,-2.16
2010-02-08,3139.11,0.11
2010-02-09,3162.01,0.73
2010-02-10,3195.42,1.06
2010-02-11,3205.46,0.31
2010-02-12,3242.19,1.15
2010-02-22,3225.16,-0.53
2010-02-23,3207.47,-0.55
2010-02-24,3256.45,1.53
2010-02-25,3289.6,1.02
2010-02-26,3270.35,-0.59
2010-03-01,3311.51,1.26
2010-03-02,3291.09,-0.62
2010-03-03,3316.44,0.77
2010-03-04,3234.44,-2.47
2010-03-05,3240.11,0.18
2010-03-08,3272.29,0.99
2010-03-09,3290.52,0.56
2010-03-10,3264.74,-0.78
2010-03-11,3260.34,-0.13
2010-03-12,3216.46,-1.35
2010-03-15,3167.84,-1.51
2010-03-16,3170.75,0.09
2010-03-17,3235.27,2.03
2010-03-18,3227.63,-0.24
2010-03-19,3252.42,0.77
2010-03-22,3259.21,0.21
2010-03-23,3239.65,-0.6
2010-03-24,3239.42,-0.01
2010-03-25,3206.94,-1.0
2010-03-26,3242.89,1.12
2010-03-29,3312.59,2.15
2010-03-30,3314.98,0.07
2010-03-31,3291.28,-0.72
2010-04-01,3337.0,1.39
2010-04-02,3359.07,0.66
2010-04-06,3369.91,0.32
2010-04-07,3356.13,-0.41
2010-04-08,3318.02,-1.14
2010-04-09,3344.6,0.8
2010-04-12,3317.91,-0.8
2010-04-13,3354.01,1.09
2010-04-14,3364.33,0.31
2010-04-15,3353.28,-0.33
2010-04-16,3317.02,-1.08
2010-04-19,3143.72,-5.22
2010-04-20,3147.31,0.11
2010-04-21,3205.63,1.85
2010-04-22,3163.85,-1.3
2010-04-23,3147.01,-0.53
2010-04-26,3126.16,-0.66
2010-04-27,3060.53,-2.1
2010-04-28,3054.76,-0.19
2010-04-29,3020.63,-1.12
2010-04-30,3027.91,0.24
2010-05-04,2993.49,-1.14
2010-05-05,3016.19,0.76
2010-05-06,2884.16,-4.38
2010-05-07,2814.4,-2.42
2010-05-10,2829.74,0.55
2010-05-11,2786.48,-1.53
2010-05-12,2807.71,0.76
2010-05-13,2872.37,2.3
2010-05-14,2857.08,-0.53
2010-05-17,2709.95,-5.15
2010-05-18,2758.28,1.78
2010-05-19,2749.25,-0.33
2010-05-20,2723.61,-0.93
2010-05-21,2760.48,1.35
2010-05-24,2854.71,3.41
2010-05-25,2795.5,-2.07
2010-05-26,2792.14,-0.12
2010-05-27,2836.7,1.6
2010-05-28,2839.18,0.09
2010-05-31,2768.06,-2.5
2010-06-01,2729.07,-1.41
2010-06-02,2738.66,0.35
2010-06-03,2719.06,-0.72
2010-06-04,2716.93,-0.08
2010-06-07,2665.25,-1.9
2010-06-08,2669.74,0.17
2010-06-09,2741.27,2.68
2010-06-10,2721.8,-0.71
2010-06-11,2732.15,0.38
2010-06-17,2712.54,-0.72
2010-06-18,2664.33,-1.78
2010-06-21,2727.32,2.36
2010-06-22,2735.72,0.31
2010-06-23,2710.58,-0.92
2010-06-24,2706.85,-0.14
2010-06-25,2678.08,-1.06
2010-06-28,2659.31,-0.7
2010-06-29,2544.54,-4.32
2010-06-30,2508.12,-1.43
2010-07-01,2471.83,-1.45
2010-07-02,2477.46,0.23
2010-07-05,2456.86,-0.83
2010-07-06,2508.86,2.12
2010-07-07,2524.37,0.62
2010-07-08,2511.81,-0.5
2010-07-09,2589.27,3.08
2010-07-12,2624.1,1.35
2010-07-13,2581.4,-1.63
2010-07-14,2601.82,0.79
2010-07-15,2549.29,-2.02
2010-07-16,2565.28,0.63
2010-07-19,2629.5,2.5
2010-07-20,2687.56,2.21
2010-07-21,2691.44,0.14
2010-07-22,2722.03,1.14
2010-07-23,2729.96,0.29
2010-07-26,2748.93,0.69
2010-07-27,2735.36,-0.49
2010-07-28,2796.91,2.25
2010-07-29,2814.01,0.61
2010-07-30,2797.42,-0.59
2010-08-02,2850.13,1.88
2010-08-03,2804.78,-1.59
2010-08-04,2819.54,0.53
2010-08-05,2792.48,-0.96
2010-08-06,2844.06,1.85
2010-08-09,2862.36,0.64
2010-08-10,2784.16,-2.73
2010-08-11,2795.64,0.41
2010-08-12,2762.23,-1.2
2010-08-13,2794.51,1.17
2010-08-16,2855.92,2.2
2010-08-17,2863.67,0.27
2010-08-18,2859.73,-0.14
2010-08-19,2877.19,0.61
2010-08-20,2829.29,-1.66
2010-08-23,2827.73,-0.06
2010-08-24,2845.74,0.64
2010-08-25,2776.74,-2.42
2010-08-26,2789.49,0.46
2010-08-27,2799.1,0.34
2010-08-30,2848.48,1.76
2010-08-31,2840.62,-0.28
2010-09-01,2831.92,-0.31
2010-09-02,2862.42,1.08
2010-09-03,2856.76,-0.2
2010-09-06,2903.18,1.62
2010-09-07,2917.27,0.49
2010-09-08,2919.39,0.07
2010-09-09,2875.06,-1.52
2010-09-10,2883.88,0.31
2010-09-13,2901.06,0.6
2010-09-14,2893.78,-0.25
2010-09-15,2845.57,-1.67
2010-09-16,2788.77,-2.0
2010-09-17,2785.07,-0.13
2010-09-20,2764.84,-0.73
2010-09-21,2771.34,0.24
2010-09-27,2814.17,1.55
2010-09-28,2791.57,-0.8
2010-09-29,2793.86,0.08
2010-09-30,2842.85,1.75
2010-10-08,2942.42,3.5
2010-10-11,3028.52,2.93
2010-10-12,3067.47,1.29
2010-10-13,3095.41,0.91
2010-10-14,3107.14,0.38
2010-10-15,3199.78,2.98
2010-10-18,3164.6,-1.1
2010-10-19,3226.32,1.95
2010-10-20,3240.87,0.45
2010-10-21,3234.97,-0.18
2010-10-22,3240.66,0.18
2010-10-25,3332.55,2.84
2010-10-26,3322.14,-0.31
2010-10-27,3279.79,-1.27
2010-10-28,3268.08,-0.36
2010-10-29,3250.08,-0.55
2010-11-01,3356.23,3.27
2010-11-02,3347.1,-0.27
2010-11-03,3291.64,-1.66
2010-11-04,3353.12,1.87
2010-11-05,3398.02,1.34
2010-11-08,3431.22,0.98
2010-11-09,3419.14,-0.35
2010-11-10,3401.23,-0.52
2010-11-11,3416.33,0.44
2010-11-12,3220.11,-5.74
2010-11-15,3247.15,0.84
2010-11-16,3110.6,-4.21
2010-11-17,3034.47,-2.45
2010-11-18,3074.66,1.32
2010-11-19,3108.65,1.11
2010-11-22,3099.43,-0.3
2010-11-23,3050.58,-1.58
2010-11-24,3085.96,1.16
2010-11-25,3119.44,1.08
2010-11-26,3106.03,-0.43
2010-11-29,3093.39,-0.41
2010-11-30,3040.73,-1.7
2010-12-01,3049.24,0.28
2010-12-02,3074.93,0.84
2010-12-03,3075.64,0.02
2010-12-06,3081.4,0.19
2010-12-07,3116.32,1.13
2010-12-08,3091.85,-0.79
2010-12-09,3047.54,-1.43
2010-12-10,3081.72,1.12
2010-12-13,3182.29,3.26
2010-12-14,3185.7,0.11
2010-12-15,3174.13,-0.36
2010-12-16,3163.44,-0.34
2010-12-17,3162.04,-0.04
2010-12-20,3121.12,-1.29
2010-12-21,3182.32,1.96
2010-12-22,3159.34,-0.72
2010-12-23,3136.34,-0.73
2010-12-24,3110.88,-0.81
2010-12-27,3061.57,-1.58
2010-12-28,3005.53,-1.83
2010-12-29,3018.1,0.42
2010-12-30,3028.51,0.34
2010-12-31,3092.6,2.12
2011-01-04,3146.59,1.75
2011-01-05,3142.04,-0.14
2011-01-06,3121.49,-0.65
2011-01-07,3123.61,0.07
2011-01-10,3071.84,-1.66
2011-01-11,3096.3,0.8
2011-01-12,3106.44,0.33
2011-01-13,3113.75,0.24
2011-01-14,3065.76,-1.54
2011-01-17,2969.29,-3.15
2011-01-18,2970.49,0.04
2011-01-19,3032.85,2.1
2011-01-20,2939.79,-3.07
2011-01-21,2972.08,1.1
2011-01-24,2931.85,-1.35
2011-01-25,2921.17,-0.36
2011-01-26,2948.59,0.94
2011-01-27,3005.36,1.93
2011-01-28,3010.69,0.18
2011-01-31,3043.73,1.1
2011-02-01,3050.24,0.21
2011-02-09,3010.94,-1.29
2011-02-10,3070.76,1.99
2011-02-11,3081.11,0.34
2011-02-14,3189.71,3.52
2011-02-15,3180.45,-0.29
2011-02-16,3218.93,1.21
2011-02-17,3219.12,0.01
2011-02-18,3181.39,-1.17
2011-02-21,3229.14,1.5
2011-02-22,3148.13,-2.51
2011-02-23,3155.92,0.25
2011-02-24,3177.44,0.68
2011-02-25,3189.08,0.37
2011-02-28,3226.03,1.16
2011-03-01,3234.71,0.27
2011-03-02,3218.1,-0.51
2011-03-03,3195.85,-0.69
2011-03-04,3244.78,1.53
2011-03-07,3332.31,2.7
2011-03-08,3339.79,0.22
2011-03-09,3331.7,-0.24
2011-03-10,3273.94,-1.73
2011-03-11,3245.99,-0.85
2011-03-14,3267.28,0.66
2011-03-15,3208.24,-1.81
2011-03-16,3256.08,1.49
2011-03-17,3216.4,-1.22
2011-03-18,3228.82,0.39
2011-03-21,3214.36,-0.45
2011-03-22,3226.93,0.39
2011-03-23,3264.17,1.15
2011-03-24,3254.46,-0.3
2011-03-25,3290.88,1.12
2011-03-28,3289.86,-0.03
2011-03-29,3262.83,-0.82
2011-03-30,3253.77,-0.28
2011-03-31,3234.11,-0.6
2011-04-01,3284.05,1.54
2011-04-06,3318.97,1.06
2011-04-07,3323.15,0.13
2011-04-08,3354.88,0.96
2011-04-11,3349.29,-0.17
2011-04-12,3354.87,0.17
2011-04-13,3384.35,0.88
2011-04-14,3373.72,-0.31
2011-04-15,3374.3,0.02
2011-04-18,3381.89,0.23
2011-04-19,3302.78,-2.34
2011-04-20,3302.15,-0.02
2011-04-21,3334.37,0.98
2011-04-22,3312.34,-0.66
2011-04-25,3246.79,-1.98
2011-04-26,3221.61,-0.78
2011-04-27,3212.63,-0.28
2011-04-28,3171.23,-1.29
2011-04-29,3211.36,1.27
2011-05-03,3238.87,0.86
2011-05-04,3150.83,-2.72
2011-05-05,3149.98,-0.03
2011-05-06,3139.58,-0.33
2011-05-09,3149.76,0.32
2011-05-10,3175.5,0.82
2011-05-11,3162.88,-0.4
2011-05-12,3119.91,-1.36
2011-05-13,3147.32,0.88
2011-05-16,3117.0,-0.96
2011-05-17,3133.57,0.53
2011-05-18,3155.83,0.71
2011-05-19,3136.97,-0.6
2011-05-20,3131.78,-0.17
2011-05-23,3024.92,-3.41
2011-05-24,3020.2,-0.16
2011-05-25,2990.19,-0.99
2011-05-26,2986.45,-0.12
2011-05-27,2975.51,-0.37
2011-05-30,2972.08,-0.12
2011-05-31,3016.73,1.5
2011-06-01,3019.6,0.1
2011-06-02,2983.69,-1.19
2011-06-03,3004.33,0.69
2011-06-07,3013.26,0.3
2011-06-08,3012.63,-0.02
2011-06-09,2962.1,-1.68
2011-06-10,2976.09,0.47
2011-06-13,2957.1,-0.64
2011-06-14,2991.68,1.17
2011-06-15,2972.59,-0.64
2011-06-16,2917.3,-1.86
2011-06-17,2897.14,-0.69
2011-06-20,2879.4,-0.61
2011-06-21,2917.44,1.32
2011-06-22,2910.71,-0.23
2011-06-23,2957.6,1.61
2011-06-24,3023.33,2.22
2011-06-27,3029.92,0.22
2011-06-28,3028.39,-0.05
2011-06-29,2988.48,-1.32
2011-06-30,3027.75,1.31
2011-07-01,3040.57,0.42
2011-07-04,3105.16,2.12
2011-07-05,3106.9,0.06
2011-07-06,3100.14,-0.22
2011-07-07,3088.25,-0.38
2011-07-08,3091.48,0.1
2011-07-11,3090.61,-0.03
2011-07-12,3031.07,-1.93
2011-07-13,3077.22,1.52
2011-07-14,3087.31,0.33
2011-07-15,3095.4,0.26
2011-07-18,3082.14,-0.43
2011-07-19,3055.53,-0.86
2011-07-20,3053.63,-0.06
2011-07-21,3028.75,-0.81
2011-07-22,3038.89,0.33
2011-07-25,2946.38,-3.04
2011-07-26,2950.71,0.15
2011-07-27,2973.33,0.77
2011-07-28,2960.75,-0.42
2011-07-29,2951.43,-0.31
2011-08-01,2959.94,0.29
2011-08-02,2934.92,-0.85
2011-08-03,2929.5,-0.18
2011-08-04,2933.08,0.12
2011-08-05,2865.94,-2.29
2011-08-08,2746.91,-4.15
2011-08-09,2744.39,-0.09
2011-08-10,2768.43,0.88
2011-08-11,2807.85,1.42
2011-08-12,2818.15,0.37
2011-08-15,2854.62,1.29
2011-08-16,2836.87,-0.62
2011-08-17,2830.64,-0.22
2011-08-18,2783.32,-1.67
2011-08-19,2749.61,-1.21
2011-08-22,2724.36,-0.92
2011-08-23,2766.48,1.55
2011-08-24,2758.43,-0.29
2011-08-25,2848.05,3.25
2011-08-26,2841.15,-0.24
2011-08-29,2800.21,-1.44
2011-08-30,2793.63,-0.24
2011-08-31,2800.04,0.23
2011-09-01,2786.22,-0.49
2011-09-02,2755.32,-1.11
2011-09-05,2693.57,-2.24
2011-09-06,2675.2,-0.68
2011-09-07,2731.77,2.11
2011-09-08,2716.22,-0.57
2011-09-09,2715.19,-0.04
2011-09-13,2691.59,-0.87
2011-09-14,2709.3,0.66
2011-09-15,2699.38,-0.37
2011-09-16,2704.85,0.2
2011-09-19,2656.14,-1.8
2011-09-20,2672.12,0.6
2011-09-21,2749.63,2.9
2011-09-22,2674.25,-2.74
2011-09-23,2665.01,-0.35
2011-09-26,2623.66,-1.55
2011-09-27,2649.11,0.97
2011-09-28,2620.32,-1.09
2011-09-29,2600.16,-0.77
2011-09-30,2595.0,-0.2
2011-10-10,2583.16,-0.46
2011-10-11,2564.08,-0.74
2011-10-12,2641.66,3.03
2011-10-13,2654.48,0.48
2011-10-14,2651.25,-0.12
2011-10-17,2656.82,0.21
2011-10-18,2586.79,-2.64
2011-10-19,2580.77,-0.23
2011-10-20,2517.92,-2.44
2011-10-21,2499.06,-0.75
2011-10-24,2561.24,2.49
2011-10-25,2610.32,1.92
2011-10-26,2627.94,0.68
2011-10-27,2635.59,0.29
2011-10-28,2683.71,1.83
2011-10-31,2673.53,-0.38
2011-11-01,2678.4,0.18
2011-11-02,2713.34,1.3
2011-11-03,2719.56,0.23
2011-11-04,2735.91,0.6
2011-11-07,2723.13,-0.47
2011-11-08,2721.66,-0.05
2011-11-09,2742.7,0.77
2011-11-10,2694.97,-1.74
2011-11-11,2692.01,-0.11
2011-11-14,2752.09,2.23
2011-11-15,2751.12,-0.04
2011-11-16,2680.04,-2.58
2011-11-17,2676.33,-0.14
2011-11-18,2619.95,-2.11
2011-11-21,2619.69,-0.01
2011-11-22,2611.86,-0.3
2011-11-23,2587.49,-0.93
2011-11-24,2588.3,0.03
2011-11-25,2568.6,-0.76
2011-11-28,2575.37,0.26
2011-11-29,2609.28,1.32
2011-11-30,2526.56,-3.17
2011-12-01,2578.67,2.06
2011-12-02,2543.99,-1.34
2011-12-05,2512.21,-1.25
2011-12-06,2509.03,-0.13
2011-12-07,2513.5,0.18
2011-12-08,2510.78,-0.11
2011-12-09,2498.06,-0.51
2011-12-12,2480.0,-0.72
2011-12-13,2441.8,-1.54
2011-12-14,2420.21,-0.88
2011-12-15,2361.29,-2.43
2011-12-16,2401.1,1.69
2011-12-19,2390.88,-0.43
2011-12-20,2377.08,-0.58
2011-12-21,2349.59,-1.16
2011-12-22,2352.02,0.1
2011-12-23,2372.52,0.87
2011-12-26,2357.67,-0.63
2011-12-27,2327.02,-1.3
2011-12-28,2332.74,0.25
2011-12-29,2336.48,0.16
2011-12-30,2363.78,1.17
2012-01-04,2321.96,-1.77
2012-01-05,2306.65,-0.66
2012-01-06,2325.18,0.8
2012-01-09,2402.6,3.33
2012-01-10,2471.19,2.86
2012-01-11,2458.86,-0.5
2012-01-12,2460.44,0.06
2012-01-13,2424.64,-1.46
2012-01-16,2393.77,-1.27
2012-01-17,2498.61,4.38
2012-01-18,2461.43,-1.49
2012-01-19,2506.63,1.84
2012-01-20,2537.12,1.22
2012-01-30,2485.84,-2.02
2012-01-31,2490.31,0.18
2012-02-01,2458.77,-1.27
2012-02-02,2514.98,2.29
2012-02-03,2532.52,0.7
2012-02-06,2530.73,-0.07
2012-02-07,2484.62,-1.82
2012-02-08,2549.04,2.59
2012-02-09,2549.2,0.01
2012-02-10,2546.27,-0.11
2012-02-13,2543.17,-0.12
2012-02-14,2535.42,-0.3
2012-02-15,2558.8,0.92
2012-02-16,2547.82,-0.43
2012-02-17,2548.54,0.03
2012-02-20,2547.05,-0.06
2012-02-21,2565.02,0.71
2012-02-22,2597.12,1.25
2012-02-23,2601.8,0.18
2012-02-24,2642.96,1.58
2012-02-27,2649.99,0.27
2012-02-28,2654.78,0.18
2012-02-29,2625.79,-1.09
2012-03-01,2628.86,0.12
2012-03-02,2671.6,1.63
2012-03-05,2657.2,-0.54
2012-03-06,2616.56,-1.53
2012-03-07,2599.23,-0.66
2012-03-08,2626.79,1.06
2012-03-09,2649.61,0.87
2012-03-12,2635.6,-0.53
2012-03-13,2660.88,0.96
2012-03-14,2584.82,-2.86
2012-03-15,2569.3,-0.6
2012-03-16,2603.49,1.33
2012-03-19,2607.31,0.15
2012-03-20,2567.05,-1.54
2012-03-21,2569.76,0.11
2012-03-22,2569.4,-0.01
2012-03-23,2543.33,-1.01
2012-03-26,2545.5,0.09
2012-03-27,2539.48,-0.24
2012-03-28,2472.66,-2.63
2012-03-29,2445.05,-1.12
2012-03-30,2463.93,0.77
2012-04-05,2510.98,1.91
2012-04-06,2517.63,0.26
2012-04-09,2493.41,-0.96
2012-04-10,2515.17,0.87
2012-04-11,2512.14,-0.12
2012-04-12,2564.36,2.08
2012-04-13,2574.55,0.4
2012-04-16,2568.83,-0.22
2012-04-17,2536.75,-1.25
2012-04-18,2592.21,2.19
2012-04-19,2586.16,-0.23
2012-04-20,2618.96,1.27
2012-04-23,2596.47,-0.86
2012-04-24,2600.88,0.17
2012-04-25,2617.0,0.62
2012-04-26,2615.11,-0.07
2012-04-27,2604.71,-0.4
2012-05-02,2658.56,2.07
2012-05-03,2664.44,0.22
2012-05-04,2678.97,0.55
2012-05-07,2677.45,-0.06
2012-05-08,2664.14,-0.5
2012-05-09,2614.86,-1.85
2012-05-10,2615.85,0.04
2012-05-11,2596.56,-0.74
2012-05-14,2578.03,-0.71
2012-05-15,2572.07,-0.23
2012-05-16,2534.97,-1.44
2012-05-17,2579.29,1.75
2012-05-18,2541.66,-1.46
2012-05-21,2547.6,0.23
2012-05-22,2582.71,1.38
2012-05-23,2575.87,-0.26
2012-05-24,2554.49,-0.83
2012-05-25,2536.9,-0.69
2012-05-28,2567.32,1.2
2012-05-29,2599.09,1.24
2012-05-30,2592.05,-0.27
2012-05-31,2580.99,-0.43
2012-06-01,2581.4,0.02
2012-06-04,2509.97,-2.77
2012-06-05,2513.04,0.12
2012-06-06,2506.67,-0.25
2012-06-07,2484.36,-0.89
2012-06-08,2466.24,-0.73
2012-06-11,2489.8,0.96
2012-06-12,2465.27,-0.98
2012-06-13,2498.49,1.35
2012-06-14,2474.98,-0.94
2012-06-15,2492.96,0.73
2012-06-18,2503.99,0.44
2012-06-19,2485.8,-0.73
2012-06-20,2483.43,-0.1
2012-06-21,2437.79,-1.84
2012-06-25,2393.65,-1.81
2012-06-26,2393.15,-0.02
2012-06-27,2383.36,-0.41
2012-06-28,2361.88,-0.9
2012-06-29,2394.1,1.36
2012-07-02,2388.62,-0.23
2012-07-03,2389.58,0.04
2012-07-04,2391.79,0.09
2012-07-05,2356.07,-1.49
2012-07-06,2380.7,1.05
2012-07-09,2316.02,-2.72
2012-07-10,2310.77,-0.23
2012-07-11,2330.64,0.86
2012-07-12,2353.33,0.97
2012-07-13,2352.19,-0.05
2012-07-16,2317.42,-1.48
2012-07-17,2339.05,0.93
2012-07-18,2348.46,0.4
2012-07-19,2354.59,0.26
2012-07-20,2328.55,-1.11
2012-07-23,2291.45,-1.59
2012-07-24,2297.45,0.26
2012-07-25,2282.38,-0.66
2012-07-26,2273.68,-0.38
2012-07-27,2280.95,0.32
2012-07-30,2270.86,-0.44
2012-07-31,2271.36,0.02
2012-08-01,2293.2,0.96
2012-08-02,2273.24,-0.87
2012-08-03,2290.91,0.78
2012-08-06,2314.64,1.04
2012-08-07,2313.22,-0.06
2012-08-08,2317.83,0.2
2012-08-09,2330.75,0.56
2012-08-10,2324.64,-0.26
2012-08-13,2279.05,-1.96
2012-08-14,2283.71,0.2
2012-08-15,2254.08,-1.3
2012-08-16,2248.07,-0.27
2012-08-17,2249.5,0.06
2012-08-20,2239.03,-0.47
2012-08-21,2247.26,0.37
2012-08-22,2238.3,-0.4
2012-08-23,2242.05,0.17
2012-08-24,2218.83,-1.04
2012-08-27,2172.27,-2.1
2012-08-28,2190.39,0.83
2012-08-29,2169.64,-0.95
2012-08-30,2175.38,0.26
2012-08-31,2168.27,-0.33
2012-09-03,2180.97,0.59
2012-09-04,2156.7,-1.11
2012-09-05,2145.61,-0.51
2012-09-06,2159.03,0.63
2012-09-07,2253.37,4.37
2012-09-10,2260.05,0.3
2012-09-11,2248.61,-0.51
2012-09-12,2254.18,0.25
2012-09-13,2238.32,-0.7
2012-09-14,2257.25,0.85
2012-09-17,2207.48,-2.21
2012-09-18,2185.8,-0.98
2012-09-19,2191.78,0.27
2012-09-20,2147.6,-2.02
2012-09-21,2153.71,0.28
2012-09-24,2164.31,0.49
2012-09-25,2163.77,-0.02
2012-09-26,2143.02,-0.96
2012-09-27,2209.71,3.11
2012-09-28,2242.93,1.5
2012-10-08,2224.8,-0.81
2012-10-09,2268.59,1.97
2012-10-10,2269.55,0.04
2012-10-11,2247.98,-0.95
2012-10-12,2254.35,0.28
2012-10-15,2249.71,-0.21
2012-10-16,2248.54,-0.05
2012-10-17,2255.42,0.31
2012-10-18,2285.28,1.32
2012-10-19,2276.18,-0.4
2012-10-22,2287.46,0.5
2012-10-23,2260.24,-1.19
2012-10-24,2258.6,-0.07
2012-10-25,2241.5,-0.76
2012-10-26,2209.9,-1.41
2012-10-29,2197.64,-0.55
2012-10-30,2201.97,0.2
2012-10-31,2213.34,0.52
2012-11-01,2253.33,1.81
2012-11-02,2266.62,0.59
2012-11-05,2265.33,-0.06
2012-11-06,2257.55,-0.34
2012-11-07,2252.92,-0.21
2012-11-08,2211.83,-1.82
2012-11-09,2206.79,-0.23
2012-11-12,2219.91,0.59
2012-11-13,2184.23,-1.61
2012-11-14,2195.24,0.5
2012-11-15,2166.31,-1.32
2012-11-16,2152.7,-0.63
2012-11-19,2156.48,0.18
2012-11-20,2144.27,-0.57
2012-11-21,2171.96,1.29
2012-11-22,2156.54,-0.71
2012-11-23,2172.45,0.74
2012-11-26,2158.84,-0.63
2012-11-27,2135.12,-1.1
2012-11-28,2121.6,-0.63
2012-11-29,2101.96,-0.93
2012-11-30,2122.62,0.98
2012-12-03,2095.63,-1.27
2012-12-04,2116.31,0.99
2012-12-05,2188.24,3.4
2012-12-06,2188.37,0.01
2012-12-07,2233.74,2.07
2012-12-10,2254.46,0.93
2012-12-11,2245.71,-0.39
2012-12-12,2252.04,0.28
2012-12-13,2227.79,-1.08
2012-12-14,2341.72,5.11
2012-12-17,2356.29,0.62
2012-12-18,2359.99,0.16
2012-12-19,2364.72,0.2
2012-12-20,2375.14,0.44
2012-12-21,2356.82,-0.77
2012-12-24,2371.53,0.62
2012-12-25,2444.26,3.07
2012-12-26,2448.07,0.16
2012-12-27,2434.65,-0.55
2012-12-28,2480.32,1.88
2012-12-31,2530.56,2.03
2013-01-04,2533.88,0.13
2013-01-07,2557.83,0.94
2013-01-08,2539.62,-0.71
2013-01-09,2536.05,-0.14
2013-01-10,2539.1,0.12
2013-01-11,2488.88,-1.98
2013-01-14,2589.42,4.04
2013-01-15,2595.64,0.24
2013-01-16,2563.55,-1.24
2013-01-17,2545.13,-0.72
2013-01-18,2585.71,1.59
2013-01-21,2610.98,0.98
2013-01-22,2604.44,-0.25
2013-01-23,2617.53,0.5
2013-01-24,2602.12,-0.59
2013-01-25,2590.99,-0.43
2013-01-28,2691.19,3.87
2013-01-29,2725.57,1.28
2013-01-30,2737.06,0.42
2013-01-31,2747.54,0.38
2013-02-01,2827.14,2.9
2013-02-04,2838.89,0.42
2013-02-05,2846.05,0.25
2013-02-06,2849.3,0.11
2013-02-07,2802.76,-1.63
2013-02-08,2792.69,-0.36
2013-02-18,2770.0,-0.81
2013-02-19,2736.57,-1.21
2013-02-20,2736.21,-0.01
2013-02-21,2628.51,-3.94
2013-02-22,2600.31,-1.07
2013-02-25,2620.09,0.76
2013-02-26,2588.94,-1.19
2013-02-27,2624.58,1.38
2013-02-28,2712.25,3.34
2013-03-01,2704.47,-0.29
2013-03-04,2575.15,-4.78
2013-03-05,2685.24,4.28
2013-03-06,2712.17,1.0
2013-03-07,2673.23,-1.44
2013-03-08,2667.83,-0.2
2013-03-11,2638.26,-1.11
2013-03-12,2592.09,-1.75
2013-03-13,2567.68,-0.94
2013-03-14,2577.33,0.38
2013-03-15,2589.29,0.46
2013-03-18,2555.56,-1.3
2013-03-19,2586.03,1.19
2013-03-20,2680.1,3.64
2013-03-21,2679.44,-0.02
2013-03-22,2680.53,0.04
2013-03-25,2672.03,-0.32
2013-03-26,2620.31,-1.94
2013-03-27,2629.94,0.37
2013-03-28,2519.02,-4.22
2013-03-29,2522.29,0.13
2013-04-01,2515.21,-0.28
2013-04-02,2509.64,-0.22
2013-04-03,2515.17,0.22
2013-04-08,2497.34,-0.71
2013-04-09,2512.94,0.62
2013-04-10,2503.3,-0.38
2013-04-11,2500.0,-0.13
2013-04-12,2483.29,-0.67
2013-04-15,2461.53,-0.88
2013-04-16,2466.09,0.19
2013-04-17,2446.4,-0.8
2013-04-18,2458.15,0.48
2013-04-19,2546.2,3.58
2013-04-22,2551.28,0.2
2013-04-23,2474.72,-3.0
2013-04-24,2520.55,1.85
2013-04-25,2496.1,-0.97
2013-04-26,2474.5,-0.87
2013-05-02,2481.07,0.27
2013-05-03,2523.52,1.71
2013-05-06,2549.82,1.04
2013-05-07,2547.79,-0.08
2013-05-08,2553.75,0.23
2013-05-09,2539.82,-0.55
2013-05-10,2554.39,0.57
2013-05-13,2547.48,-0.27
2013-05-14,2522.44,-0.98
2013-05-15,2536.5,0.56
2013-05-16,2574.46,1.5
2013-05-17,2606.19,1.23
2013-05-20,2629.8,0.91
2013-05-21,2623.32,-0.25
2013-05-22,2625.85,0.1
2013-05-23,2579.44,-1.77
2013-05-24,2589.42,0.39
2013-05-27,2591.84,0.09
2013-05-28,2639.61,1.84
2013-05-29,2632.81,-0.26
2013-05-30,2632.26,-0.02
2013-05-31,2613.04,-0.73
2013-06-03,2603.85,-0.35
2013-06-04,2573.51,-1.17
2013-06-05,2557.73,-0.61
2013-06-06,2522.91,-1.36
2013-06-07,2489.33,-1.33
2013-06-13,2405.33,-3.37
2013-06-14,2413.09,0.32
2013-06-17,2399.7,-0.55
2013-06-18,2406.49,0.28
2013-06-19,2378.69,-1.16
2013-06-20,2300.6,-3.28
2013-06-21,2294.82,-0.25
2013-06-24,2147.48,-6.42
2013-06-25,2143.5,-0.19
2013-06-26,2126.25,-0.8
2013-06-27,2130.0,0.18
2013-06-28,2182.98,2.49
2013-07-01,2187.5,0.21
2013-07-02,2188.53,0.05
2013-07-03,2166.89,-0.99
2013-07-04,2178.01,0.51
2013-07-05,2182.86,0.22
2013-07-08,2127.63,-2.53
2013-07-09,2137.57,0.47
2013-07-10,2186.99,2.31
2013-07-11,2309.52,5.6
2013-07-12,2250.82,-2.54
2013-07-15,2276.72,1.15
2013-07-16,2282.26,0.24
2013-07-17,2249.85,-1.42
2013-07-18,2206.85,-1.91
2013-07-19,2158.99,-2.17
2013-07-22,2163.49,0.21
2013-07-23,2215.47,2.4
2013-07-24,2196.64,-0.85
2013-07-25,2189.7,-0.32
2013-07-26,2179.26,-0.48
2013-07-29,2130.96,-2.22
2013-07-30,2154.58,1.11
2013-07-31,2153.9,-0.03
2013-08-01,2198.35,2.06
2013-08-02,2193.63,-0.21
2013-08-05,2215.02,0.98
2013-08-06,2219.65,0.21
2013-08-07,2205.56,-0.64
2013-08-08,2195.76,-0.44
2013-08-09,2200.1,0.2
2013-08-12,2277.05,3.5
2013-08-13,2291.72,0.64
2013-08-14,2281.63,-0.44
2013-08-15,2261.88,-0.87
2013-08-16,2258.74,-0.14
2013-08-19,2282.08,1.03
2013-08-20,2271.93,-0.44
2013-08-21,2264.84,-0.31
2013-08-22,2258.25,-0.29
2013-08-23,2235.38,-1.01
2013-08-26,2283.49,2.15
2013-08-27,2287.42,0.17
2013-08-28,2276.86,-0.46
2013-08-29,2270.21,-0.29
2013-08-30,2271.29,0.05
2013-09-02,2278.92,0.34
2013-09-03,2312.03,1.45
2013-09-04,2313.87,0.08
2013-09-05,2309.52,-0.19
2013-09-06,2334.44,1.08
2013-09-09,2452.8,5.07
2013-09-10,2486.61,1.38
2013-09-11,2488.3,0.07
2013-09-12,2529.42,1.65
2013-09-13,2491.18,-1.51
2013-09-16,2479.95,-0.45
2013-09-17,2425.65,-2.19
2013-09-18,2428.38,0.11
2013-09-23,2452.33,0.99
2013-09-24,2406.8,-1.86
2013-09-25,2390.45,-0.68
2013-09-26,2347.96,-1.78
2013-09-27,2360.04,0.51
2013-09-30,2368.54,0.36
2013-10-08,2386.91,0.78
2013-10-09,2398.35,0.48
2013-10-10,2357.41,-1.71
2013-10-11,2405.47,2.04
2013-10-14,2401.93,-0.15
2013-10-15,2389.82,-0.5
2013-10-16,2353.48,-1.52
2013-10-17,2349.47,-0.17
2013-10-18,2357.62,0.35
2013-10-21,2393.2,1.51
2013-10-22,2371.29,-0.92
2013-10-23,2358.86,-0.52
2013-10-24,2336.71,-0.94
2013-10-25,2322.35,-0.61
2013-10-28,2320.84,-0.06
2013-10-29,2346.5,1.11
2013-10-30,2375.87,1.25
2013-10-31,2343.25,-1.37
2013-11-01,2362.66,0.83
2013-11-04,2354.87,-0.33
2013-11-05,2349.8,-0.22
2013-11-06,2321.5,-1.2
2013-11-07,2321.38,-0.01
2013-11-08,2293.03,-1.22
2013-11-11,2298.48,0.24
2013-11-12,2321.29,0.99
2013-11-13,2259.54,-2.66
2013-11-14,2257.9,-0.07
2013-11-15,2297.48,1.75
2013-11-18,2387.37,3.91
2013-11-19,2368.06,-0.81
2013-11-20,2376.08,0.34
2013-11-21,2367.19,-0.37
2013-11-22,2359.4,-0.33
2013-11-25,2343.85,-0.66
2013-11-26,2340.9,-0.13
2013-11-27,2363.18,0.95
2013-11-28,2381.88,0.79
2013-11-29,2379.23,-0.11
2013-12-02,2403.25,1.01
2013-12-03,2409.97,0.28
2013-12-04,2431.09,0.88
2013-12-05,2423.7,-0.3
2013-12-06,2409.67,-0.58
2013-12-09,2403.98,-0.24
2013-12-10,2408.32,0.18
2013-12-11,2364.87,-1.8
2013-12-12,2356.75,-0.34
2013-12-13,2345.69,-0.47
2013-12-16,2324.41,-0.91
2013-12-17,2311.25,-0.57
2013-12-18,2309.8,-0.06
2013-12-19,2290.56,-0.83
2013-12-20,2249.01,-1.81
2013-12-23,2250.55,0.07
2013-12-24,2259.25,0.39
2013-12-25,2273.16,0.62
2013-12-26,2227.46,-2.01
2013-12-27,2263.49,1.62
2013-12-30,2254.5,-0.4
2013-12-31,2273.68,0.85
2014-01-02,2270.2,-0.15
2014-01-03,2241.65,-1.26
2014-01-06,2189.62,-2.32
2014-01-07,2190.44,0.04
2014-01-08,2183.66,-0.31
2014-01-09,2159.87,-1.09
2014-01-10,2139.32,-0.95
2014-01-13,2135.31,-0.19
2014-01-14,2163.46,1.32
2014-01-15,2159.0,-0.21
2014-01-16,2166.07,0.33
2014-01-17,2144.96,-0.97
2014-01-20,2134.88,-0.47
2014-01-21,2155.97,0.99
2014-01-22,2205.19,2.28
2014-01-23,2197.73,-0.34
2014-01-24,2215.62,0.81
2014-01-27,2196.82,-0.85
2014-01-28,2205.05,0.37
2014-01-29,2226.97,0.99
2014-01-30,2208.28,-0.84
2014-02-07,2231.44,1.05
2014-02-10,2293.5,2.78
2014-02-11,2309.5,0.7
2014-02-12,2322.9,0.58
2014-02-13,2306.39,-0.71
2014-02-14,2331.39,1.08
2014-02-17,2363.46,1.38
2014-02-18,2359.61,-0.16
2014-02-19,2375.03,0.65
2014-02-20,2367.49,-0.32
2014-02-21,2338.2,-1.24
2014-02-24,2308.62,-1.26
2014-02-25,2244.06,-2.8
2014-02-26,2255.98,0.53
2014-02-27,2259.42,0.15
2014-02-28,2276.91,0.77
2014-03-03,2306.77,1.31
2014-03-04,2293.36,-0.58
2014-03-05,2277.64,-0.69
2014-03-06,2276.16,-0.06
2014-03-07,2266.78,-0.41
2014-03-10,2183.05,-3.69
2014-03-11,2186.9,0.18
2014-03-12,2199.33,0.57
2014-03-13,2236.44,1.69
2014-03-14,2227.85,-0.38
2014-03-17,2260.83,1.48
2014-03-18,2272.47,0.51
2014-03-19,2262.61,-0.43
2014-03-20,2216.31,-2.05
2014-03-21,2269.93,2.42
2014-03-24,2289.06,0.84
2014-03-25,2293.29,0.18
2014-03-26,2297.36,0.18
2014-03-27,2267.34,-1.31
2014-03-28,2245.66,-0.96
2014-03-31,2244.32,-0.06
2014-04-01,2276.69,1.44
2014-04-02,2295.76,0.84
2014-04-03,2267.89,-1.21
2014-04-04,2282.76,0.66
2014-04-08,2317.36,1.52
2014-04-09,2327.57,0.44
2014-04-10,2356.33,1.24
2014-04-11,2355.59,-0.03
2014-04-14,2363.55,0.34
2014-04-15,2321.47,-1.78
2014-04-16,2321.45,0.0
2014-04-17,2315.49,-0.26
2014-04-18,2315.23,-0.01
2014-04-21,2274.79,-1.75
2014-04-22,2272.02,-0.12
2014-04-23,2259.77,-0.54
2014-04-24,2253.87,-0.26
2014-04-25,2220.52,-1.48
2014-04-28,2179.49,-1.85
2014-04-29,2204.48,1.15
2014-04-30,2215.1,0.48
2014-05-05,2219.36,0.19
2014-05-06,2223.85,0.2
2014-05-07,2196.71,-1.22
2014-05-08,2195.76,-0.04
2014-05-09,2185.54,-0.47
2014-05-12,2243.14,2.64
2014-05-13,2239.21,-0.18
2014-05-14,2235.18,-0.18
2014-05-15,2201.86,-1.49
2014-05-16,2196.81,-0.23
2014-05-19,2174.46,-1.02
2014-05-20,2174.07,-0.02
2014-05-21,2193.59,0.9
2014-05-22,2185.12,-0.39
2014-05-23,2198.75,0.62
2014-05-26,2218.11,0.88
2014-05-27,2210.85,-0.33
2014-05-28,2225.1,0.64
2014-05-29,2205.06,-0.9
2014-05-30,2204.89,-0.01
2014-06-03,2198.36,-0.3
2014-06-04,2175.24,-1.05
2014-06-05,2194.35,0.88
2014-06-06,2181.37,-0.59
2014-06-09,2174.48,-0.32
2014-06-10,2201.63,1.25
2014-06-11,2209.18,0.34
2014-06-12,2198.45,-0.49
2014-06-13,2226.23,1.26
2014-06-16,2248.84,1.02
2014-06-17,2230.04,-0.84
2014-06-18,2208.66,-0.96
2014-06-19,2163.07,-2.06
2014-06-20,2180.25,0.79
2014-06-23,2179.51,-0.03
2014-06-24,2189.65,0.47
2014-06-25,2182.07,-0.35
2014-06-26,2202.67,0.94
2014-06-27,2212.92,0.46
2014-06-30,2232.08,0.87
2014-07-01,2238.46,0.29
2014-07-02,2258.17,0.88
2014-07-03,2275.2,0.75
2014-07-04,2267.22,-0.35
2014-07-07,2266.72,-0.02
2014-07-08,2277.43,0.47
2014-07-09,2243.19,-1.5
2014-07-10,2238.56,-0.21
2014-07-11,2247.16,0.38
2014-07-14,2284.32,1.65
2014-07-15,2288.45,0.18
2014-07-16,2278.06,-0.45
2014-07-17,2264.92,-0.58
2014-07-18,2272.45,0.33
2014-07-21,2265.66,-0.3
2014-07-22,2305.31,1.75
2014-07-23,2304.73,-0.03
2014-07-24,2331.59,1.17
2014-07-25,2358.1,1.14
2014-07-28,2409.37,2.17
2014-07-29,2433.99,1.02
2014-07-30,2423.9,-0.41
2014-07-31,2450.5,1.1
2014-08-01,2432.27,-0.74
2014-08-04,2471.8,1.63
2014-08-05,2471.4,-0.02
2014-08-06,2478.58,0.29
2014-08-07,2447.29,-1.26
2014-08-08,2452.53,0.21
2014-08-11,2495.59,1.76
2014-08-12,2498.14,0.1
2014-08-13,2503.21,0.2
2014-08-14,2483.61,-0.78
2014-08-15,2501.63,0.73
2014-08-18,2520.74,0.76
2014-08-19,2520.11,-0.03
2014-08-20,2505.37,-0.58
2014-08-21,2484.31,-0.84
2014-08-22,2494.78,0.42
2014-08-25,2477.73,-0.68
2014-08-26,2453.83,-0.96
2014-08-27,2455.42,0.06
2014-08-28,2431.74,-0.96
2014-08-29,2462.89,1.28
2014-09-01,2489.37,1.08
2014-09-02,2522.32,1.32
2014-09-03,2541.32,0.75
2014-09-04,2557.47,0.64
2014-09-05,2576.95,0.76
2014-09-09,2584.56,0.3
2014-09-10,2576.88,-0.3
2014-09-11,2568.82,-0.31
2014-09-12,2585.53,0.65
2014-09-15,2598.57,0.5
2014-09-16,2542.44,-2.16
2014-09-17,2550.39,0.31
2014-09-18,2563.52,0.51
2014-09-19,2583.85,0.79
2014-09-22,2544.38,-1.53
2014-09-23,2565.65,0.84
2014-09-24,2603.93,1.49
2014-09-25,2602.48,-0.06
2014-09-26,2605.59,0.12
2014-09-29,2626.36,0.8
2014-09-30,2629.08,0.1
2014-10-08,2648.56,0.74
2014-10-09,2660.51,0.45
2014-10-10,2644.9,-0.59
2014-10-13,2631.66,-0.5
2014-10-14,2623.58,-0.31
2014-10-15,2641.37,0.68
2014-10-16,2616.31,-0.95
2014-10-17,2597.97,-0.7
2014-10-20,2620.93,0.88
2014-10-21,2598.18,-0.87
2014-10-22,2576.21,-0.85
2014-10-23,2546.07,-1.17
2014-10-24,2547.77,0.07
2014-10-27,2541.56,-0.24
2014-10-28,2599.27,2.27
2014-10-29,2645.35,1.77
2014-10-30,2668.81,0.89
2014-10-31,2691.59,0.85
2014-11-03,2714.2,0.84
2014-11-04,2712.74,-0.05
2014-11-05,2705.87,-0.25
2014-11-06,2720.47,0.54
2014-11-07,2707.88,-0.46
2014-11-10,2768.25,2.23
2014-11-11,2725.34,-1.55
2014-11-12,2768.28,1.58
2014-11-13,2753.06,-0.55
2014-11-14,2741.09,-0.43
2014-11-17,2748.56,0.27
2014-11-18,2736.91,-0.42
2014-11-19,2725.61,-0.41
2014-11-20,2726.81,0.04
2014-11-21,2763.07,1.33
2014-11-24,2810.73,1.72
2014-11-25,2860.05,1.75
2014-11-26,2879.97,0.7
2014-11-27,2889.64,0.34
2014-11-28,2923.64,1.18
2014-12-01,2935.2,0.4
2014-12-02,2999.54,2.19
2014-12-03,3032.12,1.09
2014-12-04,3133.92,3.36
2014-12-05,3109.27,-0.79
2014-12-08,3188.33,2.54
2014-12-09,3069.59,-3.72
2014-12-10,3199.79,4.24
2014-12-11,3225.46,0.8
2014-12-12,3241.77,0.51
2014-12-15,3268.46,0.82
2014-12-16,3318.86,1.54
2014-12-17,3346.58,0.84
2014-12-18,3348.44,0.06
2014-12-19,3423.91,2.25
2014-12-22,3439.21,0.45
2014-12-23,3330.99,-3.15
2014-12-24,3275.2,-1.67
2014-12-25,3373.73,3.01
2014-12-26,3433.28,1.77
2014-12-29,3419.23,-0.41
2014-12-30,3383.05,-1.06
2014-12-31,3448.81,1.94
2015-01-05,3582.31,3.87
2015-01-06,3605.6,0.65
2015-01-07,3596.05,-0.26
2015-01-08,3517.6,-2.18
2015-01-09,3499.42,-0.52
2015-01-12,3423.42,-2.17
2015-01-13,3451.44,0.82
2015-01-14,3442.53,-0.26
2015-01-15,3532.47,2.61
2015-01-16,3559.57,0.77
2015-01-19,3294.75,-7.44
2015-01-20,3372.58,2.36
2015-01-21,3493.49,3.58
2015-01-22,3517.13,0.68
2015-01-23,3502.09,-0.43
2015-01-26,3555.09,1.51
2015-01-27,3550.81,-0.12
2015-01-28,3519.71,-0.88
2015-01-29,3497.69,-0.63
2015-01-30,3452.85,-1.28
2015-02-02,3373.15,-2.31
2015-02-03,3430.6,1.7
2015-02-04,3406.78,-0.69
2015-02-05,3358.18,-1.43
2015-02-06,3280.88,-2.3
2015-02-09,3281.78,0.03
2015-02-10,3342.44,1.85
2015-02-11,3358.0,0.47
2015-02-12,3365.3,0.22
2015-02-13,3408.9,1.3
2015-02-16,3435.29,0.77
2015-02-17,3459.16,0.69
2015-02-25,3449.99,-0.26
2015-02-26,3518.72,1.99
2015-02-27,3522.47,0.11
2015-03-02,3567.61,1.28
2015-03-03,3514.88,-1.48
2015-03-04,3544.69,0.85
2015-03-05,3520.05,-0.7
2015-03-06,3513.85,-0.18
2015-03-09,3581.56,1.93
2015-03-10,3582.02,0.01
2015-03-11,3593.49,0.32
2015-03-12,3640.55,1.31
2015-03-13,3669.45,0.79
2015-03-16,3746.28,2.09
2015-03-17,3804.43,1.55
2015-03-18,3904.78,2.64
2015-03-19,3926.79,0.56
2015-03-20,3958.92,0.82
2015-03-23,4040.16,2.05
2015-03-24,4060.45,0.5
2015-03-25,4050.85,-0.24
2015-03-26,4057.97,0.18
2015-03-27,4095.96,0.94
2015-03-30,4198.23,2.5
2015-03-31,4167.37,-0.74
2015-04-01,4250.0,1.98
2015-04-02,4326.28,1.79
2015-04-03,4419.57,2.16
2015-04-07,4556.68,3.1
2015-04-08,4589.57,0.72
2015-04-09,4553.8,-0.78
2015-04-10,4676.6,2.7
2015-04-13,4779.3,2.2
2015-04-14,4805.15,0.54
2015-04-15,4687.28,-2.45
2015-04-16,4793.88,2.27
2015-04-17,4842.85,1.02
2015-04-20,4738.44,-2.16
2015-04-21,4832.08,1.98
2015-04-22,4971.09,2.88
2015-04-23,4990.34,0.39
2015-04-24,4935.64,-1.1
2015-04-27,5014.77,1.6
2015-04-28,4910.57,-2.08
2015-04-29,4948.89,0.78
2015-04-30,4955.86,0.14
2015-05-04,5038.73,1.67
2015-05-05,4824.97,-4.24
2015-05-06,4723.29,-2.11
2015-05-07,4591.62,-2.79
2015-05-08,4712.64,2.64
2015-05-11,4885.75,3.67
2015-05-12,4963.81,1.6
2015-05-13,4945.74,-0.36
2015-05-14,4958.94,0.27
2015-05-15,4880.28,-1.59
2015-05-18,4881.53,0.03
2015-05-19,5030.69,3.06
2015-05-20,5099.42,1.37
2015-05-21,5260.28,3.15
2015-05-22,5385.92,2.39
2015-05-25,5556.78,3.17
2015-05-26,5680.53,2.23
2015-05-27,5696.36,0.28
2015-05-28,5355.66,-5.98
2015-05-29,5369.28,0.25
2015-06-01,5674.2,5.68
2015-06-02,5846.39,3.03
2015-06-03,5863.53,0.29
2015-06-04,5906.89,0.74
2015-06-05,6018.42,1.89
2015-06-08,6124.15,1.76
2015-06-09,6085.04,-0.64
2015-06-10,6089.13,0.07
2015-06-11,6113.09,0.39
2015-06-12,6226.62,1.86
2015-06-15,6149.73,-1.23
2015-06-16,5880.95,-4.37
2015-06-17,6030.06,2.54
2015-06-18,5884.32,-2.42
2015-06-19,5478.31,-6.9
2015-06-23,5524.29,0.84
2015-06-24,5674.47,2.72
2015-06-25,5482.02,-3.39
2015-06-26,5056.83,-7.76
2015-06-29,4864.34,-3.81
2015-06-30,5118.2,5.22
2015-07-01,4829.26,-5.65
2015-07-02,4579.49,-5.17
2015-07-03,4274.74,-6.65
2015-07-06,4330.59,1.31
2015-07-07,4179.85,-3.48
2015-07-08,3971.31,-4.99
2015-07-09,4232.98,6.59
2015-07-10,4482.91,5.9
2015-07-13,4679.81,4.39
2015-07-14,4631.63,-1.03
2015-07-15,4408.95,-4.81
2015-07-16,4441.68,0.74
2015-07-17,4623.91,4.1
2015-07-20,4646.22,0.48
2015-07-21,4692.01,0.99
2015-07-22,4710.57,0.4
2015-07-23,4817.91,2.28
2015-07-24,4725.45,-1.92
2015-07-27,4331.51,-8.34
2015-07-28,4281.75,-1.15
2015-07-29,4466.39,4.31
2015-07-30,4346.52,-2.68
2015-07-31,4346.63,0.0
2015-08-03,4374.04,0.63
2015-08-04,4534.82,3.68
2015-08-05,4485.83,-1.08
2015-08-06,4456.46,-0.65
2015-08-07,4556.83,2.25
2015-08-10,4767.98,4.63
2015-08-11,4781.97,0.29
2015-08-12,4710.59,-1.49
2015-08-13,4826.28,2.46
2015-08-14,4811.52,-0.31
2015-08-17,4882.9,1.48
2015-08-18,4527.85,-7.27
2015-08-19,4601.64,1.63
2015-08-20,4438.65,-3.54
2015-08-21,4199.15,-5.4
2015-08-24,3836.11,-8.65
2015-08-25,3520.75,-8.22
2015-08-26,3476.71,-1.25
2015-08-27,3649.97,4.98
2015-08-28,3851.77,5.53
2015-08-31,3784.07,-1.76
2015-09-01,3680.82,-2.73
2015-09-02,3685.15,0.12
2015-09-07,3608.92,-2.07
2015-09-08,3731.15,3.39
2015-09-09,3818.83,2.35
2015-09-10,3758.22,-1.59
2015-09-11,3767.51,0.25
2015-09-14,3603.19,-4.36
2015-09-15,3432.07,-4.75
2015-09-16,3641.68,6.11
2015-09-17,3556.74,-2.33
2015-09-18,3588.56,0.89
2015-09-21,3668.09,2.22
2015-09-22,3695.39,0.74
2015-09-23,3625.72,-1.89
2015-09-24,3663.57,1.04
2015-09-25,3595.04,-1.87
2015-09-28,3638.05,1.2
2015-09-29,3576.0,-1.71
2015-09-30,3591.53,0.43
2015-10-08,3708.49,3.26
2015-10-09,3742.89,0.93
2015-10-12,3882.21,3.72
2015-10-13,3896.91,0.38
2015-10-14,3830.14,-1.71
2015-10-15,3939.18,2.85
2015-10-16,4008.53,1.76
2015-10-19,4042.38,0.84
2015-10-20,4086.98,1.1
2015-10-21,3891.04,-4.79
2015-10-22,3969.13,2.01
2015-10-23,4047.31,1.97
2015-10-26,4074.16,0.66
2015-10-27,4088.06,0.34
2015-10-28,4020.22,-1.66
2015-10-29,4035.47,0.38
2015-10-30,4016.33,-0.47
2015-11-02,3942.02,-1.85
2015-11-03,3923.94,-0.46
2015-11-04,4101.78,4.53
2015-11-05,4165.04,1.54
2015-11-06,4244.14,1.9
2015-11-09,4303.97,1.41
2015-11-10,4309.28,0.12
2015-11-11,4331.56,0.52
2015-11-12,4297.4,-0.79
2015-11-13,4256.18,-0.96
2015-11-16,4311.12,1.29
2015-11-17,4308.75,-0.05
2015-11-18,4259.6,-1.14
2015-11-19,4332.19,1.7
2015-11-20,4360.78,0.66
2015-11-23,4356.68,-0.09
2015-11-24,4371.35,0.34
2015-11-25,4432.57,1.4
2015-11-26,4409.7,-0.52
2015-11-27,4183.04,-5.14
2015-11-30,4232.35,1.18
2015-12-01,4237.51,0.12
2015-12-02,4312.53,1.77
2015-12-03,4369.74,1.33
2015-12-04,4305.06,-1.48
2015-12-07,4323.67,0.43
2015-12-08,4232.06,-2.12
2015-12-09,4253.75,0.51
2015-12-10,4245.7,-0.19
2015-12-11,4205.23,-0.95
2015-12-14,4299.71,2.25
2015-12-15,4295.22,-0.1
2015-12-16,4287.3,-0.18
2015-12-17,4380.81,2.18
2015-12-18,4377.74,-0.07
2015-12-21,4497.0,2.72
2015-12-22,4520.01,0.51
2015-12-23,4513.84,-0.14
2015-12-24,4457.31,-1.25
2015-12-25,4478.34,0.47
2015-12-28,4367.53,-2.47
2015-12-29,4410.33,0.98
2015-12-30,4417.87,0.17
2015-12-31,4375.17,-0.97
2016-01-04,4065.48,-7.08
2016-01-05,4079.85,0.35
2016-01-06,4181.09,2.48
2016-01-07,3889.61,-6.97
2016-01-08,3984.16,2.43
2016-01-11,3758.8,-5.66
2016-01-12,3757.79,-0.03
2016-01-13,3686.24,-1.9
2016-01-14,3763.71,2.1
2016-01-15,3627.11,-3.63
2016-01-18,3637.35,0.28
2016-01-19,3752.64,3.17
2016-01-20,3707.21,-1.21
2016-01-21,3600.07,-2.89
2016-01-22,3640.39,1.12
2016-01-25,3665.44,0.69
2016-01-26,3437.77,-6.21
2016-01-27,3419.93,-0.52
2016-01-28,3330.71,-2.61
2016-01-29,3430.87,3.01
2016-02-01,3388.88,-1.22
2016-02-02,3461.02,2.13
2016-02-03,3447.94,-0.38
2016-02-04,3487.77,1.16
2016-02-05,3476.32,-0.33
2016-02-15,3453.89,-0.65
2016-02-16,3556.87,2.98
2016-02-17,3592.92,1.01
2016-02-18,3593.35,0.01
2016-02-19,3594.2,0.02
2016-02-22,3675.17,2.25
2016-02-23,3649.7,-0.69
2016-02-24,3675.67,0.71
2016-02-25,3447.18,-6.22
2016-02-26,3483.46,1.05
2016-02-29,3395.02,-2.54
2016-03-01,3462.3,1.98
2016-03-02,3618.93,4.52
2016-03-03,3622.67,0.1
2016-03-04,3629.48,0.19
2016-03-07,3667.6,1.05
2016-03-08,3664.49,-0.08
2016-03-09,3610.14,-1.48
2016-03-10,3559.59,-1.4
2016-03-11,3558.54,-0.03
2016-03-14,3621.37,1.77
2016-03-15,3626.73,0.15
2016-03-16,3636.61,0.27
2016-03-17,3681.23,1.23
2016-03-18,3738.71,1.56
2016-03-21,3797.98,1.59
2016-03-22,3782.14,-0.42
2016-03-23,3780.23,-0.05
2016-03-24,3727.64,-1.39
2016-03-25,3755.71,0.75
2016-03-28,3742.04,-0.36
2016-03-29,3702.02,-1.07
2016-03-30,3789.71,2.37
2016-03-31,3793.31,0.09
2016-04-01,3796.8,0.09
2016-04-05,3857.54,1.6
2016-04-06,3856.49,-0.03
2016-04-07,3800.11,-1.46
2016-04-08,3774.3,-0.68
2016-04-11,3831.98,1.53
2016-04-12,3816.39,-0.41
2016-04-13,3868.99,1.38
2016-04-14,3882.55,0.35
2016-04-15,3872.15,-0.27
2016-04-18,3831.48,-1.05
2016-04-19,3840.95,0.25
2016-04-20,3754.13,-2.26
2016-04-21,3736.36,-0.47
2016-04-22,3755.87,0.52
2016-04-25,3758.97,0.08
2016-04-26,3778.83,0.53
2016-04-27,3764.98,-0.37
2016-04-28,3757.62,-0.2
2016-04-29,3751.26,-0.17
2016-05-03,3817.76,1.77
2016-05-04,3805.69,-0.32
2016-05-05,3807.25,0.04
2016-05-06,3702.3,-2.76
2016-05-09,3613.31,-2.4
2016-05-10,3624.84,0.32
2016-05-11,3645.76,0.58
2016-05-12,3650.12,0.12
2016-05-13,3642.23,-0.22
2016-05-16,3665.3,0.63
2016-05-17,3648.9,-0.45
2016-05-18,3599.62,-1.35
2016-05-19,3596.54,-0.09
2016-05-20,3610.31,0.38
2016-05-23,3628.11,0.49
2016-05-24,3598.55,-0.81
2016-05-25,3600.11,0.04
2016-05-26,3607.81,0.21
2016-05-27,3617.15,0.26
2016-05-30,3617.97,0.02
2016-05-31,3720.26,2.83
2016-06-01,3718.37,-0.05
2016-06-02,3726.49,0.22
2016-06-03,3744.39,0.48
2016-06-06,3744.23,0.0
2016-06-07,3736.48,-0.21
2016-06-08,3711.11,-0.68
2016-06-13,3606.91,-2.81
2016-06-14,3616.09,0.25
2016-06-15,3667.38,1.42
2016-06-16,3647.14,-0.55
2016-06-17,3675.94,0.79
2016-06-20,3676.93,0.03
2016-06-21,3666.45,-0.28
2016-06-22,3697.82,0.86
2016-06-23,3673.01,-0.67
2016-06-24,3622.3,-1.38
2016-06-27,3671.12,1.35
2016-06-28,3691.74,0.56
2016-06-29,3703.2,0.31
2016-06-30,3703.5,0.01
2016-07-01,3706.91,0.09
2016-07-04,3761.78,1.48
2016-07-05,3767.15,0.14
2016-07-06,3779.89,0.34
2016-07-07,3761.17,-0.5
2016-07-08,3732.62,-0.76
2016-07-11,3743.67,0.3
2016-07-12,3829.65,2.3
2016-07-13,3841.24,0.3
2016-07-14,3824.85,-0.43
2016-07-15,3831.73,0.18
2016-07-18,3837.38,0.15
2016-07-19,3816.88,-0.53
2016-07-20,3805.19,-0.31
2016-07-21,3826.64,0.56
2016-07-22,3784.73,-1.1
2016-07-25,3799.63,0.39
2016-07-26,3850.93,1.35
2016-07-27,3795.18,-1.45
2016-07-28,3844.06,1.29
2016-07-29,3840.54,-0.09
2016-08-01,3806.07,-0.9
2016-08-02,3820.77,0.39
2016-08-03,3830.02,0.24
2016-08-04,3837.96,0.21
2016-08-05,3840.74,0.07
2016-08-08,3880.96,1.05
2016-08-09,3905.85,0.64
2016-08-10,3888.14,-0.45
2016-08-11,3872.53,-0.4
2016-08-12,3946.2,1.9
2016-08-15,4043.63,2.47
2016-08-16,4026.59,-0.42
2016-08-17,4026.45,0.0
2016-08-18,4017.65,-0.22
2016-08-19,4022.52,0.12
2016-08-22,3997.93,-0.61
2016-08-23,4000.9,0.07
2016-08-24,3989.04,-0.3
2016-08-25,3969.47,-0.49
2016-08-26,3962.14,-0.18
2016-08-29,3961.38,-0.02
2016-08-30,3969.12,0.2
2016-08-31,3986.49,0.44
2016-09-01,3951.59,-0.88
2016-09-02,3960.57,0.23
2016-09-05,3976.52,0.4
2016-09-06,4009.48,0.83
2016-09-07,4012.75,0.08
2016-09-08,4018.29,0.14
2016-09-09,3984.96,-0.83
2016-09-12,3912.03,-1.83
2016-09-13,3918.39,0.16
2016-09-14,3880.15,-0.98
2016-09-19,3919.3,1.01
2016-09-20,3923.16,0.1
2016-09-21,3926.53,0.09
2016-09-22,3962.79,0.92
2016-09-23,3944.34,-0.47
2016-09-26,3883.81,-1.53
2016-09-27,3907.89,0.62
2016-09-28,3901.61,-0.16
2016-09-29,3914.99,0.34
2016-09-30,3925.2,0.26
2016-10-10,3977.03,1.32
2016-10-11,3987.3,0.26
2016-10-12,3978.85,-0.21
2016-10-13,3989.81,0.28
2016-10-14,3990.18,0.01
2016-10-17,3961.75,-0.71
2016-10-18,4014.97,1.34
2016-10-19,4007.94,-0.18
2016-10-20,4012.68,0.12
2016-10-21,4031.25,0.46
2016-10-24,4070.31,0.97
2016-10-25,4086.01,0.39
2016-10-26,4058.09,-0.68
2016-10-27,4052.55,-0.14
2016-10-28,4028.79,-0.59
2016-10-31,4031.49,0.07
2016-11-01,4058.22,0.66
2016-11-02,4020.4,-0.93
2016-11-03,4048.25,0.69
2016-11-04,4034.31,-0.34
2016-11-07,4042.0,0.19
2016-11-08,4062.19,0.5
2016-11-09,4040.18,-0.54
2016-11-10,4092.1,1.29
2016-11-11,4111.7,0.48
2016-11-14,4113.85,0.05
2016-11-15,4116.47,0.06
2016-11-16,4113.78,-0.07
2016-11-17,4132.84,0.46
2016-11-18,4121.28,-0.28
2016-11-21,4153.44,0.78
2016-11-22,4178.86,0.61
2016-11-23,4193.84,0.36
2016-11-24,4217.78,0.57
2016-11-25,4254.82,0.88
2016-11-28,4279.07,0.57
2016-11-29,4297.09,0.42
2016-11-30,4250.25,-1.09
2016-12-01,4292.49,0.99
2016-12-02,4247.61,-1.05
2016-12-05,4181.43,-1.56
2016-12-06,4175.43,-0.14
2016-12-07,4196.03,0.49
2016-12-08,4193.68,-0.06
2016-12-09,4230.1,0.87
2016-12-12,4126.78,-2.44
2016-12-13,4120.14,-0.16
2016-12-14,4089.39,-0.75
2016-12-15,4044.91,-1.09
2016-12-16,4055.28,0.26
2016-12-19,4051.58,-0.09
2016-12-20,4025.67,-0.64
2016-12-21,4065.09,0.98
2016-12-22,4072.16,0.17
2016-12-23,4028.85,-1.06
2016-12-26,4040.77,0.3
2016-12-27,4043.08,0.06
2016-12-28,4026.91,-0.4
2016-12-29,4021.23,-0.14
2016-12-30,4040.73,0.48
2017-01-03,4081.8,1.02
2017-01-04,4115.53,0.83
2017-01-05,4120.05,0.11
2017-01-06,4102.33,-0.43
2017-01-09,4125.82,0.57
2017-01-10,4114.38,-0.28
2017-01-11,4082.06,-0.79
2017-01-12,4057.21,-0.61
2017-01-13,4059.99,0.07
2017-01-16,4063.01,0.07
2017-01-17,4071.58,0.21
2017-01-18,4096.88,0.62
2017-01-19,4087.67,-0.22
2017-01-20,4123.69,0.88
2017-01-23,4128.52,0.12
2017-01-24,4144.2,0.38
2017-01-25,4150.07,0.14
2017-01-26,4157.87,0.19
2017-02-03,4131.77,-0.63
2017-02-06,4144.05,0.3
2017-02-07,4146.86,0.07
2017-02-08,4161.75,0.36
2017-02-09,4179.77,0.43
2017-02-10,4206.29,0.63
2017-02-13,4237.66,0.75
2017-02-14,4228.75,-0.21
2017-02-15,4225.67,-0.07
2017-02-16,4248.34,0.54
2017-02-17,4218.56,-0.7
2017-02-20,4293.09,1.77
2017-02-21,4300.01,0.16
2017-02-22,4324.54,0.57
2017-02-23,4302.67,-0.51
2017-02-24,4296.51,-0.14
2017-02-27,4256.86,-0.92
2017-02-28,4275.43,0.44
2017-03-01,4278.95,0.08
2017-03-02,4257.55,-0.5
2017-03-03,4259.2,0.04
2017-03-06,4280.97,0.51
2017-03-07,4285.91,0.12
2017-03-08,4274.55,-0.27
2017-03-09,4240.96,-0.79
2017-03-10,4244.69,0.09
2017-03-13,4285.47,0.96
2017-03-14,4283.67,-0.04
2017-03-15,4298.08,0.34
2017-03-16,4314.32,0.38
2017-03-17,4268.78,-1.06
2017-03-20,4289.3,0.48
2017-03-21,4331.33,0.98
2017-03-22,4307.38,-0.55
2017-03-23,4316.12,0.2
2017-03-24,4354.31,0.88
2017-03-27,4341.29,-0.3
2017-03-28,4326.36,-0.34
2017-03-29,4319.62,-0.16
2017-03-30,4290.82,-0.67
2017-03-31,4323.96,0.77
2017-04-05,4382.42,1.35
2017-04-06,4400.05,0.4
2017-04-07,4407.75,0.17
2017-04-10,4405.85,-0.04
2017-04-11,4421.57,0.36
2017-04-12,4423.27,0.04
2017-04-13,4450.62,0.62
2017-04-14,4397.73,-1.19
2017-04-17,4375.88,-0.5
2017-04-18,4365.36,-0.24
2017-04-19,4347.31,-0.41
2017-04-20,4366.19,0.43
2017-04-21,4369.35,0.07
2017-04-24,4315.2,-1.24
2017-04-25,4335.37,0.47
2017-04-26,4339.48,0.09
2017-04-27,4329.63,-0.23
2017-04-28,4302.84,-0.62
2017-05-02,4281.13,-0.5
2017-05-03,4254.32,-0.63
2017-05-04,4251.87,-0.06
2017-05-05,4229.1,-0.54
2017-05-08,4194.24,-0.82
2017-05-09,4192.62,-0.04
2017-05-10,4147.82,-1.07
2017-05-11,4170.48,0.55
2017-05-12,4202.12,0.76
2017-05-15,4228.94,0.64
2017-05-16,4278.08,1.16
2017-05-17,4265.53,-0.29
2017-05-18,4245.37,-0.47
2017-05-19,4261.37,0.38
2017-05-22,4248.44,-0.3
2017-05-23,4259.54,0.26
2017-05-24,4266.98,0.17
2017-05-25,4325.16,1.36
2017-05-26,4331.28,0.14
2017-05-31,4338.31,0.16
2017-06-01,4330.89,-0.17
2017-06-02,4338.47,0.17
2017-06-05,4316.5,-0.51
2017-06-06,4338.88,0.52
2017-06-07,4397.44,1.35
2017-06-08,4437.77,0.92
2017-06-09,4450.95,0.3
2017-06-12,4462.27,0.25
2017-06-13,4477.02,0.33
2017-06-14,4413.18,-1.43
2017-06-15,4391.99,-0.48
2017-06-16,4362.86,-0.66
2017-06-19,4393.38,0.7
2017-06-20,4387.9,-0.12
2017-06-21,4439.06,1.17
2017-06-22,4438.04,-0.02
2017-06-23,4475.03,0.83
2017-06-26,4525.73,1.13
2017-06-27,4534.92,0.2
2017-06-28,4510.0,-0.55
2017-06-29,4525.37,0.34
2017-06-30,4527.24,0.04
2017-07-03,4518.92,-0.18
2017-07-04,4483.8,-0.78
2017-07-05,4514.1,0.68
2017-07-06,4515.58,0.03
2017-07-07,4517.37,0.04
2017-07-10,4506.22,-0.25
2017-07-11,4526.76,0.46
2017-07-12,4505.91,-0.46
2017-07-13,4517.2,0.25
2017-07-14,4544.46,0.6
2017-07-17,4489.01,-1.22
2017-07-18,4489.53,0.01
2017-07-19,4549.81,1.34
2017-07-20,4588.11,0.84
2017-07-21,4585.49,-0.06
2017-07-24,4615.17,0.65
2017-07-25,4592.29,-0.5
2017-07-26,4568.78,-0.51
2017-07-27,4564.19,-0.1
2017-07-28,4581.28,0.37
2017-07-31,4599.89,0.41
2017-08-01,4627.98,0.61
2017-08-02,4606.67,-0.46
2017-08-03,4569.54,-0.81
2017-08-04,4548.57,-0.46
2017-08-07,4577.64,0.64
2017-08-08,4572.2,-0.12
2017-08-09,4584.55,0.27
2017-08-10,4572.05,-0.27
2017-08-11,4492.21,-1.75
2017-08-14,4528.8,0.81
2017-08-15,4556.9,0.62
2017-08-16,4541.25,-0.34
2017-08-17,4563.46,0.49
2017-08-18,4574.27,0.24
2017-08-21,4592.58,0.4
2017-08-22,4593.61,0.02
2017-08-23,4591.57,-0.04
2017-08-24,4588.27,-0.07
2017-08-25,4646.54,1.27
2017-08-28,4679.79,0.72
2017-08-29,4676.54,-0.07
2017-08-30,4681.08,0.1
2017-08-31,4653.35,-0.59
2017-09-01,4663.48,0.22
2017-09-04,4669.58,0.13
2017-09-05,4672.39,0.06
2017-09-06,4664.5,-0.17
2017-09-07,4654.16,-0.22
2017-09-08,4649.43,-0.1
2017-09-11,4657.85,0.18
2017-09-12,4677.32,0.42
2017-09-13,4686.92,0.21
2017-09-14,4675.25,-0.25
2017-09-15,4666.91,-0.18
2017-09-18,4676.92,0.21
2017-09-19,4663.19,-0.29
2017-09-20,4685.91,0.49
2017-09-21,4683.82,-0.04
2017-09-22,4690.05,0.13
2017-09-25,4668.8,-0.45
2017-09-26,4666.41,-0.05
2017-09-27,4673.3,0.15
2017-09-28,4663.26,-0.21
2017-09-29,4672.25,0.19
2017-10-09,4719.97,1.02
2017-10-10,4726.09,0.13
2017-10-11,4739.61,0.29
2017-10-12,4740.3,0.01
2017-10-13,4741.52,0.03
2017-10-16,4708.88,-0.69
2017-10-17,4708.79,0.0
2017-10-18,4740.83,0.68
2017-10-19,4740.43,-0.01
2017-10-20,4742.31,0.04
2017-10-23,4746.5,0.09
2017-10-24,4775.13,0.6
2017-10-25,4787.01,0.25
2017-10-26,4791.85,0.1
2017-10-27,4806.63,0.31
2017-10-30,4786.04,-0.43
2017-10-31,4767.55,-0.39
2017-11-01,4744.36,-0.49
2017-11-02,4744.38,0.0
2017-11-03,4724.28,-0.42
2017-11-06,4757.08,0.69
2017-11-07,4786.6,0.62
2017-11-08,4788.85,0.05
2017-11-09,4814.41,0.53
2017-11-10,4841.38,0.56
2017-11-13,4867.81,0.55
2017-11-14,4836.05,-0.65
2017-11-15,4814.78,-0.44
2017-11-16,4827.47,0.26
2017-11-17,4835.37,0.16
2017-11-20,4857.33,0.45
2017-11-21,4921.27,1.32
2017-11-22,4928.32,0.14
2017-11-23,4798.55,-2.63
2017-11-24,4798.52,0.0
2017-11-27,4756.49,-0.88
2017-11-28,4760.79,0.09
2017-11-29,4755.96,-0.1
2017-11-30,4725.78,-0.63
2017-12-01,4718.13,-0.16
2017-12-04,4724.02,0.12
2017-12-05,4735.6,0.25
2017-12-06,4708.7,-0.57
2017-12-07,4660.84,-1.02
2017-12-08,4675.84,0.32
2017-12-11,4725.18,1.06
2017-12-12,4677.61,-1.01
2017-12-13,4713.32,0.76
2017-12-14,4702.4,-0.23
2017-12-15,4664.86,-0.8
2017-12-18,4664.14,-0.02
2017-12-19,4703.62,0.85
2017-12-20,4690.55,-0.28
2017-12-21,4716.31,0.55
2017-12-22,4716.9,0.01
2017-12-25,4710.8,-0.13
2017-12-26,4730.76,0.42
2017-12-27,4696.68,-0.72
2017-12-28,4718.56,0.47
2017-12-29,4750.79,0.68
2018-01-02,4836.08,1.8
2018-01-03,4859.7,0.49
2018-01-04,4877.63,0.37
2018-01-05,4912.43,0.71
2018-01-08,4952.72,0.82
2018-01-09,4949.16,-0.07
2018-01-10,4963.99,0.3
2018-01-11,4950.75,-0.27
2018-01-12,4974.83,0.49
2018-01-15,4956.67,-0.36
2018-01-16,5027.23,1.42
2018-01-17,5020.78,-0.13
2018-01-18,5061.05,0.8
2018-01-19,5058.98,-0.04
2018-01-22,5108.9,0.99
2018-01-23,5169.57,1.19
2018-01-24,5177.35,0.15
2018-01-25,5156.28,-0.41
2018-01-26,5190.29,0.66
2018-01-29,5139.46,-0.98
2018-01-30,5077.64,-1.2
2018-01-31,5071.81,-0.11
2018-02-01,5020.18,-1.02
2018-02-02,5061.52,0.82
2018-02-05,5098.94,0.74
2018-02-06,4952.92,-2.86
2018-02-07,4852.49,-2.03
2018-02-08,4807.16,-0.93
2018-02-09,4620.23,-3.89
2018-02-12,4672.71,1.14
2018-02-13,4724.1,1.1
2018-02-14,4736.56,0.26
2018-02-22,4839.24,2.17
2018-02-23,4853.35,0.29
2018-02-26,4899.07,0.94
2018-02-27,4822.36,-1.57
2018-02-28,4789.78,-0.68
2018-03-01,4796.38,0.14
2018-03-02,4783.91,-0.26
2018-03-05,4777.4,-0.14
2018-03-06,4841.26,1.34
2018-03-07,4822.2,-0.39
2018-03-08,4867.4,0.94
2018-03-09,4884.41,0.35
2018-03-12,4894.36,0.2
2018-03-13,4864.38,-0.61
2018-03-14,4845.2,-0.39
2018-03-15,4851.28,0.13
2018-03-16,4813.08,-0.79
2018-03-19,4791.61,-0.45
2018-03-20,4790.34,-0.03
2018-03-21,4781.54,-0.18
2018-03-22,4743.82,-0.79
2018-03-23,4607.29,-2.88
2018-03-26,4568.44,-0.84
2018-03-27,4586.77,0.4
2018-03-28,4521.3,-1.43
2018-03-29,4599.43,1.73
2018-03-30,4601.87,0.05
2018-04-02,4578.51,-0.51
2018-04-03,4533.22,-0.99
2018-04-04,4529.76,-0.08
2018-04-09,4520.92,-0.2
2018-04-10,4597.2,1.69
2018-04-11,4622.61,0.55
2018-04-12,4580.81,-0.9
2018-04-13,4559.85,-0.46
2018-04-16,4483.79,-1.67
2018-04-17,4432.05,-1.15
2018-04-18,4450.5,0.42
2018-04-19,4492.2,0.94
2018-04-20,4429.92,-1.39
2018-04-23,4431.92,0.05
2018-04-24,4521.88,2.03
2018-04-25,4508.58,-0.29
2018-04-26,4440.74,-1.5
2018-04-27,4440.9,0.0
2018-05-02,4461.71,0.47
2018-05-03,4494.9,0.74
2018-05-04,4482.6,-0.27
2018-05-07,4549.22,1.49
2018-05-08,4586.68,0.82
2018-05-09,4581.58,-0.11
2018-05-10,4608.94,0.6
2018-05-11,4588.78,-0.44
2018-05-14,4608.96,0.44
2018-05-15,4628.16,0.42
2018-05-16,4601.88,-0.57
2018-05-17,4585.08,-0.37
2018-05-18,4628.82,0.95
2018-05-21,4650.22,0.46
2018-05-22,4637.42,-0.28
2018-05-23,4591.51,-0.99
2018-05-24,4561.82,-0.65
2018-05-25,4551.38,-0.23
2018-05-28,4564.43,0.29
2018-05-29,4551.26,-0.29
2018-05-30,4466.28,-1.87
2018-05-31,4559.62,2.09
2018-06-01,4527.09,-0.71
2018-06-04,4559.68,0.72
2018-06-05,4579.53,0.44
2018-06-06,4578.86,-0.01
2018-06-07,4549.36,-0.64
2018-06-08,4486.99,-1.37
2018-06-11,4480.98,-0.13
2018-06-12,4535.47,1.22
2018-06-13,4501.39,-0.75
2018-06-14,4481.24,-0.45
2018-06-15,4460.99,-0.45
2018-06-18,4460.99,0.0
2018-06-19,4291.98,-3.79
2018-06-20,4315.14,0.54
2018-06-21,4276.18,-0.9
2018-06-22,4291.5,0.36
2018-06-25,4252.13,-0.92
2018-06-26,4202.36,-1.17
2018-06-27,4151.27,-1.22
2018-06-28,4096.88,-1.31
2018-06-29,4187.02,2.2
2018-07-02,4076.23,-2.65
2018-07-03,4082.47,0.15
2018-07-04,4042.29,-0.98
2018-07-05,4003.21,-0.97
2018-07-06,4014.88,0.29
2018-07-09,4108.55,2.33
2018-07-10,4121.38,0.31
2018-07-11,4052.95,-1.66
2018-07-12,4128.18,1.86
2018-07-13,4133.14,0.12
2018-07-16,4107.22,-0.63
2018-07-17,4079.33,-0.68
2018-07-18,4087.36,0.2
2018-07-19,4081.91,-0.13
2018-07-20,4154.69,1.78
2018-07-23,4195.71,0.99
2018-07-24,4250.76,1.31
2018-07-25,4244.13,-0.16
2018-07-26,4216.18,-0.66
2018-07-27,4201.06,-0.36
2018-07-30,4204.87,0.09
2018-07-31,4207.78,0.07
2018-08-01,4129.26,-1.87
2018-08-02,4046.94,-1.99
2018-08-03,3995.22,-1.28
2018-08-06,3943.29,-1.3
2018-08-07,4043.76,2.55
2018-08-08,3988.71,-1.36
2018-08-09,4059.25,1.77
2018-08-10,4049.15,-0.25
2018-08-13,4025.9,-0.57
2018-08-14,4023.04,-0.07
2018-08-15,3942.07,-2.01
2018-08-16,3919.1,-0.58
2018-08-17,3875.75,-1.11
2018-08-20,3912.0,0.94
2018-08-21,3961.26,1.26
2018-08-22,3935.27,-0.66
2018-08-23,3945.73,0.27
2018-08-24,3956.01,0.26
2018-08-27,4039.03,2.1
2018-08-28,4034.72,-0.11
2018-08-29,4010.28,-0.61
2018-08-30,3990.23,-0.5
2018-08-31,3970.52,-0.49
2018-09-03,3960.53,-0.25
2018-09-04,3999.42,0.98
2018-09-05,3934.87,-1.61
2018-09-06,3897.03,-0.96
2018-09-07,3910.13,0.34
2018-09-10,3874.42,-0.91
2018-09-11,3865.67,-0.23
2018-09-12,3858.47,-0.19
2018-09-13,3893.64,0.91
2018-09-14,3902.84,0.24
2018-09-17,3866.85,-0.92
2018-09-18,3925.44,1.52
2018-09-19,3980.15,1.39
2018-09-20,3977.71,-0.06
2018-09-21,4082.45,2.63
2018-09-25,4049.12,-0.82
2018-09-26,4076.53,0.68
2018-09-27,4065.03,-0.28
2018-09-28,4108.73,1.07
2018-10-08,3963.25,-3.54
2018-10-09,3954.86,-0.21
2018-10-10,3960.96,0.15
2018-10-11,3770.54,-4.81
2018-10-12,3812.27,1.11
2018-10-15,3737.97,-1.95
2018-10-16,3700.23,-1.01
2018-10-17,3728.17,0.76
2018-10-18,3651.09,-2.07
2018-10-19,3752.42,2.78
2018-10-22,3904.41,4.05
2018-10-23,3812.22,-2.36
2018-10-24,3811.73,-0.01
2018-10-25,3821.6,0.26
2018-10-26,3823.64,0.05
2018-10-29,3729.13,-2.47
2018-10-30,3765.16,0.97
2018-10-31,3808.41,1.15
2018-11-01,3815.73,0.19
2018-11-02,3916.03,2.63
2018-11-05,3903.15,-0.33
2018-11-06,3894.79,-0.21
2018-11-07,3876.55,-0.47
2018-11-08,3871.18,-0.14
2018-11-09,3830.23,-1.06
2018-11-12,3891.64,1.6
2018-11-13,3925.07,0.86
2018-11-14,3893.83,-0.8
2018-11-15,3929.08,0.91
2018-11-16,3957.74,0.73
2018-11-19,3999.46,1.05
2018-11-20,3911.21,-2.21
2018-11-21,3924.04,0.33
2018-11-22,3911.12,-0.33
2018-11-23,3822.98,-2.25
2018-11-26,3822.08,-0.02
2018-11-27,3813.21,-0.23
2018-11-28,3855.17,1.1
2018-11-29,3813.63,-1.08
2018-11-30,3846.95,0.87
2018-12-03,3945.49,2.56
2018-12-04,3957.12,0.29
2018-12-05,3943.37,-0.35
2018-12-06,3879.01,-1.63
2018-12-07,3901.04,0.57
2018-12-10,3864.74,-0.93
2018-12-11,3881.0,0.42
2018-12-12,3907.65,0.69
2018-12-13,3956.96,1.26
2018-12-14,3898.88,-1.47
2018-12-17,3924.75,0.66
2018-12-18,3896.49,-0.72
2018-12-19,3870.46,-0.67
2018-12-20,3867.28,-0.08
2018-12-21,3839.93,-0.71
2018-12-24,3867.24,0.71
2018-12-25,3843.11,-0.62
2018-12-26,3841.53,-0.04
2018-12-27,3823.92,-0.46
2018-12-28,3836.87,0.34
2019-01-02,3779.25,-1.5
2019-01-03,3756.76,-0.6
2019-01-04,3830.93,1.97
2019-01-07,3883.36,1.37
2019-01-08,3890.53,0.18
2019-01-09,3923.41,0.85
2019-01-10,3907.76,-0.4
2019-01-11,3923.14,0.39
2019-01-14,3917.07,-0.15
2019-01-15,3954.31,0.95
2019-01-16,3959.03,0.12
2019-01-17,3950.54,-0.21
2019-01-18,3994.56,1.11
2019-01-21,4000.72,0.15
2019-01-22,3962.71,-0.95
2019-01-23,3979.63,0.43
2019-01-24,3994.16,0.37
2019-01-25,4013.57,0.49
2019-01-28,4014.53,0.02
2019-01-29,4025.02,0.26
2019-01-30,4000.74,-0.6
2019-01-31,4012.07,0.28
2019-02-01,4065.24,1.32
2019-02-11,4127.0,1.52
2019-02-12,4163.67,0.89
2019-02-13,4216.61,1.27
2019-02-14,4216.83,0.01
2019-02-15,4159.94,-1.35
2019-02-18,4260.31,2.41
2019-02-19,4255.22,-0.12
2019-02-20,4258.25,0.07
2019-02-21,4230.38,-0.65
2019-02-22,4287.41,1.35
2019-02-25,4470.26,4.26
2019-02-26,4453.78,-0.37
2019-02-27,4444.22,-0.21
2019-02-28,4440.87,-0.08
2019-03-01,4502.03,1.38
2019-03-04,4555.8,1.19
2019-03-05,4608.02,1.15
2019-03-06,4664.23,1.22
2019-03-07,4658.76,-0.12
2019-03-08,4469.65,-4.06
2019-03-11,4562.26,2.07
2019-03-12,4598.85,0.8
2019-03-13,4557.1,-0.91
2019-03-14,4493.98,-1.38
2019-03-15,4574.03,1.78
2019-03-18,4703.47,2.83
2019-03-19,4679.07,-0.52
2019-03-20,4685.05,0.13
2019-03-21,4705.45,0.43
2019-03-22,4734.4,0.62
2019-03-25,4662.45,-1.52
2019-03-26,4592.35,-1.5
2019-03-27,4659.77,1.47
2019-03-28,4612.98,-1.0
2019-03-29,4742.96,2.82
2019-04-01,4881.11,2.91
2019-04-02,4885.61,0.09
2019-04-03,4954.02,1.4
2019-04-04,5021.84,1.37
2019-04-08,5072.0,1.0
2019-04-09,5066.94,-0.1
2019-04-10,5080.54,0.27
2019-04-11,5018.39,-1.22
2019-04-12,4993.35,-0.5
2019-04-15,4940.22,-1.06
2019-04-16,5011.66,1.45
2019-04-17,5032.02,0.41
2019-04-18,4968.62,-1.26
2019-04-19,4993.68,0.5
2019-04-22,4891.72,-2.04
2019-04-23,4854.26,-0.76
2019-04-24,4897.19,0.88
2019-04-25,4769.56,-2.61
2019-04-26,4705.72,-1.34
2019-04-29,4672.43,-0.71
2019-04-30,4735.74,1.35
2019-05-06,4475.77,-5.49
2019-05-07,4534.71,1.32
2019-05-08,4471.7,-1.39
2019-05-09,4400.12,-1.6
2019-05-10,4521.11,2.75
2019-05-13,4480.79,-0.89
2019-05-14,4455.79,-0.56
2019-05-15,4535.73,1.79
2019-05-16,4556.43,0.46
2019-05-17,4441.82,-2.51
2019-05-20,4406.03,-0.8
2019-05-21,4490.17,1.91
2019-05-22,4460.1,-0.67
2019-05-23,4403.78,-1.26
2019-05-24,4399.02,-0.11
2019-05-27,4449.32,1.14
2019-05-28,4489.73,0.91
2019-05-29,4477.01,-0.28
2019-05-30,4468.9,-0.18
2019-05-31,4469.51,0.01
2019-06-03,4425.71,-0.98
2019-06-04,4377.47,-1.09
2019-06-05,4358.39,-0.43
2019-06-06,4303.8,-1.25
2019-06-10,4341.99,0.89
2019-06-11,4460.8,2.74
2019-06-12,4417.0,-0.98
2019-06-13,4402.2,-0.33
2019-06-14,4357.24,-1.02
2019-06-17,4355.13,-0.05
2019-06-18,4350.51,-0.11
2019-06-19,4373.75,0.53
2019-06-20,4446.14,1.65
2019-06-21,4449.95,0.08
2019-06-24,4465.89,0.36
2019-06-25,4413.82,-1.17
2019-06-26,4416.46,0.06
2019-06-27,4438.92,0.51
2019-06-28,4406.91,-0.72
2019-07-01,4486.77,1.81
2019-07-02,4511.87,0.56
2019-07-03,4501.22,-0.24
2019-07-04,4491.01,-0.23
2019-07-05,4508.12,0.38
2019-07-08,4391.99,-2.58
2019-07-09,4404.03,0.27
2019-07-10,4367.02,-0.84
2019-07-11,4360.97,-0.14
2019-07-12,4374.95,0.32
2019-07-15,4400.41,0.58
2019-07-16,4399.2,-0.03
2019-07-17,4394.82,-0.1
2019-07-18,4330.78,-1.46
2019-07-19,4356.66,0.6
2019-07-22,4303.89,-1.21
2019-07-23,4324.95,0.49
2019-07-24,4348.96,0.56
2019-07-25,4361.8,0.29
2019-07-26,4372.99,0.26
2019-07-29,4368.12,-0.11
2019-07-30,4393.86,0.59
2019-07-31,4350.95,-0.98
2019-08-01,4320.21,-0.71
2019-08-02,4253.14,-1.55
2019-08-05,4184.16,-1.62
2019-08-06,4109.81,-1.78
2019-08-07,4099.14,-0.26
2019-08-08,4129.2,0.73
2019-08-09,4091.69,-0.91
2019-08-12,4151.97,1.47
2019-08-13,4117.79,-0.82
2019-08-14,4138.5,0.5
2019-08-15,4146.78,0.2
2019-08-16,4151.95,0.12
2019-08-19,4232.76,1.95
2019-08-20,4230.38,-0.06
2019-08-21,4222.68,-0.18
2019-08-22,4220.4,-0.05
2019-08-23,4229.05,0.21
2019-08-26,4181.74,-1.12
2019-08-27,4236.44,1.31
2019-08-28,4240.37,0.09
2019-08-29,4219.56,-0.49
2019-08-30,4196.77,-0.54
2019-09-02,4257.87,1.46
2019-09-03,4265.15,0.17
2019-09-04,4319.4,1.27
2019-09-05,4343.92,0.57
2019-09-06,4373.76,0.69
2019-09-09,4401.27,0.63
2019-09-10,4381.25,-0.45
2019-09-11,4365.52,-0.36
2019-09-12,4393.29,0.64
2019-09-16,4393.73,0.01
2019-09-17,4320.94,-1.66
2019-09-18,4346.59,0.59
2019-09-19,4355.53,0.21
2019-09-20,4367.62,0.28
2019-09-23,4310.0,-1.32
2019-09-24,4312.85,0.07
2019-09-25,4255.69,-1.32
2019-09-26,4227.69,-0.66
2019-09-27,4217.0,-0.25
2019-09-30,4193.89,-0.55
2019-10-08,4225.82,0.76
2019-10-09,4262.86,0.88
2019-10-10,4287.32,0.57
2019-10-11,4312.58,0.59
2019-10-14,4360.78,1.12
2019-10-15,4330.19,-0.7
2019-10-16,4312.49,-0.41
2019-10-17,4298.54,-0.32
2019-10-18,4241.19,-1.33
2019-10-21,4257.18,0.38
2019-10-22,4276.56,0.46
2019-10-23,4258.83,-0.41
2019-10-24,4265.68,0.16
2019-10-25,4289.4,0.56
2019-10-28,4311.23,0.51
2019-10-29,4282.06,-0.68
2019-10-30,4246.29,-0.83
2019-10-31,4220.22,-0.61
2019-11-01,4273.98,1.27
2019-11-04,4283.27,0.22
2019-11-05,4301.95,0.44
2019-11-06,4270.67,-0.73
2019-11-07,4283.19,0.29
2019-11-08,4274.7,-0.2
2019-11-11,4197.01,-1.82
2019-11-12,4208.52,0.27
2019-11-13,4188.02,-0.49
2019-11-14,4189.98,0.05
2019-11-15,4146.26,-1.04
2019-11-18,4188.18,1.01
2019-11-19,4232.61,1.06
2019-11-20,4198.8,-0.8
2019-11-21,4195.59,-0.08
2019-11-22,4180.09,-0.37
2019-11-25,4235.13,1.32
2019-11-26,4226.17,-0.21
2019-11-27,4204.76,-0.51
2019-11-28,4191.53,-0.31
2019-11-29,4183.41,-0.19
2019-12-02,4197.95,0.35
2019-12-03,4214.65,0.4
2019-12-04,4193.25,-0.51
2019-12-05,4212.48,0.46
2019-12-06,4219.05,0.15
2019-12-09,4237.1,0.43
2019-12-10,4234.71,-0.06
2019-12-11,4261.17,0.62
2019-12-12,4266.67,0.13
2019-12-13,4306.34,0.93
2019-12-16,4338.63,0.75
2019-12-17,4372.29,0.77
2019-12-18,4363.93,-0.19
2019-12-19,4369.59,0.13
2019-12-20,4349.85,-0.45
2019-12-23,4295.55,-1.25
2019-12-24,4319.65,0.56
2019-12-25,4313.73,-0.14
2019-12-26,4362.73,1.14
2019-12-27,4354.55,-0.19
2019-12-30,4412.57,1.33
2019-12-31,4440.59,0.63
2020-01-02,4503.09,1.41
2020-01-03,4501.64,-0.03
2020-01-06,4485.78,-0.35
2020-01-07,4522.22,0.81
2020-01-08,4469.48,-1.17
2020-01-09,4525.87,1.26
2020-01-10,4508.8,-0.38
2020-01-13,4540.44,0.7
2020-01-14,4545.16,0.1
2020-01-15,4521.73,-0.52
2020-01-16,4498.1,-0.52
2020-01-17,4500.0,0.04
2020-01-20,4505.39,0.12
2020-01-21,4422.56,-1.84
2020-01-22,4438.05,0.35
2020-01-23,4318.04,-2.7
2020-02-03,3933.39,-8.91
2020-02-04,4015.71,2.09
2020-02-05,4062.18,1.16
2020-02-06,4113.11,1.25
2020-02-07,4127.12,0.34
2020-02-10,4189.89,1.52
2020-02-11,4204.23,0.34
2020-02-12,4231.0,0.64
2020-02-13,4205.11,-0.61
2020-02-14,4236.91,0.76
2020-02-17,4324.8,2.07
2020-02-18,4333.75,0.21
2020-02-19,4316.45,-0.4
2020-02-20,4377.59,1.42
2020-02-21,4394.18,0.38
2020-02-24,4363.6,-0.7
2020-02-25,4320.08,-1.0
2020-02-26,4318.04,-0.05
2020-02-27,4323.53,0.13
2020-02-28,4189.41,-3.1
2020-03-02,4354.65,3.94
2020-03-03,4353.84,-0.02
2020-03-04,4409.94,1.29
2020-03-05,4464.61,1.24
2020-03-06,4411.64,-1.19
2020-03-09,4274.94,-3.1
2020-03-10,4351.12,1.78
2020-03-11,4313.09,-0.87
2020-03-12,4235.85,-1.79
2020-03-13,4169.4,-1.57
2020-03-16,4040.05,-3.1
2020-03-17,4025.37,-0.36
2020-03-18,3967.1,-1.45
2020-03-19,3927.06,-1.01
2020-03-20,3981.64,1.39
2020-03-23,3866.57,-2.89
2020-03-24,3962.09,2.47
2020-03-25,4044.26,2.07
2020-03-26,4004.61,-0.98
2020-03-27,4033.94,0.73
2020-03-30,3982.03,-1.29
2020-03-31,3975.14,-0.17
2020-04-01,3950.95,-0.61
2020-04-02,4005.22,1.37
2020-04-03,3984.08,-0.53
2020-04-07,4057.71,1.85
2020-04-08,4054.29,-0.08
2020-04-09,4065.45,0.27
2020-04-10,4023.08,-1.04
2020-04-13,4012.59,-0.26
2020-04-14,4063.71,1.27
2020-04-15,4041.39,-0.55
2020-04-16,4029.0,-0.31
2020-04-17,4040.92,0.29
2020-04-20,4064.31,0.58
2020-04-21,4039.7,-0.6
2020-04-22,4056.44,0.41
2020-04-23,4043.86,-0.31
2020-04-24,4019.42,-0.6
2020-04-27,4042.99,0.59
2020-04-28,4018.51,-0.6
2020-04-29,4053.95,0.88
2020-04-30,4090.12,0.89
2020-05-06,4094.2,0.1
2020-05-07,4100.48,0.15
2020-05-08,4132.81,0.79
2020-05-11,4134.94,0.05
2020-05-12,4121.51,-0.32
2020-05-13,4125.91,0.11
2020-05-14,4082.37,-1.06
2020-05-15,4067.7,-0.36
2020-05-18,4064.58,-0.08
2020-05-19,4089.54,0.61
2020-05-20,4057.07,-0.79
2020-05-21,4034.88,-0.55
2020-05-22,3965.22,-1.73
2020-05-25,3985.39,0.51
2020-05-26,4016.35,0.78
2020-05-27,4033.75,0.43
2020-05-28,4026.0,-0.19
2020-05-29,4002.18,-0.59
2020-06-01,4082.19,2.0
2020-06-02,4091.53,0.23
2020-06-03,4091.71,0.0
2020-06-04,4104.48,0.31
2020-06-05,4088.89,-0.38
2020-06-08,4092.07,0.08
2020-06-09,4107.68,0.38
2020-06-10,4080.98,-0.65
2020-06-11,4043.16,-0.93
2020-06-12,4035.69,-0.18
2020-06-15,4001.99,-0.83
2020-06-16,4070.16,1.7
2020-06-17,4076.77,0.16
2020-06-18,4108.19,0.77
2020-06-19,4115.03,0.17
2020-06-22,4083.96,-0.76
2020-06-23,4083.41,-0.01
2020-06-24,4082.31,-0.03
2020-06-29,4060.8,-0.53
2020-06-30,4089.54,0.71
2020-07-01,4162.95,1.8
2020-07-02,4256.98,2.26
2020-07-03,4298.95,0.98
2020-07-06,4526.02,5.28
2020-07-07,4503.78,-0.49
2020-07-08,4556.28,1.17
2020-07-09,4592.61,0.8
2020-07-10,4487.61,-2.29
2020-07-13,4608.96,2.7
2020-07-14,4584.58,-0.53
2020-07-15,4498.99,-1.87
2020-07-16,4355.26,-3.19
2020-07-17,4378.35,0.53
2020-07-20,4568.27,4.34
2020-07-21,4558.65,-0.21
2020-07-22,4553.99,-0.1
2020-07-23,4499.98,-1.18
2020-07-24,4331.9,-3.74
2020-07-27,4320.27,-0.27
2020-07-28,4361.52,0.95
2020-07-29,4433.82,1.66
2020-07-30,4431.13,-0.06
2020-07-31,4468.9,0.85
2020-08-03,4555.77,1.94
2020-08-04,4568.55,0.28
2020-08-05,4565.91,-0.06
2020-08-06,4564.09,-0.04
2020-08-07,4529.17,-0.76
2020-08-10,4587.98,1.3
2020-08-11,4541.77,-1.01
2020-08-12,4513.0,-0.63
2020-08-13,4529.99,0.38
2020-08-14,4563.88,0.75
2020-08-17,4658.84,2.08
2020-08-18,4666.23,0.16
2020-08-19,4621.76,-0.95
2020-08-20,4586.65,-0.76
2020-08-21,4582.39,-0.09
2020-08-24,4608.75,0.57
2020-08-25,4605.18,-0.08
2020-08-26,4528.43,-1.67
2020-08-27,4555.34,0.59
2020-08-28,4635.48,1.76
2020-08-31,4610.92,-0.53
2020-09-01,4619.73,0.19
2020-09-02,4615.78,-0.08
2020-09-03,4608.7,-0.15
2020-09-04,4595.51,-0.29
2020-09-07,4542.95,-1.14
2020-09-08,4569.35,0.58
2020-09-09,4500.09,-1.52
2020-09-10,4458.3,-0.93
2020-09-11,4476.86,0.42
2020-09-14,4496.22,0.43
2020-09-15,4516.89,0.46
2020-09-16,4515.31,-0.03
2020-09-17,4532.7,0.39
2020-09-18,4602.24,1.53
2020-09-21,4574.17,-0.61
2020-09-22,4508.26,-1.44
2020-09-23,4514.73,0.14
2020-09-24,4429.38,-1.89
2020-09-25,4403.59,-0.58
2020-09-28,4399.77,-0.09
2020-09-29,4417.63,0.41
2020-09-30,4395.75,-0.5
2020-10-09,4492.47,2.2
2020-10-12,4603.85,2.48
2020-10-13,4612.96,0.2
2020-10-14,4612.21,-0.02
2020-10-15,4593.67,-0.4
2020-10-16,4605.44,0.26
2020-10-19,4572.35,-0.72
2020-10-20,4576.7,0.09
2020-10-21,4561.58,-0.33
2020-10-22,4524.95,-0.8
2020-10-23,4488.64,-0.8
2020-10-26,4495.54,0.15
2020-10-27,4479.05,-0.37
2020-10-28,4478.58,-0.01
2020-10-29,4502.06,0.52
2020-10-30,4433.77,-1.52
2020-11-02,4476.99,0.97
2020-11-03,4532.88,1.25
2020-11-04,4558.12,0.56
2020-11-05,4636.84,1.73
2020-11-06,4644.21,0.16
2020-11-09,4720.27,1.64
2020-11-10,4705.11,-0.32
2020-11-11,4726.29,0.45
2020-11-12,4752.84,0.56
2020-11-13,4721.19,-0.66
2020-11-16,4819.83,2.09
2020-11-17,4852.26,0.67
2020-11-18,4870.9,0.38
2020-11-19,4850.43,-0.42
2020-11-20,4875.34,0.51
2020-11-23,4943.56,1.4
2020-11-24,4924.32,-0.39
2020-11-25,4856.13,-1.38
2020-11-26,4837.0,-0.39
2020-11-27,4871.06,0.7
2020-11-30,4817.82,-1.09
2020-12-01,4883.22,1.36
2020-12-02,4891.28,0.16
2020-12-03,4856.7,-0.71
2020-12-04,4849.95,-0.14
2020-12-07,4800.94,-1.01
2020-12-08,4786.76,-0.29
2020-12-09,4727.48,-1.24
2020-12-10,4735.41,0.17
2020-12-11,4706.94,-0.6
2020-12-14,4674.22,-0.69
2020-12-15,4664.9,-0.2
2020-12-16,4645.77,-0.41
2020-12-17,4692.57,1.01
2020-12-18,4713.29,0.44
2020-12-21,4728.49,0.32
2020-12-22,4620.27,-2.29
2020-12-23,4622.76,0.05
2020-12-24,4580.11,-0.92
2020-12-25,4612.86,0.72
2020-12-28,4582.14,-0.66
2020-12-29,4543.63,-0.84
2020-12-30,4562.0,0.4
2020-12-31,4595.59,0.74
2021-01-04,4611.31,0.34
2021-01-05,4621.52,0.22
2021-01-06,4632.2,0.23
2021-01-07,4600.77,-0.68
2021-01-08,4614.18,0.29
2021-01-11,4562.99,-1.11
2021-01-12,4600.21,0.81
2021-01-13,4593.39,-0.15
2021-01-14,4576.91,-0.36
2021-01-15,4603.72,0.59
2021-01-18,4638.68,0.76
2021-01-19,4663.32,0.53
2021-01-20,4656.54,-0.14
2021-01-21,4676.95,0.44
2021-01-22,4626.21,-1.08
2021-01-25,4559.48,-1.44
2021-01-26,4530.27,-0.64
2021-01-27,4533.91,0.08
2021-01-28,4469.68,-1.42
2021-01-29,4431.62,-0.85
2021-02-01,4482.1,1.14
2021-02-02,4512.33,0.67
2021-02-03,4475.74,-0.81
2021-02-04,4431.3,-0.99
2021-02-05,4447.25,0.36
2021-02-08,4492.18,1.01
2021-02-09,4548.47,1.25
2021-02-10,4581.27,0.72
2021-02-18,4692.45,2.43
2021-02-19,4774.45,1.75
2021-02-22,4826.08,1.08
2021-02-23,4789.96,-0.75
2021-02-24,4737.76,-1.09
2021-02-25,4805.21,1.42
2021-02-26,4705.62,-2.07
2021-03-01,4801.2,2.03
2021-03-02,4759.48,-0.87
2021-03-03,4870.28,2.33
2021-03-04,4832.92,-0.77
2021-03-05,4802.39,-0.63
2021-03-08,4760.41,-0.87
2021-03-09,4721.34,-0.82
2021-03-10,4696.05,-0.53
2021-03-11,4803.3,2.28
2021-03-12,4843.12,0.83
2021-03-15,4854.55,0.24
2021-03-16,4886.43,0.66
2021-03-17,4863.28,-0.47
2021-03-18,4880.97,0.36
2021-03-19,4832.37,-1.0
2021-03-22,4898.57,1.37
2021-03-23,4828.34,-1.43
2021-03-24,4753.19,-1.56
2021-03-25,4735.62,-0.37
2021-03-26,4794.54,1.24
2021-03-29,4848.2,1.12
2021-03-30,4841.74,-0.13
2021-03-31,4827.2,-0.3
2021-04-01,4865.11,0.78
2021-04-02,4836.83,-0.58
2021-04-06,4857.9,0.43
2021-04-07,4899.55,0.86
2021-04-08,4888.85,-0.22
2021-04-09,4893.54,0.09
2021-04-12,4871.15,-0.46
2021-04-13,4828.81,-0.87
2021-04-14,4864.07,0.73
2021-04-15,4869.29,0.11
2021-04-16,4928.35,1.21
2021-04-19,4958.26,0.61
2021-04-20,4955.39,-0.06
2021-04-21,4950.17,-0.1
2021-04-22,4971.05,0.42
2021-04-23,4956.21,-0.3
2021-04-26,4921.29,-0.7
2021-04-27,4922.71,0.03
2021-04-28,4952.55,0.61
2021-04-29,4981.26,0.58
2021-04-30,4956.5,-0.5
2021-05-06,5029.41,1.47
2021-05-07,5037.87,0.17
2021-05-10,5080.9,0.85
2021-05-11,5033.75,-0.93
2021-05-12,5080.38,0.93
2021-05-13,5016.72,-1.25
2021-05-14,5051.42,0.69
2021-05-17,5043.01,-0.17
2021-05-18,5070.85,0.55
2021-05-19,5068.85,-0.04
2021-05-20,4994.91,-1.46
2021-05-21,5009.73,0.3
2021-05-24,5042.46,0.65
2021-05-25,5105.87,1.26
2021-05-26,5136.14,0.59
2021-05-27,5152.81,0.32
2021-05-28,5160.21,0.14
2021-05-31,5204.73,0.86
2021-06-01,5236.08,0.6
2021-06-02,5209.3,-0.51
2021-06-03,5205.28,-0.08
2021-06-04,5179.99,-0.49
2021-06-07,5170.73,-0.18
2021-06-08,5142.36,-0.55
2021-06-09,5157.38,0.29
2021-06-10,5169.69,0.24
2021-06-11,5147.63,-0.43
2021-06-15,5105.45,-0.82
2021-06-16,5038.75,-1.31
2021-06-17,5029.82,-0.18
2021-06-18,5009.93,-0.4
2021-06-21,5036.61,0.53
2021-06-22,5096.2,1.18
2021-06-23,5168.74,1.42
2021-06-24,5163.13,-0.11
2021-06-25,5185.63,0.43
2021-06-28,5143.83,-0.81
2021-06-29,5136.99,-0.13
2021-06-30,5153.4,0.32
2021-07-01,5129.82,-0.46
2021-07-02,5095.13,-0.68
2021-07-05,5102.94,0.15
2021-07-06,5093.26,-0.19
2021-07-07,5097.02,0.07
2021-07-08,4999.4,-1.92
2021-07-09,5041.8,0.85
2021-07-12,5077.15,0.7
2021-07-13,5110.62,0.66
2021-07-14,5076.15,-0.67
2021-07-15,5102.58,0.52
2021-07-16,5107.88,0.1
2021-07-19,5096.59,-0.22
2021-07-20,5079.32,-0.34
2021-07-21,5078.76,-0.01
2021-07-22,5134.35,1.09
2021-07-23,5054.1,-1.56
2021-07-26,4951.13,-2.04
2021-07-27,4803.44,-2.98
2021-07-28,4750.03,-1.11
2021-07-29,4799.05,1.03
2021-07-30,4858.43,1.24
2021-08-02,4870.71,0.25
2021-08-03,4812.43,-1.2
2021-08-04,4886.7,1.54
2021-08-05,4856.89,-0.61
2021-08-06,4882.56,0.53
2021-08-09,4950.71,1.4
2021-08-10,4959.39,0.18
2021-08-11,5036.93,1.56
2021-08-12,5101.58,1.28
2021-08-13,5108.1,0.13
2021-08-16,5108.37,0.01
2021-08-17,5011.67,-1.89
2021-08-18,5043.67,0.64
2021-08-19,5014.93,-0.57
2021-08-20,5022.09,0.14
2021-08-23,5080.22,1.16
2021-08-24,5122.62,0.83
2021-08-25,5184.79,1.21
2021-08-26,5205.18,0.39
2021-08-27,5240.64,0.68
2021-08-30,5271.52,0.59
2021-08-31,5385.98,2.17
2021-09-01,5361.02,-0.46
2021-09-02,5448.12,1.62
2021-09-03,5431.93,-0.3
2021-09-06,5482.7,0.93
2021-09-07,5592.55,2.0
2021-09-08,5639.62,0.84
2021-09-09,5746.51,1.9
2021-09-10,5668.78,-1.35
2021-09-13,5772.51,1.83
2021-09-14,5670.94,-1.76
2021-09-15,5687.31,0.29
2021-09-16,5601.54,-1.51
2021-09-17,5496.14,-1.88
2021-09-22,5574.29,1.42
2021-09-23,5581.68,0.13
2021-09-24,5404.99,-3.16
2021-09-27,5251.93,-2.83
2021-09-28,5335.04,1.58
2021-09-29,5166.0,-3.17
2021-09-30,5245.35,1.54
2021-10-08,5244.44,-0.02
2021-10-11,5275.22,0.59
2021-10-12,5187.63,-1.66
2021-10-13,5151.12,-0.7
2021-10-14,5130.9,-0.39
2021-10-15,5143.64,0.25
2021-10-18,5220.44,1.49
2021-10-19,5257.33,0.71
2021-10-20,5205.66,-0.98
2021-10-21,5243.45,0.73
2021-10-22,5149.86,-1.79
2021-10-25,5155.31,0.1
2021-10-26,5132.2,-0.45
2021-10-27,5054.62,-1.51
2021-10-28,4940.01,-2.27
2021-10-29,4964.67,0.5
2021-11-01,4990.25,0.52
2021-11-02,4888.58,-2.04
2021-11-03,4952.71,1.31
2021-11-04,4954.04,0.03
2021-11-05,4881.95,-1.46
2021-11-08,4912.02,0.62
2021-11-09,4937.52,0.52
2021-11-10,4932.43,-0.1
2021-11-11,5005.17,1.47
2021-11-12,4970.96,-0.68
2021-11-15,4979.0,0.16
2021-11-16,4951.63,-0.55
2021-11-17,4992.96,0.83
2021-11-18,4989.29,-0.07
2021-11-19,5059.43,1.4
2021-11-22,5067.43,0.16
2021-11-23,5095.6,0.56
2021-11-24,5120.14,0.48
2021-11-25,5097.97,-0.43
2021-11-26,5061.1,-0.72
2021-11-29,5029.29,-0.63
2021-11-30,5044.12,0.29
2021-12-01,5103.48,1.18
2021-12-02,5114.32,0.21
2021-12-03,5150.05,0.7
2021-12-06,5092.92,-1.11
2021-12-07,5119.6,0.52
2021-12-08,5124.21,0.09
2021-12-09,5130.75,0.13
2021-12-10,5118.56,-0.24
2021-12-13,5117.09,-0.03
2021-12-14,5064.59,-1.03
2021-12-15,5087.39,0.45
2021-12-16,5162.86,1.48
2021-12-17,5129.74,-0.64
2021-12-20,5084.14,-0.89
2021-12-21,5186.49,2.01
2021-12-22,5166.85,-0.38
2021-12-23,5186.92,0.39
2021-12-24,5156.06,-0.59
2021-12-27,5186.57,0.59
2021-12-28,5160.62,-0.5
2021-12-29,5145.03,-0.3
2021-12-30,5158.35,0.26
2021-12-31,5209.9,1.0
2022-01-04,5272.76,1.21
2022-01-05,5258.01,-0.28
2022-01-06,5281.62,0.45
2022-01-07,5296.28,0.28
2022-01-10,5347.83,0.97
2022-01-11,5371.9,0.45
2022-01-12,5347.72,-0.45
2022-01-13,5331.5,-0.3
2022-01-14,5235.98,-1.79
2022-01-17,5251.16,0.29
2022-01-18,5303.18,0.99
2022-01-19,5338.34,0.66
2022-01-20,5318.14,-0.38
2022-01-21,5276.73,-0.78
2022-01-24,5252.39,-0.46
2022-01-25,5070.73,-3.46
2022-01-26,5102.66,0.63
2022-01-27,5033.89,-1.35
2022-01-28,5009.74,-0.48
2022-02-07,5140.6,2.61
2022-02-08,5254.53,2.22
2022-02-09,5278.93,0.46
2022-02-10,5336.19,1.08
2022-02-11,5325.3,-0.2
2022-02-14,5242.91,-1.55
2022-02-15,5221.09,-0.42
2022-02-16,5268.18,0.9
2022-02-17,5244.61,-0.45
2022-02-18,5345.16,1.92
2022-02-21,5379.54,0.64
2022-02-22,5334.18,-0.84
2022-02-23,5319.45,-0.28
2022-02-24,5216.49,-1.93
2022-02-25,5215.19,-0.02
2022-02-28,5219.15,0.08
2022-03-01,5263.58,0.85
2022-03-02,5298.65,0.67
2022-03-03,5355.01,1.06
2022-03-04,5329.22,-0.48
2022-03-07,5271.52,-1.08
2022-03-08,5090.09,-3.44
2022-03-09,5024.81,-1.28
2022-03-10,5087.35,1.24
2022-03-11,5120.31,0.65
2022-03-14,5009.31,-2.17
2022-03-15,4699.87,-6.18
2022-03-16,4811.54,2.38
2022-03-17,4896.58,1.77
2022-03-18,5025.5,2.63
2022-03-21,5046.46,0.42
2022-03-22,5131.93,1.69
2022-03-23,5145.75,0.27
2022-03-24,5128.44,-0.34
2022-03-25,5124.29,-0.08
2022-03-28,5187.17,1.23
2022-03-29,5177.71,-0.18
2022-03-30,5244.39,1.29
2022-03-31,5303.28,1.12
2022-04-01,5357.43,1.02
2022-04-06,5447.77,1.69
2022-04-07,5342.52,-1.93
2022-04-08,5399.54,1.07
2022-04-11,5280.01,-2.21
2022-04-12,5264.82,-0.29
2022-04-13,5254.47,-0.2
2022-04-14,5379.79,2.38
2022-04-15,5347.9,-0.59
2022-04-18,5276.56,-1.33
2022-04-19,5338.53,1.17
2022-04-20,5182.91,-2.91
2022-04-21,5062.85,-2.32
2022-04-22,5128.4,1.29
2022-04-25,4859.16,-5.25
2022-04-26,4766.71,-1.9
2022-04-27,4820.59,1.13
2022-04-28,4883.17,1.3
2022-04-29,5019.23,2.79
2022-05-05,5052.01,0.65
2022-05-06,4921.83,-2.58
2022-05-09,4934.04,0.25
2022-05-10,4930.67,-0.07
2022-05-11,4923.27,-0.15
2022-05-12,4911.54,-0.24
2022-05-13,5028.31,2.38
2022-05-16,5078.78,1.0
2022-05-17,5040.82,-0.75
2022-05-18,5006.19,-0.69
2022-05-19,5024.25,0.36
2022-05-20,5070.66,0.92
2022-05-23,5084.99,0.28
2022-05-24,4951.53,-2.62
2022-05-25,5031.29,1.61
2022-05-26,5081.99,1.01
2022-05-27,5074.43,-0.15
2022-05-30,5072.06,-0.05
2022-05-31,5070.53,-0.03
2022-06-01,5093.22,0.45
2022-06-02,5054.23,-0.76
2022-06-06,5073.12,0.37
2022-06-07,5087.42,0.28
2022-06-08,5125.17,0.74
2022-06-09,5100.76,-0.48
2022-06-10,5134.13,0.65
2022-06-13,5071.64,-1.22
2022-06-14,5143.29,1.41
2022-06-15,5137.36,-0.11
2022-06-16,5058.37,-1.54
2022-06-17,5056.85,-0.03
2022-06-20,5035.07,-0.43
2022-06-21,5037.47,0.05
2022-06-22,4970.58,-1.33
2022-06-23,5039.95,1.4
2022-06-24,5033.96,-0.12
2022-06-27,5079.56,0.91
2022-06-28,5125.14,0.9
2022-06-29,5091.24,-0.66
2022-06-30,5106.47,0.3
2022-07-01,5125.94,0.38
2022-07-04,5143.81,0.35
2022-07-05,5151.22,0.14
2022-07-06,5050.61,-1.95
2022-07-07,5081.07,0.6
2022-07-08,5070.86,-0.2
2022-07-11,4997.9,-1.44
2022-07-12,4997.94,0.0
2022-07-13,5004.27,0.13
2022-07-14,4937.89,-1.33
2022-07-15,4813.94,-2.51
2022-07-18,4932.11,2.45
2022-07-19,4951.39,0.39
2022-07-20,4968.22,0.34
2022-07-21,4896.21,-1.45
2022-07-22,4874.3,-0.45
2022-07-25,4869.84,-0.09
2022-07-26,4938.79,1.41
2022-07-27,4943.23,0.09
2022-07-28,4962.89,0.4
2022-07-29,4921.72,-0.83
2022-08-01,4937.89,0.33
2022-08-02,4798.78,-2.82
2022-08-03,4736.11,-1.31
2022-08-04,4762.28,0.55
2022-08-05,4797.14,0.73
2022-08-08,4873.23,1.59
2022-08-09,4883.65,0.21
2022-08-10,4862.62,-0.43
2022-08-11,4923.72,1.26
2022-08-12,4957.35,0.68
2022-08-15,4969.85,0.25
2022-08-16,4996.1,0.53
2022-08-17,5012.05,0.32
2022-08-18,4969.34,-0.85
2022-08-19,5007.0,0.76
2022-08-22,5050.92,0.88
2022-08-23,5075.63,0.49
2022-08-24,4984.46,-1.8
2022-08-25,5073.62,1.79
2022-08-26,5051.22,-0.44
2022-08-29,5090.85,0.78
2022-08-30,5060.86,-0.59
2022-08-31,5009.62,-1.01
2022-09-01,5043.03,0.67
2022-09-02,5040.13,-0.06
2022-09-05,5115.83,1.5
2022-09-06,5201.74,1.68
2022-09-07,5187.12,-0.28
2022-09-08,5168.47,-0.36
2022-09-09,5222.86,1.05
2022-09-13,5187.63,-0.67
2022-09-14,5144.59,-0.83
2022-09-15,5134.27,-0.2
2022-09-16,4975.15,-3.1
2022-09-19,4975.77,0.01
2022-09-20,4980.39,0.09
2022-09-21,5020.62,0.81
2022-09-22,5015.05,-0.11
2022-09-23,4962.21,-1.05
2022-09-26,4872.49,-1.81
2022-09-27,4930.36,1.19
2022-09-28,4869.64,-1.23
2022-09-29,4846.59,-0.47
2022-09-30,4869.99,0.48
2022-10-10,4856.02,-0.29
2022-10-11,4856.67,0.01
2022-10-12,4924.67,1.4
2022-10-13,4878.3,-0.94
2022-10-14,4934.51,1.15
2022-10-17,4935.9,0.03
2022-10-18,4941.31,0.11
2022-10-19,4901.75,-0.8
2022-10-20,4855.5,-0.94
2022-10-21,4878.47,0.47
2022-10-24,4772.91,-2.16
2022-10-25,4753.56,-0.4
2022-10-26,4741.76,-0.25
2022-10-27,4754.5,0.27
2022-10-28,4628.83,-2.64
2022-10-31,4562.0,-1.44
2022-11-01,4622.14,1.32
2022-11-02,4679.53,1.24
2022-11-03,4654.33,-0.54
2022-11-04,4750.54,2.07
2022-11-07,4784.93,0.72
2022-11-08,4790.02,0.11
2022-11-09,4795.23,0.11
2022-11-10,4793.47,-0.04
2022-11-11,4900.02,2.22
2022-11-14,4914.24,0.29
2022-11-15,4961.88,0.97
2022-11-16,4943.74,-0.37
2022-11-17,4924.2,-0.4
2022-11-18,4891.54,-0.66
2022-11-21,4894.16,0.05
2022-11-22,4899.19,0.1
2022-11-23,4910.77,0.24
2022-11-24,4945.97,0.72
2022-11-25,5007.61,1.25
2022-11-28,4986.38,-0.42
2022-11-29,5129.63,2.87
2022-11-30,5120.05,-0.19
2022-12-01,5093.58,-0.52
2022-12-02,5077.22,-0.32
2022-12-05,5151.15,1.46
2022-12-06,5125.57,-0.5
2022-12-07,5095.95,-0.58
2022-12-08,5106.72,0.21
2022-12-09,5151.55,0.88
2022-12-12,5077.86,-1.43
2022-12-13,5101.6,0.47
2022-12-14,5082.25,-0.38
2022-12-15,5030.61,-1.02
2022-12-16,5083.34,1.05
2022-12-19,4978.93,-2.05
2022-12-20,4928.73,-1.01
2022-12-21,4930.9,0.04
2022-12-22,4896.18,-0.7
2022-12-23,4890.01,-0.13
2022-12-26,4877.97,-0.25
2022-12-27,4928.71,1.04
2022-12-28,4936.9,0.17
2022-12-29,4892.79,-0.89
2022-12-30,4925.86,0.67
2023-01-03,4957.78,0.65
2023-01-04,4996.91,0.79
2023-01-05,5010.51,0.27
2023-01-06,5000.11,-0.21
2023-01-09,4997.31,-0.06
2023-01-10,4969.0,-0.57
2023-01-11,4995.85,0.54
2023-01-12,4976.54,-0.39
2023-01-13,5019.25,0.86
2023-01-16,5038.56,0.38
2023-01-17,5030.96,-0.15
2023-01-18,5036.72,0.11
2023-01-19,5057.06,0.4
2023-01-20,5106.67,0.98
2023-01-30,5088.46,-0.36
2023-01-31,5099.71,0.22
2023-02-01,5115.41,0.31
2023-02-02,5123.74,0.16
2023-02-03,5078.34,-0.89
2023-02-06,5049.8,-0.56
2023-02-07,5076.74,0.53
2023-02-08,5054.09,-0.45
2023-02-09,5091.42,0.74
2023-02-10,5093.73,0.04
2023-02-13,5111.87,0.36
2023-02-14,5138.18,0.51
2023-02-15,5106.61,-0.61
2023-02-16,5062.8,-0.86
2023-02-17,5069.23,0.13
2023-02-20,5182.75,2.24
2023-02-21,5241.19,1.13
2023-02-22,5244.3,0.06
2023-02-23,5251.4,0.14
2023-02-24,5230.06,-0.41
2023-02-27,5222.78,-0.14
2023-02-28,5245.94,0.44
2023-03-01,5281.48,0.68
2023-03-02,5304.99,0.44
2023-03-03,5327.93,0.43
2023-03-06,5302.98,-0.47
2023-03-07,5271.29,-0.6
2023-03-08,5267.15,-0.08
2023-03-09,5250.3,-0.32
2023-03-10,5156.62,-1.78
2023-03-13,5219.06,1.21
2023-03-14,5175.87,-0.83
2023-03-15,5238.44,1.21
2023-03-16,5189.85,-0.93
2023-03-17,5220.77,0.6
2023-03-20,5196.13,-0.47
2023-03-21,5195.35,-0.01
2023-03-22,5219.88,0.47
2023-03-23,5224.2,0.08
2023-03-24,5181.61,-0.81
2023-03-27,5139.55,-0.81
2023-03-28,5141.4,0.03
2023-03-29,5126.52,-0.29
2023-03-30,5158.66,0.63
2023-03-31,5175.89,0.33
2023-04-03,5199.37,0.45
2023-04-04,5217.98,0.36
2023-04-06,5185.44,-0.62
2023-04-07,5205.39,0.38
2023-04-10,5206.9,0.03
2023-04-11,5240.32,0.64
2023-04-12,5292.26,0.99
2023-04-13,5293.25,0.02
2023-04-14,5287.03,-0.12
2023-04-17,5359.76,1.38
2023-04-18,5379.56,0.37
2023-04-19,5374.94,-0.08
2023-04-20,5383.53,0.16
2023-04-21,5318.82,-1.2
2023-04-24,5314.87,-0.07
2023-04-25,5332.14,0.32
2023-04-26,5345.38,0.25
2023-04-27,5357.91,0.23
2023-04-28,5414.95,1.06
2023-05-04,5523.84,2.01
2023-05-05,5537.91,0.25
2023-05-08,5653.01,2.08
2023-05-09,5607.72,-0.8
2023-05-10,5499.45,-1.93
2023-05-11,5495.85,-0.06
2023-05-12,5463.14,-0.6
2023-05-15,5461.78,-0.02
2023-05-16,5423.52,-0.7
2023-05-17,5396.71,-0.49
2023-05-18,5426.51,0.55
2023-05-19,5360.59,-1.21
2023-05-22,5355.01,-0.1
2023-05-23,5287.39,-1.26
2023-05-24,5211.99,-1.43
2023-05-25,5188.24,-0.46
2023-05-26,5233.14,0.86
2023-05-29,5268.17,0.67
2023-05-30,5262.09,-0.11
2023-05-31,5214.21,-0.91
2023-06-01,5195.67,-0.36
2023-06-02,5225.23,0.57
2023-06-05,5252.58,0.52
2023-06-06,5209.35,-0.82
2023-06-07,5247.88,0.74
2023-06-08,5295.2,0.9
2023-06-09,5284.15,-0.21
2023-06-12,5252.32,-0.6
2023-06-13,5243.4,-0.17
2023-06-14,5214.89,-0.54
2023-06-15,5216.58,0.03
2023-06-16,5197.77,-0.36
2023-06-19,5132.54,-1.25
2023-06-20,5090.26,-0.82
2023-06-21,5040.7,-0.97
2023-06-26,4974.28,-1.32
2023-06-27,5060.82,1.74
2023-06-28,5084.63,0.47
2023-06-29,5067.45,-0.34
2023-06-30,5072.55,0.1
2023-07-03,5125.96,1.05
2023-07-04,5100.77,-0.49
2023-07-05,5086.77,-0.27
2023-07-06,5054.04,-0.64
2023-07-07,5072.59,0.37
2023-07-10,5093.41,0.41
2023-07-11,5103.35,0.19
2023-07-12,5064.72,-0.76
2023-07-13,5113.9,0.97
2023-07-14,5111.72,-0.04
2023-07-17,5060.94,-0.99
2023-07-18,5056.12,-0.09
2023-07-19,5076.31,0.4
2023-07-20,5048.75,-0.54
2023-07-21,5046.85,-0.04
2023-07-24,5048.47,0.03
2023-07-25,5132.84,1.67
2023-07-26,5142.0,0.18
2023-07-27,5147.45,0.11
2023-07-28,5241.8,1.83
2023-07-31,5278.66,0.7
2023-08-01,5283.46,0.09
2023-08-02,5235.29,-0.91
2023-08-03,5264.09,0.55
2023-08-04,5248.91,-0.29
2023-08-07,5203.11,-0.87
2023-08-08,5195.85,-0.14
2023-08-09,5172.88,-0.44
2023-08-10,5185.83,0.25
2023-08-11,5105.88,-1.54
2023-08-14,5103.19,-0.05
2023-08-15,5137.04,0.66
2023-08-16,5134.51,-0.05
2023-08-17,5134.98,0.01
2023-08-18,5112.66,-0.43
2023-08-21,5059.37,-1.04
2023-08-22,5099.76,0.8
2023-08-23,5085.62,-0.28
2023-08-24,5061.56,-0.47
2023-08-25,5071.87,0.2
2023-08-28,5141.93,1.38
2023-08-29,5151.08,0.18
2023-08-30,5113.63,-0.73
2023-08-31,5060.9,-1.03
2023-09-01,5114.92,1.07
2023-09-04,5194.16,1.55
2023-09-05,5153.77,-0.78
2023-09-06,5152.7,-0.02
2023-09-07,5125.61,-0.53
2023-09-08,5092.1,-0.65
2023-09-11,5129.38,0.73
2023-09-12,5122.77,-0.13
2023-09-13,5137.0,0.28
2023-09-14,5188.45,1.0
2023-09-15,5176.43,-0.23
2023-09-18,5182.17,0.11
2023-09-19,5216.85,0.67
2023-09-20,5223.79,0.13
2023-09-21,5189.76,-0.65
2023-09-22,5211.97,0.43
2023-09-25,5201.56,-0.2
2023-09-26,5178.05,-0.45
2023-09-27,5160.21,-0.34
2023-09-28,5161.13,0.02
2023-10-09,5142.71,-0.36
2023-10-10,5091.63,-0.99
2023-10-11,5075.79,-0.31
2023-10-12,5127.17,1.01
2023-10-13,5120.71,-0.13
2023-10-16,5130.52,0.19
2023-10-17,5140.49,0.19
2023-10-18,5093.11,-0.92
2023-10-19,5008.19,-1.67
2023-10-20,4982.37,-0.52
2023-10-23,4915.65,-1.34
2023-10-24,4953.04,0.76
2023-10-25,4997.21,0.89
2023-10-26,5021.2,0.48
2023-10-27,5041.47,0.4
2023-10-30,4989.67,-1.03
2023-10-31,4998.89,0.18
2023-11-01,4992.94,-0.12
2023-11-02,5001.2,0.16
2023-11-03,4977.79,-0.47
2023-11-06,4969.89,-0.16
2023-11-07,4967.49,-0.05
2023-11-08,4961.33,-0.12
2023-11-09,4993.89,0.66
2023-11-10,4975.8,-0.36
2023-11-13,4984.7,0.18
2023-11-14,4977.84,-0.14
2023-11-15,5002.09,0.49
2023-11-16,4995.86,-0.12
2023-11-17,4982.95,-0.26
2023-11-20,4995.52,0.25
2023-11-21,5014.03,0.37
2023-11-22,4998.8,-0.3
2023-11-23,5037.95,0.78
2023-11-24,5041.07,0.06
2023-11-27,5027.75,-0.26
2023-11-28,5027.38,-0.01
2023-11-29,4992.13,-0.7
2023-11-30,5008.61,0.33
2023-12-01,5023.62,0.3
2023-12-04,5024.14,0.01
2023-12-05,4959.32,-1.29
2023-12-06,4957.19,-0.04
2023-12-07,4964.69,0.15
2023-12-08,4963.75,-0.02
2023-12-11,5039.7,1.53
2023-12-12,5078.07,0.76
2023-12-13,5036.12,-0.83
2023-12-14,5031.52,-0.09
2023-12-15,5001.82,-0.59
2023-12-18,4990.64,-0.22
2023-12-19,4981.94,-0.17
2023-12-20,4959.65,-0.45
2023-12-21,4954.71,-0.1
2023-12-22,4943.32,-0.23
2023-12-25,4951.06,0.16
2023-12-26,4921.87,-0.59
2023-12-27,4950.14,0.57
2023-12-28,4943.8,-0.13
2023-12-29,4969.67,0.52
2024-01-02,5020.99,1.03
2024-01-03,5074.18,1.06
2024-01-04,5096.16,0.43
2024-01-05,5099.25,0.06
2024-01-08,5046.02,-1.04
2024-01-09,5074.4,0.56
2024-01-10,5046.52,-0.55
2024-01-11,5020.58,-0.51
2024-01-12,5032.42,0.24
2024-01-15,5057.51,0.5
2024-01-16,5075.15,0.35
2024-01-17,5004.11,-1.4
2024-01-18,4971.3,-0.66
2024-01-19,4942.08,-0.59
2024-01-22,4778.68,-3.31
2024-01-23,4835.93,1.2
2024-01-24,4943.46,2.22
2024-01-25,5085.89,2.88
2024-01-26,5152.4,1.31
2024-01-29,5166.21,0.27
2024-01-30,5098.27,-1.32
2024-01-31,5079.34,-0.37
2024-02-01,5028.79,-1.0
2024-02-02,5024.8,-0.08
2024-02-05,5020.68,-0.08
2024-02-06,5139.15,2.36
2024-02-07,5240.32,1.97
2024-02-08,5244.22,0.07
2024-02-19,5348.88,1.99
2024-02-20,5410.19,1.15
2024-02-21,5411.45,0.02
2024-02-22,5490.4,1.46
2024-02-23,5470.98,-0.35
2024-02-26,5374.68,-1.76
2024-02-27,5402.89,0.52
2024-02-28,5352.36,-0.94
2024-02-29,5414.02,1.15
2024-03-01,5414.24,0.0
2024-03-04,5439.76,0.47
2024-03-05,5469.15,0.54
2024-03-06,5467.62,-0.03
2024-03-07,5493.8,0.48
2024-03-08,5524.19,0.55
2024-03-11,5482.49,-0.75
2024-03-12,5379.18,-1.88
2024-03-13,5356.53,-0.42
2024-03-14,5370.83,0.27
2024-03-15,5370.6,0.0
2024-03-18,5357.79,-0.24
2024-03-19,5338.32,-0.36
2024-03-20,5359.21,0.39
2024-03-21,5365.83,0.12
2024-03-22,5347.74,-0.34
2024-03-25,5352.36,0.09
2024-03-26,5348.76,-0.07
2024-03-27,5330.7,-0.34
2024-03-28,5325.65,-0.09
2024-03-29,5380.73,1.03
2024-04-01,5396.83,0.3
2024-04-02,5416.89,0.37
2024-04-03,5470.48,0.99
2024-04-08,5461.65,-0.16
2024-04-09,5441.75,-0.36
2024-04-10,5454.41,0.23
2024-04-11,5502.44,0.88
2024-04-12,5483.85,-0.34
2024-04-15,5585.26,1.85
2024-04-16,5566.74,-0.33
2024-04-17,5669.06,1.84
2024-04-18,5693.42,0.43
2024-04-19,5710.27,0.3
2024-04-22,5594.4,-2.03
2024-04-23,5501.33,-1.66
2024-04-24,5509.22,0.14
2024-04-25,5536.79,0.5
2024-04-26,5502.14,-0.63
2024-04-29,5495.31,-0.12
2024-04-30,5499.66,0.08
2024-05-06,5554.32,0.99
2024-05-07,5556.5,0.04
2024-05-08,5563.15,0.12
2024-05-09,5602.73,0.71
2024-05-10,5628.3,0.46
2024-05-13,5644.16,0.28
2024-05-14,5627.96,-0.29
2024-05-15,5621.33,-0.12
2024-05-16,5633.55,0.22
2024-05-17,5689.08,0.98
2024-05-20,5742.41,0.94
2024-05-21,5757.02,0.25
2024-05-22,5754.62,-0.04
2024-05-23,5675.44,-1.38
2024-05-24,5650.87,-0.43
2024-05-27,5732.45,1.44
2024-05-28,5705.08,-0.48
2024-05-29,5716.21,0.19
2024-05-30,5664.77,-0.9
2024-05-31,5669.49,0.08
2024-06-03,5634.79,-0.61
2024-06-04,5663.53,0.51
2024-06-05,5591.39,-1.27
2024-06-06,5596.1,0.08
2024-06-07,5629.32,0.59
2024-06-11,5535.75,-1.66
2024-06-12,5597.65,1.12
2024-06-13,5528.94,-1.23
2024-06-14,5514.71,-0.26
2024-06-17,5442.69,-1.31
2024-06-18,5460.87,0.33
2024-06-19,5438.2,-0.42
2024-06-20,5421.53,-0.31
2024-06-21,5417.8,-0.07
2024-06-24,5347.62,-1.29
2024-06-25,5360.9,0.25
2024-06-26,5368.96,0.15
2024-06-27,5334.25,-0.65
2024-06-28,5354.83,0.39
2024-07-01,5471.46,2.18
2024-07-02,5464.48,-0.13
2024-07-03,5419.51,-0.82
2024-07-04,5384.29,-0.65
2024-07-05,5365.13,-0.36
2024-07-08,5326.18,-0.73
2024-07-09,5382.26,1.05
2024-07-10,5273.2,-2.03
2024-07-11,5283.23,0.19
2024-07-12,5254.14,-0.55
2024-07-15,5300.04,0.87
2024-07-16,5263.49,-0.69
2024-07-17,5227.97,-0.67
2024-07-18,5235.43,0.14
2024-07-19,5199.05,-0.69
2024-07-22,5151.02,-0.92
2024-07-23,5087.1,-1.24
2024-07-24,5075.72,-0.22
2024-07-25,5063.54,-0.24
2024-07-26,5062.35,-0.02
2024-07-29,5067.15,0.09
2024-07-30,5035.22,-0.63
2024-07-31,5114.86,1.58
2024-08-01,5105.84,-0.18
2024-08-02,5092.8,-0.26
2024-08-05,5034.11,-1.15
2024-08-06,5018.31,-0.31
2024-08-07,5031.85,0.27
2024-08-08,5055.42,0.47
2024-08-09,5034.24,-0.42
2024-08-12,5062.34,0.56
2024-08-13,5070.04,0.15
2024-08-14,5047.33,-0.45
2024-08-15,5092.54,0.89
2024-08-16,5092.86,0.01
2024-08-19,5135.8,0.84
2024-08-20,5076.74,-1.15
2024-08-21,5036.84,-0.79
2024-08-22,5028.88,-0.16
2024-08-23,5034.11,0.1
2024-08-26,5028.44,-0.11
2024-08-27,5027.49,-0.02
2024-08-28,5001.42,-0.52
2024-08-29,4928.91,-1.45
2024-08-30,4946.1,0.35
2024-09-02,4964.3,0.37
2024-09-03,4928.78,-0.72
2024-09-04,4922.38,-0.13
2024-09-05,4922.91,0.01
2024-09-06,4875.41,-0.96
2024-09-09,4793.09,-1.69
2024-09-10,4797.09,0.08
2024-09-11,4703.98,-1.94
2024-09-12,4717.86,0.29
2024-09-13,4696.57,-0.45
2024-09-18,4750.47,1.15
2024-09-19,4765.35,0.31
2024-09-20,4759.79,-0.12
2024-09-23,4810.41,1.06
2024-09-24,5025.98,4.48
2024-09-25,5093.98,1.35
2024-09-26,5279.07,3.63
2024-09-27,5355.89,1.46
2024-09-30,5699.29,6.41
2024-10-08,5753.63,0.95
2024-10-09,5313.82,-7.64
2024-10-10,5478.74,3.1
2024-10-11,5382.62,-1.75
2024-10-14,5524.01,2.63
2024-10-15,5400.97,-2.23
2024-10-16,5474.85,1.37
2024-10-17,5383.42,-1.67
2024-10-18,5430.08,0.87
2024-10-21,5394.99,-0.65
2024-10-22,5429.92,0.65
2024-10-23,5439.08,0.17
2024-10-24,5411.05,-0.52
2024-10-25,5416.04,0.09
2024-10-28,5469.86,0.99
2024-10-29,5386.33,-1.53
2024-10-30,5339.59,-0.87
2024-10-31,5319.41,-0.38
2024-11-01,5360.42,0.77
2024-11-04,5406.55,0.86
2024-11-05,5475.9,1.28
2024-11-06,5455.84,-0.37
2024-11-07,5564.85,2.0
2024-11-08,5489.28,-1.36
2024-11-11,5449.77,-0.72
2024-11-12,5421.26,-0.52
2024-11-13,5443.07,0.4
2024-11-14,5372.8,-1.29
2024-11-15,5356.62,-0.3
2024-11-18,5445.0,1.65
2024-11-19,5449.51,0.08
2024-11-20,5465.77,0.3
2024-11-21,5461.15,-0.08
2024-11-22,5312.33,-2.72
2024-11-25,5320.61,0.15
2024-11-26,5322.63,0.04
2024-11-27,5380.43,1.09
2024-11-28,5358.43,-0.41
2024-11-29,5392.24,0.63
2024-12-02,5420.61,0.53
2024-12-03,5475.91,1.02
2024-12-04,5483.94,0.15
2024-12-05,5474.81,-0.17
2024-12-06,5549.69,1.37
2024-12-09,5558.78,0.16
2024-12-10,5559.89,0.02
2024-12-11,5587.8,0.5
2024-12-12,5609.68,0.39
2024-12-13,5511.56,-1.75
2024-12-16,5557.69,0.84
2024-12-17,5537.64,-0.36
2024-12-18,5571.98,0.62
2024-12-19,5518.37,-0.96
2024-12-20,5472.42,-0.83
2024-12-23,5475.13,0.05
2024-12-24,5537.93,1.15
2024-12-25,5559.46,0.39
2024-12-26,5533.8,-0.46
2024-12-27,5545.56,0.21
2024-12-30,5612.29,1.2
2024-12-31,5581.5,-0.55
2025-01-02,5470.19,-1.99
2025-01-03,5424.41,-0.84
2025-01-06,5444.26,0.37
2025-01-07,5428.63,-0.29
2025-01-08,5416.3,-0.23
2025-01-09,5336.23,-1.48
2025-01-10,5255.72,-1.51
2025-01-13,5214.98,-0.77
2025-01-14,5310.86,1.84
2025-01-15,5312.62,0.03
2025-01-16,5355.67,0.81
2025-01-17,5340.43,-0.28
2025-01-20,5328.87,-0.22
2025-01-21,5295.87,-0.62
2025-01-22,5242.84,-1.0
2025-01-23,5296.17,1.02
2025-01-24,5330.38,0.65
2025-01-27,5397.84,1.26
2025-02-05,5291.46,-1.97
2025-02-06,5295.8,0.08
2025-02-07,5331.43,0.67
2025-02-10,5325.35,-0.11
2025-02-11,5345.53,0.38
2025-02-12,5346.74,0.02
2025-02-13,5348.71,0.04
2025-02-14,5359.12,0.19
2025-02-17,5336.57,-0.42
2025-02-18,5318.64,-0.34
2025-02-19,5303.7,-0.28
2025-02-20,5291.03,-0.24
2025-02-21,5257.0,-0.64
2025-02-24,5261.45,0.08
2025-02-25,5226.62,-0.66
2025-02-26,5292.16,1.25
2025-02-27,5350.67,1.11
2025-02-28,5311.65,-0.73
2025-03-03,5305.07,-0.12
2025-03-04,5305.59,0.01
2025-03-05,5330.74,0.47
2025-03-06,5329.47,-0.02
2025-03-07,5336.69,0.14
2025-03-10,5352.34,0.29
2025-03-11,5386.43,0.64
2025-03-12,5364.77,-0.4
2025-03-13,5402.28,0.7
2025-03-14,5443.38,0.76
2025-03-17,5463.47,0.37
2025-03-18,5454.1,-0.17
2025-03-19,5462.32,0.15
2025-03-20,5447.28,-0.27
2025-03-21,5424.09,-0.43
2025-03-24,5454.45,0.56
2025-03-25,5489.03,0.63
2025-03-26,5481.38,-0.14
2025-03-27,5476.23,-0.09
2025-03-28,5436.47,-0.73
2025-03-31,5407.99,-0.52
2025-04-01,5460.51,0.97
2025-04-02,5480.34,0.36
2025-04-03,5487.75,0.14
2025-04-07,5121.63,-6.67
2025-04-08,5252.5,2.55
2025-04-09,5268.15,0.3
2025-04-10,5317.96,0.95
2025-04-11,5294.01,-0.45
2025-04-14,5341.43,0.89
2025-04-15,5367.05,0.48
2025-04-16,5391.45,0.45
2025-04-17,5380.3,-0.21
2025-04-18,5382.34,0.04
2025-04-21,5375.04,-0.14
2025-04-22,5395.88,0.39
2025-04-23,5371.85,-0.44
2025-04-24,5400.71,0.54
2025-04-25,5392.28,-0.16
2025-04-28,5391.38,-0.02
2025-04-29,5377.23,-0.26
2025-04-30,5341.77,-0.66
2025-05-06,5355.26,0.25
2025-05-07,5391.5,0.68
2025-05-08,5394.13,0.05
2025-05-09,5421.84,0.51
2025-05-12,5440.61,0.35
2025-05-13,5478.64,0.7
2025-05-14,5509.56,0.56
2025-05-15,5486.94,-0.41
2025-05-16,5456.46,-0.56
2025-05-19,5470.96,0.27
2025-05-20,5486.86,0.29
2025-05-21,5528.8,0.76
2025-05-22,5519.05,-0.18
2025-05-23,5464.77,-0.98
2025-05-26,5427.86,-0.67
2025-05-27,5413.75,-0.26
2025-05-28,5431.02,0.32
2025-05-29,5440.66,0.18
2025-05-30,5445.8,0.09
2025-06-03,5465.69,0.37
2025-06-04,5480.87,0.28
2025-06-05,5449.49,-0.57
2025-06-06,5448.3,-0.02
2025-06-09,5458.88,0.19
2025-06-10,5454.57,-0.08
2025-06-11,5471.48,0.31
2025-06-12,5471.6,0.0
2025-06-13,5416.31,-1.01
2025-06-16,5428.6,0.23
2025-06-17,5426.02,-0.05
2025-06-18,5419.95,-0.11
2025-06-19,5384.74,-0.65
2025-06-20,5393.71,0.17
2025-06-23,5407.43,0.25
2025-06-24,5424.75,0.32
2025-06-25,5443.2,0.34
2025-06-26,5444.7,0.03
2025-06-27,5416.2,-0.52
2025-06-30,5410.26,-0.11
2025-07-01,5454.33,0.81
2025-07-02,5493.47,0.72
2025-07-03,5493.13,-0.01
2025-07-04,5520.94,0.51
2025-07-07,5545.08,0.44
2025-07-08,5542.35,-0.05
2025-07-09,5560.32,0.32
2025-07-10,5594.92,0.62
2025-07-11,5553.97,-0.73
2025-07-14,5581.21,0.49
2025-07-15,5516.33,-1.16
2025-07-16,5492.6,-0.43
2025-07-17,5487.89,-0.08
2025-07-18,5506.74,0.34
2025-07-21,5575.87,1.26
2025-07-22,5667.61,1.64
2025-07-23,5647.09,-0.36
2025-07-24,5670.75,0.42
2025-07-25,5633.83,-0.65
2025-07-28,5572.53,-1.09
2025-07-29,5570.46,-0.04
2025-07-30,5581.48,0.2
2025-07-31,5484.71,-1.73
2025-08-01,5484.59,0.0
2025-08-04,5510.34,0.47
2025-08-05,5567.88,1.04
2025-08-06,5603.2,0.63
2025-08-07,5612.68,0.17
2025-08-08,5615.61,0.05
2025-08-11,5591.7,-0.43
2025-08-12,5623.04,0.56
2025-08-13,5593.7,-0.52
2025-08-14,5540.13,-0.96
2025-08-15,5553.42,0.24
2025-08-18,5542.76,-0.19
2025-08-19,5537.45,-0.09
2025-08-20,5579.27,0.76
2025-08-21,5609.2,0.54
2025-08-22,5599.4,-0.17
2025-08-25,5640.48,0.73
2025-08-26,5634.04,-0.11
2025-08-27,5532.43,-1.8
2025-08-28,5544.19,0.21
2025-08-29,5538.04,-0.11
2025-09-01,5524.75,-0.24
2025-09-02,5542.17,0.32
2025-09-03,5495.47,-0.84
2025-09-04,5493.08,-0.04
2025-09-05,5510.04,0.31
2025-09-08,5552.59,0.77
2025-09-09,5565.03,0.22
2025-09-10,5537.79,-0.49
2025-09-11,5559.81,0.4
2025-09-12,5529.95,-0.54
2025-09-15,5511.14,-0.34
2025-09-16,5508.97,-0.04
2025-09-17,5522.29,0.24
2025-09-18,5424.13,-1.78
2025-09-19,5468.73,0.82
2025-09-22,5434.04,-0.63
2025-09-23,5454.06,0.37
2025-09-24,5467.04,0.24
2025-09-25,5440.51,-0.49
2025-09-26,5455.01,0.27
2025-09-29,5474.39,0.36
2025-09-30,5461.08,-0.24
2025-10-09,5502.38,0.76
2025-10-10,5559.05,1.03
2025-10-13,5534.32,-0.44
2025-10-14,5596.29,1.12
2025-10-15,5620.2,0.43
2025-10-16,5639.6,0.34
2025-10-17,5596.32,-0.77
2025-10-20,5637.94,0.74
2025-10-21,5640.36,0.04
2025-10-22,5645.9,0.1
2025-10-23,5691.9,0.81
2025-10-24,5655.08,-0.65
2025-10-27,5681.5,0.47
2025-10-28,5651.65,-0.53
2025-10-29,5653.75,0.04
2025-10-30,5630.55,-0.41
2025-10-31,5627.67,-0.05
2025-11-03,5678.43,0.9
2025-11-04,5699.45,0.37
2025-11-05,5723.39,0.42
2025-11-06,5745.9,0.39
2025-11-07,5752.94,0.12
2025-11-10,5795.39,0.74
2025-11-11,5782.59,-0.22
2025-11-12,5786.42,0.07
2025-11-13,5801.99,0.27
2025-11-14,5767.56,-0.59
2025-11-17,5739.32,-0.49
2025-11-18,5659.78,-1.38
2025-11-19,5668.66,0.16
2025-11-20,5656.04,-0.22
2025-11-21,5554.52,-1.79
2025-11-24,5527.17,-0.49
2025-11-25,5554.22,0.49
2025-11-26,5530.79,-0.42
2025-11-27,5540.0,0.17
2025-11-28,5545.84,0.1
2025-12-01,5591.82,0.83
2025-12-02,5584.86,-0.12
2025-12-03,5573.9,-0.2
2025-12-04,5552.96,-0.37
2025-12-05,5557.97,0.09
2025-12-08,5527.42,-0.55
2025-12-09,5476.84,-0.92
2025-12-10,5481.58,0.09
2025-12-11,5435.62,-0.84
2025-12-12,5426.72,-0.16
2025-12-15,5457.03,0.56
2025-12-16,5414.32,-0.78
2025-12-17,5429.68,0.28
2025-12-18,5473.71,0.81
2025-12-19,5483.35,0.18
2025-12-22,5458.23,-0.46
2025-12-23,5459.13,0.02
2025-12-24,5472.24,0.24
2025-12-25,5486.44,0.26
2025-12-26,5513.75,0.5
2025-12-29,5501.74,-0.22
2025-12-30,5499.21,-0.04
2025-12-31,5503.98,0.09
2026-01-05,5525.12,0.38
2026-01-06,5591.04,1.19
2026-01-07,5592.91,0.03
2026-01-08,5574.6,-0.33
2026-01-09,5592.68,0.32
2026-01-12,5611.17,0.33
2026-01-13,5591.97,-0.34
2026-01-14,5552.31,-0.71
2026-01-15,5541.7,-0.19
2026-01-16,5493.39,-0.87
2026-01-19,5538.89,0.83
2026-01-20,5611.84,1.32
2026-01-21,5577.54,-0.61
2026-01-22,5618.15,0.73
2026-01-23,5611.48,-0.12
2026-01-26,5648.09,0.65
2026-01-27,5599.92,-0.85
2026-01-28,5687.32,1.56
2026-01-29,5757.64,1.24
2026-01-30,5700.01,-1.0
2026-02-02,5521.87,-3.12
2026-02-03,5563.8,0.76
2026-02-04,5712.03,2.66
2026-02-05,5686.51,-0.45
2026-02-06,5671.12,-0.27
2026-02-09,5709.06,0.67
2026-02-10,5730.01,0.37
2026-02-11,5770.13,0.7
2026-02-12,5751.64,-0.32
2026-02-13,5668.22,-1.45
2026-02-24,5754.41,1.52
2026-02-25,5785.57,0.54
2026-02-26,5768.92,-0.29
2026-02-27,5826.71,1.0
2026-03-02,5905.25,1.35
2026-03-03,5952.09,0.79
2026-03-04,5856.15,-1.61
2026-03-05,5849.52,-0.11
2026-03-06,5860.51,0.19
2026-03-09,5864.51,0.07
2026-03-10,5820.49,-0.75
2026-03-11,5905.18,1.46
2026-03-12,5976.53,1.21
2026-03-13,5954.46,-0.37
2026-03-16,5912.37,-0.71
2026-03-17,5868.48,-0.74
2026-03-18,5833.4,-0.6
2026-03-19,5799.19,-0.59
2026-03-20,5772.65,-0.46
2026-03-23,5626.12,-2.54
2026-03-24,5712.79,1.54
2026-03-25,5726.78,0.24
2026-03-26,5729.34,0.04
2026-03-27,5742.45,0.23
2026-03-30,5795.51,0.92
2026-03-31,5727.85,-1.17
2026-04-01,5731.25,0.06
2026-04-02,5744.64,0.23
2026-04-03,5649.43,-1.66
2026-04-07,5677.98,0.5
2026-04-08,5723.65,0.8
2026-04-09,5680.34,-0.76
2026-04-10,5692.53,0.21
2026-04-13,5688.09,-0.08
2026-04-14,5700.24,0.21
2026-04-15,5720.59,0.36
2026-04-16,5734.51,0.24
2026-04-17,5695.32,-0.68
2026-04-20,5702.51,0.13
2026-04-21,5752.84,0.88
2026-04-22,5752.38,-0.01
2026-04-23,5781.32,0.5
2026-04-24,5776.34,-0.09
2026-04-27,5763.87,-0.22
2026-04-28,5828.88,1.13
2026-04-29,5884.27,0.95
2026-04-30,5865.07,-0.33
2026-05-06,5881.84,0.29
2026-05-07,5787.2,-1.61
2026-05-08,5767.67,-0.34
2026-05-11,5783.46,0.27
2026-05-12,5774.72,-0.15
2026-05-13,5748.08,-0.46
2026-05-14,5694.31,-0.94
2026-05-15,5680.37,-0.24
2026-05-18,5654.2,-0.46
2026-05-19,5662.36,0.14
2026-05-20,5643.58,-0.33
2026-05-21,5554.67,-1.58
2026-05-22,5545.14,-0.17
2026-05-25,5572.23,0.49
2026-05-26,5577.26,0.09
2026-05-27,5527.16,-0.9
2026-05-28,5513.88,-0.24
2026-05-29,5578.69,1.18
2026-06-01,5726.1,2.64
2026-06-02,5708.55,-0.31
2026-06-03,5706.47,-0.04
2026-06-04,5681.52,-0.44
2026-06-05,5683.85,0.04
2026-06-08,5633.62,-0.88
2026-06-09,5629.97,-0.06
2026-06-10,5588.98,-0.73
2026-06-11,5566.74,-0.4
2026-06-12,5649.5,1.49
2026-06-15,5590.7,-1.04
2026-06-16,5493.67,-1.74
2026-06-17,5434.15,-1.08
2026-06-18,5316.65,-2.16
2026-06-22,5373.33,1.06
2026-06-23,5342.69,-0.57
2026-06-24,5262.82,-1.49
2026-06-25,5198.51,-1.22
2026-06-26,5085.73,-2.17
2026-06-27,5120.71,0.69
2026-06-29,5120.71,0.69
2026-06-30,5022.46,-1.92
2026-07-01,5108.21,1.71
2026-07-02,5154.94,0.91
2026-07-03,5207.46,1.02
2026-07-06,5314.92,2.06
2026-07-07,5239.37,-1.42
2026-07-08,5264.79,0.49
2026-07-09,5200.44,-1.22
2026-07-10,5184.1,-0.31
2026-07-13,5198.11,0.27
2026-07-14,5307.5,2.1
2026-07-15,5378.84,1.34
2026-07-16,5321.07,-1.07
2026-07-17,5281.81,-0.74
2026-07-20,5450.51,3.19
2026-07-21,5391.09,-1.09
2026-07-22,5452.59,1.14
2026-07-23,5505.69,0.97
2026-07-24,5404.28,-1.84
2026-07-27,5434.0,0.55
2026-07-28,5437.92,0.07
2026-07-29,5519.12,1.49
2026-07-30,5579.6,1.09
2026-07-31,5569.41,-0.18
2026-08-03,5549.16,-0.36
2026-08-04,5459.34,-1.62
2026-08-05,5447.98,-0.21
