date,close,pct
2004-01-01,115.84,0.39
2004-01-02,115.84,0.39
2004-01-05,117.82,1.71
2004-01-06,118.5,0.57
2004-01-07,119.88,1.17
2004-01-08,120.3,0.35
2004-01-09,119.26,-0.87
2004-01-12,120.71,1.22
2004-01-13,120.81,0.08
2004-01-14,120.44,-0.3
2004-01-15,120.59,0.12
2004-01-16,120.91,0.26
2004-01-29,121.86,0.79
2004-01-30,121.2,-0.55
2004-02-02,122.4,0.99
2004-02-03,123.37,0.79
2004-02-04,125.1,1.4
2004-02-05,124.69,-0.33
2004-02-06,124.92,0.19
2004-02-09,125.5,0.46
2004-02-10,125.91,0.33
2004-02-11,125.66,-0.2
2004-02-12,125.9,0.19
2004-02-13,126.19,0.23
2004-02-16,127.81,1.28
2004-02-17,128.79,0.77
2004-02-18,130.06,0.98
2004-02-19,130.04,-0.01
2004-02-20,130.14,0.08
2004-02-23,127.32,-2.17
2004-02-24,125.91,-1.11
2004-02-25,124.89,-0.81
2004-02-26,125.53,0.51
2004-02-27,126.52,0.79
2004-03-01,128.17,1.31
2004-03-02,128.4,0.18
2004-03-03,127.27,-0.88
2004-03-04,127.53,0.2
2004-03-05,127.46,-0.06
2004-03-08,126.98,-0.38
2004-03-09,126.85,-0.11
2004-03-10,127.89,0.82
2004-03-11,129.17,1.0
2004-03-12,129.38,0.17
2004-03-15,130.76,1.07
2004-03-16,130.91,0.12
2004-03-17,131.42,0.39
2004-03-18,130.36,-0.81
2004-03-19,131.09,0.56
2004-03-22,130.96,-0.11
2004-03-23,130.42,-0.41
2004-03-24,130.46,0.03
2004-03-25,130.59,0.1
2004-03-26,131.05,0.36
2004-03-29,130.92,-0.1
2004-03-30,130.51,-0.32
2004-03-31,131.17,0.51
2004-04-01,131.89,0.55
2004-04-02,133.91,1.53
2004-04-05,135.01,0.82
2004-04-06,135.37,0.27
2004-04-07,135.98,0.45
2004-04-08,136.26,0.21
2004-04-09,133.95,-1.7
2004-04-12,133.28,-0.5
2004-04-13,133.28,0.0
2004-04-14,130.72,-1.92
2004-04-15,130.1,-0.48
2004-04-16,130.69,0.46
2004-04-19,130.01,-0.52
2004-04-20,129.49,-0.4
2004-04-21,128.8,-0.53
2004-04-22,128.42,-0.3
2004-04-23,127.84,-0.45
2004-04-26,127.74,-0.08
2004-04-27,127.36,-0.3
2004-04-28,126.6,-0.59
2004-04-29,123.86,-2.16
2004-04-30,124.96,0.88
2004-05-10,123.74,-0.98
2004-05-11,123.32,-0.34
2004-05-12,124.74,1.16
2004-05-13,124.68,-0.05
2004-05-14,123.88,-0.64
2004-05-17,123.75,-0.11
2004-05-18,123.94,0.15
2004-05-19,124.75,0.66
2004-05-20,124.5,-0.21
2004-05-21,125.12,0.5
2004-05-24,124.83,-0.23
2004-05-25,124.53,-0.25
2004-05-26,124.49,-0.03
2004-05-27,125.3,0.65
2004-05-28,125.47,0.14
2004-05-31,125.49,0.02
2004-06-01,126.27,0.62
2004-06-02,125.92,-0.28
2004-06-03,125.34,-0.46
2004-06-04,125.25,-0.07
2004-06-07,124.29,-0.77
2004-06-08,123.67,-0.49
2004-06-09,122.69,-0.8
2004-06-10,122.75,0.05
2004-06-11,122.51,-0.2
2004-06-14,122.02,-0.4
2004-06-15,122.13,0.09
2004-06-16,122.37,0.2
2004-06-17,121.65,-0.59
2004-06-18,121.21,-0.36
2004-06-21,121.03,-0.15
2004-06-22,121.54,0.43
2004-06-23,121.34,-0.17
2004-06-24,121.15,-0.15
2004-06-25,120.73,-0.35
2004-06-28,120.69,-0.04
2004-06-29,120.91,0.19
2004-06-30,121.16,0.21
2004-07-01,121.7,0.45
2004-07-02,121.81,0.09
2004-07-05,121.81,-0.01
2004-07-06,122.42,0.51
2004-07-07,122.25,-0.15
2004-07-08,122.23,-0.01
2004-07-09,122.16,-0.06
2004-07-12,121.81,-0.29
2004-07-13,121.74,-0.06
2004-07-14,121.81,0.06
2004-07-15,122.09,0.23
2004-07-16,122.68,0.48
2004-07-19,122.42,-0.21
2004-07-20,121.67,-0.61
2004-07-21,121.51,-0.13
2004-07-22,120.47,-0.86
2004-07-23,120.16,-0.25
2004-07-26,119.93,-0.19
2004-07-27,119.57,-0.3
2004-07-28,119.6,0.03
2004-07-29,119.92,0.26
2004-07-30,120.43,0.43
2004-08-02,120.56,0.1
2004-08-03,120.52,-0.03
2004-08-04,120.98,0.39
2004-08-05,120.65,-0.27
2004-08-06,120.63,-0.02
2004-08-09,120.71,0.07
2004-08-10,120.63,-0.07
2004-08-11,120.4,-0.19
2004-08-12,120.24,-0.14
2004-08-13,120.77,0.44
2004-08-16,120.51,-0.22
2004-08-17,120.61,0.08
2004-08-18,120.58,-0.02
2004-08-19,120.42,-0.13
2004-08-20,120.46,0.04
2004-08-23,120.04,-0.35
2004-08-24,119.94,-0.08
2004-08-25,119.82,-0.1
2004-08-26,119.85,0.02
2004-08-27,119.73,-0.1
2004-08-30,119.66,-0.06
2004-08-31,119.74,0.07
2004-09-01,119.44,-0.26
2004-09-02,119.18,-0.21
2004-09-03,119.04,-0.12
2004-09-06,119.06,0.02
2004-09-07,119.02,-0.03
2004-09-08,118.9,-0.11
2004-09-09,118.58,-0.26
2004-09-10,118.69,0.09
2004-09-13,118.11,-0.49
2004-09-14,118.1,-0.01
2004-09-15,119.05,0.81
2004-09-16,119.48,0.36
2004-09-17,120.32,0.71
2004-09-20,122.27,1.62
2004-09-21,121.9,-0.3
2004-09-22,121.57,-0.27
2004-09-23,121.9,0.27
2004-09-24,122.02,0.1
2004-09-27,121.79,-0.19
2004-09-28,121.91,0.1
2004-09-29,121.92,0.0
2004-09-30,121.92,0.0
2004-10-08,121.91,-0.01
2004-10-11,122.49,0.48
2004-10-12,122.07,-0.34
2004-10-13,121.74,-0.27
2004-10-14,120.78,-0.79
2004-10-15,120.48,-0.25
2004-10-18,120.21,-0.23
2004-10-19,120.3,0.08
2004-10-20,120.44,0.12
2004-10-21,120.4,-0.04
2004-10-22,120.9,0.42
2004-10-25,120.65,-0.21
2004-10-26,120.27,-0.31
2004-10-27,120.45,0.15
2004-10-28,120.42,-0.02
2004-10-29,120.12,-0.25
2004-11-01,119.51,-0.5
2004-11-02,119.42,-0.08
2004-11-03,119.54,0.1
2004-11-04,119.11,-0.36
2004-11-05,118.86,-0.21
2004-11-08,118.69,-0.14
2004-11-09,118.76,0.06
2004-11-10,119.34,0.49
2004-11-11,119.21,-0.11
2004-11-12,119.03,-0.15
2004-11-15,119.36,0.27
2004-11-16,119.49,0.11
2004-11-17,119.27,-0.19
2004-11-18,119.77,0.42
2004-11-19,119.97,0.17
2004-11-22,120.28,0.26
2004-11-23,120.33,0.05
2004-11-24,120.05,-0.24
2004-11-25,119.89,-0.13
2004-11-26,119.87,-0.02
2004-11-29,119.68,-0.16
2004-11-30,119.63,-0.05
2004-12-01,119.55,-0.07
2004-12-02,119.3,-0.21
2004-12-03,119.0,-0.25
2004-12-06,118.84,-0.14
2004-12-07,118.6,-0.21
2004-12-08,118.56,-0.03
2004-12-09,118.88,0.28
2004-12-10,118.66,-0.19
2004-12-13,118.4,-0.22
2004-12-14,118.31,-0.08
2004-12-15,118.25,-0.06
2004-12-16,118.0,-0.21
2004-12-17,117.75,-0.21
2004-12-20,117.29,-0.39
2004-12-21,117.14,-0.13
2004-12-22,117.18,0.03
2004-12-23,116.71,-0.4
2004-12-24,116.4,-0.27
2004-12-27,116.26,-0.13
2004-12-28,116.26,0.0
2004-12-29,116.35,0.08
2004-12-30,116.59,0.2
2004-12-31,116.58,-0.01
2005-01-04,115.92,-0.57
2005-01-05,115.87,-0.04
2005-01-06,115.88,0.01
2005-01-07,116.06,0.16
2005-01-10,116.3,0.21
2005-01-11,116.61,0.26
2005-01-12,116.56,-0.04
2005-01-13,116.66,0.08
2005-01-14,116.55,-0.1
2005-01-17,116.14,-0.35
2005-01-18,115.96,-0.16
2005-01-19,115.84,-0.1
2005-01-20,115.69,-0.13
2005-01-21,116.24,0.47
2005-01-24,116.69,0.39
2005-01-25,116.69,0.0
2005-01-26,116.76,0.06
2005-01-27,116.68,-0.06
2005-01-28,116.61,-0.06
2005-01-31,116.63,0.02
2005-02-01,116.69,0.05
2005-02-02,117.77,0.93
2005-02-03,117.72,-0.05
2005-02-04,118.27,0.47
2005-02-16,118.99,0.61
2005-02-17,118.65,-0.29
2005-02-18,118.53,-0.1
2005-02-21,119.22,0.58
2005-02-22,119.91,0.58
2005-02-23,120.02,0.09
2005-02-24,119.79,-0.19
2005-02-25,120.12,0.28
2005-02-28,119.62,-0.42
2005-03-01,119.42,-0.16
2005-03-02,118.92,-0.43
2005-03-03,118.74,-0.14
2005-03-04,118.55,-0.17
2005-03-07,118.74,0.16
2005-03-08,119.18,0.37
2005-03-09,119.25,0.06
2005-03-10,118.77,-0.4
2005-03-11,118.77,0.0
2005-03-14,118.84,0.05
2005-03-15,118.65,-0.16
2005-03-16,118.46,-0.16
2005-03-17,118.13,-0.29
2005-03-18,117.88,-0.21
2005-03-21,118.1,0.19
2005-03-22,117.71,-0.33
2005-03-23,117.77,0.05
2005-03-24,117.7,-0.06
2005-03-25,117.78,0.07
2005-03-28,117.59,-0.16
2005-03-29,117.57,-0.02
2005-03-30,117.56,-0.01
2005-03-31,117.55,-0.01
2005-04-01,118.44,0.76
2005-04-04,118.38,-0.05
2005-04-05,118.47,0.08
2005-04-06,119.24,0.65
2005-04-07,119.99,0.63
2005-04-08,120.51,0.43
2005-04-11,120.26,-0.21
2005-04-12,120.1,-0.13
2005-04-13,120.56,0.38
2005-04-14,120.21,-0.29
2005-04-15,119.78,-0.36
2005-04-18,119.77,-0.01
2005-04-19,119.69,-0.06
2005-04-20,119.48,-0.18
2005-04-21,119.65,0.14
2005-04-22,119.94,0.25
2005-04-25,119.81,-0.11
2005-04-26,119.86,0.04
2005-04-27,120.07,0.17
2005-04-28,120.48,0.35
2005-04-29,120.44,-0.03
2005-05-09,120.16,-0.24
2005-05-10,120.42,0.22
2005-05-11,120.04,-0.32
2005-05-12,119.22,-0.68
2005-05-13,119.07,-0.13
2005-05-16,118.73,-0.29
2005-05-17,118.82,0.08
2005-05-18,118.61,-0.17
2005-05-19,118.72,0.09
2005-05-20,118.67,-0.04
2005-05-23,118.14,-0.45
2005-05-24,118.28,0.12
2005-05-25,118.35,0.06
2005-05-26,117.93,-0.35
2005-05-27,117.76,-0.15
2005-05-30,117.77,0.01
2005-05-31,117.8,0.03
2005-06-01,117.51,-0.25
2005-06-02,116.76,-0.64
2005-06-03,116.54,-0.19
2005-06-06,116.74,0.17
2005-06-07,116.79,0.04
2005-06-08,118.8,1.73
2005-06-09,118.87,0.05
2005-06-10,118.27,-0.5
2005-06-13,118.25,-0.02
2005-06-14,118.18,-0.06
2005-06-15,117.92,-0.22
2005-06-16,118.36,0.38
2005-06-17,118.7,0.29
2005-06-20,119.64,0.79
2005-06-21,119.73,0.07
2005-06-22,120.1,0.31
2005-06-23,120.15,0.04
2005-06-24,120.09,-0.05
2005-06-27,120.49,0.33
2005-06-28,120.05,-0.37
2005-06-29,119.51,-0.45
2005-06-30,118.87,-0.53
2005-07-01,118.46,-0.35
2005-07-04,118.4,-0.05
2005-07-05,118.46,0.05
2005-07-06,118.39,-0.06
2005-07-07,118.46,0.06
2005-07-08,118.34,-0.1
2005-07-11,118.59,0.21
2005-07-12,119.16,0.49
2005-07-13,119.01,-0.13
2005-07-14,119.06,0.04
2005-07-15,118.94,-0.1
2005-07-18,118.72,-0.18
2005-07-19,118.45,-0.23
2005-07-20,118.59,0.12
2005-07-21,118.6,0.02
2005-07-22,119.46,0.72
2005-07-25,119.59,0.11
2005-07-26,120.3,0.6
2005-07-27,120.48,0.15
2005-07-28,120.71,0.19
2005-07-29,120.89,0.15
2005-08-01,121.12,0.19
2005-08-02,121.61,0.4
2005-08-03,121.58,-0.02
2005-08-04,121.56,-0.02
2005-08-05,122.48,0.76
2005-08-08,122.74,0.21
2005-08-09,122.68,-0.05
2005-08-10,122.89,0.17
2005-08-11,123.5,0.5
2005-08-12,123.28,-0.19
2005-08-15,123.51,0.19
2005-08-16,123.0,-0.41
2005-08-17,123.08,0.07
2005-08-18,122.14,-0.76
2005-08-19,122.24,0.08
2005-08-22,122.23,-0.01
2005-08-23,122.1,-0.11
2005-08-24,122.29,0.16
2005-08-25,122.28,-0.01
2005-08-26,122.12,-0.12
2005-08-29,121.83,-0.24
2005-08-30,121.87,0.03
2005-08-31,122.36,0.4
2005-09-01,123.25,0.73
2005-09-02,123.49,0.2
2005-09-05,123.49,0.0
2005-09-06,123.43,-0.05
2005-09-07,123.87,0.36
2005-09-08,123.78,-0.07
2005-09-09,123.98,0.16
2005-09-12,123.92,-0.05
2005-09-13,124.18,0.21
2005-09-14,124.47,0.24
2005-09-15,124.35,-0.1
2005-09-16,124.15,-0.16
2005-09-19,123.86,-0.23
2005-09-20,123.74,-0.09
2005-09-21,122.83,-0.73
2005-09-22,121.64,-0.97
2005-09-23,121.47,-0.14
2005-09-26,121.28,-0.16
2005-09-27,120.8,-0.39
2005-09-28,120.7,-0.08
2005-09-29,120.6,-0.09
2005-09-30,121.45,0.7
2005-10-10,121.07,-0.31
2005-10-11,121.05,-0.01
2005-10-12,121.05,0.0
2005-10-13,120.53,-0.43
2005-10-14,120.41,-0.1
2005-10-17,120.1,-0.26
2005-10-18,120.09,-0.01
2005-10-19,120.02,-0.05
2005-10-20,119.71,-0.26
2005-10-21,119.6,-0.1
2005-10-24,119.91,0.26
2005-10-25,119.67,-0.21
2005-10-26,119.49,-0.15
2005-10-27,119.63,0.12
2005-10-28,119.36,-0.23
2005-10-31,119.49,0.11
2005-11-01,119.37,-0.1
2005-11-02,119.46,0.08
2005-11-03,119.55,0.08
2005-11-04,119.8,0.21
2005-11-07,119.67,-0.11
2005-11-08,119.69,0.02
2005-11-09,119.75,0.04
2005-11-10,119.43,-0.26
2005-11-11,119.39,-0.04
2005-11-14,119.27,-0.1
2005-11-15,119.17,-0.08
2005-11-16,119.11,-0.05
2005-11-17,119.11,0.0
2005-11-18,119.37,0.22
2005-11-21,119.4,0.03
2005-11-22,119.05,-0.29
2005-11-23,119.0,-0.04
2005-11-24,118.88,-0.1
2005-11-25,119.22,0.28
2005-11-28,119.28,0.06
2005-11-29,119.28,0.0
2005-11-30,119.21,-0.06
2005-12-01,119.07,-0.12
2005-12-02,119.26,0.16
2005-12-05,119.02,-0.2
2005-12-06,119.17,0.13
2005-12-07,119.72,0.46
2005-12-08,119.68,-0.03
2005-12-09,120.07,0.32
2005-12-12,120.24,0.14
2005-12-13,120.16,-0.07
2005-12-14,120.73,0.48
2005-12-15,121.25,0.42
2005-12-16,121.45,0.17
2005-12-19,121.71,0.22
2005-12-20,121.86,0.12
2005-12-21,121.97,0.09
2005-12-22,122.22,0.2
2005-12-23,122.62,0.33
2005-12-26,122.81,0.15
2005-12-27,122.74,-0.06
2005-12-28,123.02,0.23
2005-12-29,123.26,0.19
2005-12-30,123.06,-0.16
2006-01-04,126.92,3.13
2006-01-05,127.79,0.69
2006-01-06,128.47,0.53
2006-01-09,128.26,-0.16
2006-01-10,129.61,1.05
2006-01-11,129.97,0.28
2006-01-12,130.56,0.46
2006-01-13,130.56,0.0
2006-01-16,129.77,-0.6
2006-01-17,130.35,0.45
2006-01-18,131.48,0.87
2006-01-19,132.27,0.6
2006-01-20,132.09,-0.14
2006-01-23,132.4,0.24
2006-01-24,133.07,0.5
2006-01-25,133.41,0.26
2006-02-06,134.71,0.97
2006-02-07,134.58,-0.09
2006-02-08,134.89,0.23
2006-02-09,134.28,-0.45
2006-02-10,134.81,0.4
2006-02-13,134.34,-0.35
2006-02-14,134.37,0.02
2006-02-15,134.61,0.18
2006-02-16,133.18,-1.06
2006-02-17,133.3,0.09
2006-02-20,133.36,0.05
2006-02-21,133.89,0.4
2006-02-22,133.99,0.07
2006-02-23,133.66,-0.25
2006-02-24,134.14,0.37
2006-02-27,133.86,-0.21
2006-02-28,133.89,0.03
2006-03-01,133.32,-0.43
2006-03-02,132.37,-0.72
2006-03-03,131.8,-0.43
2006-03-06,131.21,-0.45
2006-03-07,130.26,-0.72
2006-03-08,129.78,-0.37
2006-03-09,129.73,-0.04
2006-03-10,129.7,-0.03
2006-03-13,131.03,1.03
2006-03-14,131.06,0.03
2006-03-15,131.47,0.31
2006-03-16,131.62,0.11
2006-03-17,131.89,0.2
2006-03-20,132.27,0.29
2006-03-21,132.68,0.31
2006-03-22,133.29,0.46
2006-03-23,133.64,0.26
2006-03-24,133.39,-0.18
2006-03-27,134.24,0.64
2006-03-28,135.31,0.79
2006-03-29,136.1,0.59
2006-03-30,135.67,-0.32
2006-03-31,136.57,0.66
2006-04-03,138.54,1.45
2006-04-04,138.41,-0.1
2006-04-05,139.29,0.64
2006-04-06,139.3,0.01
2006-04-07,139.15,-0.11
2006-04-10,139.37,0.16
2006-04-11,139.77,0.29
2006-04-12,139.74,-0.03
2006-04-13,139.11,-0.45
2006-04-14,139.15,0.03
2006-04-17,139.24,0.07
2006-04-18,140.08,0.6
2006-04-19,140.73,0.46
2006-04-20,140.45,-0.2
2006-04-21,140.46,0.01
2006-04-24,140.19,-0.19
2006-04-25,140.55,0.26
2006-04-26,140.31,-0.17
2006-04-27,140.46,0.11
2006-04-28,140.56,0.07
2006-05-08,141.76,0.85
2006-05-09,142.56,0.56
2006-05-10,143.7,0.8
2006-05-11,143.97,0.19
2006-05-12,145.92,1.36
2006-05-15,149.96,2.77
2006-05-16,147.16,-1.87
2006-05-17,147.87,0.49
2006-05-18,147.88,0.0
2006-05-19,148.88,0.68
2006-05-22,148.92,0.02
2006-05-23,146.99,-1.29
2006-05-24,146.37,-0.42
2006-05-25,145.58,-0.54
2006-05-26,146.38,0.55
2006-05-29,148.65,1.55
2006-05-30,149.29,0.43
2006-05-31,149.77,0.32
2006-06-01,152.93,2.11
2006-06-02,152.73,-0.13
2006-06-05,152.4,-0.22
2006-06-06,152.07,-0.21
2006-06-07,148.34,-2.46
2006-06-08,148.25,-0.06
2006-06-09,147.73,-0.35
2006-06-12,147.72,0.0
2006-06-13,146.63,-0.74
2006-06-14,146.57,-0.04
2006-06-15,146.64,0.05
2006-06-16,147.17,0.37
2006-06-19,147.48,0.21
2006-06-20,148.52,0.71
2006-06-21,148.46,-0.04
2006-06-22,148.51,0.03
2006-06-23,150.09,1.07
2006-06-26,150.56,0.31
2006-06-27,150.79,0.15
2006-06-28,151.25,0.3
2006-06-29,152.18,0.62
2006-06-30,152.82,0.42
2006-07-03,153.27,0.29
2006-07-04,152.63,-0.42
2006-07-05,151.98,-0.42
2006-07-06,152.86,0.58
2006-07-07,152.98,0.08
2006-07-10,153.36,0.25
2006-07-11,154.0,0.42
2006-07-12,154.29,0.19
2006-07-13,152.03,-1.47
2006-07-14,152.13,0.06
2006-07-17,151.99,-0.09
2006-07-18,151.41,-0.38
2006-07-19,150.11,-0.86
2006-07-20,151.24,0.76
2006-07-21,151.46,0.14
2006-07-24,151.41,-0.03
2006-07-25,151.97,0.37
2006-07-26,151.85,-0.08
2006-07-27,152.15,0.2
2006-07-28,151.35,-0.53
2006-07-31,149.04,-1.52
2006-08-01,149.13,0.06
2006-08-02,148.38,-0.5
2006-08-03,147.03,-0.91
2006-08-04,146.2,-0.56
2006-08-07,145.58,-0.42
2006-08-08,146.2,0.43
2006-08-09,146.07,-0.09
2006-08-10,146.24,0.12
2006-08-11,146.64,0.27
2006-08-14,146.68,0.03
2006-08-15,146.6,-0.06
2006-08-16,147.08,0.33
2006-08-17,147.03,-0.04
2006-08-18,146.89,-0.09
2006-08-21,147.13,0.17
2006-08-22,147.67,0.36
2006-08-23,147.87,0.14
2006-08-24,147.85,-0.01
2006-08-25,147.2,-0.44
2006-08-28,147.5,0.21
2006-08-29,147.39,-0.08
2006-08-30,147.23,-0.11
2006-08-31,147.24,0.01
2006-09-01,147.31,0.05
2006-09-04,147.69,0.26
2006-09-05,147.56,-0.09
2006-09-06,147.49,-0.05
2006-09-07,147.23,-0.18
2006-09-08,147.07,-0.11
2006-09-11,146.89,-0.13
2006-09-12,146.92,0.02
2006-09-13,146.93,0.0
2006-09-14,146.85,-0.05
2006-09-15,146.63,-0.15
2006-09-18,146.82,0.13
2006-09-19,146.95,0.08
2006-09-20,146.94,-0.01
2006-09-21,146.9,-0.03
2006-09-22,146.83,-0.05
2006-09-25,146.83,0.0
2006-09-26,146.63,-0.14
2006-09-27,146.75,0.08
2006-09-28,146.99,0.16
2006-09-29,147.6,0.42
2006-10-09,147.87,0.18
2006-10-10,147.4,-0.31
2006-10-11,147.56,0.11
2006-10-12,147.62,0.04
2006-10-13,147.52,-0.07
2006-10-16,147.46,-0.04
2006-10-17,147.53,0.05
2006-10-18,148.12,0.4
2006-10-19,148.41,0.2
2006-10-20,148.19,-0.15
2006-10-23,148.09,-0.07
2006-10-24,148.32,0.16
2006-10-25,148.36,0.03
2006-10-26,148.76,0.27
2006-10-27,148.91,0.1
2006-10-30,149.02,0.07
2006-10-31,149.28,0.17
2006-11-01,149.69,0.28
2006-11-02,150.93,0.83
2006-11-03,151.34,0.27
2006-11-06,153.12,1.18
2006-11-07,152.97,-0.1
2006-11-08,152.23,-0.48
2006-11-09,152.64,0.27
2006-11-10,152.19,-0.3
2006-11-13,151.56,-0.41
2006-11-14,151.5,-0.04
2006-11-15,152.49,0.65
2006-11-16,152.15,-0.22
2006-11-17,152.46,0.2
2006-11-20,152.65,0.13
2006-11-21,152.86,0.14
2006-11-22,152.92,0.04
2006-11-23,153.47,0.36
2006-11-24,153.79,0.2
2006-11-27,153.72,-0.04
2006-11-28,153.52,-0.14
2006-11-29,153.69,0.11
2006-11-30,157.15,2.25
2006-12-01,158.03,0.56
2006-12-04,159.68,1.05
2006-12-05,160.73,0.66
2006-12-06,160.24,-0.31
2006-12-07,161.93,1.06
2006-12-08,160.73,-0.74
2006-12-11,161.78,0.65
2006-12-12,161.09,-0.43
2006-12-13,161.2,0.07
2006-12-14,162.07,0.54
2006-12-15,163.63,0.96
2006-12-18,165.37,1.06
2006-12-19,165.36,-0.01
2006-12-20,165.76,0.24
2006-12-21,165.72,-0.02
2006-12-22,165.31,-0.25
2006-12-25,166.39,0.66
2006-12-26,165.93,-0.28
2006-12-27,167.24,0.79
2006-12-28,166.6,-0.38
2006-12-29,169.44,1.7
2007-01-04,171.71,1.34
2007-01-05,172.49,0.46
2007-01-08,173.88,0.81
2007-01-09,175.4,0.87
2007-01-10,177.4,1.14
2007-01-11,177.17,-0.13
2007-01-12,173.73,-1.94
2007-01-15,177.43,2.13
2007-01-16,180.65,1.82
2007-01-17,176.51,-2.29
2007-01-18,175.63,-0.5
2007-01-19,179.41,2.15
2007-01-22,185.89,3.61
2007-01-23,187.38,0.8
2007-01-24,191.2,2.04
2007-01-25,187.24,-2.07
2007-01-26,188.18,0.5
2007-01-29,192.94,2.53
2007-01-30,190.3,-1.37
2007-01-31,184.4,-3.1
2007-02-01,184.91,0.28
2007-02-02,182.13,-1.5
2007-02-05,181.75,-0.21
2007-02-06,182.76,0.56
2007-02-07,184.52,0.96
2007-02-08,187.69,1.71
2007-02-09,187.9,0.11
2007-02-12,192.92,2.67
2007-02-13,196.67,1.95
2007-02-14,200.07,1.73
2007-02-15,202.74,1.34
2007-02-16,203.37,0.31
2007-02-26,206.65,1.61
2007-02-27,195.67,-5.32
2007-02-28,199.83,2.13
2007-03-01,197.93,-0.95
2007-03-02,200.69,1.4
2007-03-05,200.41,-0.14
2007-03-06,206.47,3.02
2007-03-07,208.37,0.92
2007-03-08,212.99,2.22
2007-03-09,212.1,-0.42
2007-03-12,215.45,1.58
2007-03-13,219.95,2.09
2007-03-14,224.26,1.96
2007-03-15,224.85,0.26
2007-03-16,221.37,-1.55
2007-03-19,222.32,0.43
2007-03-20,223.13,0.37
2007-03-21,227.74,2.07
2007-03-22,232.14,1.93
2007-03-23,232.57,0.19
2007-03-26,236.4,1.64
2007-03-27,237.69,0.55
2007-03-28,238.09,0.17
2007-03-29,235.6,-1.05
2007-03-30,236.08,0.21
2007-04-02,239.05,1.26
2007-04-03,240.08,0.43
2007-04-04,242.03,0.81
2007-04-05,244.63,1.08
2007-04-06,247.86,1.32
2007-04-09,252.31,1.8
2007-04-10,252.98,0.26
2007-04-11,255.67,1.06
2007-04-12,258.74,1.2
2007-04-13,261.6,1.11
2007-04-16,265.51,1.49
2007-04-17,271.02,2.08
2007-04-18,275.52,1.66
2007-04-19,269.61,-2.15
2007-04-20,275.33,2.12
2007-04-23,290.2,5.4
2007-04-24,294.58,1.51
2007-04-25,289.98,-1.56
2007-04-26,293.7,1.28
2007-04-27,293.88,0.06
2007-04-30,296.6,0.93
2007-05-08,301.29,1.58
2007-05-09,305.29,1.33
2007-05-10,314.96,3.17
2007-05-11,310.5,-1.42
2007-05-14,311.51,0.33
2007-05-15,309.12,-0.77
2007-05-16,312.44,1.07
2007-05-17,316.57,1.32
2007-05-18,314.74,-0.58
2007-05-21,315.08,0.11
2007-05-22,316.62,0.49
2007-05-23,323.81,2.27
2007-05-24,319.32,-1.39
2007-05-25,323.28,1.24
2007-05-28,328.94,1.75
2007-05-29,330.6,0.51
2007-05-30,317.41,-3.99
2007-05-31,316.33,-0.34
2007-06-01,304.98,-3.59
2007-06-04,294.66,-3.38
2007-06-05,294.34,-0.11
2007-06-06,299.18,1.64
2007-06-07,301.6,0.81
2007-06-08,297.33,-1.42
2007-06-11,297.86,0.18
2007-06-12,305.2,2.46
2007-06-13,311.81,2.17
2007-06-14,311.13,-0.22
2007-06-15,310.24,-0.29
2007-06-18,318.69,2.72
2007-06-19,319.43,0.23
2007-06-20,319.8,0.12
2007-06-21,318.34,-0.46
2007-06-22,315.22,-0.98
2007-06-25,307.7,-2.39
2007-06-26,290.65,-5.54
2007-06-27,286.64,-1.38
2007-06-28,278.45,-2.86
2007-06-29,273.09,-1.92
2007-07-02,273.66,0.21
2007-07-03,276.0,0.85
2007-07-04,276.76,0.28
2007-07-05,272.42,-1.57
2007-07-06,268.73,-1.35
2007-07-09,270.82,0.78
2007-07-10,275.62,1.77
2007-07-11,265.82,-3.56
2007-07-12,264.12,-0.64
2007-07-13,260.21,-1.48
2007-07-16,258.31,-0.73
2007-07-17,258.82,0.2
2007-07-18,259.15,0.13
2007-07-19,258.13,-0.4
2007-07-20,262.79,1.81
2007-07-23,271.06,3.15
2007-07-24,273.93,1.06
2007-07-25,276.52,0.94
2007-07-26,275.55,-0.35
2007-07-27,281.96,2.33
2007-07-30,289.16,2.55
2007-07-31,295.34,2.14
2007-08-01,288.37,-2.36
2007-08-02,286.0,-0.82
2007-08-03,289.9,1.37
2007-08-06,298.07,2.82
2007-08-07,301.57,1.17
2007-08-08,299.35,-0.74
2007-08-09,296.6,-0.92
2007-08-10,295.92,-0.23
2007-08-13,300.45,1.53
2007-08-14,300.65,0.07
2007-08-15,303.01,0.79
2007-08-16,302.01,-0.33
2007-08-17,301.74,-0.09
2007-08-20,308.14,2.12
2007-08-21,314.12,1.94
2007-08-22,321.45,2.33
2007-08-23,324.21,0.86
2007-08-24,333.11,2.74
2007-08-27,333.3,0.06
2007-08-28,334.0,0.21
2007-08-29,331.67,-0.7
2007-08-30,339.17,2.26
2007-08-31,346.55,2.17
2007-09-03,359.66,3.78
2007-09-04,357.54,-0.59
2007-09-05,358.66,0.31
2007-09-06,371.4,3.55
2007-09-07,373.5,0.57
2007-09-10,376.56,0.82
2007-09-11,359.96,-4.41
2007-09-12,361.79,0.51
2007-09-13,375.96,3.92
2007-09-14,383.67,2.05
2007-09-17,396.17,3.26
2007-09-18,401.3,1.29
2007-09-19,385.4,-3.96
2007-09-20,388.92,0.91
2007-09-21,389.28,0.09
2007-09-24,398.62,2.4
2007-09-25,386.43,-3.06
2007-09-26,381.55,-1.26
2007-09-27,383.58,0.53
2007-09-28,389.61,1.57
2007-10-08,383.93,-1.46
2007-10-09,380.22,-0.97
2007-10-10,376.67,-0.93
2007-10-11,377.25,0.16
2007-10-12,378.34,0.29
2007-10-15,387.79,2.5
2007-10-16,384.88,-0.75
2007-10-17,379.68,-1.35
2007-10-18,368.09,-3.05
2007-10-19,369.07,0.27
2007-10-22,363.56,-1.49
2007-10-23,361.21,-0.65
2007-10-24,364.59,0.94
2007-10-25,351.72,-3.53
2007-10-26,341.06,-3.03
2007-10-29,343.29,0.66
2007-10-30,344.74,0.42
2007-10-31,344.84,0.03
2007-11-01,340.11,-1.37
2007-11-02,339.5,-0.18
2007-11-05,335.41,-1.2
2007-11-06,333.52,-0.57
2007-11-07,328.92,-1.38
2007-11-08,322.08,-2.08
2007-11-09,317.96,-1.28
2007-11-12,310.48,-2.35
2007-11-13,313.8,1.07
2007-11-14,315.62,0.58
2007-11-15,312.61,-0.96
2007-11-16,306.04,-2.1
2007-11-19,302.68,-1.1
2007-11-20,305.18,0.83
2007-11-21,304.94,-0.08
2007-11-22,292.75,-4.0
2007-11-23,291.23,-0.52
2007-11-26,292.55,0.45
2007-11-27,289.15,-1.16
2007-11-28,292.22,1.06
2007-11-29,297.81,1.91
2007-11-30,294.72,-1.04
2007-12-03,297.42,0.92
2007-12-04,299.61,0.74
2007-12-05,303.77,1.39
2007-12-06,303.06,-0.23
2007-12-07,305.85,0.92
2007-12-10,314.31,2.77
2007-12-11,315.12,0.26
2007-12-12,316.65,0.48
2007-12-13,311.21,-1.72
2007-12-14,312.48,0.41
2007-12-17,311.19,-0.42
2007-12-18,309.64,-0.5
2007-12-19,311.83,0.71
2007-12-20,314.24,0.77
2007-12-21,317.64,1.08
2007-12-24,325.18,2.37
2007-12-25,332.22,2.17
2007-12-26,337.47,1.58
2007-12-27,341.55,1.21
2007-12-28,344.18,0.77
2008-01-02,344.7,0.15
2008-01-03,344.54,-0.04
2008-01-04,347.03,0.72
2008-01-07,361.04,4.04
2008-01-08,359.79,-0.35
2008-01-09,367.2,2.06
2008-01-10,368.77,0.43
2008-01-11,371.45,0.73
2008-01-14,376.94,1.48
2008-01-15,371.47,-1.45
2008-01-16,367.13,-1.17
2008-01-17,359.58,-2.06
2008-01-18,358.35,-0.34
2008-01-21,348.96,-2.62
2008-01-22,321.5,-7.87
2008-01-23,331.82,3.21
2008-01-24,336.97,1.55
2008-01-25,343.55,1.95
2008-01-28,337.45,-1.78
2008-01-29,338.22,0.23
2008-01-30,336.83,-0.41
2008-01-31,333.59,-0.96
2008-02-01,327.77,-1.75
2008-02-04,331.16,1.04
2008-02-05,331.25,0.03
2008-02-13,329.0,-0.68
2008-02-14,331.28,0.69
2008-02-15,331.84,0.17
2008-02-18,335.27,1.03
2008-02-19,337.91,0.79
2008-02-20,335.59,-0.69
2008-02-21,335.32,-0.08
2008-02-22,332.76,-0.77
2008-02-25,330.04,-0.82
2008-02-26,326.55,-1.06
2008-02-27,322.97,-1.09
2008-02-28,320.23,-0.85
2008-02-29,320.19,-0.01
2008-03-03,326.43,1.95
2008-03-04,326.37,-0.02
2008-03-05,323.71,-0.81
2008-03-06,324.16,0.14
2008-03-07,321.87,-0.71
2008-03-10,312.6,-2.88
2008-03-11,308.09,-1.44
2008-03-12,302.38,-1.85
2008-03-13,298.12,-1.41
2008-03-14,296.57,-0.52
2008-03-17,283.78,-4.31
2008-03-18,268.85,-5.26
2008-03-19,270.4,0.58
2008-03-20,277.05,2.46
2008-03-21,274.88,-0.79
2008-03-24,269.08,-2.11
2008-03-25,267.82,-0.47
2008-03-26,269.09,0.48
2008-03-27,267.0,-0.78
2008-03-28,267.71,0.27
2008-03-31,267.86,0.06
2008-04-01,259.26,-3.21
2008-04-02,257.82,-0.55
2008-04-03,259.66,0.71
2008-04-07,263.09,1.32
2008-04-08,263.12,0.01
2008-04-09,255.9,-2.74
2008-04-10,259.09,1.25
2008-04-11,260.08,0.38
2008-04-14,256.17,-1.5
2008-04-15,255.15,-0.4
2008-04-16,253.25,-0.74
2008-04-17,250.84,-0.95
2008-04-18,247.48,-1.34
2008-04-21,247.64,0.06
2008-04-22,244.34,-1.33
2008-04-23,248.18,1.57
2008-04-24,258.56,4.18
2008-04-25,257.98,-0.22
2008-04-28,257.6,-0.15
2008-04-29,257.0,-0.23
2008-04-30,262.73,2.23
2008-05-05,268.95,2.37
2008-05-06,267.07,-0.7
2008-05-07,259.71,-2.76
2008-05-08,261.77,0.79
2008-05-09,264.59,1.08
2008-05-12,269.81,1.97
2008-05-13,270.76,0.35
2008-05-14,272.22,0.54
2008-05-15,269.34,-1.06
2008-05-16,267.28,-0.76
2008-05-19,264.85,-0.91
2008-05-20,256.25,-3.25
2008-05-21,257.81,0.61
2008-05-22,259.15,0.52
2008-05-23,256.74,-0.93
2008-05-26,256.28,-0.18
2008-05-27,257.17,0.35
2008-05-28,260.81,1.42
2008-05-29,258.61,-0.84
2008-05-30,257.61,-0.39
2008-06-02,258.04,0.17
2008-06-03,256.51,-0.6
2008-06-04,255.05,-0.57
2008-06-05,255.03,-0.01
2008-06-06,255.28,0.1
2008-06-10,246.43,-3.47
2008-06-11,247.01,0.24
2008-06-12,244.64,-0.96
2008-06-13,243.3,-0.54
2008-06-16,243.09,-0.09
2008-06-17,240.82,-0.93
2008-06-18,243.53,1.13
2008-06-19,240.52,-1.24
2008-06-20,239.82,-0.29
2008-06-23,238.43,-0.58
2008-06-24,238.63,0.08
2008-06-25,240.3,0.7
2008-06-26,241.83,0.64
2008-06-27,238.24,-1.48
2008-06-30,237.99,-0.11
2008-07-01,237.89,-0.04
2008-07-02,238.48,0.25
2008-07-03,243.55,2.13
2008-07-04,242.67,-0.36
2008-07-07,245.83,1.3
2008-07-08,245.97,0.06
2008-07-09,246.1,0.05
2008-07-10,244.76,-0.54
2008-07-11,242.78,-0.81
2008-07-14,242.52,-0.11
2008-07-15,241.64,-0.36
2008-07-16,239.79,-0.77
2008-07-17,239.55,-0.1
2008-07-18,240.13,0.24
2008-07-21,241.94,0.75
2008-07-22,241.99,0.02
2008-07-23,241.72,-0.11
2008-07-24,242.19,0.19
2008-07-25,243.02,0.35
2008-07-28,244.35,0.55
2008-07-29,243.55,-0.33
2008-07-30,243.32,-0.09
2008-07-31,242.02,-0.53
2008-08-01,241.28,-0.31
2008-08-04,240.02,-0.52
2008-08-05,237.12,-1.21
2008-08-06,236.26,-0.36
2008-08-07,235.01,-0.53
2008-08-08,234.24,-0.33
2008-08-11,231.61,-1.12
2008-08-12,231.6,-0.01
2008-08-13,231.9,0.13
2008-08-14,232.34,0.19
2008-08-15,232.45,0.05
2008-08-18,231.67,-0.34
2008-08-19,231.7,0.01
2008-08-20,232.58,0.38
2008-08-21,231.44,-0.49
2008-08-22,230.46,-0.42
2008-08-25,229.53,-0.4
2008-08-26,229.11,-0.18
2008-08-27,228.48,-0.27
2008-08-28,228.19,-0.13
2008-08-29,229.64,0.64
2008-09-01,229.43,-0.09
2008-09-02,229.56,0.06
2008-09-03,229.73,0.08
2008-09-04,229.98,0.11
2008-09-05,229.81,-0.07
2008-09-08,228.87,-0.41
2008-09-09,228.03,-0.37
2008-09-10,227.99,-0.02
2008-09-11,228.02,0.01
2008-09-12,228.18,0.07
2008-09-16,228.41,0.1
2008-09-17,228.27,-0.06
2008-09-18,227.89,-0.17
2008-09-19,231.94,1.78
2008-09-22,229.71,-0.96
2008-09-23,229.03,-0.3
2008-09-24,228.35,-0.3
2008-09-25,229.63,0.56
2008-09-26,230.26,0.27
2008-10-06,230.72,0.2
2008-10-07,230.89,0.07
2008-10-08,231.79,0.39
2008-10-09,232.43,0.27
2008-10-10,231.69,-0.32
2008-10-13,231.49,-0.09
2008-10-14,231.39,-0.04
2008-10-15,230.76,-0.28
2008-10-16,230.04,-0.31
2008-10-17,229.34,-0.3
2008-10-20,230.55,0.53
2008-10-21,231.06,0.22
2008-10-22,230.91,-0.07
2008-10-23,230.55,-0.16
2008-10-24,229.42,-0.49
2008-10-27,225.5,-1.71
2008-10-28,222.09,-1.51
2008-10-29,220.46,-0.73
2008-10-30,221.03,0.26
2008-10-31,220.49,-0.24
2008-11-03,220.42,-0.03
2008-11-04,221.24,0.37
2008-11-05,221.85,0.28
2008-11-06,221.59,-0.12
2008-11-07,222.03,0.2
2008-11-10,223.87,0.83
2008-11-11,224.09,0.1
2008-11-12,224.77,0.3
2008-11-13,226.27,0.67
2008-11-14,228.24,0.87
2008-11-17,229.0,0.33
2008-11-18,224.86,-1.81
2008-11-19,227.77,1.29
2008-11-20,227.49,-0.12
2008-11-21,226.61,-0.39
2008-11-24,226.26,-0.16
2008-11-25,226.59,0.15
2008-11-26,227.28,0.31
2008-11-27,228.67,0.61
2008-11-28,228.78,0.05
2008-12-01,230.55,0.77
2008-12-02,230.98,0.19
2008-12-03,233.87,1.25
2008-12-04,234.61,0.32
2008-12-05,236.66,0.87
2008-12-08,237.92,0.53
2008-12-09,236.4,-0.64
2008-12-10,237.1,0.3
2008-12-11,235.96,-0.48
2008-12-12,233.63,-0.99
2008-12-15,234.24,0.26
2008-12-16,234.35,0.05
2008-12-17,235.76,0.6
2008-12-18,236.77,0.43
2008-12-19,237.77,0.42
2008-12-22,236.87,-0.38
2008-12-23,233.83,-1.28
2008-12-24,232.87,-0.41
2008-12-25,233.29,0.18
2008-12-26,233.04,-0.11
2008-12-29,232.96,-0.04
2008-12-30,232.18,-0.33
2008-12-31,232.83,0.28
2009-01-05,235.53,1.16
2009-01-06,238.07,1.08
2009-01-07,238.77,0.29
2009-01-08,238.57,-0.09
2009-01-09,239.98,0.59
2009-01-12,240.73,0.32
2009-01-13,239.29,-0.6
2009-01-14,239.35,0.03
2009-01-15,240.66,0.55
2009-01-16,241.88,0.51
2009-01-19,242.84,0.4
2009-01-20,243.33,0.21
2009-01-21,243.96,0.26
2009-01-22,245.23,0.52
2009-01-23,247.44,0.9
2009-02-02,249.34,0.77
2009-02-03,251.51,0.87
2009-02-04,252.47,0.39
2009-02-05,250.76,-0.68
2009-02-06,252.86,0.84
2009-02-09,252.91,0.02
2009-02-10,255.36,0.97
2009-02-11,256.17,0.32
2009-02-12,257.39,0.48
2009-02-13,263.39,2.33
2009-02-16,266.82,1.3
2009-02-17,261.3,-2.07
2009-02-18,256.05,-2.01
2009-02-19,257.09,0.4
2009-02-20,259.98,1.13
2009-02-23,264.83,1.87
2009-02-24,264.13,-0.27
2009-02-25,268.6,1.69
2009-02-26,264.82,-1.41
2009-02-27,259.25,-2.1
2009-03-02,261.44,0.84
2009-03-03,262.33,0.34
2009-03-04,267.43,1.94
2009-03-05,268.31,0.33
2009-03-06,267.1,-0.45
2009-03-09,263.59,-1.31
2009-03-10,264.71,0.43
2009-03-11,266.02,0.49
2009-03-12,265.22,-0.3
2009-03-13,264.58,-0.24
2009-03-16,264.37,-0.08
2009-03-17,268.71,1.64
2009-03-18,271.63,1.09
2009-03-19,276.26,1.7
2009-03-20,280.12,1.4
2009-03-23,285.06,1.77
2009-03-24,286.52,0.51
2009-03-25,283.43,-1.08
2009-03-26,284.27,0.3
2009-03-27,284.71,0.15
2009-03-30,283.24,-0.52
2009-03-31,282.78,-0.16
2009-04-01,286.03,1.15
2009-04-02,287.28,0.44
2009-04-03,287.32,0.01
2009-04-07,285.09,-0.78
2009-04-08,279.97,-1.8
2009-04-09,281.73,0.63
2009-04-10,285.2,1.23
2009-04-13,286.16,0.34
2009-04-14,289.04,1.01
2009-04-15,292.16,1.08
2009-04-16,293.97,0.62
2009-04-17,292.3,-0.57
2009-04-20,294.45,0.73
2009-04-21,293.38,-0.36
2009-04-22,290.38,-1.02
2009-04-23,289.91,-0.16
2009-04-24,287.3,-0.9
2009-04-27,282.37,-1.72
2009-04-28,282.52,0.06
2009-04-29,286.51,1.41
2009-04-30,289.21,0.94
2009-05-04,294.58,1.86
2009-05-05,295.12,0.18
2009-05-06,296.31,0.41
2009-05-07,298.14,0.62
2009-05-08,299.25,0.37
2009-05-11,297.88,-0.46
2009-05-12,298.35,0.16
2009-05-13,304.87,2.19
2009-05-14,303.86,-0.33
2009-05-15,304.82,0.32
2009-05-18,305.48,0.22
2009-05-19,309.09,1.18
2009-05-20,308.71,-0.12
2009-05-21,304.21,-1.46
2009-05-22,302.27,-0.64
2009-05-25,301.83,-0.15
2009-05-26,302.41,0.19
2009-05-27,303.9,0.49
2009-06-01,306.53,0.86
2009-06-02,308.5,0.64
2009-06-03,310.15,0.53
2009-06-04,309.72,-0.14
2009-06-05,312.81,1.0
2009-06-08,312.38,-0.14
2009-06-09,310.77,-0.52
2009-06-10,315.09,1.39
2009-06-11,312.46,-0.84
2009-06-12,310.26,-0.7
2009-06-15,308.98,-0.41
2009-06-16,306.7,-0.74
2009-06-17,307.16,0.15
2009-06-18,308.33,0.38
2009-06-19,306.98,-0.44
2009-06-22,306.88,-0.03
2009-06-23,305.24,-0.53
2009-06-24,307.07,0.6
2009-06-25,307.54,0.15
2009-06-26,309.08,0.5
2009-06-29,312.17,1.0
2009-06-30,312.33,0.05
2009-07-01,315.68,1.07
2009-07-02,319.83,1.32
2009-07-03,323.95,1.29
2009-07-06,330.75,2.1
2009-07-07,333.18,0.74
2009-07-08,333.62,0.13
2009-07-09,339.7,1.82
2009-07-10,347.77,2.37
2009-07-13,346.48,-0.37
2009-07-14,350.11,1.05
2009-07-15,356.73,1.89
2009-07-16,366.53,2.75
2009-07-17,373.45,1.89
2009-07-20,386.85,3.59
2009-07-21,378.37,-2.19
2009-07-22,381.3,0.78
2009-07-23,379.58,-0.45
2009-07-24,381.25,0.44
2009-07-27,396.45,3.99
2009-07-28,411.29,3.74
2009-07-29,400.03,-2.74
2009-07-30,398.21,-0.46
2009-07-31,411.87,3.43
2009-08-03,420.59,2.12
2009-08-04,425.65,1.2
2009-08-05,419.1,-1.54
2009-08-06,403.16,-3.8
2009-08-07,371.14,-7.94
2009-08-10,367.73,-0.92
2009-08-11,362.35,-1.46
2009-08-12,342.9,-5.37
2009-08-13,352.79,2.89
2009-08-14,349.22,-1.01
2009-08-17,331.79,-4.99
2009-08-18,337.62,1.76
2009-08-19,321.76,-4.7
2009-08-20,329.73,2.48
2009-08-21,333.91,1.27
2009-08-24,341.14,2.16
2009-08-25,336.03,-1.5
2009-08-26,338.44,0.72
2009-08-27,331.1,-2.17
2009-08-28,317.07,-4.24
2009-08-31,293.02,-7.58
2009-09-01,289.25,-1.29
2009-09-02,289.47,0.08
2009-09-03,303.89,4.98
2009-09-04,303.58,-0.1
2009-09-07,303.62,0.01
2009-09-08,308.24,1.52
2009-09-09,316.49,2.68
2009-09-10,316.97,0.15
2009-09-11,316.99,0.01
2009-09-14,319.68,0.85
2009-09-15,324.4,1.48
2009-09-16,321.12,-1.01
2009-09-17,325.6,1.4
2009-09-18,321.46,-1.27
2009-09-21,318.47,-0.93
2009-09-22,307.71,-3.38
2009-09-23,301.38,-2.06
2009-09-24,297.71,-1.22
2009-09-25,296.46,-0.42
2009-09-28,292.8,-1.23
2009-09-29,292.3,-0.17
2009-09-30,295.21,1.0
2009-10-09,303.77,2.9
2009-10-12,302.23,-0.51
2009-10-13,304.71,0.82
2009-10-14,309.8,1.67
2009-10-15,313.15,1.08
2009-10-16,313.37,0.07
2009-10-19,319.35,1.91
2009-10-20,323.77,1.38
2009-10-21,325.97,0.68
2009-10-22,326.48,0.16
2009-10-23,329.98,1.07
2009-10-26,330.01,0.01
2009-10-27,323.9,-1.85
2009-10-28,324.44,0.17
2009-10-29,318.39,-1.86
2009-10-30,320.4,0.63
2009-11-02,324.11,1.16
2009-11-03,328.12,1.24
2009-11-04,330.63,0.76
2009-11-05,332.8,0.66
2009-11-06,335.33,0.76
2009-11-09,334.99,-0.1
2009-11-10,335.43,0.13
2009-11-11,333.38,-0.61
2009-11-12,336.18,0.84
2009-11-13,334.0,-0.65
2009-11-16,335.26,0.38
2009-11-17,334.73,-0.16
2009-11-18,335.6,0.26
2009-11-19,335.64,0.01
2009-11-20,334.12,-0.45
2009-11-23,333.11,-0.3
2009-11-24,330.14,-0.89
2009-11-25,332.18,0.62
2009-11-26,325.9,-1.89
2009-11-27,322.51,-1.04
2009-11-30,331.1,2.66
2009-12-01,335.37,1.29
2009-12-02,336.39,0.31
2009-12-03,338.0,0.48
2009-12-04,336.31,-0.5
2009-12-07,339.85,1.05
2009-12-08,339.71,-0.04
2009-12-09,338.05,-0.49
2009-12-10,337.57,-0.14
2009-12-11,338.94,0.41
2009-12-14,335.51,-1.01
2009-12-15,334.84,-0.2
2009-12-16,335.28,0.13
2009-12-17,332.85,-0.73
2009-12-18,330.51,-0.7
2009-12-21,330.13,-0.12
2009-12-22,327.88,-0.68
2009-12-23,328.51,0.19
2009-12-24,329.99,0.45
2009-12-25,330.06,0.02
2009-12-28,330.27,0.07
2009-12-29,329.61,-0.2
2009-12-30,329.48,-0.04
2009-12-31,332.09,0.8
2010-01-04,330.92,-0.35
2010-01-05,329.91,-0.31
2010-01-06,331.48,0.48
2010-01-07,332.04,0.17
2010-01-08,331.8,-0.07
2010-01-11,331.41,-0.12
2010-01-12,333.63,0.67
2010-01-13,330.7,-0.88
2010-01-14,333.6,0.88
2010-01-15,333.77,0.05
2010-01-18,335.36,0.48
2010-01-19,336.26,0.27
2010-01-20,333.18,-0.92
2010-01-21,330.17,-0.9
2010-01-22,324.72,-1.65
2010-01-25,308.29,-5.06
2010-01-26,299.0,-3.01
2010-01-27,300.33,0.45
2010-01-28,303.24,0.97
2010-01-29,301.82,-0.47
2010-02-01,299.47,-0.78
2010-02-02,300.04,0.19
2010-02-03,301.27,0.41
2010-02-04,300.11,-0.38
2010-02-05,297.57,-0.85
2010-02-08,295.24,-0.78
2010-02-09,294.79,-0.15
2010-02-10,296.53,0.59
2010-02-11,298.1,0.53
2010-02-12,301.52,1.15
2010-02-22,301.22,-0.1
2010-02-23,301.54,0.11
2010-02-24,302.78,0.41
2010-02-25,304.24,0.48
2010-02-26,304.94,0.23
2010-03-01,307.53,0.85
2010-03-02,306.48,-0.34
2010-03-03,308.49,0.66
2010-03-04,304.67,-1.24
2010-03-05,304.92,0.08
2010-03-08,304.88,-0.01
2010-03-09,304.16,-0.24
2010-03-10,304.05,-0.03
2010-03-11,303.82,-0.08
2010-03-12,301.83,-0.66
2010-03-15,298.51,-1.1
2010-03-16,299.6,0.37
2010-03-17,301.94,0.78
2010-03-18,301.12,-0.27
2010-03-19,301.03,-0.03
2010-03-22,300.7,-0.11
2010-03-23,300.8,0.03
2010-03-24,300.93,0.04
2010-03-25,298.27,-0.88
2010-03-26,298.75,0.16
2010-03-29,300.29,0.52
2010-03-30,300.44,0.05
2010-03-31,299.41,-0.35
2010-04-01,303.18,1.26
2010-04-02,304.67,0.49
2010-04-06,305.28,0.2
2010-04-07,302.96,-0.76
2010-04-08,302.56,-0.13
2010-04-09,304.01,0.48
2010-04-12,304.11,0.04
2010-04-13,305.46,0.44
2010-04-14,306.87,0.46
2010-04-15,306.37,-0.16
2010-04-16,303.99,-0.78
2010-04-19,297.98,-1.98
2010-04-20,299.55,0.53
2010-04-21,303.41,1.29
2010-04-22,306.51,1.02
2010-04-23,306.59,0.03
2010-04-26,306.97,0.12
2010-04-27,302.91,-1.32
2010-04-28,303.03,0.04
2010-04-29,301.05,-0.66
2010-04-30,298.68,-0.79
2010-05-04,298.22,-0.15
2010-05-05,299.0,0.26
2010-05-06,294.68,-1.44
2010-05-07,295.3,0.21
2010-05-10,294.2,-0.37
2010-05-11,293.4,-0.27
2010-05-12,291.9,-0.51
2010-05-13,294.46,0.88
2010-05-14,293.2,-0.43
2010-05-17,289.29,-1.33
2010-05-18,291.45,0.75
2010-05-19,292.25,0.27
2010-05-20,290.27,-0.68
2010-05-21,291.95,0.58
2010-05-24,293.5,0.53
2010-05-25,290.57,-1.0
2010-05-26,288.97,-0.55
2010-05-27,291.51,0.88
2010-05-28,290.21,-0.45
2010-05-31,288.16,-0.71
2010-06-01,284.33,-1.33
2010-06-02,284.93,0.21
2010-06-03,285.81,0.31
2010-06-04,285.73,-0.03
2010-06-07,284.41,-0.46
2010-06-08,284.83,0.15
2010-06-09,285.97,0.4
2010-06-10,285.24,-0.25
2010-06-11,285.2,-0.02
2010-06-17,284.8,-0.14
2010-06-18,282.31,-0.87
2010-06-21,283.26,0.34
2010-06-22,283.28,0.01
2010-06-23,283.26,-0.01
2010-06-24,282.96,-0.1
2010-06-25,281.92,-0.37
2010-06-28,281.49,-0.15
2010-06-29,280.03,-0.52
2010-06-30,279.07,-0.34
2010-07-01,278.75,-0.12
2010-07-02,278.29,-0.17
2010-07-05,278.29,0.0
2010-07-06,279.76,0.53
2010-07-07,280.5,0.27
2010-07-08,280.92,0.15
2010-07-09,283.24,0.83
2010-07-12,283.84,0.21
2010-07-13,283.7,-0.05
2010-07-14,283.63,-0.02
2010-07-15,282.83,-0.28
2010-07-16,283.72,0.32
2010-07-19,286.36,0.93
2010-07-20,286.98,0.22
2010-07-21,287.54,0.2
2010-07-22,288.92,0.48
2010-07-23,289.91,0.35
2010-07-26,290.52,0.21
2010-07-27,289.6,-0.32
2010-07-28,291.48,0.65
2010-07-29,290.8,-0.23
2010-07-30,291.0,0.07
2010-08-02,291.34,0.12
2010-08-03,290.36,-0.34
2010-08-04,290.35,-0.01
2010-08-05,289.96,-0.13
2010-08-06,290.98,0.35
2010-08-09,291.03,0.02
2010-08-10,290.36,-0.23
2010-08-11,290.48,0.04
2010-08-12,290.06,-0.15
2010-08-13,291.14,0.37
2010-08-16,292.54,0.48
2010-08-17,292.63,0.03
2010-08-18,292.75,0.04
2010-08-19,292.91,0.06
2010-08-20,292.71,-0.07
2010-08-23,292.48,-0.08
2010-08-24,292.2,-0.09
2010-08-25,291.47,-0.25
2010-08-26,290.39,-0.37
2010-08-27,290.32,-0.02
2010-08-30,291.3,0.34
2010-08-31,290.93,-0.13
2010-09-01,291.09,0.06
2010-09-02,292.73,0.56
2010-09-03,293.3,0.2
2010-09-06,295.29,0.68
2010-09-07,295.7,0.14
2010-09-08,295.3,-0.14
2010-09-09,295.42,0.04
2010-09-10,295.47,0.02
2010-09-13,295.06,-0.14
2010-09-14,294.39,-0.23
2010-09-15,292.84,-0.53
2010-09-16,291.6,-0.43
2010-09-17,292.25,0.22
2010-09-20,291.7,-0.19
2010-09-21,291.4,-0.1
2010-09-27,292.34,0.32
2010-09-28,292.89,0.19
2010-09-29,293.41,0.18
2010-09-30,295.02,0.55
2010-10-08,300.56,1.88
2010-10-11,307.1,2.18
2010-10-12,309.38,0.74
2010-10-13,309.74,0.12
2010-10-14,317.21,2.41
2010-10-15,323.04,1.84
2010-10-18,326.2,0.98
2010-10-19,325.45,-0.23
2010-10-20,322.63,-0.87
2010-10-21,315.76,-2.13
2010-10-22,316.98,0.38
2010-10-25,322.22,1.66
2010-10-26,324.09,0.58
2010-10-27,322.26,-0.56
2010-10-28,321.16,-0.34
2010-10-29,319.48,-0.53
2010-11-01,323.34,1.21
2010-11-02,323.78,0.14
2010-11-03,324.16,0.12
2010-11-04,326.19,0.63
2010-11-05,329.67,1.07
2010-11-08,328.94,-0.22
2010-11-09,327.72,-0.37
2010-11-10,325.74,-0.6
2010-11-11,329.56,1.17
2010-11-12,320.4,-2.78
2010-11-15,319.14,-0.39
2010-11-16,314.22,-1.54
2010-11-17,312.55,-0.53
2010-11-18,313.54,0.32
2010-11-19,313.51,-0.01
2010-11-22,311.79,-0.55
2010-11-23,309.38,-0.77
2010-11-24,306.02,-1.09
2010-11-25,311.28,1.72
2010-11-26,311.84,0.18
2010-11-29,309.45,-0.77
2010-11-30,307.52,-0.63
2010-12-01,309.43,0.62
2010-12-02,312.12,0.87
2010-12-03,312.16,0.01
2010-12-06,312.42,0.08
2010-12-07,314.84,0.77
2010-12-08,312.53,-0.73
2010-12-09,312.49,-0.01
2010-12-10,313.2,0.23
2010-12-13,317.14,1.26
2010-12-14,317.62,0.15
2010-12-15,316.74,-0.28
2010-12-16,316.74,0.0
2010-12-17,316.72,-0.01
2010-12-20,315.52,-0.38
2010-12-21,316.38,0.27
2010-12-22,315.27,-0.35
2010-12-23,313.69,-0.5
2010-12-24,311.09,-0.83
2010-12-27,308.86,-0.72
2010-12-28,307.68,-0.38
2010-12-29,308.95,0.41
2010-12-30,310.32,0.44
2010-12-31,311.07,0.24
2011-01-04,315.46,1.41
2011-01-05,314.91,-0.17
2011-01-06,314.61,-0.1
2011-01-07,313.51,-0.35
2011-01-10,312.47,-0.33
2011-01-11,311.29,-0.38
2011-01-12,311.77,0.15
2011-01-13,311.94,0.05
2011-01-14,309.84,-0.67
2011-01-17,305.75,-1.32
2011-01-18,304.69,-0.35
2011-01-19,305.07,0.13
2011-01-20,302.76,-0.76
2011-01-21,301.13,-0.54
2011-01-24,298.94,-0.73
2011-01-25,300.57,0.55
2011-01-26,301.86,0.43
2011-01-27,301.8,-0.02
2011-01-28,302.14,0.11
2011-01-31,302.48,0.12
2011-02-01,303.33,0.28
2011-02-09,301.08,-0.74
2011-02-10,301.12,0.01
2011-02-11,300.79,-0.11
2011-02-14,304.84,1.35
2011-02-15,304.1,-0.24
2011-02-16,303.92,-0.06
2011-02-17,304.24,0.11
2011-02-18,303.18,-0.35
2011-02-21,303.21,0.01
2011-02-22,301.14,-0.68
2011-02-23,300.66,-0.16
2011-02-24,300.76,0.03
2011-02-25,300.69,-0.02
2011-02-28,301.49,0.27
2011-03-01,301.49,0.0
2011-03-02,301.3,-0.06
2011-03-03,302.44,0.38
2011-03-04,304.46,0.67
2011-03-07,306.83,0.78
2011-03-08,305.77,-0.34
2011-03-09,307.32,0.51
2011-03-10,305.05,-0.74
2011-03-11,303.59,-0.48
2011-03-14,303.16,-0.14
2011-03-15,302.17,-0.33
2011-03-16,303.59,0.47
2011-03-17,302.25,-0.44
2011-03-18,303.46,0.4
2011-03-21,303.23,-0.08
2011-03-22,303.87,0.21
2011-03-23,305.02,0.38
2011-03-24,304.91,-0.04
2011-03-25,306.96,0.67
2011-03-28,307.4,0.14
2011-03-29,307.57,0.06
2011-03-30,306.59,-0.32
2011-03-31,305.85,-0.24
2011-04-01,306.8,0.31
2011-04-06,307.94,0.37
2011-04-07,308.25,0.1
2011-04-08,309.12,0.28
2011-04-11,310.61,0.48
2011-04-12,311.33,0.23
2011-04-13,312.59,0.41
2011-04-14,314.01,0.45
2011-04-15,314.63,0.2
2011-04-18,316.46,0.58
2011-04-19,312.94,-1.11
2011-04-20,312.45,-0.16
2011-04-21,313.9,0.46
2011-04-22,313.17,-0.23
2011-04-25,311.02,-0.69
2011-04-26,311.34,0.1
2011-04-27,311.51,0.06
2011-04-28,311.58,0.02
2011-04-29,312.0,0.14
2011-05-03,312.64,0.21
2011-05-04,311.27,-0.44
2011-05-05,311.77,0.16
2011-05-06,311.45,-0.1
2011-05-09,312.06,0.2
2011-05-10,312.38,0.1
2011-05-11,312.76,0.12
2011-05-12,312.33,-0.14
2011-05-13,312.15,-0.06
2011-05-16,311.73,-0.14
2011-05-17,311.18,-0.18
2011-05-18,312.01,0.27
2011-05-19,311.83,-0.06
2011-05-20,311.59,-0.08
2011-05-23,309.58,-0.64
2011-05-24,309.36,-0.07
2011-05-25,308.61,-0.24
2011-05-26,308.23,-0.12
2011-05-27,308.23,0.0
2011-05-30,307.82,-0.13
2011-05-31,308.51,0.22
2011-06-01,309.06,0.18
2011-06-02,306.84,-0.72
2011-06-03,306.82,-0.01
2011-06-07,306.78,-0.01
2011-06-08,306.18,-0.2
2011-06-09,304.69,-0.49
2011-06-10,304.49,-0.07
2011-06-13,304.77,0.09
2011-06-14,305.31,0.18
2011-06-15,304.04,-0.42
2011-06-16,302.45,-0.52
2011-06-17,302.4,-0.02
2011-06-20,301.61,-0.26
2011-06-21,302.67,0.35
2011-06-22,302.51,-0.05
2011-06-23,303.43,0.31
2011-06-24,304.94,0.5
2011-06-27,304.74,-0.07
2011-06-28,303.57,-0.38
2011-06-29,301.69,-0.62
2011-06-30,302.88,0.4
2011-07-01,302.61,-0.09
2011-07-04,304.47,0.61
2011-07-05,304.52,0.02
2011-07-06,303.7,-0.27
2011-07-07,303.31,-0.13
2011-07-08,303.14,-0.05
2011-07-11,302.56,-0.19
2011-07-12,301.77,-0.26
2011-07-13,301.84,0.02
2011-07-14,302.11,0.09
2011-07-15,302.15,0.02
2011-07-18,300.69,-0.49
2011-07-19,298.03,-0.88
2011-07-20,295.92,-0.71
2011-07-21,294.02,-0.64
2011-07-22,295.28,0.43
2011-07-25,293.23,-0.7
2011-07-26,293.01,-0.08
2011-07-27,292.94,-0.02
2011-07-28,291.16,-0.61
2011-07-29,291.17,0.0
2011-08-01,289.85,-0.46
2011-08-02,288.5,-0.47
2011-08-03,287.05,-0.5
2011-08-04,288.15,0.39
2011-08-05,287.74,-0.14
2011-08-08,287.33,-0.14
2011-08-09,288.12,0.28
2011-08-10,288.7,0.2
2011-08-11,292.02,1.15
2011-08-12,291.78,-0.08
2011-08-15,292.86,0.37
2011-08-16,292.69,-0.06
2011-08-17,292.15,-0.19
2011-08-18,290.42,-0.59
2011-08-19,287.88,-0.87
2011-08-22,287.26,-0.22
2011-08-23,287.92,0.23
2011-08-24,287.36,-0.19
2011-08-25,288.82,0.51
2011-08-26,288.12,-0.24
2011-08-29,277.55,-3.67
2011-08-30,274.75,-1.01
2011-08-31,274.44,-0.11
2011-09-01,273.68,-0.28
2011-09-02,267.74,-2.17
2011-09-05,262.16,-2.09
2011-09-06,261.42,-0.28
2011-09-07,265.34,1.5
2011-09-08,265.42,0.03
2011-09-09,265.93,0.19
2011-09-13,264.46,-0.55
2011-09-14,264.63,0.07
2011-09-15,264.87,0.09
2011-09-16,265.15,0.11
2011-09-19,264.27,-0.33
2011-09-20,264.24,-0.01
2011-09-21,265.41,0.44
2011-09-22,263.22,-0.82
2011-09-23,259.08,-1.57
2011-09-26,254.8,-1.65
2011-09-27,256.19,0.55
2011-09-28,257.08,0.35
2011-09-29,253.6,-1.35
2011-09-30,256.6,1.18
2011-10-10,256.51,-0.04
2011-10-11,255.48,-0.4
2011-10-12,259.29,1.49
2011-10-13,263.96,1.8
2011-10-14,264.15,0.07
2011-10-17,267.41,1.23
2011-10-18,265.12,-0.86
2011-10-19,265.61,0.19
2011-10-20,263.35,-0.85
2011-10-21,266.7,1.27
2011-10-24,269.04,0.88
2011-10-25,270.94,0.71
2011-10-26,273.16,0.82
2011-10-27,270.44,-0.99
2011-10-28,274.33,1.44
2011-10-31,276.95,0.95
2011-11-01,278.31,0.49
2011-11-02,280.05,0.63
2011-11-03,281.45,0.5
2011-11-04,281.95,0.18
2011-11-07,281.22,-0.26
2011-11-08,280.81,-0.14
2011-11-09,281.75,0.34
2011-11-10,279.0,-0.98
2011-11-11,277.21,-0.64
2011-11-14,279.12,0.69
2011-11-15,278.72,-0.14
2011-11-16,276.09,-0.94
2011-11-17,274.93,-0.42
2011-11-18,272.93,-0.73
2011-11-21,273.41,0.18
2011-11-22,274.26,0.31
2011-11-23,274.55,0.11
2011-11-24,273.94,-0.22
2011-11-25,274.09,0.05
2011-11-28,274.06,-0.01
2011-11-29,274.25,0.07
2011-11-30,271.06,-1.16
2011-12-01,272.94,0.69
2011-12-02,272.2,-0.27
2011-12-05,271.18,-0.38
2011-12-06,270.59,-0.22
2011-12-07,271.25,0.24
2011-12-08,271.34,0.04
2011-12-09,270.67,-0.25
2011-12-12,270.53,-0.05
2011-12-13,269.48,-0.39
2011-12-14,269.22,-0.1
2011-12-15,269.25,0.01
2011-12-16,272.08,1.05
2011-12-19,271.18,-0.33
2011-12-20,272.25,0.39
2011-12-21,270.52,-0.64
2011-12-22,270.0,-0.19
2011-12-23,270.27,0.1
2011-12-26,268.72,-0.58
2011-12-27,268.72,0.0
2011-12-28,269.1,0.14
2011-12-29,270.43,0.49
2011-12-30,271.35,0.34
2012-01-04,272.46,0.41
2012-01-05,273.13,0.25
2012-01-06,274.06,0.34
2012-01-09,277.68,1.32
2012-01-10,281.44,1.36
2012-01-11,279.01,-0.86
2012-01-12,279.0,0.0
2012-01-13,276.38,-0.94
2012-01-16,274.81,-0.57
2012-01-17,277.78,1.08
2012-01-18,276.01,-0.64
2012-01-19,279.02,1.09
2012-01-20,281.31,0.82
2012-01-30,279.51,-0.64
2012-01-31,279.17,-0.12
2012-02-01,279.19,0.01
2012-02-02,281.03,0.66
2012-02-03,281.5,0.17
2012-02-06,281.41,-0.03
2012-02-07,278.75,-0.94
2012-02-08,280.46,0.61
2012-02-09,280.45,0.0
2012-02-10,279.74,-0.26
2012-02-13,278.39,-0.48
2012-02-14,278.29,-0.04
2012-02-15,279.24,0.34
2012-02-16,279.18,-0.02
2012-02-17,278.82,-0.13
2012-02-20,279.36,0.19
2012-02-21,278.94,-0.15
2012-02-22,278.34,-0.21
2012-02-23,278.04,-0.11
2012-02-24,277.77,-0.1
2012-02-27,278.09,0.12
2012-02-28,278.36,0.1
2012-02-29,277.51,-0.31
2012-03-01,277.42,-0.03
2012-03-02,279.14,0.62
2012-03-05,277.98,-0.42
2012-03-06,277.23,-0.27
2012-03-07,276.91,-0.11
2012-03-08,277.6,0.25
2012-03-09,278.41,0.29
2012-03-12,278.01,-0.14
2012-03-13,278.56,0.2
2012-03-14,276.91,-0.59
2012-03-15,276.76,-0.06
2012-03-16,277.91,0.42
2012-03-19,277.69,-0.08
2012-03-20,277.02,-0.24
2012-03-21,276.53,-0.18
2012-03-22,276.61,0.03
2012-03-23,276.4,-0.07
2012-03-26,276.07,-0.12
2012-03-27,276.01,-0.02
2012-03-28,274.56,-0.52
2012-03-29,273.44,-0.41
2012-03-30,274.06,0.23
2012-04-05,274.17,0.04
2012-04-06,274.21,0.01
2012-04-09,274.01,-0.07
2012-04-10,274.26,0.09
2012-04-11,275.23,0.35
2012-04-12,277.89,0.97
2012-04-13,279.28,0.5
2012-04-16,279.45,0.06
2012-04-17,278.15,-0.46
2012-04-18,279.83,0.6
2012-04-19,279.94,0.04
2012-04-20,280.43,0.18
2012-04-23,279.84,-0.21
2012-04-24,279.43,-0.15
2012-04-25,280.03,0.22
2012-04-26,280.23,0.07
2012-04-27,280.49,0.09
2012-05-02,282.03,0.55
2012-05-03,281.89,-0.05
2012-05-04,282.4,0.18
2012-05-07,281.73,-0.24
2012-05-08,280.71,-0.36
2012-05-09,279.62,-0.39
2012-05-10,280.1,0.17
2012-05-11,279.73,-0.13
2012-05-14,279.39,-0.12
2012-05-15,279.53,0.05
2012-05-16,279.08,-0.16
2012-05-17,280.19,0.4
2012-05-18,279.34,-0.3
2012-05-21,280.13,0.28
2012-05-22,281.86,0.62
2012-05-23,281.99,0.05
2012-05-24,282.34,0.12
2012-05-25,282.14,-0.07
2012-05-28,283.14,0.36
2012-05-29,284.22,0.38
2012-05-30,285.01,0.28
2012-05-31,284.4,-0.21
2012-06-01,283.91,-0.17
2012-06-04,281.09,-0.99
2012-06-05,281.34,0.09
2012-06-06,281.31,-0.01
2012-06-07,282.08,0.27
2012-06-08,281.43,-0.23
2012-06-11,282.43,0.36
2012-06-12,281.89,-0.19
2012-06-13,282.61,0.26
2012-06-14,281.63,-0.35
2012-06-15,282.45,0.29
2012-06-18,282.53,0.03
2012-06-19,281.99,-0.19
2012-06-20,281.65,-0.12
2012-06-21,280.91,-0.26
2012-06-25,280.16,-0.27
2012-06-26,279.42,-0.27
2012-06-27,279.52,0.04
2012-06-28,279.04,-0.17
2012-06-29,279.39,0.13
2012-07-02,279.38,0.0
2012-07-03,279.02,-0.13
2012-07-04,280.12,0.39
2012-07-05,279.18,-0.34
2012-07-06,279.72,0.2
2012-07-09,278.99,-0.26
2012-07-10,278.09,-0.32
2012-07-11,278.28,0.07
2012-07-12,278.83,0.2
2012-07-13,279.31,0.17
2012-07-16,279.26,-0.02
2012-07-17,279.11,-0.06
2012-07-18,279.42,0.11
2012-07-19,279.76,0.12
2012-07-20,279.75,0.0
2012-07-23,279.06,-0.25
2012-07-24,278.45,-0.22
2012-07-25,278.27,-0.07
2012-07-26,276.96,-0.47
2012-07-27,276.94,-0.01
2012-07-30,276.72,-0.08
2012-07-31,276.9,0.06
2012-08-01,277.66,0.28
2012-08-02,277.41,-0.09
2012-08-03,277.27,-0.05
2012-08-06,277.91,0.23
2012-08-07,278.05,0.05
2012-08-08,278.93,0.32
2012-08-09,279.3,0.13
2012-08-10,279.58,0.1
2012-08-13,279.56,-0.01
2012-08-14,279.42,-0.05
2012-08-15,278.94,-0.17
2012-08-16,278.75,-0.07
2012-08-17,278.72,-0.01
2012-08-20,277.59,-0.41
2012-08-21,277.62,0.01
2012-08-22,276.92,-0.25
2012-08-23,276.12,0.68
2012-08-24,275.89,-0.09
2012-08-27,274.31,-0.57
2012-08-28,275.06,0.28
2012-08-29,274.15,-0.33
2012-08-30,274.25,0.04
2012-08-31,281.42,-5.38
2012-09-03,274.22,-2.56
2012-09-04,258.76,-5.64
2012-09-05,257.36,-6.0
2012-09-06,256.47,-5.84
2012-09-07,258.12,-4.91
2012-09-10,258.68,-5.3
2012-09-11,257.48,-5.94
2012-09-12,272.32,5.76
2012-09-13,271.85,-0.17
2012-09-14,272.31,0.17
2012-09-17,270.45,-0.68
2012-09-18,269.75,-0.26
2012-09-19,269.02,-0.27
2012-09-20,269.2,0.07
2012-09-21,269.08,-0.05
2012-09-24,268.63,-0.17
2012-09-25,268.35,-0.1
2012-09-26,268.35,0.0
2012-09-27,269.58,0.46
2012-09-28,270.72,0.42
2012-10-08,270.31,-0.15
2012-10-09,271.91,0.59
2012-10-10,272.24,0.12
2012-10-11,272.22,-0.01
2012-10-12,272.54,0.12
2012-10-15,271.93,-0.22
2012-10-16,271.78,-0.06
2012-10-17,272.44,0.24
2012-10-18,273.57,0.41
2012-10-19,274.03,0.17
2012-10-22,274.02,0.0
2012-10-23,273.1,-0.34
2012-10-24,272.4,-0.26
2012-10-25,271.98,-0.15
2012-10-26,270.98,-0.37
2012-10-29,270.38,-0.22
2012-10-30,270.52,0.05
2012-10-31,270.53,0.01
2012-11-01,271.52,0.37
2012-11-02,272.13,0.22
2012-11-05,271.61,-0.19
2012-11-06,270.92,-0.25
2012-11-07,271.07,0.05
2012-11-08,270.5,-0.21
2012-11-09,270.79,0.11
2012-11-12,271.22,0.16
2012-11-13,270.32,-0.33
2012-11-14,270.56,0.09
2012-11-15,269.94,-0.23
2012-11-16,269.74,-0.07
2012-11-19,269.91,0.06
2012-11-20,269.7,-0.08
2012-11-21,269.95,0.09
2012-11-22,269.64,-0.12
2012-11-23,270.26,0.23
2012-11-26,270.47,0.08
2012-11-27,270.41,-0.03
2012-11-28,270.03,-0.14
2012-11-29,270.39,0.13
2012-11-30,270.66,0.1
2012-12-03,270.28,-0.14
2012-12-04,270.2,-0.03
2012-12-05,271.87,0.62
2012-12-06,272.31,0.16
2012-12-07,274.53,0.82
2012-12-10,276.15,0.59
2012-12-11,275.63,-0.19
2012-12-12,275.69,0.02
2012-12-13,274.84,-0.31
2012-12-14,278.43,1.31
2012-12-17,279.86,0.51
2012-12-18,280.03,0.06
2012-12-19,279.77,-0.09
2012-12-20,279.34,-0.15
2012-12-21,278.97,-0.13
2012-12-24,278.12,-0.3
2012-12-25,280.68,0.92
2012-12-26,280.6,-0.03
2012-12-27,280.91,0.11
2012-12-28,281.31,0.14
2012-12-31,282.5,0.42
2013-01-04,284.67,0.77
2013-01-07,284.7,0.01
2013-01-08,284.11,-0.2
2013-01-09,284.55,0.15
2013-01-10,286.85,0.81
2013-01-11,286.1,-0.26
2013-01-14,291.09,1.75
2013-01-15,293.9,0.97
2013-01-16,295.23,0.45
2013-01-17,294.89,-0.12
2013-01-18,296.3,0.48
2013-01-21,297.2,0.3
2013-01-22,296.18,-0.34
2013-01-23,295.39,-0.27
2013-01-24,294.28,-0.38
2013-01-25,292.12,-0.73
2013-01-28,295.87,1.29
2013-01-29,296.6,0.25
2013-01-30,298.25,0.56
2013-01-31,304.03,1.94
2013-02-01,306.14,0.69
2013-02-04,305.5,-0.21
2013-02-05,304.66,-0.27
2013-02-06,305.06,0.13
2013-02-07,305.49,0.14
2013-02-08,307.2,0.56
2013-02-18,307.06,-0.04
2013-02-19,304.97,-0.68
2013-02-20,306.54,0.51
2013-02-21,302.3,-1.38
2013-02-22,299.9,-0.79
2013-02-25,300.16,0.08
2013-02-26,299.0,-0.39
2013-02-27,299.2,0.07
2013-02-28,302.65,1.15
2013-03-01,302.83,0.06
2013-03-04,297.24,-1.84
2013-03-05,298.59,0.45
2013-03-06,301.36,0.93
2013-03-07,300.64,-0.24
2013-03-08,301.23,0.2
2013-03-11,299.97,-0.42
2013-03-12,299.86,-0.04
2013-03-13,298.77,-0.36
2013-03-14,298.42,-0.12
2013-03-15,298.9,0.16
2013-03-18,296.85,-0.68
2013-03-19,296.87,0.01
2013-03-20,300.2,1.12
2013-03-21,302.15,0.65
2013-03-22,304.83,0.89
2013-03-25,306.0,0.38
2013-03-26,303.9,-0.69
2013-03-27,303.54,-0.12
2013-03-28,298.71,-1.59
2013-03-29,298.3,-0.14
2013-04-01,298.57,0.09
2013-04-02,297.48,-0.37
2013-04-03,297.34,-0.05
2013-04-08,297.03,-0.1
2013-04-09,299.08,0.69
2013-04-10,299.23,0.05
2013-04-11,300.49,0.42
2013-04-12,299.93,-0.18
2013-04-15,297.21,-0.91
2013-04-16,297.2,0.0
2013-04-17,296.42,-0.26
2013-04-18,295.97,-0.15
2013-04-19,299.44,1.17
2013-04-22,297.77,-0.56
2013-04-23,293.7,-1.37
2013-04-24,295.28,0.54
2013-04-25,295.1,-0.06
2013-04-26,294.66,-0.15
2013-05-02,292.85,-0.62
2013-05-03,295.14,0.78
2013-05-06,297.47,0.79
2013-05-07,298.08,0.2
2013-05-08,299.25,0.39
2013-05-09,298.23,-0.34
2013-05-10,298.63,0.13
2013-05-13,298.71,0.03
2013-05-14,297.24,-0.49
2013-05-15,297.84,0.2
2013-05-16,300.66,0.95
2013-05-17,304.49,1.28
2013-05-20,307.21,0.89
2013-05-21,305.7,-0.49
2013-05-22,303.73,-0.64
2013-05-23,302.5,-0.41
2013-05-24,302.99,0.16
2013-05-27,303.38,0.13
2013-05-28,306.8,1.13
2013-05-29,307.14,0.11
2013-05-30,306.09,-0.34
2013-05-31,305.8,-0.1
2013-06-03,305.94,0.04
2013-06-04,304.47,-0.48
2013-06-05,304.09,-0.12
2013-06-06,302.02,-0.68
2013-06-07,300.69,-0.44
2013-06-13,296.55,-1.38
2013-06-14,296.64,0.03
2013-06-17,297.14,0.17
2013-06-18,297.77,0.21
2013-06-19,295.39,-0.8
2013-06-20,286.06,-3.16
2013-06-21,287.59,0.54
2013-06-24,280.04,-2.63
2013-06-25,283.13,1.1
2013-06-26,285.0,0.66
2013-06-27,286.28,0.45
2013-06-28,287.72,0.5
2013-07-01,291.4,1.28
2013-07-02,291.31,-0.03
2013-07-03,289.8,-0.52
2013-07-04,289.94,0.05
2013-07-05,291.26,0.46
2013-07-08,289.18,-0.71
2013-07-09,289.23,0.01
2013-07-10,290.16,0.32
2013-07-11,292.03,0.64
2013-07-12,290.23,-0.62
2013-07-15,290.93,0.24
2013-07-16,290.32,-0.21
2013-07-17,289.06,-0.43
2013-07-18,287.18,-0.65
2013-07-19,286.34,-0.29
2013-07-22,285.06,-0.45
2013-07-23,286.74,0.59
2013-07-24,286.28,-0.16
2013-07-25,285.8,-0.17
2013-07-26,286.07,0.1
2013-07-29,284.5,-0.55
2013-07-30,284.6,0.04
2013-07-31,285.04,0.15
2013-08-01,287.46,0.85
2013-08-02,287.94,0.17
2013-08-05,288.6,0.23
2013-08-06,289.19,0.2
2013-08-07,289.0,-0.07
2013-08-08,288.65,-0.12
2013-08-09,288.63,-0.01
2013-08-12,290.86,0.77
2013-08-13,291.1,0.08
2013-08-14,290.22,-0.3
2013-08-15,289.15,-0.37
2013-08-16,287.92,-0.42
2013-08-19,289.45,0.53
2013-08-20,288.79,-0.23
2013-08-21,287.52,-0.44
2013-08-22,287.28,-0.08
2013-08-23,286.87,-0.14
2013-08-26,288.55,0.59
2013-08-27,288.71,0.06
2013-08-28,288.54,-0.06
2013-08-29,288.33,-0.07
2013-08-30,288.69,0.13
2013-09-02,288.84,0.05
2013-09-03,290.84,0.69
2013-09-04,290.53,-0.11
2013-09-05,290.26,-0.09
2013-09-06,290.32,0.02
2013-09-09,296.2,2.02
2013-09-10,298.43,0.75
2013-09-11,301.73,1.11
2013-09-12,304.36,0.87
2013-09-13,300.75,-1.19
2013-09-16,298.28,-0.82
2013-09-17,296.1,-0.73
2013-09-18,297.35,0.42
2013-09-23,297.77,0.14
2013-09-24,296.99,-0.26
2013-09-25,296.63,-0.12
2013-09-26,293.99,-0.89
2013-09-27,293.38,-0.21
2013-09-30,293.24,-0.05
2013-10-08,295.19,0.67
2013-10-09,296.45,0.43
2013-10-10,295.42,-0.35
2013-10-11,296.43,0.34
2013-10-14,296.21,-0.08
2013-10-15,295.53,-0.23
2013-10-16,294.73,-0.27
2013-10-17,293.82,-0.31
2013-10-18,293.94,0.04
2013-10-21,295.18,0.42
2013-10-22,294.31,-0.3
2013-10-23,293.91,-0.13
2013-10-24,292.78,-0.39
2013-10-25,291.03,-0.6
2013-10-28,290.02,-0.35
2013-10-29,289.92,-0.03
2013-10-30,292.18,0.78
2013-10-31,291.52,-0.23
2013-11-01,292.48,0.33
2013-11-04,292.34,-0.05
2013-11-05,292.02,-0.11
2013-11-06,291.13,-0.3
2013-11-07,290.84,-0.1
2013-11-08,289.64,-0.41
2013-11-11,289.5,-0.05
2013-11-12,290.11,0.21
2013-11-13,286.87,-1.12
2013-11-14,287.03,0.06
2013-11-15,286.46,-0.2
2013-11-18,290.22,1.31
2013-11-19,289.39,-0.29
2013-11-20,289.36,-0.01
2013-11-21,288.74,-0.22
2013-11-22,289.12,0.13
2013-11-25,287.12,-0.69
2013-11-26,285.94,-0.41
2013-11-27,286.84,0.32
2013-11-28,287.61,0.27
2013-11-29,287.58,-0.01
2013-12-02,287.79,0.07
2013-12-03,289.1,0.45
2013-12-04,290.57,0.51
2013-12-05,289.95,-0.21
2013-12-06,289.0,-0.33
2013-12-09,287.96,-0.36
2013-12-10,287.94,-0.01
2013-12-11,285.88,-0.71
2013-12-12,285.46,-0.15
2013-12-13,285.2,-0.09
2013-12-16,283.51,-0.59
2013-12-17,282.43,-0.38
2013-12-18,281.51,-0.33
2013-12-19,278.37,-1.11
2013-12-20,277.35,-0.37
2013-12-23,277.15,-0.07
2013-12-24,277.54,0.14
2013-12-25,279.1,0.56
2013-12-26,278.18,-0.33
2013-12-27,278.65,0.17
2013-12-30,278.12,-0.19
2013-12-31,278.5,0.14
2014-01-02,278.93,0.15
2014-01-03,277.76,-0.42
2014-01-06,275.32,-0.88
2014-01-07,275.23,-0.03
2014-01-08,274.87,-0.13
2014-01-09,274.29,-0.21
2014-01-10,272.62,-0.61
2014-01-13,271.68,-0.35
2014-01-14,272.2,0.19
2014-01-15,271.79,-0.15
2014-01-16,272.64,0.31
2014-01-17,271.26,-0.51
2014-01-20,268.58,-0.99
2014-01-21,270.32,0.65
2014-01-22,273.74,1.26
2014-01-23,273.6,-0.05
2014-01-24,274.28,0.25
2014-01-27,272.89,-0.51
2014-01-28,273.84,0.35
2014-01-29,275.7,0.68
2014-01-30,275.36,-0.13
2014-02-07,274.69,-0.24
2014-02-10,277.3,0.95
2014-02-11,277.92,0.22
2014-02-12,278.3,0.14
2014-02-13,278.45,0.05
2014-02-14,279.22,0.28
2014-02-17,279.93,0.25
2014-02-18,278.28,-0.59
2014-02-19,278.62,0.12
2014-02-20,282.14,1.26
2014-02-21,280.63,-0.54
2014-02-24,277.59,-1.08
2014-02-25,276.94,-0.23
2014-02-26,277.25,0.11
2014-02-27,279.54,0.82
2014-02-28,276.94,-0.93
2014-03-03,277.36,0.15
2014-03-04,277.12,-0.09
2014-03-05,275.51,-0.58
2014-03-06,276.37,0.31
2014-03-07,277.38,0.36
2014-03-10,275.16,-0.8
2014-03-11,275.22,0.02
2014-03-12,274.46,-0.28
2014-03-13,275.49,0.38
2014-03-14,275.67,0.06
2014-03-17,275.76,0.03
2014-03-18,275.81,0.02
2014-03-19,274.44,-0.5
2014-03-20,274.39,-0.02
2014-03-21,276.1,0.62
2014-03-24,276.25,0.05
2014-03-25,275.92,-0.12
2014-03-26,275.8,-0.04
2014-03-27,275.81,0.0
2014-03-28,275.67,-0.05
2014-03-31,275.22,-0.16
2014-04-01,276.09,0.31
2014-04-02,276.56,0.17
2014-04-03,276.83,0.1
2014-04-04,277.72,0.32
2014-04-08,280.44,0.98
2014-04-09,281.03,0.21
2014-04-10,283.61,0.92
2014-04-11,282.85,-0.27
2014-04-14,283.12,0.09
2014-04-15,281.81,-0.46
2014-04-16,281.34,-0.17
2014-04-17,281.09,-0.09
2014-04-18,281.15,0.02
2014-04-21,280.43,-0.26
2014-04-22,280.89,0.16
2014-04-23,281.03,0.05
2014-04-24,281.23,0.07
2014-04-25,280.53,-0.25
2014-04-28,278.47,-0.73
2014-04-29,278.29,-0.07
2014-04-30,279.11,0.3
2014-05-05,278.83,-0.1
2014-05-06,279.46,0.23
2014-05-07,278.95,-0.18
2014-05-08,279.13,0.07
2014-05-09,279.98,0.3
2014-05-12,281.68,0.61
2014-05-13,281.35,-0.12
2014-05-14,280.95,-0.14
2014-05-15,280.09,-0.31
2014-05-16,279.84,-0.09
2014-05-19,277.86,-0.71
2014-05-20,277.73,-0.05
2014-05-21,278.8,0.38
2014-05-22,279.49,0.25
2014-05-23,280.43,0.34
2014-05-26,280.42,0.0
2014-05-27,280.56,0.05
2014-05-28,281.69,0.4
2014-05-29,281.75,0.02
2014-05-30,281.66,-0.03
2014-06-03,282.67,0.36
2014-06-04,281.83,-0.3
2014-06-05,283.12,0.46
2014-06-06,283.53,0.15
2014-06-09,284.51,0.34
2014-06-10,286.38,0.66
2014-06-11,286.48,0.04
2014-06-12,286.57,0.03
2014-06-13,289.37,0.98
2014-06-16,291.1,0.59
2014-06-17,288.15,-1.01
2014-06-18,286.64,-0.53
2014-06-19,286.07,-0.2
2014-06-20,287.36,0.45
2014-06-23,287.38,0.01
2014-06-24,288.31,0.33
2014-06-25,288.25,-0.02
2014-06-26,289.64,0.48
2014-06-27,289.67,0.01
2014-06-30,289.97,0.1
2014-07-01,288.3,-0.57
2014-07-02,288.42,0.04
2014-07-03,289.3,0.31
2014-07-04,288.5,-0.27
2014-07-07,288.34,-0.06
2014-07-08,288.48,0.05
2014-07-09,286.24,-0.78
2014-07-10,285.85,-0.14
2014-07-11,286.78,0.33
2014-07-14,287.51,0.25
2014-07-15,287.57,0.02
2014-07-16,287.12,-0.16
2014-07-17,285.95,-0.41
2014-07-18,286.57,0.22
2014-07-21,286.07,-0.18
2014-07-22,288.14,0.72
2014-07-23,289.23,0.38
2014-07-24,291.29,0.71
2014-07-25,291.37,0.03
2014-07-28,294.34,1.02
2014-07-29,294.5,0.05
2014-07-30,294.27,-0.08
2014-07-31,295.97,0.58
2014-08-01,296.67,0.24
2014-08-04,298.67,0.67
2014-08-05,297.94,-0.24
2014-08-06,296.97,-0.33
2014-08-07,294.91,-0.69
2014-08-08,294.98,0.02
2014-08-11,297.19,0.75
2014-08-12,297.47,0.09
2014-08-13,297.06,-0.14
2014-08-14,295.97,-0.37
2014-08-15,297.28,0.44
2014-08-18,298.13,0.29
2014-08-19,298.43,0.1
2014-08-20,298.35,-0.03
2014-08-21,296.69,-0.56
2014-08-22,297.08,0.13
2014-08-25,296.84,-0.08
2014-08-26,296.04,-0.27
2014-08-27,296.27,0.08
2014-08-28,296.02,-0.08
2014-08-29,297.83,0.61
2014-09-01,300.21,0.8
2014-09-02,302.86,0.88
2014-09-03,306.13,1.08
2014-09-04,307.11,0.32
2014-09-05,308.28,0.38
2014-09-09,306.36,-0.62
2014-09-10,305.44,-0.3
2014-09-11,304.64,-0.26
2014-09-12,306.57,0.63
2014-09-15,305.03,-0.5
2014-09-16,301.05,-1.31
2014-09-17,301.36,0.1
2014-09-18,302.69,0.44
2014-09-19,303.76,0.35
2014-09-22,299.14,-1.52
2014-09-23,300.51,0.46
2014-09-24,304.79,1.42
2014-09-25,305.17,0.13
2014-09-26,304.3,-0.29
2014-09-29,304.27,-0.01
2014-09-30,305.34,0.35
2014-10-08,305.79,0.15
2014-10-09,307.02,0.4
2014-10-10,304.65,-0.77
2014-10-13,303.03,-0.53
2014-10-14,302.29,-0.24
2014-10-15,303.4,0.37
2014-10-16,303.25,-0.05
2014-10-17,303.07,-0.06
2014-10-20,304.64,0.52
2014-10-21,304.35,-0.1
2014-10-22,305.2,0.28
2014-10-23,305.89,0.23
2014-10-24,305.25,-0.21
2014-10-27,303.43,-0.59
2014-10-28,305.85,0.79
2014-10-29,310.36,1.47
2014-10-30,314.24,1.25
2014-10-31,319.77,1.76
2014-11-03,321.18,0.44
2014-11-04,321.81,0.2
2014-11-05,320.17,-0.51
2014-11-06,320.7,0.17
2014-11-07,323.17,0.77
2014-11-10,332.84,2.99
2014-11-11,332.75,-0.03
2014-11-12,335.4,0.8
2014-11-13,335.99,0.18
2014-11-14,332.54,-1.03
2014-11-17,326.8,-1.73
2014-11-18,319.76,-2.15
2014-11-19,320.79,0.32
2014-11-20,324.91,1.28
2014-11-21,329.96,1.56
2014-11-24,335.52,1.69
2014-11-25,337.94,0.72
2014-11-26,341.83,1.15
2014-11-27,343.1,0.37
2014-11-28,349.07,1.74
2014-12-01,347.78,-0.37
2014-12-02,359.61,3.4
2014-12-03,358.8,-0.22
2014-12-04,374.5,4.37
2014-12-05,378.57,1.09
2014-12-08,390.79,3.23
2014-12-09,360.77,-7.68
2014-12-10,369.84,2.51
2014-12-11,360.35,-2.57
2014-12-12,360.83,0.13
2014-12-15,361.39,0.16
2014-12-16,376.01,4.05
2014-12-17,384.37,2.22
2014-12-18,387.32,0.77
2014-12-19,393.95,1.71
2014-12-22,406.75,3.25
2014-12-23,396.68,-2.48
2014-12-24,385.63,-2.79
2014-12-25,398.2,3.26
2014-12-26,413.71,3.9
2014-12-29,419.96,1.51
2014-12-30,424.1,0.99
2014-12-31,437.08,3.06
2015-01-05,457.45,4.66
2015-01-06,459.68,0.49
2015-01-07,467.38,1.68
2015-01-08,452.96,-3.09
2015-01-09,455.33,0.52
2015-01-12,442.37,-2.85
2015-01-13,444.13,0.4
2015-01-14,447.88,0.84
2015-01-15,459.62,2.62
2015-01-16,466.45,1.49
2015-01-19,433.34,-7.1
2015-01-20,439.65,1.46
2015-01-21,457.95,4.16
2015-01-22,463.11,1.13
2015-01-23,463.86,0.16
2015-01-26,455.9,-1.72
2015-01-27,448.19,-1.69
2015-01-28,437.84,-2.31
2015-01-29,430.82,-1.6
2015-01-30,426.89,-0.91
2015-02-02,408.01,-4.42
2015-02-03,416.74,2.14
2015-02-04,413.84,-0.7
2015-02-05,412.13,-0.41
2015-02-06,402.88,-2.24
2015-02-09,405.24,0.58
2015-02-10,412.86,1.88
2015-02-11,413.36,0.12
2015-02-12,415.33,0.48
2015-02-13,421.07,1.38
2015-02-16,422.78,0.41
2015-02-17,424.92,0.51
2015-02-25,418.38,-1.54
2015-02-26,425.71,1.75
2015-02-27,422.83,-0.68
2015-03-02,422.9,0.01
2015-03-03,419.92,-0.7
2015-03-04,417.47,-0.58
2015-03-05,412.37,-1.22
2015-03-06,412.56,0.05
2015-03-09,416.44,0.94
2015-03-10,418.58,0.52
2015-03-11,419.07,0.12
2015-03-12,423.88,1.15
2015-03-13,425.09,0.28
2015-03-16,439.24,3.33
2015-03-17,446.74,1.71
2015-03-18,448.38,0.37
2015-03-19,445.04,-0.74
2015-03-20,448.97,0.88
2015-03-23,453.44,1.0
2015-03-24,448.35,-1.12
2015-03-25,440.13,-1.83
2015-03-26,432.98,-1.62
2015-03-27,433.92,0.22
2015-03-30,439.94,1.39
2015-03-31,434.51,-1.23
2015-04-01,441.23,1.55
2015-04-02,444.07,0.64
2015-04-03,449.25,1.17
2015-04-07,449.77,0.12
2015-04-08,441.39,-1.86
2015-04-09,431.42,-2.26
2015-04-10,436.75,1.23
2015-04-13,441.85,1.17
2015-04-14,439.42,-0.55
2015-04-15,432.61,-1.55
2015-04-16,439.55,1.6
2015-04-17,452.78,3.01
2015-04-20,446.14,-1.47
2015-04-21,456.12,2.24
2015-04-22,481.33,5.53
2015-04-23,478.94,-0.5
2015-04-24,476.36,-0.54
2015-04-27,481.79,1.14
2015-04-28,467.6,-2.95
2015-04-29,472.18,0.98
2015-04-30,475.13,0.63
2015-05-04,478.17,0.64
2015-05-05,458.84,-4.04
2015-05-06,449.67,-2.0
2015-05-07,445.5,-0.93
2015-05-08,447.01,0.34
2015-05-11,459.62,2.82
2015-05-12,473.08,2.93
2015-05-13,467.69,-1.14
2015-05-14,479.91,2.61
2015-05-15,469.18,-2.24
2015-05-18,466.87,-0.49
2015-05-19,476.64,2.09
2015-05-20,482.1,1.15
2015-05-21,497.69,3.23
2015-05-22,504.6,1.39
2015-05-25,527.91,4.62
2015-05-26,551.27,4.42
2015-05-27,553.83,0.47
2015-05-28,517.94,-6.48
2015-05-29,525.67,1.49
2015-06-01,567.92,8.04
2015-06-02,567.16,-0.14
2015-06-03,559.39,-1.37
2015-06-04,556.17,-0.58
2015-06-05,555.42,-0.13
2015-06-08,559.21,0.68
2015-06-09,553.48,-1.02
2015-06-10,540.32,-2.38
2015-06-11,532.83,-1.39
2015-06-12,536.12,0.62
2015-06-15,524.97,-2.08
2015-06-16,500.08,-4.74
2015-06-17,502.72,0.53
2015-06-18,473.98,-5.72
2015-06-19,445.54,-6.0
2015-06-23,445.76,0.05
2015-06-24,466.54,4.66
2015-06-25,440.7,-5.54
2015-06-26,374.19,-15.09
2015-06-29,345.0,-7.8
2015-06-30,384.7,11.51
2015-07-01,356.68,-7.28
2015-07-02,336.6,-5.63
2015-07-03,349.91,3.95
2015-07-06,355.6,1.62
2015-07-07,315.62,-11.24
2015-07-08,279.82,-11.34
2015-07-09,319.73,14.27
2015-07-10,341.9,6.93
2015-07-13,346.76,1.42
2015-07-14,339.18,-2.19
2015-07-15,318.25,-6.17
2015-07-16,319.41,0.37
2015-07-17,337.36,5.62
2015-07-20,351.19,4.1
2015-07-21,361.95,3.06
2015-07-22,363.03,0.3
2015-07-23,380.51,4.81
2015-07-24,365.47,-3.95
2015-07-27,329.51,-9.84
2015-07-28,331.24,0.52
2015-07-29,341.58,3.12
2015-07-30,331.57,-2.93
2015-07-31,325.67,-1.78
2015-08-03,318.21,-2.29
2015-08-04,334.76,5.2
2015-08-05,332.59,-0.65
2015-08-06,333.66,0.32
2015-08-07,345.7,3.61
2015-08-10,365.27,5.66
2015-08-11,352.18,-3.59
2015-08-12,343.95,-2.34
2015-08-13,350.59,1.93
2015-08-14,348.71,-0.54
2015-08-17,346.12,-0.74
2015-08-18,324.89,-6.13
2015-08-19,328.32,1.06
2015-08-20,320.25,-2.46
2015-08-21,312.7,-2.36
2015-08-24,283.01,-9.49
2015-08-25,277.59,-1.92
2015-08-26,283.41,2.1
2015-08-27,293.78,3.66
2015-08-28,302.43,2.94
2015-08-31,297.0,-1.79
2015-09-01,291.36,-1.9
2015-09-02,289.33,-0.7
2015-09-07,292.46,1.08
2015-09-08,303.37,3.73
2015-09-09,310.05,2.2
2015-09-10,302.65,-2.39
2015-09-11,304.39,0.58
2015-09-14,295.71,-2.85
2015-09-15,291.93,-1.28
2015-09-16,301.73,3.36
2015-09-17,299.75,-0.65
2015-09-18,301.8,0.68
2015-09-21,311.27,3.14
2015-09-22,312.41,0.37
2015-09-23,308.88,-1.13
2015-09-24,309.69,0.26
2015-09-25,305.89,-1.23
2015-09-28,306.75,0.28
2015-09-29,303.12,-1.18
2015-09-30,305.11,0.66
2015-10-08,306.9,0.59
2015-10-09,308.95,0.67
2015-10-12,314.22,1.71
2015-10-13,315.55,0.42
2015-10-14,314.82,-0.23
2015-10-15,317.39,0.82
2015-10-16,319.15,0.56
2015-10-19,317.37,-0.56
2015-10-20,319.49,0.67
2015-10-21,315.87,-1.13
2015-10-22,317.73,0.59
2015-10-23,319.77,0.64
2015-10-26,318.78,-0.31
2015-10-27,319.02,0.07
2015-10-28,317.43,-0.5
2015-10-29,317.24,-0.06
2015-10-30,318.18,0.3
2015-11-02,314.43,-1.18
2015-11-03,315.07,0.2
2015-11-04,319.62,1.44
2015-11-05,319.9,0.09
2015-11-06,324.41,1.41
2015-11-09,321.01,-1.05
2015-11-10,322.52,0.47
2015-11-11,322.62,0.03
2015-11-12,322.7,0.02
2015-11-13,320.34,-0.73
2015-11-16,321.18,0.26
2015-11-17,319.39,-0.56
2015-11-18,316.5,-0.9
2015-11-19,321.53,1.59
2015-11-20,322.55,0.32
2015-11-23,320.91,-0.51
2015-11-24,319.71,-0.37
2015-11-25,320.4,0.22
2015-11-26,319.79,-0.19
2015-11-27,317.93,-0.58
2015-11-30,318.59,0.21
2015-12-01,319.62,0.32
2015-12-02,319.92,0.09
2015-12-03,320.63,0.22
2015-12-04,319.68,-0.3
2015-12-07,345.15,7.97
2015-12-08,338.4,-1.95
2015-12-09,331.97,-1.9
2015-12-10,330.35,-0.49
2015-12-11,327.8,-0.77
2015-12-14,330.81,0.92
2015-12-15,330.97,0.05
2015-12-16,331.59,0.19
2015-12-17,332.83,0.38
2015-12-18,330.59,-0.67
2015-12-21,331.7,0.33
2015-12-22,332.06,0.11
2015-12-23,331.26,-0.24
2015-12-24,331.71,0.13
2015-12-25,330.38,-0.4
2015-12-28,325.43,-1.5
2015-12-29,324.35,-0.33
2015-12-30,322.59,-0.54
2015-12-31,321.1,-0.46
2016-01-04,312.94,-2.54
2016-01-05,309.51,-1.1
2016-01-06,310.27,0.25
2016-01-07,303.94,-2.04
2016-01-08,302.44,-0.49
2016-01-11,297.97,-1.48
2016-01-12,302.9,1.65
2016-01-13,302.29,-0.2
2016-01-14,307.98,1.88
2016-01-15,305.92,-0.67
2016-01-18,302.01,-1.28
2016-01-19,293.02,-2.97
2016-01-20,282.3,-3.66
2016-01-21,279.88,-0.86
2016-01-22,282.12,0.8
2016-01-25,288.17,2.14
2016-01-26,281.08,-2.46
2016-01-27,282.7,0.58
2016-01-28,284.44,0.61
2016-01-29,287.44,1.05
2016-02-01,288.06,0.21
2016-02-02,290.88,0.98
2016-02-03,291.28,0.14
2016-02-04,293.09,0.62
2016-02-05,292.48,-0.21
2016-02-15,294.49,0.69
2016-02-16,299.29,1.63
2016-02-17,302.25,0.99
2016-02-18,305.23,0.98
2016-02-19,302.42,-0.92
2016-02-22,302.77,0.11
2016-02-23,300.54,-0.74
2016-02-24,299.04,-0.5
2016-02-25,292.78,-2.09
2016-02-26,291.6,-0.4
2016-02-29,288.33,-1.12
2016-03-01,290.77,0.85
2016-03-02,296.7,2.04
2016-03-03,295.02,-0.57
2016-03-04,292.82,-0.75
2016-03-07,294.04,0.42
2016-03-08,294.54,0.17
2016-03-09,293.42,-0.38
2016-03-10,292.02,-0.48
2016-03-11,292.21,0.06
2016-03-14,294.27,0.7
2016-03-15,293.82,-0.15
2016-03-16,293.42,-0.14
2016-03-17,296.28,0.97
2016-03-18,301.74,1.84
2016-03-21,301.55,-0.06
2016-03-22,300.19,-0.45
2016-03-23,299.85,-0.12
2016-03-24,298.96,-0.3
2016-03-25,299.09,0.04
2016-03-28,296.51,-0.86
2016-03-29,294.73,-0.6
2016-03-30,296.05,0.45
2016-03-31,295.18,-0.29
2016-04-01,295.59,0.14
2016-04-05,299.16,1.21
2016-04-06,299.08,-0.03
2016-04-07,297.25,-0.61
2016-04-08,295.82,-0.48
2016-04-11,298.43,0.88
2016-04-12,298.28,-0.05
2016-04-13,301.14,0.96
2016-04-14,300.9,-0.08
2016-04-15,297.82,-1.02
2016-04-18,295.97,-0.62
2016-04-19,296.05,0.03
2016-04-20,292.97,-1.04
2016-04-21,291.2,-0.6
2016-04-22,291.05,-0.05
2016-04-25,289.24,-0.62
2016-04-26,287.87,-0.47
2016-04-27,288.47,0.21
2016-04-28,287.17,-0.45
2016-04-29,286.99,-0.06
2016-05-03,290.48,1.21
2016-05-04,290.34,-0.05
2016-05-05,289.85,-0.17
2016-05-06,287.62,-0.77
2016-05-09,284.61,-1.05
2016-05-10,285.6,0.35
2016-05-11,285.21,-0.14
2016-05-12,286.04,0.29
2016-05-13,285.78,-0.09
2016-05-16,286.98,0.42
2016-05-17,285.92,-0.37
2016-05-18,284.02,-0.66
2016-05-19,282.32,-0.6
2016-05-20,282.26,-0.02
2016-05-23,283.04,0.28
2016-05-24,282.81,-0.08
2016-05-25,281.81,-0.35
2016-05-26,281.0,-0.29
2016-05-27,281.07,0.02
2016-05-30,281.56,0.17
2016-05-31,283.63,0.73
2016-06-01,284.11,0.17
2016-06-02,283.88,-0.08
2016-06-03,284.27,0.14
2016-06-06,284.41,0.05
2016-06-07,280.82,-1.26
2016-06-08,280.96,0.05
2016-06-13,279.81,-0.41
2016-06-14,280.24,0.15
2016-06-15,281.4,0.42
2016-06-16,280.58,-0.29
2016-06-17,280.5,-0.03
2016-06-20,280.43,-0.03
2016-06-21,280.53,0.04
2016-06-22,281.07,0.19
2016-06-23,281.77,0.25
2016-06-24,281.23,-0.19
2016-06-27,281.52,0.1
2016-06-28,281.94,0.15
2016-06-29,283.15,0.43
2016-06-30,282.9,-0.09
2016-07-01,282.73,-0.06
2016-07-04,286.16,1.22
2016-07-05,287.35,0.42
2016-07-06,288.16,0.28
2016-07-07,288.07,-0.03
2016-07-08,286.07,-0.69
2016-07-11,285.41,-0.23
2016-07-12,286.05,0.22
2016-07-13,289.37,1.16
2016-07-14,289.45,0.03
2016-07-15,288.85,-0.21
2016-07-18,288.0,-0.29
2016-07-19,287.34,-0.23
2016-07-20,288.03,0.24
2016-07-21,290.04,0.7
2016-07-22,289.24,-0.28
2016-07-25,288.31,-0.32
2016-07-26,289.71,0.49
2016-07-27,287.94,-0.61
2016-07-28,287.94,0.0
2016-07-29,285.9,-0.71
2016-08-01,285.27,-0.22
2016-08-02,285.87,0.21
2016-08-03,287.18,0.46
2016-08-04,287.89,0.25
2016-08-05,288.28,0.14
2016-08-08,288.85,0.2
2016-08-09,290.28,0.49
2016-08-10,290.33,0.02
2016-08-11,290.05,-0.1
2016-08-12,291.08,0.35
2016-08-15,295.77,1.61
2016-08-16,295.68,-0.03
2016-08-17,295.51,-0.06
2016-08-18,297.7,0.74
2016-08-19,297.75,0.02
2016-08-22,296.33,-0.48
2016-08-23,294.88,-0.49
2016-08-24,294.33,-0.19
2016-08-25,294.25,-0.03
2016-08-26,294.15,-0.03
2016-08-29,293.42,-0.25
2016-08-30,292.93,-0.17
2016-08-31,292.75,-0.06
2016-09-01,292.35,-0.13
2016-09-02,292.4,0.02
2016-09-05,293.06,0.23
2016-09-06,294.57,0.52
2016-09-07,295.73,0.39
2016-09-08,296.22,0.17
2016-09-09,296.17,-0.02
2016-09-12,293.95,-0.75
2016-09-13,294.17,0.07
2016-09-14,293.92,-0.08
2016-09-19,294.39,0.16
2016-09-20,294.06,-0.11
2016-09-21,294.31,0.08
2016-09-22,294.96,0.22
2016-09-23,294.92,-0.02
2016-09-26,293.48,-0.49
2016-09-27,293.24,-0.08
2016-09-28,293.26,0.01
2016-09-29,293.85,0.2
2016-09-30,294.4,0.19
2016-10-10,294.73,0.11
2016-10-11,295.13,0.13
2016-10-12,295.28,0.05
2016-10-13,295.27,0.0
2016-10-14,295.51,0.08
2016-10-17,295.41,-0.03
2016-10-18,296.7,0.44
2016-10-19,297.19,0.17
2016-10-20,297.81,0.21
2016-10-21,297.86,0.01
2016-10-24,298.87,0.34
2016-10-25,298.82,-0.02
2016-10-26,298.24,-0.19
2016-10-27,297.57,-0.23
2016-10-28,298.44,0.29
2016-10-31,298.29,-0.05
2016-11-01,298.53,0.08
2016-11-02,298.21,-0.11
2016-11-03,298.9,0.23
2016-11-04,299.71,0.27
2016-11-07,300.17,0.15
2016-11-08,300.58,0.14
2016-11-09,300.27,-0.1
2016-11-10,301.42,0.38
2016-11-11,302.31,0.3
2016-11-14,303.06,0.25
2016-11-15,302.37,-0.23
2016-11-16,302.39,0.01
2016-11-17,302.5,0.04
2016-11-18,302.15,-0.11
2016-11-21,302.11,-0.01
2016-11-22,302.91,0.26
2016-11-23,302.72,-0.06
2016-11-24,302.85,0.04
2016-11-25,303.1,0.08
2016-11-28,303.54,0.15
2016-11-29,302.38,-0.38
2016-11-30,300.33,-0.68
2016-12-01,298.95,-0.46
2016-12-02,297.62,-0.44
2016-12-05,293.04,-1.54
2016-12-06,291.35,-0.58
2016-12-07,292.98,0.56
2016-12-08,293.81,0.28
2016-12-09,293.52,-0.1
2016-12-12,286.81,-2.29
2016-12-13,284.41,-0.84
2016-12-14,283.3,-0.39
2016-12-15,280.06,-1.15
2016-12-16,282.2,0.76
2016-12-19,279.02,-1.13
2016-12-20,276.66,-0.84
2016-12-21,280.99,1.57
2016-12-22,282.99,0.71
2016-12-23,283.16,0.06
2016-12-26,283.14,-0.01
2016-12-27,283.26,0.04
2016-12-28,281.98,-0.45
2016-12-29,282.49,0.18
2016-12-30,283.34,0.3
2017-01-03,284.12,0.27
2017-01-04,285.87,0.62
2017-01-05,286.03,0.06
2017-01-06,285.68,-0.12
2017-01-09,287.01,0.47
2017-01-10,286.45,-0.2
2017-01-11,285.58,-0.3
2017-01-12,285.01,-0.2
2017-01-13,284.2,-0.28
2017-01-16,282.06,-0.75
2017-01-17,282.64,0.21
2017-01-18,282.05,-0.21
2017-01-19,281.86,-0.07
2017-01-20,283.23,0.48
2017-01-23,283.52,0.1
2017-01-24,283.04,-0.17
2017-01-25,283.64,0.21
2017-01-26,284.34,0.25
2017-02-03,282.61,-0.61
2017-02-06,282.73,0.04
2017-02-07,282.57,-0.06
2017-02-08,282.83,0.09
2017-02-09,283.46,0.22
2017-02-10,284.53,0.38
2017-02-13,285.09,0.2
2017-02-14,285.03,-0.02
2017-02-15,284.82,-0.07
2017-02-16,284.54,-0.1
2017-02-17,283.55,-0.35
2017-02-20,285.15,0.56
2017-02-21,286.5,0.47
2017-02-22,287.2,0.24
2017-02-23,286.97,-0.08
2017-02-24,286.99,0.01
2017-02-27,285.99,-0.35
2017-02-28,286.16,0.06
2017-03-01,285.84,-0.11
2017-03-02,285.24,-0.21
2017-03-03,285.47,0.08
2017-03-06,285.93,0.16
2017-03-07,286.96,0.36
2017-03-08,286.27,-0.24
2017-03-09,285.57,-0.25
2017-03-10,284.97,-0.21
2017-03-13,285.89,0.32
2017-03-14,285.47,-0.15
2017-03-15,285.24,-0.08
2017-03-16,285.22,-0.01
2017-03-17,284.11,-0.39
2017-03-20,283.71,-0.14
2017-03-21,284.39,0.24
2017-03-22,283.7,-0.24
2017-03-23,283.8,0.03
2017-03-24,285.83,0.72
2017-03-27,285.47,-0.13
2017-03-28,285.09,-0.13
2017-03-29,284.96,-0.05
2017-03-30,283.79,-0.41
2017-03-31,283.56,-0.08
2017-04-05,284.2,0.23
2017-04-06,283.82,-0.14
2017-04-07,283.63,-0.07
2017-04-10,283.07,-0.2
2017-04-11,283.72,0.23
2017-04-12,283.88,0.06
2017-04-13,283.77,-0.04
2017-04-14,282.37,-0.49
2017-04-17,279.52,-1.01
2017-04-18,279.72,0.07
2017-04-19,279.64,-0.03
2017-04-20,280.75,0.4
2017-04-21,280.49,-0.09
2017-04-24,277.77,-0.97
2017-04-25,278.43,0.24
2017-04-26,280.08,0.59
2017-04-27,280.47,0.14
2017-04-28,281.44,0.35
2017-05-02,280.95,-0.17
2017-05-03,281.36,0.14
2017-05-04,281.3,-0.02
2017-05-05,280.6,-0.25
2017-05-08,276.3,-1.53
2017-05-09,275.88,-0.15
2017-05-10,274.92,-0.35
2017-05-11,274.38,-0.2
2017-05-12,275.76,0.5
2017-05-15,276.17,0.15
2017-05-16,276.95,0.29
2017-05-17,277.06,0.04
2017-05-18,276.77,-0.1
2017-05-19,276.89,0.04
2017-05-22,275.8,-0.39
2017-05-23,274.44,-0.49
2017-05-24,274.09,-0.12
2017-05-25,276.23,0.78
2017-05-26,275.96,-0.1
2017-05-31,276.75,0.29
2017-06-01,277.03,0.1
2017-06-02,277.06,0.01
2017-06-05,277.06,0.0
2017-06-06,278.41,0.49
2017-06-07,280.67,0.81
2017-06-08,280.7,0.01
2017-06-09,282.89,0.78
2017-06-12,283.41,0.18
2017-06-13,284.36,0.33
2017-06-14,283.57,-0.28
2017-06-15,284.02,0.16
2017-06-16,283.97,-0.02
2017-06-19,287.22,1.15
2017-06-20,289.32,0.73
2017-06-21,289.58,0.09
2017-06-22,289.57,0.0
2017-06-23,289.72,0.05
2017-06-26,294.16,1.53
2017-06-27,294.67,0.17
2017-06-28,293.05,-0.55
2017-06-29,291.67,-0.47
2017-06-30,290.66,-0.35
2017-07-03,291.26,0.21
2017-07-04,290.99,-0.09
2017-07-05,292.3,0.45
2017-07-06,292.18,-0.04
2017-07-07,292.45,0.09
2017-07-10,291.56,-0.3
2017-07-11,292.34,0.27
2017-07-12,292.1,-0.08
2017-07-13,294.89,0.96
2017-07-14,297.5,0.89
2017-07-17,298.14,0.21
2017-07-18,297.28,-0.29
2017-07-19,301.3,1.35
2017-07-20,303.67,0.78
2017-07-21,304.56,0.29
2017-07-24,306.54,0.65
2017-07-25,302.17,-1.43
2017-07-26,303.75,0.52
2017-07-27,304.23,0.16
2017-07-28,305.17,0.31
2017-07-31,307.13,0.64
2017-08-01,308.94,0.59
2017-08-02,312.61,1.19
2017-08-03,311.54,-0.34
2017-08-04,310.58,-0.31
2017-08-07,309.27,-0.42
2017-08-08,308.99,-0.09
2017-08-09,306.19,-0.91
2017-08-10,304.99,-0.39
2017-08-11,302.07,-0.96
2017-08-14,304.3,0.74
2017-08-15,305.2,0.3
2017-08-16,305.08,-0.04
2017-08-17,306.89,0.59
2017-08-18,307.25,0.12
2017-08-21,306.91,-0.11
2017-08-22,306.92,0.0
2017-08-23,306.22,-0.23
2017-08-24,304.6,-0.53
2017-08-25,308.54,1.29
2017-08-28,312.59,1.31
2017-08-29,313.99,0.45
2017-08-30,312.77,-0.39
2017-08-31,312.33,-0.14
2017-09-01,312.39,0.02
2017-09-04,313.08,0.22
2017-09-05,314.25,0.37
2017-09-06,313.89,-0.12
2017-09-07,313.38,-0.16
2017-09-08,313.83,0.14
2017-09-11,312.62,-0.39
2017-09-12,309.68,-0.94
2017-09-13,308.56,-0.36
2017-09-14,307.35,-0.39
2017-09-15,307.22,-0.04
2017-09-18,307.24,0.01
2017-09-19,306.63,-0.2
2017-09-20,306.67,0.01
2017-09-21,306.46,-0.07
2017-09-22,304.86,-0.52
2017-09-25,302.93,-0.63
2017-09-26,300.57,-0.78
2017-09-27,300.99,0.14
2017-09-28,300.78,-0.07
2017-09-29,303.05,0.75
2017-10-09,303.81,0.25
2017-10-10,305.2,0.46
2017-10-11,306.77,0.52
2017-10-12,307.19,0.13
2017-10-13,307.28,0.03
2017-10-16,306.66,-0.2
2017-10-17,306.83,0.05
2017-10-18,306.08,-0.24
2017-10-19,303.59,-0.82
2017-10-20,303.86,0.09
2017-10-23,302.57,-0.42
2017-10-24,303.36,0.26
2017-10-25,303.02,-0.11
2017-10-26,301.77,-0.41
2017-10-27,303.11,0.44
2017-10-30,298.58,-1.49
2017-10-31,298.57,0.0
2017-11-01,298.75,0.06
2017-11-02,297.78,-0.32
2017-11-03,296.82,-0.32
2017-11-06,295.91,-0.31
2017-11-07,298.07,0.73
2017-11-08,299.02,0.32
2017-11-09,299.46,0.15
2017-11-10,300.37,0.31
2017-11-13,301.78,0.47
2017-11-14,299.93,-0.61
2017-11-15,296.83,-1.04
2017-11-16,296.13,-0.23
2017-11-17,296.42,0.1
2017-11-20,293.96,-0.83
2017-11-21,294.78,0.28
2017-11-22,294.44,-0.12
2017-11-23,291.22,-1.09
2017-11-24,291.1,-0.04
2017-11-27,289.79,-0.45
2017-11-28,288.62,-0.4
2017-11-29,287.3,-0.46
2017-11-30,286.29,-0.35
2017-12-01,284.56,-0.6
2017-12-04,282.78,-0.63
2017-12-05,282.75,-0.01
2017-12-06,282.14,-0.21
2017-12-07,282.82,0.24
2017-12-08,286.63,1.35
2017-12-11,288.63,0.7
2017-12-12,285.72,-1.01
2017-12-13,286.44,0.25
2017-12-14,284.5,-0.68
2017-12-15,284.1,-0.14
2017-12-18,283.22,-0.31
2017-12-19,284.44,0.43
2017-12-20,282.82,-0.57
2017-12-21,284.21,0.49
2017-12-22,285.18,0.34
2017-12-25,284.92,-0.09
2017-12-26,284.85,-0.02
2017-12-27,282.34,-0.88
2017-12-28,282.01,-0.12
2017-12-29,282.89,0.31
2018-01-02,285.99,1.1
2018-01-03,289.67,1.29
2018-01-04,290.19,0.18
2018-01-05,292.84,0.92
2018-01-08,292.97,0.04
2018-01-09,291.52,-0.49
2018-01-10,291.69,0.06
2018-01-11,290.97,-0.25
2018-01-12,291.26,0.1
2018-01-15,289.48,-0.61
2018-01-16,291.08,0.55
2018-01-17,291.86,0.27
2018-01-18,294.79,1.01
2018-01-19,298.24,1.17
2018-01-22,301.47,1.08
2018-01-23,306.45,1.65
2018-01-24,310.07,1.18
2018-01-25,309.76,-0.1
2018-01-26,309.82,0.02
2018-01-29,304.24,-1.8
2018-01-30,300.95,-1.08
2018-01-31,302.24,0.43
2018-02-01,299.42,-0.93
2018-02-02,302.54,1.04
2018-02-05,306.71,1.38
2018-02-06,302.22,-1.46
2018-02-07,300.05,-0.72
2018-02-08,295.02,-1.67
2018-02-09,287.81,-2.44
2018-02-12,292.0,1.46
2018-02-13,294.05,0.7
2018-02-14,294.96,0.31
2018-02-22,298.59,1.23
2018-02-23,298.81,0.07
2018-02-26,301.16,0.79
2018-02-27,298.73,-0.81
2018-02-28,297.47,-0.42
2018-03-01,297.83,0.12
2018-03-02,295.53,-0.77
2018-03-05,294.16,-0.46
2018-03-06,297.08,0.99
2018-03-07,296.17,-0.31
2018-03-08,296.74,0.19
2018-03-09,298.17,0.48
2018-03-12,299.43,0.42
2018-03-13,298.85,-0.19
2018-03-14,297.27,-0.53
2018-03-15,296.83,-0.15
2018-03-16,296.83,0.0
2018-03-19,296.93,0.04
2018-03-20,296.58,-0.12
2018-03-21,296.03,-0.18
2018-03-22,295.04,-0.33
2018-03-23,290.82,-1.43
2018-03-26,291.61,0.27
2018-03-27,292.63,0.35
2018-03-28,291.46,-0.4
2018-03-29,293.08,0.55
2018-03-30,293.86,0.27
2018-04-02,295.18,0.45
2018-04-03,294.59,-0.2
2018-04-04,295.28,0.24
2018-04-09,295.94,0.22
2018-04-10,297.73,0.6
2018-04-11,298.67,0.32
2018-04-12,297.04,-0.55
2018-04-13,295.69,-0.45
2018-04-16,293.86,-0.62
2018-04-17,292.92,-0.32
2018-04-18,295.73,0.96
2018-04-19,295.82,0.03
2018-04-20,293.56,-0.77
2018-04-23,290.58,-1.02
2018-04-24,294.77,1.44
2018-04-25,294.25,-0.18
2018-04-26,292.13,-0.72
2018-04-27,293.21,0.37
2018-05-02,292.15,-0.36
2018-05-03,293.35,0.41
2018-05-04,294.17,0.28
2018-05-07,296.63,0.84
2018-05-08,298.26,0.55
2018-05-09,297.72,-0.18
2018-05-10,297.35,-0.12
2018-05-11,296.62,-0.25
2018-05-14,295.81,-0.27
2018-05-15,296.37,0.19
2018-05-16,295.21,-0.39
2018-05-17,294.64,-0.19
2018-05-18,295.59,0.32
2018-05-21,296.92,0.45
2018-05-22,296.6,-0.11
2018-05-23,294.46,-0.72
2018-05-24,292.78,-0.57
2018-05-25,291.14,-0.56
2018-05-28,290.21,-0.32
2018-05-29,287.33,-0.99
2018-05-30,284.34,-1.04
2018-05-31,285.6,0.44
2018-06-01,285.04,-0.2
2018-06-04,283.32,-0.6
2018-06-05,285.37,0.73
2018-06-06,285.37,0.0
2018-06-07,286.5,0.4
2018-06-08,284.17,-0.81
2018-06-11,283.74,-0.15
2018-06-12,285.03,0.46
2018-06-13,284.27,-0.27
2018-06-14,283.35,-0.32
2018-06-15,281.46,-0.67
2018-06-18,281.46,0.0
2018-06-19,274.06,-2.63
2018-06-20,275.04,0.36
2018-06-21,274.59,-0.16
2018-06-22,275.45,0.31
2018-06-25,275.65,0.07
2018-06-26,275.09,-0.2
2018-06-27,272.63,-0.9
2018-06-28,272.49,-0.05
2018-06-29,276.76,1.57
2018-07-02,274.09,-0.97
2018-07-03,275.72,0.6
2018-07-04,275.29,-0.16
2018-07-05,275.4,0.04
2018-07-06,275.8,0.15
2018-07-09,279.31,1.28
2018-07-10,279.81,0.18
2018-07-11,278.71,-0.39
2018-07-12,281.13,0.87
2018-07-13,281.37,0.09
2018-07-16,280.66,-0.25
2018-07-17,281.01,0.13
2018-07-18,281.41,0.14
2018-07-19,282.53,0.4
2018-07-20,286.39,1.36
2018-07-23,288.42,0.71
2018-07-24,288.4,0.0
2018-07-25,287.66,-0.26
2018-07-26,285.07,-0.9
2018-07-27,285.01,-0.02
2018-07-30,284.33,-0.24
2018-07-31,285.21,0.31
2018-08-01,283.58,-0.57
2018-08-02,282.24,-0.47
2018-08-03,281.86,-0.13
2018-08-06,281.08,-0.28
2018-08-07,284.61,1.26
2018-08-08,283.15,-0.51
2018-08-09,285.12,0.7
2018-08-10,284.73,-0.14
2018-08-13,284.13,-0.21
2018-08-14,283.38,-0.26
2018-08-15,282.1,-0.45
2018-08-16,281.85,-0.09
2018-08-17,280.72,-0.4
2018-08-20,280.53,-0.07
2018-08-21,282.29,0.63
2018-08-22,282.0,-0.1
2018-08-23,282.58,0.2
2018-08-24,283.16,0.21
2018-08-27,284.81,0.58
2018-08-28,285.18,0.13
2018-08-29,284.42,-0.27
2018-08-30,283.19,-0.43
2018-08-31,283.15,-0.01
2018-09-03,282.87,-0.1
2018-09-04,283.77,0.32
2018-09-05,282.65,-0.4
2018-09-06,282.47,-0.06
2018-09-07,282.48,0.0
2018-09-10,281.01,-0.52
2018-09-11,280.56,-0.16
2018-09-12,280.42,-0.05
2018-09-13,280.7,0.1
2018-09-14,280.3,-0.14
2018-09-17,279.4,-0.32
2018-09-18,280.33,0.33
2018-09-19,281.76,0.51
2018-09-20,281.87,0.04
2018-09-21,284.07,0.78
2018-09-25,283.65,-0.15
2018-09-26,284.24,0.21
2018-09-27,282.96,-0.45
2018-09-28,284.19,0.43
2018-10-08,281.0,-1.12
2018-10-09,280.09,-0.32
2018-10-10,280.53,0.16
2018-10-11,277.15,-1.2
2018-10-12,278.3,0.42
2018-10-15,277.21,-0.39
2018-10-16,276.06,-0.41
2018-10-17,276.65,0.21
2018-10-18,275.05,-0.58
2018-10-19,277.42,0.86
2018-10-22,280.31,1.04
2018-10-23,279.13,-0.42
2018-10-24,279.91,0.28
2018-10-25,280.13,0.08
2018-10-26,280.69,0.2
2018-10-29,279.86,-0.3
2018-10-30,280.14,0.1
2018-10-31,280.54,0.15
2018-11-01,281.38,0.3
2018-11-02,284.57,1.13
2018-11-05,284.62,0.02
2018-11-06,283.82,-0.28
2018-11-07,283.76,-0.02
2018-11-08,283.35,-0.14
2018-11-09,281.85,-0.53
2018-11-12,283.02,0.41
2018-11-13,284.4,0.49
2018-11-14,284.85,0.16
2018-11-15,286.88,0.71
2018-11-16,288.2,0.46
2018-11-19,288.68,0.17
2018-11-20,285.81,-0.99
2018-11-21,286.05,0.08
2018-11-22,285.65,-0.14
2018-11-23,284.18,-0.51
2018-11-26,284.46,0.1
2018-11-27,284.66,0.07
2018-11-28,286.02,0.48
2018-11-29,284.67,-0.47
2018-11-30,284.87,0.07
2018-12-03,287.3,0.86
2018-12-04,287.31,0.0
2018-12-05,287.38,0.03
2018-12-06,286.64,-0.26
2018-12-07,286.5,-0.05
2018-12-10,285.49,-0.35
2018-12-11,285.33,-0.06
2018-12-12,285.57,0.09
2018-12-13,287.1,0.53
2018-12-14,286.17,-0.32
2018-12-17,285.65,-0.18
2018-12-18,283.89,-0.62
2018-12-19,282.73,-0.41
2018-12-20,281.26,-0.52
2018-12-21,279.67,-0.56
2018-12-24,280.25,0.21
2018-12-25,279.65,-0.21
2018-12-26,279.22,-0.15
2018-12-27,278.86,-0.13
2018-12-28,279.6,0.27
2019-01-02,277.91,-0.6
2019-01-03,278.9,0.36
2019-01-04,282.11,1.15
2019-01-07,284.84,0.97
2019-01-08,285.34,0.18
2019-01-09,287.05,0.6
2019-01-10,287.94,0.31
2019-01-11,289.08,0.4
2019-01-14,287.92,-0.4
2019-01-15,289.47,0.54
2019-01-16,289.62,0.05
2019-01-17,288.77,-0.29
2019-01-18,290.15,0.47
2019-01-21,290.77,0.21
2019-01-22,289.97,-0.27
2019-01-23,290.21,0.08
2019-01-24,292.22,0.69
2019-01-25,295.04,0.96
2019-01-28,294.07,-0.33
2019-01-29,293.54,-0.18
2019-01-30,293.85,0.11
2019-01-31,294.24,0.13
2019-02-01,297.25,1.02
2019-02-11,299.47,0.75
2019-02-12,300.63,0.39
2019-02-13,303.01,0.79
2019-02-14,304.08,0.35
2019-02-15,302.12,-0.65
2019-02-18,307.19,1.68
2019-02-19,305.73,-0.47
2019-02-20,305.91,0.06
2019-02-21,307.0,0.36
2019-02-22,311.63,1.51
2019-02-25,322.73,3.56
2019-02-26,318.99,-1.16
2019-02-27,317.12,-0.58
2019-02-28,317.21,0.03
2019-03-01,320.76,1.12
2019-03-04,324.68,1.22
2019-03-05,327.8,0.96
2019-03-06,329.46,0.51
2019-03-07,327.23,-0.68
2019-03-08,319.41,-2.39
2019-03-11,325.09,1.78
2019-03-12,328.08,0.92
2019-03-13,324.68,-1.04
2019-03-14,321.34,-1.03
2019-03-15,323.71,0.74
2019-03-18,329.95,1.93
2019-03-19,331.48,0.46
2019-03-20,330.81,-0.2
2019-03-21,333.54,0.82
2019-03-22,333.19,-0.1
2019-03-25,328.85,-1.3
2019-03-26,322.56,-1.91
2019-03-27,322.98,0.13
2019-03-28,321.7,-0.4
2019-03-29,328.47,2.1
2019-04-01,337.01,2.6
2019-04-02,338.25,0.37
2019-04-03,339.26,0.3
2019-04-04,341.22,0.58
2019-04-08,340.01,-0.35
2019-04-09,337.33,-0.79
2019-04-10,335.13,-0.65
2019-04-11,331.69,-1.03
2019-04-12,331.47,-0.07
2019-04-15,330.73,-0.22
2019-04-16,333.09,0.71
2019-04-17,334.3,0.36
2019-04-18,333.65,-0.19
2019-04-19,334.39,0.22
2019-04-22,330.64,-1.12
2019-04-23,326.99,-1.1
2019-04-24,326.25,-0.23
2019-04-25,321.75,-1.38
2019-04-26,318.55,-1.0
2019-04-29,318.17,-0.12
2019-04-30,320.54,0.75
2019-05-06,311.76,-2.74
2019-05-07,313.24,0.48
2019-05-08,313.69,0.14
2019-05-09,313.82,0.04
2019-05-10,319.33,1.76
2019-05-13,317.46,-0.59
2019-05-14,318.02,0.18
2019-05-15,321.04,0.95
2019-05-16,321.19,0.05
2019-05-17,318.0,-0.99
2019-05-20,316.38,-0.51
2019-05-21,317.37,0.31
2019-05-22,317.44,0.02
2019-05-23,315.52,-0.6
2019-05-24,315.26,-0.08
2019-05-27,315.1,-0.05
2019-05-28,315.34,0.08
2019-05-29,315.04,-0.09
2019-05-30,313.31,-0.55
2019-05-31,312.85,-0.15
2019-06-03,310.04,-0.9
2019-06-04,307.75,-0.74
2019-06-05,307.37,-0.12
2019-06-06,306.07,-0.42
2019-06-10,307.84,0.58
2019-06-11,312.37,1.47
2019-06-12,311.32,-0.33
2019-06-13,310.66,-0.21
2019-06-14,309.02,-0.53
2019-06-17,308.78,-0.08
2019-06-18,308.65,-0.04
2019-06-19,310.64,0.64
2019-06-20,315.44,1.55
2019-06-21,317.21,0.56
2019-06-24,316.71,-0.16
2019-06-25,315.08,-0.52
2019-06-26,315.53,0.14
2019-06-27,317.56,0.64
2019-06-28,316.79,-0.24
2019-07-01,319.69,0.92
2019-07-02,320.39,0.22
2019-07-03,319.39,-0.31
2019-07-04,318.88,-0.16
2019-07-05,318.96,0.02
2019-07-08,315.95,-0.94
2019-07-09,315.89,-0.02
2019-07-10,315.57,-0.1
2019-07-11,315.43,-0.04
2019-07-12,317.16,0.55
2019-07-15,317.75,0.19
2019-07-16,317.58,-0.05
2019-07-17,318.22,0.2
2019-07-18,317.34,-0.27
2019-07-19,318.2,0.27
2019-07-22,317.35,-0.27
2019-07-23,317.56,0.07
2019-07-24,318.32,0.24
2019-07-25,320.34,0.63
2019-07-26,322.62,0.71
2019-07-29,323.3,0.21
2019-07-30,324.77,0.46
2019-07-31,324.67,-0.03
2019-08-01,323.89,-0.24
2019-08-02,322.72,-0.36
2019-08-05,319.9,-0.87
2019-08-06,319.02,-0.28
2019-08-07,320.39,0.43
2019-08-08,321.8,0.44
2019-08-09,321.83,0.01
2019-08-12,323.76,0.6
2019-08-13,323.0,-0.24
2019-08-14,323.32,0.1
2019-08-15,323.81,0.15
2019-08-16,324.65,0.26
2019-08-19,327.29,0.81
2019-08-20,327.05,-0.07
2019-08-21,326.91,-0.04
2019-08-22,326.25,-0.2
2019-08-23,327.63,0.42
2019-08-26,325.48,-0.66
2019-08-27,327.19,0.53
2019-08-28,327.43,0.07
2019-08-29,326.89,-0.16
2019-08-30,326.85,-0.01
2019-09-02,328.88,0.62
2019-09-03,329.12,0.07
2019-09-04,329.78,0.2
2019-09-05,332.76,0.9
2019-09-06,334.27,0.45
2019-09-09,336.5,0.67
2019-09-10,335.88,-0.18
2019-09-11,334.83,-0.31
2019-09-12,335.18,0.1
2019-09-16,333.97,-0.36
2019-09-17,330.15,-1.14
2019-09-18,330.34,0.06
2019-09-19,331.4,0.32
2019-09-20,332.1,0.21
2019-09-23,330.4,-0.51
2019-09-24,330.46,0.02
2019-09-25,329.41,-0.32
2019-09-26,328.19,-0.37
2019-09-27,328.66,0.14
2019-09-30,328.27,-0.12
2019-10-08,328.53,0.08
2019-10-09,329.61,0.33
2019-10-10,331.44,0.56
2019-10-11,333.14,0.51
2019-10-14,336.08,0.88
2019-10-15,334.75,-0.4
2019-10-16,334.04,-0.21
2019-10-17,333.62,-0.12
2019-10-18,332.46,-0.35
2019-10-21,331.65,-0.24
2019-10-22,332.33,0.2
2019-10-23,331.41,-0.27
2019-10-24,331.38,-0.01
2019-10-25,332.57,0.36
2019-10-28,334.12,0.46
2019-10-29,333.74,-0.11
2019-10-30,331.41,-0.7
2019-10-31,329.99,-0.43
2019-11-01,331.62,0.49
2019-11-04,332.73,0.34
2019-11-05,335.35,0.79
2019-11-06,335.21,-0.04
2019-11-07,336.02,0.24
2019-11-08,335.61,-0.12
2019-11-11,333.36,-0.67
2019-11-12,332.6,-0.23
2019-11-13,332.44,-0.05
2019-11-14,332.78,0.1
2019-11-15,331.53,-0.37
2019-11-18,332.82,0.39
2019-11-19,334.46,0.49
2019-11-20,333.76,-0.21
2019-11-21,332.82,-0.28
2019-11-22,332.04,-0.24
2019-11-25,332.73,0.21
2019-11-26,332.9,0.05
2019-11-27,332.33,-0.17
2019-11-28,331.72,-0.18
2019-11-29,331.45,-0.08
2019-12-02,331.49,0.01
2019-12-03,331.85,0.11
2019-12-04,331.68,-0.05
2019-12-05,333.11,0.43
2019-12-06,334.04,0.28
2019-12-09,333.93,-0.03
2019-12-10,334.68,0.22
2019-12-11,335.38,0.21
2019-12-12,335.47,0.03
2019-12-13,338.07,0.77
2019-12-16,341.13,0.9
2019-12-17,343.86,0.8
2019-12-18,344.45,0.17
2019-12-19,344.18,-0.08
2019-12-20,344.01,-0.05
2019-12-23,342.5,-0.44
2019-12-24,344.01,0.44
2019-12-25,344.35,0.1
2019-12-26,346.41,0.6
2019-12-27,346.2,-0.06
2019-12-30,347.87,0.48
2019-12-31,349.91,0.59
2020-01-02,353.84,1.12
2020-01-03,354.53,0.2
2020-01-06,354.55,0.0
2020-01-07,355.37,0.23
2020-01-08,353.49,-0.53
2020-01-09,354.85,0.38
2020-01-10,353.19,-0.47
2020-01-13,354.16,0.27
2020-01-14,354.17,0.0
2020-01-15,352.65,-0.43
2020-01-16,351.99,-0.19
2020-01-17,352.95,0.27
2020-01-20,355.89,0.83
2020-01-21,354.8,-0.31
2020-01-22,354.95,0.04
2020-01-23,350.42,-1.27
2020-02-03,338.05,-3.53
2020-02-04,344.85,2.01
2020-02-05,347.48,0.76
2020-02-06,350.23,0.79
2020-02-07,349.64,-0.17
2020-02-10,351.03,0.4
2020-02-11,352.45,0.4
2020-02-12,356.35,1.11
2020-02-13,355.24,-0.31
2020-02-14,355.06,-0.05
2020-02-17,359.11,1.14
2020-02-18,360.41,0.36
2020-02-19,360.21,-0.05
2020-02-20,362.89,0.74
2020-02-21,364.81,0.53
2020-02-24,366.22,0.39
2020-02-25,365.77,-0.12
2020-02-26,363.36,-0.66
2020-02-27,362.96,-0.11
2020-02-28,357.46,-1.51
2020-03-02,359.93,0.69
2020-03-03,361.39,0.4
2020-03-04,361.34,-0.01
2020-03-05,365.78,1.23
2020-03-06,365.48,-0.08
2020-03-09,359.04,-1.76
2020-03-10,361.81,0.77
2020-03-11,361.32,-0.14
2020-03-12,358.57,-0.76
2020-03-13,356.4,-0.6
2020-03-16,350.83,-1.56
2020-03-17,349.59,-0.35
2020-03-18,349.06,-0.15
2020-03-19,348.09,-0.28
2020-03-20,353.1,1.44
2020-03-23,346.48,-1.88
2020-03-24,348.42,0.56
2020-03-25,354.1,1.63
2020-03-26,352.57,-0.43
2020-03-27,351.49,-0.3
2020-03-30,350.17,-0.38
2020-03-31,349.97,-0.05
2020-04-01,350.23,0.07
2020-04-02,350.85,0.18
2020-04-03,349.39,-0.42
2020-04-07,353.07,1.05
2020-04-08,352.71,-0.1
2020-04-09,353.37,0.19
2020-04-10,350.55,-0.8
2020-04-13,347.34,-0.92
2020-04-14,348.66,0.38
2020-04-15,348.5,-0.04
2020-04-16,349.94,0.41
2020-04-17,350.83,0.26
2020-04-20,352.03,0.34
2020-04-21,351.15,-0.25
2020-04-22,352.3,0.33
2020-04-23,351.94,-0.1
2020-04-24,350.14,-0.51
2020-04-27,351.11,0.28
2020-04-28,350.99,-0.03
2020-04-29,351.21,0.06
2020-04-30,353.38,0.62
2020-05-06,354.16,0.22
2020-05-07,352.62,-0.43
2020-05-08,353.23,0.17
2020-05-11,352.5,-0.21
2020-05-12,351.42,-0.31
2020-05-13,350.89,-0.15
2020-05-14,348.29,-0.74
2020-05-15,347.79,-0.14
2020-05-18,345.22,-0.74
2020-05-19,344.82,-0.11
2020-05-20,341.95,-0.83
2020-05-21,341.08,-0.25
2020-05-22,339.22,-0.54
2020-05-25,336.32,-0.85
2020-05-26,338.4,0.62
2020-05-27,338.41,0.0
2020-05-28,338.67,0.08
2020-05-29,341.9,0.95
2020-06-01,346.03,1.21
2020-06-02,346.37,0.09
2020-06-03,345.45,-0.26
2020-06-04,344.15,-0.38
2020-06-05,343.32,-0.24
2020-06-08,343.37,0.01
2020-06-09,343.34,-0.01
2020-06-10,342.74,-0.17
2020-06-11,341.61,-0.33
2020-06-12,342.13,0.15
2020-06-15,342.53,0.12
2020-06-16,344.29,0.51
2020-06-17,344.2,-0.03
2020-06-18,344.33,0.04
2020-06-19,345.12,0.23
2020-06-22,344.39,-0.21
2020-06-23,342.74,-0.48
2020-06-24,343.35,0.18
2020-06-29,341.54,-0.53
2020-06-30,343.46,0.56
2020-07-01,347.04,1.04
2020-07-02,352.95,1.7
2020-07-03,358.0,1.43
2020-07-06,370.16,3.4
2020-07-07,370.17,0.0
2020-07-08,374.01,1.04
2020-07-09,377.53,0.94
2020-07-10,372.29,-1.39
2020-07-13,377.81,1.48
2020-07-14,374.42,-0.89
2020-07-15,369.26,-1.38
2020-07-16,358.99,-2.78
2020-07-17,359.32,0.09
2020-07-20,366.4,1.97
2020-07-21,366.71,0.08
2020-07-22,368.81,0.57
2020-07-23,368.36,-0.12
2020-07-24,360.92,-2.02
2020-07-27,359.7,-0.34
2020-07-28,362.16,0.68
2020-07-29,366.64,1.24
2020-07-30,367.06,0.11
2020-07-31,369.13,0.56
2020-08-03,374.04,1.33
2020-08-04,373.9,-0.04
2020-08-05,376.24,0.63
2020-08-06,376.63,0.1
2020-08-07,373.19,-0.91
2020-08-10,373.56,0.1
2020-08-11,370.73,-0.76
2020-08-12,368.47,-0.61
2020-08-13,370.15,0.46
2020-08-14,371.62,0.4
2020-08-17,375.26,0.98
2020-08-18,376.75,0.4
2020-08-19,374.48,-0.6
2020-08-20,371.16,-0.89
2020-08-21,372.03,0.23
2020-08-24,372.83,0.22
2020-08-25,372.33,-0.13
2020-08-26,368.66,-0.98
2020-08-27,369.19,0.14
2020-08-28,371.63,0.66
2020-08-31,372.29,0.18
2020-09-01,373.53,0.33
2020-09-02,374.73,0.32
2020-09-03,373.61,-0.3
2020-09-04,372.6,-0.27
2020-09-07,368.01,-1.23
2020-09-08,367.45,-0.15
2020-09-09,363.33,-1.12
2020-09-10,361.52,-0.5
2020-09-11,362.95,0.39
2020-09-14,363.74,0.22
2020-09-15,363.73,0.0
2020-09-16,362.49,-0.34
2020-09-17,361.62,-0.24
2020-09-18,363.38,0.49
2020-09-21,362.54,-0.23
2020-09-22,360.86,-0.46
2020-09-23,360.89,0.01
2020-09-24,356.69,-1.16
2020-09-25,355.74,-0.27
2020-09-28,354.58,-0.32
2020-09-29,357.91,0.94
2020-09-30,359.21,0.36
2020-10-09,362.73,0.98
2020-10-12,367.63,1.35
2020-10-13,369.06,0.39
2020-10-14,368.68,-0.1
2020-10-15,368.45,-0.06
2020-10-16,368.51,0.02
2020-10-19,366.96,-0.42
2020-10-20,368.57,0.44
2020-10-21,368.49,-0.02
2020-10-22,369.91,0.39
2020-10-23,366.85,-0.83
2020-10-26,367.23,0.1
2020-10-27,368.94,0.47
2020-10-28,368.86,-0.02
2020-10-29,369.53,0.18
2020-10-30,365.84,-1.0
2020-11-02,364.61,-0.34
2020-11-03,365.73,0.31
2020-11-04,366.03,0.08
2020-11-05,368.95,0.8
2020-11-06,367.43,-0.41
2020-11-09,370.65,0.88
2020-11-10,369.37,-0.35
2020-11-11,368.7,-0.18
2020-11-12,368.37,-0.09
2020-11-13,366.13,-0.61
2020-11-16,367.01,0.24
2020-11-17,364.84,-0.59
2020-11-18,365.34,0.14
2020-11-19,365.59,0.07
2020-11-20,366.02,0.12
2020-11-23,368.93,0.8
2020-11-24,369.7,0.21
2020-11-25,368.19,-0.41
2020-11-26,367.37,-0.22
2020-11-27,368.39,0.28
2020-11-30,368.39,0.0
2020-12-01,371.03,0.72
2020-12-02,371.03,0.0
2020-12-03,369.28,-0.47
2020-12-04,369.0,-0.07
2020-12-07,368.23,-0.21
2020-12-08,367.5,-0.2
2020-12-09,366.17,-0.36
2020-12-10,365.3,-0.24
2020-12-11,362.74,-0.7
2020-12-14,362.92,0.05
2020-12-15,360.95,-0.54
2020-12-16,360.32,-0.18
2020-12-17,362.11,0.5
2020-12-18,363.32,0.33
2020-12-21,366.26,0.81
2020-12-22,364.1,-0.59
2020-12-23,364.83,0.2
2020-12-24,361.95,-0.79
2020-12-25,363.96,0.56
2020-12-28,363.25,-0.19
2020-12-29,361.55,-0.47
2020-12-30,364.53,0.83
2020-12-31,368.3,1.03
2021-01-04,371.96,0.99
2021-01-05,374.19,0.6
2021-01-06,374.56,0.1
2021-01-07,374.33,-0.06
2021-01-08,374.04,-0.08
2021-01-11,372.41,-0.44
2021-01-12,374.92,0.67
2021-01-13,373.2,-0.46
2021-01-14,372.76,-0.12
2021-01-15,373.88,0.3
2021-01-18,375.85,0.53
2021-01-19,374.37,-0.39
2021-01-20,374.95,0.15
2021-01-21,377.3,0.63
2021-01-22,377.31,0.0
2021-01-25,376.59,-0.19
2021-01-26,374.06,-0.67
2021-01-27,373.62,-0.12
2021-01-28,367.58,-1.62
2021-01-29,362.97,-1.25
2021-02-01,363.66,0.19
2021-02-02,363.15,-0.14
2021-02-03,361.36,-0.49
2021-02-04,356.28,-1.4
2021-02-05,354.76,-0.43
2021-02-08,357.1,0.66
2021-02-09,362.35,1.47
2021-02-10,364.91,0.71
2021-02-18,367.96,0.83
2021-02-19,371.0,0.83
2021-02-22,372.83,0.49
2021-02-23,371.45,-0.37
2021-02-24,367.7,-1.01
2021-02-25,367.65,-0.01
2021-02-26,365.44,-0.6
2021-03-01,368.29,0.78
2021-03-02,367.11,-0.32
2021-03-03,370.52,0.93
2021-03-04,367.38,-0.85
2021-03-05,367.17,-0.06
2021-03-08,364.17,-0.82
2021-03-09,362.52,-0.45
2021-03-10,363.1,0.16
2021-03-11,366.94,1.06
2021-03-12,368.34,0.38
2021-03-15,367.84,-0.14
2021-03-16,368.46,0.17
2021-03-17,368.73,0.07
2021-03-18,369.89,0.32
2021-03-19,368.4,-0.4
2021-03-22,370.85,0.66
2021-03-23,368.35,-0.67
2021-03-24,364.78,-0.97
2021-03-25,363.93,-0.23
2021-03-26,366.29,0.65
2021-03-29,367.08,0.22
2021-03-30,367.21,0.03
2021-03-31,366.83,-0.1
2021-04-01,368.2,0.37
2021-04-02,368.44,0.06
2021-04-06,368.98,0.15
2021-04-07,369.58,0.16
2021-04-08,370.2,0.17
2021-04-09,369.82,-0.1
2021-04-12,367.72,-0.57
2021-04-13,366.52,-0.32
2021-04-14,367.45,0.25
2021-04-15,367.29,-0.04
2021-04-16,368.77,0.4
2021-04-19,372.17,0.92
2021-04-20,372.52,0.09
2021-04-21,371.75,-0.21
2021-04-22,371.9,0.04
2021-04-23,371.43,-0.13
2021-04-26,371.0,-0.11
2021-04-27,369.8,-0.32
2021-04-28,370.38,0.15
2021-04-29,372.04,0.45
2021-04-30,371.42,-0.16
2021-05-06,372.84,0.38
2021-05-07,372.47,-0.1
2021-05-10,373.81,0.36
2021-05-11,373.74,-0.02
2021-05-12,375.33,0.43
2021-05-13,373.8,-0.41
2021-05-14,375.77,0.53
2021-05-17,376.39,0.16
2021-05-18,377.29,0.24
2021-05-19,377.1,-0.05
2021-05-20,376.38,-0.19
2021-05-21,376.6,0.06
2021-05-24,377.13,0.14
2021-05-25,379.97,0.75
2021-05-26,381.68,0.45
2021-05-27,383.02,0.35
2021-05-28,382.82,-0.05
2021-05-31,383.24,0.11
2021-06-01,383.65,0.11
2021-06-02,382.62,-0.27
2021-06-03,383.06,0.11
2021-06-04,383.12,0.01
2021-06-07,382.75,-0.09
2021-06-08,381.74,-0.26
2021-06-09,381.89,0.04
2021-06-10,382.9,0.26
2021-06-11,382.49,-0.11
2021-06-15,379.78,-0.71
2021-06-16,375.86,-1.03
2021-06-17,375.6,-0.07
2021-06-18,376.2,0.16
2021-06-21,377.55,0.36
2021-06-22,380.02,0.66
2021-06-23,381.59,0.41
2021-06-24,382.24,0.17
2021-06-25,383.72,0.39
2021-06-28,384.43,0.19
2021-06-29,382.76,-0.43
2021-06-30,383.17,0.11
2021-07-01,381.66,-0.4
2021-07-02,380.02,-0.43
2021-07-05,380.74,0.19
2021-07-06,381.35,0.16
2021-07-07,384.09,0.72
2021-07-08,385.31,0.32
2021-07-09,387.21,0.49
2021-07-12,389.89,0.69
2021-07-13,392.52,0.67
2021-07-14,391.24,-0.33
2021-07-15,392.29,0.27
2021-07-16,392.45,0.04
2021-07-19,391.05,-0.36
2021-07-20,390.93,-0.03
2021-07-21,394.7,0.96
2021-07-22,397.18,0.63
2021-07-23,397.96,0.19
2021-07-26,394.96,-0.76
2021-07-27,390.64,-1.09
2021-07-28,388.27,-0.61
2021-07-29,393.48,1.34
2021-07-30,394.45,0.25
2021-08-02,398.63,1.06
2021-08-03,396.6,-0.51
2021-08-04,399.9,0.83
2021-08-05,398.85,-0.26
2021-08-06,399.43,0.14
2021-08-09,399.37,-0.01
2021-08-10,400.76,0.35
2021-08-11,402.62,0.46
2021-08-12,403.25,0.16
2021-08-13,403.88,0.16
2021-08-16,403.39,-0.12
2021-08-17,399.18,-1.04
2021-08-18,400.78,0.4
2021-08-19,400.45,-0.08
2021-08-20,399.47,-0.24
2021-08-23,402.21,0.69
2021-08-24,404.62,0.6
2021-08-25,405.91,0.32
2021-08-26,405.47,-0.11
2021-08-27,406.75,0.32
2021-08-30,408.66,0.47
2021-08-31,409.61,0.23
2021-09-01,410.5,0.22
2021-09-02,416.4,1.44
2021-09-03,415.67,-0.17
2021-09-06,418.13,0.59
2021-09-07,423.46,1.27
2021-09-08,424.62,0.27
2021-09-09,424.63,0.0
2021-09-10,424.42,-0.05
2021-09-13,425.22,0.19
2021-09-14,421.0,-0.99
2021-09-15,420.7,-0.07
2021-09-16,413.46,-1.72
2021-09-17,413.35,-0.03
2021-09-22,415.11,0.43
2021-09-23,417.2,0.5
2021-09-24,414.17,-0.73
2021-09-27,407.6,-1.58
2021-09-28,409.15,0.38
2021-09-29,402.75,-1.56
2021-09-30,407.65,1.22
2021-10-08,407.77,0.03
2021-10-11,407.13,-0.15
2021-10-12,401.3,-1.43
2021-10-13,401.08,-0.06
2021-10-14,402.56,0.37
2021-10-15,404.46,0.47
2021-10-18,406.65,0.54
2021-10-19,408.86,0.54
2021-10-20,409.15,0.07
2021-10-21,408.91,-0.06
2021-10-22,407.16,-0.43
2021-10-25,409.29,0.52
2021-10-26,409.74,0.11
2021-10-27,408.76,-0.24
2021-10-28,405.54,-0.78
2021-10-29,408.12,0.63
2021-11-01,411.24,0.76
2021-11-02,409.44,-0.44
2021-11-03,410.48,0.25
2021-11-04,413.73,0.79
2021-11-05,410.77,-0.72
2021-11-08,412.57,0.44
2021-11-09,414.93,0.57
2021-11-10,415.02,0.02
2021-11-11,419.09,0.98
2021-11-12,421.72,0.63
2021-11-15,420.93,-0.19
2021-11-16,418.36,-0.61
2021-11-17,420.05,0.4
2021-11-18,420.19,0.03
2021-11-19,423.8,0.86
2021-11-22,427.44,0.86
2021-11-23,427.0,-0.1
2021-11-24,426.87,-0.03
2021-11-25,426.43,-0.1
2021-11-26,426.71,0.06
2021-11-29,428.46,0.41
2021-11-30,429.03,0.13
2021-12-01,431.22,0.51
2021-12-02,431.69,0.11
2021-12-03,433.96,0.53
2021-12-06,429.92,-0.93
2021-12-07,423.94,-1.39
2021-12-08,427.19,0.77
2021-12-09,430.11,0.68
2021-12-10,431.13,0.24
2021-12-13,432.9,0.41
2021-12-14,431.01,-0.44
2021-12-15,431.34,0.08
2021-12-16,432.79,0.34
2021-12-17,431.91,-0.2
2021-12-20,428.49,-0.79
2021-12-21,431.56,0.72
2021-12-22,433.58,0.47
2021-12-23,436.25,0.62
2021-12-24,434.94,-0.3
2021-12-27,433.0,-0.45
2021-12-28,433.34,0.08
2021-12-29,431.96,-0.32
2021-12-30,433.76,0.42
2021-12-31,436.37,0.6
2022-01-04,437.69,0.3
2022-01-05,434.63,-0.7
2022-01-06,435.66,0.24
2022-01-07,434.69,-0.22
2022-01-10,436.17,0.34
2022-01-11,433.62,-0.58
2022-01-12,436.43,0.65
2022-01-13,433.06,-0.77
2022-01-14,429.28,-0.87
2022-01-17,432.38,0.72
2022-01-18,433.79,0.33
2022-01-19,434.19,0.09
2022-01-20,434.83,0.15
2022-01-21,432.88,-0.45
2022-01-24,433.76,0.2
2022-01-25,428.16,-1.29
2022-01-26,430.09,0.45
2022-01-27,426.24,-0.89
2022-01-28,426.07,-0.04
2022-02-07,430.32,1.0
2022-02-08,431.32,0.23
2022-02-09,435.4,0.95
2022-02-10,436.65,0.29
2022-02-11,433.81,-0.65
2022-02-14,420.73,-3.01
2022-02-15,414.32,-1.52
2022-02-16,416.6,0.55
2022-02-17,417.46,0.21
2022-02-18,420.74,0.79
2022-02-21,422.39,0.39
2022-02-22,420.0,-0.57
2022-02-23,423.35,0.8
2022-02-24,420.95,-0.57
2022-02-25,422.44,0.35
2022-02-28,423.06,0.14
2022-03-01,424.33,0.3
2022-03-02,423.13,-0.28
2022-03-03,420.78,-0.55
2022-03-04,416.06,-1.12
2022-03-07,407.52,-2.05
2022-03-08,399.75,-1.91
2022-03-09,396.96,-0.7
2022-03-10,402.4,1.37
2022-03-11,402.81,0.1
2022-03-14,400.26,-0.63
2022-03-15,393.7,-1.64
2022-03-16,400.7,1.78
2022-03-17,403.6,0.72
2022-03-18,406.56,0.73
2022-03-21,406.86,0.07
2022-03-22,406.27,-0.14
2022-03-23,404.81,-0.36
2022-03-24,400.78,-0.99
2022-03-25,397.41,-0.84
2022-03-28,395.69,-0.43
2022-03-29,395.23,-0.12
2022-03-30,400.19,1.26
2022-03-31,399.9,-0.07
2022-04-01,404.05,1.04
2022-04-06,404.99,0.23
2022-04-07,401.84,-0.78
2022-04-08,402.02,0.04
2022-04-11,398.1,-0.97
2022-04-12,399.22,0.28
2022-04-13,397.74,-0.37
2022-04-14,399.35,0.4
2022-04-15,398.97,-0.1
2022-04-18,399.58,0.15
2022-04-19,400.37,0.2
2022-04-20,397.76,-0.65
2022-04-21,393.96,-0.95
2022-04-22,394.16,0.05
2022-04-25,386.26,-2.0
2022-04-26,384.4,-0.48
2022-04-27,389.23,1.26
2022-04-28,389.65,0.11
2022-04-29,394.3,1.19
2022-05-05,395.89,0.4
2022-05-06,393.16,-0.69
2022-05-09,393.08,-0.02
2022-05-10,394.95,0.48
2022-05-11,397.62,0.67
2022-05-12,397.51,-0.03
2022-05-13,399.37,0.47
2022-05-16,399.63,0.06
2022-05-17,401.33,0.43
2022-05-18,401.19,-0.03
2022-05-19,401.44,0.06
2022-05-20,403.31,0.46
2022-05-23,404.2,0.22
2022-05-24,399.26,-1.22
2022-05-25,401.15,0.47
2022-05-26,402.22,0.27
2022-05-27,402.33,0.03
2022-05-30,402.2,-0.03
2022-05-31,403.2,0.25
2022-06-01,402.8,-0.1
2022-06-02,403.52,0.18
2022-06-06,406.32,0.69
2022-06-07,406.87,0.14
2022-06-08,407.51,0.16
2022-06-09,406.95,-0.14
2022-06-10,409.44,0.61
2022-06-13,409.09,-0.09
2022-06-14,408.86,-0.06
2022-06-15,411.36,0.61
2022-06-16,411.87,0.12
2022-06-17,413.39,0.37
2022-06-20,412.04,-0.33
2022-06-21,410.82,-0.29
2022-06-22,410.21,-0.15
2022-06-23,412.24,0.49
2022-06-24,414.41,0.53
2022-06-27,417.46,0.73
2022-06-28,419.82,0.57
2022-06-29,416.49,-0.79
2022-06-30,418.62,0.51
2022-07-01,418.64,0.01
2022-07-04,420.86,0.53
2022-07-05,420.56,-0.07
2022-07-06,417.51,-0.73
2022-07-07,419.58,0.5
2022-07-08,419.39,-0.05
2022-07-11,416.46,-0.7
2022-07-12,414.53,-0.46
2022-07-13,415.23,0.17
2022-07-14,416.92,0.41
2022-07-15,416.13,-0.19
2022-07-18,418.82,0.65
2022-07-19,419.2,0.09
2022-07-20,420.59,0.33
2022-07-21,419.51,-0.26
2022-07-22,418.45,-0.25
2022-07-25,416.95,-0.36
2022-07-26,419.58,0.63
2022-07-27,421.49,0.45
2022-07-28,422.55,0.25
2022-07-29,422.92,0.09
2022-08-01,424.44,0.36
2022-08-02,421.65,-0.66
2022-08-03,419.66,-0.47
2022-08-04,420.44,0.19
2022-08-05,421.5,0.25
2022-08-08,423.85,0.56
2022-08-09,424.37,0.12
2022-08-10,423.86,-0.12
2022-08-11,426.21,0.55
2022-08-12,426.42,0.05
2022-08-15,428.45,0.48
2022-08-16,429.77,0.31
2022-08-17,430.68,0.21
2022-08-18,427.77,-0.67
2022-08-19,425.16,-0.61
2022-08-22,426.81,0.39
2022-08-23,427.03,0.05
2022-08-24,420.98,-1.42
2022-08-25,419.49,-0.35
2022-08-26,419.13,-0.08
2022-08-29,417.69,-0.34
2022-08-30,416.74,-0.23
2022-08-31,412.22,-1.08
2022-09-01,411.78,-0.11
2022-09-02,413.67,0.46
2022-09-05,415.52,0.45
2022-09-06,419.37,0.93
2022-09-07,420.51,0.27
2022-09-08,418.37,-0.51
2022-09-09,418.56,0.04
2022-09-13,418.68,0.03
2022-09-14,416.95,-0.41
2022-09-15,413.66,-0.79
2022-09-16,410.16,-0.84
2022-09-19,409.22,-0.23
2022-09-20,410.66,0.35
2022-09-21,411.7,0.25
2022-09-22,410.74,-0.23
2022-09-23,408.64,-0.51
2022-09-26,406.66,-0.48
2022-09-27,408.16,0.37
2022-09-28,404.89,-0.8
2022-09-29,403.3,-0.39
2022-09-30,402.64,-0.16
2022-10-10,400.64,-0.5
2022-10-11,402.37,0.43
2022-10-12,406.84,1.11
2022-10-13,407.69,0.21
2022-10-14,411.08,0.83
2022-10-17,410.97,-0.02
2022-10-18,410.84,-0.03
2022-10-19,409.22,-0.39
2022-10-20,406.81,-0.59
2022-10-21,406.62,-0.05
2022-10-24,402.75,-0.95
2022-10-25,401.3,-0.36
2022-10-26,403.15,0.46
2022-10-27,403.4,0.06
2022-10-28,399.53,-0.96
2022-10-31,397.24,-0.57
2022-11-01,400.78,0.89
2022-11-02,403.73,0.74
2022-11-03,403.71,-0.01
2022-11-04,408.81,1.26
2022-11-07,407.91,-0.22
2022-11-08,406.67,-0.3
2022-11-09,406.15,-0.13
2022-11-10,404.79,-0.33
2022-11-11,408.33,0.87
2022-11-14,406.39,-0.47
2022-11-15,407.45,0.26
2022-11-16,403.41,-0.99
2022-11-17,399.69,-0.92
2022-11-18,398.25,-0.36
2022-11-21,398.27,0.01
2022-11-22,397.88,-0.1
2022-11-23,398.35,0.12
2022-11-24,399.83,0.37
2022-11-25,400.65,0.21
2022-11-28,399.03,-0.4
2022-11-29,403.62,1.15
2022-11-30,404.29,0.17
2022-12-01,406.51,0.55
2022-12-02,406.56,0.01
2022-12-05,408.76,0.54
2022-12-06,408.16,-0.15
2022-12-07,405.95,-0.54
2022-12-08,404.62,-0.33
2022-12-09,404.88,0.06
2022-12-12,403.25,-0.4
2022-12-13,400.33,-0.72
2022-12-14,398.66,-0.42
2022-12-15,398.73,0.02
2022-12-16,396.39,-0.59
2022-12-19,392.92,-0.88
2022-12-20,391.23,-0.43
2022-12-21,391.12,-0.03
2022-12-22,389.42,-0.43
2022-12-23,388.46,-0.25
2022-12-26,391.34,0.74
2022-12-27,394.88,0.9
2022-12-28,393.67,-0.31
2022-12-29,392.02,-0.42
2022-12-30,392.66,0.16
2023-01-03,394.6,0.49
2023-01-04,396.13,0.39
2023-01-05,399.47,0.84
2023-01-06,400.96,0.37
2023-01-09,401.88,0.23
2023-01-10,400.82,-0.26
2023-01-11,400.39,-0.11
2023-01-12,401.05,0.16
2023-01-13,401.7,0.16
2023-01-16,404.48,0.69
2023-01-17,405.94,0.36
2023-01-18,406.96,0.25
2023-01-19,407.99,0.25
2023-01-20,410.13,0.52
2023-01-30,410.59,0.11
2023-01-31,409.28,-0.32
2023-02-01,411.66,0.58
2023-02-02,412.34,0.16
2023-02-03,410.87,-0.36
2023-02-06,407.38,-0.85
2023-02-07,408.29,0.22
2023-02-08,407.53,-0.19
2023-02-09,410.0,0.6
2023-02-10,409.62,-0.09
2023-02-13,410.3,0.16
2023-02-14,410.23,-0.02
2023-02-15,408.7,-0.37
2023-02-16,405.94,-0.68
2023-02-17,402.95,-0.74
2023-02-20,406.49,0.88
2023-02-21,407.42,0.23
2023-02-22,406.95,-0.11
2023-02-23,406.73,-0.05
2023-02-24,405.55,-0.29
2023-02-27,404.37,-0.29
2023-02-28,404.86,0.12
2023-03-01,407.31,0.6
2023-03-02,407.09,-0.05
2023-03-03,407.81,0.18
2023-03-06,407.96,0.04
2023-03-07,405.54,-0.59
2023-03-08,404.83,-0.18
2023-03-09,404.91,0.02
2023-03-10,402.9,-0.5
2023-03-13,403.82,0.23
2023-03-14,403.3,-0.13
2023-03-15,404.3,0.25
2023-03-16,402.09,-0.55
2023-03-17,403.08,0.25
2023-03-20,403.26,0.04
2023-03-21,404.99,0.43
2023-03-22,406.33,0.33
2023-03-23,406.65,0.08
2023-03-24,406.42,-0.06
2023-03-27,406.13,-0.07
2023-03-28,405.2,-0.23
2023-03-29,404.52,-0.17
2023-03-30,405.07,0.14
2023-03-31,406.52,0.36
2023-04-03,408.68,0.53
2023-04-04,408.56,-0.03
2023-04-06,408.89,0.08
2023-04-07,410.49,0.39
2023-04-10,409.87,-0.15
2023-04-11,408.81,-0.26
2023-04-12,409.57,0.19
2023-04-13,408.68,-0.22
2023-04-14,410.5,0.45
2023-04-17,412.17,0.4
2023-04-18,412.67,0.12
2023-04-19,411.23,-0.35
2023-04-20,409.02,-0.54
2023-04-21,405.45,-0.87
2023-04-24,402.52,-0.72
2023-04-25,402.18,-0.08
2023-04-26,404.78,0.64
2023-04-27,406.81,0.5
2023-04-28,408.78,0.49
2023-05-04,409.02,0.06
2023-05-05,406.66,-0.58
2023-05-08,409.44,0.68
2023-05-09,407.57,-0.46
2023-05-10,406.48,-0.27
2023-05-11,407.29,0.2
2023-05-12,402.72,-1.12
2023-05-15,404.77,0.51
2023-05-16,405.03,0.06
2023-05-17,405.91,0.22
2023-05-18,406.65,0.18
2023-05-19,406.33,-0.08
2023-05-22,406.86,0.13
2023-05-23,405.1,-0.43
2023-05-24,403.35,-0.43
2023-05-25,402.98,-0.09
2023-05-26,404.24,0.31
2023-05-29,403.41,-0.2
2023-05-30,402.95,-0.11
2023-05-31,402.4,-0.14
2023-06-01,403.05,0.16
2023-06-02,406.19,0.78
2023-06-05,405.64,-0.13
2023-06-06,404.04,-0.39
2023-06-07,403.57,-0.12
2023-06-08,404.49,0.23
2023-06-09,405.73,0.31
2023-06-12,406.53,0.2
2023-06-13,406.69,0.04
2023-06-14,406.78,0.02
2023-06-15,408.15,0.34
2023-06-16,408.88,0.18
2023-06-19,407.32,-0.38
2023-06-20,406.86,-0.11
2023-06-21,405.0,-0.46
2023-06-26,402.81,-0.54
2023-06-27,404.89,0.52
2023-06-28,404.67,-0.05
2023-06-29,404.85,0.04
2023-06-30,405.91,0.26
2023-07-03,407.3,0.34
2023-07-04,407.23,-0.02
2023-07-05,406.6,-0.16
2023-07-06,406.25,-0.09
2023-07-07,406.3,0.01
2023-07-10,406.14,-0.04
2023-07-11,407.08,0.23
2023-07-12,406.47,-0.15
2023-07-13,408.34,0.46
2023-07-14,408.04,-0.07
2023-07-17,407.1,-0.23
2023-07-18,407.48,0.09
2023-07-19,407.79,0.08
2023-07-20,407.2,-0.14
2023-07-21,407.32,0.03
2023-07-24,406.14,-0.29
2023-07-25,409.62,0.86
2023-07-26,409.43,-0.04
2023-07-27,409.35,-0.02
2023-07-28,412.8,0.84
2023-07-31,413.36,0.14
2023-08-01,411.98,-0.33
2023-08-02,411.95,-0.01
2023-08-03,413.54,0.38
2023-08-04,414.36,0.2
2023-08-07,412.46,-0.46
2023-08-08,412.0,-0.11
2023-08-09,411.14,-0.21
2023-08-10,411.58,0.1
2023-08-11,409.99,-0.39
2023-08-14,408.86,-0.27
2023-08-15,408.24,-0.15
2023-08-16,407.81,-0.1
2023-08-17,409.12,0.32
2023-08-18,408.58,-0.13
2023-08-21,407.24,-0.33
2023-08-22,405.97,-0.31
2023-08-23,403.77,-0.54
2023-08-24,404.72,0.24
2023-08-25,403.39,-0.33
2023-08-28,404.25,0.21
2023-08-29,406.71,0.61
2023-08-30,406.8,0.02
2023-08-31,406.52,-0.07
2023-09-01,407.65,0.28
2023-09-04,409.68,0.5
2023-09-05,408.87,-0.2
2023-09-06,408.42,-0.11
2023-09-07,403.99,-1.08
2023-09-08,402.91,-0.27
2023-09-11,403.71,0.2
2023-09-12,403.69,0.0
2023-09-13,401.91,-0.44
2023-09-14,401.22,-0.17
2023-09-15,401.57,0.08
2023-09-18,402.1,0.13
2023-09-19,401.26,-0.21
2023-09-20,400.77,-0.12
2023-09-21,399.73,-0.26
2023-09-22,402.14,0.6
2023-09-25,401.76,-0.09
2023-09-26,401.79,0.01
2023-09-27,402.39,0.15
2023-09-28,403.8,0.35
2023-10-09,402.89,-0.22
2023-10-10,401.82,-0.27
2023-10-11,400.77,-0.26
2023-10-12,401.72,0.24
2023-10-13,400.85,-0.21
2023-10-16,398.81,-0.51
2023-10-17,397.91,-0.22
2023-10-18,394.85,-0.77
2023-10-19,391.28,-0.9
2023-10-20,390.11,-0.3
2023-10-23,385.89,-1.08
2023-10-24,390.03,1.07
2023-10-25,391.88,0.47
2023-10-26,392.58,0.18
2023-10-27,395.74,0.8
2023-10-30,396.22,0.12
2023-10-31,394.09,-0.53
2023-11-01,392.79,-0.33
2023-11-02,392.16,-0.16
2023-11-03,393.47,0.33
2023-11-06,396.28,0.72
2023-11-07,396.81,0.13
2023-11-08,396.36,-0.11
2023-11-09,396.19,-0.04
2023-11-10,395.58,-0.15
2023-11-13,395.58,0.0
2023-11-14,396.59,0.26
2023-11-15,397.83,0.31
2023-11-16,395.78,-0.52
2023-11-17,395.18,-0.15
2023-11-20,396.31,0.29
2023-11-21,395.71,-0.15
2023-11-22,392.64,-0.77
2023-11-23,392.48,-0.04
2023-11-24,391.07,-0.36
2023-11-27,391.21,0.03
2023-11-28,391.89,0.17
2023-11-29,390.8,-0.28
2023-11-30,390.1,-0.18
2023-12-01,390.99,0.23
2023-12-04,390.7,-0.07
2023-12-05,388.82,-0.48
2023-12-06,389.28,0.12
2023-12-07,389.5,0.06
2023-12-08,390.16,0.17
2023-12-11,390.81,0.17
2023-12-12,390.9,0.02
2023-12-13,389.51,-0.36
2023-12-14,388.89,-0.16
2023-12-15,387.96,-0.24
2023-12-18,386.25,-0.44
2023-12-19,385.09,-0.3
2023-12-20,384.15,-0.24
2023-12-21,385.23,0.28
2023-12-22,385.23,0.0
2023-12-25,384.66,-0.15
2023-12-26,383.01,-0.43
2023-12-27,384.5,0.39
2023-12-28,388.57,1.06
2023-12-29,390.79,0.57
2024-01-02,391.3,0.13
2024-01-03,389.45,-0.47
2024-01-04,388.58,-0.22
2024-01-05,387.67,-0.23
2024-01-08,384.85,-0.73
2024-01-09,385.59,0.19
2024-01-10,385.22,-0.1
2024-01-11,386.71,0.39
2024-01-12,387.66,0.24
2024-01-15,387.05,-0.15
2024-01-16,386.17,-0.23
2024-01-17,382.81,-0.87
2024-01-18,382.28,-0.14
2024-01-19,381.93,-0.09
2024-01-22,376.63,-1.39
2024-01-23,377.15,0.14
2024-01-24,377.15,0.0
2024-01-25,381.8,1.23
2024-01-26,382.63,0.22
2024-01-29,379.9,-0.71
2024-01-30,377.39,-0.66
2024-01-31,375.27,-0.56
2024-02-01,375.43,0.04
2024-02-02,374.15,-0.34
2024-02-05,370.86,-0.88
2024-02-06,376.22,1.44
2024-02-07,376.86,0.17
2024-02-08,379.27,0.64
2024-02-19,380.65,0.36
2024-02-20,383.55,0.76
2024-02-21,385.86,0.6
2024-02-22,386.68,0.21
2024-02-23,387.28,0.15
2024-02-26,386.36,-0.24
2024-02-27,387.35,0.26
2024-02-28,383.01,-1.12
2024-02-29,385.5,0.65
2024-03-01,386.44,0.24
2024-03-04,385.76,-0.18
2024-03-05,384.18,-0.41
2024-03-06,384.49,0.08
2024-03-07,384.01,-0.12
2024-03-08,384.67,0.17
2024-03-11,386.16,0.39
2024-03-12,385.95,-0.05
2024-03-13,386.05,0.02
2024-03-14,385.6,-0.11
2024-03-15,386.86,0.32
2024-03-18,388.68,0.47
2024-03-19,389.04,0.09
2024-03-20,390.42,0.36
2024-03-21,390.81,0.1
2024-03-22,389.53,-0.33
2024-03-25,388.53,-0.26
2024-03-26,387.63,-0.23
2024-03-27,385.42,-0.57
2024-03-28,386.46,0.27
2024-03-29,387.62,0.3
2024-04-01,389.89,0.59
2024-04-02,390.07,0.05
2024-04-03,390.59,0.13
2024-04-08,389.49,-0.28
2024-04-09,391.01,0.39
2024-04-10,390.35,-0.17
2024-04-11,391.29,0.24
2024-04-12,391.91,0.16
2024-04-15,390.32,-0.4
2024-04-16,387.41,-0.74
2024-04-17,391.03,0.93
2024-04-18,391.94,0.23
2024-04-19,391.16,-0.2
2024-04-22,389.67,-0.38
2024-04-23,389.31,-0.09
2024-04-24,390.36,0.27
2024-04-25,390.9,0.14
2024-04-26,392.99,0.53
2024-04-29,393.91,0.23
2024-04-30,394.85,0.24
2024-05-06,398.34,0.88
2024-05-07,399.84,0.38
2024-05-08,399.09,-0.19
2024-05-09,402.26,0.8
2024-05-10,402.48,0.05
2024-05-13,401.94,-0.13
2024-05-14,402.52,0.14
2024-05-15,401.61,-0.22
2024-05-16,401.92,0.08
2024-05-17,402.39,0.12
2024-05-20,404.05,0.41
2024-05-21,403.33,-0.18
2024-05-22,403.8,0.12
2024-05-23,401.47,-0.58
2024-05-24,401.0,-0.12
2024-05-27,402.29,0.32
2024-05-28,401.89,-0.1
2024-05-29,401.55,-0.08
2024-05-30,401.57,0.0
2024-05-31,401.26,-0.08
2024-06-03,397.85,-0.85
2024-06-04,398.75,0.23
2024-06-05,397.87,-0.22
2024-06-06,396.48,-0.35
2024-06-07,397.06,0.14
2024-06-11,397.61,0.14
2024-06-12,398.67,0.27
2024-06-13,397.25,-0.36
2024-06-14,397.47,0.06
2024-06-17,396.28,-0.3
2024-06-18,396.74,0.11
2024-06-19,394.97,-0.45
2024-06-20,390.97,-1.01
2024-06-21,388.72,-0.58
2024-06-24,383.2,-1.42
2024-06-25,384.78,0.41
2024-06-26,390.17,1.4
2024-06-27,389.12,-0.27
2024-06-28,390.52,0.36
2024-07-01,392.48,0.5
2024-07-02,392.66,0.05
2024-07-03,390.65,-0.51
2024-07-04,388.0,-0.68
2024-07-05,388.78,0.2
2024-07-08,385.35,-0.88
2024-07-09,387.48,0.55
2024-07-10,386.6,-0.23
2024-07-11,389.03,0.63
2024-07-12,388.03,-0.26
2024-07-15,386.38,-0.43
2024-07-16,385.89,-0.13
2024-07-17,383.25,-0.68
2024-07-18,382.96,-0.08
2024-07-19,383.24,0.07
2024-07-22,381.18,-0.54
2024-07-23,377.4,-0.99
2024-07-24,373.46,-1.04
2024-07-25,373.22,-0.06
2024-07-26,377.33,1.1
2024-07-29,377.14,-0.05
2024-07-30,376.54,-0.16
2024-07-31,380.6,1.08
2024-08-01,380.81,0.05
2024-08-02,379.71,-0.29
2024-08-05,376.67,-0.8
2024-08-06,377.25,0.15
2024-08-07,377.61,0.09
2024-08-08,377.25,-0.1
2024-08-09,377.01,-0.06
2024-08-12,375.78,-0.32
2024-08-13,375.48,-0.08
2024-08-14,374.09,-0.37
2024-08-15,372.58,-0.4
2024-08-16,368.26,-1.16
2024-08-19,369.79,0.42
2024-08-20,366.38,-0.92
2024-08-21,366.04,-0.09
2024-08-22,364.35,-0.46
2024-08-23,364.57,0.06
2024-08-26,367.49,0.8
2024-08-27,366.42,-0.29
2024-08-28,366.27,-0.04
2024-08-29,367.86,0.43
2024-08-30,371.29,0.93
2024-09-02,369.14,-0.58
2024-09-03,369.65,0.14
2024-09-04,369.83,0.05
2024-09-05,372.17,0.63
2024-09-06,371.11,-0.29
2024-09-09,369.18,-0.52
2024-09-10,367.4,-0.48
2024-09-11,366.34,-0.29
2024-09-12,365.98,-0.1
2024-09-13,364.64,-0.37
2024-09-18,363.31,-0.36
2024-09-19,365.2,0.52
2024-09-20,364.21,-0.27
2024-09-23,364.14,-0.02
2024-09-24,371.3,1.97
2024-09-25,372.97,0.45
2024-09-26,378.76,1.55
2024-09-27,383.23,1.18
2024-09-30,392.77,2.49
2024-10-08,401.63,2.26
2024-10-09,386.58,-3.75
2024-10-10,387.57,0.26
2024-10-11,383.03,-1.17
2024-10-14,388.89,1.53
2024-10-15,388.13,-0.19
2024-10-16,390.28,0.55
2024-10-17,390.05,-0.06
2024-10-18,394.15,1.05
2024-10-21,396.86,0.69
2024-10-22,397.61,0.19
2024-10-23,399.13,0.38
2024-10-24,396.53,-0.65
2024-10-25,400.07,0.89
2024-10-28,401.36,0.32
2024-10-29,398.42,-0.73
2024-10-30,397.2,-0.31
2024-10-31,398.75,0.39
2024-11-01,397.9,-0.21
2024-11-04,400.36,0.62
2024-11-05,404.0,0.91
2024-11-06,403.83,-0.04
2024-11-07,407.11,0.81
2024-11-08,406.49,-0.15
2024-11-11,410.51,0.99
2024-11-12,408.82,-0.41
2024-11-13,408.84,0.0
2024-11-14,405.1,-0.91
2024-11-15,402.79,-0.57
2024-11-18,400.27,-0.63
2024-11-19,402.83,0.64
2024-11-20,405.25,0.6
2024-11-21,405.81,0.14
2024-11-22,402.4,-0.84
2024-11-25,402.35,-0.01
2024-11-26,401.84,-0.13
2024-11-27,404.78,0.73
2024-11-28,405.65,0.22
2024-11-29,408.45,0.69
2024-12-02,410.42,0.48
2024-12-03,410.94,0.12
2024-12-04,408.91,-0.49
2024-12-05,410.49,0.39
2024-12-06,412.64,0.52
2024-12-09,413.12,0.11
2024-12-10,415.92,0.68
2024-12-11,419.39,0.83
2024-12-12,422.34,0.7
2024-12-13,419.97,-0.56
2024-12-16,416.46,-0.83
2024-12-17,413.59,-0.69
2024-12-18,415.4,0.44
2024-12-19,414.74,-0.16
2024-12-20,416.61,0.45
2024-12-23,414.43,-0.52
2024-12-24,416.19,0.42
2024-12-25,415.15,-0.25
2024-12-26,416.26,0.27
2024-12-27,417.25,0.24
2024-12-30,417.64,0.09
2024-12-31,414.56,-0.74
2025-01-02,411.55,-0.73
2025-01-03,410.16,-0.34
2025-01-06,409.13,-0.25
2025-01-07,412.35,0.79
2025-01-08,412.14,-0.05
2025-01-09,413.14,0.24
2025-01-10,412.0,-0.28
2025-01-13,411.36,-0.15
2025-01-14,415.66,1.04
2025-01-15,416.56,0.22
2025-01-16,416.08,-0.11
2025-01-17,417.39,0.31
2025-01-20,419.18,0.43
2025-01-21,420.4,0.29
2025-01-22,419.75,-0.16
2025-01-23,419.68,-0.01
2025-01-24,421.82,0.51
2025-01-27,420.1,-0.41
2025-02-05,421.36,0.3
2025-02-06,424.67,0.78
2025-02-07,426.97,0.54
2025-02-10,427.84,0.2
2025-02-11,426.59,-0.29
2025-02-12,428.5,0.45
2025-02-13,427.66,-0.19
2025-02-14,428.06,0.09
2025-02-17,428.4,0.08
2025-02-18,425.97,-0.57
2025-02-19,430.01,0.95
2025-02-20,431.03,0.24
2025-02-21,433.73,0.62
2025-02-24,433.21,-0.12
2025-02-25,433.33,0.03
2025-02-26,436.85,0.81
2025-02-27,435.69,-0.27
2025-02-28,429.87,-1.33
2025-03-03,427.85,-0.47
2025-03-04,429.55,0.4
2025-03-05,431.17,0.38
2025-03-06,435.25,0.95
2025-03-07,435.85,0.14
2025-03-10,436.66,0.19
2025-03-11,435.22,-0.33
2025-03-12,435.56,0.08
2025-03-13,433.29,-0.52
2025-03-14,436.48,0.74
2025-03-17,437.77,0.29
2025-03-18,437.97,0.04
2025-03-19,435.71,-0.51
2025-03-20,434.62,-0.25
2025-03-21,430.48,-0.95
2025-03-24,428.6,-0.44
2025-03-25,429.82,0.28
2025-03-26,431.38,0.36
2025-03-27,431.28,-0.02
2025-03-28,429.63,-0.38
2025-03-31,427.52,-0.49
2025-04-01,428.98,0.34
2025-04-02,429.82,0.2
2025-04-03,428.21,-0.37
2025-04-07,410.86,-4.05
2025-04-08,414.83,0.97
2025-04-09,418.29,0.83
2025-04-10,422.13,0.92
2025-04-11,420.91,-0.29
2025-04-14,421.67,0.18
2025-04-15,420.0,-0.4
2025-04-16,417.68,-0.55
2025-04-17,418.48,0.19
2025-04-18,418.46,0.0
2025-04-21,420.16,0.41
2025-04-22,421.21,0.25
2025-04-23,422.78,0.37
2025-04-24,421.49,-0.3
2025-04-25,422.21,0.17
2025-04-28,419.91,-0.54
2025-04-29,421.3,0.33
2025-04-30,421.92,0.15
2025-05-06,425.39,0.82
2025-05-07,425.4,0.0
2025-05-08,427.93,0.59
2025-05-09,427.47,-0.11
2025-05-12,430.05,0.6
2025-05-13,430.55,0.12
2025-05-14,430.51,-0.01
2025-05-15,428.64,-0.43
2025-05-16,428.83,0.04
2025-05-19,429.41,0.14
2025-05-20,430.52,0.26
2025-05-21,431.06,0.13
2025-05-22,429.67,-0.32
2025-05-23,428.34,-0.31
2025-05-26,427.33,-0.23
2025-05-27,426.29,-0.24
2025-05-28,426.58,0.07
2025-05-29,429.05,0.58
2025-05-30,429.31,0.06
2025-06-03,430.56,0.29
2025-06-04,432.68,0.49
2025-06-05,433.42,0.17
2025-06-06,433.92,0.11
2025-06-09,435.66,0.4
2025-06-10,434.44,-0.28
2025-06-11,435.8,0.31
2025-06-12,435.99,0.04
2025-06-13,433.84,-0.49
2025-06-16,434.92,0.25
2025-06-17,435.22,0.07
2025-06-18,435.26,0.01
2025-06-19,433.14,-0.49
2025-06-20,433.09,-0.01
2025-06-23,434.97,0.43
2025-06-24,437.96,0.69
2025-06-25,441.46,0.8
2025-06-26,441.18,-0.06
2025-06-27,442.11,0.21
2025-06-30,443.65,0.35
2025-07-01,445.78,0.48
2025-07-02,444.34,-0.32
2025-07-03,446.81,0.56
2025-07-04,447.46,0.14
2025-07-07,446.59,-0.19
2025-07-08,450.01,0.76
2025-07-09,448.89,-0.25
2025-07-10,450.71,0.4
2025-07-11,450.85,0.03
2025-07-14,448.94,-0.42
2025-07-15,447.32,-0.36
2025-07-16,449.04,0.38
2025-07-17,452.81,0.84
2025-07-18,453.86,0.23
2025-07-21,457.41,0.78
2025-07-22,459.59,0.48
2025-07-23,459.42,-0.04
2025-07-24,463.04,0.79
2025-07-25,463.57,0.11
2025-07-28,460.34,-0.69
2025-07-29,461.0,0.14
2025-07-30,460.63,-0.08
2025-07-31,456.39,-0.92
2025-08-01,457.23,0.18
2025-08-04,461.34,0.9
2025-08-05,465.12,0.82
2025-08-06,467.84,0.58
2025-08-07,467.39,-0.1
2025-08-08,467.77,0.08
2025-08-11,470.91,0.67
2025-08-12,469.73,-0.25
2025-08-13,472.93,0.68
2025-08-14,471.01,-0.41
2025-08-15,475.25,0.9
2025-08-18,479.62,0.92
2025-08-19,480.39,0.16
2025-08-20,482.1,0.36
2025-08-21,484.13,0.42
2025-08-22,488.72,0.95
2025-08-25,490.98,0.46
2025-08-26,490.76,-0.04
2025-08-27,476.94,-2.82
2025-08-28,477.84,0.19
2025-08-29,476.11,-0.36
2025-09-01,472.67,-0.72
2025-09-02,468.53,-0.88
2025-09-03,469.74,0.26
2025-09-04,468.84,-0.19
2025-09-05,479.0,2.17
2025-09-08,482.04,0.63
2025-09-09,477.41,-0.96
2025-09-10,474.4,-0.63
2025-09-11,480.25,1.23
2025-09-12,481.04,0.16
2025-09-15,477.57,-0.72
2025-09-16,476.73,-0.18
2025-09-17,479.44,0.57
2025-09-18,476.2,-0.67
2025-09-19,473.61,-0.54
2025-09-22,471.59,-0.43
2025-09-23,470.73,-0.18
2025-09-24,476.83,1.29
2025-09-25,479.01,0.46
2025-09-26,478.05,-0.2
2025-09-29,482.19,0.86
2025-09-30,485.49,0.69
2025-10-09,487.81,0.48
2025-10-10,485.62,-0.45
2025-10-13,483.6,-0.42
2025-10-14,479.83,-0.78
2025-10-15,482.17,0.49
2025-10-16,478.72,-0.72
2025-10-17,474.22,-0.94
2025-10-20,474.51,0.06
2025-10-21,479.2,0.99
2025-10-22,477.31,-0.39
2025-10-23,477.97,0.14
2025-10-24,481.2,0.68
2025-10-27,485.18,0.83
2025-10-28,484.03,-0.24
2025-10-29,488.66,0.95
2025-10-30,484.44,-0.86
2025-10-31,484.98,0.11
2025-11-03,485.91,0.19
2025-11-04,482.64,-0.67
2025-11-05,486.21,0.74
2025-11-06,488.77,0.53
2025-11-07,489.14,0.08
2025-11-10,491.91,0.56
2025-11-11,491.1,-0.16
2025-11-12,489.02,-0.42
2025-11-13,494.59,1.14
2025-11-14,491.71,-0.58
2025-11-17,490.74,-0.19
2025-11-18,488.05,-0.55
2025-11-19,489.21,0.24
2025-11-20,488.06,-0.23
2025-11-21,482.94,-1.05
2025-11-24,484.0,0.22
2025-11-25,485.08,0.22
2025-11-26,480.94,-0.85
2025-11-27,478.37,-0.53
2025-11-28,481.63,0.68
2025-12-01,482.09,0.1
2025-12-02,479.58,-0.52
2025-12-03,478.57,-0.21
2025-12-04,477.5,-0.22
2025-12-05,482.0,0.94
2025-12-08,483.93,0.4
2025-12-09,480.96,-0.61
2025-12-10,483.09,0.44
2025-12-11,481.3,-0.37
2025-12-12,482.97,0.35
2025-12-15,482.09,-0.18
2025-12-16,478.64,-0.72
2025-12-17,483.16,0.94
2025-12-18,483.43,0.06
2025-12-19,485.28,0.38
2025-12-22,487.96,0.55
2025-12-23,486.93,-0.21
2025-12-24,490.38,0.71
2025-12-25,493.46,0.63
2025-12-26,493.25,-0.04
2025-12-29,491.14,-0.43
2025-12-30,491.83,0.14
2025-12-31,491.9,0.01
2026-01-05,499.01,1.44
2026-01-06,505.77,1.36
2026-01-07,507.28,0.3
2026-01-08,509.26,0.39
2026-01-09,513.79,0.89
2026-01-12,520.82,1.37
2026-01-13,515.07,-1.1
2026-01-14,515.87,0.16
2026-01-15,516.9,0.2
2026-01-16,519.31,0.47
2026-01-19,521.65,0.45
2026-01-20,518.29,-0.64
2026-01-21,522.95,0.9
2026-01-22,527.73,0.92
2026-01-23,534.48,1.28
2026-01-26,528.14,-1.19
2026-01-27,528.95,0.15
2026-01-28,533.46,0.85
2026-01-29,529.72,-0.7
2026-01-30,520.54,-1.73
2026-02-02,508.12,-2.39
2026-02-03,521.46,2.63
2026-02-04,521.27,-0.04
2026-02-05,516.89,-0.84
2026-02-06,520.79,0.75
2026-02-09,527.31,1.25
2026-02-10,526.09,-0.23
2026-02-11,526.36,0.05
2026-02-12,528.73,0.45
2026-02-13,526.44,-0.44
2026-02-24,530.76,0.82
2026-02-25,531.41,0.12
2026-02-26,525.93,-1.03
2026-02-27,525.2,-0.14
2026-03-02,524.3,-0.17
2026-03-03,514.82,-1.81
2026-03-04,513.63,-0.23
2026-03-05,512.98,-0.13
2026-03-06,514.32,0.26
2026-03-09,512.77,-0.3
2026-03-10,517.68,0.96
2026-03-11,519.47,0.35
2026-03-12,513.99,-1.05
2026-03-13,508.67,-1.04
2026-03-16,506.83,-0.36
2026-03-17,499.07,-1.53
2026-03-18,503.77,0.94
2026-03-19,495.5,-1.64
2026-03-20,492.62,-0.58
2026-03-23,487.87,-0.97
2026-03-24,498.53,2.19
2026-03-25,503.65,1.03
2026-03-26,496.71,-1.38
2026-03-27,498.94,0.45
2026-03-30,494.31,-0.93
2026-03-31,486.28,-1.63
2026-04-01,495.49,1.89
2026-04-02,490.36,-1.04
2026-04-03,491.07,0.15
2026-04-07,492.94,0.38
2026-04-08,507.4,2.93
2026-04-09,506.38,-0.2
2026-04-10,504.86,-0.3
2026-04-13,502.65,-0.44
2026-04-14,507.35,0.94
2026-04-15,507.61,0.05
2026-04-16,514.68,1.39
2026-04-17,515.79,0.22
2026-04-20,516.28,0.09
2026-04-21,514.44,-0.36
2026-04-22,518.1,0.71
2026-04-23,515.83,-0.44
2026-04-24,514.03,-0.35
2026-04-27,515.81,0.35
2026-04-28,512.19,-0.7
2026-04-29,516.48,0.84
2026-04-30,516.08,-0.08
2026-05-06,522.17,1.18
2026-05-07,523.75,0.3
2026-05-08,523.66,-0.02
2026-05-11,525.23,0.3
2026-05-12,518.73,-1.24
2026-05-13,520.88,0.41
2026-05-14,512.8,-1.55
2026-05-15,508.79,-0.78
2026-05-18,508.12,-0.13
2026-05-19,516.29,1.61
2026-05-20,514.64,-0.32
2026-05-21,508.43,-1.21
2026-05-22,509.42,0.2
2026-05-25,509.87,0.09
2026-05-26,507.99,-0.37
2026-05-27,503.85,-0.82
2026-05-28,508.57,0.94
2026-05-29,503.4,-1.02
2026-06-01,506.34,0.58
2026-06-02,508.35,0.4
2026-06-03,506.28,-0.41
2026-06-04,503.69,-0.51
2026-06-05,502.0,-0.34
2026-06-08,497.21,-0.96
2026-06-09,502.56,1.08
2026-06-10,497.34,-1.04
2026-06-11,498.74,0.28
2026-06-12,503.34,0.92
2026-06-15,511.05,1.53
2026-06-16,513.63,0.51
2026-06-17,512.13,-0.29
2026-06-18,507.64,-0.88
2026-06-22,507.27,-0.07
2026-06-23,503.15,-0.81
2026-06-24,504.45,0.26
2026-06-25,500.97,-0.69
2026-06-26,497.2,-0.75
2026-06-29,497.85,0.13
2026-06-30,504.27,1.29
2026-07-01,507.04,0.55
2026-07-02,504.63,-0.48
2026-07-03,506.91,0.45
2026-07-06,507.12,0.04
2026-07-07,502.24,-0.96
2026-07-08,500.44,-0.36
2026-07-09,503.21,0.55
2026-07-10,500.55,-0.53
2026-07-13,494.57,-1.19
2026-07-14,500.29,1.16
2026-07-15,498.87,-0.28
2026-07-16,496.64,-0.45
2026-07-17,492.88,-0.76
2026-07-20,492.63,-0.05
2026-07-21,499.47,1.39
2026-07-22,497.62,-0.37
2026-07-23,498.32,0.14
2026-07-24,494.79,-0.71
2026-07-27,500.81,1.22
2026-07-28,494.5,-1.26
2026-07-29,498.43,0.79
2026-07-30,496.18,-0.45
2026-07-31,499.68,0.71
2026-08-03,497.92,-0.35
