date,159232,515100,159941,513500,159952
2013-12-06,,,,0.00019999999999997797,
2013-12-13,,,,0.00029994001199762366,
2013-12-20,,,,0.0023988005997002126,
2013-12-27,,,,0.002093927609931212,
2013-12-31,,,,0.0009950248756220859,
2014-01-03,,,,-0.001093439363817228,
2014-01-08,,,,0.001492685839387109,
2014-01-14,,,,0.0003974562798092496,
2014-01-16,,,,0.0004966229638461161,
2014-01-17,,,,-0.0009927529038024074,
2014-01-22,,,,0.0029812183245554458,
2014-01-23,,,,-0.006737342712771377,
2014-01-28,,,,-0.01795511221945123,
2014-01-29,,,,-0.00944641950228553,
2014-01-30,,,,0.007075471698113178,
2014-02-07,,,,0.006211180124223503,
2014-02-10,,,,0.0029346286176887837,
2014-02-11,,,,0.011603269094945023,
2014-02-12,,,,0.0006981847197289337,
2014-02-18,,,,0.011761188079338014,
2014-02-20,,,,0.000591074770958766,
2014-02-24,,,,0.004725804863640715,
2014-02-27,,,,0.004311611954924022,
2014-02-28,,,,0.002731973851107572,
2014-03-04,,,,0.008076286854140191,
2014-03-05,,,,0.0004826254826253429,
2014-03-06,,,,0.0017366136034733248,
2014-03-07,,,,-0.0001926225561013073,
2014-03-10,,,,0.0012522878335421428,
2014-03-19,,,,-0.008081585530113733,
2014-03-20,,,,0.008244422890397951,
2014-03-24,,,,-0.008080808080808244,
2014-03-25,,,,0.004170303559305699,
2014-03-26,,,,-0.006953834266950065,
2014-03-27,,,,-0.0012643454580821833,
2014-03-28,,,,0.005063784204888622,
2014-03-31,,,,0.008235636081775022,
2014-04-02,,,,0.00932154526234874,
2014-04-03,,,,-0.0005712653527563116,
2014-04-08,,,,-0.019243593407640258,
2014-04-09,,,,0.01029626032054387,
2014-04-10,,,,-0.020382655513892955,
2014-04-11,,,,-0.009520070664441826,
2014-04-14,,,,0.008521601268331347,
2014-04-15,,,,0.007467085871487589,
2014-04-16,,,,0.010337429295884437,
2014-04-17,,,,0.0013513513513514486,
2014-04-18,,,,0.0,
2014-04-21,,,,0.003373819163292602,
2014-04-24,,,,0.0036506869055625835,
2014-04-25,,,,-0.008232028333492791,
2014-04-29,,,,0.007528230865746499,
2014-04-30,,,,0.0033528115719896334,
2014-05-05,,,,-9.547450830649229e-05,
2014-05-07,,,,-0.0031509596104266624,
2014-05-08,,,,-0.0009578544061303873,
2014-05-09,,,,0.0019175455417066445,
2014-05-12,,,,0.010334928229665197,
2014-05-13,,,,0.0007577192650123354,
2014-05-14,,,,-0.004258943781942026,
2014-05-15,,,,-0.009504799923961582,
2014-05-16,,,,0.0032626427406199365,
2014-05-19,,,,0.0039215686274509665,
2014-05-20,,,,-0.006764481707317138,
2014-05-21,,,,0.008633093525179936,
2014-05-22,,,,0.0026628625772704417,
2014-05-23,,,,0.004552783837617369,
2014-05-27,,,,0.00594844679444817,
2014-05-28,,,,-0.0008447531443588341,
2014-05-29,,,,0.005542508219821496,
2014-05-30,,,,0.0016816143497757619,
2014-06-03,,,,0.0005595970900951208,
2014-06-04,,,,0.0017710663683818684,
2014-06-05,,,,0.0067925932818462265,
2014-06-06,,,,0.0034195933456562244,
2014-06-09,,,,-0.0013815971262780558,
2014-06-10,,,,-0.0007378712414685129,
2014-06-11,,,,-0.0025844563411481225,
2014-06-12,,,,-0.00675550620025922,
2014-06-13,,,,0.0028882884561634015,
2014-06-16,,,,0.0013006317354145036,
2014-06-17,,,,0.0013917238819816102,
2014-06-18,,,,0.008153432780505954,
2014-06-19,,,,0.0009190331770976279,
2014-06-20,,,,0.001560921862088005,
2014-06-23,,,,0.0002750275027503246,
2014-06-24,,,,-0.006415543946475921,
2014-06-25,,,,0.004796605479199245,
2014-06-26,,,,-0.0016524373450840235,
2014-06-27,,,,0.0019310344827585535,
2014-06-30,,,,-0.0017437591776798822,
2014-07-01,,,,0.006435598050933189,
2014-07-02,,,,0.00018269845619811598,
2014-07-03,,,,0.0062106128413552675,
2014-07-07,,,,-0.002723064355087512,
2014-07-08,,,,-0.007190315827796501,
2014-07-09,,,,0.003667033370003736,
2014-07-10,,,,-0.0061198392400437784,
2014-07-11,,,,0.00202187298961487,
2014-07-14,,,,0.00486104741814164,
2014-07-15,,,,-0.00191675794085433,
2014-07-16,,,,0.004938271604938427,
2014-07-17,,,,-0.011193011193011193,
2014-07-18,,,,0.010123320449107132,
2014-07-21,,,,-0.0027332361516033687,
2014-07-22,,,,0.004933308971313721,
2014-07-23,,,,0.002272727272727204,
2014-07-24,,,,0.00045351473922905505,
2014-07-25,,,,-0.00453309156844961,
2014-07-28,,,,0.000637522768670129,
2014-07-29,,,,-0.004732866114499079,
2014-07-30,,,,0.0007315957933242689,
2014-07-31,,,,-0.019555880471534337,
2014-08-01,,,,-0.002889365271693478,
2014-08-04,,,,0.006823705365488708,
2014-08-05,,,,-0.00974839847739295,
2014-08-06,,,,0.0006562910181886483,
2014-08-07,,,,-0.005434273400168443,
2014-08-08,,,,0.009703250117757856,
2014-08-11,,,,0.002332524724762086,
2014-08-12,,,,-0.0015824257656148477,
2014-08-13,,,,0.007178817825843842,
2014-08-14,,,,0.004535777098953808,
2014-08-15,,,,-9.214891264286429e-05,
2014-08-18,,,,0.008294166436273231,
2014-08-19,,,,0.00548395941870039,
2014-08-20,,,,0.0029997272975181843,
2014-08-21,,,,0.0038064165307232223,
2014-08-22,,,,-0.002076561935716814,
2014-08-25,,,,0.005247444132814749,
2014-08-26,,,,0.0012600126001260925,
2014-08-27,,,,0.0,
2014-08-28,,,,-0.0017977528089887507,
2014-08-29,,,,0.003511931562359294,
2014-09-02,,,,-8.973438621673324e-05,
2014-09-03,,,,-0.00035896975679816645,
2014-09-04,,,,-0.001975042642966107,
2014-09-05,,,,0.00557704416659166,
2014-09-09,,,,-0.012344574648895046,
2014-09-10,,,,0.002173716148899496,
2014-09-11,,,,0.0015363759602349258,
2014-09-12,,,,-0.00577513084280834,
2014-09-15,,,,-0.0009983663096749806,
2014-09-16,,,,0.00763150722267647,
2014-09-17,,,,0.001081958344603784,
2014-09-18,,,,0.005584076375754199,
2014-09-19,,,,-0.0009852216748769127,
2014-09-22,,,,-0.007710238479469167,
2014-09-23,,,,-0.005963136971449123,
2014-09-24,,,,0.007725868023995552,
2014-09-25,,,,-0.015513664652295533,
2014-09-26,,,,0.008795235913880095,
2014-09-29,,,,-0.002088820270638392,
2014-09-30,,,,-0.0029122679286495146,
2014-10-08,,,,-0.0020993063161737213,
2014-10-09,,,,-0.021128692947955607,
2014-10-10,,,,-0.011399738366660417,
2014-10-13,,,,-0.016918714555765657,
2014-10-14,,,,0.0011537352177672933,
2014-10-15,,,,-0.00787477191971575,
2014-10-16,,,,-0.0006775723550478396,
2014-10-17,,,,0.013173188686555592,
2014-10-20,,,,0.009560229445506607,
2014-10-21,,,,0.0191287878787878,
2014-10-22,,,,-0.006783125813045965,
2014-10-23,,,,0.012536252221910349,
2014-10-24,,,,0.007114478425575221,
2014-10-27,,,,-0.0018348623853211565,
2014-10-28,,,,0.011488970588235281,
2014-10-29,,,,-0.0017264879600181748,
2014-10-30,,,,0.007281995266703145,
2014-10-31,,,,0.011747695644315881,
2014-11-03,,,,0.00080385852090048,
2014-11-04,,,,-0.0025881302989737565,
2014-11-05,,,,0.005368647100930657,
2014-11-06,,,,0.005072979708081293,
2014-11-07,,,,0.0009740547241654518,
2014-11-10,,,,-0.00044232130219401533,
2014-11-11,,,,0.0012390477033366043,
2014-11-12,,,,-0.0001767877662866013,
2014-11-13,,,,0.0002652285385906783,
2014-11-14,,,,0.0,
2014-11-17,,,,0.0008838607035532853,
2014-11-18,,,,0.005563405157188228,
2014-11-19,,,,-0.001932027750944032,
2014-11-20,,,,0.002287725472943203,
2014-11-21,,,,0.004740584672109582,
2014-11-24,,,,0.0033202271734382727,
2014-11-25,,,,-0.0014804493599234192,
2014-11-26,,,,0.0023547880690737433,
2014-11-28,,,,-0.002610284521012751,
2014-12-01,,,,-0.006542789845590202,
2014-12-02,,,,0.005795574288725014,
2014-12-03,,,,0.004714510214772094,
2014-12-04,,,,-0.0006082725060828631,
2014-12-05,,,,0.001130336492479067,
2014-12-08,,,,-0.008598228243877015,
2014-12-09,,,,-0.0008760402978535975,
2014-12-10,,,,-0.01709776413853581,
2014-12-11,,,,0.003925066904549412,
2014-12-12,,,,-0.015727741247556493,
2014-12-15,,,,-0.0064096777105713265,
2014-12-16,,,,-0.00808649827366903,
2014-12-17,,,,0.019694055143354428,
2014-12-18,,,,0.02515271289974841,
2014-12-19,,,,0.004731861198738141,
2014-12-22,,,,0.003924646781789498,
2014-12-23,,,,0.0020849622100598264,
2014-12-24,,,,8.669267446892448e-05,
2014-12-26,,,,0.002253814147018085,
2014-12-29,,,,0.0019027849852968348,
2014-12-30,,,,-0.0044889502762431865,
2014-12-31,,,,-0.01092611862643078,
2015-01-05,,,,-0.017622304050499693,
2015-01-06,,,,-0.008924587237840287,
2015-01-07,,,,0.012066636650157392,
2015-01-08,,,,0.018418008719637058,
2015-01-09,,,,-0.008736676568233404,
2015-01-12,,,,-0.009254362771020541,
2015-01-13,,,,-0.0031136019927052727,
2015-01-14,,,,-0.0055327503123326904,
2015-01-15,,,,-0.009601579325197562,
2015-01-16,,,,0.01322823230950454,
2015-01-20,,,,0.0024143789680763916,
2015-01-21,,,,0.005530776092774303,
2015-01-22,,,,0.014815471965933247,
2015-01-23,,,,-0.004021330535885936,
2015-01-26,,,,0.0032476081804617696,
2015-01-27,,,,-0.013385826771653675,
2015-01-28,,,,-0.015074931276048531,
2015-01-29,,,,0.010713964166741752,
2015-01-30,,,,-0.012649207197577006,
2015-02-02,,,,0.013262360158787345,
2015-02-03,,,,0.01406820407799847,
2015-02-04,,,,-0.004829221178330068,
2015-02-05,,,,0.01129345332627496,
2015-02-06,,,,-0.004623974873495085,
2015-02-09,,,,-0.0036813042334998825,
2015-02-10,,,,0.010380927245535299,
2015-02-11,,,,0.0006094906399651823,
2015-02-12,,,,0.010093978419770222,
2015-02-13,,,,0.00344589937973816,
2015-02-16,,,,0.0,
2015-02-17,,,,0.0022321428571427937,
2015-02-25,,,,0.007452458454685562,
2015-02-26,,,,-0.0013604285349884115,
2015-02-27,,,,-0.0015325670498084198,
2015-03-02,,,,0.006651317472499363,
2015-03-03,,,,-0.004066073697585937,
2015-03-04,,,,-0.004593008420515465,
2015-03-05,,,,0.0012817226352217492,
2015-03-06,,,,-0.013910223587642934,
2015-03-09,,,,0.004413673734314338,
2015-03-10,,,,-0.01654316732724459,
2015-03-11,,,,-0.0014017872787804864,
2015-03-12,,,,0.013160203544481552,
2015-03-13,,,,-0.006581226186352707,
2015-03-16,,,,0.013859832635983338,
2015-03-17,,,,-0.0037829937236694144,
2015-03-18,,,,0.01165098817640442,
2015-03-19,,,,-0.006483535232895243,
2015-03-20,,,,0.009531169500257564,
2015-03-23,,,,-0.002551671344730666,
2015-03-24,,,,-0.006821864074358364,
2015-03-25,,,,-0.01425259723533967,
2015-03-26,,,,-0.0029614145109310153,
2015-03-27,,,,0.002882851402113973,
2015-03-30,,,,0.012282229965156821,
2015-03-31,,,,-0.008346958093107149,
2015-04-01,,,,-0.0035577924331828825,
2015-04-02,,,,0.002873813463380559,
2015-04-07,,,,0.002865578325807583,
2015-04-08,,,,0.0038964412503246226,
2015-04-09,,,,0.004312575470070801,
2015-04-10,,,,0.005668155273101938,
2015-04-13,,,,-0.0038428693424422677,
2015-04-14,,,,0.0018859837119589162,
2015-04-15,,,,0.0039359972619148476,
2015-04-16,,,,-0.0010227563283048413,
2015-04-17,,,,-0.01194437334698406,
2015-04-20,,,,0.008807529574302642,
2015-04-21,,,,-0.0002567833604382175,
2015-04-22,,,,0.005136986301369939,
2015-04-23,,,,0.002385008517887588,
2015-04-24,,,,0.00152957171991841,
2015-04-27,,,,-0.004581707110130728,
2015-04-28,,,,0.0027275826798498493,
2015-04-29,,,,-0.0045052703162188346,
2015-04-30,,,,-0.010502945948253739,
2015-05-04,,,,0.014584052468070263,
2015-05-05,,,,-0.011482521051288663,
2015-05-06,,,,-0.004560316640853435,
2015-05-07,,,,0.0032846399861699016,
2015-05-08,,,,0.013870939950030081,
2015-05-11,,,,-0.005268524813052289,
2015-05-12,,,,-0.0024773620365625693,
2015-05-13,,,,-0.0005994690417058246,
2015-05-14,,,,0.010368466152527844,
2015-05-15,,,,0.0006784835891782137,
2015-05-18,,,,0.0028816001356046783,
2015-05-19,,,,-8.450942280058271e-05,
2015-05-20,,,,-0.0004225828262338638,
2015-05-21,,,,0.002621121163439488,
2015-05-22,,,,-0.0023612750885477762,
2015-05-26,,,,-0.00879120879120876,
2015-05-27,,,,0.009636704758655856,
2015-05-28,,,,-0.001013599121547304,
2015-05-29,,,,-0.006425974465206763,
2015-06-01,,,,0.002297676793464376,
2015-06-02,,,,-0.0007641365257258226,
2015-06-03,,,,0.0019542866853599072,
2015-06-04,,,,-0.008480325644504738,
2015-06-05,,,,-0.0012829284981183964,
2015-06-08,,,,-0.0054808598098826655,
2015-06-09,,,,0.0,
2015-06-10,,,,0.011969344699905404,
2015-06-11,,,,0.0017869298842749792,
2015-06-12,,,0.0,-0.006795209377388978,
2015-06-15,,,,-0.004618147609681045,
2015-06-16,,,,0.005498754188504096,
2015-06-17,,,,0.0018798598649920617,
2015-06-18,,,,0.00946695095948824,
2015-06-19,,,-0.0004999999999999449,-0.005745184183845842,
2015-06-23,,,,0.006968048946295102,
2015-06-24,,,,-0.00666666666666671,
2015-06-25,,,,-0.0028884546767480312,
2015-06-26,,,-0.00420210105052532,-0.0004260032376245393,
2015-06-29,,,,-0.02045687009887487,
2015-06-30,,,-0.003918416557821769,0.002175426383571155,
2015-07-01,,,,0.007293566032821053,
2015-07-02,,,,-8.619946556331914e-05,
2015-07-06,,,,-0.003620689655172371,
2015-07-07,,,,0.005796850666205389,
2015-07-08,,,,-0.016172043010752812,
2015-07-09,,,-0.0023199515836190843,0.0017487103261344394,
2015-07-10,,,0.002931958345971042,0.012394169503360475,
2015-07-13,,,0.00594758064516121,0.014052935597896443,
2015-07-14,,,0.003206734141697698,0.00484611460635942,
2015-07-15,,,0.0005993407252022909,8.460952703281954e-05,
2015-07-16,,,0.009583707696915189,0.008121827411167626,
2015-07-17,,,0.008800553742707384,0.0013427324605572721,
2015-07-20,,,0.004116839835326402,0.0010895072075089995,
2015-07-21,,,-0.002245216712221776,-0.00418585182084541,
2015-07-22,,,-0.009783778495254913,-0.0028583438419504947,
2015-07-23,,,-0.00019760893192366513,-0.005564454936345942,
2015-07-24,,,-0.015515367131139435,-0.010767274268757898,
2015-07-27,,,-0.010238907849829393,-0.005913609873157477,
2015-07-28,,,0.005780933062880411,0.011983791706181579,
2015-07-29,,,0.0018150650398305324,0.007411824842392445,
2015-07-30,,,0.006542526421741357,0.0003382663847779632,
2015-07-31,,,-0.0028000000000000247,-0.0021979879956041115,
2015-08-03,,,-0.0029081427998395304,-0.0029653477929338923,
2015-08-04,,,-0.006235542592778809,-0.00220938137321558,
2015-08-05,,,0.009614411496812192,0.003662067790836554,
2015-08-06,,,-0.01543704891740183,-0.007551972846839283,
2015-08-07,,,-0.0016289961311340972,-0.0029924760601915956,
2015-08-10,,,0.010809708341831481,0.012520367035417257,
2015-08-11,,,-0.006355932203389814,0.008384856441094213,
2015-08-12,,,0.010356381358513467,0.016882244246598344,
2015-08-13,,,-0.0006029544769369233,0.00966383084166167,
2015-08-14,,,0.0031171442936148708,0.0033540575916231052,
2015-08-17,,,0.007317562149157908,0.0051365674684060725,
2015-08-18,,,-0.0048761070753308156,-0.0025146009085008636,
2015-08-19,,,-0.009399999999999964,-0.008376026673172277,
2015-08-20,,,-0.032303654350898436,-0.02206002952271624,
2015-08-21,,,-0.03870227414980176,-0.032033542976939056,
2015-08-24,,,-0.04655453065653814,-0.04002425712553059,
2015-08-25,,,0.007625768267698563,-0.010648858406281048,
2015-08-26,,,0.043262171015475026,0.039770135911702864,
2015-08-27,,,0.026743178865309636,0.024826739187647995,
2015-08-28,,,0.0,-0.000856017805170306,
2015-08-31,,,-0.015290519877675934,-0.009766963673749185,
2015-09-01,,,-0.028057399871492805,-0.031320297629347627,
2015-09-02,,,0.022587042750110253,0.01616648803143983,
2015-09-07,,,-0.016269798513091294,,
2015-09-08,,,0.025848849945235397,0.010723389294190033,
2015-09-09,,,-0.01035660901131763,-0.013827289329506942,
2015-09-10,,,0.011435969360233056,0.007319223985890799,
2015-09-11,,,0.005973333333333386,0.003939420467477861,
2015-09-14,,,-0.0037111653059060945,-0.004272758981513913,
2015-09-15,,,0.011387824606215347,0.01208512128907957,
2015-09-16,,,0.007787014626959854,0.009344985722938626,
2015-09-17,,,-0.0032369217917928017,-0.0032576082297470776,
2015-09-18,,,-0.012570710245128902,-0.01685731487055997,
2015-09-21,,,-0.0005304476978569284,0.005511328842620955,
2015-09-22,,,-0.016028022502919015,-0.011658256481642648,
2015-09-23,,,-0.00010787486515650979,-0.001320422535211141,
2015-09-24,,,-0.0035602546121480394,-0.0030850594975760925,
2015-09-25,,,-0.008336942399306935,-0.0005305039787797394,
2015-09-28,,,-0.03209957418932208,-0.026185421089879757,
2015-09-29,,,-0.006091370558375608,0.0001816860465115866,
2015-09-30,,,0.022925888094427416,0.018256130790190728,
2015-10-08,,,0.03949850216354145,0.04691820533404689,
2015-10-09,,,0.004376134059131065,0.0005964045326745104,
2015-10-12,,,0.0012752391073327374,-0.0001702997275205842,
2015-10-13,,,-0.009658246656760738,-0.009538409129620118,
2015-10-14,,,0.0013932054442180597,-0.001977644024075631,
2015-10-15,,,0.016267123287671215,0.014904798828293098,
2015-10-16,,,0.00516006739679864,0.005008488964346469,
2015-10-19,,,0.006600314300680976,0.001604865275783407,
2015-10-20,,,-0.0040591174021649135,-0.00016866250632485702,
2015-10-21,,,-0.007837809593478906,-0.00792847503373828,
2015-10-22,,,0.02074994733515889,0.01717395000850197,
2015-10-23,,,0.028376844494892195,0.01237044466733539,
2015-10-26,,,0.0004013646397751369,-0.0027245706737121234,
2015-10-27,,,0.0008024072216650247,-0.0033943207219140348,
2015-10-28,,,0.009019843656043136,0.012543611895663886,
2015-10-29,,,-0.0008939213349223873,0.0004922471080481827,
2015-10-30,,,-0.006461874937866652,-0.006396063960639631,
2015-11-02,,,0.005803482089253631,0.006354708261120834,
2015-11-03,,,0.005769996020692281,0.005166475315729002,
2015-11-04,,,0.0004945598417409602,-0.002773925104022301,
2015-11-05,,,-0.0020761245674740803,-0.0004090648776895467,
2015-11-06,,,0.0020804438280166426,0.0009821574725814575,
2015-11-09,,,-0.009095402867029256,-0.007931316434995894,
2015-11-10,,,-0.0027935747780104547,0.002142916014176155,
2015-11-11,,,-0.0005002501250626068,-0.003125257011267424,
2015-11-12,,,-0.009509509509509462,-0.01369523966669417,
2015-11-13,,,-0.017887822132390152,-0.010790464240903352,
2015-11-16,,,0.014920765589627516,0.01640453238626738,
2015-11-17,,,0.0003041670891210657,-0.0011647254575707366,
2015-11-18,,,0.019663490776403725,0.01690821256038655,
2015-11-19,,,0.00029821073558644606,-0.0011466950610206084,
2015-11-20,,,0.0063599324257179735,0.0037720377203771527,
2015-11-23,,,-0.001184951120766109,0.0,
2015-11-24,,,-0.0006920415224914711,0.0015521607711788121,
2015-11-25,,,0.0003957261574991655,-0.0002446982055465119,
2015-11-26,,,0.00029667721518977785,,
2015-11-27,,,0.001977261492832394,0.0013053765195398803,
2015-11-30,,,-0.0027627035027134594,-0.003992503870284492,
2015-12-01,,,0.01068566340160304,0.01088023560209428,
2015-12-02,,,-0.006852667645619315,-0.010844056000647417,
2015-12-03,,,-0.017052735337604763,-0.013990018816984251,
2015-12-04,,,0.02125952667468911,0.01833720544307993,
2015-12-07,,,-0.002749410840534039,-0.004888780249327818,
2015-12-08,,,0.0017723513194172202,-0.005158437730287346,
2015-12-09,,,-0.01454688421466499,-0.00683127572016462,
2015-12-10,,,0.005884699780570601,0.0038120493909008513,
2015-12-11,,,-0.020922161626177438,-0.01741930157681837,
2015-12-14,,,0.009216123151711608,0.0067215594017813185,
2015-12-15,,,0.0068238835925740204,0.011684192956100903,
2015-12-16,,,0.015449018239808376,0.015508991915525572,
2015-12-17,,,-0.01226933647428341,-0.013078797725426528,
2015-12-18,,,-0.017390440226572546,-0.016873816775043404,
2015-12-21,,,0.008899676375404564,0.007032819825854242,
2015-12-22,,,0.00611467522052922,0.008895909544396341,
2015-12-23,,,0.007372720932549592,0.01203131437989291,
2015-12-24,,,0.0,-0.0012213989088837307,
2015-12-25,,,-0.0007912174859066035,,
2015-12-28,,,9.898050084133914e-05,-0.002364258927115559,
2015-12-29,,,0.016923990498812547,0.012503064476587555,
2015-12-30,,,-0.008175182481751975,-0.006698950766747536,
2015-12-31,,,-0.012363850456284853,-0.008775493621516195,
2016-01-04,,,-0.019970193740685427,-0.01360767276006225,
2016-01-05,,,-0.0014193025141930882,0.003989030167040664,
2016-01-06,,,-0.006802030456852792,-0.010677924012912787,
2016-01-07,,,-0.027292241643667503,-0.018992637215528685,
2016-01-08,,,-0.007986548970155605,-0.011002132196162195,
2016-01-11,,,0.0025423728813560587,0.000603656433252997,
2016-01-12,,,0.011728655959425183,0.007670430061190947,
2016-01-13,,,-0.03519582245430819,-0.02446117003079029,
2016-01-14,,,0.021866204806235023,0.01648255304225832,
2016-01-15,,,-0.03103813559322033,-0.021131619803346546,
2016-01-18,,,-0.0009839291571006603,,
2016-01-19,,,0.0017509301816589495,-0.00035245396070138213,
2016-01-20,,,-0.003604981428883547,-0.011723226090789018,
2016-01-21,,,0.002192742023900962,0.005173028897609733,
2016-01-22,,,0.02833388031943973,0.01996450754214729,
2016-01-25,,,-0.015531914893616938,-0.0159199652022618,
2016-01-26,,,0.008320726172466042,0.013879066478076352,
2016-01-27,,,-0.02518486764548289,-0.01098613654198266,
2016-01-28,,,0.014401934916446812,0.0053777660230980295,
2016-01-29,,,0.021892272678010194,0.02446509996492452,
2016-02-01,,,0.0018029483508326116,-0.00017118890695877464,
2016-02-02,,,-0.02233749735337709,-0.01891961304682821,
2016-02-03,,,-0.0043313481321061165,0.005235602094240788,
2016-02-04,,,-0.002283849918433889,0.0,
2016-02-05,,,-0.035753215609330646,-0.019704861111111027,
2016-02-15,,,-0.005539226769161187,,
2016-02-16,,,0.022280322837330946,0.006021429203931783,
2016-02-17,,,0.02501945957967311,0.018220227092685448,
2016-02-18,,,-0.012475591234541117,-0.005878284923928168,
2016-02-19,,,0.0038448863012192636,0.0005217391304348507,
2016-02-22,,,0.015758371634931212,0.013905788284373388,
2016-02-23,,,-0.015298427063132891,-0.010714897994171246,
2016-02-24,,,0.009409190371991283,0.005025561043237259,
2016-02-25,,,0.009429872100585435,0.011725148719717193,
2016-02-26,,,-0.0010737678513905724,-0.0016190881976991811,
2016-02-29,,,-0.0060195635816403525,-0.006316148856264969,
2016-03-01,,,0.03060452038498962,0.022848307850884986,
2016-03-02,,,0.0017838405036727512,0.00562646960026858,
2016-03-03,,,-0.003247093327746975,0.0023382045929019046,
2016-03-04,,,-0.0005254308532998131,0.001416312588519597,
2016-03-07,,,-0.008831878877089694,-0.0017470881863560495,
2016-03-08,,,-0.009971358862840729,-0.01208434036169681,
2016-03-09,,,0.0077145612343296754,0.0060738991057871505,
2016-03-10,,,-0.0012759170653907637,0.0005031024652020211,
2016-03-11,,,0.013520706909400548,0.013074086490110659,
2016-03-14,,,0.0015756302521008347,-0.0011581733951026019,
2016-03-15,,,0.0025170424750917686,0.0006625807520290738,
2016-03-16,,,0.010252118422429124,0.007035259063068899,
2016-03-17,,,-0.0037278657968313755,0.0033697706912141356,
2016-03-18,,,-0.002494543186778886,-0.0007372214941023802,
2016-03-21,,,0.006251953735542326,0.004016722682187224,
2016-03-22,,,0.005074039556798304,0.0014696276943173547,
2016-03-23,,,-0.008654440552235743,-0.006929724441545715,
2016-03-24,,,0.004053211390563138,0.0027912322469421103,
2016-03-25,,,0.001035089535244893,,
2016-03-28,,,-0.0014476269258607566,0.0016373311502251298,
2016-03-29,,,0.013254633944289163,0.006293420514916326,
2016-03-30,,,0.0018395503321408935,0.001137102014294955,
2016-03-31,,,-0.004998469856166365,-0.005597923089404433,
2016-04-01,,,0.010354726266147196,0.005955780370400676,
2016-04-05,,,-0.012075088787417587,-0.012003244120032508,
2016-04-06,,,0.017769104354971255,0.01214907240190466,
2016-04-07,,,-0.015743263699667054,-0.012733171127331744,
2016-04-08,,,0.00030759766225774143,0.003121662696130789,
2016-04-11,,,-0.00522755227552274,-0.004094668741298935,
2016-04-12,,,0.008037094281298174,0.009127538853712869,
2016-04-13,,,0.012368394153122741,0.009778357235984414,
2016-04-14,,,0.004543618739903055,0.004841833440929699,
2016-04-15,,,-0.002211277515328125,-0.000722775457757896,
2016-04-18,,,0.0029213256774454077,0.004500522382062222,
2016-04-19,,,-0.0075331458417035035,0.0017601408112648542,
2016-04-20,,,-0.0013156563100900076,-0.0010382557303730833,
2016-04-21,,,0.003648155654641272,-0.0018388231531819565,
2016-04-22,,,-0.013630856219709164,0.0015218261914298203,
2016-04-25,,,0.0032756679291636726,0.001519513755598112,
2016-04-26,,,-0.008774614835220795,-0.0017567675477121458,
2016-04-27,,,-0.009161091096242968,0.0009599232061436869,
2016-04-28,,,-0.009972989819239664,-0.007352353552305679,
2016-04-29,,,-0.010598111227702045,-0.01070767249013771,
2016-05-03,,,-0.0005302789267154218,-0.0013834635416665186,
2016-05-04,,,-0.0008488964346350381,0.0,
2016-05-05,,,0.001699235344095218,0.002689267378371607,
2016-05-06,,,0.00455894826123826,0.004388816644993465,
2016-05-09,,,-0.0014775725593667577,-0.0008091924259590044,
2016-05-10,,,0.017122925694958324,0.014334305150631721,
2016-05-11,,,-0.010703522809934585,-0.00942115768463081,
2016-05-12,,,-0.008718487394957952,-0.003949383412589547,
2016-05-13,,,0.0010596587898696885,-0.004045962129794578,
2016-05-16,,,0.014078543452948011,0.011212219694507697,
2016-05-17,,,-0.015031315240083498,-0.011248593925759276,
2016-05-18,,,0.0036032217041117587,0.00048756704046826194,
2016-05-19,,,-0.0008447729672649285,0.001137102014294955,
2016-05-20,,,0.010462904248573102,0.005760181729677294,
2016-05-23,,,-0.0029285639577448785,-0.002984593046704842,
2016-05-24,,,0.020979754536871953,0.013754045307443397,
2016-05-25,,,0.010685297441693109,0.010295291300878029,
2016-05-26,,,0.0005082850462538868,-0.002132869894936329,
2016-05-27,,,0.004673846779110091,0.0034040531982266753,
2016-05-30,,,0.004348705501618033,,
2016-05-31,,,0.0026180646460578494,0.0033925049309664335,
2016-06-01,,,0.0007030229988951309,0.002830633747444633,
2016-06-02,,,-0.0008028904054595554,-0.0001568135486907929,
2016-06-03,,,-0.0036159100040177306,-0.0013331242158091117,
2016-06-06,,,-0.0014112903225805828,0.0003140950137416887,
2016-06-07,,,-0.000504744599232887,0.0030614647931548333,
2016-06-08,,,0.0012119987880012673,0.003052120832681249,
2016-06-13,,,-0.019469383637647497,-0.015604275571506565,
2016-06-14,,,0.0004115226337448874,-0.0019814535943567524,
2016-06-15,,,-0.0005141916906623578,0.0013500635324013022,
2016-06-16,,,-0.0007202387076860051,-0.0007137758743753775,
2016-06-17,,,-0.01091433278418441,-0.0025396825396826195,
2016-06-20,,,0.004580470539246262,0.00445576066199882,
2016-06-21,,,0.0022797927461140066,0.001821926489226744,
2016-06-22,,,0.002171215880893307,0.0024511741915078655,
2016-06-23,,,0.010110388940472337,0.009228584950307761,
2016-06-24,,,-0.03901542232662647,-0.03438843298163352,
2016-06-27,,,-0.011159528111382655,-0.009388911371914221,
2016-06-28,,,0.023430782459157307,0.02042650543345048,
2016-06-29,,,0.014072673808023461,0.01409240131315559,
2016-06-30,,,0.012220381110190637,0.013185945519147202,
2016-07-01,,,0.0075711070186208485,0.00483167082294278,
2016-07-04,,,-0.0005077173030056947,,
2016-07-05,,,-0.003860611602153674,-0.005428881650380135,
2016-07-06,,,0.011830698623151337,0.009435433562071216,
2016-07-07,,,0.002620703558109172,-0.0013132483584396004,
2016-07-08,,,0.016185784658691027,0.015547648514851575,
2016-07-11,,,0.00583696082311036,0.003199025059029692,
2016-07-12,,,0.006688305301465691,0.008579454862956526,
2016-07-13,,,-0.003517342452369343,-0.0006775067750678376,
2016-07-14,,,0.006275125012256133,0.004519774011299438,
2016-07-15,,,-0.002143622722400873,-0.0015748031496063408,
2016-07-18,,,0.008885850991114053,0.004656752290821631,
2016-07-19,,,-0.003581107239643666,-0.001270933014353881,
2016-07-20,,,0.011461874696454322,0.003967362826558851,
2016-07-21,,,-0.0035532507442618266,-0.004771846107962996,
2016-07-22,,,0.001252891287586655,0.0014983518130056162,
2016-07-25,,,0.0029839253056118675,-0.0002992220227407971,
2016-07-26,,,-0.00019193857965449368,-0.0008979347500749357,
2016-07-27,,,0.006047225955077673,-0.002771120431396046,
2016-07-28,,,0.002576090067741621,0.0005257228689448112,
2016-07-29,,,0.0,0.00037531902116794136,
2016-08-01,,,0.0020936429387132804,-0.004952352367374457,
2016-08-02,,,-0.005223171889838452,-0.0036950456225022243,
2016-08-03,,,-0.0003818615751791654,-0.0005298213745079661,
2016-08-04,,,0.006207621048610612,0.004165088981446408,
2016-08-05,,,0.008921791951404634,0.0079939668174962,
2016-08-08,,,0.001693320790216335,0.002169684273529704,
2016-08-09,,,0.002817430503381013,7.465472191126032e-05,
2016-08-10,,,-0.004120621839295957,-0.0035085100029859095,
2016-08-11,,,0.0010344179048336066,0.0006742078058281642,
2016-08-12,,,0.005166744950681146,0.003518490792034701,
2016-08-15,,,0.00411214953271033,0.0011189854531892252,
2016-08-16,,,-0.007911392405063222,-0.007153502235469511,
2016-08-17,,,-0.0018763486255746198,-0.0016511558090663847,
2016-08-18,,,0.0057336215809755675,0.005412719891745521,
2016-08-19,,,-0.002803738317757154,-0.002317930312546679,
2016-08-22,,,0.007310215557638333,0.005920707487071963,
2016-08-23,,,0.0014886490509862238,0.0009685590821038037,
2016-08-24,,,-0.011241174284652544,-0.007592110160029808,
2016-08-25,,,0.0012214601146294246,0.0013500337508438598,
2016-08-26,,,0.0007507507507507061,-0.0032956332858961046,
2016-08-29,,,0.006845461365341476,0.01067107537386347,
2016-08-30,,,-0.003818571295520101,-0.0025280690014127805,
2016-08-31,,,0.0016828721017201342,-0.0008199776369735012,
2016-09-01,,,0.0009333582228860937,-0.0019397194867203371,
2016-09-02,,,0.0029839612085040823,0.003363731499476774,
2016-09-05,,,0.00195239866121244,,
2016-09-06,,,0.002505335436577827,0.0015644788795350362,
2016-09-07,,,-0.0014809329877822908,-0.0017108003570365238,
2016-09-08,,,-0.004449388209121219,-0.0011176514417704508,
2016-09-09,,,-0.02486033519553088,-0.023496941667909943,
2016-09-12,,,0.02129284827652067,0.018104040944160182,
2016-09-13,,,-0.01178010471204205,-0.017181872749099547,
2016-09-14,,,0.008230842005676697,0.0017558592258950512,
2016-09-19,,,0.008632823496293351,0.0048773052888277935,
2016-09-20,,,-0.0014885105591218029,-0.0026543303503716587,
2016-09-21,,,0.012671200968974228,0.012926773629381882,
2016-09-22,,,0.004140215291195126,0.002927708130020301,
2016-09-23,,,-0.0043980208905991525,-0.0034431137724552086,
2016-09-26,,,-0.007178354500276152,-0.007510890791647906,
2016-09-27,,,0.009269558769002595,0.004994702588164257,
2016-09-28,,,0.0017450404114620621,0.005948795180722888,
2016-09-29,,,-0.007701476116255601,-0.008907852384160475,
2016-09-30,,,0.009424374018294435,0.00898791540785493,
2016-10-10,,,0.009336384439359247,0.0014971180477580948,
2016-10-11,,,-0.014872585472023192,-0.011062112265490809,
2016-10-12,,,0.0013808340237504435,0.003401103469125477,
2016-10-13,,,-0.0036771465342894105,-0.0025610123531183415,
2016-10-14,,,9.226794611549849e-05,-0.0018124150430448571,
2016-10-17,,,-0.0006458160346897168,0.000151308821304319,
2016-10-18,,,0.008031757754800806,0.004916792738275388,
2016-10-19,,,-9.158347834048453e-05,0.0024087316522394264,
2016-10-20,,,-0.001465469866275937,-0.0015018397536983308,
2016-10-21,,,0.007521555677857172,0.003459426938407173,
2016-10-24,,,0.014202476329206126,0.0065952184666115965,
2016-10-25,,,-0.002962298025134702,-0.0030526394162757597,
2016-10-26,,,-0.006842531736742652,-0.0023151605675876263,
2016-10-27,,,-0.005439216752787579,-0.0026199565835766103,
2016-10-28,,,-0.005104366055965759,-0.0012008405884119666,
2016-10-31,,,-0.005863490609253286,-0.00345656747820855,
2016-11-01,,,-0.006082388719933607,-0.005504448801085915,
2016-11-02,,,-0.01121928604543343,-0.00879520812798551,
2016-11-03,,,-0.011159039759940037,-0.005125066931844224,
2016-11-04,,,-0.0035087719298245723,-0.001307089035829656,
2016-11-07,,,0.027788351732013883,0.02525213642312729,
2016-11-08,,,0.007870370370370416,0.0054817151009987075,
2016-11-09,,,0.004777216352778835,0.01135175504107555,
2016-11-10,,,-0.017829386486239218,0.0028799291094372403,
2016-11-11,,,0.004468441630981035,0.0018408070097930551,
2016-11-14,,,-0.008433734939758963,0.0024254005585770955,
2016-11-15,,,0.01663706888494243,0.010704597111225178,
2016-11-16,,,0.00707915785602653,0.0,
2016-11-17,,,0.009129085265656478,0.006166122597025758,
2016-11-18,,,-0.0028044146915142676,-0.0007209805335256503,
2016-11-21,,,0.013154313707702148,0.009956709956709942,
2016-11-22,,,0.00035816618911166387,-0.0006429489927132215,
2016-11-23,,,-0.0025957751521660244,0.0025734505683037145,
2016-11-25,,,0.006910167818361401,0.007629233511586397,
2016-11-28,,,-0.004367201426025091,-0.007005377865836437,
2016-11-29,,,0.000626622504699581,-0.0007126060001424461,
2016-11-30,,,-0.01324029343353006,-0.0028524566783142413,
2016-12-01,,,-0.014868540344514902,-0.0021454623471358625,
2016-12-02,,,-0.001196392416712766,-0.0020067369024582282,
2016-12-05,,,0.009029761356307064,0.0068940754039497065,
2016-12-06,,,-0.0015523696466076542,-0.0009271806575849029,
2016-12-07,,,0.016462410828608,0.016633352370074128,
2016-12-08,,,0.0002699298182471388,0.0012639561828522439,
2016-12-09,,,0.01088423135738048,0.009397573462374798,
2016-12-12,,,-0.004271222637479921,0.0003473910928923907,
2016-12-13,,,0.012153708668454,0.00451451590498686,
2016-12-14,,,-0.001854140914709479,-0.0067067689967501565,
2016-12-15,,,0.0045997346306942966,0.007587359042182884,
2016-12-16,,,-0.0021132341287311007,0.0013126079447323136,
2016-12-19,,,0.0033530397952881152,-0.0008969228646337202,
2016-12-20,,,0.004748922698091684,0.006007872384503843,
2016-12-21,,,-0.0014004376367615645,-0.002127951674903983,
2016-12-22,,,-0.004119554737487929,-0.0025452294145972276,
2016-12-23,,,0.0018482661503256281,0.0016551724137929824,
2016-12-27,,,0.0050074672757618455,0.0019966951253098664,
2016-12-28,,,-0.007954545454545325,-0.007696007696007756,
2016-12-29,,,-0.0015860428231562196,-0.00034623641022091256,
2016-12-30,,,-0.013679286912011368,-0.0063729564976447994,
2016-12-31,,,-8.947745168219612e-05,-6.971556051305061e-05,
2017-01-03,,,0.011633109619686888,0.009551697692254058,
2017-01-04,,,0.006015037593984918,0.006077348066298338,
2017-01-05,,,0.002549898883320356,-0.00377539813289407,
2017-01-06,,,-0.0005262234695668777,-0.005581203059326079,
2017-01-09,,,0.012109512109512055,0.004711751662971109,
2017-01-10,,,0.0016473036240680639,-0.00048275862068958286,
2017-01-11,,,0.0030295161429931827,0.002897950734837451,
2017-01-12,,,-0.0032792544011046587,-0.0034399724802202103,
2017-01-13,,,0.00043290043290045155,-0.0011045909561614442,
2017-01-16,,,,-0.0005529062132836327,
2017-01-17,,,-0.0022501081782777543,-0.0015213332411313507,
2017-01-18,,,-0.0044236273744471255,-0.004293926172172613,
2017-01-19,,,-0.00034849276877502167,-0.0028517771440494943,
2017-01-20,,,0.0040962175352972086,0.0048828125,
2017-01-23,,,-0.0013887683360818137,-0.0042343467999444995,
2017-01-24,,,0.0035636679704476038,0.003206692227256891,
2017-01-25,,,0.014030833188983127,0.011465499270377322,
2017-01-26,,,0.0008541168431841495,-0.0007557021159659838,
2017-02-03,,,0.0002560163850486852,-0.00013750429700931655,
2017-02-06,,,0.0017916560020476702,-0.0017190400880148227,
2017-02-07,,,0.003662067790836554,6.88800110208998e-05,
2017-02-08,,,0.005685193042002545,0.004476892347957895,
2017-02-09,,,0.0015187310158624179,0.003908392759188084,
2017-02-10,,,0.004465037910699188,0.005190902260774566,
2017-02-13,,,0.0071290782521178375,0.006523068560168488,
2017-02-14,,,0.0019153897401731346,0.0029028555998109606,
2017-02-15,,,0.003574100241043876,0.0026252019386105996,
2017-02-16,,,-0.0005797581580254674,-0.0009399127223901349,
2017-02-17,,,0.0022375072511808813,-0.000873597204488985,
2017-02-21,,,0.00959153299156612,0.010559591068065588,
2017-02-22,,,0.0009009009009008917,-0.00033277870216297245,
2017-02-23,,,-0.005809671876278455,-0.0014647137150466394,
2017-02-24,,,0.001481481481481417,0.0010668089078544885,
2017-02-27,,,0.0031229454306376248,0.0033968296256825514,
2017-02-28,,,-0.004260199901687578,-0.003518088284102161,
2017-03-01,,,0.012423893368438188,0.014455102584598922,
2017-03-02,,,-0.0051198699715562235,-0.005581456431807741,
2017-03-03,,,0.0031857539617710096,0.0016508188061277185,
2017-03-06,,,-0.0042341828841298,-0.004812446436811779,
2017-03-07,,,0.0005724098454493731,-0.0005299417064124068,
2017-03-08,,,0.0027786858450473684,-0.0009278897136796305,
2017-03-09,,,0.002037489812550808,0.0021228605545973167,
2017-03-10,,,0.004066693777958541,0.0030451476234609753,
2017-03-13,,,-0.0004050222762251865,-0.0013199577613516311,
2017-03-14,,,-0.00048622366288486596,-0.0015860428231563306,
2017-03-15,,,0.006323982487433044,0.008207572147206799,
2017-03-16,,,-0.004431195617144779,-0.005186449579831942,
2017-03-17,,,-0.0006474063283967713,-0.0011878835874084004,
2017-03-20,,,0.0025913029395092657,-0.00033036009250098086,
2017-03-21,,,-0.014134561020919256,-0.011169861202908082,
2017-03-22,,,0.0038505652957563363,-0.0008689258739389416,
2017-03-23,,,-0.0028564433200033434,-0.001538667380251546,
2017-03-24,,,0.0016369291209690218,-0.0008710217755443228,
2017-03-27,,,-0.0004902761889197249,-0.0032188841201717944,
2017-03-28,,,0.007357750163505372,0.008275026910656624,
2017-03-29,,,0.006411296867391725,0.0032695002335358936,
2017-03-30,,,0.0012095798725910711,0.0025272678903964785,
2017-03-31,,,0.0008859536082472808,-0.0007960727079741048,
2017-04-05,,,-0.004586786835116929,-0.005311379630859148,
2017-04-06,,,0.0008084074373482242,0.002469630222934116,
2017-04-07,,,-0.0001615508885298711,-0.0005326586323989302,
2017-04-10,,,0.0016965584100823161,0.0019319165944973182,
2017-04-11,,,-0.005564964916525472,-0.0025265957446808374,
2017-04-12,,,-0.004379562043795637,-0.004066124516731051,
2017-04-13,,,-0.008553274682306933,-0.010909577672177262,
2017-04-17,,,0.010188152164982256,0.010353227771010998,
2017-04-18,,,-0.00048800325335496275,-0.0019422677650526854,
2017-04-19,,,-0.0012206037920091672,-0.004294725540195943,
2017-04-20,,,0.01002118298843091,0.009367839331446248,
2017-04-21,,,8.066467693801371e-05,-0.0025372237430727473,
2017-04-24,,,0.009920954992740816,0.00850123836936878,
2017-04-25,,,0.009743630700423278,0.008363201911589124,
2017-04-26,,,-0.0013446175749426414,-0.000329120589784182,
2017-04-27,,,0.006573736733723967,0.0013827615723973619,
2017-04-28,,,0.0024392163034070435,-0.0014466070489216332,9.999999999998899e-05
2017-05-02,,,0.011224489795918391,0.0030949558804163058,
2017-05-03,,,-0.004346813630365598,-0.002035055471673375,
2017-05-04,,,0.0013253293833319635,0.001578739639521043,
2017-05-05,,,0.002569293055123101,0.0030211480362536403,0.00019998000199983323
2017-05-08,,,0.003106313582356135,0.0008512310110004861,
2017-05-09,,,0.004722458775257454,0.0003271180896302628,
2017-05-10,,,0.0008475882262288792,0.0018312622629170772,
2017-05-11,,,-0.001154823312033093,-0.002089045567306491,
2017-05-12,,,0.0007707723138583589,-0.0030092895459897795,0.000299910026991812
2017-05-15,,,0.0016173752310535416,0.0033464566929133355,
2017-05-16,,,0.003075740099961477,-0.0014387548230985203,
2017-05-17,,,-0.027596780375622854,-0.019975112973999565,
2017-05-18,,,0.007962160031533383,0.003274525527933836,0.007195682590445784
2017-05-19,,,0.007117159393086325,0.009258642509824888,-0.006152014288549279
2017-05-22,,,0.006678574202065635,0.0034318901795140633,-0.006190095846645427
2017-05-23,,,0.0004628558204118338,0.0016443041304918804,-0.014366083986337097
2017-05-24,,,0.006091448839540492,0.003874187405607632,0.008561818367138985
2017-05-25,,,0.0075873697118331584,0.003597592883307188,0.0006063668519453724
2017-05-26,,,0.0018255115235414898,0.00045623411327633256,-0.005655994344005544
2017-05-31,,,-0.0012147900690911984,-0.002540716612377869,0.00192991366175721
2017-06-01,,,-0.003116685670847552,-0.00026125008164057384,-0.01743714517437156
2017-06-02,,,0.010980631386304784,0.0033318089762854886,0.008873297565002103
2017-06-05,,,-0.0027907678382863566,-0.003255632243781781,0.007772550623849517
2017-06-06,,,-0.0037818621889419424,-0.002743663443950828,0.0028414856910898845
2017-06-07,,,0.0024295801381823967,0.0005240403511070912,0.016899413074276337
2017-06-08,,,0.0021964704991288553,0.001374885426214556,-0.002587322121604063
2017-06-09,,,-0.024259371221281745,-0.0002615233736515954,0.0007981642222889551
2017-06-12,,,-0.00650608008674769,-0.0013079589300896144,-0.010766623467251657
2017-06-13,,,0.007796055196070739,0.00471481893785608,0.010480701400785941
2017-06-14,,,-0.004641448131817105,-0.0012383497360359819,-0.002393537448887928
2017-06-15,,,-0.005984300924846586,-0.0033281127642912356,0.012996101169649332
2017-06-16,,,-0.0014855355746676846,0.0022916257447782584,-0.003059311161551448
2017-06-19,,,0.0157387831806437,0.007904363731382258,0.003266679865373323
2017-06-20,,,-0.006321307431390699,-0.004796163069544224,0.002170695609274853
2017-06-21,,,0.011481768813033533,0.000846629762292217,0.0008860884119326062
2017-06-22,,,-0.0006135910415708823,-0.00045549193128568977,-0.012689356679126407
2017-06-23,,,0.004758250191864821,0.0020831977084825315,0.004782305469761772
2017-06-26,,,-0.005041246562786372,0.0,0.007238472979672839
2017-06-27,,,-0.017810532780592525,-0.006951211589683592,-0.0005906674542232038
2017-06-28,,,0.011177114272315158,0.005429805050372938,-0.00610717100078817
2017-06-29,,,-0.019633609028368304,-0.010215368599127972,0.0036669970267591
2017-06-30,,,-0.0038634392493889225,-0.0013804890875626086,0.0020736644613410515
2017-07-03,,,-0.009023270539813222,0.0026989664933185775,0.010445407962160091
2017-07-04,,,,,-0.003315779208113989
2017-07-05,,,0.011980830670926368,0.003676470588235281,0.00391389432485334
2017-07-06,,,-0.00891870560378838,-0.008568812140240634,0.0013645224171541237
2017-07-07,,,0.010113880703989775,0.005805898264828135,-0.0017519953280125122
2017-07-10,,,0.007410911384421404,0.0015742866513610565,-0.01735569422776917
2017-07-11,,,0.0031303803412114917,-0.00045844521579663233,-0.010319507838857045
2017-07-12,,,0.010610079575596787,0.005634910234569412,0.001704431521957206
2017-07-13,,,0.0014667284236526967,0.0009121709669013267,-0.004203783405064554
2017-07-14,,,0.007477067756108902,0.00416612420257767,-0.01819278319429085
2017-07-17,,,-0.0032134659525631104,-0.0031764553351484315,-0.05026617526617527
2017-07-18,,,0.007599017500767635,0.001300643818690217,0.006683194998382991
2017-07-19,,,0.0036565856631369797,0.0030525427031238284,0.010172395331405903
2017-07-20,,,0.000986717267552173,6.475006475015199e-05,0.002331990672037376
2017-07-21,,,-0.0007582650894751852,-0.0011006798316607336,0.0008460236886633776
2017-07-24,,,0.0031112460160873656,-0.0011667098781436014,-0.0019019442096365191
2017-07-25,,,-0.0006051894999622442,0.003958468526930492,0.0011645140800338183
2017-07-26,,,0.0039361138445235255,0.0008402818175943239,-0.003595220471608318
2017-07-27,,,-0.009273919927618168,-0.004133298889175907,0.0353390639923592
2017-07-28,,,-0.0003805175038052999,-0.00045395590142682796,-0.004817548175481745
2017-07-31,,,-0.006395127521888089,-0.002141049763186853,0.00133896384797616
2017-08-01,,,0.0003064899241438379,0.0004551365409621866,0.002982925324007457
2017-08-02,,,0.004212945231711895,0.001494768310911887,-0.009229822582299207
2017-08-03,,,-0.0037376048817695517,-0.0018818948734586893,0.004864920815650597
2017-08-04,,,0.00015312763188113365,0.0006501527859046341,-0.007416563658838027
2017-08-07,,,0.007425553088876935,0.0029887596647393266,0.007368202573682092
2017-08-08,,,-0.002431610942249307,-0.002979853598497173,0.01668898732873192
2017-08-09,,,-0.0028184034125533497,-0.0018842180495094452,0.001722565609484361
2017-08-10,,,-0.026965090520204682,-0.018682463220934697,-0.006372648189358787
2017-08-11,,,0.0058093892290782545,-0.0005970149253732293,-0.007024330652550037
2017-08-14,,,0.01264439587886379,0.00935882118677811,0.027988517531269075
2017-08-15,,,0.0017727763218744474,0.000986387847701664,0.0021940759948140265
2017-08-16,,,0.003077633299992222,0.002956247536460399,0.014130759279530336
2017-08-17,,,-0.02262790519291258,-0.016375188314665556,0.004710038269061023
2017-08-18,,,-0.0003924030764400621,-0.0013318239328761194,-0.0065436077741966026
2017-08-21,,,-0.001570228468242174,0.0005334400213374835,0.003932363350373613
2017-08-22,,,0.013839742077533801,0.008263912029323528,-0.00763807285546414
2017-08-23,,,-0.003490266035833356,-0.002908321766144417,-0.003749753305703596
2017-08-24,,,-0.004592154420921535,-0.003646005966191579,-0.006339144215530834
2017-08-25,,,-0.0014856517319571383,0.0025282767797738526,0.00976874003189776
2017-08-28,,,-0.0007047768206733807,-0.0029200955667639805,0.015695952615992104
2017-08-29,,,0.003369641877595697,6.656017039397e-05,-0.00612304402760222
2017-08-30,,,0.009450171821305808,0.0018635607321131342,0.004204967729317444
2017-08-31,,,0.008355899419729251,0.004318076131003767,0.005842827928717487
2017-09-01,,,-0.001764751016649968,0.0005291705252017387,0.009487849743440746
2017-09-04,,,,,0.01054953486141752
2017-09-05,,,-0.01783243658724054,-0.01560227422980287,0.0016133624371261757
2017-09-06,,,0.002191266238847911,0.0022162525184685755,0.009001326511275387
2017-09-07,,,0.001639856317351196,-0.0006701065469408851,-0.006291670579397057
2017-09-08,,,-0.012551648865673948,-0.005029169181251292,-0.002457002457002422
2017-09-11,,,0.010974261803252894,0.010109179134654145,0.005589238347859071
2017-09-12,,,0.006950409996095308,0.007672804910595188,-0.005934997644842399
2017-09-13,,,0.0029471071816347116,0.0023836323909156576,0.0021796815769523636
2017-09-14,,,-0.0049489638107020895,0.000396327366404714,-0.004633569739952881
2017-09-15,,,0.0024090767796083323,0.001320567844173004,-0.0017100513015391172
2017-09-18,,,-0.0013179316226064053,0.0013188262446421906,0.009992386752950111
2017-09-19,,,0.0034156186927496446,0.0027658873888705138,-0.007161028926787716
2017-09-20,,,-0.00100572489555939,0.002758258356866161,0.006927968112365734
2017-09-21,,,-0.0037946255711297505,-6.549217368523319e-05,-0.010367577756833057
2017-09-22,,,-0.0006996268656715987,0.0005239717055280924,-0.0029523809523810396
2017-09-25,,,-0.010501750291715295,-0.00091647028017805,-0.01165345305186738
2017-09-26,,,0.004481132075471628,0.002031188572926279,-0.0022228665313617224
2017-09-27,,,0.011661579400485289,0.005754266657947982,0.008330104610615896
2017-09-28,,,0.0006189076280365136,0.0027306417007997297,-0.00019212295869353024
2017-09-29,,,0.009587134683779253,0.004927705375089131,0.007205995388162911
2017-10-09,,,0.015469444018992196,0.012129814826763008,0.012496422779738614
2017-10-10,,,-0.00226244343891413,-0.0009562057754829434,0.01488599962313919
2017-10-11,,,-0.003854875283446635,-0.004849412965798772,-0.008262161158559156
2017-10-12,,,-0.00250398361028914,-0.002051808155937529,-0.0008424599831509116
2017-10-13,,,0.004792332268370503,0.001734772552043129,0.013678096308787913
2017-10-16,,,0.0029525323642971557,0.0012827913539863456,-0.022273567467652522
2017-10-17,,,0.001887077294685957,0.0012811479085259592,-0.0029303336799320068
2017-10-18,,,0.00015068183530475565,0.002367091037041691,-0.00455062571103515
2017-10-19,,,-0.002485875706214613,0.0018509063058465003,-0.0029523809523810396
2017-10-20,,,0.0031717263253285832,0.005160221698413681,0.009552010698252067
2017-10-23,,,-0.0057211683227943455,-0.0024084167828621883,0.009840098400983877
2017-10-24,,,0.003179890975166577,0.0026048284625159734,0.0014991099034948885
2017-10-25,,,-0.0034716981132074665,-0.0038654077688359267,0.005987463747778143
2017-10-26,,,-0.0031051196607089215,0.000699745547073638,-0.0012089649400166547
2017-10-27,,,0.03426270607004467,0.010679549933252819,-0.007355679702048423
2017-10-30,,,0.0025708829146466883,-0.0030819548399271257,-0.021104962011068373
2017-10-31,,,0.002197963220748722,-0.0003785488958990557,0.007665772326561848
2017-11-01,,,-0.0019007237371152508,0.00012623074981066296,0.001521491061239777
2017-11-02,,,-0.003735442759832952,-0.0013252555850056247,-0.013292821876186856
2017-11-03,,,0.008160564622849531,0.0013270142180095146,-0.0074095458044648455
2017-11-06,,,0.005760956756362567,0.0037864445285875625,0.009403780901599434
2017-11-07,,,0.0004350348027841733,-0.0006915629322269412,0.004802151363811014
2017-11-08,,,0.005145673285983587,0.002264863164517239,0.0040145287707895605
2017-11-09,,,-0.004975124378109541,-0.0028246814387044017,0.009710586443259617
2017-11-10,,,-0.000942028985507104,-0.0012589701624071692,0.008768621534980259
2017-11-13,,,0.0019583665772102687,0.0018278078910878293,0.0029909337321243346
2017-11-14,,,-0.0028956131460836643,-0.001446995910663662,-0.0049389618861241935
2017-11-15,,,-0.007623057935240318,-0.007308467741935498,-0.014703127926578019
2017-11-16,,,0.01411954056624487,0.008822036049758841,0.005512783955897715
2017-11-17,,,-0.004328379743182786,-0.0028310789556463822,-0.022970034974950315
2017-11-20,,,-0.0012317055499203589,0.0011987381703471023,0.01393188854489158
2017-11-21,,,0.01291258614435975,0.007750960993131217,-0.0016221374045801706
2017-11-22,,,0.00035808923583746655,-0.0016883441720859649,-0.0018159227754945828
2017-11-23,,,,,-0.030926847950976666
2017-11-24,,,-0.0033648339060711185,-0.005136235515189491,-0.006718703685406502
2017-11-27,,,7.183391997722666e-05,0.0005666435811872983,-0.01203620809708561
2017-11-28,,,0.0035914380117798572,0.010948905109489093,0.01842529198550147
2017-11-29,,,-0.017606641855138827,0.0008714054525085224,-0.0034602076124568004
2017-11-30,,,0.009616785662246663,0.008830845771144347,-0.009523809523809601
2017-12-01,,,-0.004185308125270626,-0.0015411170016028652,0.019230769230769384
2017-12-04,,,-0.012173913043478257,-0.0004939186269061757,-0.0038325471698112956
2017-12-05,,,0.0003667840375587428,-0.0037679906109086003,-0.021406727828746197
2017-12-06,,,0.005206423700227392,0.0006200396825395416,0.014415322580645151
2017-12-07,,,0.004377006127808558,0.0035320361878796724,-0.003974957766073706
2017-12-08,,,0.004866356769320124,0.005742513121333781,0.008181183278459514
2017-12-11,,,0.007300325262016516,0.0019646365422396617,0.013458683819891126
2017-12-12,,,-0.001793915040183669,0.001654411764705932,-0.01025290498974707
2017-12-13,,,0.0032348501186112433,0.0008564262555821323,0.004143646408839796
2017-12-14,,,-0.004084264832330153,-0.007273394046818704,-0.006288072312831572
2017-12-15,,,0.014029786315562287,0.010158847432582219,-0.005734625271900384
2017-12-18,,,0.008443309209592798,0.005973060279149234,-0.001889419252187774
2017-12-19,,,-0.007880109758671705,-0.004180551348076378,0.009963136395337191
2017-12-20,,,-0.0022693425998154826,-0.0012168410805548646,-0.008681069349906423
2017-12-21,,,-0.00355391285805684,-0.0019493177387913674,0.004279032739576305
2017-12-22,,,-0.0012839717526214045,-6.103515625e-05,-0.005449861276258461
2017-12-25,,,,,-0.012952077313938437
2017-12-26,,,-0.012356260267123664,-0.006897393639748617,0.0018168971434340264
2017-12-27,,,-0.00021695111368236208,0.0007990165949600669,-0.007556675062972307
2017-12-28,,,0.0002893309222422591,0.0016581710986918186,0.00010152284263953426
2017-12-29,,,-0.010051341384048063,-0.006069895769466593,0.0043650390823266605
2017-12-31,,,-0.00021913805697582056,-6.168650916038576e-05,-0.00020214271275520446
2018-01-02,,,0.01636589464455329,0.004133251079580402,0.008289526890416399
2018-01-03,,,0.009776435914024884,0.004054801253302376,0.014237016242229839
2018-01-04,,,0.003986616359364925,0.005996451079973042,-0.0004942665085013731
2018-01-05,,,0.010352407289229149,0.005048354722948956,0.003857185243793637
2018-01-08,,,0.002666853814302872,0.0003631082062454105,0.0025615763546800174
2018-01-09,,,0.0020998110170082906,0.003569267997580061,-0.0013757861635220747
2018-01-10,,,0.0009778584899071685,0.0024112363614443577,-0.006691596142491596
2018-01-11,,,0.007466331728420927,0.006133862529316136,0.007132950267485505
2018-01-12,,,0.005610195317911071,0.0035263881417728626,-0.010033444816053505
2018-01-15,,,,,-0.028914944356120853
2018-01-16,,,-0.012122046972932066,-0.0119118522930316,-0.0015348408881612485
2018-01-17,,,0.010527783587813033,0.008679927667269327,0.007788481246157053
2018-01-18,,,0.000827928798123212,-0.0005975857535556184,-0.0018303843807200293
2018-01-19,,,0.00027574796635887466,0.0008969146137287609,-0.005195599022004838
2018-01-22,,,0.010613370089593177,0.006989664854531341,0.022734254992319514
2018-01-23,,,0.006819421713038842,0.0005932605600380558,-0.00030039050766006437
2018-01-24,,,-0.008127878623679252,-0.001956599075062293,0.024939903846153966
2018-01-25,,,-0.0033460803059273125,-0.0023762846789044945,-0.0010749535815499645
2018-01-26,,,0.011921891058581657,0.007324480438277936,0.003326159264331885
2018-01-29,,,-0.008192836346401222,-0.009340269567273629,-0.008970358814352708
2018-01-30,,,-0.008055707263790346,-0.010144408640649138,-0.009149940968122605
2018-01-31,,,0.00337233310392282,0.0009645526886905564,-0.025518816403534927
2018-02-01,,,-0.012415117634954398,-0.00529992772825838,-0.021296107601385783
2018-02-02,,,-0.02472565634115853,-0.023734560426253326,0.0028110359187922818
2018-02-05,,,-0.0421592365759863,-0.03932026792359222,-0.007786544850498234
2018-02-06,,,0.030855018587360616,0.018786313750807082,-0.052840849639008036
2018-02-07,,,-0.016949152542372947,-0.008111019580508305,0.011157755192222618
2018-02-08,,,-0.045634629493763734,-0.03801188270619038,0.015404785316289749
2018-02-09,,,0.024446494464944735,0.020852702882188767,-0.029588982139014397
2018-02-12,,,0.015758667266996707,0.01047358834244072,0.03437188158332405
2018-02-13,,,0.008717494089834465,0.006695422648554716,0.00042877050058964805
2018-02-14,,,0.023656071480884666,0.016435377629980152,-0.0009643201542912649
2018-02-22,,,0.016026328969020565,0.003963759909399789,0.018876018876018863
2018-02-23,,,0.020702767410745837,0.015040421131791604,-0.005052631578947309
2018-02-26,,,0.012901000344946567,0.01012533185157749,0.03554803216250524
2018-02-27,,,-0.0175044271897562,-0.016258174928182934,0.007968941561095289
2018-02-28,,,-0.004783362218370835,-0.008760484622553633,0.005676059193188587
2018-03-01,,,-0.015742546670381663,-0.01234800050144158,0.02025801249748027
2018-03-02,,,0.008987968860580287,0.004823253157326901,-0.009779709572261153
2018-03-05,,,0.012555236024409,0.012442367207730731,0.013168395849960213
2018-03-06,,,0.004225547243003502,0.0019338739862757581,0.001083103584088141
2018-03-07,,,0.0011726564116714133,-0.0018678787124090102,-0.006786662732369386
2018-03-08,,,0.005374121537825571,0.0038675067057576396,0.004357298474945592
2018-03-09,,,0.023985745614035103,0.020567948797614033,0.03460855846972977
2018-03-12,,,0.0028777941373310245,-0.003166098392596295,0.013818736300390988
2018-03-13,,,-0.014614614614614663,-0.008062545809919275,-0.004982139499906113
2018-03-14,,,-0.001625355546525764,-0.005788177339901557,-0.01653282947567314
2018-03-15,,,-0.0018993352326684976,-0.0016722408026755842,0.004130643611911511
2018-03-16,,,0.001631099633002453,0.004714932688131945,-0.014732612647086807
2018-03-19,,,-0.020966209797801505,-0.014510651435628241,0.011360326245266616
2018-03-20,,,0.0013167925705177552,0.0002506265664159457,0.011040706605222494
2018-03-21,,,-0.0028377630121816377,0.0005637684790777975,-0.018991548760801447
2018-03-22,,,-0.031234816408690302,-0.02873599198647725,-0.006291743296873431
2018-03-23,,,-0.026008454538941073,-0.01933737269562963,-0.04909409701928702
2018-03-26,,,0.03898778873032227,0.02550282634415657,0.030936283548453236
2018-03-27,,,-0.04141886151231944,-0.022881681835662082,0.03507551669316378
2018-03-28,,,-0.012408597385331399,-0.003279763857002238,-0.0049918402611117685
2018-03-29,,,0.02400717971729871,0.01783481408358001,0.0034732272069464276
2018-03-30,,,,,0.031054706278242472
2018-04-02,,,-0.03213555360794629,-0.026768395189447736,0.000372995151062927
2018-04-03,,,0.012677331723513596,0.01375232527238901,-0.01416853094705428
2018-04-04,,,0.019001490312965608,0.013107018808572013,-0.01853252647503789
2018-04-09,,,-0.012065813528336355,-0.00879746426030148,0.0026011560693641744
2018-04-10,,,0.022945965951147285,0.015858513345950564,-0.002978764293264047
2018-04-11,,,-0.007887120115774193,-0.007901837337787487,-0.0004818812644565851
2018-04-12,,,0.010940121070673214,0.007058214077575453,-0.004146176839263327
2018-04-13,,,-0.003751533078421576,-0.0018647119341562712,-0.0011618900077458028
2018-04-16,,,0.007965819393149332,0.007859305546608297,0.0076580069794494054
2018-04-17,,,0.02047560887994848,0.008756791307126921,-0.029437229437229595
2018-04-18,,,0.003308927062799061,0.0015840831326827676,0.02140945584299736
2018-04-19,,,-0.009332678408532802,-0.005503890681343715,-0.0008733624454148048
2018-04-20,,,-0.016220427822637662,-0.007506361323155186,-0.02029914529914545
2018-04-23,,,-0.0010079919360646006,0.002051019100115292,-0.016357688113413316
2018-04-24,,,-0.020036036036036098,-0.010298068312651898,0.029933481152993435
2018-04-25,,,-0.0011031845259982243,-0.0007109157887933426,0.006849985321459862
2018-04-26,,,0.02724193785893081,0.013840382874143131,-0.020604529108756764
2018-04-27,,,0.000501720183486265,0.0028068384792039325,0.013793787833680682
2018-05-02,,,0.0012178522816821413,-0.008842239185750667,-0.0020555990602975083
2018-05-03,,,0.0016456783056668645,-0.0010910724600474708,0.013437959784207809
2018-05-04,,,0.01714408172012294,0.009509123618606896,-0.006387921022067311
2018-05-07,,,0.009200084275581277,0.004327902240325976,0.02026105591272165
2018-05-08,,,0.0003479471120388933,0.0010773130544994292,0.002291388199350708
2018-05-09,,,0.013773913043478192,0.01063493068304111,-0.0004762811964185154
2018-05-10,,,0.011802648733959975,0.01002192295646731,0.005146288001524946
2018-05-11,,,-0.0050864699898269805,-0.0017364341085271962,-0.016118327486489004
2018-05-14,,,-0.0010224948875255935,-0.00192582468782998,-0.0016382384118724946
2018-05-15,,,-0.010440122824974418,-0.004668243495580815,0.014671814671814554
2018-05-16,,,0.011446697007309492,0.008317178412857285,-0.0059931506849314475
2018-05-17,,,-0.005726752113444311,-0.0016745224510048562,-0.007847640922576282
2018-05-18,,,-0.004456939111354918,-0.0012424675405354746,0.003183177389794567
2018-05-21,,,0.007645154624974282,0.008708092305778514,0.013365384615384723
2018-05-22,,,-0.0024606971975393854,-0.003946475920330483,0.007021539045449998
2018-05-23,,,0.009044812936823243,0.002785860211725444,-0.015735418825968073
2018-05-24,,,6.790710308290926e-05,-0.001358192369428357,-0.0035420256557534557
2018-05-25,,,0.0023765872207510697,-0.00154549950544014,-0.017580939571524623
2018-05-28,,,,,-0.0038138079405437564
2018-05-29,,,-0.0029806259314455463,-0.009163519286731425,-0.012466869539609293
2018-05-30,,,0.010803098247044396,0.015684559145160204,-0.02574552683896625
2018-05-31,,,-0.0025542784163473664,-0.007690414667158807,0.011223344556677839
2018-06-01,,,0.01671271649032957,0.00985801971603939,-0.018464332559782082
2018-06-04,,,0.011002850135878761,0.006446463654223855,-0.004009046052631637
2018-06-05,,,0.002819117550645789,0.0,0.02487356796367024
2018-06-06,,,0.004510983263598334,0.0067101811748917495,-0.0012084592145015227
2018-06-07,,,-0.010348193947282813,-0.0024238017330182604,-0.007057874571486211
2018-06-08,,,0.0009864527160332592,0.004373443479317229,-0.010458976441917067
2018-06-11,,,0.0026279482294198075,0.0019352887813728348,-0.012929707542329472
2018-06-12,,,0.006749230063560763,0.0024747992998128687,0.014138683854870715
2018-06-13,,,0.0,-0.0035525048169556817,-0.014966683751922116
2018-06-14,,,0.008266076542567058,-0.000302133059399301,-0.0072848371318555705
2018-06-15,,,0.001549286682589912,0.004110251450677005,-0.017716741796833912
2018-06-19,,,-0.005607476635514086,-0.007223693715386448,-0.05560298826040555
2018-06-20,,,0.013352346383199265,0.007033713315546919,0.010961690586506867
2018-06-21,,,-0.007931431495458607,-0.004455684007707128,-0.02559803264028604
2018-06-22,,,-0.0014829142488717029,0.003326478771017438,0.017781346793621644
2018-06-25,,,-0.022599599664234415,-0.012478148170474324,-0.006537421100090257
2018-06-26,,,0.008984607253749166,0.006531559028201572,0.016224188790560534
2018-06-27,,,-0.009559353106789903,-0.0029110315968221556,-0.011611030478955064
2018-06-28,,,0.015535135849805037,0.012043063074022253,-0.001468428781204123
2018-06-29,,,0.0045566983465694655,0.003786285233487563,0.03936651583710393
2018-06-30,,,-6.480041472267661e-05,-5.987306909349677e-05,0.0
2018-07-02,,,0.008035772146977038,0.002874079396443463,-0.011210274270787912
2018-07-03,,,-0.00797171327547419,0.0,0.012768299394606553
2018-07-04,,,,,-0.02477991522660583
2018-07-05,,,0.00894303674421626,0.004119648934264752,-0.019948735094171388
2018-07-06,,,0.01849829789967261,0.010762278511118994,0.006140550375255849
2018-07-09,,,0.009774862836602116,0.009765280310606528,0.02667269439421327
2018-07-10,,,-0.0013115163627279713,0.0013981939994174297,0.007265521796565366
2018-07-11,,,-0.00531548996310427,-0.007504799581127597,-0.01803278688524601
2018-07-12,,,0.022884446120960744,0.01611957796014063,0.032164718976071205
2018-07-13,,,0.0011677934849416705,0.0010383616959908082,0.002372223420314734
2018-07-16,,,-0.0026398182822763294,-0.0006915230795828675,-0.0011833046471600994
2018-07-17,,,0.007878862489228089,0.004959344905138163,0.0031233171782445446
2018-07-18,,,-0.0007939416147549894,0.0035003156022264115,-0.008481855271634142
2018-07-19,,,-0.0028115640853249024,-0.0017154620311069513,-0.010720086626962666
2018-07-20,,,0.008581060373889171,0.007904685530988775,0.011821366024518332
2018-07-23,,,0.0020662412640535255,0.0006819731757217173,0.00692340977931627
2018-07-24,,,0.008611801807265396,0.00908677873693775,0.005694026643747296
2018-07-25,,,0.015392940893512064,0.011199909950472708,0.0018160452943061234
2018-07-26,,,-0.01936400781666381,-0.008348639171814942,-0.01556835146086577
2018-07-27,,,-0.010024154589372003,-0.002694056238424003,-0.007149046793760938
2018-07-30,,,-0.011772599731609046,-0.003039000506499967,-0.021492472179794775
2018-07-31,,,0.005123140546879901,0.0053626869884277895,0.0005574757498048033
2018-08-01,,,0.007369196757553542,0.0006737787759685254,-0.01292623133496762
2018-08-02,,,0.008168739331870123,-0.00011222085063400389,-0.020772183337096517
2018-08-03,,,0.008344418914016272,0.0103254769921437,-0.017984782107447472
2018-08-06,,,0.008395298632765558,0.006331926238613672,-0.025945057525240678
2018-08-07,,,0.0023192197906756196,0.0016006181697758581,0.02579245510425454
2018-08-08,,,-0.001245921091664215,-0.0020940100292059505,-0.02103160615673827
2018-08-09,,,-0.00011880717595336154,-0.0012700866972223945,0.03324531925108021
2018-08-10,,,-0.006475760456273849,-0.005695012717018666,0.008944128237890592
2018-08-13,,,0.001674340728338386,-0.0006672968915086841,0.012664057103384696
2018-08-14,,,0.007641334845680747,0.0073451672138444835,-0.008071850841291472
2018-08-15,,,-0.01090111973458141,-0.0052477489918798526,-0.02567335243553015
2018-08-16,,,0.004073075771188872,0.009384717903154316,-0.00976355722856137
2018-08-17,,,-0.00047724154387629447,0.0025306706277163915,-0.020076027559990495
2018-08-20,,,-0.003461653237839424,-0.00010975141304947478,0.0003636804461146781
2018-08-21,,,-0.0017368389531052797,-0.0031282586027111536,0.014905477460009697
2018-08-22,,,0.003239740820734305,-0.0017066725390884052,-0.011701492537313452
2018-08-23,,,-0.00017940437746677418,-0.00027574036287425496,0.010631871451008745
2018-08-24,,,0.015551169328309022,0.011198146513680562,-0.0035863717872086642
2018-08-27,,,0.007656516873785435,0.004746058589275126,0.029034193161367794
2018-08-28,,,-0.004909696650885587,-0.006298186556629393,-0.0005829544129649644
2018-08-29,,,0.013274596182085263,0.006010272101409697,-0.007816145590293866
2018-08-30,,,-0.0016810619674222371,-0.0037475559417770032,-0.01528512639623747
2018-08-31,,,0.0034839159214956616,0.002126151665485576,-0.01552238805970152
2018-09-03,,,,,0.005700424499696766
2018-09-04,,,-0.0052077305867376245,-0.0026112501360027185,0.00795947901591898
2018-09-05,,,-0.013727315030246712,-0.0015817606632485548,-0.01675041876046901
2018-09-06,,,-0.011146496815286566,-0.0040972411909314665,-0.0048673643222195695
2018-09-07,,,-0.003399534800501036,-0.0021941854086670043,0.001956468574223491
2018-09-10,,,0.004548174745661271,0.004343045629466857,-0.023431779350744475
2018-09-11,,,0.009650899559156434,0.005145328151513473,0.0027493126718320937
2018-09-12,,,-0.002183148454094952,0.0011436039862766645,-0.006979062811565351
2018-09-13,,,0.009165631837265487,0.004623585726718948,0.0033885542168674565
2018-09-14,,,-0.0040431266846360225,-0.0014077643619037072,-0.016885553470919246
2018-09-17,,,-0.01323763017002999,-0.0035243723906088764,-0.011704834605597902
2018-09-18,,,0.008943477223944507,0.0059310044618565705,0.020211122554067984
2018-09-19,,,-0.0002954733483039318,0.0014604857467408472,0.010725552050473208
2018-09-20,,,0.009989950936927228,0.007291779194123382,-0.003121098626716723
2018-09-21,,,-0.007784150766709463,-0.002841975441042477,0.01640576080150291
2018-09-25,,,0.005780687783873084,-0.003602925360292497,-0.003942828979792923
2018-09-26,,,0.0015248372529470533,-0.001457175238814834,0.010390895596239513
2018-09-27,,,0.009954910113017412,0.003891471192303486,-0.014079333986287912
2018-09-28,,,0.0015654896503740634,0.002099709271023986,0.007698994163665596
2018-10-08,,,-0.03403959708232018,-0.007790254123462126,-0.040542205791743724
2018-10-09,,,0.003176315474050062,-0.000379034004764911,-0.004752119188286552
2018-10-10,,,-0.04384969233526492,-0.032121770218298096,0.0006452445476834434
2018-10-11,,,-0.00930959075288984,-0.01997985224983201,-0.06293525922104715
2018-10-12,,,0.027119071644803316,0.014333847295985302,0.004404073768235595
2018-10-15,,,-0.012403291170330344,-0.005573696655782001,-0.014524527267744669
2018-10-16,,,0.030092016911216213,0.021287437015229616,-0.02641824249165725
2018-10-17,,,-0.0009053597295992644,-0.0004989190088142692,0.012996286775207144
2018-10-18,,,-0.02144626351718726,-0.011980033277870117,-0.02227548287043568
2018-10-19,,,-0.0004938881343374835,0.0012349837206691028,0.03691420331651041
2018-10-22,,,0.0032118591723286904,-0.006559766763848396,0.05131414267834811
2018-10-23,,,-0.001970200714197845,-0.003950561544105224,-0.017063492063492114
2018-10-24,,,-0.0479950647748304,-0.03042665306816239,-0.006190283945633035
2018-10-25,,,0.033113011923276314,0.019050958391771733,-0.007989167230873395
2018-10-26,,,-0.02032239854481588,-0.015598119050349912,-0.007644007644007744
2018-10-29,,,-0.02368909661309948,-0.008563439356868208,-0.009766162310866577
2018-10-30,,,0.017247032592301093,0.01856748340090486,0.007362133629670753
2018-10-31,,,0.025399690562145416,0.011825785982117143,0.012410369553226719
2018-11-01,,,0.015654470011316368,0.010889395667046609,0.008308362843911787
2018-11-02,,,-0.019127205199628516,-0.010433703682815376,0.046872889369174775
2018-11-05,,,-0.010223400227186707,-0.00017097914054486907,0.0005161290322579504
2018-11-06,,,0.009181331293037553,0.007752379866613479,0.0
2018-11-07,,,0.030894617134192615,0.020985349850104695,-0.0023213825122517795
2018-11-08,,,-0.00471900471900466,-0.0006648199445982161,-0.011375387797311176
2018-11-09,,,-0.015270935960591259,-0.006818937797982039,-0.005230125523012608
2018-11-12,,,-0.02820160080040013,-0.017638850125593075,0.03443743427970558
2018-11-13,,,0.0024451451000579993,0.0007386783339962122,0.01715374841168993
2018-11-14,,,-0.012260093715899645,-0.010674540086304862,-0.004372267332916846
2018-11-15,,,0.01871588250584888,0.010789715335169925,0.013801756587201952
2018-11-16,,,-0.003827507017096221,0.002044060867590236,-0.0014851485148515975
2018-11-19,,,-0.03528432377049184,-0.018529011786038052,-0.006197322756569146
2018-11-20,,,-0.01752406239628279,-0.01772414987587323,-0.02756298328760287
2018-11-21,,,0.009999324369974971,0.005524861878453136,0.005899705014749346
2018-11-22,,,,,-0.006375111564452363
2018-11-23,,,-0.009565857247976428,-0.008650923544540667,-0.033106634158860615
2018-11-26,,,0.02539511009050388,0.017806603773584895,-0.0033178500331784155
2018-11-27,,,0.0038861810038204325,0.003475842891901282,0.008255659121171766
2018-11-28,,,0.03254379633882287,0.023438402032097905,0.019017432646592614
2018-11-29,,,-0.004829382982779462,-0.004061371841155181,-0.020217729393467998
2018-11-30,,,0.007726198837877618,0.008155867693701913,0.012566137566137447
2018-12-03,,,0.01824863768850582,0.01174157303370782,0.032658393207054326
2018-12-04,,,-0.04573739887990036,-0.039036037536787194,0.0044275774826059155
2018-12-05,,,,,0.0021410579345086944
2018-12-06,,,0.0014998369742418305,-0.0062406101929965985,-0.025512127686313946
2018-12-07,,,-0.03281677301732,-0.0220955925107571,-0.003740005158627824
2018-12-10,,,0.011983304160495534,0.002140563681769514,-0.010873786407766928
2018-12-11,,,0.007317722192655696,0.004153316720066469,0.008375867033110884
2018-12-12,,,0.010104345528992198,0.006322382415504757,0.00012978585334200154
2018-12-13,,,-0.004118993135011406,-0.004403734366743017,0.007007526602647474
2018-12-14,,,-0.025866596638655537,-0.01875442321302201,-0.027835051546391876
2018-12-17,,,-0.020420541852001595,-0.018091116720759692,-0.00861611876988333
2018-12-18,,,0.005641554867561016,-0.0009181612291117025,-0.0042786468779247855
2018-12-19,,,-0.02285010604091131,-0.015010415390270926,-0.018665234322546076
2018-12-20,,,-0.01449275362318836,-0.01443055296386131,0.00738916256157629
2018-12-21,,,-0.03204035237283309,-0.02183654149573999,-0.005704971475142595
2018-12-24,,,-0.02194495412844044,-0.024711271694948023,0.011202185792349661
2018-12-25,,,,,-0.007970818697649262
2018-12-26,,,0.061834008704787724,0.04617623709976182,-0.00708157428843792
2018-12-27,,,0.004734982332155413,0.009422031111673279,-0.012755451927033312
2018-12-28,,,-0.004853344587465669,-0.004886299567750441,0.0020839121978328823
2018-12-31,,,0.007068136839129213,0.008435631098520746,0.0
2019-01-02,,,0.003088152723189186,-0.000936388039203484,-0.016636628309995904
2019-01-03,,,-0.032185838231178265,-0.02243189202699325,-0.010855773297617444
2019-01-04,,,0.044245228455754626,0.03413231064237765,0.025370581527936142
2019-01-07,,,0.008861811132650388,0.005995426169726148,0.018209619127050214
2019-01-08,,,0.008166346417787462,0.008048660604571323,-0.0032764505119454723
2019-01-09,,,0.010006126199713972,0.006094959468519567,-0.0009587727708532112
2019-01-10,,,-0.002426202992317106,-0.0007269643181680996,-0.002604880723882652
2019-01-11,,,-0.006823402242940091,-0.0036980903304031365,0.0020618556701030855
2019-01-14,,,-0.01476090061900559,-0.010222709017889686,-0.012071330589849105
2019-01-15,,,0.019607843137254832,0.010451248001967173,0.015967786725909594
2019-01-16,,,0.0008802816901409827,0.003285470917498312,0.0006833401667349914
2019-01-17,,,0.006765442121642762,0.0072771376591873604,-0.012018574160065465
2019-01-18,,,0.010886365163631506,0.01426851294400966,0.013547138512579382
2019-01-21,,,,,0.004091653027823217
2019-01-22,,,-0.01814797580269889,-0.011515403335905505,-0.017522412387937947
2019-01-23,,,0.003385240352064889,0.0039032006245121043,-0.0012442969722107344
2019-01-24,,,0.0032388663967610754,-0.0010766838138533963,0.012320044296788346
2019-01-25,,,0.015536723163841915,0.010419161676646693,-0.0006837139340899467
2019-01-28,,,-0.020464931452414015,-0.014519378926158621,-0.004515599343185461
2019-01-29,,,-0.011832319134550406,-0.0030669312646581792,-0.013058419243986319
2019-01-30,,,0.027095449880260025,0.015381831342743402,-0.011002785515320412
2019-01-31,,,0.009326493904469935,0.0040990910711102835,-0.0029573299535277098
2019-02-01,,,-0.004554154841264535,0.0017749378771743096,0.034887005649717695
2019-02-11,,,0.010873889404588333,0.007441530829199072,0.03507574723624951
2019-02-12,,,0.019283746556473913,0.016883573689764342,0.012658227848101333
2019-02-13,,,-0.0012870012870013214,0.0017295053614667655,0.018359374999999956
2019-02-14,,,0.002448453608247414,-0.0013236648250459782,0.002812939521800173
2019-02-15,,,0.0023781977117882658,0.009277934651068964,-0.002167537931913821
2019-02-18,,,,,0.04127268080756452
2019-02-19,,,0.0016672010259697334,0.0017129153819801513,-0.0046631488526198694
2019-02-20,,,-0.001600409704884398,0.0006269949840402855,0.0024657872025644068
2019-02-21,,,-0.009104898691972285,-0.008430646539447584,0.0029516664616897614
2019-02-22,,,0.006988481946421654,0.005400126385936677,0.03065603923973015
2019-02-25,,,0.003341472818403801,0.0009713730643963192,0.0536585365853659
2019-02-26,,,-0.0016011271935442162,-0.0034821326635460226,0.007565492321589762
2019-02-27,,,-0.002052729488742022,-0.0018330755570831192,-0.016474279950689175
2019-02-28,,,-0.002442630327183948,-0.002008608321377281,0.00843208751139457
2019-03-01,,,0.008763451253302357,0.007763082231167173,0.02112994350282471
2019-03-04,,,0.0015330565314597422,-0.0027389443651925083,0.03352882593781126
2019-03-05,,,-6.377957777914389e-05,-0.0017737597985925113,0.035974304068522533
2019-03-06,,,-0.005357826253348796,-0.005789292674538538,0.014778834229020266
2019-03-07,,,-0.011542901115813686,-0.007091380801383718,-0.0032589876769528736
2019-03-08,,,0.00064876086674448,-0.000406456857507842,-0.022274445693266642
2019-03-11,,,0.020552385892116165,0.014057507987220497,0.04295119657226465
2019-03-12,,,0.004383457213645858,0.001890359168241984,0.027354709418837775
2019-03-13,,,0.007716635041113307,0.006861063464836947,-0.04447478786696579
2019-03-14,,,-0.004519206628169625,-0.0022146507666097603,-0.026947024599367153
2019-03-15,,,0.01191677175283723,0.007455466393489152,0.007447812860589487
2019-03-18,,,0.0011215652065550419,0.002485594848039785,0.026447313619325286
2019-03-19,,,0.002365096159830715,-0.0005071565423193647,0.0013187259078919489
2019-03-20,,,0.0053399565352374445,-0.002424310762812132,-0.012156823016918228
2019-03-21,,,0.010931999258847469,0.007121057985757906,0.009742590503538207
2019-03-22,,,-0.021627565982404784,-0.017564534231200968,-0.0059922811293926515
2019-03-25,,,0.0005620082427877371,0.0014280002284801085,-0.014611218963931694
2019-03-26,,,0.003619796542470244,0.006331279945242851,-0.023019493985897976
2019-03-27,,,-0.0045395186866489246,-0.003174063367907931,0.004457652303120341
2019-03-28,,,0.0031859070464768102,0.005515437539091339,-0.006656804733727761
2019-03-29,,,0.008966934429291973,0.007747116037095658,0.04010211679608555
2019-04-01,,,0.011294204776893135,0.009314853263004297,0.03937410513397421
2019-04-02,,,0.0025631636763090437,-0.0005003613721019651,-0.003739053429105632
2019-04-03,,,0.006513270026783591,0.002669929914339786,0.008493827160493739
2019-04-04,,,-0.0025400665255518318,0.0001664262731608801,0.00538634805601812
2019-04-08,,,0.00994361244164188,0.007820733263076196,-0.020358464835378842
2019-04-09,,,-0.004802785615657057,-0.006604292790313715,0.0010937655364422483
2019-04-10,,,0.005248235507027799,0.0030470914127425086,-0.008144616607071775
2019-04-11,,,-0.0030004800768123063,-0.000331400165699991,-0.019927899058682197
2019-04-12,,,0.007403394727338419,0.00867451240400019,0.002247879840604927
2019-04-15,,,-0.0019716795124573583,-0.0022458369851008353,-0.016515444999490203
2019-04-16,,,0.0031728927203065194,0.00021959923140268955,0.018554991188970638
2019-04-17,,,0.0028644745479502465,-0.0020857346725945414,0.01200895583146755
2019-04-18,,,-0.001368640285629441,-0.0012650569275617363,-0.007441673370876867
2019-04-19,,,0.0018472172565844325,,0.006686930091185372
2019-04-22,,,0.0030333670374114163,0.002698535080956077,-0.010265700483091722
2019-04-23,,,0.014112903225806495,0.009556763882023533,-0.008745169818995424
2019-04-24,,,-0.0011109811717927576,-0.00043523203307771485,0.020106688551497776
2019-04-25,,,0.0049171691154950015,0.0010341261633919352,-0.02845937248592112
2019-04-26,,,0.0020387953631968436,0.004730317529360706,-0.007970189421384832
2019-04-29,,,0.0007557260783630504,0.0010281941663510263,-0.025876460767946585
2019-04-30,,,-0.007958176009294271,0.0006487187804087302,0.005355612682090838
2019-05-06,,,0.0018152008431902011,-0.0035116153430577723,-0.07830811847432351
2019-05-07,,,-0.015605821497457595,-0.012577934399566337,0.005432897930875091
2019-05-08,,,-0.0033250207813797505,-0.0018118926041837957,-0.015290871464704536
2019-05-09,,,-0.0048850232336470345,-0.0018151815181518538,-0.007705779334500895
2019-05-10,,,0.0035320881226053036,0.0076045627376426506,0.0424755853629839
2019-05-13,,,-0.03609139175565235,-0.02378999179655461,-0.019864559819413152
2019-05-14,,,0.015410323059784625,0.014173669467787198,-0.005297098111469278
2019-05-15,,,0.017431584079965923,0.010053582279180295,0.022806205140078584
2019-05-16,,,0.010483436170850124,0.009570686354935853,0.004187889077532647
2019-05-17,,,-0.008892577661845036,-0.0034669555796317253,-0.03527953110910731
2019-05-20,,,-0.016329704510108844,-0.004946727549467234,-0.006542820422946627
2019-05-21,,,0.01070234113712365,0.008413001912045859,0.016582382688462793
2019-05-22,,,-0.004933517838878521,-0.0028170540115932674,-0.003007866728366393
2019-05-23,,,-0.01668782876836561,-0.011788993317759622,-0.024947783708517024
2019-05-24,,,-0.0005534034311013292,0.0015393073117098144,-0.0051172200404618895
2019-05-27,,,-0.0014765596160944972,,0.033253588516746424
2019-05-28,,,-0.002649414664202099,-0.008782522779668511,0.009029868025005827
2019-05-29,,,-0.010316920985976363,-0.006811385535496761,-0.004703992657182132
2019-05-30,,,0.0050561797752808335,0.002286032896571033,-0.008184438040345854
2019-05-31,,,-0.01925346251785609,-0.013017356475300446,0.0008135750813573761
2019-06-03,,,-0.026850737762016297,-0.004227257355427838,-0.00987109511090456
2019-06-04,,,0.03078024337866858,0.020320371313748753,-0.008327468918601921
2019-06-05,,,0.009532828282828198,0.009375346721402389,-0.00366646954464811
2019-06-06,,,0.009380276405478227,0.007034899697719199,-0.023979107312440684
2019-06-10,,,0.03667678582491796,0.014899306882060648,0.010581367063974723
2019-06-11,,,0.0016733401063766529,-0.00037642503764245827,0.03863280779877254
2019-06-12,,,-0.006324204999701655,-0.0019904244445639874,-0.00845886442641941
2019-06-13,,,0.006424497148003638,0.004366106080206933,0.00420708192123409
2019-06-14,,,-0.004832358907051693,-0.0014490420222186273,-0.017106947515419413
2019-06-17,,,0.007193813320544251,0.0008599376545199711,-0.008524745441629178
2019-06-18,,,0.015534789595857301,0.009773386317259103,0.009911631239550855
2019-06-19,,,0.00339936701441812,0.002233567326100916,0.010523826415986814
2019-06-20,,,0.00846962616822422,0.008171495277512486,0.02000936110461038
2019-06-21,,,-0.006313350709527876,-0.006105263157894614,0.01789606516003217
2019-06-24,,,-0.000582886453718845,-0.0012709171785639795,-0.006085878507832709
2019-06-25,,,-0.018080018663245045,-0.008483563096500446,-0.01009184714820277
2019-06-26,,,0.0071275837491091565,0.0005347593582887278,0.0033218785796105266
2019-06-27,,,0.005248879452701027,0.005077498663816238,0.013700194086082806
2019-06-28,,,0.0009973599295980407,0.005158202605689999,-0.009010023651312093
2019-06-30,,,-0.00017582932833193343,-5.290445455519155e-05,-0.00011364927832702154
2019-07-01,,,0.01172401664810363,0.00719538648748741,0.03762218686065011
2019-07-02,,,0.0015064603974737079,-5.2529285076374777e-05,0.0006572461386789019
2019-07-03,,,0.009083019959502447,0.009823492330321537,-0.016967706622878942
2019-07-04,,,0.0008026602453847786,,-0.007238307349666018
2019-07-05,,,-0.0022914757103574823,-0.0010404203298132186,0.010207515423443558
2019-07-08,,,-0.0049954065227376665,-0.0021871582565223813,-0.02698201199200534
2019-07-09,,,0.00496277915632759,0.0011481655445957362,0.007303434896724914
2019-07-10,,,0.009704277921332105,0.004587395089402202,-0.005324572334881705
2019-07-11,,,-0.0033553230209281137,-0.0003113486586061587,0.0021640091116172933
2019-07-12,,,0.0058202567760341495,0.004412146379444648,0.0026139334015229387
2019-07-15,,,0.0027230952516026363,0.00031007751937983663,0.01961006574472912
2019-07-16,,,-0.004639321074964675,-0.0028931597437487078,-0.0004446914952751513
2019-07-17,,,-0.003694651281759942,-0.004922279792746065,0.0031142253364475625
2019-07-18,,,0.0015403925148333997,0.0027076282218172487,-0.01652067856746875
2019-07-19,,,-0.00968385075477074,-0.00794516279794355,0.011273957158962844
2019-07-22,,,0.010986482599942615,0.004554020100502543,-0.01727982162764774
2019-07-23,,,0.006998179335457433,0.00760773279141258,0.011911514463981865
2019-07-24,,,0.007062545906548312,0.00527486166416713,0.01255605381165914
2019-07-25,,,-0.01144524236983846,-0.006944801687329583,0.008082373782108077
2019-07-26,,,0.011350737797956922,0.008081226688769094,-0.003075233388248222
2019-07-29,,,-0.0031986531986532007,-0.001284686536485058,0.0028643825052330207
2019-07-30,,,-0.004053369363283266,-0.0020066889632106566,0.008348895968362191
2019-07-31,,,-0.01220959810072908,-0.011136316766343635,-0.005665105131278048
2019-08-01,,,-0.004749642346208893,-0.0076120959332638405,0.002519995617398907
2019-08-02,,,-0.01287948482060719,-0.006304507723021935,-0.011038251366120244
2019-08-05,,,-0.03267707362534955,-0.026752669979909105,-0.016023870040888566
2019-08-06,,,0.020714156680917695,0.01961103867883529,-0.01549865229110503
2019-08-07,,,0.0077871512005189825,0.004954978954659239,-0.005817932922655755
2019-08-08,,,0.022712638295381504,0.019669176121302145,0.015490533562822595
2019-08-09,,,-0.008127754564707268,-0.005355378776061959,-0.01016949152542379
2019-08-12,,,-0.010040971781406949,-0.010872974385781498,0.021461187214611988
2019-08-13,,,0.023549985426989162,0.01638304618962061,-0.010505140813589664
2019-08-14,,,-0.030525656358562636,-0.029326123128119774,0.008131917777275843
2019-08-15,,,-0.0017035775127767216,0.0019820012856224256,0.011651355590410084
2019-08-16,,,0.01594680475461918,0.01518310612135787,0.00808416389811728
2019-08-19,,,0.01546481320590809,0.01263889620306502,0.03438426892233326
2019-08-20,,,-0.005703855806525215,-0.006656612408341589,-0.006690739167374615
2019-08-21,,,0.008490133088572716,0.00806240510968026,-0.0010691756655618612
2019-08-22,,,-0.0029579067121729974,0.0002077382498051339,0.002354704056512835
2019-08-23,,,-0.029666818804198858,-0.02466379355106696,0.0008542445274959398
2019-08-26,,,0.013523047977422431,0.010913543441226636,-0.009815427291155476
2019-08-27,,,0.0015663069961711074,-0.00021064827005101705,0.017239521603275465
2019-08-28,,,0.0033014769765422614,0.007005530682117289,-0.0014828937612542115
2019-08-29,,,0.015183004272024014,0.013024374934616612,-0.0021215657154980416
2019-08-30,,,-0.0013647995450667416,0.0006712449011203603,-0.006484532794727271
2019-09-02,,,-0.00028472182677519164,,0.02610742563663604
2019-09-03,,,-0.01065162907268169,-0.006862745098039191,0.0057351407716372815
2019-09-04,,,0.013932868904369844,0.01080687899412891,0.005909797822706064
2019-09-05,,,0.018227244335926374,0.01264456437933692,0.011544011544011745
2019-09-06,,,-0.0015614543832255245,0.0010659357393025815,0.0018341145302627204
2019-09-09,,,-0.002513404825737253,-0.00020281918669506904,0.02298616761594796
2019-09-10,,,-0.00201579035780286,0.00020286033066230225,-0.004672897196261627
2019-09-11,,,0.009482129832239172,0.0072000811276746735,-0.013185495954450177
2019-09-12,,,0.003445975989328609,0.003070881997583541,0.004453892094341549
2019-09-16,,,-0.010967098703888234,-0.0063237139272270815,0.0024186234001815077
2019-09-17,,,0.0051523297491038456,0.0035860396989746413,-0.02111189303307537
2019-09-18,,,0.00011143302874971894,0.0002516356316053514,0.0006162062236829691
2019-09-19,,,0.001337047353760612,0.00010062893081763669,0.015395668685209696
2019-09-20,,,-0.009847557583175681,-0.004980630879911518,0.0
2019-09-23,,,-0.0009552171714334312,5.056122964908205e-05,-0.011826544021024898
2019-09-24,,,-0.0138357705286839,-0.00854441579452947,0.005830605564647984
2019-09-25,,,0.011976730922778511,0.00601733809280991,-0.013220787145326818
2019-09-26,,,-0.004564923354373307,-0.0023317112733172163,-0.028857054519220937
2019-09-27,,,-0.01137972031931156,-0.005182400162585088,0.015175634086808776
2019-09-30,,,0.008361012484251473,0.0049540347293155484,-0.012126280577043791
2019-10-08,,,-0.019139027714675017,-0.028002236113228607,-0.007089947089947035
2019-10-09,,,0.011116901163800597,0.009411272613196742,0.003943301715868985
2019-10-10,,,0.006413560098494031,0.006526468455402501,0.027494692144373722
2019-10-11,,,0.013200568990042516,0.010858377933305796,0.0014464304163654962
2019-10-14,,,-0.0007862076711404598,-0.0015272616199154543,0.007634375322397524
2019-10-15,,,0.012701624234249476,0.00968745220007139,-0.011876727756731875
2019-10-16,,,-0.00238636994283814,-0.0014644245821339164,-0.002383172728214644
2019-10-17,,,0.0032265242545614914,0.0033882876504500725,0.0010386373078521416
2019-10-18,,,-0.010702007319507545,-0.005292071972178847,-0.00581033409421039
2019-10-21,,,0.008463651140631079,0.006688285366842184,-0.00240033395950745
2019-10-22,,,-0.008114717652289882,-0.0037749144352726693,0.01339052202113189
2019-10-23,,,0.003362097949120235,0.004092355883393184,-0.010013420047486399
2019-10-24,,,0.008265385904166145,0.0014591929153666694,0.0023983315954119178
2019-10-25,,,0.008529965658579775,0.004371200321559687,0.013211276396546179
2019-10-28,,,0.00999560632688934,0.005652826413206524,0.017351129363449624
2019-10-29,,,-0.010168569874931976,-0.0028851415211659237,-0.010192754061963849
2019-10-30,,,0.003625775970993672,0.002893489648291281,-0.0013254486133768006
2019-10-31,,,-0.0004926378017405808,-0.0037805302691140685,-0.007759060745278212
2019-11-01,,,0.008324205914567395,0.008238877515354348,0.009363103199917733
2019-11-04,,,0.00543124049532917,0.002872424722662359,0.006727828746177389
2019-11-05,,,0.0,-0.001185185185185067,0.007492912110166117
2019-11-06,,,-0.006104148660328379,-0.0034608919212895106,-0.0063316582914572095
2019-11-07,,,0.0022283819772814795,0.002083746775153772,0.007282289875594206
2019-11-08,,,0.0038503253796093873,0.0017328448361222382,-0.0027111155738528403
2019-11-11,,,-0.002214899249095126,-0.002174665150990962,-0.021848570277889556
2019-11-12,,,0.0035733622089875183,0.0023775323195798226,-0.0012352032938753865
2019-11-13,,,0.0001618472162279172,0.001284775411375172,0.0060805936308356845
2019-11-14,,,5.394034198169528e-05,0.001825988254453792,0.005941405449702897
2019-11-15,,,0.007119741100323651,0.007931034482758781,-0.010285132382892082
2019-11-18,,,0.00042844901456740025,-0.0002443673329750595,0.004938779709846797
2019-11-19,,,0.0006423982869379063,-0.0006843957763003061,0.027029794204975977
2019-11-20,,,-0.005082388187459874,-0.002348106838861108,-0.0056823846077161955
2019-11-21,,,-0.00048394902403603446,-0.00014710208884971543,-0.0035091237216763327
2019-11-22,,,0.0020443296750591866,0.0033838458143298222,-0.019418452560619803
2019-11-25,,,0.013046279394394844,0.00874877810361685,-0.01108146932074705
2019-11-26,,,0.0006359637500661375,0.0015020107563352703,0.009649304835027905
2019-11-27,,,0.0068852285366240995,0.004208998548621112,-0.0024663446716678417
2019-11-28,,,-0.0012098258902740744,,-0.00041207376120322436
2019-11-29,,,-0.004529176321887429,-0.004576769282651716,-0.0050499845408636945
2019-12-02,,,-0.012009311184001725,-0.00919562481850722,0.003418272218769447
2019-12-03,,,-0.0065863453815261375,-0.007229386479093436,0.0036130897078558988
2019-12-04,,,0.006630012936610585,0.008413698090927069,-0.0013371734211067299
2019-12-05,,,0.0033199464524764633,0.0036594291290557024,0.020908435472242193
2019-12-06,,,0.008112291188557386,0.0071463296062226345,0.009685230024212954
2019-12-09,,,-0.004341150934406235,-0.00289617222570826,-0.0033972821742604964
2019-12-10,,,-0.0007444036794810316,-0.0010650142808733554,0.007619811509925745
2019-12-11,,,0.005267918905975666,0.0026653743639448724,-0.008955223880596885
2019-12-12,,,0.00539911073470245,0.0067182213629772836,0.0017068273092368802
2019-12-13,,,0.001210908708012992,-0.001056219693696181,0.019444722862583808
2019-12-16,,,0.006099805437240313,0.0036526169077713,0.015927637400452443
2019-12-17,,,0.0012021115350442368,0.0009577168031413841,0.012097164424658802
2019-12-18,,,0.00046982668615580536,-0.00028704013777924864,-0.004589787722317995
2019-12-19,,,0.007357161492303588,0.005168205962578165,-0.0014409221902015323
2019-12-20,,,0.003729410545944223,0.004760771244941786,-0.010678210678210731
2019-12-23,,,0.0036639488079266425,0.002132196162047073,-0.020128354725787556
2019-12-24,,,5.141652527118623e-05,-0.0001418439716313058,0.017763223181502363
2019-12-25,,,-0.0008226221079691287,,0.007800312012480548
2019-12-26,,,0.006071832870227389,0.0006620324395893995,0.0055147058823528106
2019-12-27,,,-5.114566284780686e-05,0.000992391663910075,-0.014144135475800956
2019-12-30,,,-0.007876834944504196,-0.00670380511755253,0.01239508100722242
2019-12-31,,,0.0019590658349228907,0.0022813688212928174,0.0042417815482502785
2020-01-02,,,0.01450990481090808,0.006354324734445971,0.019487376403955148
2020-01-03,,,-0.008419130699396482,-0.006031476769390198,0.002071563088512196
2020-01-06,,,0.006137793463250052,0.003887361334976802,0.01353129111069351
2020-01-07,,,-0.0004575263077627456,-0.0030695126558367702,0.017893565733358097
2020-01-08,,,0.004017902553148156,0.0016579034626498235,-0.01648601876309319
2020-01-09,,,0.009219391114938524,0.007424572023077669,0.025652898684941583
2020-01-10,,,-0.004467198715052856,-0.004928883255879479,-0.004424379232505604
2020-01-13,,,0.008974488252495583,0.005660911406736524,0.01569018683112633
2020-01-14,,,-0.007495502698380951,-0.005769772023642039,-0.006071970711670649
2020-01-15,,,-0.002064243278622535,0.00023590469450351925,0.0005390351271223892
2020-01-16,,,0.008324504313606651,0.007688679245282826,0.002334560474095415
2020-01-17,,,0.005703992794956481,0.004915040022468675,0.0011645614978050833
2020-01-20,,,-0.003084577114427778,,0.024606299212598604
2020-01-21,,,-0.0008483880626809492,-0.006754238867151097,-0.008121561435682545
2020-01-22,,,0.004495279956046039,0.003892510434741814,0.012061982743440725
2020-01-23,,,0.0037293023718365514,0.0015416238437819807,-0.03331883427577209
2020-02-03,,,-0.005300703457842282,-0.017678063342506656,-0.06830453563714889
2020-02-04,,,0.030230589172767663,0.02264957264957279,0.048101999420457675
2020-02-05,,,0.004109059267137338,0.01184008914890633,0.029951156575430904
2020-02-06,,,0.010639834384478464,0.005781938325991387,0.037312097351467566
2020-02-07,,,-0.007145579268292734,-0.008394926544392778,0.0018976968860520138
2020-02-10,,,0.013338451204299107,0.008880095702585855,0.012914334911752201
2020-02-11,,,0.0,0.0021434760797192087,-0.006799830004249885
2020-02-12,,,0.007575757575757569,0.003959224538090611,0.02781343602909714
2020-02-13,,,-0.00108082706766921,-0.00040795974797158685,-0.009991673605328932
2020-02-14,,,0.0034812061909017533,0.00276618900779968,0.003111858704794024
2020-02-17,,,-0.0007032019127092282,,0.0370587742097761
2020-02-18,,,0.0010790016888722054,-0.003301225523447693,0.011722855525911458
2020-02-19,,,0.011715638033647169,0.007486388384754905,-0.01438389004315166
2020-02-20,,,-0.009217657140210389,-0.0036928619680252073,0.022215015404572602
2020-02-21,,,-0.01622253389434314,-0.007865117750757045,0.01816307106598991
2020-02-24,,,-0.0382550016632609,-0.0330311175907787,0.01690426112019927
2020-02-25,,,-0.02653424251408243,-0.030390124387485784,0.010188447985291837
2020-02-26,,,0.0026902187706208114,-0.005442441323679548,-0.04618184575718509
2020-02-27,,,-0.04743343120380683,-0.04299604240973265,0.007632373986325325
2020-02-28,,,0.003507466652495239,-0.009802419972430698,-0.05657251065172797
2020-03-02,,,0.044749245352962985,0.04129930394431547,0.030358785648574083
2020-03-03,,,-0.03588807785888093,-0.03144186967716389,0.017207792207792227
2020-03-04,,,0.04085173501577288,0.04202239149327758,-0.0015959144589849927
2020-03-05,,,-0.032530181340607145,-0.0351273119756661,0.01846227621483365
2020-03-06,,,-0.017856210515323934,-0.017898001728784196,-0.007612022286745734
2020-03-09,,,-0.06868321726649296,-0.07636551902666322,-0.04523169381622638
2020-03-10,,,0.05496889091843138,0.05056053811659189,0.026420407487162567
2020-03-11,,,-0.04036359701331027,-0.04540603991036185,-0.021867183087226794
2020-03-12,,,-0.09280559314388814,-0.09457269017941983,-0.02615080019798699
2020-03-13,,,0.10820385332504667,0.09908019013519365,-0.007285048708174591
2020-03-16,,,-0.12450227132522007,-0.11935520107840925,-0.05836675484256337
2020-03-17,,,0.0635449362628917,0.05963390522354728,0.0036248300860897142
2020-03-18,,,-0.03246401252785647,-0.047670639219934974,-0.015891647855530322
2020-03-19,,,0.016558764940239,0.006889141701428292,0.004220570694559056
2020-03-20,,,-0.03386405388854863,-0.03577929822358916,0.0105984467793514
2020-03-23,,,0.00031691703112124436,-0.030727166200117284,-0.04547509266793237
2020-03-24,,,0.07616271701938904,0.09456645845926537,0.02689903390793713
2020-03-25,,,-0.013542157324540671,0.008038289255691389,0.03209739900387376
2020-03-26,,,0.052763519159603645,0.061419527635743876,-0.005451295799821287
2020-03-27,,,-0.0396303435763693,-0.037162355909846845,-0.011950759277563172
2020-03-30,,,0.03630674774189746,0.033891238310798766,-0.02264459803564922
2020-03-31,,,-0.0026204853594623545,-0.01025463763106349,0.006048199497534101
2020-04-01,,,-0.042380625999542954,-0.045343422584400495,-0.0037920828708841725
2020-04-02,,,0.02326136228080644,0.026461801109688432,0.027666883297744027
2020-04-03,,,-0.012298904173467129,-0.01336501336501339,-0.005239859065859664
2020-04-07,,,0.0645618176453231,0.06562311860325099,0.032603759876487226
2020-04-08,,,0.015355618382393521,0.02762711864406775,-0.0024626209322778925
2020-04-09,,,0.001747106355099337,0.015448897685414353,0.016222888379474387
2020-04-10,,,-0.0025070852408981548,,-0.023338538955405275
2020-04-13,,,0.010326740246967558,-0.013264753654575023,-0.01359154303988619
2020-04-14,,,0.04207452274079282,0.03215363511659808,0.03215057636887586
2020-04-15,,,-0.010794540453578416,-0.022167880495454817,-0.003926358956460985
2020-04-16,,,0.02224437332773732,0.010111993041209244,0.015329362298528437
2020-04-17,,,0.007749550936617888,0.02707212055974173,0.006125442153394722
2020-04-20,,,-0.01227337543287843,-0.019126971650159974,0.011147316069284985
2020-04-21,,,-0.033668471255478116,-0.02906293407415328,-0.009413161465400388
2020-04-22,,,0.031053249386404858,0.024925718058765423,0.00933139286020035
2020-04-23,,,-0.002897950734837451,-0.0009126536747732228,-0.006700593723494519
2020-04-24,,,0.014998962009549421,0.012896292315959235,-0.012381521646315341
2020-04-27,,,0.004244004704198057,0.013103448275862073,0.007262666436105736
2020-04-28,,,-0.01710794297352347,-0.004869874849452671,0.005836909871244522
2020-04-29,,,0.033360961458765104,0.026415491475478836,0.0
2020-04-30,,,0.00020052135552450778,-0.011278580949451333,0.01885987369858344
2020-05-06,,,-0.0004510825982357858,-0.0203774758892461,0.019432113242315197
2020-05-07,,,0.015644587073158522,0.015561319007039609,-0.0014789253142716285
2020-05-08,,,0.010960256726733952,0.015010163131286669,0.008557557804657279
2020-05-11,,,0.007569468183816097,-0.000308087291399195,-0.01044301215631882
2020-05-12,,,-0.017448623497479665,-0.018542298012224623,0.009811196306373171
2020-05-13,,,-0.012381610102604634,-0.017793594306049876,0.007756368386675261
2020-05-14,,,0.010788671894510715,0.012734441602727964,-0.0106943206675848
2020-05-15,,,0.005633246034491224,0.003367180512442669,0.003603308492343027
2020-05-18,,,0.020195567785366908,0.03313932148287968,-0.003182374541003674
2020-05-19,,,-0.005105481167517634,-0.012028625082474709,0.013834315651604312
2020-05-20,,,0.020236250968241887,0.017466351587382967,-0.011949939442874369
2020-05-21,,,-0.012005314605675332,-0.009189134605675053,-0.008580534444716847
2020-05-22,,,0.0042265020892366945,0.003668976763147258,-0.024563138806462326
2020-05-25,,,0.0037304510019608994,,0.002957579854656167
2020-05-26,,,-0.0010482679754134638,0.017363931762794493,0.029151571320245928
2020-05-27,,,0.0027188170760792385,0.011877432877532623,-0.019402374130167876
2020-05-28,,,4.756921320536733e-05,0.0007397908857762481,-0.007847720821506199
2020-05-29,,9.999000099991662e-05,0.014317652095324096,0.005223990931940037,0.015483002356109221
2020-06-01,,,0.004126805477396411,0.0037260381428640965,0.033642691415313175
2020-06-02,,,0.003736222678871748,0.006056757680847902,-0.005772005772005873
2020-06-03,,,0.003210496929089812,0.012380443753944759,-0.0010482180293501786
2020-06-04,,,-0.007977366541440545,-0.003980433531555638,0.004035838243603207
2020-06-05,,-0.00039992001599675753,0.018934966571602097,0.025518802060763512,0.006994131361041767
2020-06-08,,,0.006240249609984483,0.010845579604676248,-0.005987545904518443
2020-06-09,,,0.004240766073871471,-0.010125406409660864,0.013171632800578204
2020-06-10,,,0.012169095945148145,-0.005442942942943008,0.009353943717796298
2020-06-11,,,-0.05019963213853118,-0.05996414417814688,-0.0007853608733213724
2020-06-12,,-0.0009001800360072254,0.011194029850746245,0.016712672521957295,0.005108857973748382
2020-06-15,,,0.011443785323929312,0.009033468259453059,0.005864873318736308
2020-06-16,,,0.015239678581324467,0.016828922264077173,0.018580424473295443
2020-06-17,,,0.00482168850072795,-0.0021169112340629903,0.0015264845061822019
2020-06-18,,,0.0031688546853780863,0.0008196326117351216,0.0009144947416550586
2020-06-19,,0.010011012113324558,-0.0002707581227439082,-0.005877252143751788,0.023450586264656792
2020-06-22,,,0.011058950979507154,0.006348129482457887,0.010117542032435534
2020-06-23,,,0.005000223224251199,0.0014927529253141447,0.016570923552806205
2020-06-24,,-0.004757656853999315,-0.021678290613477813,-0.02735839984613908,0.00021734405564011183
2020-06-29,,,-0.0005902919674886098,0.004547926244500511,-0.00420107199768216
2020-06-30,,0.0013942834379045976,0.019173103134938474,0.015107524236012138,0.027494908350305547
2020-07-01,,,0.010565263908701938,0.0037327903820050246,-0.007433102081268683
2020-07-02,,0.04157135753356522,0.004058405752348948,0.00284955324800773,0.001997004493260235
2020-07-03,,0.021865750023871033,0.0010105004173805998,,0.01580183642963906
2020-07-06,,0.05933470379368333,0.02545646067415719,0.017000577923328875,0.026977787120734398
2020-07-07,,-0.0032636499955897014,-0.012583461736004109,-0.01586399583274145,0.02429039301310043
2020-07-08,,0.012212389380531041,0.01192024273948844,0.006351650466750236,0.023314681588062935
2020-07-09,,0.008480503584542776,0.006211180124223725,-0.007220043989672131,0.03964327561515435
2020-07-10,,-0.016905071521456483,0.005449127288207789,0.008476617059191893,0.007388391459520305
2020-07-13,,0.013315696649029984,-0.021085612668304,-0.009217250107454888,0.039530113742308526
2020-07-14,,-0.010355930728396134,0.00843425605536341,0.013882194157909922,-0.011180866965620373
2020-07-15,,-0.01600422089342246,0.0010293802273213526,0.008937910050394349,-0.015600435360986875
2020-07-16,,0.008132260947274483,-0.008183726809203429,-0.0045707284893036215,-0.05872235872235865
2020-07-17,,-0.00425494193777165,0.003628823224468558,0.004828402366864104,0.006068911511354802
2020-07-20,,0.0378349505920057,0.026945592286501396,0.006642483629339946,0.012972692482324799
2020-07-21,,-0.004460456338994612,-0.01161036130438442,0.0007019842755522365,0.014151245437663995
2020-07-22,,0.0008616232982938676,0.0011025825876764817,0.003507459196558038,0.011807046344235239
2020-07-23,,-0.009297520661156966,-0.02329817427034364,-0.009320533134495324,0.010858034321372667
2020-07-24,,-0.024591588460201597,-0.008804267684434097,-0.005927180355630779,-0.06111488363479223
2020-07-27,,-0.0030289532293987786,0.01899011114028193,0.008707173954192848,0.0013807613912815153
2020-07-28,,0.005093378607809784,-0.014986259017519932,-0.00830362169262533,0.013263296126067026
2020-07-29,,0.014313655761024169,0.013601290378830955,0.01343488339088883,0.037260238465526285
2020-07-30,,0.0002629503023927615,0.004128854672917459,-0.004434486299771279,-0.008683700880864675
2020-07-31,,0.0046442341395023234,0.017004326037606488,0.0067985746436609595,0.01877993445928916
2020-08-03,,0.017357174007849974,0.015245956873315425,0.008988031481395264,0.026104169244092645
2020-08-04,,0.002829218106995768,0.0009541193063966613,0.0010154158589497086,-0.012418615866891747
2020-08-05,,-0.0077797725912626126,0.0018649757553153012,0.00544079675396536,0.009522646807471613
2020-08-06,,0.001120110287782028,0.008397451807727219,0.0018343575162800274,-0.01566090216471161
2020-08-07,,-0.006799208193476236,-0.011609303851991548,0.00036619976197016513,-0.022790097671847143
2020-08-10,,0.013691507798960112,-0.0010376027226697282,0.0061316006223115505,-0.0050917777219009475
2020-08-11,,-0.006411352367926004,-0.017906851136316404,-0.006958340913225336,-0.016869905857079592
2020-08-12,,0.004215779058762692,0.023775277096200975,0.012319670254179016,-0.019280205655527016
2020-08-13,,0.005483207676490798,-0.00024793388429744656,-0.004162142598624574,-0.004783748361730122
2020-08-14,,0.004856850715746486,-0.0016119699098949836,-0.0005905869525714147,0.017449134127872412
2020-08-17,,0.021453404562028267,0.00989443179465943,0.0021364607482159403,0.01041936318923109
2020-08-18,,0.00340361945874168,0.009305566942690913,0.0019051075024947295,0.0017933773137770448
2020-08-19,,-0.0027302060064532396,-0.00885423012875175,-0.006474103585657365,-0.032414807237388876
2020-08-20,,-0.010452961672473782,0.01557185591935406,0.004602415128730941,-0.009382846570635595
2020-08-21,,0.006287726358148671,0.0046806278497357745,0.0010432731561280661,0.0172091782283883
2020-08-24,,0.005665250354078166,0.007550504036306638,0.011282794870632884,0.021049180327868955
2020-08-25,,-0.003976472537486675,0.007613505002590948,0.0034949368222958466,0.006679082910538758
2020-08-26,,-0.00931547866589022,0.019344884880132973,0.008662261118056902,-0.02156299840510356
2020-08-27,,0.0016791201410459866,-0.0060154461132457815,-0.0008410801239486787,0.01682206428897448
2020-08-28,,0.012320844857933055,0.005349055130407621,0.006557086526959521,0.025008015389547777
2020-08-31,,-0.0037257824143069884,0.005359431434230455,-0.0062502751001365375,-0.01044729433844227
2020-09-01,,0.0021607246738135633,0.013481670336462415,0.005979536696638199,0.008408142622328807
2020-09-02,,-0.0029853221660171014,0.008309193474614895,0.013473053892215647,0.007711115290577331
2020-09-03,,-0.002827913166430829,-0.05227942844182354,-0.03571118255278494,-0.00883414209282074
2020-09-04,,-0.0066727833847693985,-0.012165450121654486,-0.007839250315372026,-0.005272407732864637
2020-09-07,,-0.010328323116970295,0.00028264556246471173,,-0.03325340737001514
2020-09-08,,0.011369421347361186,-0.047188471319581926,-0.027517936608845717,0.0033940343319627253
2020-09-09,,-0.010402684563758369,0.030037281816641226,0.02101232723197599,-0.04761595004228203
2020-09-10,,-0.006018989487961868,-0.022292600666310114,-0.018887770968626927,-0.01577761081893303
2020-09-11,,-0.002302771855010821,-0.005805393126077862,0.0012119517083857279,0.02151283830673134
2020-09-14,,0.0007693622841511427,0.01662928955274401,0.012570417617207674,0.014130434782608559
2020-09-15,,-0.0014521226616553973,0.012403229834346163,0.0033104970343464935,0.008708467309753498
2020-09-16,,0.002224123182206883,-0.02207696102614709,-0.0103569955547409,-0.015274272811794498
2020-09-17,,-0.0016217138955274546,-0.01681590784882503,-0.01055799953692993,0.0014836795252226587
2020-09-18,,0.019919637513892585,-0.014324197203574474,-0.012355501474235808,0.014949494949495046
2020-09-21,,-0.004526404023470265,0.004338018393197807,-0.011609723735961808,-0.010350318471337605
2020-09-22,,-0.012967329067026023,0.02207152729785755,0.014335027327644134,-0.004961115580584652
2020-09-23,,-0.00221805152704313,-0.030046908675992023,-0.021836744339934655,0.017180972914701664
2020-09-24,,-0.01667236662106708,0.006448239804810019,0.0035757429330756096,-0.02444194210770345
2020-09-25,,-0.0017389792191983,0.02437229437229438,0.017140931195531728,0.0016974470396522445
2020-09-28,,0.004267920912812473,0.021172294299116823,0.018082840236686604,-0.00698163085474135
2020-09-29,,0.0007805724197744723,-0.004800529713623547,-0.005905054168410362,0.016723549488054656
2020-09-30,,-0.005373082589479106,0.00694444444444442,0.007062675397567775,0.004565290365894592
2020-10-09,,0.01428944846214164,0.022506710716498013,0.02981747248153832,0.03796030207846024
2020-10-12,,0.01640752512670751,0.021728594507269827,0.006404185270374008,0.03901873672010825
2020-10-13,,-0.0007606490872211769,0.0015416238437822027,-0.0038987228321757383,0.0024787754849104893
2020-10-14,,-0.004990273196312289,-0.0057623238741761895,-0.0040039589706675205,-0.007356122890523564
2020-10-15,,0.002380142808568575,-0.008534794172522009,-0.002981164460906127,-0.009278864117573726
2020-10-16,,0.008395522388059629,-0.004884689301729694,-0.0007248674851627612,-0.004777170155258026
2020-10-19,,-0.005970902363131914,-0.022571819425444506,-0.020764383189010416,-0.012758163329754324
2020-10-20,,-0.001353637901861271,0.00226402667435055,0.0034260845409510576,0.018744801996033678
2020-10-21,,0.0016096238563199083,-0.0028339083292261424,-0.004198772666451411,-0.014443607133886038
2020-10-22,,-0.0008458090163240284,-0.0038304707772148783,0.001853396348809211,-0.00994010449853433
2020-10-23,,-0.001015830017777053,0.004630778136111902,0.005457404495421425,-0.027094864203887292
2020-10-26,,-0.0042369290738072385,-0.015556835953576487,-0.018215271389144472,0.006482767744922846
2020-10-27,,-0.003489064760445859,0.01183110367892981,0.0008433283358322274,0.012619125862635583
2020-10-28,,-0.002647309991460345,-0.037309424451514306,-0.03244078269824924,0.0073992341143636065
2020-10-29,,-0.001969346690641305,0.01948497854077247,0.012917896366539283,0.01140390438760397
2020-10-30,,-0.011496225120109838,-0.02601667087648385,-0.012371035536874353,-0.016180405147152577
2020-11-02,,0.0013018573164380598,-0.0003457814661134151,0.009527494317357554,0.019748769748769712
2020-11-03,,0.013001646875270945,0.015997924593566193,0.016431924882629012,0.013207187757952932
2020-11-04,,0.0008556515786770635,0.04170567707890038,0.01922986284583117,0.0021933947483863125
2020-11-05,,0.010857484825168795,0.028147724487294745,0.02150289017341045,0.014069534767383596
2020-11-06,,0.003552097428958234,-0.007867445464298517,-0.009099139882299823,-0.019485724856631803
2020-11-09,,0.015000842743974285,-0.0234290520245104,0.009182694504088929,0.02955788944091564
2020-11-10,,-0.0024078379275986883,-0.020587270341207442,-0.004617473970122354,-0.014537902388369717
2020-11-11,,0.008406158967956712,0.02495603383301237,0.01023285428415499,-0.03285191842806667
2020-11-12,,-0.005199735886431189,-0.0035950649562872528,-0.007428082654301393,0.006985836057168404
2020-11-13,,-0.010038994441217919,0.0096760967609677,0.014423076923076872,0.002354887983706755
2020-11-16,,0.017096882333221597,0.0028019166734345458,0.008003219171957454,0.0020318750396850493
2020-11-17,,0.0007415952537903614,-0.006883984612269689,-0.008826790862719092,-0.019770610227488827
2020-11-18,,0.005104981473857517,-0.009092762487257877,-0.013872728900026887,-0.013704829012864406
2020-11-19,,-0.0013926435651673286,0.005596247222450668,0.0023597749137775903,0.009307203250966678
2020-11-20,,0.004922067268252617,-0.0023324330959980655,-0.002399492937341541,0.008117410221442967
2020-11-23,,0.01510204081632649,-0.0013535129814199465,0.004674381665532135,0.007150219015717552
2020-11-24,,-0.0010454362685967666,0.01560703137834718,0.01748125395247979,-0.004285257435241441
2020-11-25,,-0.009579777813556567,0.005014558395341373,-0.002486126526082044,-0.02183967112024665
2020-11-26,,0.003413801511826353,0.00040238210204424085,,-0.002298397688468512
2020-11-27,,0.009072498987444444,0.00784329498833558,0.002536828519293266,0.0036859079839397513
2020-11-30,,-0.006181263546600313,0.0010775432015004416,-0.0040841694042441645,0.004787199160600775
2020-12-01,,0.013489499192245402,0.016982937330569436,0.013327984309530194,0.025127267980681323
2020-12-02,,0.002311309476368928,-0.00431203449627604,-0.0027713016319886874,-0.005666263449417452
2020-12-03,,-0.008667302798982313,0.0004330708661417493,-0.0007940008822231448,0.011012933794339874
2020-12-04,,-0.004652282024544818,0.003423714139545675,0.007593148507857972,0.006839772007599887
2020-12-07,,-0.011201547264082401,0.0030590634559573004,-0.004206098843322792,-0.001509623852056996
2020-12-08,,-0.0055419722901386415,0.002228651861119868,0.0021999296022525705,0.0071815547436060445
2020-12-09,,-0.004425504015735049,-0.021417703741270944,-0.008077969971024723,-0.01757568176132096
2020-12-10,,0.002057951926242918,0.005421782809759135,0.0011064884482605564,0.007639905774495359
2020-12-11,,-0.0072291136120924415,-0.0032117367168912336,-0.002387373447101937,-0.010741138560687369
2020-12-14,,-0.009267687215556375,0.006245276263972199,-0.004919122534899123,0.014178961486874808
2020-12-15,,-0.0019209888916729145,0.012017710309930596,0.014028680858644282,0.011965489010642871
2020-12-16,,-0.0007531380753139638,0.004375000000000018,0.0005709517326188962,0.000373389756674225
2020-12-17,,0.011975546436646889,0.006417237087741112,0.005837942235097815,0.009020217729393654
2020-12-18,,0.008689175769612811,-0.0019322177995902967,-0.0040584769801440546,-0.0016029593094945005
2020-12-21,,0.0016408236934941645,-0.0003871916986099011,-0.0007010779072823548,0.03587748548845249
2020-12-22,,-0.0235891555409945,0.0004648100089088558,-0.0038586336928879694,-0.02438152011922501
2020-12-23,,0.002432681821994853,-0.0023616864764411938,0.003301346949555528,0.01130392276671155
2020-12-24,,-0.005857740585774152,0.0014746972989754248,0.0007019699030403892,-0.007552413751434894
2020-12-25,,0.010437710437710468,-0.00046500813764238647,,0.00718373310605136
2020-12-28,,-0.005081639453515474,0.010467550593161068,0.006751720811960293,0.00024177949709858204
2020-12-29,,-0.006112367076948733,0.0030310006138736245,0.0009580629708663135,-0.010273144790911348
2020-12-30,,0.004212299915753892,-0.002677580996825246,-0.00047857298237985457,0.03052875809012101
2020-12-31,,0.004949664429530154,0.0018409849269358514,0.00535387829720535,0.022396018485602687
2021-01-04,,0.0015861090241255926,-0.012595229891657955,-0.012469151837900982,0.03691469633750577
2021-01-05,,-0.005500916819469848,-0.0016284119106699801,-0.0025428558902187426,0.00642709439445599
2021-01-06,,0.004693261816962835,-0.016854368932038843,0.003340512504944826,0.005108840515326563
2021-01-07,,0.0019185852519185698,0.02531995575920365,0.015069873395540334,0.015082872928176672
2021-01-08,,0.0029139955041210808,0.014601071002041888,0.007164127573259682,-0.003864366189517132
2021-01-11,,-0.0170180972937074,-0.015606014580802019,-0.005827655654111474,-0.018795760026226627
2021-01-12,,0.009965374546068828,0.00027000964320156307,0.0012499461230119913,0.02817685711103679
2021-01-13,,0.0073584747888619795,0.0031621163041801736,-0.000990099009900991,-0.01559792027729634
2021-01-14,,0.0035693533659832966,-0.004305374029368814,-0.0015943465333734252,-0.013039172535211252
2021-01-15,,0.002564102564102555,-0.009188479654080761,-0.00884764782045755,0.0003344668041695975
2021-01-18,,0.0042900750763139595,0.0031951371571075082,,0.01877960434661463
2021-01-19,,0.0017251293847038163,0.015536394002951814,0.011844110603091762,-0.020183787331801817
2021-01-20,,-0.0018861735279644964,0.023560009179224517,0.013254723070964314,0.038519510969686976
2021-01-21,,0.0013967627968121121,0.006688588296838827,-0.0017838182204289454,0.024404665914099732
2021-01-22,,-0.014194289465047638,-0.003303515088526776,-0.00425477598604429,0.02182924909482087
2021-01-25,,-0.00790678318768212,0.012810963801578978,0.006708541639960597,-0.0009243568017254233
2021-01-26,,-0.0031879194630872743,0.0014708045300779737,-0.0011035653650253163,-0.028424569519403753
2021-01-27,,0.0028614711328058817,-0.030107211044206106,-0.028511940171666472,0.00693048354671455
2021-01-28,,-0.011581067472306139,0.007911871592974018,0.012640510869089683,-0.0358850417695582
2021-01-29,,-0.008830022075055122,-0.024112676056338045,-0.02129405666897033,-0.010463215258855518
2021-02-01,,0.005996230940551683,0.02459300311742285,0.014652014652014822,0.0100782024452033
2021-02-02,,-0.00536444141689385,0.01690331304935766,0.015658301074333414,0.02175453901095903
2021-02-03,,-0.0045372827668862525,-0.00428486997635924,-4.2824718427536546e-05,-0.0015474919957311206
2021-02-04,,-0.003611971104231171,0.010276005342038763,0.010021413276231295,-0.007161562717118319
2021-02-05,,0.004919730709476822,0.004993941174310512,0.0056394165535957885,-0.0022070301986326646
2021-02-08,,0.00798763205359454,0.005480653293872706,0.006746215794577681,0.026111350884764795
2021-02-09,,0.006901840490797451,-0.0031614520876486196,-0.0031829794362776553,0.017245005257623625
2021-02-10,,0.006516036219006649,-0.005322251385243448,-0.0025209024830890048,0.023775067190407118
2021-02-18,,0.02497057339835207,0.00018324415451131948,0.0036224253401289097,-0.027160743134087117
2021-02-19,,0.01837421048314325,-0.0034810010626213916,-0.0005036303353338489,-0.010482615464452505
2021-02-22,,0.01425694724124038,-0.0276878952787174,-0.008733991182028111,-0.04431508286133834
2021-02-23,,-0.003811944091486774,-0.0029119237605415016,0.0005506841191171841,-0.008341107391757752
2021-02-24,,-0.010204081632652962,0.009443980884472403,0.01295512277730726,-0.03342371755851914
2021-02-25,,0.013933634020618424,-0.03704677813263202,-0.025704254785588798,-0.010133394400870133
2021-02-26,,-0.018667090316943247,0.009130282102306042,-0.0018017245077430744,-0.021168305378831853
2021-03-01,,0.011898980087420963,0.030158914279085902,0.02432420817396541,0.027712124793193293
2021-03-02,,-0.006799456043516505,-0.01880418871748679,-0.010027270820222478,-0.00948657505893169
2021-03-03,,0.02810889175257736,-0.029607528115675907,-0.01394304119342249,0.010157882516832917
2021-03-04,,0.0014101057579318788,-0.013520971302428242,-0.010315038466497617,-0.048325001436533954
2021-03-05,,-0.010482672299147344,0.018421578421578433,0.021713640508967735,0.0074870184760296166
2021-03-08,,0.000474345798086917,-0.031389782625755314,-0.007055723211629172,-0.049682368452594994
2021-03-09,,-7.90201501382759e-05,0.049704285830025174,0.022473353024271114,-0.03424355174370941
2021-03-10,,-0.0098782993519837,-0.006984911048508513,0.0025537972033826684,0.015541334726393963
2021-03-11,,0.02450315268576908,0.021685061402145323,0.008351776840522795,0.02604166666666674
2021-03-12,,0.013321907136179423,-0.011335108406238081,-0.0006626081914936632,0.0036974368615654285
2021-03-15,,0.008764511416929466,0.013811942136041866,0.008951141684969466,-0.0405844155844155
2021-03-16,,0.0040393262708633415,0.005730332814693817,-0.0012732574855217615,0.010412599245086529
2021-03-17,,-0.00910885076666157,0.0030563731039168207,0.002015134068103386,0.012108720855339428
2021-03-18,,-7.66048720698409e-05,-0.03408193206184418,-0.016458034065257587,0.016291205294641786
2021-03-19,,-0.0067417451926758964,0.009307940958834804,0.002962777499582847,-0.027864746399499096
2021-03-22,,0.012957963748553736,0.019100169779286746,0.00844601622633645,0.009855072463768266
2021-03-23,,-0.01012716058783203,-0.006853205103933835,-0.009860549550292808,-0.011162138027809743
2021-03-24,,-0.008692307692307777,-0.014067861227602063,-0.0025001041710072114,-0.012513707024446985
2021-03-25,,-0.004035074105687819,-0.0010827114187387243,0.00597351601988394,0.008557057939774015
2021-03-26,,0.006466692637319804,0.01571633182363641,0.018063283780417105,0.03354922279792749
2021-03-29,,0.008360427310729168,-7.622241701288335e-05,-0.00040788024635984854,-0.004073192129339653
2021-03-30,,-0.0006141563027789454,-0.0020581621374394787,0.00028563267637826684,0.013779651418863725
2021-03-31,,0.006145337225380354,0.016728411564755685,0.004772782899567618,-0.004468718967229335
2021-04-01,,0.003130248892960763,0.01607753277487678,0.009784418009825213,0.020698254364089674
2021-04-02,,-0.0070781642438542125,0.0009242485858995675,,0.013193256779868046
2021-04-06,,0.002069599877356998,0.01832015956268007,0.01258443229334194,-0.007113576079093353
2021-04-07,,0.008949743746653471,0.001559666303953433,-0.0006750049632717747,-0.00850030358227083
2021-04-08,,-0.0031842304776346086,0.011914677869119705,0.005562619198982821,0.00722596448254742
2021-04-09,,0.002509887435351521,0.006549280652780709,0.006875296348980431,-0.015199416342412508
2021-04-12,,0.006145209012973218,0.00042666666666657527,0.0023153598618632643,-0.022471910112359494
2021-04-13,,-0.010179460111597094,0.0111241425880515,0.0014094984534669397,0.008273335859542819
2021-04-14,,0.00038089433991017607,-0.015079086115993068,-0.005395472494819642,0.022298778578139666
2021-04-15,,-0.001142247943953567,0.015167196031547814,0.010063288651283475,-0.00465657741559955
2021-04-16,,0.01013951360829446,0.0010194754974337528,0.003424790815333756,-0.0026469682979377573
2021-04-19,,-0.00045283018867914304,-0.009727831431080025,-0.006205639374781802,0.0411677570670288
2021-04-20,,-0.0013591060102687846,-0.008936804028654488,-0.008742145728447226,-0.0006520837038355154
2021-04-21,,-0.004007258430364535,0.007943891791311941,0.008386156935312528,0.007414877209633408
2021-04-22,,0.003188339785925809,-0.015088043169554144,-0.011322817429329946,0.007831360772537321
2021-04-23,,-0.0027998486568292513,0.013841329344339126,0.011373509201484833,0.01840383267118484
2021-04-26,,-0.0073607527697677755,0.005688484374444469,0.0014057008980867813,-0.007974298663301016
2021-04-27,,-0.0012995948321994355,-0.004666454555095956,-7.798487093502171e-05,0.0061300023132084824
2021-04-28,,0.004210042865891106,-0.00522109749600419,-0.0019107783497114283,0.021784113116450232
2021-04-29,,0.004344843356963279,0.002392173664667263,0.004649345575307828,0.00022500984418072356
2021-04-30,,-0.009790528233151297,-0.007943009795191469,-0.007816753519483632,0.013497553568415643
2021-05-06,,0.01249329347742778,-0.014971994829814705,0.00830948927997488,-0.025192830586537984
2021-05-07,,0.007191521574564819,0.004264625478403339,0.004159378036929118,-0.03500882336198552
2021-05-10,,0.008417888012025365,-0.03052409988385596,-0.01428460823784461,0.003657385559226123
2021-05-11,,0.0003726615487815721,-0.004043278050241517,-0.011271256332718083,-0.000235100505466046
2021-05-12,,0.0037997317836386824,-0.026388001353230717,-0.021329837940895935,0.013697824808935888
2021-05-13,,-0.009871595041935577,0.01409211999536697,0.017776695482771165,-0.005741460302731594
2021-05-14,,0.0018740629685156662,0.02036853727251975,0.013598117797184672,0.03079794680354664
2021-05-17,,-0.0016460905349794386,-0.009141449945897495,-0.0059406719647493444,0.026143051154368324
2021-05-18,,0.0065952184666115965,-0.006853441783401193,-0.007677998970989863,-0.007499724274842801
2021-05-19,,-0.011763829945648174,-0.00034124516569356,-0.004387189406931613,0.00816757417490832
2021-05-20,,-0.008739546447675606,0.02218850749099177,0.013820454272323035,0.009258748966657349
2021-05-21,,0.0020521395454891067,-0.009090909090909038,-0.0032400821874506436,-0.009774477147381666
2021-05-24,,0.0006826456310677909,0.019134993446920046,0.011575358756838128,0.008768059997794175
2021-05-25,,0.00970211475782623,-0.0006246325690770771,-0.003997178462261997,0.027824851035915366
2021-05-26,,0.004579235793108705,0.0004411926909078101,-0.0009836323575700412,-0.009360706307839584
2021-05-27,,0.001345090419967221,-0.004777479695711295,0.00019692016856365235,0.009341780307097425
2021-05-28,,-0.00029850746268667017,-0.0011816402643920476,-0.0018113088675382194,0.0022340425531917063
2021-05-31,,0.00022394744699916203,-0.002735775814262986,,0.02382974206559818
2021-06-01,,-0.00044779461153832134,-0.004189063948100036,-0.005009861932938953,-0.002591882224871722
2021-06-02,,-0.000746658702307057,0.004355595264686318,0.004678269833088944,-0.017098903383400033
2021-06-03,,0.008219382799073305,-0.010341376626264998,-0.0029201688962551264,-0.012373096446700593
2021-06-04,,-0.0037797376417401107,0.022134831460674187,0.012862627142122163,0.01274226362565578
2021-06-07,,-0.004017259336408285,0.0008427686783187838,-0.0025007814942170636,-0.004123493338972328
2021-06-08,,0.0038093815357036487,0.00029289009299282576,-0.0006659354434346287,-0.006104682025692698
2021-06-09,,0.006920157749832567,0.0013176195007684743,-0.0010975657559484375,-5.34102440847839e-05
2021-06-10,,0.0020691693762933117,0.010563637692813765,0.004905230938272664,0.024035893601110914
2021-06-11,,0.002286135693215341,0.0008319166636525654,0.00015620118712900144,0.004016273732526665
2021-06-15,,-0.009712309616658032,0.006360679436212546,0.003279712634702392,-0.011013559145929719
2021-06-16,,0.0001485994501819743,-0.0026215614450909586,-0.005448318804483154,-0.041498135210379816
2021-06-17,,-0.002154371889161344,0.016454830230799633,0.002973861324151006,0.020277305858497296
2021-06-18,,-0.0031268612269207408,-0.006978391781792381,-0.012172284644194842,0.015899446742224876
2021-06-21,,-7.46825989544897e-05,0.009346127777975832,0.016864139020537072,0.009570136942843588
2021-06-22,,0.006572559563821079,0.010567238027920034,0.00613663727812952,0.003508955692887783
2021-06-23,,0.005490836239519181,0.0005945303210463937,-0.0010036672457055529,0.011168519388340847
2021-06-24,,0.0037635598848795304,0.008633043235119375,0.00900343908188117,-0.0117677419354838
2021-06-25,,0.004999264813997817,-0.0032573289902281255,0.0021063112745096646,0.020838773698229396
2021-06-28,,0.00036576444769553795,0.009908218606591745,-0.0003439446631251508,0.01928783382789323
2021-06-29,,-0.004972577696526481,0.003167062549485289,0.00015291688967034034,-0.0018571500276063357
2021-06-30,,0.0017637980451237212,-0.00044610685975088327,0.00187294549346384,0.020718093130845716
2021-07-01,,0.004328369158535628,0.0022315297995056937,0.006905497691808815,-0.006256774066410342
2021-07-02,,-0.003725346968590282,0.012605761655191339,0.007615944225522808,-0.034951167517723425
2021-07-05,,0.0006598724246646981,-0.0003721119041981691,,0.005496763587794051
2021-07-06,,0.006960726846424459,0.003824027072758085,-0.003609972549167062,-0.017830685127471435
2021-07-07,,-0.0041475660336171005,0.004820820550854643,0.0056610182284786426,0.03573657927590501
2021-07-08,,-0.008914218909834903,-0.0067100583775079325,-0.009269336135399708,0.006981065742554193
2021-07-09,,0.0022117369507519413,0.0075322569749374235,0.012007575757575717,-0.006783042394014838
2021-07-12,,-0.003457407679858693,0.003788259747225853,0.003855223266085339,0.03625590037159787
2021-07-13,,0.0051671956890824156,-0.0003005811235055056,-0.003952274422073021,-0.00557278542353179
2021-07-14,,-0.006976573400895858,0.0033073864965089683,0.001983978438272027,-0.007358315871546117
2021-07-15,,0.0019227924863185475,-0.0096563665423548,-0.005753353009302353,0.013892979872361488
2021-07-16,,-7.381163271336089e-05,-0.007027099724295605,-0.006613309284936086,-0.02929356509950143
2021-07-19,,-0.005610098176718092,-0.010361290759489439,-0.015962476831713035,0.004938148443734969
2021-07-20,,-0.0028208744710860323,0.014746638382317823,0.017528349029406032,0.004119720057576881
2021-07-21,,-0.0008933224149482166,0.007417897363274584,0.00774432397718261,0.02753336628769154
2021-07-22,,0.007823560092392379,0.0037820469910971877,-0.0007122507122506727,-0.004570164044835789
2021-07-23,,-0.005397013159840425,0.011836884398652936,0.010128671643470533,-0.020925961724337805
2021-07-26,,-0.018434549914517206,0.002636261780794902,0.004047981579826887,-0.02843180808529544
2021-07-27,,-0.016736084816357466,-0.01186485242884383,-0.005178280810770763,-0.04079662653050853
2021-07-28,,-0.0023875539125077783,0.007117911192416448,0.0026769779892921175,0.016260593220339015
2021-07-29,,-0.0012352350806761336,0.0021136761451832076,0.004486799169385769,0.05321311304529108
2021-07-30,,0.0019324418335007199,-0.011172263784068881,-0.010447044925984583,-0.005690815518606396
2021-08-02,,0.006866224348094363,0.0010665244634049387,-0.0010445422666567339,0.015428258597521394
2021-08-03,,-0.00015324496207180793,0.00579304834198946,0.007394129509298741,-0.0042150664118021375
2021-08-04,,-0.0004598053490688647,0.0022840119165838946,-0.003966488730723583,0.024363833243096877
2021-08-05,,0.0015333895576170598,0.0072327355592984865,0.006550299601771448,-0.008408610417067086
2021-08-06,,0.004286917247186661,-0.005770870220998092,0.0007764836383805651,-0.011629597325192642
2021-08-09,,0.011128897019589967,0.00494690323857272,0.002327643538018176,-0.009658283080845154
2021-08-10,,0.003844704108556307,-0.005480441060645935,0.0010321058645730297,0.0034653465346534684
2021-08-11,,0.007509762691499056,-0.002012869163504405,0.002283020952240644,-0.009028120374938275
2021-08-12,,-0.0023852116875371365,0.003041925671207535,0.0019839082993495794,-0.014586548513964348
2021-08-13,,-0.0010460251046026103,0.0039227320675105926,0.0023099769002310477,-0.012074365969485745
2021-08-16,,0.007778608825729227,-0.0010507305861107152,0.0013169446883232183,-0.012937867553055482
2021-08-17,,-0.009054475285735442,-0.008447556125299904,-0.006283793657752446,-0.023365454357061388
2021-08-18,,0.011983223487118,-0.007292978850361287,-0.008419117647058938,0.0075327568829239855
2021-08-19,,-0.00851095322676143,0.004274360515594822,0.0003336917429832553,0.009161269941557526
2021-08-20,,0.0015675151153244915,0.012801755669348935,0.010118606375092654,-0.02598215683205518
2021-08-23,,0.0027574899388880247,0.01444564824846517,0.008292665027703539,0.03149606299212593
2021-08-24,,0.006837606837606813,0.0004207255898249773,-0.0009825685068597378,0.011372487926468278
2021-08-25,,0.005610098176718203,-0.00048524844720498894,0.001019962115692996,0.0053399055247485006
2021-08-26,,-0.0008074579754827615,-0.006052367543774473,-0.005786026200873429,-0.024923391215526003
2021-08-27,,0.0009550396708786213,0.012243568870074828,0.010834156875663359,-0.0022522522522522292
2021-08-30,,-0.0019082568807339273,0.008331724892234549,0.0014845928232611882,0.004409680298178342
2021-08-31,,0.014045150378704241,-0.0013718296379008343,-0.0012293007448116455,-0.017509015836512876
2021-09-01,,0.01298042059463378,0.002108491470193652,0.0003620040544454195,-0.008298755186721851
2021-09-02,,0.012670914167084213,-0.0017533792399898607,0.0016284287471954872,-0.015127132281943956
2021-09-03,,0.006857062067015196,0.0029380768370963484,-0.0005780555655912067,-0.011601307189542553
2021-09-06,,0.011163378501720223,-0.000796051584142643,,0.04077809004243127
2021-09-07,,0.013817525343702286,0.001784576163161411,-0.004121028088059919,0.00725366654312487
2021-09-08,,0.014245599616464766,-0.0015269118208424137,0.0007985770808376369,-0.009777123633305407
2021-09-09,,0.01634141400499689,-0.004651459156365445,-0.00540422908128102,0.0007431786813887342
2021-09-10,,-0.006311872965251486,-0.008482171435887587,-0.008423893224418277,0.0030765966475705397
2021-09-13,,0.012904519925113656,-0.001452690706007731,0.0010665293663343345,-0.01152829190904281
2021-09-14,,-0.020595418839527313,-0.0031682400103452135,-0.005510653930933196,0.013374705756473482
2021-09-15,,0.0,0.007426866446130775,0.00834872552641297,-0.011192059972547796
2021-09-16,,-0.009705466064568236,-0.0015774393973537748,-0.003956623681125482,-0.02215696743192741
2021-09-17,,-0.0006805962022732315,-0.008963693815696172,-0.006289539502721708,0.020584220584220603
2021-09-22,,0.0159367976571545,-0.007775897969807377,-0.006033238331420998,-0.008934303445324199
2021-09-23,,0.014413085741100895,0.009869823261304367,0.012996201683175723,0.005560053981106705
2021-09-24,,-0.017380385937086906,-0.0013637249172023802,-0.0008087343307722206,0.007891346360317852
2021-09-27,,-0.02273185822852919,-0.006730394069449863,-0.001398035392369712,0.007509986684420822
2021-09-28,,0.019337967104810394,-0.02959180333235123,-0.021589360055999762,-0.006238105307676101
2021-09-29,,-0.016473129894679972,-0.00037105751391464104,0.0024475656135858337,-0.011224598361527782
2021-09-30,,0.001784733662822502,-0.0014172909495849817,-0.009015100292990796,0.021843223758540864
2021-10-08,,0.00911333424695071,0.004899972965666466,0.015768326889546103,-0.0005265097667561669
2021-10-11,,-0.003598832077137182,-0.009045969667417664,-0.008843943577879099,-0.0143812885213086
2021-10-12,,-0.01301621916314577,-0.00410614904302975,-0.002898987236926276,-0.018011758417958323
2021-10-13,,-0.009597459089967564,0.009847684601492546,0.005512762422594575,0.02280520328743263
2021-10-14,,-0.0050892359174566915,0.01585909029558641,0.014081862561021508,0.0017560664112388213
2021-10-15,,-0.005535701772826029,0.005879226732212972,0.006998703943714046,0.018804780876493954
2021-10-18,,0.006764374295377795,0.008783806095829183,0.0019857321467970923,0.00015642108556224166
2021-10-19,,0.0018896976483762096,0.007201545058758141,0.0074867880211391125,0.0063079970805963725
2021-10-20,,-0.0020957038071951484,-0.004810036075270641,0.0,-0.0036781847381235355
2021-10-21,,0.0028701435071754045,0.0038209072205348527,0.00029141774734076087,-0.0017158901830283124
2021-10-22,,-0.007887756526595013,-0.00650660420326632,0.0010924981791697874,0.0015625813844470926
2021-10-25,,-0.0011960880883697955,0.008481236492239086,0.0030192797380865777,0.016173487960892352
2021-10-26,,-0.007537334460411382,0.00237036074942365,0.0012693577050013616,-0.003326509723643789
2021-10-27,,-0.009723898076513637,0.0019760285066408034,-0.005541871921182384,-0.005442875481386333
2021-10-28,,-0.00946100917431203,0.012932009957647761,0.011364050264068615,-0.009138313800402753
2021-10-29,,0.002677279305354663,0.0037981551817687365,0.0012604890697589521,0.02209253855773241
2021-11-01,,0.005268095547376728,0.007694753577106583,0.006078699374145735,-0.005709624796084833
2021-11-02,,-0.01780330222541271,0.0015145778114349362,0.0008937828465196418,0.0023072190319934904
2021-11-03,,0.007089606782634039,0.011783238815374908,0.00746535219317046,-0.0037342063532661562
2021-11-04,,0.0017417809710429388,0.010462726536712985,0.002198191809962946,0.010474430067775709
2021-11-05,,-0.010360066652177036,0.0015100154083202977,0.0043513637810874695,-0.0028963414634146645
2021-11-08,,-0.0010248901903368024,-0.0018462106526353494,0.00045790771398390717,0.00825561840697131
2021-11-09,,0.0,-0.00801504362033345,-0.0042953209168045126,0.008642911296436795
2021-11-10,,0.00036640773853147124,-0.01385997078840251,-0.007390120575651582,-0.002956504309480912
2021-11-11,,0.019046223719874078,0.00592443197932746,0.003526645768025194,0.009850731266020096
2021-11-12,,-0.0007188555819136466,0.009304219792612978,0.006105569557346202,-0.0008958343701788163
2021-11-15,,0.005323358031796399,-0.002762430939226568,-0.0026108739371272227,-0.00811955168119538
2021-11-16,,-0.005724508050089505,0.007718883251890851,0.004280307050125609,-0.0023101647247891766
2021-11-17,,0.0005757466714646498,0.00012354449146001478,-0.002254314899612586,0.008003624282693966
2021-11-18,,-0.0042436884125728325,0.008801457644915134,0.0013768269434442093,-0.010986267166042452
2021-11-19,,0.010257151112395224,0.005877670972876947,-0.0010576414595452333,0.0101994445847009
2021-11-22,,-0.0038610038610039643,-0.009799744354495155,-0.0012705134992059275,0.02529114809816546
2021-11-23,,0.00272753373528567,-0.004733218588640287,0.001307466694936199,-0.003656218008092349
2021-11-24,,0.003937007874015741,0.0032734235068865303,0.0019057029926594637,-0.0038653488599668107
2021-11-25,,0.0019251336898395977,0.0011696626446688896,,-0.0011788398251386667
2021-11-26,,-0.004056362083689202,-0.021521244542827334,-0.022190912293061027,-0.0014752889107451095
2021-11-29,,-0.002643801357627762,0.02205743731540255,0.012139769452449656,0.009800541738487878
2021-11-30,,-0.0005731480154749224,-0.016877766847024134,-0.019895362494216418,-0.0022922356613341854
2021-12-01,,0.012114695340501802,-0.017355139310172407,-0.013363352458421018,-0.006354792980397872
2021-12-02,,0.00439124583894035,0.007319246435845361,0.01475892528524092,-0.0016234564864467949
2021-12-03,,0.010577533319229948,-0.016901497441081714,-0.008124478618838582,0.0033014684143095607
2021-12-06,,-0.0016049124276045212,0.008001542466017586,0.011116393023000715,-0.020775011050537695
2021-12-07,,0.010204081632652962,0.030795715378729938,0.02122888864778849,-0.010783428628749148
2021-12-08,,0.0031825100318250144,0.0033401373167563086,0.002124796373681015,0.01642752116817947
2021-12-09,,0.006620689655172374,-0.01769311386474337,-0.009753339458619004,0.01017608619743604
2021-12-10,,-0.007536311318169342,0.014277645286808083,0.012632931268289127,0.002320873043306415
2021-12-13,,0.0015877398867871761,-0.01599480246264262,-0.009656047363969633,0.009508325943442753
2021-12-14,,-0.005720587221724416,-0.01031251965038038,-0.007259269802860957,-0.0009272363476647838
2021-12-15,,0.002564813531124255,0.02414384649596535,0.01688293067603408,-0.008548261039468597
2021-12-16,,0.007813040171471997,-0.027514113778770444,-0.009905178187458064,0.007390254717446032
2021-12-17,,-0.0007546652030736567,-0.0038276291027399267,-0.010146681857020834,-0.015796938426175133
2021-12-20,,0.005561277033985679,-0.0066280298421440564,-0.007193468330755626,-0.02941761081295957
2021-12-21,,0.01768400928581193,0.019920061887571006,0.014599862333804392,0.005171001433544875
2021-12-22,,-0.003555853740355497,0.012578218823083187,0.009747911161893885,0.005450007640197541
2021-12-23,,-0.004039859951521674,0.007584269662921361,0.00541037519007026,0.0015704154002027515
2021-12-24,,-0.0012844780962683044,0.0005885450546727622,,-0.02255829244853569
2021-12-27,,0.008799837541460631,0.015726580397498635,0.014138998311761464,-0.0009831824062095373
2021-12-28,,-0.003891833858954641,-0.003962206644315902,-0.00034681279045567504,0.010514865844815091
2021-12-29,,-0.0022229706972043406,0.00021419828641366934,0.001457119067443724,-0.013942283048849258
2021-12-30,,0.007088846880907385,-0.005170251170189988,-0.003914640060971308,0.012320008317305176
2021-12-31,,0.013608634443923018,-0.005504643582015967,-0.0013563802038049078,-0.00010270103728049484
2022-01-04,,0.01984126984126977,-0.0003092241565911813,0.006268719091732322,-0.02192892358258014
2022-01-05,,-0.004150453955901412,-0.031952735933681864,-0.01958884197411226,-0.02719873982672616
2022-01-06,,0.008140140661630602,-0.001853271983640048,-0.0017297373623270662,-0.010687105305769995
2022-01-07,,0.005426006071959089,-0.011236314744862086,-0.003677640652073988,-0.00971138632767743
2022-01-10,,0.008416318663668543,0.00035613688606850324,-0.0029103815439218694,-0.00044074706627728055
2022-01-11,,0.0027395514780834684,0.014920059550779907,0.009646531164346994,-0.012621947858678206
2022-01-12,,-0.006671326005464273,0.003986096495423919,0.0023621492032155356,0.025901529529976486
2022-01-13,,-0.006076499936036761,-0.028141278109515944,-0.015933312229608587,-0.016976820111002322
2022-01-14,,-0.012098590642898643,0.009445061768742935,0.00289513188934154,0.011624045167718311
2022-01-17,,0.004950817536316876,-0.0012302910609640616,,0.01614138761216899
2022-01-18,,0.006028391780644293,-0.026645920451230265,-0.020813286289603994,-0.0079155672823219
2022-01-19,,0.005347938144329989,-0.010024311453025625,-0.008116469517743363,-0.021710811984368195
2022-01-20,,-0.0030763314747163095,-0.015642871560250238,-0.013099955966534682,-0.0032179316466932617
2022-01-21,,-0.011314689810350442,-0.027886948498000663,-0.018813905930470276,-0.010241567405098517
2022-01-24,,-0.0047467325573834485,0.0030585340130075966,0.0014399939368676673,0.007029580474637198
2022-01-25,,-0.030968247745981947,-0.024709098556007336,-0.01210882809248115,-0.02635840732674366
2022-01-26,,0.007955771305285797,-0.0002874905667159533,-0.004251733251618317,0.009693145970748551
2022-01-27,,-0.013578595317725872,-0.010712103238793569,-0.003192798892137305,-0.03209497841399678
2022-01-28,,-0.0012205872380821603,0.03837069873914456,0.03040944699571657,0.0006455777921239303
2022-02-07,,0.02254056622988654,0.006683696679147477,0.009025879180554863,0.003108504398826817
2022-02-08,,0.022574862226943715,0.012201056729699733,0.008202806027763243,-0.02408934105127747
2022-02-09,,0.008960457113174503,0.02228785329166505,0.015940801826013207,0.013060931040680623
2022-02-10,,0.008430400926700443,-0.024791722655200132,-0.018843310624728216,-0.019338813649535824
2022-02-11,,-0.007083599234205429,-0.030451257320013747,-0.017690944009454812,-0.028102762031118056
2022-02-14,,-0.012661482100392085,0.0010658708164570374,-0.004135804790013964,-0.005336311739885802
2022-02-15,,-0.0021481577919542083,0.024488926746166984,0.01491297617699261,0.03056768558951961
2022-02-16,,0.00665405440668021,-0.00315249774821591,-0.0012275872330929083,0.0006658595641646503
2022-02-17,,-0.00861901367377349,-0.032076455256298764,-0.023278334388617816,0.007501058617143563
2022-02-18,,0.01673421362269578,-0.011202068074106064,-0.006711409395973145,-0.0045631942359651845
2022-02-21,,0.0030860228880031926,0.0007625272331155397,,-0.007841244948428638
2022-02-22,,-0.01307524676323546,-0.008961938971735472,-0.007985257985257954,-0.013557055140130059
2022-02-23,,-0.0027276269645408746,-0.028996119206267768,-0.02109133126934981,0.028226303463577018
2022-02-24,,-0.01973170096379262,0.03389638790438121,0.014469262700138374,-0.02079836969551674
2022-02-25,,0.0013286388095397061,0.01619196965829106,0.023459724874322907,0.025463671420701495
2022-02-28,,-0.002388376567372119,0.0020455768885696557,-0.004378783840383926,0.00877454784217746
2022-03-01,,0.00678326793908357,-0.01916051858749357,-0.018662995257763493,0.0015384615384617106
2022-03-02,,0.007266001717418424,0.021871690948260136,0.023967264224473928,-0.017606049864114404
2022-03-03,,0.01364023870417741,-0.019616951332809274,-0.010656517602283588,-0.015034880923743166
2022-03-04,,-0.006922429967005317,-0.010022961694062693,-0.0034622042700518385,-0.015203321528880154
2022-03-07,,-0.00547231270358306,-0.03471762020469771,-0.026712989770314555,-0.04271808543617084
2022-03-08,,-0.027512118433119404,-0.008352721308974465,-0.012096934121286651,-0.017940414507772062
2022-03-09,,-0.014414657146706089,0.03596153846153838,0.025734703709651363,-0.006529050979357631
2022-03-10,,0.016129032258064502,-0.012251717096714243,-0.005401385572820772,0.026221455124801007
2022-03-11,,0.010626849609900457,-0.01856793835745152,-0.00983825902168367,0.011708389934665941
2022-03-14,,-0.012644749101557218,-0.016468155183639088,-0.004252613171177644,-0.0354219948849106
2022-03-15,,-0.04738473982205449,0.03613566449904604,0.025265426678374947,-0.025520349993371272
2022-03-16,,0.026179862732611525,0.037731594573264804,0.02308560750574218,0.05128902795728196
2022-03-17,,0.010480590222712527,0.005613298084235829,0.006240487062404876,0.028663862827563946
2022-03-18,,0.022517911975434846,0.022255834053586776,0.011949780668582655,0.001069316895206729
2022-03-21,,0.005005005005005003,0.001409145353343133,0.00332585949177866,0.004586867734841293
2022-03-22,,0.012350597609561698,0.019805811580946964,0.011099109836492982,-0.013760320240180146
2022-03-23,,-0.000655909746818728,-0.01562661699265222,-0.01396102700114199,0.01033739218670715
2022-03-24,,-0.0006563402467839596,0.023654331370899895,0.01550358637178717,-0.0034523884250832193
2022-03-25,,6.567713122285213e-05,0.000855841977337235,0.006584997976676554,-0.02494331065759625
2022-03-28,,0.012674853877979952,0.016520727869749674,0.006907389810686393,-0.016537467700258435
2022-03-29,,-0.0022697795071335847,0.015310070998351133,0.010780007985191187,-0.0006568575932737186
2022-03-30,,0.019824504387390363,-0.012295353615695559,-0.007325481183567906,0.03996319179702912
2022-03-31,,0.005035054174633569,-0.017045263899607477,-0.016784835769063866,-0.013904689672607828
2022-04-01,,0.012873359122328676,0.001809182454343805,0.003679175864606421,0.0026919625689014737
2022-04-06,,0.017843726521412417,-0.020648766525828033,-0.00967741935483879,-0.012400920480695521
2022-04-07,,-0.025035369379344252,-0.0001043768700856873,0.002146875925377545,-0.020970873786407718
2022-04-08,,0.006813880126183003,-0.014649083127457496,-0.0028071212233137244,-0.003305566574110741
2022-04-11,,-0.01654342649454832,-0.02457800692139267,-0.017038299133269263,-0.041721942159724024
2022-04-12,,0.00911176245699008,-0.0012309029034827113,-0.0010550908131735648,0.024711012666989607
2022-04-13,,-0.011997221696028348,0.019138755980861122,0.010637495284798293,-0.02249392056201016
2022-04-14,,0.010353422381287114,-0.026497368046663805,-0.015452373842938183,-0.0001382074493815333
2022-04-15,,-0.0035422860395977196,0.005443717803514714,,-0.002418964683115643
2022-04-18,,-0.008442836285151967,-0.00043604651162787444,0.003184471908408426,0.011223500069280856
2022-04-19,,0.008642765685019205,0.020793950850661602,0.01541833572670237,-0.01370238421485337
2022-04-20,,-0.01904157410345908,-0.010897435897435859,0.003647190174916437,-0.035843289802723
2022-04-21,,-0.018764153995470823,-0.01807445812630526,-0.013126668644319217,-0.02146974063400564
2022-04-22,,0.00797889878008573,-0.018957172191258365,-0.020214924475839724,-0.006994551612428235
2022-04-25,,-0.04108334423655635,0.018164829003924465,0.01050774658689968,-0.05568325053755463
2022-04-26,,-0.012279983626688473,-0.029514335009728,-0.017988614800758862,-0.009029522613065333
2022-04-27,,0.00821936731592765,-0.00034043197034461237,0.0022414592672745925,0.054750019808256
2022-04-28,,0.008015345618962888,0.035303466020887075,0.02521786072337462,-0.01847956730769229
2022-04-29,,0.02181595759140964,-0.03687730711596793,-0.028208214231984274,0.041099035665085104
2022-05-05,,0.010309278350515427,-0.008158773527626062,-0.004025079340506332,-0.012791296037638844
2022-05-06,,-0.021395655036207994,-0.0017216972108505812,0.004274500660604641,-0.018616427135304092
2022-05-09,,0.01257988563740331,-0.03204047217537942,-0.02391270701129855,-0.007436072539646399
2022-05-10,,0.011161307467446147,0.016431738992714662,0.005946245936731875,0.021481538108707232
2022-05-11,,-0.003153745072273284,-0.028631529741731998,-0.014186633039092067,0.030384672953150726
2022-05-12,,-0.0014500395465332216,-0.002005133140840498,-0.0009593859929644122,0.0022515979081927373
2022-05-13,,0.013795379537953956,0.046130354416137775,0.0330505761843789,0.002898760779766585
2022-05-16,,0.0007161924604466297,-0.01206115080279635,-0.004415524052986286,-0.011417009899559072
2022-05-17,,-0.012296681847755342,0.02577760497667181,0.01991907874260823,0.01622688399970773
2022-05-18,,-0.005467360516435038,-0.05666527688284129,-0.04615501983521508,-0.0015823922894341313
2022-05-19,,0.006888329580076791,-0.0036162005785920215,-0.004318963448772362,0.005403068943159672
2022-05-20,,0.003881068280489508,-0.00463747076377119,-0.0003213109486704946,0.016766981943250325
2022-05-23,,-0.0021623746805583544,0.005104727950411281,0.007553234230614825,-0.00303030303030305
2022-05-24,,-0.02659574468085102,-0.025152162521665633,-0.01092591115718955,-0.03795857779034428
2022-05-25,,0.018080010794036427,0.014761215629522484,0.009192065795839532,0.003232916972814026
2022-05-26,,0.009608375853157547,0.03096732132670499,0.023090444231383733,-0.0019042038962940877
2022-05-27,,0.0027566290364924306,0.04232866967038196,0.03436157750878577,0.0007337833871441379
2022-05-30,,-0.0003272679670113243,-0.004967201304364344,-0.005134012835032009,0.01180525003666233
2022-05-31,,0.00019642506383821257,-0.009412392348144283,-0.012673597935797365,0.022972679179650735
2022-06-01,,-0.0020293270489657456,-0.006770532794768136,-0.006840891621829326,0.009917823746103727
2022-06-02,,-0.005182026894063663,0.033967233432743216,0.025385032118257156,0.01220538720538733
2022-06-06,,-0.0014506132137676042,-0.028655978423733797,-0.019322212997207378,0.038600138600138445
2022-06-07,,0.0036318013734812915,0.008291234429832928,0.008850919726006268,0.0
2022-06-08,,-0.0005263504177906997,-0.007725847165914512,-0.010985657613670985,0.008340561820244341
2022-06-09,,-0.0005924560595088613,-0.024745605920444058,-0.021135452020981216,-0.02944679724722088
2022-06-10,,0.006520879989461159,-0.03276420836297522,-0.02647754137115832,0.022294947842094626
2022-06-13,,-0.01485504875335375,-0.04319045478690786,-0.03610166747612109,-0.0037348272642390157
2022-06-14,,0.014680483592400595,0.006491288008199314,0.0010077258985554671,0.0008033203909492137
2022-06-15,,0.010932896890343713,0.02520366598778012,0.015100671140939603,0.010568561872909665
2022-06-16,,-0.012045071881880531,-0.04614684214882869,-0.03867768595041321,0.003971405877680745
2022-06-17,,0.0007865757734661916,0.009675879724042158,-0.0004298486932599044,0.02742616033755274
2022-06-20,,0.0005894681687190761,0.003008165019338316,0.002924228089790981,0.019635523613962924
2022-06-21,,0.0013091575571120284,0.02043701799485853,0.02023840150930467,-0.006293266205160464
2022-06-22,,-0.009936588873635466,0.0021413276231263545,0.0026056989156930666,-0.005826472450918274
2022-06-23,,0.012479366127434943,0.014161220043573008,0.0090543259557343,0.030768250732577496
2022-06-24,,0.0012390765618885968,0.03338015368090552,0.029494848786972394,0.023113528212100443
2022-06-27,,-0.000521070800495127,-0.010234268809466651,-0.005326446614478342,0.0022349743279976853
2022-06-28,,0.009318996415770497,-0.02952580983924391,-0.018904665314401492,0.003435390549662465
2022-06-29,,-0.007102272727272707,0.0032879677030008825,0.0007442937479325007,-0.024806294672352736
2022-06-30,,0.0016907270126154117,-0.01190574960590729,-0.007437401867614213,0.01515151515151536
2022-07-01,,-0.00012983640612829195,0.003316679961375524,0.006743818166680571,-0.010132265501759607
2022-07-04,,0.0001947798987145255,0.0029291154071469094,0.0029771749917300028,0.01869445295740113
2022-07-05,,-0.0022070756247971612,0.015687583444592867,0.0004947229551450771,-0.003369434416365724
2022-07-06,,-0.011580248519939995,0.009858692080183973,0.007252348772045503,-0.007848345810190893
2022-07-07,,0.0009214769959848823,0.02001301659616006,0.013582065128456833,0.016733601070950455
2022-07-08,,0.0026961267837180003,0.0006380602966979954,-0.00145301905069406,-0.011131725417439675
2022-07-11,,-0.0014428121720880815,-0.023912003825920625,-0.013581244947453608,-0.01755129213823159
2022-07-12,,0.003349533692368345,-0.004899559039686419,-0.004507457793804348,-0.02316269327912268
2022-07-13,,0.0015709890685344785,-0.001477104874445967,-0.004527866963035976,0.016270416850602043
2022-07-14,,-0.01078360891444996,0.0031229454306376248,-0.003142573602381793,0.026062674526838414
2022-07-15,,-0.019489957716701922,0.02179256103555649,0.022565123610419624,-0.020381009978832854
2022-07-18,,0.01913617680749269,-0.00978191148171903,-0.00916761317540149,0.014261019878997416
2022-07-19,,0.0047603305785124395,0.031093117408906856,0.02759354785883872,-0.017529977478848324
2022-07-20,,0.003882345199710535,0.01570598397989631,0.006135458167330743,0.0052041385292112
2022-07-21,,-0.009176717357105457,0.016854801298902045,0.012116892373485566,-0.004992295839753469
2022-07-22,,0.0011246361471288768,-0.019008515815085114,-0.010719874804381857,-0.0050173439048563084
2022-07-25,,-0.004229168043349052,-0.005270500697566183,0.0015819030293442449,-0.011641660959970213
2022-07-26,,0.006503417612316653,-0.020414523920835315,-0.012477296059385634,0.0030864197530864335
2022-07-27,,-0.0007911914023867039,0.04581609926821506,0.029828068772491,0.0003767660910518611
2022-07-28,,0.002441438469152013,0.004411317310617502,0.007532225500854306,-0.00307576423325584
2022-07-29,,-0.0038836229594523264,0.01847645009844001,0.014643545279383385,-0.013033622969399472
2022-08-01,,-0.0012555342628692845,-0.00014869888475832482,-0.002506646410938118,0.023349282296650786
2022-08-02,,-0.023818975784041352,-0.0032718619869125387,-0.0067011879378616745,-0.02001122124555832
2022-08-03,,-0.0090145045411415,0.032527603700387875,0.020699172033118662,-0.018320610687022953
2022-08-04,,0.005608371520415822,0.002023121387283444,-0.0033047919483250032,0.004471228615863243
2022-08-05,,0.009861932938856066,-0.010960484568791506,-0.004822908816880189,0.01645055157731745
2022-08-08,,0.002289870689655249,0.0004374453193352057,0.0028774799333637358,-0.002919522721502865
2022-08-09,,-0.002419029700309161,-0.013117621337997432,-0.005813953488372103,0.007065563335455272
2022-08-10,,0.0006735821096592876,0.02865160242209419,0.02172096908939003,-0.013336704380254139
2022-08-11,,0.016020463112547123,-0.010337401292175086,-0.004682970341187809,0.023446508648302444
2022-08-12,,0.0043063468928050685,0.021761207021616213,0.01874533233756548,-0.011204306459689395
2022-08-15,,-0.0037601424896102076,0.007241232429362476,0.003885345649145888,0.010191808571247796
2022-08-16,,0.0019202754602039018,0.0022554271215109445,0.006645246093179624,0.004699837072314805
2022-08-17,,0.006939395942105797,-0.009845288326300938,-0.005223068552774879,0.016777895590345038
2022-08-18,,-0.007613546862693665,0.0015624999999999112,0.0014584700649018512,-0.0007361059992639918
2022-08-19,,-0.0005291005291004902,-0.015742447879733334,-0.009029345372460473,-0.014855739717618222
2022-08-22,,0.0035733192165166017,-0.02463976945244961,-0.019325446395767498,0.016139082751744693
2022-08-23,,0.0020440458921271443,0.003988772344511782,0.00247265098156757,0.000490586864536624
2022-08-24,,-0.011581233138119429,0.0007357268981755816,0.0008969280215260778,-0.03610174685871892
2022-08-25,,0.01231609080620455,0.019555947654756656,0.016354267791800492,-0.004324049345033609
2022-08-26,,-0.001381033802446363,-0.041534467839630884,-0.03445995591476847,-0.010026823349086778
2022-08-29,,0.001843924925913898,-0.006620523623231955,-0.0035765923445705283,-0.00367718211728274
2022-08-30,,0.004929994084007072,-0.009845501363223375,-0.009469986253245688,-0.006928256928256937
2022-08-31,,-0.005298273155415978,-0.004283310387027561,-0.006168080185042446,-0.01584403729542938
2022-09-01,,0.0014467021766291221,-0.0009218005838070864,0.001861908456167738,-0.014045316019610565
2022-09-02,,0.003545866439030876,-0.013070890358296117,-0.009369676320272524,-0.000403171616718101
2022-09-05,,0.008179022443237649,0.0010906824555936279,0.0010943484718204388,0.0018150040333422268
2022-09-06,,0.005776220145379041,-0.005758754863813165,-0.002654798157257665,0.0010736093404013491
2022-09-07,,-0.0027747305930180266,0.02113337507827162,0.019024504814843857,0.011662980092499442
2022-09-08,,-6.470816617065722e-05,0.005059021922428242,0.006223110018438893,-0.01835287881799519
2022-09-09,,0.006082961237300344,0.02089688834655279,0.014583492402840292,0.009921706263498864
2022-09-13,,-0.003087412362513642,-0.04646645749290301,-0.03544551475015045,0.0008688097306690512
2022-09-14,,-0.007806955287437911,0.010968348480100198,0.0061636888507450305,-0.01816239316239321
2022-09-15,,-0.0010404473923787405,-0.017203967761934336,-0.01155397022332516,-0.031556039173014194
2022-09-16,,-0.024671266762140376,-0.0028386689796562337,-0.004471640385973252,-0.02324438202247181
2022-09-19,,-0.0032036307815523912,0.009014708208129107,0.007722616233254653,-0.007045797684952171
2022-09-20,,-0.001004352192835678,-0.007523510971786829,-0.010556771973725287,0.007095793208312218
2022-09-21,,0.006434316353887359,-0.017056222362602735,-0.01635975657946742,-0.01466676252785959
2022-09-22,,-0.0074587107085776205,-0.008033419023136257,-0.005302908565000708,-0.005107624954396317
2022-09-23,,-0.00026838432635534204,-0.014901198574667984,-0.01558966074313417,-0.006747341400806683
2022-09-26,,-0.0208724832214765,0.0004932587964485702,-0.005169442848937389,0.008269954958280978
2022-09-27,,0.013571869216532972,0.007559572719802787,0.003629165291983094,0.021896741120468688
2022-09-28,,-0.007912355447352248,0.025444462567281168,0.025065746219592455,-0.025225741722803452
2022-09-29,,-0.009270620313565181,-0.02878956577063785,-0.021245891124829552,0.008160564622849531
2022-09-30,,0.0030273840649510664,-0.01867016049787107,-0.016464613368283088,-0.018668416830744605
2022-10-10,,-0.0020578954589106635,-0.004506008010680795,0.0074123428000332225,-0.0232592702682618
2022-10-11,,0.0034368985427548626,-0.01123218776194479,-0.004050925925925819,0.011259890444309084
2022-10-12,,0.012261953692286554,-0.00016954899966092896,-0.0024072383165933964,0.0360367138128197
2022-10-13,,-0.0034513094674156752,0.022553840936069047,0.026044266932933935,0.0031951201800886064
2022-10-14,,0.011747928833355958,-0.031011608623548792,-0.02376125212878122,0.0352515381831342
2022-10-17,,0.002416269548291883,0.03440013691596788,0.026416348230603237,0.00027968116347376615
2022-10-18,,-0.00026782725142282526,0.007610853739245416,0.01124959533829717,0.00482315112540177
2022-10-19,,-0.009242515571629473,-0.003940886699507318,-0.006402561024409725,-0.00827826086956518
2022-10-20,,-0.003312377475833239,-0.003956478733926905,-0.007249295207410467,-0.009960718294051651
2022-10-21,,-6.782419967443776e-05,0.02366765971532625,0.0234482758620691,-0.002692362193566722
2022-10-24,,-0.018245947229193482,0.010994341147938513,0.012446488029173697,-0.02408354646206312
2022-10-25,,-0.0029708442724886153,0.027027027027026973,0.022316185106882935,-0.009536288854917307
2022-10-26,,0.004781373432194425,-0.023045780130800386,-0.00804227941176483,0.025282963398500558
2022-10-27,,0.004068965517241452,-0.01944532993305703,-0.007103698556095939,-0.015125448028673882
2022-10-28,,-0.02115529912768732,0.033159947984395366,0.02651839178785287,-0.037266176577625654
2022-10-31,,-0.00596449371973895,-0.011170547514160023,-0.006439393939393856,0.006350646405080429
2022-11-01,,0.016306649724692868,-0.006046141607000677,0.00030499428135710716,0.032078731875892164
2022-11-02,,0.0034729457525874974,-0.03249559788698575,-0.023324948547907565,0.01645072062891262
2022-11-03,,-0.004499203986986999,-0.01588352084712119,-0.006789978927651763,0.00021483815525624728
2022-11-04,,0.014601585314977239,0.0168123739071957,0.01493006443501499,0.03164602276795314
2022-11-07,,0.00452302631578938,0.007275132275132101,0.005651904614431658,0.0016656256506348832
2022-11-08,,-0.0012962204939281907,0.005581089954038276,0.003387481715297458,-0.009145707753066001
2022-11-09,,-0.0004098640617528071,-0.02285341168788768,-0.019642446098365518,-0.013425634571008982
2022-11-10,,0.003758627759174571,0.07701303040427665,0.05877749080378791,-0.017577432844283702
2022-11-11,,0.013139978213507542,0.01147820691794621,0.0022176227084564903,0.02041699733063984
2022-11-14,,0.005846381291579883,-0.022695905535960792,-0.02279097211978165,-0.012796945701357476
2022-11-15,,0.007749866381614234,0.008159422563941643,0.0019624122575288006,0.023991978801117142
2022-11-16,,-0.0026518164942985756,-0.014941634241245061,-0.00881355932203376,-0.012029654497132336
2022-11-17,,0.00445360276522222,0.0018960341286142768,0.001139990880072883,-0.007079144839303386
2022-11-18,,-0.003705909602276569,0.005677337959312467,0.010855537842556773,0.001425923285327313
2022-11-21,,-0.005712387910993155,-0.008467931629292935,-0.0015770501652148106,-0.0009255304001140052
2022-11-22,,0.006413254058387441,0.01976909694765161,0.019255359157578145,-0.018313974203662875
2022-11-23,,0.003518088284102383,0.004807692307692291,0.0006641576267434335,-0.0013066202090592505
2022-11-24,,-6.614631565016182e-05,-0.0010804136440809575,-0.0011061946902655162,-0.0021078645151910713
2022-11-25,,0.013627042402593048,-0.005253399258343561,0.0016242155777039802,-0.011289970136208027
2022-11-28,,-0.003980943679436133,-0.010562286424355416,-0.011793322031399711,-0.004567555621040165
2022-11-29,,0.02208098545406889,-0.0025117739403454076,0.003505631386589103,0.017613972764949803
2022-11-30,,0.001474453490608374,0.04202077431539197,0.02794707893563264,0.002254545454545509
2022-12-01,,-0.004032774292664132,-0.005437245129134682,-0.008026030368763593,0.015238371671141282
2022-12-02,,0.00044990037920178416,-0.013059984813971082,-0.010496391865296273,0.000857694232006434
2022-12-05,,0.02306308621354236,-0.01938759809201429,-0.02011049723756897,-0.002856530743412078
2022-12-06,,-0.0005023547880691481,-0.02777341911187814,-0.022928882874755696,0.006803695480913641
2022-12-07,,-0.0013821700069108767,-0.0016139444803098257,0.0013079941524964944,0.009176269739650023
2022-12-08,,0.0003145643284052646,0.00711283543485286,0.002382050099892563,-0.0007753577218581054
2022-12-09,,-0.007232704402515777,-0.006581059390048161,-0.007589114603296254,0.003668171557562161
2022-12-12,,-0.010009502692429506,0.011795120374858525,0.013826664606828354,-0.007590666291819037
2022-12-13,,0.005567287387214348,0.013094857872884003,0.00990476190476186,-0.010339943342776214
2022-12-14,,-0.0031818760341096874,-0.010718789407313856,-0.008902301018483438,-0.003434950622584698
2022-12-15,,-0.00874616956077634,-0.03585086042065022,-0.027708000304483504,0.013069079419790297
2022-12-16,,0.010691054292522706,-0.0029747149231532655,-0.004775698739528655,-0.010490501842926103
2022-12-19,,-0.01930797170713061,-0.01392342118349077,-0.009597230962869907,-0.011318051575931132
2022-12-20,,-0.009226770630279435,0.0006723819129266229,0.0026211278792693804,-0.015215186204897924
2022-12-21,,0.0011804826862540363,0.012094742146816717,0.011962291056008878,-0.0030900529723366654
2022-12-22,,-0.0030787370627537447,-0.022904564315352705,-0.013621418506341021,-0.003616236162361508
2022-12-23,,-0.004993757802746579,0.00356718192627814,0.0071428571428571175,-0.00399970372564995
2022-12-26,,-0.0033678927557286853,0.00016926201760325554,0.0001576044129236731,0.019706997843385032
2022-12-27,,0.009740259740259605,-0.017938737519038628,-0.007957768673179988,0.011887397899649876
2022-12-28,,6.562110374686014e-05,-0.011545752197139492,-0.010086569772059573,-0.008936936936936868
2022-12-29,,-0.008661417322834764,0.02649930264993028,0.019094993581514785,0.004726928950621767
2022-12-30,,0.008935663224781676,-0.002887228260869623,-0.004566210045662156,-0.0010856977417486036
2022-12-31,,-0.00013120776749986351,-0.00017032873445743668,-7.908889591901058e-05,-7.245851749893006e-05
2023-01-03,,0.003543074601404239,-0.009199318568994808,-0.006169421814442799,0.004057971014492789
2023-01-04,,0.008695652173912993,0.0010316368638239037,0.002307998408277001,-0.00902136258660502
2023-01-05,,0.0029167746953591145,-0.01837856406733085,-0.014371923138002174,0.02752894909329262
2023-01-06,,-0.0034253215278226,0.027646544181977317,0.02247643599452198,0.009426607130200493
2023-01-09,,0.0011673151750972721,-0.0030648731483058356,-0.012448786637251796,0.007442774891167181
2023-01-10,,-0.0055706697758778345,-0.000341588385994851,-0.005026328386787959,0.013799832729300077
2023-01-11,,0.0010422094841062712,0.01913548607551685,0.015315532034319457,-0.011274577203354896
2023-01-12,,-0.0020822488287349783,0.0036881810561608663,0.002132364555362365,0.0050757891809205535
2023-01-13,,0.013497652582159514,0.001670285618840861,-0.002364252502167097,0.014043583535108928
2023-01-16,,0.008428231358167615,-0.0023345005836250543,-0.0024488506201122417,0.018488197571292053
2023-01-17,,-0.0010845986984814315,0.002507103459802762,-0.000712701932214066,0.00234443030343634
2023-01-18,,0.002107683464265042,-0.007502500833611148,-0.010064188921467543,-0.000601443464314233
2023-01-19,,0.005353728489483789,-0.008735091550478913,-0.006404098623118748,0.010698762955533292
2023-01-20,,0.007417268923544995,0.028300288086765102,0.01925555913631949,0.005557393317896064
2023-01-30,,-0.00012585740356174657,0.023895847066578657,0.010117777250810311,0.01065859596026053
2023-01-31,,-0.002265718421549545,0.015129567036858305,0.014320369355974583,-0.012564286179285289
2023-02-01,,0.007191067936668238,0.01950214047883292,0.00871779046443466,0.012592299578059185
2023-02-02,,-0.0026930544247509847,0.029704510108864657,0.00917782026768621,-0.004362263168175118
2023-02-03,,-0.00697061039939717,-0.013895181996677164,-0.00659340659340657,-0.00850117708605802
2023-02-06,,-0.005059128565104709,-0.003982233113800082,-0.0008391821788219511,-0.013982324231631593
2023-02-07,,0.004639928812051108,0.023527602644933143,0.01626326639688469,-0.00234113712374584
2023-02-08,,-0.004365430849044616,-0.020883413461538547,-0.014199849737039805,-0.004693261816962835
2023-02-09,,0.008070153142276215,-0.007058462482737338,-0.006478164774026296,0.017244863590434534
2023-02-10,,0.0018910741301059186,-0.0061814248184206555,0.0019944768333843843,-0.00960201311171438
2023-02-13,,0.008053353466717095,0.01928160472710294,0.015617822691777583,0.010831773201390726
2023-02-14,,0.006615903133191825,0.006559877955759186,-0.00045228403437358455,-0.0031088768355601593
2023-02-15,,-0.0014880952380952328,0.008790542588663186,0.0036953242835595645,-0.006900670161236966
2023-02-16,,-0.005899155489319519,-0.014272836538461453,-0.008866180779923405,-0.013496358655709195
2023-02-17,,-0.0033731026297707523,-0.004724889498551987,-0.0006064741111363459,-0.025059261767693797
2023-02-20,,0.020495142588530246,-0.00030627871362931547,-0.0003034210725935127,0.012851684612712688
2023-02-21,,0.00878270482741672,-0.0249693627450982,-0.0212459215418469,-0.004458161865569243
2023-02-22,,-0.0006697108066971991,0.003142183817753441,0.0013179316226064053,-0.007233895969686488
2023-02-23,,0.001340319239673482,0.012529365700861383,0.009290802105915041,0.0022206800832753615
2023-02-24,,-0.003650523241664594,-0.018252126836813543,-0.011736729057993278,-0.011563495360753295
2023-02-27,,-0.004702002931118776,0.01575547502757213,0.012186602499417942,-0.007915936952714642
2023-02-28,,0.006687526842137581,-0.0020164417558555803,-0.0036809815950921143,0.007979098997316747
2023-03-01,,0.008593369088249592,-0.010102580043518716,-0.006388546798029582,0.006094570928196097
2023-03-02,,0.006344794247386432,0.0007850525985240164,-0.0009295840111549492,-0.010304971452443912
2023-03-03,,0.00804611504743602,0.024474427361154794,0.020702488950918863,0.0016181229773462036
2023-03-06,,-0.0036335477722182485,-0.0013782542113323082,-0.001747189304162844,0.0036524548711105442
2023-03-07,,-0.007353380761642825,-0.009507744211010527,-0.012403926641808116,-0.019595493036601574
2023-03-08,,0.00012045290291484712,0.010218300046446638,0.006857759284943699,-0.002569776572203586
2023-03-09,,-0.002167891123690313,-0.016091954022988464,-0.01637713323639689,-0.0020754311887209997
2023-03-10,,-0.017018708509354274,-0.013862928348909676,-0.014626935345833814,-0.0009323006310958393
2023-03-13,,0.01148084479371314,0.003948823250671474,-0.0055270430319778185,-0.005670806115856686
2023-03-14,,-0.007526555386949907,0.016991818753933075,0.0103215561730845,-0.005919722783713555
2023-03-15,,0.013393676227753781,0.0003094059405939209,-0.010766208251473564,-0.002396514161220109
2023-03-16,,-0.004828002414001165,0.03309619548407072,0.02454718779790288,-0.015214384508990264
2023-03-17,,0.011218920557913847,-0.006437125748503081,-0.01232844847638992,-0.003548196333530429
2023-03-20,,-0.0010194902548725793,-0.0010546933855656304,0.003611241953210831,-0.0007418397626113293
2023-03-21,,-0.00114059310841641,0.015082956259426794,0.01408010012515648,0.019673348181143302
2023-03-22,,0.0069715728108661335,-0.014413075780089213,-0.01712434433816723,0.0019657808518385167
2023-03-23,,0.0033422858848104475,0.012513191617669284,0.002903782765656837,0.00828367969771815
2023-03-24,,-0.005294152638153693,-0.0016378796902918324,0.000626027075671054,0.003819544537330799
2023-03-27,,-0.009030020332496003,-0.0026845637583893245,0.00664737624149514,0.01163041137195786
2023-03-28,,0.0008448494357613523,-0.004336772842829406,-0.0010876320696083797,-0.011993471009864365
2023-03-29,,-0.005245703949351865,0.018774406728747417,0.0145434748794524,0.0007901163625914087
2023-03-30,,0.003030670384289058,0.010762199616688672,0.007435799156765066,0.005167587741333524
2023-03-31,,0.0034445250181291964,0.014294049008167997,0.011946431288997195,0.006926097822206323
2023-04-03,,0.006564287865100882,-0.0012942191544434989,0.004887585532746819,0.016877038717912463
2023-04-04,,0.008615531889434092,-0.004895608351331848,-0.007258305896438277,-0.007601115760111465
2023-04-06,,-0.0036184600783011334,-0.0024598466213283654,0.001959749755031215,0.001967535661583808
2023-04-07,,-0.0010120854914568156,0.0011604293588627357,0.0013540961408260443,0.008415737428992154
2023-04-10,,0.000357568533969177,-0.0020283975659229903,-0.0001502516715498059,-0.0012518255789693011
2023-04-11,,0.006255212677231059,-0.004790940766550511,0.0016530167555788289,-0.0016711928138708476
2023-04-12,,0.012787875199810506,-0.009482129832239172,-0.004575800765133864,-0.004184975936388335
2023-04-13,,0.00023382241187808184,0.017525773195876226,0.010399397136397814,-0.009665896196680013
2023-04-14,,-0.0022207936415171714,-0.003039513677811523,-0.0028341288782816054,0.009265153122568925
2023-04-17,,0.011714402858314266,0.0014518002322880807,0.004338070306656672,0.002592852137351054
2023-04-18,,0.004573611995600135,0.002174543345897506,0.0028299076556448366,-0.0011183336828126667
2023-04-19,,-0.00028815122176129027,-0.0015912049761319658,-0.0013366998366255434,-0.006367643971730508
2023-04-20,,0.007494091197325359,-0.004201680672268893,-0.0022308149910766906,-0.011971830985915477
2023-04-21,,-0.013446243634491095,-0.00218245307725895,-0.0025339096735728095,-0.01881682109764793
2023-04-24,,0.003479874724509946,-0.0011665208515601044,0.0020173341303046932,-0.017071044602644303
2023-04-25,,0.00577967864986717,-0.018540145985401546,-0.015584221907389395,-0.01832828320153712
2023-04-26,,-0.004252384783358321,0.011155734047300303,0.001817906377821421,0.016562523526311823
2023-04-27,,0.005193905817174604,0.026772580170638438,0.019053379706638562,0.005628378878767659
2023-04-28,,0.016190148122631864,0.007020057306590388,0.008829203145867215,0.007437955666838469
2023-05-04,,0.025367231638418142,-0.022620571916346477,-0.028609252040891375,-0.011695906432748537
2023-05-05,,0.0016529836354621796,0.022125181950509498,0.019382192610539084,-0.012721893491124292
2023-05-08,,0.0207932229495571,0.0031330105383080564,0.0010398098633392916,0.002697033263410198
2023-05-09,,-0.007921539041870984,-0.0052526973310619285,-0.0031903843300193913,-0.011954572624028659
2023-05-10,,-0.019717544812601795,0.01155986870272585,0.005135839225902661,0.007259528130671544
2023-05-11,,-0.0003878761012909848,0.0002821670428894141,-0.004443127962085347,0.00653153153153152
2023-05-12,,-0.0064301552106430515,0.001974612129760356,0.004165426956262985,-0.010591482061609647
2023-05-15,,-0.0006694934166481259,0.007882882882882747,0.0054814814814814206,0.02110817941952514
2023-05-16,,-0.007760160786065118,-0.0013966480446927498,-0.008472078974509967,-0.0022148394241418012
2023-05-17,,-0.001969279243796751,0.015804195804195675,0.01552864254402242,-0.00014798372179058994
2023-05-18,,0.005975871011387968,0.021341043645876523,0.012730465320456519,-0.006660253089617374
2023-05-19,,-0.013337816633041899,0.003235373416015097,0.004045658141886843,0.00037249497131774945
2023-05-22,,-0.002669544473474894,0.00026874496103190815,-0.0025903007626995045,0.0005957700327672288
2023-05-23,,-0.014636368813713774,-0.010478237506716725,-0.008873178473524868,-0.011685025305150254
2023-05-24,,-0.014738180557160918,-0.0017648655986968187,-0.00407598806317766,-0.0035394231493336425
2023-05-25,,-0.00011732269607567236,0.022847817217462207,0.008258422860483616,-0.00022672309552596026
2023-05-26,,0.009034907597536002,0.02898550724637694,0.016309075094230296,-0.006576460805805429
2023-05-29,,0.01081458224315357,-0.0025843132187620688,-0.002567577205620064,-0.010652868665347759
2023-05-30,,0.0011504170261720237,0.007254825754631433,0.0033607436539149216,0.006768189509306133
2023-05-31,,-0.002470554438379735,-0.006688102893890657,-0.00584378563283916,-0.011000763941940384
2023-06-01,,0.0005183734592788536,0.015020069921015233,0.011971326164874396,0.006179514908079664
2023-06-02,,0.0013816130332162668,0.006761066462559029,0.01416731600198351,0.012513434669123358
2023-06-05,,0.006036217303822866,0.00012671059300561893,-0.0025144932597611636,-0.0138751990294943
2023-06-06,,-0.009771428571428542,0.0025338907893068807,0.004621525103284174,-0.016992157465784974
2023-06-07,,0.010098678515782611,-0.015417667130039114,-0.0021607304662996096,-0.01579976535001959
2023-06-08,,0.009197897623400397,0.01386214863303814,0.007404302877898727,-0.00270205833267112
2023-06-09,,-0.0003396546844041115,0.0008861881250790127,-0.0011094161697405847,0.008845326320822355
2023-06-12,,-0.008834022311569156,0.018719959524411856,0.010551159239205798,0.004976303317535624
2023-06-13,,-0.002456721704850562,0.01167121926992798,0.010784448413243553,0.006602216458382326
2023-06-14,,-0.005441008018327698,0.0077319587628867925,0.0018348623853210455,-0.0015616459748575284
2023-06-15,,0.001554851713216232,0.010473754719279027,0.011260344593677862,0.03448815202940492
2023-06-16,,-0.0002874885004601202,-0.009400988309027358,-0.006439495572846732,0.014665860296341204
2023-06-19,,-0.011502846954621226,-0.0013383623311837844,-0.0012827437213071002,-0.0021606317985397583
2023-06-20,,-0.006516553208820497,0.004385964912280826,0.0006759954032311555,0.0025386395878443935
2023-06-21,,-0.006793557833089325,-0.010795730228044698,-0.00249949334594346,-0.025620019363968072
2023-06-26,,-0.01385694911256552,-0.008338442673206603,-0.004943789787349218,-0.011388825192998442
2023-06-27,,0.016563023200191207,0.017930011128972412,0.011978493160008208,0.002706046080098945
2023-06-28,,0.003882124580907087,0.0013362487852284222,-0.00033627009213810233,-0.004317989050813487
2023-06-29,,-0.00046874084490544643,-0.0001213150551983011,0.0059876210979548095,-0.0009292960582357734
2023-06-30,,0.00592062840729235,0.01662217908274677,0.012973985153480916,0.01604526780869686
2023-07-03,,0.010955710955711018,0.00047738393603058427,-0.00026407869545119755,0.005950564540738501
2023-07-04,,-0.004726769656444585,-0.001550757485387133,-0.0015188535957207927,0.002047626270286651
2023-07-05,,-0.0012162631761843956,-0.0014336917562723928,-0.0029100529100528627,-0.00908196473170364
2023-07-06,,-0.0047550014496955395,-0.005862646566164198,-0.006168745025205702,-0.009088826090277058
2023-07-07,,0.00524383848977461,-0.004212299915753892,-0.0033371153974504075,-0.01025127177431795
2023-07-10,,0.0030139685851735543,-0.0009668842156151936,0.0006026920243755729,0.013550346546219227
2023-07-11,,0.004045073678127675,0.004355189934672099,0.006224066390041472,0.008067614291202396
2023-07-12,,-0.0064460431654677075,0.010479402553601469,0.005719986697705348,-0.008765243902439046
2023-07-13,,0.010948270868331278,0.013708427702944448,0.005290655379935227,0.018300653594771177
2023-07-14,,0.001146000458400076,-0.0034101599247413628,-0.0038813235971317805,-0.005965415691308595
2023-07-17,,-0.00028617216117221567,0.009557522123893714,0.003830405494650746,-0.007368580978426076
2023-07-18,,0.0007442606057137535,0.009700794763908283,0.008815789473684221,-0.0029846177393434425
2023-07-19,,0.0055491990846681105,-0.0003472624146312331,0.0028694404591105283,-0.010515812097021793
2023-07-20,,-0.00415315469078914,-0.02246410375173702,-0.006892963974509114,-0.009696687611511878
2023-07-21,,0.0033135283363803225,-0.002724472873726569,6.54793085386185e-05,0.0034466551778160603
2023-07-24,,0.0020498804236419588,0.0019004632379142627,0.003928501276762919,-0.007494145199063107
2023-07-25,,0.014774406182520794,0.006757557794902169,0.0021522207004498473,0.021472392638036686
2023-07-26,,0.00330384141561213,-0.004945831370701814,-0.0016920473773265332,-0.0007700007700006672
2023-07-27,,0.0038510911424902705,-0.003076923076922977,-0.006779661016949157,-0.003159435925098264
2023-07-28,,0.020460358056265893,0.019705603038936204,0.01069834602257802,0.016233766233766156
2023-07-31,,0.008553993679851768,-0.00034924330616992183,0.0009740892265732715,0.0076068766164612
2023-08-01,,0.0021068553832856995,-0.003260742983579812,-0.0029842999870248743,-0.00581307564547795
2023-08-02,,-0.005660377358490565,-0.020796822058651743,-0.012688703800104006,-0.0022780773027564205
2023-08-03,,0.005150447275684478,0.00047727001551134407,-0.0008567850787584153,0.010579191719308989
2023-08-04,,-0.00032362459546930733,-0.005724508050089505,-0.006332453825857565,0.009489380930862934
2023-08-07,,-0.00890255746196178,0.007796569509415763,0.008430695698353752,-0.010071620411817417
2023-08-08,,-0.001524307256791313,-0.0059509640561770105,-0.0017115397274701794,-0.005200090436355387
2023-08-09,,-0.0022899514748377925,-0.011254789272030719,-0.006660072535443429,0.0
2023-08-10,,0.002513798568227754,0.0016953257447325232,0.000132766861391298,0.004696969696969644
2023-08-11,,-0.016898337421640708,-0.006286266924564909,-0.0007964954201512553,-0.023148846327853967
2023-08-14,,-0.0007762683670641257,0.013260340632603507,0.0071077454497143755,-0.010189116171362533
2023-08-15,,0.006880861217468448,-0.0098451194621203,-0.010289558736231164,-0.007408562738828728
2023-08-16,,0.0010471204188482464,-0.0076391415060022005,-0.004398533822059236,-0.0072281583909490355
2023-08-17,,-0.0005505395287381809,-0.009164222873900396,-0.006359194055827078,0.006568534346311994
2023-08-18,,-0.0037457309683816,-0.002959674435812021,-0.0011452438695769285,-0.012894095447755327
2023-08-21,,-0.010284197721994848,0.016697588126159513,0.006542119107034505,-0.016009557945041775
2023-08-22,,0.004804469273743006,-0.0018248175182481452,-0.0028142589118198558,0.0008094544277157389
2023-08-23,,-0.005393083509396268,0.016209628275441812,0.010952828920844038,-0.02288903267550957
2023-08-24,,-0.006987534238917736,-0.02314703765891102,-0.014689265536723117,0.012581739922191915
2023-08-25,,0.005235307363206543,0.007980356046654258,0.00674581759309234,-0.011607945720591872
2023-08-28,,0.013664109312874428,0.006699147381242554,0.005829536317341288,0.009428500537589812
2023-08-29,,-0.003646207391856726,0.02214156079854801,0.014456065551928576,0.028267103646046676
2023-08-30,,-0.010091488771832524,0.005326704545454586,0.003480430785395283,-0.00047808764940238113
2023-08-31,,-0.006553520416736736,0.0024726245143058545,-0.001505137098357423,-0.006855867346938771
2023-09-01,,0.009190347316192948,-0.0012919896640828377,0.001507405950976537,-0.001123775886980316
2023-09-04,,0.015810939158612314,-0.00011760555098194736,-0.00013088148681372758,0.008437801350048124
2023-09-05,,-0.008744912550874506,0.0014114326040932657,-0.004123306499116408,-0.0031078173559646594
2023-09-06,,-0.004660711313321797,-0.007164669955367575,-0.004403259726603714,-0.004716227018385144
2023-09-07,,-0.006800825018116963,-0.007216372885366251,-0.002772460228397944,-0.02104248654726526
2023-09-08,,-0.008082168715271898,0.0035748331744518413,0.003706890845303512,-0.0035277709410125313
2023-09-11,,0.008374356362813362,0.012467347423414932,0.006463100969465119,0.006504198913222403
2023-09-12,,-0.00011222714774705711,-0.013603846604902103,-0.007863180656575541,-0.0058895705521471164
2023-09-13,,-0.0018519557775408257,0.0030911901081918103,-0.00013209167162009372,-0.011355220933102927
2023-09-14,,0.006634431575396338,0.008296787957804863,0.008388929255565003,-0.00782355389096967
2023-09-15,,-0.0011170688114388039,-0.018925590690019978,-0.013297523909341025,-0.004529821323714378
2023-09-18,,0.001118318049653233,0.0007189072609634639,6.638783774803869e-05,0.008848066065559879
2023-09-19,,0.00474754244861475,-0.002274904214559448,-0.0022570366436538425,-0.008853992649515474
2023-09-20,,0.0006670743231975695,-0.015120604824193085,-0.009381237524950126,-0.007668970166863409
2023-09-21,,-0.007832898172323799,-0.018520774948214913,-0.016387937403452235,-0.009851380042462887
2023-09-22,,0.00492721164613652,0.0,-0.0023216114714919023,0.02324384595591389
2023-09-25,,-0.0020615110318699115,0.004717566728740019,0.0039011703511053764,-0.004107292539815677
2023-09-26,,-0.005136508290994324,-0.015569010255776616,-0.01465775838560135,-0.007659287938725612
2023-09-27,,-0.0039283910432684754,0.0018827664114473563,6.918978758729821e-05,0.008396946564885432
2023-09-28,,0.0011831652487463984,0.00939614131796529,0.007056870070568655,-0.0010934477247876995
2023-10-09,,-0.003545301069217799,0.024202556782921825,0.008244023083264551,-0.0027787133715055923
2023-10-10,,-0.008245326706951994,0.005453223460978984,0.005042245843554172,-0.005319598074812082
2023-10-11,,-0.0037013837480780465,0.007352054959623988,0.004271186440677921,0.007979626485568714
2023-10-12,,0.012745770461819905,-0.0041876046901171415,-0.006210760818200267,0.0075795856493177105
2023-10-13,,-0.0031040126417969383,-0.012615643397813403,-0.005434413423001105,-0.011033099297893534
2023-10-16,,0.0011322463768115298,0.012168410805548868,0.010859913940304722,-0.020030425963488918
2023-10-17,,0.0028274146120788046,-0.003486415003606691,-0.0002027027027027284,0.0027598102630443933
2023-10-18,,-0.009360550355249853,-0.014477017734346731,-0.013313509495167963,-0.011954932484733782
2023-10-19,,-0.01650728597449902,-0.00869139429550736,-0.008493150684931505,-0.012708913649025044
2023-10-20,,-0.0030674846625767804,-0.015312422820449423,-0.012641613705443477,-0.008728619291130335
2023-10-23,,-0.016661828737300377,0.0030097817908201208,-0.0018190722731405984,-0.016988348305612466
2023-10-24,,0.006258117841539734,0.009627406851713038,0.007219457489310965,0.008505247918928704
2023-10-25,,0.013787843229289054,-0.025139318885448847,-0.014405010438413468,-0.009061546743226234
2023-10-26,,0.004109034087620866,-0.020071138211382178,-0.011932500176516259,0.006337709370755951
2023-10-27,,0.007204610951008661,0.005185377236193833,-0.0047877661855080245,0.028879892037786847
2023-10-30,,-0.005836909871244633,0.011864843951508774,0.012062899404035266,0.024571528506470708
2023-10-31,,0.0009209693202094638,0.004843232220239635,0.006456190138347084,-0.004694034309123518
2023-11-01,,-0.0003450457185576461,0.01839167935058339,0.010503313125616698,-0.004630423598010469
2023-11-02,,-0.00034516481619972783,0.017810437165276083,0.0191838158353681,-0.009906960716747126
2023-11-03,,-0.0025896299706508197,0.012114537444933848,0.009445585215605679,0.01461759331767154
2023-11-06,,0.0006346642049388507,0.0039898440333696605,0.001423921887713675,0.03258725666752427
2023-11-07,,-0.0008072421149742937,0.009393063583814865,0.002708375651702788,-0.004650776513578703
2023-11-08,,-0.005193606093831238,0.0010737294201861314,0.0009453710581401875,0.00016687526074266046
2023-11-09,,0.0031324322756540735,-0.008461446788225468,-0.007960601767523445,-0.0023358638525069475
2023-11-10,,-0.0019082865899497925,0.022716346153846212,0.015912954777286714,-0.006522284471945805
2023-11-13,,0.002143684820393954,-0.002938065577623661,-0.0009371443871745155,0.0019358639845130643
2023-11-14,,0.003295369139157067,0.020862800565770723,0.01922948073701858,-0.002268145161290258
2023-11-15,,0.006684337904805826,0.00023092021706494492,0.0015119642387588783,0.0052201734444725645
2023-11-16,,-0.0006296508299943326,0.0012697679787603278,0.0009189366590087733,-0.018594522154284254
2023-11-17,,-0.00040093934360496686,-0.00011528706479135842,0.001311561413863238,0.004267303917385057
2023-11-20,,0.002922301168920338,0.01026173181136869,0.005828803457986753,0.0031443868445650835
2023-11-21,,0.0018853910758156456,-0.008559689568591544,-0.0049485610105483024,-0.004320569298542742
2023-11-22,,-0.004333941605839442,0.0021871762403591344,0.0019630938358852212,-0.01650642389177237
2023-11-23,,0.00910652920962196,-0.0005743165632897673,-0.000653082549634254,0.005796349165152925
2023-11-24,,0.0034054146092286075,-0.0025284450063211006,-0.0002614037380733736,-0.011955960777567554
2023-11-27,,-0.005147349963233294,-0.0011522064754003747,-0.0018956726369461219,-0.00618090014799344
2023-11-28,,0.0029565612917898942,0.0031145460837467276,0.0005239373894820876,0.006306937631394671
2023-11-29,,-0.007482993197278964,-0.003794848206071899,-0.0022255678470904927,-0.010532729805013963
2023-11-30,,0.0019419693854239028,-0.0027704028627495436,0.003870629141245141,0.002375296912114022
2023-12-01,,0.0032493444305097263,0.003819886560944452,0.007123251862501512,0.0018430753027909308
2023-12-04,,-0.0004545712824591819,-0.011300738007379962,-0.006748426448640599,-0.009110819097678413
2023-12-05,,-0.009436643738275352,0.004781898763704273,0.00104527340432492,-0.019626911855715634
2023-12-06,,0.0011477761836442557,-0.005687753917585581,-0.0037198981922600405,0.0058616647127784915
2023-12-07,,-0.0034967039266264877,0.015643240719122042,0.008712170837154476,-0.002510310202617827
2023-12-08,,-0.001495628163828755,0.003103448275862064,0.0033768426521201267,0.007280244472406938
2023-12-11,,0.0058762530245419775,0.0067606279362897315,0.0044010096433888535,0.011778352815204673
2023-12-12,,0.0036082474226803996,0.008194855451855165,0.004832785617630009,-0.006173383896287077
2023-12-13,,-0.005136106831022058,0.011740799277489167,0.012889572912658798,-0.016416718431094157
2023-12-14,,-0.002523948832673817,-0.0020084802499442667,0.0024691358024691024,-0.006315409599422672
2023-12-15,,-0.007130944850192611,0.0030187835420394382,-0.001831501831501825,-0.0064463410205192195
2023-12-18,,-0.004228207355922331,0.0064652770036786045,0.004049351471053342,-0.015352279996344809
2023-12-19,,-0.0014541647277804826,0.00575922029017617,0.006616674018526725,0.00426914153132274
2023-12-20,,-0.004485349799032923,-0.015526924347538773,-0.014899211218229458,-0.01349228352277998
2023-12-21,,-0.0016968987712112638,0.012863534675615185,0.010930350788001864,0.016393442622950838
2023-12-22,,-0.0009378113826856715,0.0003313086692435796,0.0007543374402816383,-0.0036866359447004227
2023-12-25,,-0.001642710472279263,0.0006623978803266262,0.0006909547738693789,0.0030527289546715686
2023-12-26,,-0.0005876476464711233,0.005406001765225099,0.0036407005209968535,-0.012358203449229999
2023-12-27,,0.0029987652143235177,0.0020849336113244465,0.0020013759459629465,0.0007470352040341854
2023-12-28,,0.002931175987806345,-0.0008760402978537085,0.0,0.03825697489969193
2023-12-29,,0.0018120177694644912,-0.0063568610258658564,-0.004868609949441383,0.0062910038644736765
2023-12-31,,-5.834646128710652e-05,0.0,-6.272345229885179e-05,0.0
2024-01-02,,0.005951686311121529,-0.0176483564968013,-0.0065863756115920324,-0.018665714030543845
2024-01-03,,0.00597447795823669,-0.007298450482820518,-0.0048620319504957266,-0.01137604659628677
2024-01-04,,0.0013838436256703446,-0.005429250084832082,-0.003362944162436654,-0.017950842308754544
2024-01-05,,0.0006333851557551728,0.0019333560786989334,0.0022283058508945075,-0.014435695538057791
2024-01-08,,-0.009494763494072966,0.020658342792281514,0.01372125524075729,-0.017500475556400996
2024-01-09,,0.0038343112763608023,0.001779359430605032,-0.0013159543802482299,0.0035818005808325726
2024-01-10,,-0.002835812257653725,0.007659857904085188,0.006337453724038378,-0.004437156361531747
2024-01-11,,-0.00017411491584451433,0.0019830340420843307,-0.0001870557426112418,0.019474857087491637
2024-01-12,,0.002844372206420198,0.00010995052226503432,0.0001247271593389776,-0.009028701767724856
2024-01-15,,0.0019680481592960763,0.0004397537379068339,0.0003741348132444422,-0.008823247338639928
2024-01-16,,0.0027151935297515806,0.0005494505494505475,-0.0029919591098922504,0.0037735849056603765
2024-01-17,,-0.009967160223540938,-0.005161998901702325,-0.005126602063144747,-0.029978793136687942
2024-01-18,,-0.006343109869646146,0.014572753367189106,0.00892352164896626,0.01888104938885027
2024-01-19,,-0.003923865300146323,0.019260065288356776,0.012270320772345134,-0.00955817809421633
2024-01-22,,-0.024870649106302878,0.0,0.0012921486586265907,-0.027966518956179298
2024-01-23,,0.006451612903225712,0.004270310665100974,0.0030111227186138123,0.012258129875392543
2024-01-24,,0.017373592139947158,0.004677367917508279,-6.126700159292398e-05,0.0051040832666133795
2024-01-25,,0.019550111883170462,0.0008464712728810664,0.005208014214815204,0.014537488798167741
2024-01-26,,0.00808594201224433,-0.005074532191563508,-0.00024381323905886543,-0.022180783197566
2024-01-29,,-0.0016042167984416933,0.01030708745085529,0.007864894525057897,-0.03472849543310241
2024-01-30,,-0.011190175599678609,-0.007151872107698853,-0.0012098481640554493,-0.024643859831548376
2024-01-31,,-0.007660611688236396,-0.019703389830508455,-0.01641330022409293,-0.006609808102345349
2024-02-01,,-0.007310369027428432,0.012102874432677657,0.01268472906403928,0.009873363382700173
2024-02-02,,-0.006539413220219226,0.016976297245355543,0.010215249908792412,-0.02444208289054184
2024-02-05,,-0.008420802941350836,-0.0008398950131234262,-0.0023474178403756207,0.007734204793028221
2024-02-06,,0.02481908976735836,-0.002101502574340608,0.0024736048265459054,0.06680358880121062
2024-02-07,,0.01791549953314653,0.01000315889228176,0.007763601348098392,0.023811936366399777
2024-02-08,,0.0044717078484206585,0.0015638031693077092,0.0008957897879964261,0.011579572446555941
2024-02-19,,0.0047371725358140715,-0.005724992193192446,0.0015513126491648599,0.011251345269543078
2024-02-20,,0.005566916609861305,-0.007537688442211143,-0.0055403312284046935,-9.674922600622082e-05
2024-02-21,,0.0018641961360299497,-0.00421940928270037,0.000718864194572566,0.0035800677310109386
2024-02-22,,0.004905553989286604,0.029872881355932135,0.021071535468422553,0.003085229463941408
2024-02-23,,-0.00016833127595106134,-0.0030857848179387526,0.0009380313067948176,0.0001922337562476617
2024-02-26,,-0.012065772490038817,-0.00020635575732563805,-0.00357289287178586,-0.0036517393811262844
2024-02-27,,0.004544421722335823,0.0017543859649122862,0.001410768869033685,0.024112654320987748
2024-02-28,,-0.006220312146573148,-0.005150922015040749,-0.0013500821789151907,-0.02514597852702971
2024-02-29,,0.00973028337316495,0.009009009009009139,0.004878622230059415,0.033233504009274384
2024-03-01,,-0.0006762468300929303,0.014367816091953811,0.008481516144127177,0.00935016362786345
2024-03-04,,-0.0006203124118875358,-0.004755159854309965,-0.002030044660982555,0.005836035201482348
2024-03-05,,0.0023699356731745613,-0.017586662600386327,-0.010112751365802586,-0.0007367839381102748
2024-03-06,,-0.0009569916685431279,0.0064155629139073245,0.005108031939877744,-0.0005529953917050578
2024-03-07,,0.001915816757761979,0.015319761464116732,0.010164145101933642,-0.02323865732202146
2024-03-08,,0.0026432709071479987,-0.01529113924050629,-0.006881397097091346,0.009724320241691897
2024-03-11,,-0.0010096477451200236,-0.004010695187165791,-0.00128100617212068,0.04581580177653133
2024-03-12,,-0.009039865244244827,0.014765100671140896,0.011077425373134275,0.008225301743406188
2024-03-13,,-0.0036262677772112006,-0.008445258445258452,-0.002421865990081873,-0.005586592178770888
2024-03-14,,0.0001705999431333982,-0.0022575679835813434,-0.002080924855491384,-0.0063313714999106985
2024-03-15,,0.005856265635660662,-0.01141622955877819,-0.006545412418906271,0.0005384546351969721
2024-03-18,,0.0014696738454582636,0.009571369121930795,0.005947175091831403,0.02233384160014351
2024-03-19,,-0.00479765197268156,0.0030915086562242067,0.006201819973338019,-0.010089489384102368
2024-03-20,,0.00164473684210531,0.011403328539141055,0.008755760368663656,0.0013294336612601487
2024-03-21,,0.0001698658060131919,0.00385982732351442,0.002912288716308664,-0.006461320587714536
2024-03-22,,-0.0074162137681158535,0.0019224931700900783,-0.0006832545692648795,-0.014699331848552322
2024-03-25,,-0.0014829179261963699,-0.0035346394667743475,-0.003304655005412771,-0.019168173598553495
2024-03-26,,0.0025704004112641066,-0.004459308807134965,-0.0035442748527982904,0.004424778761061843
2024-03-27,,-0.0067228805834093075,0.0037666700600631486,0.008662727324880937,-0.02799192364170333
2024-03-28,,0.000344155099231358,-0.0014198782961459822,0.0011375270162665707,0.009536398829194548
2024-03-29,,0.007740825688073327,0.0,5.681172594029782e-05,0.00635989524878422
2024-04-01,,0.00819345661450921,0.0019297176518382475,-0.002385956939158107,0.029460966542750766
2024-04-02,,0.0053050397877985045,-0.008920425747592553,-0.006776379477250738,-0.006229123408865167
2024-04-03,,0.003929714253634975,0.002045617265009625,0.001203990368076946,-0.010719476744186052
2024-04-08,,-0.0014538947603869312,-0.0033683780749208525,-0.002176029319131856,-0.018181818181818188
2024-04-09,,0.0021280170241362306,0.0039942646456370134,0.0018364418938308091,0.011316872427983515
2024-04-10,,-0.0006146968426935517,-0.008262776701009944,-0.009509079452368674,-0.020530842504392854
2024-04-11,,0.004585104003578699,0.016457519029006384,0.007576195708750122,-0.00434331035785096
2024-04-12,,-0.00333964154514077,-0.016393442622950838,-0.014464470210079128,-0.010715979137031817
2024-04-15,,0.008768010722662867,-0.016358024691358053,-0.011939429237041499,0.01840490797546024
2024-04-16,,-0.008857886286884775,0.0009413241292752783,-0.0014736221632772883,-0.019672439759036098
2024-04-17,,0.015304697536725698,-0.01243469174503653,-0.005844155844155874,0.021123379740758397
2024-04-18,,0.001595422787038503,-0.005713681091948031,-0.002315776972863892,-0.005453690644099507
2024-04-19,,0.005987037240470228,-0.020432052782803023,-0.008510891560528533,-0.01758532665216994
2024-04-22,,-0.010647010647010569,0.009994568169473084,0.00864397622906532,-0.002694639591954484
2024-04-23,,-0.010596026490066301,0.015381305797569134,0.012259715526989234,0.0017369487600116251
2024-04-24,,0.0014502454261491327,0.002860169491525566,5.879240402140162e-05,0.006839418167806421
2024-04-25,,0.005235602094240788,-0.005492764339283807,-0.004585537918871285,-0.00038270187523914423
2024-04-26,,-0.0021609042553191182,0.016675517790759375,0.010217339948027426,0.03321209800918834
2024-04-29,,0.002609806208007104,0.0034475553698285477,0.003215434083601254,0.03501621120889298
2024-04-30,,0.000498449268941048,-0.01915668922436231,-0.01573426573426573,-0.010829678689698419
2024-05-06,,0.0108497093827844,0.03704489969217706,0.027531083481349805,0.019543973941368087
2024-05-07,,-0.0025190296259789413,-0.00010235414534287557,0.0014405070584846413,-0.0013312034078807322
2024-05-08,,-0.004007685973098973,-0.0002047292455726879,5.753739930947077e-05,-0.014307295832222566
2024-05-09,,0.00782714143975305,0.0017405549298659118,0.005350670272136204,0.018481788676523614
2024-05-10,,0.0025158608619557654,0.0022485690923956803,0.0014879249170194342,-0.011330441710188488
2024-05-13,,0.0033824331696672427,0.0019375892310831144,0.0,-0.009401020682245464
2024-05-14,,-0.0024467159634623536,0.007226463104325731,0.005314285714285827,-0.002440347071583693
2024-05-15,,-0.0028887556548754523,0.014955537590945811,0.011936565679531608,-0.008879224426927457
2024-05-16,,0.001093254619000783,-0.002289924332935067,-0.0024153232601247243,0.0028338970655452655
2024-05-17,,0.008299661461177221,-0.0004989522003790992,0.001576576576576505,0.011212397447584399
2024-05-20,,0.0021661431820643173,0.006789137380191601,0.000843265122554504,0.005859551068241098
2024-05-21,,-0.0005403652869340192,0.0023800079333597957,0.0028646857271246162,-0.00743860906972571
2024-05-22,,0.0009191176470588758,-0.00039572615749894346,-0.002688473171278183,0.009119638826185161
2024-05-23,,-0.01096526764975958,-0.0038598574821853138,-0.007076266427047062,-0.013690050107372786
2024-05-24,,0.0,0.009935419771485376,0.00707013574660631,-0.017871722761498732
2024-05-27,,0.008192244675041094,-0.0001967535661583364,-0.00022465599550680615,0.007020136707925451
2024-05-28,,-0.005471289274106228,0.0038374495719768476,0.0005055895736194582,-0.012933406714364382
2024-05-29,,0.0005446919766871616,-0.006763379729464725,-0.007243121841661981,0.0029737013288726466
2024-05-30,,-0.0033208122380097294,-0.01085562025066622,-0.005938578134720873,0.0016677476141944148
2024-05-31,,-0.0019117325759231418,-0.0005986231667164388,0.007680928538916554,-0.003977430394968007
2024-06-03,,-0.009084441525748388,0.003593890386343279,0.0011292417141888222,0.007708023774145589
2024-06-04,,0.005577953277737802,0.0029841838257236297,0.0014663583554228588,0.013362823702884441
2024-06-05,,-0.010380052724077271,0.020430427452147182,0.012107901109421615,-0.005365587486358736
2024-06-06,,-0.004051279205283365,-0.000388764700165134,-0.00011128421989758941,-0.006583158087226759
2024-06-07,,0.00858129945391739,-0.0010695187165774556,-0.0010016694490818656,-0.02135296824666366
2024-06-11,,-0.010718232044198972,0.011290636558302314,0.005848930481283432,0.0035737797423116557
2024-06-12,,0.0007260136267173145,0.013378248315688124,0.008473168300382028,-0.004310748758316829
2024-06-13,,-0.009096489759473192,0.00522366796466911,0.0023064250411861664,-9.41176470588001e-05
2024-06-14,,0.0038860103626943143,0.004629629629629539,0.0002739425816349339,0.007247740963855387
2024-06-17,,-0.006732117812061733,0.01194394808614696,0.0076135181026455445,0.008223530511167088
2024-06-18,,0.003727760519627088,0.00037174721189581206,0.0024461839530334206,0.0027806098804339374
2024-06-19,,-0.003376287209498674,0.0,0.00016268098259319963,-0.012293187910158099
2024-06-20,,-0.00530743605668782,-0.007432181345224831,-0.0022229451312080206,-0.014317798989331942
2024-06-21,,0.0009082136572629018,-0.0027143391988020404,-0.00152149106124011,-0.0037975885312826474
2024-06-24,,-0.008053082288890123,-0.011543876114500251,-0.002884353741496537,-0.013723434670732892
2024-06-25,,0.00348750786118579,0.012248385871629353,0.004202597969654054,-0.01806937868393077
2024-06-26,,0.004443938012761883,0.0029077947659692516,0.0019022772976791114,0.01810667191497739
2024-06-27,,-0.003516732841747028,0.002057613168724215,0.0011934468916132701,-0.01556156968876865
2024-06-28,,0.0038137522768670884,-0.005600149337315674,-0.004063719115734665,-0.011585665193912686
2024-06-30,,0.0,0.0,0.0,0.0
2024-07-01,,0.011738020981003627,0.006476440773418579,0.0026657962026004345,-0.0003973378364954261
2024-07-02,,0.0022419011321601623,0.01035158071435216,0.006565382528486152,-0.010434264135943505
2024-07-03,,-0.002180964097975635,0.009137899206202782,0.005336639534256893,-0.0028118096003213466
2024-07-04,,-0.006276971361318218,-9.146620323785548e-05,-0.00016085790884712292,-0.0076535750251761625
2024-07-05,,-0.002650724719417963,0.01006220270764735,0.005416420871990235,0.005074081591231794
2024-07-08,,-0.006107215562089929,0.002082955986234314,0.0010134414337530373,-0.016155088852988553
2024-07-09,,0.007737824305871666,0.0010845006778128496,0.0011189854531890031,0.014265188834154285
2024-07-10,,-0.007000903342366915,0.011374921007493155,0.010751543538428887,-0.0006071031063441534
2024-07-11,,0.006140550375255849,-0.02267249843791852,-0.008794102159030981,0.020552799433026125
2024-07-12,,0.0020908679927666984,0.005388619965293717,0.004993890453169003,-0.0007936507936506798
2024-07-15,,0.0031579540968813546,0.0026344476744184497,0.002854575249775282,-0.006354249404289303
2024-07-16,,-0.0027545112147956408,0.0006342303162092389,0.006536292235517438,0.01388888888888884
2024-07-17,,0.0015783540022547005,-0.02942774357116984,-0.01413982717988993,9.855129594948941e-05
2024-07-18,,0.0023638000900494394,-0.005037783375314908,-0.008286852589641458,0.01251478123768246
2024-07-19,,-0.0035373385738348695,-0.008907641819034251,-0.006642026889495889,0.0045742092457419226
2024-07-22,,-0.00749422437595082,0.015704824976348286,0.01100026961445133,-0.0009688044952529395
2024-07-23,,-0.007153400703985513,-0.003539493293591711,-0.0019201024054616989,-0.030352986811481686
2024-07-24,,-0.0004002744739248776,-0.03589455973079081,-0.02287180035269598,-0.01220122012201219
2024-07-25,,0.0002860248269549448,-0.011052937754508552,-0.006015859994531136,-0.003847322061354741
2024-07-26,,0.0006290746883221843,0.009411764705882453,0.010343878954607977,0.00914727106413249
2024-07-29,,0.001371663713779503,0.002525252525252375,0.001361433316996008,-0.014402256017725823
2024-07-30,,-0.0012556360938302813,-0.013078860685913685,-0.0044594300630845796,-0.0028612303290415086
2024-07-31,,0.010343448197039917,0.029547462452145012,0.015568666011143817,0.03494568559130973
2024-08-01,,-0.00118778280542986,-0.02421815408085415,-0.014092840621806269,-0.013070601049608888
2024-08-02,,-0.002604904014949838,-0.022767246433457178,-0.017676905450379143,-0.016454299187318222
2024-08-05,,-0.006529268154204293,-0.030096990300969906,-0.030324909747292406,-0.018769764357849605
2024-08-06,,0.0,0.00969072164948459,0.00996620654103908,0.012371348373011681
2024-08-07,,-0.0001714481655046285,-0.010108229528282608,-0.006805421652583243,-0.004313000616142926
2024-08-08,,0.004744212632180611,0.03135636926250651,0.02415348598184197,-0.005053630363036299
2024-08-09,,-0.001877346683354264,0.005200520052005331,0.004516057091882297,-0.009847621022079367
2024-08-12,,-0.001538899971501806,0.0017908665804395874,0.00016650940778162315,-0.0020938023450586263
2024-08-13,,0.002283365681013727,0.025126626278677122,0.01714761376248619,0.009232060428031819
2024-08-14,,-0.0056954094999430716,-9.688044952527175e-05,0.0028915925582411184,-0.014137214137214027
2024-08-15,,0.0065299576125559256,0.024222459064044077,0.016265912305516217,0.005272037115141348
2024-08-16,,-0.0016503528340542362,0.0019865670229874954,0.0029976981960280202,-0.0007342143906020615
2024-08-19,,0.006270307245055173,0.012556646525679893,0.00907295725036028,-0.0013645428781358104
2024-08-20,,-0.007420834985554903,-0.003543123543123583,-0.003226318294811459,-0.013348749211688049
2024-08-21,,-0.006049537724004073,0.004959296341349395,0.004032685981110173,-0.0060722275487374855
2024-08-22,,-0.001205787781350498,-0.017783985102420963,-0.010094070394250143,-0.007502679528403
2024-08-23,,0.0016096579476860828,0.013460991563181368,0.013346858149591467,0.0001079913606911731
2024-08-26,,0.0009757217471157986,-0.013001590122532991,-0.006269427322058818,-0.0009718172983479434
2024-08-27,,-0.0015481651376146877,0.004738438210765805,0.0031279821864065305,-0.009403372243839248
2024-08-28,,-0.003675414919887432,-0.011790228258819035,-0.0065535648221553,0.00043644298963463335
2024-08-29,,-0.00968355524814124,-0.0005726830199486166,0.001117199553120063,0.006543788853746291
2024-08-30,,0.0019207263837961452,0.010409702989208514,0.007652247847805382,0.02513815147903342
2024-09-02,,-0.0028465202741955187,-0.0014177693761815435,-0.001423900432443892,-0.02748123876968611
2024-09-03,,-0.0026216137489076807,-0.030383341221012827,-0.019963031423290256,0.012607325290729277
2024-09-04,,-0.004205607476635453,-0.0014642717688403417,-0.0011316484345530453,-0.001073306858430878
2024-09-05,,0.001407789770061063,-0.0013686577378041465,-0.005179110919292129,0.006446760502847315
2024-09-06,,-0.0049203373945642115,-0.027312775330396555,-0.018112798264642183,-0.016974484893776065
2024-09-09,,-0.009830468566046746,0.013586956521739246,0.012426819838727399,0.0015204170286708951
2024-09-10,,-0.00112954045538316,0.01082315559527336,0.006655392504500535,0.0006506180871828082
2024-09-11,,-0.011962861564099536,0.02210216110019636,0.011434455102151464,0.01192024273948844
2024-09-12,,0.00048189868080239506,0.01009130225852961,0.007929704243463398,-0.004176483186977942
2024-09-13,,-0.0009031248118490653,0.002093244529020044,0.002923665745268922,-0.0106463060544143
2024-09-18,,0.005363384355791201,-0.010729206228636379,-0.003498171410399098,-0.0011956521739130421
2024-09-19,,0.0033567104237848255,0.02716191573087623,0.018669219722355246,0.008488410055501161
2024-09-20,,-0.00131429595555288,-0.007101476359559045,-0.006735588972430984,-0.006258767670227594
2024-09-23,,0.0050248250284141704,0.0013175230566535578,0.0009987909372863868,-0.004017808665435996
2024-09-24,,0.02845068745907975,0.004511278195488577,0.002205650666946779,0.05527692978630605
2024-09-25,,0.012674344580126284,-0.0027133233532933287,-0.006235590023055959,0.01622068395495413
2024-09-26,,0.028746142416276044,0.009194108265315748,0.006274716583179574,0.04432696217974774
2024-09-27,,0.012277095716904718,-0.008645533141210415,-0.004873192202892507,0.09968847352024923
2024-09-30,,0.050927450334760094,0.002156789197299336,0.003843926070243864,0.15324008498583575
2024-10-08,,0.016710182767623927,0.010760737344437166,0.006924045321023753,0.17210409150226447
2024-10-09,,-0.05665125834617368,0.005832253286428335,0.005157324442592204,-0.1057043683279848
2024-10-10,,0.021179288942124508,0.0010124252185916838,0.0005700958797616451,-0.029293299157817643
2024-10-11,,-0.011196417146513093,0.0011952923869069654,0.005801305293690939,-0.05032063372312334
2024-10-14,,0.020489593443330012,0.008173385985857484,0.007518796992481258,0.025818239593263348
2024-10-15,,-0.017753355172778207,-0.012115139369648475,-0.006133714986710337,-0.031905831332765366
2024-10-16,,0.011780527165142551,0.0055325034578146415,0.00972022217650692,-0.021918246540276853
2024-10-17,,-0.012972513158594268,0.0011921137093078293,0.0002546732542147989,-0.0031078760121041604
2024-10-18,,0.008402908699165046,0.007235757464737036,0.0047357164680721375,0.07908770202641713
2024-10-21,,-0.005608674750280485,-0.0019096117122852085,-0.005929755207541465,0.006918573709419951
2024-10-22,,0.005318006016330035,0.0044642857142858094,0.0030590394616090144,0.0030202355783750523
2024-10-23,,0.0034197168047021,-0.015328798185941128,-0.008996645318694707,-0.005269497139415935
2024-10-24,,-0.004632834549230469,0.008750921149594859,0.00276965687028774,-0.013621916149538338
2024-10-25,,0.002567943505243031,0.003287371016345686,-0.003068896731625026,0.02930796378701861
2024-10-28,,0.005389541088580474,0.002730499681441678,0.005746241855215217,-0.004397734048896651
2024-10-29,,-0.011676662597526644,0.00934918761913428,0.001377340203030153,-0.023208804372239378
2024-10-30,,-0.004618441544492868,-0.006384892086331084,-0.001833927661742285,-0.011880125699394561
2024-10-31,,0.001564607499325632,-0.026246719160104903,-0.020618556701030966,0.006050263729444616
2024-11-01,,0.003501400560224077,0.005669671902593265,0.002605523710265789,-0.018812644564379366
2024-11-04,,0.008159321488002691,-0.002680221811460326,-0.0018711018711017324,0.029231494578029427
2024-11-05,,0.012832117565624745,0.010657029005652907,0.00958133722141219,0.04741181859825905
2024-11-06,,-0.0019451161812636952,0.026865945351182807,0.024963895192902763,-0.010496391865296273
2024-11-07,,0.020911245720305338,0.02437717653361915,0.01685789049919495,0.03764272559852677
2024-11-08,,-0.010731606645341007,-0.0022663877266386745,0.0006928292175978346,-0.012352690614794937
2024-11-11,,-0.004172316678835886,0.00410623798706955,0.005687156916077241,0.030477285796434828
2024-11-12,,-0.004294542788310429,0.00043504742016864384,-0.000885129819039987,-0.0006975446428570953
2024-11-13,,0.002892909741216032,-0.0008697164724298379,0.0011812186238802092,0.011028898506212359
2024-11-14,,-0.01059422038076252,-0.0069637883008356605,-0.006095762461901466,-0.0339685169842584
2024-11-15,,-0.005035780545984636,-0.023492286115006977,-0.012810366999703171,-0.03902229845626071
2024-11-18,,0.010921683537559845,0.005745062836624681,0.0028558545017285386,-0.02320392681838479
2024-11-19,,0.0009486166007905972,0.006961799357372289,0.003946842525979433,0.02984620070047206
2024-11-20,,0.0017374822302953508,-0.0007090941322461797,0.0003483453595423125,0.004953423037113547
2024-11-21,,0.0003679175864605977,0.003636686180592541,0.005372599741319206,-0.0008828073273007275
2024-11-22,,-0.021699154100772278,0.0012372956252761913,0.003562592775853579,-0.03976143141153088
2024-11-25,,0.0019871106337270295,0.0010592285285551117,0.002810373730401272,-0.00015336247220298915
2024-11-26,,-0.00026799592646187254,0.005466890044969475,0.005604995329170581,-0.0115039496893935
2024-11-27,,0.007666738151404617,-0.007366482504604255,-0.0028357698137193577,0.027232523857553037
2024-11-28,,-0.0006916733173715217,-0.0012368583797154331,-0.0012257906349595338,-0.017598187311178348
2024-11-29,,0.004845064423383949,0.008580274214949224,0.00544918998527244,0.024832782347966376
2024-12-02,,0.005722460658083017,0.010875285037712734,0.0022459840828086275,0.014103525881470347
2024-12-03,,0.006796269954164824,0.004511539128925879,0.0022896672675012386,-0.004438526409231924
2024-12-04,,-0.0015698587127158659,0.011487303506650726,0.005152133761057831,-0.014192301976519661
2024-12-05,,-0.0009433962264151496,-0.003671761591665934,-0.002562862669245658,0.003617999547749884
2024-12-06,,0.009705172594691058,0.008313335618786555,0.002181606632084332,0.020503191888847194
2024-12-09,,0.00036369304307171113,-0.00722481937951569,-0.005756578947368585,-0.008168972622902615
2024-12-10,,0.0006751843772723198,-0.0025684931506848585,-0.0026760083686080405,0.0068264450545374444
2024-12-11,,0.0038407640006228316,0.017596566523605084,0.007464142843204291,-0.0011054609772275237
2024-12-12,,0.006669768884752569,-0.006579502319696395,-0.00522977095540178,0.01357532831636421
2024-12-13,,-0.014175654853621045,0.0072174577566441744,0.0002920702915834017,-0.02533119813655549
2024-12-16,,0.006095654892153801,0.013994267408531602,0.003990461822959812,-0.015011202389843215
2024-12-17,,-0.002485629951840984,-0.003990688393748054,-0.003780718336483968,-0.0003032830388960406
2024-12-18,,0.003426257592275439,-0.03580968280467445,-0.029728020240354147,0.0004550625711035039
2024-12-19,,-0.0063117595323090026,-0.004155484373647211,-0.000501454217229913,0.005155029944659439
2024-12-20,,-0.005570885614619714,0.007997913587759697,0.010836845273931361,-0.0017346707896522817
2024-12-23,,0.0008900523560209095,0.009918068132815927,0.006849315068492956,-0.00982169839830771
2024-12-24,,0.008474132970654358,0.013578138343296242,0.011042097998619882,0.01167404242331771
2024-12-25,,0.004357072462264577,-0.00016850619260255773,-0.000146270112140523,-0.005505694245418247
2024-12-26,,-0.004802974745648836,-0.000758405662762418,4.8763836738796584e-05,0.003867738510541452
2024-12-27,,0.004151530877010812,-0.013493000505987562,-0.011068851180027539,-0.0021908287376294355
2024-12-30,,0.003514211886304963,-0.01273722003761324,-0.010798284108278433,0.0006056935190794643
2024-12-31,,-0.004840869296529049,-0.00857217075071437,-0.004336556674309766,-0.029282687651331907
2025-01-02,,-0.01681846408611054,-0.002096069868995576,-0.0023529411764706687,-0.03788292150596306
2025-01-03,,-0.0061055845044475365,0.01636618239103793,0.012695704536330732,-0.02155067649679976
2025-01-06,,0.003601122702960202,0.011194351158184679,0.005648877657202345,-0.0008280202036928808
2025-01-07,,-0.003271595166482011,-0.017457208549774283,-0.011086474501108667,0.006961133670340569
2025-01-08,,0.0008470538408598127,0.0006066909343040994,0.0015445939212754833,-0.009875730392560289
2025-01-09,,-0.010632107907960875,-8.661758336936387e-05,-4.9748768718105296e-05,0.0011636605435956238
2025-01-10,,-0.009035500427716059,-0.015505890505890574,-0.0151741293532337,-0.017600664176006586
2025-01-13,,-0.006420285945508475,-0.0029916410030796925,0.0012629451881787102,0.0035493957576269164
2025-01-14,,0.011403127715030381,-0.001588562351072298,0.0009586276488395828,0.04698947368421069
2025-01-15,,0.0,0.022982409617254618,0.01849891627602185,-0.018177431030322655
2025-01-16,,0.00477826693868777,-0.007085457530458861,-0.0022270612689301306,0.006553616777258853
2025-01-17,,-0.00016029922522042828,0.016360630058306347,0.010068944992807971,0.007731749003011323
2025-01-20,,-0.001977340743907652,-0.0001712475383166545,-9.821253191910628e-05,0.01809077693425931
2025-01-21,,-0.004926372155287795,0.003339898946647324,0.005991552892643082,0.0036490560050770338
2025-01-22,,-0.006565140181886697,0.012803004438374899,0.006102323764889839,-0.0053746443250080045
2025-01-23,,0.007204376794323064,0.002191134333389355,0.005434518899509744,-0.003655435473617241
2025-01-24,,0.004625147897171278,-0.005718129835183383,-0.0027990927078808125,0.01459562928696756
2025-01-27,,0.009475374732333952,-0.029431664411366687,-0.014809079030150607,-0.02735633991038433
2025-02-05,,-0.014106167470965714,0.02239456256535388,0.008203566340816426,-0.0004849268568658527
2025-02-06,,0.0008068420203324322,0.004602403477371508,0.0036055349834340777,0.02797768254224975
2025-02-07,,0.004783403203267644,-0.01298040213794871,-0.009272744926691834,0.025171084716431924
2025-02-10,,-0.00032094142818928084,0.012033694344163681,0.006811388249130301,0.004450241694160972
2025-02-11,,0.0048691743806517085,-0.0027178528962120696,0.00043804146792547627,-0.014284623023451126
2025-02-12,,-0.00021299254526085942,0.0009368080395164569,-0.002675747993189037,0.018056416615003235
2025-02-13,,5.325948018741755e-05,0.014379307410873787,0.010634146341463646,-0.007079241836035699
2025-02-14,,0.0006923363689621542,0.0036067773863446284,9.653441451873412e-05,0.018015946028825613
2025-02-17,,-0.0001064395955294728,-0.00016715419974921986,-0.0001447876447877583,0.0051208675352059085
2025-02-18,,-0.000904832872046013,0.0018390035944160221,0.002413476854757235,-0.019779725781074342
2025-02-19,,-0.0005327366682648105,0.0010846891948268489,0.002503972648913999,0.02033172819689666
2025-02-20,,-0.0035712382069187365,-0.004334055675945914,-0.004226908112781591,-0.0006742078058280532
2025-02-21,,-0.00283513426767934,-0.020676377029968274,-0.017365298345472957,0.02511244377811095
2025-02-24,,0.0012874845770076693,-0.011453970424822546,-0.00481076039467887,-0.006654478976233946
2025-02-25,,-0.006697026520224969,-0.012451361867704458,-0.004686035613870709,-0.011336866902238008
2025-02-26,,0.007011866235167252,0.002101392172314309,0.0002477946278125476,0.012285927029039412
2025-02-27,,0.005677557579003789,-0.02717343818261264,-0.016003567358668147,-0.0051489518205222184
2025-02-28,,-0.004793353216872576,0.01607688162385479,0.015911379657603142,-0.038077634011090655
2025-03-03,,-0.0005351600128439271,-0.02174489525324841,-0.017644726407612943,0.011990776325903285
2025-03-04,,0.0011244377811094886,-0.0036143489653925887,-0.012159434914228107,-0.0028862220871943567
2025-03-05,,0.002888163876557881,0.013058855536410618,0.0106747024873588,7.617306520413258e-05
2025-03-06,,-0.0011732707588928415,-0.027750425208128093,-0.0181928441479684,0.02018432477721066
2025-03-07,,0.0005339313364300935,0.00745787680692378,0.005764875437512806,-0.013065551739584791
2025-03-10,,-0.0013874806553177965,-0.03756168890513634,-0.02671443193449341,-0.002496406687344077
2025-03-11,,0.005664511302303277,-0.002658816826512145,-0.007466610579451083,0.0019717882602761083
2025-03-12,,-0.004622987406344592,0.010663619918118705,0.0043971180334816395,-0.005828035119588293
2025-03-13,,0.0018150758061072914,-0.01837023080546407,-0.01360831267471907,-0.011496003045298742
2025-03-14,,0.006554406906106758,0.0249520153550864,0.021656595903962295,0.027957486136783727
2025-03-17,,0.002382338927418015,0.004681647940074862,0.005705014131686337,-0.00516970105641712
2025-03-18,,-0.0012147459596493215,-0.01602982292637456,-0.010148321623731471,0.0061003163126975846
2025-03-19,,0.0013748611918988907,0.01250236787270298,0.010252365930599305,-0.0028445242907403356
2025-03-20,,-0.0029571737867666315,-0.0022450888681010417,-0.001301066874837331,-0.010059304856992801
2025-03-21,,-0.0005825962607911572,0.0041252578286141706,0.0010943199583115515,-0.0216121938272541
2025-03-24,,0.0034976152623211743,0.021661998132586513,0.01780230076518663,7.75073631995582e-05
2025-03-25,,0.005861850443599659,0.005392067263754408,0.0016365775072877398,-0.003332558319770529
2025-03-26,,-0.00047251535674919243,-0.018634669575493312,-0.011692621904518696,-0.0025660964230171945
2025-03-27,,-0.0002101061035822971,-0.005742867728788403,-0.0032031411448646407,0.0023388165588213994
2025-03-28,,-0.003940317326888709,-0.026271660145332554,-0.01990256038146576,-0.007700085556506253
2025-03-31,,-0.0022680521124531783,0.00019135093761968314,0.006028556319407796,-0.011522182160213168
2025-04-01,,0.006185240008458548,0.008035201836617434,0.0037321278385196166,-0.0008722543810959493
2025-04-02,,0.0009982661692848893,0.007781362687417026,0.006912804399057393,0.0012698412698413097
2025-04-03,,0.003201763594373297,-0.0526365348399247,-0.04748530712019561,-0.018547875713379902
2025-04-07,,-0.04766389368492652,-0.05744955769804194,-0.06039095773725012,-0.12469714101114515
2025-04-08,,0.021316338863861084,-0.018559527575661816,-0.015399814039981474,0.0181767853847572
2025-04-09,,0.0013448090371166455,0.11926506930267555,0.0957917724133861,0.009696420480290069
2025-04-10,,0.00440504969110922,-0.04118268215417109,-0.03441775288161153,0.022617124394184174
2025-04-11,,-0.004171792266138841,0.018522226672006425,0.018073297261114618,0.013603651044409304
2025-04-14,,0.003329931790106766,0.005996264622038616,0.008218727740945786,0.0034635033336218868
2025-04-15,,0.0042288956693965485,0.0017588430721122705,-0.0017933807945220703,-0.0012943308309604218
2025-04-16,,0.004477611940298498,-0.029750292625828956,-0.022103658536585358,-0.011836875756004894
2025-04-17,,-0.0001592018679685836,-0.0006031969438021756,0.000779423226812126,0.0008743551630674418
2025-04-18,,0.0009553633034338205,-0.00020118700331961392,-0.00022251891410784985,0.0027081331353191462
2025-04-21,,-0.003128479770931669,-0.024549753496327598,-0.02381482305809035,0.015769297787070924
2025-04-22,,0.006170212765957528,0.026095925734914927,0.02604879160966722,-0.0042027618149068635
2025-04-23,,-0.004599281031930635,0.02301970245275431,0.017110160546636166,0.010852713178294504
2025-04-24,,0.006213819108821461,0.027316497985653942,0.019990168769457695,-0.0068166325835037345
2025-04-25,-0.0008000000000000229,-0.000686160667159319,0.010903873744619652,0.006800535475234293,0.005833905284831964
2025-04-28,,0.0003697248190988045,-0.0005676979846720442,0.00026592915647261073,-0.006482429205049489
2025-04-29,-0.0035028022417933347,-0.0027983104540654224,0.005774874562150867,0.005583027596107737,-0.0012877747252747485
2025-04-30,-0.005825047705132147,-0.005930004765182462,0.0011295180722892262,0.0012690355329949554,0.008510272500644733
2025-05-06,0.006768360440448484,0.0014913448735021095,0.0106242948476869,0.006706801858893163,0.019689737470167
2025-05-07,0.006321493076459905,0.0062755943200552,0.0038143083077495366,0.004301526517337173,0.00509905542088096
2025-05-08,0.0004985541928408388,0.0010570265842186899,0.01065801668211308,0.006738051710629467,0.016550232867598158
2025-05-09,0.0021925453458242483,0.004540414972810325,9.170105456202116e-05,-0.0002075334647712035,-0.008753988382557365
2025-05-12,0.0072593476531421786,0.001524149892258242,0.03933614524115159,0.03233004670472228,0.026328821393199142
2025-05-13,0.005429953598578452,0.005195214105793378,0.014733127481252772,0.006333886291660429,-0.0012062726176116367
2025-05-14,0.013452474469756615,0.00412424954320012,0.005303425491219205,0.0005994305409859901,0.010144927536231751
2025-05-15,-0.004844491812808993,-0.001923676822293885,0.0008648274669202927,0.00424342269482314,-0.019129603060736522
2025-05-16,-0.004089183136987584,-0.0051049643173413095,0.004147584895878298,0.006760787432889215,-0.0018690069884609306
2025-05-19,0.0016619415387624237,0.00277501439865957,0.0005163066861717525,0.0005925340707091387,-0.00301229341366116
2025-05-20,0.0036111653328128046,0.0014619883040936088,-0.0033542616324073737,-0.003701144887485297,0.007594316511513988
2025-05-21,0.014587182728775572,0.004535974973931323,-0.013117017604418413,-0.016048343157164746,0.008428559850879314
2025-05-22,-0.001916994153167817,-0.0005190221622464186,0.0010493179433368471,-0.0009564560785301213,-0.009563610061882222
2025-05-23,-0.006914433880725879,-0.005660279378927102,-0.008997204751921672,-0.006449662400483724,-0.011441090555014632
2025-05-26,-0.0029010733971570613,-0.004961353666179225,-0.0012340237990304814,-0.0012678770666395556,-0.007469424608060327
2025-05-27,-0.005625060614877109,0.0016270403610980644,0.023828435266084025,0.021175036815112014,-0.006615944426066833
2025-05-28,0.008485321369355203,0.002462796059526262,-0.004223773812602305,-0.0053207359522625675,-0.0027472527472528485
2025-05-29,0.0034816247582205584,5.227118289696797e-05,0.0021641274238226593,0.004149377593360981,0.014024542950162644
2025-05-30,-0.0023130300693910977,0.0017771273259461484,-0.001641185108404608,-0.0009957184108333461,-0.009138058779945557
2025-06-03,-0.006375579598145276,0.0024000834811646055,0.015314068177885387,0.010315957340775395,0.004652708541043493
2025-06-04,0.0024304880419987462,0.0027066416822818518,0.0028973157221985346,0.00029596014403399096,0.011247105524313739
2025-06-05,-0.002909514111143374,-0.004049003322258993,-0.008581867618319361,-0.005572266877064913,0.011612692181877549
2025-06-06,0.0020426028596440826,0.0015636401542791223,0.009513198491600816,0.0101160368937816,-0.004203718674211876
2025-06-09,0.0029120559114734768,0.0017173189009158651,0.0022073181084982796,0.0010309278350515427,0.010716025328787238
2025-06-10,-0.0009678668215252761,0.001194867265831956,0.006183820415078145,0.0053945368054535425,-0.011566265060241165
2025-06-11,0.005231544274365563,0.002179327521793173,-0.004209462872537428,-0.003121798936637332,0.012351698358524343
2025-06-12,-0.0037586738627601868,0.0,0.002451809266148075,0.0036208836913440567,0.002729170011237736
2025-06-13,-0.002418496662474734,-0.006006006006005982,-0.012819431559416228,-0.01189605577495001,-0.01056676272814605
2025-06-16,-0.006594259115593415,-0.00046879883321171434,0.01409653994019644,0.009868258745744374,0.006553398058252391
2025-06-17,0.0010737992971496801,0.0005732450883317863,-0.010446503791069928,-0.009136659012068171,-0.0035366931918655586
2025-06-18,-0.0019502681618722706,-0.0009375000000000355,0.00025540609569207895,4.930966469407494e-05,0.0026619343389531203
2025-06-19,-0.010454323400097887,-0.0044833698258783805,-0.0004255681334580652,-0.00044376510034005445,-0.013435237329042726
2025-06-20,0.005627962085308136,0.003613322161709398,-0.004002043596730398,-0.0027131018153118136,-0.00815461143276519
2025-06-23,0.0014727540500736325,5.217845030003332e-05,0.010002564760194899,0.009843201266261037,0.003781961687084001
2025-06-24,0.006078431372549042,0.0031827193989355518,0.013712544438801322,0.010628918495297901,0.023015808010484085
2025-06-25,0.0036055349834340777,0.004472876683830007,0.002338009352037318,0.00014539814859704236,0.03122497998398721
2025-06-26,0.0005825808330905957,0.0008802361103918965,0.008580473175608283,0.0073173095561154256,-0.006599378881987583
2025-06-27,0.005628335759340075,-0.004035178479048107,0.003551664326422621,0.005339875883965783,0.004689331770222793
2025-06-30,0.001157965840007824,-0.0019218782464159867,0.0057613168724279795,0.004545889558809524,0.013535589264877412
2025-07-01,0.004722891566264931,0.0051522248243560664,-0.009410801963993465,-0.0018101271852521972,-0.002379307698211597
2025-07-02,0.010168841135840267,0.005332919126022517,0.007352333746385886,0.004963015986638064,-0.011232497307278155
2025-07-03,0.003133903133903271,0.0,0.009512875184517045,0.008120043686784761,0.018985371926548478
2025-07-04,-0.0014200511218404044,0.004789617345624997,0.00016246953696175126,0.0001413094677342741,-0.0035125229077581643
2025-07-07,-0.004076602199469037,0.004049205535622713,-0.008365821962313169,-0.00838317712993919,-0.012030651340996235
2025-07-08,0.004474059971442124,0.0008167849303180041,0.0011466950610203863,-0.0002849679411065509,0.023811370511130248
2025-07-09,-0.00407505686125853,0.0038255547054322214,0.007117728871799178,0.006176065371276573,0.0016666666666667052
2025-07-10,0.009230183652107815,0.006046747967479726,-0.0018683996750610277,0.0024080457056518956,0.002268945696566327
2025-07-11,0.005280030171600947,-0.00338400929339866,-0.002522991779929873,-0.003862458784738787,0.00799879263507397
2025-07-14,0.0020634027386980947,0.004561118994526714,0.0032637075718016106,0.001465859655759516,-0.004491690372810275
2025-07-15,-0.005990265818045626,-0.007920492382201605,0.0013012361743656164,-0.0037773265971009495,0.017220634681907043
2025-07-16,-0.0005649717514125685,-0.00010170353419780565,0.001218323586744452,0.0035546708374802893,-0.0021438604272935313
2025-07-17,0.0008479366873941352,-0.0004577124548643674,0.006327573618885474,0.004392179087560288,0.017484071714327865
2025-07-18,0.008942859832439032,0.004273939147247274,-0.00016122531237405813,0.0005172332722058748,0.003422163972622849
2025-07-21,0.016980779996268014,0.008055527409058572,0.005240667580423963,0.001738885233574461,0.00863507728031343
2025-07-22,0.021743119266054878,0.011257978589737316,-0.0056945781199870815,-0.00014074595355373365,0.006115107913669204
2025-07-23,-0.003412049923677607,-0.004125043486904345,0.0036299104622086187,0.006944444444444198,-7.150518412579743e-05
2025-07-24,0.008289035048202331,0.00129753468410021,0.002089696190322954,0.00032618825722274813,0.015017162471395729
2025-07-25,-0.006612456438209291,-0.006180223285486508,0.002566570420275971,0.004425397121162744,-0.0022544737212907284
2025-07-28,-0.007735899973014271,-0.005366098294884658,0.004160000000000164,0.0007884240793989417,0.009532551899449349
2025-07-29,0.0006345752878251787,-0.0019664196036908166,-0.001354365838113436,-0.002363408869734518,0.018535357067916314
2025-07-30,0.004439210001812022,0.002829140143477904,0.0006382130035897937,-0.0022761055369752148,-0.01613789314654568
2025-07-31,-0.023992062776224343,-0.012846347607052944,-0.004703818863110887,-0.0029330974440150426,-0.0166119913450129
2025-08-01,-0.00027723870252283067,0.0003062005613676533,-0.019545017622556893,-0.016062756817332713,-0.002413230179572734
2025-08-04,0.00443704936217415,0.002601908065914982,0.016911764705882293,0.013335231586939944,0.004980434009249413
2025-08-05,0.008190686545186843,0.005953592509668315,-0.0076323612115367645,-0.005291996440781044,0.0038938053097343772
2025-08-06,0.008580556823368335,-0.00015175274419554352,0.0131152849740932,0.00790960451977396,0.006699576868829382
2025-08-07,0.001448094850212689,0.0009106546595163412,0.002317404506952059,-0.0016816143497757619,-0.006865148861646242
2025-08-08,0.0071396294622685375,0.0018701981399109613,0.010125169417204871,0.00846902489238266,-0.0037384496014670754
2025-08-11,0.0005384063173006215,-0.001967610110488849,-0.003078137332281017,-0.0021342736509998295,0.019541206457094118
2025-08-12,0.003946188340807177,0.002224244262460706,0.013458950201884257,0.011531129399730222,0.012361111111111045
2025-08-13,0.0072360192960514436,-0.002320185614849146,-0.0005468322787282043,0.0022523557802804905,0.03587597750034299
2025-08-14,-0.008337028824833559,-0.004044489383215333,-0.0007034547444115802,0.00018345257750862487,-0.010661545593007138
2025-08-15,0.013147303461228832,0.002182741116751208,-0.004614782948768048,-0.002292736610418178,0.02610441767068261
2025-08-18,-0.0033545197740113553,0.002177987134680537,-0.0007072135785006761,-0.0008272819192941538,0.028310502283105166
2025-08-19,-0.0007971656333036758,0.0006570302233903647,-0.013367932688527318,-0.005243790248390057,-0.001776198934280604
2025-08-20,0.010814644091835746,0.006010404565887084,-0.005419622220451004,-0.0022195505410154137,0.0029232333502795527
2025-08-21,0.0050863807769883085,0.005321819459785271,-0.0057696930843817995,-0.005283158772824259,-0.004688886072741094
2025-08-22,0.0028793299014049367,-0.0011486216540151917,0.015636334327395973,0.015747297800969173,0.03348612172141574
2025-08-25,0.025143553158169407,0.007699615019248762,-0.005158320768193003,-0.006559031281533789,0.0298139706788223
2025-08-26,0.009080879232793215,-0.0006946167204167075,0.004546904913848238,0.004478507779675844,-0.00753678669697333
2025-08-27,-0.021530698065601372,-0.014050940866888406,0.0006352735646786289,0.0012410369553226275,-0.006870781099325041
2025-08-28,0.006016847172081841,5.035753852355995e-05,0.00507896198714386,0.002524904742230216,0.038111421288991254
2025-08-29,-0.0003417634996584207,-0.0011581650636990348,-0.012475325700750162,-0.006822969136367929,0.022214427686191973
2025-09-01,0.00606837606837618,5.041338979627774e-05,0.0004797313504438794,0.0005532758541197946,0.02293263181974159
2025-09-02,-0.0007645909438451781,0.0010586278167061813,-0.0076720210980580905,-0.00658955808488082,-0.02845642086431488
2025-09-03,-0.009097092331236123,-0.006999697854768838,0.008134009825239596,0.00542721959365422,0.009437219472896663
2025-09-04,-0.01827541827541812,0.0004057000862112137,0.008467806358843255,0.0075663206459053445,-0.04241249572454686
2025-09-05,0.016955077783604056,0.0027880569777463116,0.0011089987325729744,-0.0028847474701222398,0.06554351708536732
2025-09-08,0.0064455139223100755,0.003841876453341442,0.0041145750909952206,0.0017450404114620621,-0.008380356444494197
2025-09-09,-0.0027324737426351886,0.001762513848323044,0.0028368794326241176,0.002475474465939209,-0.022254774916896647
2025-09-10,-0.00513742614949908,-0.0036696325340572766,0.0011786892975012009,0.0036125845985002236,0.012619568975452466
2025-09-11,0.01420087787245028,0.0034308779011098522,0.005494074248489023,0.008019319269148228,0.05121493199795135
2025-09-12,0.0027155465037338455,-0.00417337087691072,0.004059011786745836,-0.0006328255661528503,-0.010880744870892634
2025-09-15,-0.003639133378469883,-0.0034839686947739645,0.008862629246676468,0.005337192998326579,0.015105078809106942
2025-09-16,-0.005011466915824325,-0.001976084312930726,-0.0012329506049164607,-0.0017096324290277742,0.0067931852490834554
2025-09-17,0.004780604404985622,0.0025892267858049767,-0.002314636216341426,-0.0012618865203479768,0.01959944307593453
2025-09-18,-0.017926932880203972,-0.012710147863074783,0.010362694300518172,0.005866161274310722,-0.01633403361344532
2025-09-19,0.006401937883899977,0.0025644971021183682,0.007500956754688204,0.005473060876586944,-0.001495007742004284
2025-09-22,-0.011948766440299186,-0.004399652120530062,0.005241966117146557,0.004149377593360981,0.005400780706914077
2025-09-23,-0.004002088045936936,0.0015415446277169398,-0.007859733978234584,-0.006309428596818489,0.0021806190830762073
2025-09-24,0.00742487770789646,0.0034374839669590873,-0.0028184034125533497,-0.002638168485065262,0.022767075306479923
2025-09-25,0.0009537847914680153,-0.00332344820533792,-0.003819417920708834,-0.004438466711499722,0.01577418015774179
2025-09-26,0.001645876645876676,0.0021546196070383328,0.004830917874396157,0.006304602359722411,-0.02595014303228438
2025-09-29,0.008388826429127194,0.0018428461735346957,0.0032814407814407698,0.0017005280587130134,0.027428151877491036
2025-09-30,0.00540308747855911,-0.0030657605640999064,0.0022818894044269733,0.0035293066476056456,5.10438466643226e-05
2025-10-09,0.02089908726435219,0.009071805648096065,0.0172269864157244,0.0077460713172772255,0.007247856267864394
2025-10-10,0.0015875668449198965,0.007110930516050384,-0.03558639212175474,-0.027742191986570797,-0.04540387149082803
2025-10-13,-0.006173354467339687,-0.004085132136372849,0.021041231530904314,0.014993866145667889,-0.010988427646246968
2025-10-14,0.002434315453705871,0.007697371752671378,-0.006667171755436074,-0.0014324723577600063,-0.039826096291127766
2025-10-15,0.008122592530564354,0.0013568521031206426,0.006330562123407768,0.0038552920607881624,0.02358991559058632
2025-10-16,-0.00232577456599381,0.001304827863093605,-0.0039411853872971525,-0.0066985218595096985,0.0038228387308176792
2025-10-17,-0.011322953958871063,-0.004661186848436305,0.006163445442094018,0.005035292001978275,-0.03351286654697794
2025-10-20,0.0032842105263157784,0.0023163301273980696,0.013158889813204233,0.010870051442630091,0.020039403321137073
2025-10-21,0.006462984723854426,0.0038181361466969044,-0.0011196536538029545,-0.0007965306664305949,0.03007560289167266
2025-10-22,0.0023350846468184194,0.0025524248035635466,-0.009490360185323676,-0.005137289636846787,-0.007928854601950142
2025-10-23,0.010233796488892555,0.004892172523961458,0.008147868728781704,0.005297364672364857,0.0009720272167621502
2025-10-24,-0.0004941525284136716,-0.0053154495777446575,0.010327022375215211,0.008103440641190174,0.03560638757013379
2025-10-27,0.010629531970995254,0.0023473006043051026,0.01755425524035248,0.011640165158569804,0.019691602417170273
2025-10-28,-0.008724011414594335,-0.003786746387643314,0.0070607075265687325,0.0019538882375926825,-0.0014304689894758527
2025-10-29,0.013160059220266529,-0.0006001800540162971,0.003975424647632897,-0.00017334026694404425,0.029264299600941346
2025-10-30,0.00097418412079886,-0.00010009008107292328,-0.01447084233261342,-0.009708737864077555,-0.018391490207774086
2025-10-31,-0.004947283049472784,-0.00015015015015018562,0.004967492146979335,0.0028448879551821182,-0.02304030787927891
2025-11-03,0.007824598581791298,0.007258347099164064,0.00421603547285021,0.0016148038231571515,0.00321360078785049
2025-11-04,-0.010998786898503754,0.0022363582148892114,-0.020412595005428913,-0.011503267973856146,-0.019581503487471008
2025-11-05,0.0028620492272466436,0.0014379927604502019,0.007389344565137179,0.0039672044432690345,0.01022344013490728
2025-11-06,0.019651011089367287,0.004159239453357166,-0.019511479498276252,-0.011810677906568312,0.01851851851851838
2025-11-07,0.005997600959616101,0.0035502958579882726,-0.0032916884865713536,0.0009330430532723533,-0.005121638924455829
2025-11-10,0.014626391096979274,0.007124606918238907,0.02221721834421686,0.01580255681818188,-0.009163449163449022
2025-11-11,-0.003760576621748557,0.0006342391569498229,-0.00286364637638592,0.0021849327040726063,-0.014028160232763653
2025-11-12,0.007234979553318643,0.0026328620185274154,-0.0011045655375552244,0.00021801691811274004,-0.003741371133477278
2025-11-13,0.008276077451592867,0.0005349153861116118,-0.019977884260965806,-0.01608614150573251,0.025441658732677563
2025-11-14,-0.009059934954313231,-0.004179829890643916,7.522190461872746e-05,-0.0010190518387239722,-0.02811162118945687
2025-11-17,-0.010393060873642335,-0.0050758943823515645,-0.008424219631440244,-0.009313877677739946,-0.0020698439656087197
2025-11-18,-0.0157138344914719,-0.0069168506254598805,-0.011302434954107654,-0.007700228320723368,-0.011487528585863993
2025-11-19,0.008022462896109195,0.001234933807547911,0.0057541813717969514,0.004060455673358776,0.002474848012051334
2025-11-20,-0.00604854755272588,0.0006907099511570536,-0.02296132428102826,-0.015097730847000612,-0.011216658616433173
2025-11-21,-0.019296981343582154,-0.013410245032786094,0.007261086820737006,0.009580729047858005,-0.04005644811115938
2025-11-24,-0.005143696930111186,-0.0030483234221178046,0.02542438570653438,0.015093316462560624,0.0029967205699423793
2025-11-25,0.005990972507180947,0.0039097744360903075,0.00551817975659552,0.008859012598495308,0.017701110547381438
2025-11-26,0.0008157937673354265,-0.001897343718793687,0.008269433167944484,0.006486629600211735,0.021381487841356073
2025-11-27,0.0006521030322792498,0.0006503251625813444,-0.00022368028631070125,-0.0002630540576088469,-0.004447095829491876
2025-11-28,0.0023623330074942217,0.0007498875168723274,0.007905138339920903,0.005437880980572629,0.007027292041183131
2025-12-01,0.015847216578626533,0.005844739734239379,-0.004069552349241445,-0.0054084703624547315,0.013036892783728327
2025-12-02,-0.0014399999999999968,0.002433573379687193,0.008841010401188676,0.0028943560057888007,-0.006888449831793708
2025-12-03,0.006569460022432194,0.0010404280618312445,0.0014728625082849334,0.0024924570379116773,-0.011130229056887764
2025-12-04,-0.0009551098376312517,-0.0028210838901262525,-0.0012500919185234327,0.0006978975835294499,0.010113642542547874
2025-12-05,0.010914595283620043,-0.0001985308715505285,0.004564865262847828,0.0022229971231801926,0.013618991225709198
2025-12-08,-0.00512254708802895,-0.0030281969817315124,-0.0023453532688362255,-0.0033053538033315233,0.02596919808815712
2025-12-09,-0.01853612167300367,-0.004232435393118683,0.0016162209814869488,-0.0007854431208274004,0.006107976603343834
2025-12-10,0.0042776432606939085,-0.002200220022002153,0.0038873404723485105,0.006419494301061368,-0.00020579307506296551
2025-12-11,-0.006750783573093222,-0.005462563896963091,-0.004383721779791072,0.0010413954699295402,-0.0140997272680492
2025-12-12,0.006553928311352042,-0.0018140589569159982,-0.019666837895354727,-0.01140008669267445,0.01043895819197238
2025-12-15,-0.0001607717041800516,0.001060124185976008,-0.0048656336552138635,-0.0013153856272197784,-0.01766620176662015
2025-12-16,-0.008763466795304597,-0.003731719616742346,0.0018053257108472387,-0.0031171796110111005,-0.02103381185255304
2025-12-17,0.011598669802903805,0.0009111156104475437,-0.019522450818441173,-0.01193517132035582,0.03389375302143205
2025-12-18,-0.00024053880692764817,0.0046020026297157735,0.015009955582784285,0.00806775128147974,-0.02171654197838735
2025-12-19,0.007298099286229931,-0.00015101938082051625,0.012449071978270831,0.008224266006366943,0.004885820499203497
2025-12-22,0.001273885350318471,-0.003725707380928478,0.004992920485878072,0.006578370318393256,0.022249233696226556
2025-12-23,-0.0008746819338423251,-0.0003537497473216078,0.005042266053685296,0.003834088532589819,0.004032466525357936
2025-12-24,0.0029446876243532927,0.0015166068449523618,0.0018444739560279366,0.0024739583333333037,0.007672107512486592
2025-12-25,-0.0011109347722584317,0.0027257584170410354,-0.0011046468812137,-0.0011689829848031685,0.0030148185998977173
2025-12-26,0.0074674292977439105,0.0007047571104958905,-0.0009584193453259227,-0.0006501950585175997,0.0014264608487442043
2025-12-29,-0.001025074909320356,-0.004778912420141945,-0.005091875138366064,-0.00394708306224234,-0.00656254769293374
2025-12-30,0.006551424737548217,-0.0027800242620298343,-0.0022251891410770552,-0.0011322069325901962,0.006298648095043102
2025-12-31,-7.841907151817651e-05,-0.00096304931826241,-0.009143621766280141,-0.008196006626558616,-0.012264006920767345
2026-01-05,0.005803466394792567,0.0013191273465245068,0.00502663365593814,0.007252747252747271,0.02849046883049966
2026-01-06,0.02042884990253402,0.0044588569112282705,0.00836070468796657,0.005411302640192073,0.007463808044883002
2026-01-07,-0.009475051577901739,-0.0025726392251815833,0.0008143322475571146,-0.0030383263162464536,0.0031324582338903006
2026-01-08,-0.004011417110236892,-0.0031355889344054644,-0.005547747614468523,4.3536941094712844e-05,-0.008228004956629453
2026-01-09,0.00534428007125709,0.0022829891938511704,0.009074680154715908,0.005354810622550943,0.007746514068668997
2026-01-12,0.002080123266563927,0.00222717149220486,0.00044228217602815256,0.0011691854674575897,0.018101567149375164
2026-01-13,0.005227954178519401,-0.000959595959595938,-0.0018420277040965827,-0.0020761245674739692,-0.019582054654391334
2026-01-14,-0.0013001912045889075,-0.005560891764824771,-0.010482025540710094,-0.005287794729542328,0.008148258558155597
2026-01-15,0.0029866748353499784,-0.0012200701540339143,0.0023871689668033547,0.001699346405228841,0.005716820265142308
2026-01-16,-0.007253569519737435,-0.006107802717972066,-0.000595370990548405,-0.0004784897124712195,-0.0020581173126867913
2026-01-19,0.015074603907091255,0.003379935473959206,-0.00044679425124727334,-0.00043519888589083067,-0.006972747360667886
2026-01-20,0.009546901045612843,0.00939110906956575,-0.0222751992848097,-0.021246952281435028,-0.017801513128615998
2026-01-21,0.0026268387871510868,-0.004651868331900788,0.01371533069186226,0.01169928825622768,0.005336555404521048
2026-01-22,0.009356987798487815,0.0026416052832105574,0.008042693926638478,0.00558413577804151,0.010015524062296777
2026-01-23,0.0042272322752892055,0.00015199878400973255,0.002087838341660042,-0.0009182334936598258,0.006197630026277823
2026-01-26,0.009378923270068729,0.0035460992907800915,0.002976411935411871,0.003851372051293156,-0.009066719227357689
2026-01-27,-0.005633596722271039,-0.004846037354871324,0.008976927071741247,0.004054584296115493,0.0070611636001987055
2026-01-28,0.021264071812228558,0.004210205945013756,0.0018382352941175295,-0.0015631784628745704,-0.005678451510961802
2026-01-29,0.015634005763688785,0.012577663282315354,-0.0052110091743120535,-0.0012177089675565744,-0.0057605402989522325
2026-01-30,-0.022274242746683548,-0.005287837972662857,-0.013944223107569709,-0.005660541670295394,0.012736626542130702
2026-02-02,-0.03888848581586013,-0.010631895687061133,0.007407407407407529,0.005648975302154469,-0.024561057407772813
2026-02-03,0.01502226919302485,0.0021796431467964172,-0.016711229946524075,-0.009797517962116253,0.01850541005157247
2026-02-04,0.016659229510635143,0.011076829700065849,-0.018505929450864822,-0.005936675461741481,-0.00402104845115181
2026-02-05,-0.010826627651792209,0.002001000500250205,-0.013236878559335197,-0.011855784118557922,-0.015351642326670967
2026-02-06,-0.001700931814820228,-0.0017973040439340782,0.02136952113554824,0.01996687111071327,-0.00733991394583644
2026-02-09,0.009556263426920397,0.004051215364609284,0.006719609040928498,0.0037747443269104952,0.029627740948495518
2026-02-10,-0.0014675667742882759,0.0005977584059777552,-0.006371359223300899,-0.004154095063185981,-0.003714526274082419
2026-02-11,0.007642563198118735,0.000796535072434823,0.00259541984732814,-0.0003512777728988947,-0.010787432889242443
2026-02-12,-0.0016773628938155927,-0.004178480823757602,-0.02010050251256279,-0.015637353948871113,0.013166490778431017
2026-02-13,-0.016655708963401183,-0.007792597032818871,0.0010101010101011276,-0.0002677376171351664,-0.015624224988839752
2026-02-24,0.027635391129930742,0.0074510396214066965,0.010013195684234866,0.008257454026066702,0.009775269575733159
2026-02-25,0.008313453336225018,0.00019989006046672309,0.012680602520750206,0.007038824206472061,0.014021956087824305
2026-02-26,-0.0001433897332950851,-0.0010492130901823549,-0.012825377551794914,-0.0068137858273253915,-0.0030018207765365457
2026-02-27,0.008461207514699476,0.0038511553466038517,-0.002998154981549872,-0.004514672686230292,-0.010463968410661328
2026-03-02,0.01855802047781574,0.00597877534751623,0.001387925052047212,0.00013338668800866316,-0.004738627294493147
2026-03-03,-0.00244328097731239,0.0009410133227676365,-0.012859012859012808,-0.01142526896061169,-0.02550994837869003
2026-03-04,-0.008957312806158302,-0.010044532409698048,0.0154446177847114,0.008274497459189734,-0.014040320921620997
2026-03-05,0.00614320011297842,0.00014994751836838738,-0.0045321862037179805,-0.007225369073636356,0.016535391998330873
2026-03-06,0.005895150536879834,0.005447276361818965,-0.01458445867736724,-0.013208140527427248,0.0038485221674875447
2026-03-09,0.005093141700969861,-0.00024852129827512837,0.014800313234142548,0.010380150239016617,-0.006440729949394264
2026-03-10,-0.007080383173677762,-0.0001988664611712876,-0.0027779921290222997,-0.00450592529175875,0.030354478571795962
2026-03-11,0.01230425055928408,0.0076081551466931074,-0.0006190513038767387,-0.0017652650160683292,0.013182204024567046
2026-03-12,0.008149171270718236,0.004096135814045443,-0.016569879984514202,-0.014645869230071717,-0.009560889064117117
2026-03-13,-0.007535278805315682,-0.0012778924604345265,-0.005511377056924727,-0.005337996410657353,-0.0021893814997263616
2026-03-16,-0.012286029817780264,-0.0010334645669290987,0.011796374000475174,0.010964607911172708,0.014162469455941684
2026-03-17,-0.007966457023060869,0.00014779053155322686,0.003677621283254995,0.0012355848434926209,-0.022913900771991957
2026-03-18,-0.006269371653986999,-0.00325091124027177,-0.014968425976455868,-0.014534485122720486,0.020230486638820322
2026-03-19,-0.012830509676047375,-0.0015813401858074672,-0.0018994855559951729,-0.001669681369138698,-0.011098505401272662
2026-03-20,-0.007755277897458113,-0.002821223520095062,-0.019506779795416818,-0.016213704994192724,0.013018754988028736
2026-03-23,-0.03140830800405259,-0.024569414801210998,0.013829357056207137,0.013836418587079846,-0.0348121522477719
2026-03-24,0.013224745965331852,0.013128434764909436,-0.008934269304403442,-0.005449718198332398,0.005050505050504972
2026-03-25,0.008332718826045138,0.006780512305374131,0.006036703155183565,0.004870738104158834,0.0201005025125629
2026-03-26,-0.006874360099458743,-0.0001496632576702961,-0.021681734538762987,-0.015100671140939603,-0.013385082350599653
2026-03-27,0.004270986745213312,-0.0022452849017063903,-0.01799149492966967,-0.015616127200454244,0.007111155941093461
2026-03-30,0.0012465170846165385,0.003100465069760361,-0.006578947368421018,-0.0024516873377560255,-0.006760478742050102
2026-03-31,-0.009520322226290623,-0.0020439702876515753,0.033364070751948915,0.028625126499927767,-0.026973883230815843
2026-04-01,0.005545286506469571,0.000549505445099463,0.009410237689624346,0.00449754040758954,0.019638323229182797
2026-04-02,-0.00397058823529417,0.002096959408857124,-0.0008840311821907143,-0.0011193507765494548,-0.023071450350645284
2026-04-03,-0.011147202126088995,-0.011260026904489018,0.0006435006435006052,0.0007003782042303008,-0.007230545151893475
2026-04-07,0.0037327360955581312,-0.001158982111363005,0.00522508038585201,0.004106009705113767,0.00351061042703682
2026-04-08,0.015470435105987335,0.006205226515992424,0.026149540183926456,0.02235130111524164,0.059001670843776166
2026-04-09,-0.0039551746868818904,-0.006166959137628436,0.006701995012468931,0.005772464887959794,-0.007247805936298146
2026-04-10,0.004853298036620268,-0.00030269397638982287,0.0014708159157763578,-0.0010394070860447746,0.03789421405512772
2026-04-13,-0.0030735455543359214,-0.0030278562777553697,0.01051248357424428,0.01026916987106996,0.00799119532969672
2026-04-14,0.001394700139470073,0.002024701356549974,0.017134552130345204,0.010881246641590403,0.023688582957512416
2026-04-15,-0.0037384547720276107,0.004596888260254506,0.013912912687072287,0.00801771871539314,-0.011825264329437979
2026-04-16,0.006033404458833047,0.0,0.0052662809672154864,0.0031640007031112916,0.03162982777230283
2026-04-17,-0.007533094419659214,-0.0037713078895760255,0.012986054748026277,0.01226563868932895,0.014329254423872895
2026-04-20,-0.0031687546057479477,0.0007066424389259307,-0.0026221866122806414,-0.0019906525878483627,-0.00026908242891732215
2026-04-21,0.0016263768758779662,0.00549783113083846,-0.004966041042868574,-0.006894458416442761,0.0034541539565762225
2026-04-22,-0.0025832164735405394,-0.0020566842237270677,0.01739449541284399,0.011352224599397553,0.020295945281416428
2026-04-23,-0.0007399733609588788,0.005428772494219247,-0.0053383350165921994,-0.003842334758019317,-0.008587828068176817
2026-04-24,-0.004961492890995345,-0.0028497150284971795,0.019292138091093758,0.008537748114761268,-0.01396561629911175
2026-04-27,0.00029768549527431354,-0.0044622712459262415,-0.0017076988757648293,-0.00012891581797092044,-0.005244050020169588
2026-04-28,0.0048359497061229995,0.004935535858178852,-0.00983606557377048,-0.004856455217466027,-0.014193025141930216
2026-04-29,0.016140974381756212,0.002806454846145945,0.005902677800172729,-8.637443316772409e-05,0.025138260432378212
2026-04-30,-0.006630719906732807,-0.003348325837081445,0.009875483039931243,0.010538591111302953,-0.0024967675776896847
2026-05-06,-0.0018337856671312158,-0.0006518577947148829,0.04060374149659851,0.02072915331025338,0.02735440039333148
2026-05-07,-0.00881834215167554,-0.0024084295032614778,-0.0022471910112358273,-0.004857214638639973,0.01448770937567967
2026-05-08,-0.001779359430604921,0.0005532642591288273,0.023682773682773606,0.008794075570142335,-0.00960631271978718
2026-05-11,0.0034165181224004026,0.002865329512893977,0.0024001600106673404,0.001376433785192921,0.03511734649692544
2026-05-12,-0.008142116950407008,-0.0011528822055139054,-0.009311606252078497,-0.0022492502499166234,0.001673290106672276
2026-05-13,0.00231343283582075,-0.0005520148542178527,0.010473313192346456,0.006011522083994469,0.0263938191689288
2026-05-14,-0.008562281289554052,-0.003966659971881947,0.006909839877748958,0.0073035106647854064,-0.02144281238556378
2026-05-15,-0.010814058275758431,-0.003881635327922628,-0.015110524579346807,-0.011988135453571802,-0.005571725571725472
2026-05-18,-0.007440024293956848,-0.004149797570850211,-0.004153825539327305,-0.000625443022140737,-0.003554106037798821
2026-05-19,0.008643108459537974,0.006657180607785307,-0.006996770721205525,-0.00751001335113477,-0.001636523855482408
2026-05-20,-0.008872374308030673,-0.004997728305315752,0.01680216802168011,0.011182108626198062,0.0035305985205111856
2026-05-21,-0.018439173680183663,-0.005225773718924409,0.0013992537313431974,0.0010809013053960648,-0.023412631931646777
2026-05-22,-0.00272819393561452,-0.003009129392563925,0.004524585800785186,0.004028239202657824,0.028434189647038588
2026-05-25,-0.006096607784899177,0.0023531819111928254,-0.0007948599059416361,-0.0008272324936922093,0.021017514595496056
2026-05-26,0.008571877949040463,0.00020414412575275875,0.017036791514749794,0.005671234010845572,0.005472961934324561
2026-05-27,-0.011773879142300103,-0.001683845290335828,-0.0009125277017338895,0.0002881369885570084,0.0008124136810463423
2026-05-28,-0.007890168849613355,-0.005060056222846776,0.007633089770354928,0.004938068392247308,0.01992856563032719
2026-05-29,0.005248926355972516,0.013767594780643044,0.002784072515377156,0.0012693992874983628,-0.02089219626726102
2026-06-01,0.0064082278481012445,0.011705685618728978,0.0057463842975207235,0.002658269262228119,-0.021581856608681393
2026-06-02,0.0018080339595942796,-0.0033057851239669533,0.005135777107273531,0.001631520985438728,0.026585801520375263
2026-06-03,-0.0018832391713747842,-0.00567867732046845,-0.003065721402567667,-0.007411328745367984,0.016630922995994002
2026-06-04,-0.01666666666666672,-0.007934903467097909,-0.0049971170478569915,0.004307692307692346,-0.00811972615825507
2026-06-05,-0.0011192836584584809,0.001630240969993313,-0.04822612838838447,-0.027165032679738577,-0.03222311396468691
2026-06-08,-0.015607491595966083,-0.0053913839580895795,0.016033013124069795,0.0035691790888097152,-0.03677903553509976
2026-06-09,-0.002764452394503625,-0.0015852723088725096,-0.01198481922897665,-0.0034309623430962555,0.0393026259147653
2026-06-10,-0.0026905829596410857,0.001741446424913029,-0.020014825796886626,-0.016374170795196985,-0.026964337489127188
2026-06-11,-0.0014715500327011632,-0.005010737294201872,0.032870306697840856,0.017585794775482277,-0.010812191384301117
2026-06-12,0.013590961192074591,0.006783144912641426,0.005792276964047938,0.004530201342281881,0.004819691883983124
2026-06-15,0.00016155088852976007,-0.004083299305839172,0.030118488118090925,0.016494070486053003,0.052548179871520384
2026-06-16,-0.019382975286706516,-0.01060885608856088,-0.018699395964529075,-0.00550466253132309,0.01700777149367294
2026-06-17,-0.005270960303080163,-0.004454804454804506,-0.01001899024294406,-0.012598620347804568,0.015563112622524633
2026-06-18,-0.008362311641000209,-0.013580311150424018,0.0254001852096839,0.01162985274431061,0.02048534509927502
2026-06-22,0.009685230024213176,0.002004430847135863,-0.001677202941555933,-0.003390951947729759,0.02513125386040782
2026-06-23,-0.020176961878772826,0.0006843546009687174,-0.03295425174463695,-0.014232365145228187,-0.03829787234042559
2026-06-24,-0.010043041606886627,-0.01378294492082699,-0.00407590538554059,-0.0005892999957908263,0.014096640300728325
2026-06-25,-0.0013640238704177854,-0.006027631087640706,0.007916806440791735,4.211767678907741e-05,0.028380569928179833
2026-06-26,-0.025012805190370635,-0.008801116239132711,-0.011915063569193918,-0.0012634770889488056,-0.04047610107761057
2026-06-29,0.011820330969267268,0.009907958852192644,0.02277014281864731,0.012018217086952943,0.005400117393856485
2026-06-30,-0.006403599861543707,-0.01270573098161154,0.01593992886312745,0.0068752864702694705,0.029852489004787097
2026-07-01,0.018899146490158447,0.010425716768027948,-0.016143672199170123,-0.002814103625227493,-0.018858654572940337
2026-07-02,0.0005128643473801819,0.008114789337919204,-0.016144975288303054,0.0,-0.05693155117291315
2026-07-03,0.0071764203331909915,0.004158004158004269,-0.0006028131279304239,-0.0006225099601593342,0.0006535146836579298
2026-07-06,0.007719060140809031,0.010670488931358468,0.01293478989343888,0.007599352186371089,-0.017592554798155025
2026-07-07,-0.01851851851851849,-0.008982035928143617,-0.018062723302898043,-0.004698318496538123,-0.009306963603124552
2026-07-08,-0.009691252144082174,0.0064663168495255885,0.0030995215955798017,-0.002360248447204949,-0.016859587317564206
2026-07-09,-0.00562916774919886,-0.007056717046711292,0.01571841203734814,0.007637073008757822,0.04483405852742939
2026-07-10,0.008273819892004708,0.003288252452930296,0.0025791944977184844,0.003583638835111369,-0.0435634671130527
2026-07-13,-0.010451757795629235,0.006872125601311119,-0.01926121372031675,-0.008290921031029352,-0.03090583112780676
2026-07-14,0.02784567039106145,0.006615214994487362,0.011299435028248705,0.004138730237563282,0.034093912430622764
2026-07-15,0.016900212314225005,0.01110937255515565,-0.004123437084330939,0.0026378699200395594,-0.011969671153518435
2026-07-16,-0.0039251712042758236,0.0004126689363457281,-0.016294911179377536,-0.005097426621721635,-0.02940288855356754
2026-07-17,-0.01551102540454441,-0.001649994843766156,-0.014663951120162944,-0.00979257912569198,-0.07115888597699116
2026-07-20,0.02955203542837692,0.01647557070550576,0.0005511919525973408,-0.0017942833298560945,0.004495241738797784
2026-07-21,0.0008271982794274546,-0.006910217976728861,0.018867924528301883,0.008444110024245388,0.07074506069983344
2026-07-22,0.003058103975535298,0.0018419033000767193,-0.00513652338469861,-0.0012021223677665116,-0.032190654039393585
2026-07-23,0.012277521423862847,0.0025024258209489503,-0.019157608695652195,-0.013031749325586262,0.002480819589286698
2026-07-24,-0.02271062271062274,-0.007539480387162567,-0.011151128965230628,0.0008830579033682895,-0.02635076302644246
2026-07-27,0.013659836748292742,0.004414331177497344,-0.0037122644813335492,-0.00042013276195274063,0.03148828014685123
2026-07-28,-0.0012325390304026573,0.004854865085854421,-0.009701912260967394,0.002353732347007309,-0.07342003194159241
2026-07-29,0.020649938296997128,0.010273101764735726,-0.02101377254011083,-0.015556860114055548,0.015463409829606922
2026-07-30,0.0061260680315977645,0.011376793355147408,0.033430021754894845,0.016612003237210793,-0.03947623666343347
2026-07-31,0.000560807562890453,-0.0038325618436116926,,,0.030293850348379392
