date,159232,515100,159941,513500,159952
2013-12-06,,,,1.0,
2013-12-13,,,,1.0002999400119976,
2013-12-20,,,,1.0026994601079784,
2013-12-27,,,,1.0047990401919615,
2013-12-31,,,,1.0057988402319535,
2014-01-03,,,,1.0046990601879624,
2014-01-08,,,,1.0061987602479503,
2014-01-14,,,,1.006598680263947,
2014-01-16,,,,1.0070985802839434,
2014-01-17,,,,1.0060987802439512,
2014-01-22,,,,1.0090981803639274,
2014-01-23,,,,1.0022995400919816,
2014-01-28,,,,0.9843031393721257,
2014-01-29,,,,0.9750049990002,
2014-01-30,,,,0.9819036192761448,
2014-02-07,,,,0.9880023995200958,
2014-02-10,,,,0.9909018196360727,
2014-02-11,,,,1.0023995200959808,
2014-02-12,,,,1.0030993801239754,
2014-02-18,,,,1.0148970205958807,
2014-02-20,,,,1.0154969006198762,
2014-02-24,,,,1.0202959408118377,
2014-02-27,,,,1.0246950609878023,
2014-02-28,,,,1.02749450109978,
2014-03-04,,,,1.0357928414317137,
2014-03-05,,,,1.0362927414517096,
2014-03-06,,,,1.0380923815236953,
2014-03-07,,,,1.0378924215156968,
2014-03-10,,,,1.0391921615676867,
2014-03-19,,,,1.0307938412317537,
2014-03-20,,,,1.039292141571686,
2014-03-24,,,,1.030893821235753,
2014-03-25,,,,1.0351929614077189,
2014-03-26,,,,1.0279944011197764,
2014-03-27,,,,1.0266946610677865,
2014-03-28,,,,1.031893621275745,
2014-03-31,,,,1.0403919216156772,
2014-04-02,,,,1.0500899820035996,
2014-04-03,,,,1.0494901019796044,
2014-04-08,,,,1.029294141171766,
2014-04-09,,,,1.039892021595681,
2014-04-10,,,,1.0186962607478507,
2014-04-11,,,,1.0089982003599283,
2014-04-14,,,,1.0175964807038596,
2014-04-15,,,,1.0251949610077988,
2014-04-16,,,,1.035792841431714,
2014-04-17,,,,1.037192561487703,
2014-04-18,,,,1.037192561487703,
2014-04-21,,,,1.0406918616276746,
2014-04-24,,,,1.0444911017796443,
2014-04-25,,,,1.035892821435713,
2014-04-29,,,,1.0436912617476508,
2014-04-30,,,,1.047190561887623,
2014-05-05,,,,1.0470905818836234,
2014-05-07,,,,1.04379124175165,
2014-05-08,,,,1.042791441711658,
2014-05-09,,,,1.044791041791642,
2014-05-12,,,,1.0555888822235555,
2014-05-13,,,,1.0563887222555493,
2014-05-14,,,,1.0518896220755853,
2014-05-15,,,,1.0418916216756653,
2014-05-16,,,,1.0452909418116383,
2014-05-19,,,,1.0493901219756054,
2014-05-20,,,,1.042291541691662,
2014-05-21,,,,1.0512897420515903,
2014-05-22,,,,1.0540891821635678,
2014-05-23,,,,1.0588882223555294,
2014-05-27,,,,1.0651869626074788,
2014-05-28,,,,1.0642871425714862,
2014-05-29,,,,1.070185962807439,
2014-05-30,,,,1.0719856028794246,
2014-06-03,,,,1.0725854829034198,
2014-06-04,,,,1.0744851029794045,
2014-06-05,,,,1.0817836432713464,
2014-06-06,,,,1.0854829034193167,
2014-06-09,,,,1.0839832033593286,
2014-06-10,,,,1.083183363327335,
2014-06-11,,,,1.0803839232153574,
2014-06-12,,,,1.0730853829234157,
2014-06-13,,,,1.076184763047391,
2014-06-16,,,,1.0775844831033798,
2014-06-17,,,,1.0790841831633677,
2014-06-18,,,,1.0878824235152975,
2014-06-19,,,,1.0888822235552893,
2014-06-20,,,,1.090581883623276,
2014-06-23,,,,1.0908818236352733,
2014-06-24,,,,1.0838832233553295,
2014-06-25,,,,1.0890821835632878,
2014-06-26,,,,1.087282543491302,
2014-06-27,,,,1.0893821235752854,
2014-06-30,,,,1.0874825034993005,
2014-07-01,,,,1.0944811037792446,
2014-07-02,,,,1.094681063787243,
2014-07-03,,,,1.1014797040591886,
2014-07-07,,,,1.0984803039392126,
2014-07-08,,,,1.090581883623276,
2014-07-09,,,,1.094581083783244,
2014-07-10,,,,1.0878824235152975,
2014-07-11,,,,1.0900819836032798,
2014-07-14,,,,1.0953809238152372,
2014-07-15,,,,1.093281343731254,
2014-07-16,,,,1.098680263947211,
2014-07-17,,,,1.0863827234553094,
2014-07-18,,,,1.0973805238952212,
2014-07-21,,,,1.0943811237752454,
2014-07-22,,,,1.0997800439912022,
2014-07-23,,,,1.1022795440911823,
2014-07-24,,,,1.1027794441111782,
2014-07-25,,,,1.0977804439112182,
2014-07-28,,,,1.0984803039392124,
2014-07-29,,,,1.0932813437312539,
2014-07-30,,,,1.0940811837632476,
2014-07-31,,,,1.0726854629074187,
2014-08-01,,,,1.0695860827834436,
2014-08-04,,,,1.076884623075385,
2014-08-05,,,,1.066386722655469,
2014-08-06,,,,1.0670865826834635,
2014-08-07,,,,1.0612877424515101,
2014-08-08,,,,1.0715856828634276,
2014-08-11,,,,1.0740851829634075,
2014-08-12,,,,1.072385522895421,
2014-08-13,,,,1.0800839832033595,
2014-08-14,,,,1.0849830033993204,
2014-08-15,,,,1.084883023395321,
2014-08-18,,,,1.0938812237552493,
2014-08-19,,,,1.0998800239952014,
2014-08-20,,,,1.1031793641271748,
2014-08-21,,,,1.107378524295141,
2014-08-22,,,,1.1050789842031596,
2014-08-25,,,,1.1108778244351134,
2014-08-26,,,,1.1122775444911024,
2014-08-27,,,,1.1122775444911024,
2014-08-28,,,,1.1102779444111184,
2014-08-29,,,,1.114177164567087,
2014-09-02,,,,1.114077184563088,
2014-09-03,,,,1.113677264547091,
2014-09-04,,,,1.1114777044591087,
2014-09-05,,,,1.117676464707059,
2014-09-09,,,,1.1038792241551696,
2014-09-10,,,,1.1062787442511504,
2014-09-11,,,,1.1079784043191367,
2014-09-12,,,,1.1015796840631877,
2014-09-15,,,,1.1004799040191966,
2014-09-16,,,,1.1088782243551294,
2014-09-17,,,,1.1100779844031199,
2014-09-18,,,,1.1162767446510704,
2014-09-19,,,,1.115176964607079,
2014-09-22,,,,1.1065786842631478,
2014-09-23,,,,1.0999800039992007,
2014-09-24,,,,1.1084783043391326,
2014-09-25,,,,1.09128174365127,
2014-09-26,,,,1.1008798240351934,
2014-09-29,,,,1.0985802839432117,
2014-09-30,,,,1.0953809238152372,
2014-10-08,,,,1.0930813837232558,
2014-10-09,,,,1.0699860027994406,
2014-10-10,,,,1.0577884423115382,
2014-10-13,,,,1.0398920215956813,
2014-10-14,,,,1.0410917816436716,
2014-10-15,,,,1.0328934213157372,
2014-10-16,,,,1.0321935612877429,
2014-10-17,,,,1.0457908418316342,
2014-10-20,,,,1.0557888422315542,
2014-10-21,,,,1.0759848030393926,
2014-10-22,,,,1.068686262747451,
2014-10-23,,,,1.0820835832833438,
2014-10-24,,,,1.0897820435912824,
2014-10-27,,,,1.0877824435112984,
2014-10-28,,,,1.1002799440111983,
2014-10-29,,,,1.0983803239352135,
2014-10-30,,,,1.1063787242551495,
2014-10-31,,,,1.1193761247750453,
2014-11-03,,,,1.1202759448110382,
2014-11-04,,,,1.1173765246950613,
2014-11-05,,,,1.1233753249350134,
2014-11-06,,,,1.1290741851629678,
2014-11-07,,,,1.1301739652069591,
2014-11-10,,,,1.129674065186963,
2014-11-11,,,,1.1310737852429518,
2014-11-12,,,,1.1308738252349535,
2014-11-13,,,,1.1311737652469511,
2014-11-14,,,,1.1311737652469511,
2014-11-17,,,,1.1321735652869431,
2014-11-18,,,,1.1384723055388928,
2014-11-19,,,,1.1362727454509103,
2014-11-20,,,,1.1388722255548895,
2014-11-21,,,,1.1442711457708463,
2014-11-24,,,,1.148070385922816,
2014-11-25,,,,1.1463707258548295,
2014-11-26,,,,1.1490701859628079,
2014-11-28,,,,1.146070785842832,
2014-12-01,,,,1.138572285542892,
2014-12-02,,,,1.145170965806839,
2014-12-03,,,,1.1505698860227958,
2014-12-04,,,,1.1498700259948011,
2014-12-05,,,,1.1511697660467908,
2014-12-08,,,,1.14127174565087,
2014-12-09,,,,1.140271945610878,
2014-12-10,,,,1.120775844831034,
2014-12-11,,,,1.1251749650069989,
2014-12-12,,,,1.1074785042991404,
2014-12-15,,,,1.1003799240151972,
2014-12-16,,,,1.0914817036592683,
2014-12-17,,,,1.1129774045190963,
2014-12-18,,,,1.1409718056388725,
2014-12-19,,,,1.1463707258548292,
2014-12-22,,,,1.1508698260347934,
2014-12-23,,,,1.1532693461307741,
2014-12-24,,,,1.1533693261347733,
2014-12-26,,,,1.1559688062387525,
2014-12-29,,,,1.1581683663267353,
2014-12-30,,,,1.1529694061187767,
2014-12-31,,,,1.1403719256148777,
2015-01-05,,,,1.1202759448110382,
2015-01-06,,,,1.1102779444111184,
2015-01-07,,,,1.123675264947011,
2015-01-08,,,,1.1443711257748455,
2015-01-09,,,,1.1343731253749256,
2015-01-12,,,,1.1238752249550095,
2015-01-13,,,,1.1203759248150376,
2015-01-14,,,,1.114177164567087,
2015-01-15,,,,1.1034793041391726,
2015-01-16,,,,1.118076384723056,
2015-01-20,,,,1.1207758448310343,
2015-01-21,,,,1.1269746050789846,
2015-01-22,,,,1.143671265746851,
2015-01-23,,,,1.1390721855628878,
2015-01-26,,,,1.1427714457108584,
2015-01-27,,,,1.1274745050989805,
2015-01-28,,,,1.1104779044191166,
2015-01-29,,,,1.1223755248950216,
2015-01-30,,,,1.108178364327135,
2015-02-02,,,,1.1228754249150175,
2015-02-03,,,,1.138672265546891,
2015-02-04,,,,1.1331733653269351,
2015-02-05,,,,1.1459708058388327,
2015-02-06,,,,1.140671865626875,
2015-02-09,,,,1.1364727054589088,
2015-02-10,,,,1.1482703459308143,
2015-02-11,,,,1.1489702059588087,
2015-02-12,,,,1.1605678864227158,
2015-02-13,,,,1.1645670865826838,
2015-02-16,,,,1.1645670865826838,
2015-02-17,,,,1.1671665666866629,
2015-02-25,,,,1.1758648270345933,
2015-02-26,,,,1.1742651469706062,
2015-02-27,,,,1.1724655068986205,
2015-03-02,,,,1.1802639472105583,
2015-03-03,,,,1.1754649070185965,
2015-03-04,,,,1.1700659868026395,
2015-03-05,,,,1.1715656868626276,
2015-03-06,,,,1.1552689462107582,
2015-03-09,,,,1.1603679264147175,
2015-03-10,,,,1.1411717656468712,
2015-03-11,,,,1.139572085582884,
2015-03-12,,,,1.154569086182764,
2015-03-13,,,,1.1469706058788247,
2015-03-16,,,,1.1628674265146977,
2015-03-17,,,,1.1584683063387329,
2015-03-18,,,,1.1719656068786246,
2015-03-19,,,,1.1643671265746856,
2015-03-20,,,,1.1754649070185967,
2015-03-23,,,,1.1724655068986207,
2015-03-24,,,,1.164467106578685,
2015-03-25,,,,1.1478704259148174,
2015-03-26,,,,1.1444711057788448,
2015-03-27,,,,1.1477704459108182,
2015-03-30,,,,1.1618676264747054,
2015-03-31,,,,1.1521695660867832,
2015-04-01,,,,1.148070385922816,
2015-04-02,,,,1.1513697260547895,
2015-04-07,,,,1.1546690661867631,
2015-04-08,,,,1.159168166366727,
2015-04-09,,,,1.1641671665666873,
2015-04-10,,,,1.1707658468306343,
2015-04-13,,,,1.1662667466506704,
2015-04-14,,,,1.1684663067386527,
2015-04-15,,,,1.173065386922616,
2015-04-16,,,,1.1718656268746255,
2015-04-17,,,,1.1578684263147374,
2015-04-20,,,,1.1680663867226557,
2015-04-21,,,,1.1677664467106583,
2015-04-22,,,,1.1737652469506104,
2015-04-23,,,,1.176564687062588,
2015-04-24,,,,1.1783643271345736,
2015-04-27,,,,1.1729654069186168,
2015-04-28,,,,1.1761647670465911,
2015-04-29,,,,1.1708658268346335,
2015-04-30,,,,1.158568286342732,
2015-05-04,,,,1.1754649070185967,
2015-05-05,,,,1.1619676064787046,
2015-05-06,,,,1.1566686662667471,
2015-05-07,,,,1.1604679064187169,
2015-05-08,,,,1.176564687062588,
2015-05-11,,,,1.1703659268146376,
2015-05-12,,,,1.1674665066986607,
2015-05-13,,,,1.1667666466706663,
2015-05-14,,,,1.1788642271545695,
2015-05-15,,,,1.1796640671865632,
2015-05-18,,,,1.1830633873225362,
2015-05-19,,,,1.182963407318537,
2015-05-20,,,,1.182463507298541,
2015-05-21,,,,1.1855628874225161,
2015-05-22,,,,1.1827634473105386,
2015-05-26,,,,1.1723655268946218,
2015-05-27,,,,1.1836632673465313,
2015-05-28,,,,1.182463507298541,
2015-05-29,,,,1.1748650269946017,
2015-06-01,,,,1.17756448710258,
2015-06-02,,,,1.1766646670665875,
2015-06-03,,,,1.178964207158569,
2015-06-04,,,,1.168966206758649,
2015-06-05,,,,1.167466506698661,
2015-06-08,,,,1.1610677864427121,
2015-06-09,,,,1.1610677864427121,
2015-06-10,,,,1.1749650069986013,
2015-06-11,,,,1.1770645870825844,
2015-06-12,,,,1.1690661867626484,
2015-06-15,,,,1.1636672665466916,
2015-06-16,,,,1.1700659868026402,
2015-06-17,,,,1.172265546890623,
2015-06-18,,,,1.183363327334534,
2015-06-19,,,,1.1765646870625885,
2015-06-23,,,,1.1847630473905228,
2015-06-24,,,,1.176864627074586,
2015-06-25,,,,1.1734653069386132,
2015-06-26,,,,1.1729654069186173,
2015-06-29,,,,1.1489702059588092,
2015-06-30,,,,1.151469706058789,
2015-07-01,,,,1.1598680263947219,
2015-07-02,,,,1.1597680463907227,
2015-07-06,,,,1.1555688862227562,
2015-07-07,,,,1.1622675464907029,
2015-07-08,,,,1.143471305738853,
2015-07-09,,,,1.145470905818837,
2015-07-10,,,,1.1596680663867238,
2015-07-13,,,,1.1759648070385935,
2015-07-14,,,,1.181663667266548,
2015-07-15,,,,1.1817636472705473,
2015-07-16,,,,1.1913617276544703,
2015-07-17,,,,1.1929614077184576,
2015-07-20,,,,1.194261147770447,
2015-07-21,,,,1.189262147570487,
2015-07-22,,,,1.1858628274345142,
2015-07-23,,,,1.179264147170567,
2015-07-24,,,,1.1665666866626687,
2015-07-27,,,,1.1596680663867238,
2015-07-28,,,,1.1735652869426125,
2015-07-29,,,,1.1822635472905432,
2015-07-30,,,,1.18266346730654,
2015-07-31,,,,1.1800639872025604,
2015-08-03,,,,1.1765646870625888,
2015-08-04,,,,1.1739652069586093,
2015-08-05,,,,1.1782643471305752,
2015-08-06,,,,1.1693661267746462,
2015-08-07,,,,1.1658668266346741,
2015-08-10,,,,1.1804639072185574,
2015-08-11,,,,1.1903619276144783,
2015-08-12,,,,1.2104579084183176,
2015-08-13,,,,1.2221555688862238,
2015-08-14,,,,1.226254749050191,
2015-08-17,,,,1.2325534893021406,
2015-08-18,,,,1.2294541091781654,
2015-08-19,,,,1.219156168766248,
2015-08-20,,,,1.192261547690463,
2015-08-21,,,,1.1540691861627688,
2015-08-24,,,,1.1078784243151383,
2015-08-25,,,,1.0960807838432325,
2015-08-26,,,,1.1396720655868837,
2015-08-27,,,,1.1679664067186573,
2015-08-28,,,,1.1669666066786655,
2015-08-31,,,,1.1555688862227564,
2015-09-01,,,,1.119376124775046,
2015-09-02,,,,1.1374725054989012,
2015-09-07,,,,,
2015-09-08,,,,1.1496700659868038,
2015-09-09,,,,1.1337732453509308,
2015-09-10,,,,1.1420715856828647,
2015-09-11,,,,1.1465706858628286,
2015-09-14,,,,1.1416716656668677,
2015-09-15,,,,1.1554689062187573,
2015-09-16,,,,1.166266746650671,
2015-09-17,,,,1.1624675064987016,
2015-09-18,,,,1.1428714257148582,
2015-09-21,,,,1.1491701659668077,
2015-09-22,,,,1.1357728454309148,
2015-09-23,,,,1.134273145370927,
2015-09-24,,,,1.130773845230955,
2015-09-25,,,,1.1301739652069598,
2015-09-28,,,,1.1005798840231964,
2015-09-29,,,,1.1007798440311949,
2015-09-30,,,,1.1208758248350341,
2015-10-08,,,,1.1734653069386134,
2015-10-09,,,,1.174165166966608,
2015-10-12,,,,1.1739652069586093,
2015-10-13,,,,1.162767446510699,
2015-10-14,,,,1.1604679064187176,
2015-10-15,,,,1.177764447110579,
2015-10-16,,,,1.183663267346532,
2015-10-19,,,,1.1855628874225168,
2015-10-20,,,,1.1853629274145185,
2015-10-21,,,,1.1759648070385935,
2015-10-22,,,,1.1961607678464319,
2015-10-23,,,,1.2109578084383137,
2015-10-26,,,,1.20765846830634,
2015-10-27,,,,1.203559288142373,
2015-10-28,,,,1.218656268746252,
2015-10-29,,,,1.2192561487702473,
2015-10-30,,,,1.2114577084583098,
2015-11-02,,,,1.2191561687662482,
2015-11-03,,,,1.2254549090181976,
2015-11-04,,,,1.2220555888822249,
2015-11-05,,,,1.221555688862229,
2015-11-06,,,,1.2227554489102195,
2015-11-09,,,,1.213057388522297,
2015-11-10,,,,1.215656868626276,
2015-11-11,,,,1.2118576284743066,
2015-11-12,,,,1.1952609478104392,
2015-11-13,,,,1.1823635272945425,
2015-11-16,,,,1.2017596480703872,
2015-11-17,,,,1.2003599280143984,
2015-11-18,,,,1.2206558688262361,
2015-11-19,,,,1.2192561487702473,
2015-11-20,,,,1.2238552289542104,
2015-11-23,,,,1.2238552289542104,
2015-11-24,,,,1.2257548490301953,
2015-11-25,,,,1.2254549090181976,
2015-11-26,,,,,
2015-11-27,,,,1.227054589082185,
2015-11-30,,,,1.222155568886224,
2015-12-01,,,,1.2354529094181177,
2015-12-02,,,,1.2220555888822249,
2015-12-03,,,,1.2049590081983617,
2015-12-04,,,,1.227054589082185,
2015-12-07,,,,1.2210557888422329,
2015-12-08,,,,1.2147570485902834,
2015-12-09,,,,1.2064587082583498,
2015-12-10,,,,1.2110577884423133,
2015-12-11,,,,1.1899620075984818,
2015-12-14,,,,1.197960407918418,
2015-12-15,,,,1.2119576084783061,
2015-12-16,,,,1.230753849230156,
2015-12-17,,,,1.2146570685862845,
2015-12-18,,,,1.1941611677664483,
2015-12-21,,,,1.2025594881023816,
2015-12-22,,,,1.213257348530296,
2015-12-23,,,,1.2278544291141793,
2015-12-24,,,,1.2263547290541914,
2015-12-25,,,,,
2015-12-28,,,,1.2234553089382145,
2015-12-29,,,,1.2387522495500924,
2015-12-30,,,,1.2304539092181588,
2015-12-31,,,,1.2196560687862452,
2016-01-04,,,,1.2030593881223781,
2016-01-05,,,,1.2078584283143399,
2016-01-06,,,,1.194961007798443,
2016-01-07,,,,1.1722655468906247,
2016-01-08,,,,1.1593681263747277,
2016-01-11,,,,1.1600679864027224,
2016-01-12,,,,1.168966206758651,
2016-01-13,,,,1.1403719256148797,
2016-01-14,,,,1.159168166366729,
2016-01-15,,,,1.134673065386925,
2016-01-18,,,,,
2016-01-19,,,,1.1342731453709283,
2016-01-20,,,,1.1209758048390346,
2016-01-21,,,,1.1267746450709883,
2016-01-22,,,,1.1492701459708083,
2016-01-25,,,,1.1309738052389546,
2016-01-26,,,,1.146670665866829,
2016-01-27,,,,1.13407318536293,
2016-01-28,,,,1.1401719656068814,
2016-01-29,,,,1.1680663867226582,
2016-02-01,,,,1.16786642671466,
2016-02-02,,,,1.1457708458308367,
2016-02-03,,,,1.1517696460707887,
2016-02-04,,,,1.1517696460707887,
2016-02-05,,,,1.1290741851629702,
2016-02-15,,,,,
2016-02-16,,,,1.135872825434916,
2016-02-17,,,,1.1565686862627504,
2016-02-18,,,,1.1497700459908047,
2016-02-19,,,,1.1503699260148,
2016-02-22,,,,1.166366726654672,
2016-02-23,,,,1.1538692261547718,
2016-02-24,,,,1.1596680663867256,
2016-02-25,,,,1.1732653469306167,
2016-02-26,,,,1.171365726854632,
2016-02-29,,,,1.163967206558691,
2016-03-01,,,,1.1905618876224786,
2016-03-02,,,,1.197260547890425,
2016-03-03,,,,1.2000599880024028,
2016-03-04,,,,1.2017596480703892,
2016-03-07,,,,1.199660067986406,
2016-03-08,,,,1.185162967406522,
2016-03-09,,,,1.1923615276944646,
2016-03-10,,,,1.1929614077184596,
2016-03-11,,,,1.208558288342335,
2016-03-14,,,,1.2071585682863462,
2016-03-15,,,,1.2079584083183397,
2016-03-16,,,,1.2164567086582716,
2016-03-17,,,,1.220555888822239,
2016-03-18,,,,1.219656068786246,
2016-03-21,,,,1.224555088982207,
2016-03-22,,,,1.2263547290541925,
2016-03-23,,,,1.2178564287142604,
2016-03-24,,,,1.2212557488502336,
2016-03-25,,,,,
2016-03-28,,,,1.2232553489302176,
2016-03-29,,,,1.230953809238156,
2016-03-30,,,,1.2323535292941448,
2016-03-31,,,,1.2254549090181999,
2016-04-01,,,,1.2327534493101417,
2016-04-05,,,,1.21795640871826,
2016-04-06,,,,1.232753449310142,
2016-04-07,,,,1.2170565886822673,
2016-04-08,,,,1.220855828834237,
2016-04-11,,,,1.2158568286342768,
2016-04-12,,,,1.2269546090781884,
2016-04-13,,,,1.2389522095580925,
2016-04-14,,,,1.2449510097980445,
2016-04-15,,,,1.2440511897620516,
2016-04-18,,,,1.249650069986007,
2016-04-19,,,,1.2518496300739892,
2016-04-20,,,,1.2505498900219996,
2016-04-21,,,,1.248250349930018,
2016-04-22,,,,1.250149970006003,
2016-04-25,,,,1.2520495900819877,
2016-04-26,,,,1.2498500299940052,
2016-04-27,,,,1.251049790041996,
2016-04-28,,,,1.2418516296740694,
2016-04-29,,,,1.2285542891421757,
2016-05-03,,,,1.2268546290741895,
2016-05-04,,,,1.2268546290741895,
2016-05-05,,,,1.230153969206163,
2016-05-06,,,,1.23555288942212,
2016-05-09,,,,1.2345530893821277,
2016-05-10,,,,1.2522495500899862,
2016-05-11,,,,1.2404519096180806,
2016-05-12,,,,1.23555288942212,
2016-05-13,,,,1.2305538892221597,
2016-05-16,,,,1.2443511297740493,
2016-05-17,,,,1.2303539292141614,
2016-05-18,,,,1.2309538092381567,
2016-05-19,,,,1.2323535292941454,
2016-05-20,,,,1.2394521095780888,
2016-05-23,,,,1.2357528494301184,
2016-05-24,,,,1.2527494501099825,
2016-05-25,,,,1.2656468706258794,
2016-05-26,,,,1.2629474105179013,
2016-05-27,,,,1.2672465506898667,
2016-05-30,,,,,
2016-05-31,,,,1.2715456908618323,
2016-06-01,,,,1.2751449710058036,
2016-06-02,,,,1.274945010997805,
2016-06-03,,,,1.2732453509298187,
2016-06-06,,,,1.2736452709458155,
2016-06-07,,,,1.2775444911017844,
2016-06-08,,,,1.2814437112577532,
2016-06-13,,,,1.2614477104579132,
2016-06-14,,,,1.2589482103579333,
2016-06-15,,,,1.2606478704259194,
2016-06-16,,,,1.2597480503899268,
2016-06-17,,,,1.2565486902619523,
2016-06-20,,,,1.2621475704859075,
2016-06-21,,,,1.2644471105778887,
2016-06-22,,,,1.267546490701864,
2016-06-23,,,,1.2792441511697707,
2016-06-24,,,,1.2352529494101225,
2016-06-27,,,,1.2236552689462152,
2016-06-28,,,,1.2486502699460154,
2016-06-29,,,,1.2662467506498747,
2016-06-30,,,,1.2829434113177411,
2016-07-01,,,,1.2891421715656917,
2016-07-04,,,,,
2016-07-05,,,,1.2821435712857476,
2016-07-06,,,,1.294241151769651,
2016-07-07,,,,1.2925414917016644,
2016-07-08,,,,1.3126374725055039,
2016-07-11,,,,1.3168366326734706,
2016-07-12,,,,1.3281343731253803,
2016-07-13,,,,1.3272345530893874,
2016-07-14,,,,1.3332333533293395,
2016-07-15,,,,1.3311337732453563,
2016-07-18,,,,1.3373325334933066,
2016-07-19,,,,1.3356328734253204,
2016-07-20,,,,1.340931813637278,
2016-07-21,,,,1.3345330933813293,
2016-07-22,,,,1.3365326934613133,
2016-07-25,,,,1.3361327734453166,
2016-07-26,,,,1.334933013397326,
2016-07-27,,,,1.3312337532493557,
2016-07-28,,,,1.33193361327735,
2016-07-29,,,,1.332433513297346,
2016-08-01,,,,1.3258348330333987,
2016-08-02,,,,1.3209358128374378,
2016-08-03,,,,1.3202359528094434,
2016-08-04,,,,1.3257348530293995,
2016-08-05,,,,1.3363327334533146,
2016-08-08,,,,1.3392321535692915,
2016-08-09,,,,1.3393321335732908,
2016-08-10,,,,1.3346330733853284,
2016-08-11,,,,1.3355328934213213,
2016-08-12,,,,1.3402319536092837,
2016-08-15,,,,1.3417316536692718,
2016-08-16,,,,1.3321335732853485,
2016-08-17,,,,1.3299340131973663,
2016-08-18,,,,1.3371325734853083,
2016-08-19,,,,1.3340331933613334,
2016-08-22,,,,1.3419316136772703,
2016-08-23,,,,1.3432313537292597,
2016-08-24,,,,1.3330333933213412,
2016-08-25,,,,1.334833033393327,
2016-08-26,,,,1.3304339132173622,
2016-08-29,,,,1.3446310737852487,
2016-08-30,,,,1.341231753649276,
2016-08-31,,,,1.3401319736052848,
2016-09-01,,,,1.3375324935013055,
2016-09-02,,,,1.3420315936812697,
2016-09-05,,,,,
2016-09-06,,,,1.3441311737652528,
2016-09-07,,,,1.3418316336732712,
2016-09-08,,,,1.340331933613283,
2016-09-09,,,,1.3088382323535348,
2016-09-12,,,,1.3325334933013455,
2016-09-13,,,,1.3096380723855288,
2016-09-14,,,,1.3119376124775104,
2016-09-19,,,,1.3183363327334592,
2016-09-20,,,,1.314837032593487,
2016-09-21,,,,1.3318336332733511,
2016-09-22,,,,1.33573285342932,
2016-09-23,,,,1.3311337732453568,
2016-09-26,,,,1.3211357728454367,
2016-09-27,,,,1.3277344531093842,
2016-09-28,,,,1.335632873425321,
2016-09-29,,,,1.3237352529494162,
2016-09-30,,,,1.335632873425321,
2016-10-10,,,,1.3376324735053051,
2016-10-11,,,,1.3228354329134233,
2016-10-12,,,,1.3273345330933872,
2016-10-13,,,,1.3239352129574147,
2016-10-14,,,,1.321535692861434,
2016-10-17,,,,1.3217356528694322,
2016-10-18,,,,1.3282343531293803,
2016-10-19,,,,1.3314337132573548,
2016-10-20,,,,1.3294341131773708,
2016-10-21,,,,1.334033193361334,
2016-10-24,,,,1.3428314337132636,
2016-10-25,,,,1.3387322535492963,
2016-10-26,,,,1.3356328734253213,
2016-10-27,,,,1.3321335732853492,
2016-10-28,,,,1.330533893221362,
2016-10-31,,,,1.325934813037399,
2016-11-01,,,,1.318636272745457,
2016-11-02,,,,1.30703859228155,
2016-11-03,,,,1.3003399320136035,
2016-11-04,,,,1.2986402719456172,
2016-11-07,,,,1.3314337132573548,
2016-11-08,,,,1.3387322535492965,
2016-11-09,,,,1.3539292141571753,
2016-11-10,,,,1.3578284343131442,
2016-11-11,,,,1.360327934413124,
2016-11-14,,,,1.3636272745450977,
2016-11-15,,,,1.3782243551289812,
2016-11-16,,,,1.3782243551289812,
2016-11-17,,,,1.3867226554689132,
2016-11-18,,,,1.385722855428921,
2016-11-21,,,,1.3995200959808107,
2016-11-22,,,,1.398620275944818,
2016-11-23,,,,1.4022195560887893,
2016-11-25,,,,1.4129174165167036,
2016-11-28,,,,1.4030193961207829,
2016-11-29,,,,1.4020195960807909,
2016-11-30,,,,1.3980203959208228,
2016-12-01,,,,1.3950209958008468,
2016-12-02,,,,1.3922215556888693,
2016-12-05,,,,1.4018196360727926,
2016-12-06,,,,1.400519896020803,
2016-12-07,,,,1.4238152369526165,
2016-12-08,,,,1.425614877024602,
2016-12-09,,,,1.439012197560495,
2016-12-12,,,,1.439512097580491,
2016-12-13,,,,1.4460107978404393,
2016-12-14,,,,1.4363127374525169,
2016-12-15,,,,1.4472105578884298,
2016-12-16,,,,1.4491101779644144,
2016-12-19,,,,1.4478104379124248,
2016-12-20,,,,1.4565086982603554,
2016-12-21,,,,1.45340931813638,
2016-12-22,,,,1.4497100579884097,
2016-12-23,,,,1.4521095780843902,
2016-12-27,,,,1.455008998200367,
2016-12-28,,,,1.4438112377524566,
2016-12-29,,,,1.4433113377324607,
2016-12-30,,,,1.4341131773645341,
2016-12-31,,,,1.434013197360535,
2017-01-03,,,,1.4477104579084255,
2017-01-04,,,,1.4565086982603552,
2017-01-05,,,,1.451009798040399,
2017-01-06,,,,1.442911417716464,
2017-01-09,,,,1.4497100579884095,
2017-01-10,,,,1.449010197960415,
2017-01-11,,,,1.4532093581283814,
2017-01-12,,,,1.4482103579284213,
2017-01-13,,,,1.4466106778644343,
2017-01-16,,,,1.4458108378324406,
2017-01-17,,,,1.4436112777444583,
2017-01-18,,,,1.4374125174965078,
2017-01-19,,,,1.4333133373325406,
2017-01-20,,,,1.4403119376124847,
2017-01-23,,,,1.4342131573685335,
2017-01-24,,,,1.4388122375524968,
2017-01-25,,,,1.455308938212365,
2017-01-26,,,,1.4542091581683736,
2017-02-03,,,,1.454009198160375,
2017-02-06,,,,1.4515096980603952,
2017-02-07,,,,1.4516096780643948,
2017-02-08,,,,1.458108378324343,
2017-02-09,,,,1.4638072385522973,
2017-02-10,,,,1.4714057188562366,
2017-02-13,,,,1.48100379924016,
2017-02-14,,,,1.4853029394121253,
2017-02-15,,,,1.4892021595680942,
2017-02-16,,,,1.4878024395121054,
2017-02-17,,,,1.4865026994601156,
2017-02-21,,,,1.50219956008799,
2017-02-22,,,,1.5016996600679942,
2017-02-23,,,,1.4995000999800119,
2017-02-24,,,,1.5010997800439994,
2017-02-27,,,,1.5061987602479583,
2017-02-28,,,,1.5008998200360009,
2017-03-01,,,,1.5225954809038273,
2017-03-02,,,,1.5140971805638954,
2017-03-03,,,,1.516596680663875,
2017-03-06,,,,1.5092981403719337,
2017-03-07,,,,1.50849830033994,
2017-03-08,,,,1.5070985802839514,
2017-03-09,,,,1.5102979404119259,
2017-03-10,,,,1.5148970205958892,
2017-03-13,,,,1.5128974205159051,
2017-03-14,,,,1.5104979004199242,
2017-03-15,,,,1.5228954209158252,
2017-03-16,,,,1.5149970005998883,
2017-03-17,,,,1.5131973605279028,
2017-03-20,,,,1.5126974605079067,
2017-03-21,,,,1.495800839832042,
2017-03-22,,,,1.494501099780052,
2017-03-23,,,,1.4922015596880707,
2017-03-24,,,,1.490901819636081,
2017-03-27,,,,1.4861027794441193,
2017-03-28,,,,1.498400319936021,
2017-03-29,,,,1.503299340131982,
2017-03-30,,,,1.507098580283952,
2017-03-31,,,,1.5058988202359616,
2017-04-05,,,,1.4979004199160255,
2017-04-06,,,,1.5015996800639957,
2017-04-07,,,,1.5007998400320022,
2017-04-10,,,,1.5036992601479788,
2017-04-11,,,,1.4999000199960093,
2017-04-12,,,,1.4938012397520581,
2017-04-13,,,,1.4775044991001882,
2017-04-17,,,,1.492801439712066,
2017-04-18,,,,1.489902019596089,
2017-04-19,,,,1.4835032993401402,
2017-04-20,,,,1.4974005198960292,
2017-04-21,,,,1.4936012797440594,
2017-04-24,,,,1.506298740251958,
2017-04-25,,,,1.5188962207558574,
2017-04-26,,,,1.5183963207358613,
2017-04-27,,,,1.5204959008198444,
2017-04-28,,,,1.5182963407318621,
2017-05-02,,,,1.5229954009198245,
2017-05-03,,,,1.5198960207958494,
2017-05-04,,,,1.5222955408918302,
2017-05-05,,,,1.526894621075793,
2017-05-08,,,,1.5281943611277824,
2017-05-09,,,,1.5286942611477783,
2017-05-10,,,,1.531493701259756,
2017-05-11,,,,1.5282943411317815,
2017-05-12,,,,1.5236952609478185,
2017-05-15,,,,1.5287942411517776,
2017-05-16,,,,1.5265946810637951,
2017-05-17,,,,1.4961007798440389,
2017-05-18,,,,1.5009998000399998,
2017-05-19,,,,1.514897020595889,
2017-05-22,,,,1.520095980803847,
2017-05-23,,,,1.522595480903827,
2017-05-24,,,,1.5284943011397796,
2017-05-25,,,,1.5339932013597357,
2017-05-26,,,,1.5346930613877299,
2017-05-31,,,,1.5307938412317612,
2017-06-01,,,,1.5303939212157645,
2017-06-02,,,,1.5354929014197238,
2017-06-05,,,,1.5304939012197638,
2017-06-06,,,,1.5262947410517973,
2017-06-07,,,,1.527094581083791,
2017-06-08,,,,1.5291941611677746,
2017-06-09,,,,1.5287942411517776,
2017-06-12,,,,1.5267946410717936,
2017-06-13,,,,1.5339932013597362,
2017-06-14,,,,1.5320935812837513,
2017-06-15,,,,1.5269946010797921,
2017-06-16,,,,1.530493901219764,
2017-06-19,,,,1.5425914817036672,
2017-06-20,,,,1.5351929614077267,
2017-06-21,,,,1.5364927014597158,
2017-06-22,,,,1.5357928414317215,
2017-06-23,,,,1.538992201559696,
2017-06-26,,,,1.538992201559696,
2017-06-27,,,,1.5282943411317815,
2017-06-28,,,,1.5365926814637154,
2017-06-29,,,,1.5208958208358412,
2017-06-30,,,,1.5187962407518578,
2017-07-03,,,,1.5228954209158252,
2017-07-04,,,,,
2017-07-05,,,,1.5284943011397805,
2017-07-06,,,,1.5153969206158853,
2017-07-07,,,,1.524195160967815,
2017-07-10,,,,1.5265946810637958,
2017-07-11,,,,1.5258948210358014,
2017-07-12,,,,1.5344931013797327,
2017-07-13,,,,1.5358928214357215,
2017-07-14,,,,1.5422915416916703,
2017-07-17,,,,1.5373925214957096,
2017-07-18,,,,1.5393921215756936,
2017-07-19,,,,1.5440911817636558,
2017-07-20,,,,1.5441911617676551,
2017-07-21,,,,1.5424915016996688,
2017-07-24,,,,1.540691861627683,
2017-07-25,,,,1.5467906418716344,
2017-07-26,,,,1.548090381923624,
2017-07-27,,,,1.5416916616676752,
2017-07-28,,,,1.5409918016396806,
2017-07-31,,,,1.5376924615077072,
2017-08-01,,,,1.5383923215357016,
2017-08-02,,,,1.5406918616276832,
2017-08-03,,,,1.5377924415117066,
2017-08-04,,,,1.5387922415516986,
2017-08-07,,,,1.543391321735662,
2017-08-08,,,,1.5387922415516988,
2017-08-09,,,,1.535892821435722,
2017-08-10,,,,1.5071985602879516,
2017-08-11,,,,1.5062987402519588,
2017-08-14,,,,1.520395920815846,
2017-08-15,,,,1.5218956208758339,
2017-08-16,,,,1.5263947210557978,
2017-08-17,,,,1.5013997200559974,
2017-08-18,,,,1.4994001199760134,
2017-08-21,,,,1.500199960008007,
2017-08-22,,,,1.5125974805039077,
2017-08-23,,,,1.508198360327943,
2017-08-24,,,,1.502699460107987,
2017-08-25,,,,1.5064987002599566,
2017-08-28,,,,1.5020995800839918,
2017-08-29,,,,1.502199560087991,
2017-08-30,,,,1.5049990001999685,
2017-08-31,,,,1.5114977004599166,
2017-09-01,,,,1.5122975404919101,
2017-09-04,,,,,
2017-09-05,,,,1.488702259548099,
2017-09-06,,,,1.4920015996800722,
2017-09-07,,,,1.4910017996400804,
2017-09-08,,,,1.4835032993401402,
2017-09-11,,,,1.49850029994002,
2017-09-12,,,,1.5099980003999283,
2017-09-13,,,,1.5135972805438995,
2017-09-14,,,,1.5141971605678948,
2017-09-15,,,,1.5161967606478788,
2017-09-18,,,,1.5181963607278628,
2017-09-19,,,,1.5223955208958293,
2017-09-20,,,,1.5265946810637958,
2017-09-21,,,,1.5264947010597967,
2017-09-22,,,,1.5272945410917906,
2017-09-25,,,,1.5258948210358017,
2017-09-26,,,,1.528994201159777,
2017-09-27,,,,1.5377924415117066,
2017-09-28,,,,1.541991601679673,
2017-09-29,,,,1.5495900819836121,
2017-10-09,,,,1.568386322735462,
2017-10-10,,,,1.566886622675474,
2017-10-11,,,,1.559288142371535,
2017-10-12,,,,1.5560887822435605,
2017-10-13,,,,1.5587882423515387,
2017-10-16,,,,1.560787842431523,
2017-10-17,,,,1.5627874425115067,
2017-10-18,,,,1.566486702659477,
2017-10-19,,,,1.5693861227754542,
2017-10-20,,,,1.5774845030993894,
2017-10-23,,,,1.5736852629474196,
2017-10-24,,,,1.5777844431113872,
2017-10-25,,,,1.5716856628674358,
2017-10-26,,,,1.5727854429114267,
2017-10-27,,,,1.5895820835832926,
2017-10-30,,,,1.5846830633873317,
2017-10-31,,,,1.5840831833633364,
2017-11-01,,,,1.584283143371335,
2017-11-02,,,,1.5821835632873518,
2017-11-03,,,,1.584283143371335,
2017-11-06,,,,1.5902819436112867,
2017-11-07,,,,1.5891821635672954,
2017-11-08,,,,1.5927814437112668,
2017-11-09,,,,1.588282343531303,
2017-11-10,,,,1.586282743451319,
2017-11-13,,,,1.5891821635672956,
2017-11-14,,,,1.586882623475314,
2017-11-15,,,,1.5752849430114066,
2017-11-16,,,,1.5891821635672956,
2017-11-17,,,,1.5846830633873317,
2017-11-20,,,,1.5865826834633168,
2017-11-21,,,,1.5988802239552182,
2017-11-22,,,,1.5961807638472398,
2017-11-23,,,,,
2017-11-24,,,,1.5879824035193055,
2017-11-27,,,,1.5888822235552982,
2017-11-28,,,,1.6062787442511592,
2017-11-29,,,,1.6076784643071482,
2017-11-30,,,,1.6218756248750348,
2017-12-01,,,,1.6193761247750547,
2017-12-04,,,,1.6185762847430611,
2017-12-05,,,,1.61247750449911,
2017-12-06,,,,1.6134773045391018,
2017-12-07,,,,1.6191761647670564,
2017-12-08,,,,1.628474305138982,
2017-12-11,,,,1.6316736652669563,
2017-12-12,,,,1.634373125374935,
2017-12-13,,,,1.6357728454309237,
2017-12-14,,,,1.6238752249550186,
2017-12-15,,,,1.640371925614887,
2017-12-18,,,,1.6501699660068088,
2017-12-19,,,,1.6432713457308639,
2017-12-20,,,,1.6412717456508799,
2017-12-21,,,,1.6380723855229056,
2017-12-22,,,,1.6379724055189064,
2017-12-25,,,,,
2017-12-26,,,,1.6266746650669963,
2017-12-27,,,,1.6279744051189862,
2017-12-28,,,,1.6306738652269643,
2017-12-29,,,,1.6207758448310436,
2017-12-31,,,,1.6206758648270443,
2018-01-02,,,,1.6273745250949907,
2018-01-03,,,,1.6339732053589384,
2018-01-04,,,,1.64377124575086,
2018-01-05,,,,1.652069586082794,
2018-01-08,,,,1.652669466106789,
2018-01-09,,,,1.6585682863427418,
2018-01-10,,,,1.6625674865027098,
2018-01-11,,,,1.672765446910628,
2018-01-12,,,,1.678664267146581,
2018-01-15,,,,,
2018-01-16,,,,1.6586682663467407,
2018-01-17,,,,1.6730653869226255,
2018-01-18,,,,1.6720655868826335,
2018-01-19,,,,1.6735652869426216,
2018-01-22,,,,1.685262947410528,
2018-01-23,,,,1.6862627474505203,
2018-01-24,,,,1.6829634073185467,
2018-01-25,,,,1.6789642071585786,
2018-01-26,,,,1.6912617476504803,
2018-01-29,,,,1.6754649070186065,
2018-01-30,,,,1.6584683063387426,
2018-01-31,,,,1.6600679864027297,
2018-02-01,,,,1.6512697460507997,
2018-02-02,,,,1.612077584483113,
2018-02-05,,,,1.5486902619476195,
2018-02-06,,,,1.5777844431113872,
2018-02-07,,,,1.5649870025994894,
2018-02-08,,,,1.5054989002199652,
2018-02-09,,,,1.5368926214757141,
2018-02-12,,,,1.5529894021195854,
2018-02-13,,,,1.5633873225355024,
2018-02-14,,,,1.589082183563297,
2018-02-22,,,,1.5953809238152463,
2018-02-23,,,,1.6193761247750544,
2018-02-26,,,,1.6357728454309235,
2018-02-27,,,,1.6091781643671361,
2018-02-28,,,,1.5950809838032487,
2018-03-01,,,,1.5753849230154062,
2018-03-02,,,,1.5829834033193455,
2018-03-05,,,,1.6026794641071882,
2018-03-06,,,,1.6057788442311633,
2018-03-07,,,,1.6027794441111873,
2018-03-08,,,,1.6089782043591379,
2018-03-09,,,,1.6420715856828738,
2018-03-12,,,,1.6368726254749153,
2018-03-13,,,,1.623675264947021,
2018-03-14,,,,1.614277144571096,
2018-03-15,,,,1.6115776844631176,
2018-03-16,,,,1.6191761647670566,
2018-03-19,,,,1.5956808638272444,
2018-03-20,,,,1.5960807838432411,
2018-03-21,,,,1.5969806038792338,
2018-03-22,,,,1.5510897820436005,
2018-03-23,,,,1.5210957808438406,
2018-03-26,,,,1.55988802239553,
2018-03-27,,,,1.5241951609678153,
2018-03-28,,,,1.5191961607678555,
2018-03-29,,,,1.5462907418516385,
2018-03-30,,,,,
2018-04-02,,,,1.5048990201959696,
2018-04-03,,,,1.5255948810238043,
2018-04-04,,,,1.5455908818236446,
2018-04-09,,,,1.5319936012797533,
2018-04-10,,,,1.556288742251559,
2018-04-11,,,,1.5439912017596575,
2018-04-12,,,,1.5548890221955702,
2018-04-13,,,,1.5519896020795934,
2018-04-16,,,,1.5641871625674961,
2018-04-17,,,,1.5778844231153866,
2018-04-18,,,,1.5803839232153665,
2018-04-19,,,,1.5716856628674358,
2018-04-20,,,,1.5598880223955303,
2018-04-23,,,,1.5630873825235045,
2018-04-24,,,,1.5469906018796333,
2018-04-25,,,,1.5458908218356422,
2018-04-26,,,,1.5672865426914715,
2018-04-27,,,,1.5716856628674363,
2018-05-02,,,,1.5577884423115473,
2018-05-03,,,,1.556088782243561,
2018-05-04,,,,1.5708858228354423,
2018-05-07,,,,1.577684463107388,
2018-05-08,,,,1.5793841231753747,
2018-05-09,,,,1.5961807638472403,
2018-05-10,,,,1.6121775644871126,
2018-05-11,,,,1.6093781243751348,
2018-05-14,,,,1.60627874425116,
2018-05-15,,,,1.5987802439512195,
2018-05-16,,,,1.6120775844831132,
2018-05-17,,,,1.6093781243751346,
2018-05-18,,,,1.6073785242951506,
2018-05-21,,,,1.621375724855039,
2018-05-22,,,,1.61497700459909,
2018-05-23,,,,1.6194761047790542,
2018-05-24,,,,1.617276544691072,
2018-05-25,,,,1.614777044591092,
2018-05-28,,,,,
2018-05-29,,,,1.5999800039992105,
2018-05-30,,,,1.6250749850030097,
2018-05-31,,,,1.6125774845031098,
2018-06-01,,,,1.6284743051389827,
2018-06-04,,,,1.6389722055588987,
2018-06-05,,,,1.6389722055588987,
2018-06-06,,,,1.6499700059988107,
2018-06-07,,,,1.6459708058388427,
2018-06-08,,,,1.6531693661267852,
2018-06-11,,,,1.6563687262547597,
2018-06-12,,,,1.660467906418727,
2018-06-13,,,,1.6545690861827742,
2018-06-14,,,,1.6540691861627783,
2018-06-15,,,,1.660867826434724,
2018-06-19,,,,1.64887022595482,
2018-06-20,,,,1.6604679064187273,
2018-06-21,,,,1.6530693861227863,
2018-06-22,,,,1.6585682863427427,
2018-06-25,,,,1.6378724255149082,
2018-06-26,,,,1.6485702859428226,
2018-06-27,,,,1.6437712457508609,
2018-06-28,,,,1.6635672865427025,
2018-06-29,,,,1.6698660267946521,
2018-06-30,,,,1.669766046790653,
2018-07-02,,,,1.674565086982615,
2018-07-03,,,,1.674565086982615,
2018-07-04,,,,,
2018-07-05,,,,1.6814637072585599,
2018-07-06,,,,1.699560087982415,
2018-07-09,,,,1.7161567686462824,
2018-07-10,,,,1.7185562887422632,
2018-07-11,,,,1.705658868226366,
2018-07-12,,,,1.7331533693261463,
2018-07-13,,,,1.7349530093981318,
2018-07-16,,,,1.7337532493501413,
2018-07-17,,,,1.7423515296940726,
2018-07-18,,,,1.748450309938024,
2018-07-19,,,,1.745450909818048,
2018-07-20,,,,1.759248150369938,
2018-07-23,,,,1.7604479104179283,
2018-07-24,,,,1.7764447110578,
2018-07-25,,,,1.796340731853641,
2018-07-26,,,,1.7813437312537612,
2018-07-27,,,,1.7765446910617995,
2018-07-30,,,,1.7711457708458427,
2018-07-31,,,,1.7806438712257666,
2018-08-01,,,,1.781843631273757,
2018-08-02,,,,1.7816436712657584,
2018-08-03,,,,1.8000399920016115,
2018-08-06,,,,1.8114377124575203,
2018-08-07,,,,1.8143371325734972,
2018-08-08,,,,1.8105378924215274,
2018-08-09,,,,1.808238352329546,
2018-08-10,,,,1.7979404119176283,
2018-08-13,,,,1.7967406518696378,
2018-08-14,,,,1.8099380123975324,
2018-08-15,,,,1.8004399120176082,
2018-08-16,,,,1.8173365326934734,
2018-08-17,,,,1.8219356128774369,
2018-08-20,,,,1.8217356528694384,
2018-08-21,,,,1.816036792641484,
2018-08-22,,,,1.8129374125175086,
2018-08-23,,,,1.8124375124975127,
2018-08-24,,,,1.8327334533093504,
2018-08-27,,,,1.8414317136572813,
2018-08-28,,,,1.829834033193374,
2018-08-29,,,,1.8408318336332863,
2018-08-30,,,,1.8339332133573414,
2018-08-31,,,,1.8378324335133105,
2018-09-03,,,,,
2018-09-04,,,,1.8330333933213487,
2018-09-05,,,,1.830133973205372,
2018-09-06,,,,1.822635472905432,
2018-09-07,,,,1.818636272745464,
2018-09-10,,,,1.826534693061401,
2018-09-11,,,,1.8359328134373258,
2018-09-12,,,,1.838032393521309,
2018-09-13,,,,1.8465306938612411,
2018-09-14,,,,1.8439312137572619,
2018-09-17,,,,1.837432513497314,
2018-09-18,,,,1.8483303339332269,
2018-09-19,,,,1.8510297940412053,
2018-09-20,,,,1.8645270945810974,
2018-09-21,,,,1.8592281543691396,
2018-09-25,,,,1.8525294941011934,
2018-09-26,,,,1.849830033993215,
2018-09-27,,,,1.8570285942811573,
2018-09-28,,,,1.8609278144371262,
2018-10-08,,,,1.846430713857242,
2018-10-09,,,,1.8457308538292476,
2018-10-10,,,,1.7864427114577213,
2018-10-11,,,,1.7507498500300067,
2018-10-12,,,,1.7758448310338062,
2018-10-15,,,,1.7659468106378853,
2018-10-16,,,,1.803539292141585,
2018-10-17,,,,1.802639472105592,
2018-10-18,,,,1.7810437912417647,
2018-10-19,,,,1.783243351329747,
2018-10-22,,,,1.7715456908618405,
2018-10-23,,,,1.7645470905818965,
2018-10-24,,,,1.7108578284343259,
2018-10-25,,,,1.743451309738065,
2018-10-26,,,,1.7162567486502822,
2018-10-29,,,,1.7015596880623998,
2018-10-30,,,,1.7331533693261474,
2018-10-31,,,,1.7536492701459836,
2018-11-01,,,,1.7727454509098306,
2018-11-02,,,,1.7542491501699784,
2018-11-05,,,,1.7539492101579808,
2018-11-06,,,,1.767546490701872,
2018-11-07,,,,1.8046390721855758,
2018-11-08,,,,1.8034393121375856,
2018-11-09,,,,1.7911417716456837,
2018-11-12,,,,1.759548090381936,
2018-11-13,,,,1.7608478304339255,
2018-11-14,,,,1.7420515896820759,
2018-11-15,,,,1.7608478304339255,
2018-11-16,,,,1.7644471105778967,
2018-11-19,,,,1.7317536492701582,
2018-11-20,,,,1.7010597880424037,
2018-11-21,,,,1.7104579084183287,
2018-11-22,,,,,
2018-11-23,,,,1.6956608678264466,
2018-11-26,,,,1.7258548290342053,
2018-11-27,,,,1.7318536292741573,
2018-11-28,,,,1.7724455108978328,
2018-11-29,,,,1.7652469506098905,
2018-11-30,,,,1.7796440711857755,
2018-12-03,,,,1.8005398920216085,
2018-12-04,,,,1.7302539492101703,
2018-12-05,,,,,
2018-12-06,,,,1.7194561087782567,
2018-12-07,,,,1.6814637072585605,
2018-12-10,,,,1.6850629874025318,
2018-12-11,,,,1.6920615876824758,
2018-12-12,,,,1.7027594481103907,
2018-12-13,,,,1.6952609478104506,
2018-12-14,,,,1.6634673065387047,
2018-12-17,,,,1.6333733253349452,
2018-12-18,,,,1.6318736252749573,
2018-12-19,,,,1.6073785242951528,
2018-12-20,,,,1.5841831633673384,
2018-12-21,,,,1.5495900819836148,
2018-12-24,,,,1.511297740451921,
2018-12-25,,,,,
2018-12-26,,,,1.5810837832433633,
2018-12-27,,,,1.5959808038392442,
2018-12-28,,,,1.5881823635273067,
2018-12-31,,,,1.6015796840631997,
2019-01-02,,,,1.6000799840032116,
2019-01-03,,,,1.5641871625674986,
2019-01-04,,,,1.6175764847030718,
2019-01-07,,,,1.6272745450909942,
2019-01-08,,,,1.6403719256148899,
2019-01-09,,,,1.65036992601481,
2019-01-10,,,,1.6491701659668194,
2019-01-11,,,,1.6430713857228683,
2019-01-14,,,,1.6262747450510024,
2019-01-15,,,,1.6432713457308665,
2019-01-16,,,,1.6486702659468235,
2019-01-17,,,,1.6606678664267276,
2019-01-18,,,,1.6843631273745383,
2019-01-21,,,,,
2019-01-22,,,,1.6649670065986935,
2019-01-23,,,,1.6714657068586414,
2019-01-24,,,,1.6696660667866556,
2019-01-25,,,,1.6870625874825167,
2019-01-28,,,,1.6625674865027125,
2019-01-29,,,,1.657468506298753,
2019-01-30,,,,1.6829634073185495,
2019-01-31,,,,1.6898620275944942,
2019-02-01,,,,1.6928614277144702,
2019-02-11,,,,1.7054589082183695,
2019-02-12,,,,1.7342531493701392,
2019-02-13,,,,1.7372525494901156,
2019-02-14,,,,1.734953009398134,
2019-02-15,,,,1.7510497900420052,
2019-02-18,,,,,
2019-02-19,,,,1.7540491901619815,
2019-02-20,,,,1.7551489702059728,
2019-02-21,,,,1.7403519296140908,
2019-02-22,,,,1.7497500499900158,
2019-02-25,,,,1.7514497100580022,
2019-02-26,,,,1.745350929814051,
2019-02-27,,,,1.7421515696860765,
2019-02-28,,,,1.7386522695461046,
2019-03-01,,,,1.7521495700859966,
2019-03-04,,,,1.747350529894035,
2019-03-05,,,,1.7442511497700597,
2019-03-06,,,,1.7341531693661405,
2019-03-07,,,,1.7218556288742386,
2019-03-08,,,,1.7211557688462444,
2019-03-11,,,,1.745350929814051,
2019-03-12,,,,1.7486502699460247,
2019-03-13,,,,1.7606478704259287,
2019-03-14,,,,1.75674865026996,
2019-03-15,,,,1.7698460307938553,
2019-03-18,,,,1.77424515096982,
2019-03-19,,,,1.7733453309338274,
2019-03-20,,,,1.7690461907618618,
2019-03-21,,,,1.781643671265761,
2019-03-22,,,,1.750349930014011,
2019-03-25,,,,1.7528494301139914,
2019-03-26,,,,1.7639472105579024,
2019-03-27,,,,1.758348330333947,
2019-03-28,,,,1.7680463907218695,
2019-03-29,,,,1.7817436512697602,
2019-04-01,,,,1.7983403319336275,
2019-04-02,,,,1.7974405118976349,
2019-04-03,,,,1.8022395520895966,
2019-04-04,,,,1.8025394921015938,
2019-04-08,,,,1.8166366726654812,
2019-04-09,,,,1.8046390721855774,
2019-04-10,,,,1.8101379724055335,
2019-04-11,,,,1.8095380923815385,
2019-04-12,,,,1.825234953009413,
2019-04-15,,,,1.8211357728454456,
2019-04-16,,,,1.8215356928614423,
2019-04-17,,,,1.8177364527094726,
2019-04-18,,,,1.815436912617491,
2019-04-19,,,,,
2019-04-22,,,,1.820335932813452,
2019-04-23,,,,1.8377324535093131,
2019-04-24,,,,1.8369326134773194,
2019-04-25,,,,1.8388322335533043,
2019-04-26,,,,1.847530493901235,
2019-04-29,,,,1.8494301139772198,
2019-04-30,,,,1.8506298740252103,
2019-05-06,,,,1.8441311737652624,
2019-05-07,,,,1.8209358128374475,
2019-05-08,,,,1.817636472705474,
2019-05-09,,,,1.8143371325735003,
2019-05-10,,,,1.82813437312539,
2019-05-13,,,,1.7846430713857375,
2019-05-14,,,,1.8099380123975355,
2019-05-15,,,,1.82813437312539,
2019-05-16,,,,1.8456308738252505,
2019-05-17,,,,1.8392321535693015,
2019-05-20,,,,1.830133973205374,
2019-05-21,,,,1.845530893821251,
2019-05-22,,,,1.8403319336132924,
2019-05-23,,,,1.8186362727454657,
2019-05-24,,,,1.8214357128574434,
2019-05-27,,,,,
2019-05-28,,,,1.8054389122175714,
2019-05-29,,,,1.7931413717256695,
2019-05-30,,,,1.7972405518896368,
2019-05-31,,,,1.7738452309538237,
2019-06-03,,,,1.7663467306538836,
2019-06-04,,,,1.8022395520895969,
2019-06-05,,,,1.8191361727654618,
2019-06-06,,,,1.8319336132773596,
2019-06-10,,,,1.859228154369141,
2019-06-11,,,,1.8585282943411467,
2019-06-12,,,,1.8548290341931764,
2019-06-13,,,,1.8629274145171115,
2019-06-14,,,,1.8602279544091331,
2019-06-17,,,,1.8618276344731202,
2019-06-18,,,,1.8800239952009745,
2019-06-19,,,,1.8842231553689412,
2019-06-20,,,,1.899620075984818,
2019-06-21,,,,1.888022395520911,
2019-06-24,,,,1.88562287542493,
2019-06-25,,,,1.869626074785058,
2019-06-26,,,,1.87062587482505,
2019-06-27,,,,1.880123975204974,
2019-06-28,,,,1.8898220355928967,
2019-06-30,,,,1.8897220555888972,
2019-07-01,,,,1.9033193361327885,
2019-07-02,,,,1.9032193561287893,
2019-07-03,,,,1.92191561687664,
2019-07-04,,,,,
2019-07-05,,,,1.919916016796656,
2019-07-08,,,,1.9157168566286895,
2019-07-09,,,,1.917916416716672,
2019-07-10,,,,1.926714657068602,
2019-07-11,,,,1.9261147770446068,
2019-07-12,,,,1.934613077384539,
2019-07-15,,,,1.9352129574085342,
2019-07-16,,,,1.929614077184579,
2019-07-17,,,,1.9201159768046547,
2019-07-18,,,,1.9253149370126132,
2019-07-19,,,,1.9100179964007356,
2019-07-22,,,,1.9187162567486662,
2019-07-23,,,,1.9333133373325493,
2019-07-24,,,,1.9435112977404676,
2019-07-25,,,,1.9300139972005756,
2019-07-26,,,,1.945610877824451,
2019-07-29,,,,1.9431113777244708,
2019-07-30,,,,1.9392121575685022,
2019-07-31,,,,1.9176164767046746,
2019-08-01,,,,1.9030193961207913,
2019-08-02,,,,1.8910217956408872,
2019-08-05,,,,1.8404319136172915,
2019-08-06,,,,1.876524695061003,
2019-08-07,,,,1.8858228354329287,
2019-08-08,,,,1.9229154169166323,
2019-08-09,,,,1.9126174765047146,
2019-08-12,,,,1.891821635672881,
2019-08-13,,,,1.9228154369126333,
2019-08-14,,,,1.8664267146570839,
2019-08-15,,,,1.8701259748050545,
2019-08-16,,,,1.8985202959408274,
2019-08-19,,,,1.922515496900636,
2019-08-20,,,,1.9097180563887381,
2019-08-21,,,,1.9251149770046154,
2019-08-22,,,,1.925514897020612,
2019-08-23,,,,1.8780243951209914,
2019-08-26,,,,1.8985202959408276,
2019-08-27,,,,1.8981203759248308,
2019-08-28,,,,1.9114177164567243,
2019-08-29,,,,1.9363127374525253,
2019-08-30,,,,1.937612477504515,
2019-09-02,,,,,
2019-09-03,,,,1.9243151369726212,
2019-09-04,,,,1.9451109778044549,
2019-09-05,,,,1.9697060587882584,
2019-09-06,,,,1.9718056388722416,
2019-09-09,,,,1.9714057188562448,
2019-09-10,,,,1.9718056388722416,
2019-09-11,,,,1.9860027994401281,
2019-09-12,,,,1.9921015796840793,
2019-09-16,,,,1.97950409918018,
2019-09-17,,,,1.9866026794641232,
2019-09-18,,,,1.987102579484119,
2019-09-19,,,,1.9873025394921173,
2019-09-20,,,,1.9774045190961964,
2019-09-23,,,,1.9775044991001955,
2019-09-24,,,,1.9606078784243308,
2019-09-25,,,,1.9724055188962366,
2019-09-26,,,,1.9678064387122733,
2019-09-27,,,,1.9576084783043548,
2019-09-30,,,,1.9673065386922772,
2019-10-08,,,,1.9122175564887174,
2019-10-09,,,,1.9302139572085737,
2019-10-10,,,,1.9428114377124732,
2019-10-11,,,,1.9639072185563042,
2019-10-14,,,,1.9609078184363284,
2019-10-15,,,,1.9799040191961765,
2019-10-16,,,,1.9770045990801999,
2019-10-17,,,,1.983703259348146,
2019-10-18,,,,1.97320535892823,
2019-10-21,,,,1.9864027194561242,
2019-10-22,,,,1.9789042191561843,
2019-10-23,,,,1.98700259948012,
2019-10-24,,,,1.9899020195960964,
2019-10-25,,,,1.9986002799440272,
2019-10-28,,,,2.0098980203959367,
2019-10-29,,,,2.0040991801639834,
2019-10-30,,,,2.0098980203959367,
2019-10-31,,,,2.0022995400919976,
2019-11-01,,,,2.0187962407518656,
2019-11-04,,,,2.0245950809838194,
2019-11-05,,,,2.022195560887839,
2019-11-06,,,,2.0151969606078945,
2019-11-07,,,,2.019396120775861,
2019-11-08,,,,2.0228954209158325,
2019-11-11,,,,2.018496300739868,
2019-11-12,,,,2.0232953409318295,
2019-11-13,,,,2.0258948210358088,
2019-11-14,,,,2.029594081183779,
2019-11-15,,,,2.045690861827651,
2019-11-18,,,,2.0451909618076547,
2019-11-19,,,,2.0437912417516664,
2019-11-20,,,,2.038992201559705,
2019-11-21,,,,2.0386922615477068,
2019-11-22,,,,2.0455908818236517,
2019-11-25,,,,2.0634873025395084,
2019-11-26,,,,2.066586682663484,
2019-11-27,,,,2.075284943011414,
2019-11-28,,,,,
2019-11-29,,,,2.06578684263149,
2019-12-02,,,,2.046790641871642,
2019-12-03,,,,2.0319936012797606,
2019-12-04,,,,2.049090181963624,
2019-12-05,,,,2.0565886822635635,
2019-12-06,,,,2.071285742851446,
2019-12-09,,,,2.065286942611494,
2019-12-10,,,,2.063087382523512,
2019-12-11,,,,2.068586282743468,
2019-12-12,,,,2.082483503299357,
2019-12-13,,,,2.080283943211375,
2019-12-16,,,,2.0878824235153135,
2019-12-17,,,,2.089882023595298,
2019-12-18,,,,2.0892821435713027,
2019-12-19,,,,2.1000799840032163,
2019-12-20,,,,2.1100779844031363,
2019-12-23,,,,2.1145770845831007,
2019-12-24,,,,2.1142771445711026,
2019-12-25,,,,,
2019-12-26,,,,2.1156768646270914,
2019-12-27,,,,2.1177764447110747,
2019-12-30,,,,2.1035792841431884,
2019-12-31,,,,2.10837832433515,
2020-01-02,,,,2.1217756448710428,
2020-01-03,,,,2.108978204359145,
2020-01-06,,,,2.1171765646870795,
2020-01-07,,,,2.1106778644271316,
2020-01-08,,,,2.1141771645671037,
2020-01-09,,,,2.1298740251949786,
2020-01-10,,,,2.1193761247750627,
2020-01-13,,,,2.1313737252549667,
2020-01-14,,,,2.1190761847630646,
2020-01-15,,,,2.119576084783061,
2020-01-16,,,,2.13587282543493,
2020-01-17,,,,2.146370725854846,
2020-01-20,,,,,
2020-01-21,,,,2.131873625274962,
2020-01-22,,,,2.1401719656068963,
2020-01-23,,,,2.1434713057388697,
2020-02-03,,,,2.105578884223172,
2020-02-04,,,,2.1532693461307915,
2020-02-05,,,,2.1787642471505873,
2020-02-06,,,,2.1913617276544866,
2020-02-07,,,,2.1729654069186335,
2020-02-10,,,,2.1922615476904794,
2020-02-11,,,,2.196960607878442,
2020-02-12,,,,2.205658868226373,
2020-02-13,,,,2.2047590481903803,
2020-02-14,,,,2.2108578284343317,
2020-02-17,,,,,
2020-02-18,,,,2.2035592881423898,
2020-02-19,,,,2.2200559888022577,
2020-02-20,,,,2.2118576284743234,
2020-02-21,,,,2.1944611077784626,
2020-02-24,,,,2.121975604879042,
2020-02-25,,,,2.0574885022995577,
2020-02-26,,,,2.046290741851647,
2020-02-27,,,,1.9583083383323503,
2020-02-28,,,,1.9391121775645037,
2020-03-02,,,,2.019196160767864,
2020-03-03,,,,1.955708858228371,
2020-03-04,,,,2.0378924215157146,
2020-03-05,,,,1.9663067386522866,
2020-03-06,,,,1.931113777244568,
2020-03-09,,,,1.7836432713457464,
2020-03-10,,,,1.8738252349530258,
2020-03-11,,,,1.7887422515497056,
2020-03-12,,,,1.6195760847830574,
2020-03-13,,,,1.7800439912017751,
2020-03-16,,,,1.5675864827034731,
2020-03-17,,,,1.661067786442726,
2020-03-18,,,,1.5818836232753588,
2020-03-19,,,,1.5927814437112715,
2020-03-20,,,,1.535792841431727,
2020-03-23,,,,1.488602279544104,
2020-03-24,,,,1.6293741251749791,
2020-03-25,,,,1.6424715056988748,
2020-03-26,,,,1.7433513297340686,
2020-03-27,,,,1.6785642871425865,
2020-03-30,,,,1.735452909418132,
2020-03-31,,,,1.717656468706274,
2020-04-01,,,,1.6397720455908964,
2020-04-02,,,,1.6831633673265496,
2020-04-03,,,,1.6606678664267294,
2020-04-07,,,,1.7696460707858583,
2020-04-08,,,,1.8185362927414677,
2020-04-09,,,,1.8466306738652434,
2020-04-10,,,,,
2020-04-13,,,,1.8221355728854391,
2020-04-14,,,,1.880723855228971,
2020-04-15,,,,1.8390321935613039,
2020-04-16,,,,1.8576284743051554,
2020-04-17,,,,1.907918416316754,
2020-04-20,,,,1.8714257148570452,
2020-04-21,,,,1.8170365926814795,
2020-04-22,,,,1.862327534493118,
2020-04-23,,,,1.8606278744251317,
2020-04-24,,,,1.88462307538494,
2020-04-27,,,,1.9093181363727425,
2020-04-28,,,,1.900019996000817,
2020-04-29,,,,1.950209958008416,
2020-04-30,,,,1.928214357128592,
2020-05-06,,,,1.8889222155569059,
2020-05-07,,,,1.918316336732671,
2020-05-08,,,,1.9471105778844404,
2020-05-11,,,,1.9465106978604454,
2020-05-12,,,,1.9104179164167336,
2020-05-13,,,,1.876424715057005,
2020-05-14,,,,1.900319936012814,
2020-05-15,,,,1.9067186562687626,
2020-05-18,,,,1.9699060187962574,
2020-05-19,,,,1.9462107578484469,
2020-05-20,,,,1.980203959208175,
2020-05-21,,,,1.9620075984803202,
2020-05-22,,,,1.969206158768263,
2020-05-25,,,,,
2020-05-26,,,,2.0033993201359896,
2020-05-27,,,,2.0271945610877995,
2020-05-28,,,,2.0286942611477876,
2020-05-29,,,,2.0392921415717025,
2020-06-01,,,,2.0468906218756415,
2020-06-02,,,,2.0592881423715426,
2020-06-03,,,,2.084783043391339,
2020-06-04,,,,2.076484703059405,
2020-06-05,,,,2.1294741051789816,
2020-06-08,,,,2.1525694861027973,
2020-06-09,,,,2.130773845230972,
2020-06-10,,,,2.1191761647670644,
2020-06-11,,,,1.99210157968408,
2020-06-12,,,,2.025394921015814,
2020-06-15,,,,2.0436912617476675,
2020-06-16,,,,2.078084383123393,
2020-06-17,,,,2.0736852629474285,
2020-06-18,,,,2.075384923015415,
2020-06-19,,,,2.0631873625275126,
2020-06-22,,,,2.0762847430514078,
2020-06-23,,,,2.079384123175383,
2020-06-24,,,,2.0224955008998373,
2020-06-29,,,,2.031693661267764,
2020-06-30,,,,2.062387522495519,
2020-07-01,,,,2.070085982803457,
2020-07-02,,,,2.07598480303941,
2020-07-03,,,,,
2020-07-06,,,,2.111277744451128,
2020-07-07,,,,2.0777844431113954,
2020-07-08,,,,2.09098180363929,
2020-07-09,,,,2.0758848230354103,
2020-07-10,,,,2.09348130373927,
2020-07-13,,,,2.0741851629674244,
2020-07-14,,,,2.1029794041191945,
2020-07-15,,,,2.121775644871044,
2020-07-16,,,,2.1120775844831217,
2020-07-17,,,,2.1222755448910404,
2020-07-20,,,,2.136372725454928,
2020-07-21,,,,2.137872425514916,
2020-07-22,,,,2.145370925814856,
2020-07-23,,,,2.1253749250150156,
2020-07-24,,,,2.1127774445111163,
2020-07-27,,,,2.1311737652469698,
2020-07-28,,,,2.113477304539111,
2020-07-29,,,,2.141871625674884,
2020-07-30,,,,2.13237352529496,
2020-07-31,,,,2.1468706258748442,
2020-08-03,,,,2.16616676664669,
2020-08-04,,,,2.1683663267346733,
2020-08-05,,,,2.1801639672065787,
2020-08-06,,,,2.184163167366547,
2020-08-07,,,,2.1849630073985407,
2020-08-10,,,,2.1983603279344335,
2020-08-11,,,,2.183063387322556,
2020-08-12,,,,2.2099580083983406,
2020-08-13,,,,2.2007598480304145,
2020-08-14,,,,2.1994601079784246,
2020-08-17,,,,2.2041591681663872,
2020-08-18,,,,2.2083583283343535,
2020-08-19,,,,2.1940611877624683,
2020-08-20,,,,2.2041591681663872,
2020-08-21,,,,2.206458708258369,
2020-08-24,,,,2.23135372925417,
2020-08-25,,,,2.2391521695661076,
2020-08-26,,,,2.258548290341953,
2020-08-27,,,,2.2566486702659683,
2020-08-28,,,,2.2714457108578503,
2020-08-31,,,,2.2572485502899635,
2020-09-01,,,,2.2707458508298557,
2020-09-02,,,,2.3013397320536115,
2020-09-03,,,,2.219156168766268,
2020-09-04,,,,2.201759648070407,
2020-09-07,,,,,
2020-09-08,,,,2.1411717656468916,
2020-09-09,,,,2.186162767446532,
2020-09-10,,,,2.144871025794862,
2020-09-11,,,,2.1474705058988413,
2020-09-14,,,,2.1744651069786256,
2020-09-15,,,,2.181663667266568,
2020-09-16,,,,2.1590681863627488,
2020-09-17,,,,2.1362727454509307,
2020-09-18,,,,2.109878024395142,
2020-09-21,,,,2.085382923415337,
2020-09-22,,,,2.115276944611099,
2020-09-23,,,,2.069086182763468,
2020-09-24,,,,2.0764847030594087,
2020-09-25,,,,2.1120775844831243,
2020-09-28,,,,2.150269946010819,
2020-09-29,,,,2.1375724855029206,
2020-09-30,,,,2.1526694661067998,
2020-10-09,,,,2.2168566286742872,
2020-10-12,,,,2.231053789242174,
2020-10-13,,,,2.2223555288942434,
2020-10-14,,,,2.213457308538315,
2020-10-15,,,,2.2068586282743676,
2020-10-16,,,,2.2052589482103806,
2020-10-19,,,,2.159468106378746,
2020-10-20,,,,2.166866626674687,
2020-10-21,,,,2.1577684463107594,
2020-10-22,,,,2.1617676464707274,
2020-10-23,,,,2.1735652869426336,
2020-10-26,,,,2.13397320535895,
2020-10-27,,,,2.1357728454309357,
2020-10-28,,,,2.0664867026594895,
2020-10-29,,,,2.0931813637272763,
2020-10-30,,,,2.067286542691483,
2020-11-02,,,,2.0869826034793255,
2020-11-03,,,,2.1212757448510513,
2020-11-04,,,,2.1620675864827255,
2020-11-05,,,,2.208558288342354,
2020-11-06,,,,2.188462307538514,
2020-11-09,,,,2.208558288342354,
2020-11-10,,,,2.1983603279344353,
2020-11-11,,,,2.2208558288342557,
2020-11-12,,,,2.2043591281743877,
2020-11-13,,,,2.2361527694461336,
2020-11-16,,,,2.2540491901619903,
2020-11-17,,,,2.2341531693661496,
2020-11-18,,,,2.203159368126397,
2020-11-19,,,,2.2083583283343553,
2020-11-20,,,,2.203059388122398,
2020-11-23,,,,2.2133573285343155,
2020-11-24,,,,2.252049590082006,
2020-11-25,,,,2.246450709858051,
2020-11-26,,,,,
2020-11-27,,,,2.2521495700860052,
2020-11-30,,,,2.2429514097180783,
2020-12-01,,,,2.27284543091384,
2020-12-02,,,,2.2665466906618903,
2020-12-03,,,,2.264747050589905,
2020-12-04,,,,2.281943611277767,
2020-12-07,,,,2.272345530893844,
2020-12-08,,,,2.277344531093804,
2020-12-09,,,,2.258948210357951,
2020-12-10,,,,2.2614477104579307,
2020-12-11,,,,2.2560487902419744,
2020-12-14,,,,2.244951009798063,
2020-12-15,,,,2.2764447110578114,
2020-12-16,,,,2.2777444511098013,
2020-12-17,,,,2.2910417916416947,
2020-12-18,,,,2.2817436512697693,
2020-12-21,,,,2.2801439712057823,
2020-12-22,,,,2.2713457308538523,
2020-12-23,,,,2.2788442311537924,
2020-12-24,,,,2.2804439112177795,
2020-12-25,,,,,
2020-12-28,,,,2.2958408318336567,
2020-12-29,,,,2.2980403919216394,
2020-12-30,,,,2.2969406118776483,
2020-12-31,,,,2.3092381523695495,
2021-01-04,,,,2.2804439112177795,
2021-01-05,,,,2.274645070985826,
2021-01-06,,,,2.282243551289765,
2021-01-07,,,,2.3166366726654903,
2021-01-08,,,,2.333233353329358,
2021-01-11,,,,2.3196360727854666,
2021-01-12,,,,2.322535492901444,
2021-01-13,,,,2.3202359528094623,
2021-01-14,,,,2.316536692661492,
2021-01-15,,,,2.296040791841656,
2021-01-18,,,,,
2021-01-19,,,,2.3232353529294385,
2021-01-20,,,,2.3540291941611926,
2021-01-21,,,,2.3498300339932263,
2021-01-22,,,,2.3398320335933063,
2021-01-25,,,,2.3555288942211807,
2021-01-26,,,,2.3529294141172015,
2021-01-27,,,,2.285842831433738,
2021-01-28,,,,2.314737052589507,
2021-01-29,,,,2.2654469106179005,
2021-02-01,,,,2.298640271945636,
2021-02-02,,,,2.3346330733853486,
2021-02-03,,,,2.334533093381349,
2021-02-04,,,,2.3579284143171626,
2021-02-05,,,,2.3712257548490565,
2021-02-08,,,,2.3872225554889286,
2021-02-09,,,,2.3796240751849895,
2021-02-10,,,,2.373625274945037,
2021-02-18,,,,2.3822235552889683,
2021-02-19,,,,2.381023795240978,
2021-02-22,,,,2.360227954409144,
2021-02-23,,,,2.3615276944611336,
2021-02-24,,,,2.392121575684889,
2021-02-25,,,,2.3306338732253806,
2021-02-26,,,,2.326434713057414,
2021-03-01,,,,2.3830233953209623,
2021-03-02,,,,2.3591281743651527,
2021-03-03,,,,2.3262347530494156,
2021-03-04,,,,2.302239552089607,
2021-03-05,,,,2.352229554089208,
2021-03-08,,,,2.335632873425341,
2021-03-09,,,,2.388122375524921,
2021-03-10,,,,2.3942211557688724,
2021-03-11,,,,2.4142171565687125,
2021-03-12,,,,2.4126174765047255,
2021-03-15,,,,2.4342131573685526,
2021-03-16,,,,2.4311137772445774,
2021-03-17,,,,2.4360127974405383,
2021-03-18,,,,2.3959208158368583,
2021-03-19,,,,2.403019396120802,
2021-03-22,,,,2.4233153369326392,
2021-03-23,,,,2.3994201159768305,
2021-03-24,,,,2.3934213157368784,
2021-03-25,,,,2.4077184563087646,
2021-03-26,,,,2.4512097580484173,
2021-03-29,,,,2.4502099580084247,
2021-03-30,,,,2.4509098180364193,
2021-03-31,,,,2.462607478504326,
2021-04-01,,,,2.486702659468134,
2021-04-02,,,,,
2021-04-06,,,,2.517996400719884,
2021-04-07,,,,2.5162967406518977,
2021-04-08,,,,2.5302939412117857,
2021-04-09,,,,2.5476904619076466,
2021-04-12,,,,2.5535892821435993,
2021-04-13,,,,2.5571885622875707,
2021-04-14,,,,2.543391321735681,
2021-04-15,,,,2.568986202759476,
2021-04-16,,,,2.577784443111406,
2021-04-19,,,,2.561787642471534,
2021-04-20,,,,2.539392121575713,
2021-04-21,,,,2.560687862427543,
2021-04-22,,,,2.5316936612677745,
2021-04-23,,,,2.5604879024195446,
2021-04-26,,,,2.564087182563516,
2021-04-27,,,,2.563887222555518,
2021-04-28,,,,2.558988202359557,
2021-04-29,,,,2.5708858228354625,
2021-04-30,,,,2.550789842031623,
2021-05-06,,,,2.5719856028794537,
2021-05-07,,,,2.5826834633073683,
2021-05-10,,,,2.545790841831663,
2021-05-11,,,,2.5170965806838925,
2021-05-12,,,,2.463407318536322,
2021-05-13,,,,2.507198560287972,
2021-05-14,,,,2.5412917416517,
2021-05-17,,,,2.5261947610478206,
2021-05-18,,,,2.5067986402719753,
2021-05-19,,,,2.4958008398320635,
2021-05-20,,,,2.530293941211788,
2021-05-21,,,,2.5220955808838537,
2021-05-24,,,,2.5512897420516203,
2021-05-25,,,,2.541091781643702,
2021-05-26,,,,2.538592281543722,
2021-05-27,,,,2.539092181563718,
2021-05-28,,,,2.5344931013797547,
2021-05-31,,,,,
2021-06-01,,,,2.521795640871856,
2021-06-02,,,,2.533593281343762,
2021-06-03,,,,2.526194761047821,
2021-06-04,,,,2.558688262347562,
2021-06-07,,,,2.552289542091613,
2021-06-08,,,,2.550589882023626,
2021-06-09,,,,2.5477904419116486,
2021-06-10,,,,2.560287942411549,
2021-06-11,,,,2.5606878624275455,
2021-06-15,,,,2.569086182763478,
2021-06-16,,,,2.55508898220359,
2021-06-17,,,,2.56268746250753,
2021-06-18,,,,2.531493701259779,
2021-06-21,,,,2.5741851629674377,
2021-06-22,,,,2.589982003599312,
2021-06-23,,,,2.5873825234953323,
2021-06-24,,,,2.6106778644271467,
2021-06-25,,,,2.6161767646471024,
2021-06-28,,,,2.61527694461111,
2021-06-29,,,,2.6156768646271065,
2021-06-30,,,,2.6205758848230674,
2021-07-01,,,,2.638672265546923,
2021-07-02,,,,2.6587682463507623,
2021-07-05,,,,,
2021-07-06,,,,2.6491701659668387,
2021-07-07,,,,2.664167166566719,
2021-07-08,,,,2.6394721055789168,
2021-07-09,,,,2.6711657668466637,
2021-07-12,,,,2.6814637072585814,
2021-07-13,,,,2.670865826834666,
2021-07-14,,,,2.676164767046624,
2021-07-15,,,,2.6607678464307476,
2021-07-16,,,,2.6431713657268876,
2021-07-19,,,,2.6009798040392247,
2021-07-20,,,,2.6465706858628604,
2021-07-21,,,,2.6670665866826964,
2021-07-22,,,,2.6651669666067117,
2021-07-23,,,,2.6921615676864956,
2021-07-26,,,,2.703059388122408,
2021-07-27,,,,2.6890621875625205,
2021-07-28,,,,2.696260747850463,
2021-07-29,,,,2.708358328334366,
2021-07-30,,,,2.6800639872025926,
2021-08-02,,,,2.6772645470906147,
2021-08-03,,,,2.697060587882457,
2021-08-04,,,,2.6863627274545427,
2021-08-05,,,,2.7039592081584014,
2021-08-06,,,,2.706058788242385,
2021-08-09,,,,2.712357528494335,
2021-08-10,,,,2.7151569686063124,
2021-08-11,,,,2.721355728854263,
2021-08-12,,,,2.72675464907022,
2021-08-13,,,,2.73305338932217,
2021-08-16,,,,2.7366526694661415,
2021-08-17,,,,2.719456108778279,
2021-08-18,,,,2.696560687862461,
2021-08-19,,,,2.697460507898454,
2021-08-20,,,,2.724755048990236,
2021-08-23,,,,2.7473505298940557,
2021-08-24,,,,2.7446510697860775,
2021-08-25,,,,2.747450509898056,
2021-08-26,,,,2.731553689262183,
2021-08-27,,,,2.7611477704459464,
2021-08-30,,,,2.765246950609914,
2021-08-31,,,,2.761847630473941,
2021-09-01,,,,2.7628474305139332,
2021-09-02,,,,2.767346530693897,
2021-09-03,,,,2.76574685062991,
2021-09-06,,,,,
2021-09-07,,,,2.754349130174001,
2021-09-08,,,,2.756548690261983,
2021-09-09,,,,2.741651669666102,
2021-09-10,,,,2.7185562887422874,
2021-09-13,,,,2.721455708858264,
2021-09-14,,,,2.7064587082583835,
2021-09-15,,,,2.729054189162203,
2021-09-16,,,,2.718256348730289,
2021-09-17,,,,2.7011597680464257,
2021-09-22,,,,2.684863027394556,
2021-09-23,,,,2.719756048790277,
2021-09-24,,,,2.7175564887022947,
2021-09-27,,,,2.7137572485503254,
2021-09-28,,,,2.655168966206793,
2021-09-29,,,,2.661667666466741,
2021-09-30,,,,2.6376724655069324,
2021-10-08,,,,2.679264147170601,
2021-10-11,,,,2.6555688862227895,
2021-10-12,,,,2.6478704259148516,
2021-10-13,,,,2.6624675064987344,
2021-10-14,,,,2.6999600079984347,
2021-10-15,,,,2.7188562287542837,
2021-10-18,,,,2.724255148970241,
2021-10-19,,,,2.7446510697860775,
2021-10-20,,,,2.7446510697860775,
2021-10-21,,,,2.745450909818071,
2021-10-22,,,,2.7484503099380473,
2021-10-25,,,,2.756748650269981,
2021-10-26,,,,2.760247950409953,
2021-10-27,,,,2.744951009798075,
2021-10-28,,,,2.7761447710458262,
2021-10-29,,,,2.7796440711857984,
2021-11-01,,,,2.7965406918616633,
2021-11-02,,,,2.799040191961643,
2021-11-03,,,,2.819936012797476,
2021-11-04,,,,2.8261347730454274,
2021-11-05,,,,2.838432313537329,
2021-11-08,,,,2.839732053589319,
2021-11-09,,,,2.8275344931014166,
2021-11-10,,,,2.806638672265583,
2021-11-11,,,,2.8165366926615047,
2021-11-12,,,,2.8337332533493673,
2021-11-15,,,,2.826334733053427,
2021-11-16,,,,2.8384323135373304,
2021-11-17,,,,2.8320335932813814,
2021-11-18,,,,2.8359328134373505,
2021-11-19,,,,2.8329334133173742,
2021-11-22,,,,2.829334133173403,
2021-11-23,,,,2.833033393321373,
2021-11-24,,,,2.83843231353733,
2021-11-25,,,,,
2021-11-26,,,,2.7754449110178325,
2021-11-29,,,,2.8091381723655635,
2021-11-30,,,,2.75324935013001,
2021-12-01,,,,2.716456708658304,
2021-12-02,,,,2.7565486902619836,
2021-12-03,,,,2.7341531693661625,
2021-12-06,,,,2.76454709058192,
2021-12-07,,,,2.8232353529294514,
2021-12-08,,,,2.829234153169404,
2021-12-09,,,,2.8016396720656243,
2021-12-10,,,,2.837032593481341,
2021-12-13,,,,2.80963807238556,
2021-12-14,,,,2.789242151569723,
2021-12-15,,,,2.8363327334533466,
2021-12-16,,,,2.808238352329571,
2021-12-17,,,,2.7797440511897986,
2021-12-20,,,,2.7597480503899585,
2021-12-21,,,,2.800039992001637,
2021-12-22,,,,2.8273345330934188,
2021-12-23,,,,2.8426314737052962,
2021-12-24,,,,,
2021-12-27,,,,2.8828234353129756,
2021-12-28,,,,2.881823635272984,
2021-12-29,,,,2.88602279544095,
2021-12-30,,,,2.8747250549890406,
2021-12-31,,,,2.8708258348330715,
2022-01-04,,,,2.888822235552928,
2022-01-05,,,,2.8322335532893796,
2022-01-06,,,,2.8273345330934188,
2022-01-07,,,,2.8169366126775017,
2022-01-10,,,,2.8087382523495674,
2022-01-11,,,,2.835832833433351,
2022-01-12,,,,2.842531493701298,
2022-01-13,,,,2.7972405518896597,
2022-01-14,,,,2.8053389322135946,
2022-01-17,,,,,
2022-01-18,,,,2.746950609878061,
2022-01-19,,,,2.724655068986239,
2022-01-20,,,,2.688962207558524,
2022-01-21,,,,2.6383723255349283,
2022-01-24,,,,2.6421715656868976,
2022-01-25,,,,2.6101779644071534,
2022-01-26,,,,2.5990801839632423,
2022-01-27,,,,2.5907818436313086,
2022-01-28,,,,2.66956608678268,
2022-02-07,,,,2.693661267746487,
2022-02-08,,,,2.71575684863031,
2022-02-09,,,,2.759048190361964,
2022-02-10,,,,2.707058588282379,
2022-02-11,,,,2.6591681663667623,
2022-02-14,,,,2.64817036592685,
2022-02-15,,,,2.687662467506535,
2022-02-16,,,,2.684363127374561,
2022-02-17,,,,2.62187562487506,
2022-02-18,,,,2.6042791441712003,
2022-02-21,,,,,
2022-02-22,,,,2.5834833033393663,
2022-02-23,,,,2.528994201159802,
2022-02-24,,,,2.5655868826235095,
2022-02-25,,,,2.625774845031029,
2022-02-28,,,,2.614277144571121,
2022-03-01,,,,2.56548690261951,
2022-03-02,,,,2.6269746050790195,
2022-03-03,,,,2.598980203959243,
2022-03-04,,,,2.589982003599315,
2022-03-07,,,,2.5207958408318674,
2022-03-08,,,,2.490301939612111,
2022-03-09,,,,2.5543891221755985,
2022-03-10,,,,2.540591881623709,
2022-03-11,,,,2.5155968806239084,
2022-03-14,,,,2.5048990201959938,
2022-03-15,,,,2.5681863627274883,
2022-03-16,,,,2.627474505099015,
2022-03-17,,,,2.6438712257548844,
2022-03-18,,,,2.675464907018632,
2022-03-21,,,,2.6843631273745605,
2022-03-22,,,,2.7141571685663224,
2022-03-23,,,,2.676264747050625,
2022-03-24,,,,2.717756448710294,
2022-03-25,,,,2.7356528694261506,
2022-03-28,,,,2.7545490901819996,
2022-03-29,,,,2.7842431513697625,
2022-03-30,,,,2.763847230553926,
2022-03-31,,,,2.7174565086982962,
2022-04-01,,,,2.7274545090982167,
2022-04-06,,,,2.701059788042427,
2022-04-07,,,,2.706858628274381,
2022-04-08,,,,2.6992601479704423,
2022-04-11,,,,2.653269346130809,
2022-04-12,,,,2.6504699060188313,
2022-04-13,,,,2.678664267146606,
2022-04-14,,,,2.6372725454909367,
2022-04-15,,,,,
2022-04-18,,,,2.6456708658268697,
2022-04-19,,,,2.686462707458544,
2022-04-20,,,,2.696260747850466,
2022-04-21,,,,2.6608678264347487,
2022-04-22,,,,2.6070785842831783,
2022-04-25,,,,2.634473105378959,
2022-04-26,,,,2.587082583483338,
2022-04-27,,,,2.5928814237152915,
2022-04-28,,,,2.6582683463307695,
2022-04-29,,,,2.5832833433313684,
2022-05-05,,,,2.5728854229154514,
2022-05-06,,,,2.5838832233553637,
2022-05-09,,,,2.522095580883857,
2022-05-10,,,,2.5370925814837375,
2022-05-11,,,,2.501099780044025,
2022-05-12,,,,2.4987002599480443,
2022-05-13,,,,2.5812837432513844,
2022-05-16,,,,2.569886022795475,
2022-05-17,,,,2.621075784843067,
2022-05-18,,,,2.5000999800040336,
2022-05-19,,,,2.4893021395721195,
2022-05-20,,,,2.488502299540126,
2022-05-23,,,,2.5072985402919765,
2022-05-24,,,,2.4799040191961947,
2022-05-25,,,,2.5026994601080133,
2022-05-26,,,,2.5604879024195517,
2022-05-27,,,,2.648470305938849,
2022-05-30,,,,2.634873025394958,
2022-05-31,,,,2.6014797040592246,
2022-06-01,,,,2.5836832633473668,
2022-06-02,,,,2.649270145970843,
2022-06-06,,,,2.598080383923252,
2022-06-07,,,,2.6210757848430677,
2022-06-08,,,,2.5922815436912976,
2022-06-09,,,,2.537492501499735,
2022-06-10,,,,2.470305938812272,
2022-06-13,,,,2.381123775244984,
2022-06-14,,,,2.3835232953409644,
2022-06-15,,,,2.419516096780677,
2022-06-16,,,,2.3259348130374247,
2022-06-17,,,,2.324935012997433,
2022-06-20,,,,2.3317336532693784,
2022-06-21,,,,2.378924215157002,
2022-06-22,,,,2.3851229754049523,
2022-06-23,,,,2.4067186562687795,
2022-06-24,,,,2.477704459108213,
2022-06-27,,,,2.464507098580318,
2022-06-28,,,,2.4179164167166904,
2022-06-29,,,,2.419716056788676,
2022-06-30,,,,2.4017196560688197,
2022-07-01,,,,2.4179164167166904,
2022-07-04,,,,2.425114977004633,
2022-07-05,,,,2.4263147370526235,
2022-07-06,,,,2.443911217756483,
2022-07-07,,,,2.4771045790842177,
2022-07-08,,,,2.4735052989402466,
2022-07-11,,,,2.439912017596515,
2022-07-12,,,,2.4289142171566027,
2022-07-13,,,,2.417916416716691,
2022-07-14,,,,2.410317936412752,
2022-07-15,,,,2.464707058588317,
2022-07-18,,,,2.4421115776844973,
2022-07-19,,,,2.509498100379959,
2022-07-20,,,,2.524895020995836,
2022-07-21,,,,2.555488902219593,
2022-07-22,,,,2.528094381123811,
2022-07-25,,,,2.532093581283779,
2022-07-26,,,,2.5004999000200314,
2022-07-27,,,,2.575084983003436,
2022-07-28,,,,2.594481103779281,
2022-07-29,,,,2.6324735052989774,
2022-08-01,,,,2.62587482503503,
2022-08-02,,,,2.6082783443311706,
2022-08-03,,,,2.6622675464907397,
2022-08-04,,,,2.65346930613881,
2022-08-05,,,,2.640671865626912,
2022-08-08,,,,2.6482703459308516,
2022-08-09,,,,2.632873425314975,
2022-08-10,,,,2.6900619876025176,
2022-08-11,,,,2.6774645070986183,
2022-08-12,,,,2.727654469106218,
2022-08-15,,,,2.7382523495301334,
2022-08-16,,,,2.7564487102579887,
2022-08-17,,,,2.742051589682103,
2022-08-18,,,,2.746050789842071,
2022-08-19,,,,2.721255748850269,
2022-08-22,,,,2.6686662667466887,
2022-08-23,,,,2.6752649470106364,
2022-08-24,,,,2.6776644671066165,
2022-08-25,,,,2.7214557088582665,
2022-08-26,,,,2.6276744651070154,
2022-08-29,,,,2.6182763447310906,
2022-08-30,,,,2.593481303739289,
2022-08-31,,,,2.5774845030994165,
2022-09-01,,,,2.5822835432913784,
2022-09-02,,,,2.558088382323572,
2022-09-05,,,,2.560887822435549,
2022-09-06,,,,2.554089182163604,
2022-09-07,,,,2.602679464107216,
2022-09-08,,,,2.6188762247550867,
2022-09-09,,,,2.6570685862827816,
2022-09-13,,,,2.562887422515534,
2022-09-14,,,,2.5786842631474074,
2022-09-15,,,,2.548890221955645,
2022-09-16,,,,2.537492501499736,
2022-09-19,,,,2.55708858228358,
2022-09-20,,,,2.5300939812037955,
2022-09-21,,,,2.4887022595481256,
2022-09-22,,,,2.4755048990202315,
2022-09-23,,,,2.4369126174765396,
2022-09-26,,,,2.42431513697264,
2022-09-27,,,,2.4331133773245703,
2022-09-28,,,,2.4941011797640837,
2022-09-29,,,,2.4411117776445073,
2022-09-30,,,,2.4009198160368284,
2022-10-10,,,,2.418716256748686,
2022-10-11,,,,2.408918216356765,
2022-10-12,,,,2.403119376124811,
2022-10-13,,,,2.4657068586283115,
2022-10-14,,,,2.407118576284779,
2022-10-17,,,,2.4707058588282718,
2022-10-18,,,,2.49850029994005,
2022-10-19,,,,2.482503499300178,
2022-10-20,,,,2.464507098580321,
2022-10-21,,,,2.52229554089186,
2022-10-24,,,,2.553689262147609,
2022-10-25,,,,2.610677864427154,
2022-10-26,,,,2.5896820635873214,
2022-10-27,,,,2.5712857428514684,
2022-10-28,,,,2.639472105578924,
2022-10-31,,,,2.62247550489906,
2022-11-01,,,,2.6232753449310535,
2022-11-02,,,,2.5620875824835423,
2022-11-03,,,,2.5446910617876806,
2022-11-04,,,,2.582683463307377,
2022-11-07,,,,2.597280543891261,
2022-11-08,,,,2.6060787842431905,
2022-11-09,,,,2.5548890221955998,
2022-11-10,,,,2.7050589882024005,
2022-11-11,,,,2.711057788442352,
2022-11-14,,,,2.6492701459708456,
2022-11-15,,,,2.654469106178804,
2022-11-16,,,,2.6310737852429913,
2022-11-17,,,,2.6340731853629666,
2022-11-18,,,,2.6626674665067385,
2022-11-21,,,,2.658468306338772,
2022-11-22,,,,2.709658068386364,
2022-11-23,,,,2.7114577084583495,
2022-11-24,,,,2.7084583083383733,
2022-11-25,,,,2.712857428514338,
2022-11-28,,,,2.6808638272345937,
2022-11-29,,,,2.6902619476105185,
2022-11-30,,,,2.7654469106179187,
2022-12-01,,,,2.743251349730096,
2022-12-02,,,,2.714457108578326,
2022-12-05,,,,2.6598680263947623,
2022-12-06,,,,2.5988802239552493,
2022-12-07,,,,2.6022795440912216,
2022-12-08,,,,2.608478304339173,
2022-12-09,,,,2.588682263547331,
2022-12-12,,,,2.624475104979045,
2022-12-13,,,,2.6504699060188375,
2022-12-14,,,,2.626874625075026,
2022-12-15,,,,2.554089182163607,
2022-12-16,,,,2.541891621675705,
2022-12-19,,,,2.517496500699899,
2022-12-20,,,,2.5240951809638466,
2022-12-21,,,,2.554289142171606,
2022-12-22,,,,2.5194961007798837,
2022-12-23,,,,2.53749250149974,
2022-12-26,,,,2.5378924215157372,
2022-12-27,,,,2.5176964607078984,
2022-12-28,,,,2.4923015396921007,
2022-12-29,,,,2.539892021595721,
2022-12-30,,,,2.5282943411318133,
2022-12-31,,,,2.5280943811238146,
2023-01-03,,,,2.512497500499939,
2023-01-04,,,,2.518296340731893,
2023-01-05,,,,2.482103579284182,
2023-01-06,,,,2.537892421515737,
2023-01-09,,,,2.5062987402519887,
2023-01-10,,,,2.4937012597480894,
2023-01-11,,,,2.531893621275784,
2023-01-12,,,,2.5372925414917407,
2023-01-13,,,,2.5312937412517886,
2023-01-16,,,,2.5250949810038383,
2023-01-17,,,,2.5232953409318526,
2023-01-18,,,,2.4979004199160557,
2023-01-19,,,,2.4819036192761836,
2023-01-20,,,,2.529694061187801,
2023-01-30,,,,2.555288942211597,
2023-01-31,,,,2.591881623675305,
2023-02-01,,,,2.614477104579125,
2023-02-02,,,,2.638472305538933,
2023-02-03,,,,2.6210757848430717,
2023-02-06,,,,2.6188762247550894,
2023-02-07,,,,2.6614677064587497,
2023-02-08,,,,2.623675264947051,
2023-02-09,,,,2.606678664267187,
2023-02-10,,,,2.6118776244751456,
2023-02-13,,,,2.6526694661068198,
2023-02-14,,,,2.6514697060588293,
2023-02-15,,,,2.661267746450751,
2023-02-16,,,,2.6376724655069395,
2023-02-17,,,,2.6360727854429524,
2023-02-20,,,,2.635272945410959,
2023-02-21,,,,2.5792841431714058,
2023-02-22,,,,2.5826834633073785,
2023-02-23,,,,2.6066786642671866,
2023-02-24,,,,2.576084783043431,
2023-02-27,,,,2.60747850429918,
2023-02-28,,,,2.5978804239152566,
2023-03-01,,,,2.5812837432513893,
2023-03-02,,,,2.5788842231554088,
2023-03-03,,,,2.6322735452909822,
2023-03-06,,,,2.627674465107019,
2023-03-07,,,,2.5950809838032796,
2023-03-08,,,,2.6128774245151374,
2023-03-09,,,,2.5700859828034797,
2023-03-10,,,,2.532493501299779,
2023-03-13,,,,2.518496300739891,
2023-03-14,,,,2.544491101779683,
2023-03-15,,,,2.517096580683902,
2023-03-16,,,,2.5788842231554088,
2023-03-17,,,,2.5470905818836624,
2023-03-20,,,,2.556288742251589,
2023-03-21,,,,2.592281543691301,
2023-03-22,,,,2.5478904219156555,
2023-03-23,,,,2.5552889422115963,
2023-03-24,,,,2.5568886222755838,
2023-03-27,,,,2.5738852229554476,
2023-03-28,,,,2.5710857828434706,
2023-03-29,,,,2.608478304339172,
2023-03-30,,,,2.6278744251150172,
2023-03-31,,,,2.6592681463707666,
2023-04-03,,,,2.672265546890663,
2023-04-04,,,,2.6528694261148176,
2023-04-06,,,,2.6580683863227756,
2023-04-07,,,,2.661667666466747,
2023-04-10,,,,2.66126774645075,
2023-04-11,,,,2.665666866626715,
2023-04-12,,,,2.653469306138813,
2023-04-13,,,,2.681063787242592,
2023-04-14,,,,2.6734653069386525,
2023-04-17,,,,2.68506298740256,
2023-04-18,,,,2.692661467706499,
2023-04-19,,,,2.689062187562528,
2023-04-20,,,,2.683063387322576,
2023-04-21,,,,2.6762647470506304,
2023-04-24,,,,2.6816636672665872,
2023-04-25,,,,2.6398720255949213,
2023-04-26,,,,2.644671065786883,
2023-04-27,,,,2.6950609878024805,
2023-04-28,,,,2.7188562287542903,
2023-05-04,,,,2.6410717856429113,
2023-05-05,,,,2.692261547690503,
2023-05-08,,,,2.6950609878024805,
2023-05-09,,,,2.686462707458549,
2023-05-10,,,,2.7002599480104394,
2023-05-11,,,,2.688262347530535,
2023-05-12,,,,2.6994601079784455,
2023-05-15,,,,2.714257148570327,
2023-05-16,,,,2.691261747650511,
2023-05-17,,,,2.733053389322177,
2023-05-18,,,,2.7678464307138992,
2023-05-19,,,,2.7790441911618093,
2023-05-22,,,,2.7718456308738673,
2023-05-23,,,,2.747250549890063,
2023-05-24,,,,2.736052789442153,
2023-05-25,,,,2.758648270345972,
2023-05-26,,,,2.803639272145613,
2023-05-29,,,,2.7964407118576706,
2023-05-30,,,,2.8058388322335954,
2023-05-31,,,,2.789442111577727,
2023-06-01,,,,2.8228354329134593,
2023-06-02,,,,2.8628274345131404,
2023-06-05,,,,2.855628874225198,
2023-06-06,,,,2.868826234753093,
2023-06-07,,,,2.862627474505142,
2023-06-08,,,,2.8838232353529722,
2023-06-09,,,,2.880623875224998,
2023-06-12,,,,2.9110177964407553,
2023-06-13,,,,2.9424115176965047,
2023-06-14,,,,2.9478104379124614,
2023-06-15,,,,2.981003799240196,
2023-06-16,,,,2.9618076384723495,
2023-06-19,,,,2.95800839832038,
2023-06-20,,,,2.9600079984003638,
2023-06-21,,,,2.9526094781044225,
2023-06-26,,,,2.9380123975205397,
2023-06-27,,,,2.9732053589282588,
2023-06-28,,,,2.972205558888266,
2023-06-29,,,,2.9900019996001244,
2023-06-30,,,,3.0287942411518145,
2023-07-03,,,,3.027994401119821,
2023-07-04,,,,3.0233953209358577,
2023-07-05,,,,3.014597080583928,
2023-07-06,,,,2.9960007998400764,
2023-07-07,,,,2.9860027994401563,
2023-07-10,,,,2.987802439512142,
2023-07-11,,,,3.0063987202559934,
2023-07-12,,,,3.023595280943856,
2023-07-13,,,,3.0395920815837285,
2023-07-14,,,,3.027794441111823,
2023-07-17,,,,3.0393921215757307,
2023-07-18,,,,3.0661867626475168,
2023-07-19,,,,3.0749850029994468,
2023-07-20,,,,3.0537892421516157,
2023-07-21,,,,3.0539892021596144,
2023-07-24,,,,3.0659868026395185,
2023-07-25,,,,3.0725854829034653,
2023-07-26,,,,3.0673865226955073,
2023-07-27,,,,3.046590681863673,
2023-07-28,,,,3.079184163167413,
2023-07-31,,,,3.0821835632873893,
2023-08-01,,,,3.0729854029194628,
2023-08-02,,,,3.0339932013597743,
2023-08-03,,,,3.031393721255795,
2023-08-04,,,,3.012197560487948,
2023-08-07,,,,3.037592481503746,
2023-08-08,,,,3.0323935212957873,
2023-08-09,,,,3.0121975604879485,
2023-08-10,,,,3.012597480503945,
2023-08-11,,,,3.0101979604079645,
2023-08-14,,,,3.0315936812637934,
2023-08-15,,,,3.0003999200160423,
2023-08-16,,,,2.987202559488148,
2023-08-17,,,,2.9682063587282994,
2023-08-18,,,,2.9648070385923266,
2023-08-21,,,,2.984203159368172,
2023-08-22,,,,2.9758048390322394,
2023-08-23,,,,3.008398320335979,
2023-08-24,,,,2.9642071585683323,
2023-08-25,,,,2.984203159368173,
2023-08-28,,,,3.0015996800640345,
2023-08-29,,,,3.044991001799688,
2023-08-30,,,,3.0555888822236033,
2023-08-31,,,,3.05098980203964,
2023-09-01,,,,3.0555888822236033,
2023-09-04,,,,3.0551889622076067,
2023-09-05,,,,3.0425914817037074,
2023-09-06,,,,3.0291941611678137,
2023-09-07,,,,3.0207958408318807,
2023-09-08,,,,3.0319936012797912,
2023-09-11,,,,3.0515896820636343,
2023-09-12,,,,3.0275944811038262,
2023-09-13,,,,3.0271945610878297,
2023-09-14,,,,3.0525894821036266,
2023-09-15,,,,3.0119976004799507,
2023-09-18,,,,3.0121975604879485,
2023-09-19,,,,3.0053989202160025,
2023-09-20,,,,2.9772045590882277,
2023-09-21,,,,2.928414317136617,
2023-09-22,,,,2.9216156768646715,
2023-09-25,,,,2.933013397320581,
2023-09-26,,,,2.8900219956009243,
2023-09-27,,,,2.8902219556089226,
2023-09-28,,,,2.9106178764247597,
2023-10-09,,,,2.934613077384568,
2023-10-10,,,,2.94941011797645,
2023-10-11,,,,2.962007598480349,
2023-10-12,,,,2.943611277744496,
2023-10-13,,,,2.927614477104624,
2023-10-16,,,,2.9594081183763703,
2023-10-17,,,,2.9588082383523755,
2023-10-18,,,,2.91941611677669,
2023-10-19,,,,2.894621075784888,
2023-10-20,,,,2.85802839432118,
2023-10-23,,,,2.852829434113222,
2023-10-24,,,,2.8734253149370574,
2023-10-25,,,,2.832033593281388,
2023-10-26,,,,2.798240351929658,
2023-10-27,,,,2.7848430313937653,
2023-10-30,,,,2.818436312737497,
2023-10-31,,,,2.836632673465352,
2023-11-01,,,,2.866426714657114,
2023-11-02,,,,2.921415716856675,
2023-11-03,,,,2.949010197960454,
2023-11-06,,,,2.9532093581284213,
2023-11-07,,,,2.9612077584483574,
2023-11-08,,,,2.9640071985603345,
2023-11-09,,,,2.940411917616523,
2023-11-10,,,,2.9872025594881495,
2023-11-13,,,,2.984403119376172,
2023-11-14,,,,3.041791641671714,
2023-11-15,,,,3.046390721855677,
2023-11-16,,,,3.0491901619676542,
2023-11-17,,,,3.0531893621276223,
2023-11-20,,,,3.07098580283948,
2023-11-21,,,,3.055788842231601,
2023-11-22,,,,3.061787642471553,
2023-11-23,,,,3.059788042391569,
2023-11-24,,,,3.0589882023595756,
2023-11-27,,,,3.053189362127622,
2023-11-28,,,,3.0547890421916093,
2023-11-29,,,,3.0479904019196633,
2023-11-30,,,,3.0597880423915687,
2023-12-01,,,,3.0815836832633945,
2023-12-04,,,,3.0607878424315604,
2023-12-05,,,,3.0639872025595354,
2023-12-06,,,,3.052589482103626,
2023-12-07,,,,3.0791841631674144,
2023-12-08,,,,3.089582083583331,
2023-12-11,,,,3.103179364127222,
2023-12-12,,,,3.1181763647271024,
2023-12-13,,,,3.1583683263347817,
2023-12-14,,,,3.1661667666467195,
2023-12-15,,,,3.1603679264147657,
2023-12-18,,,,3.1731653669266633,
2023-12-19,,,,3.1941611677664956,
2023-12-20,,,,3.146570685862876,
2023-12-21,,,,3.180963807238601,
2023-12-22,,,,3.183363327334582,
2023-12-25,,,,3.1855628874225648,
2023-12-26,,,,3.1971605678864723,
2023-12-27,,,,3.2035592881424217,
2023-12-28,,,,3.2035592881424217,
2023-12-29,,,,3.187962407518546,
2023-12-31,,,,3.187762447510548,
2024-01-02,,,,3.1667666466707156,
2024-01-03,,,,3.151369726054838,
2024-01-04,,,,3.140771845630922,
2024-01-05,,,,3.1477704459108664,
2024-01-08,,,,3.190961807638522,
2024-01-09,,,,3.186762647470555,
2024-01-10,,,,3.206958608278394,
2024-01-11,,,,3.206358728254399,
2024-01-12,,,,3.2067586482703954,
2024-01-15,,,,3.2079584083183863,
2024-01-16,,,,3.198360327934463,
2024-01-17,,,,3.1819636072785937,
2024-01-18,,,,3.210357928414367,
2024-01-19,,,,3.2497500499900527,
2024-01-22,,,,3.253949210158019,
2024-01-23,,,,3.263747250549941,
2024-01-24,,,,3.263547290541943,
2024-01-25,,,,3.280543891221807,
2024-01-26,,,,3.2797440511898133,
2024-01-29,,,,3.305538892221607,
2024-01-30,,,,3.301539692061639,
2024-01-31,,,,3.247350529894072,
2024-02-01,,,,3.288542291541743,
2024-02-02,,,,3.322135572885475,
2024-02-05,,,,3.314337132573537,
2024-02-06,,,,3.322535492901472,
2024-02-07,,,,3.3483303339332666,
2024-02-08,,,,3.3513297340532424,
2024-02-19,,,,3.356528694261202,
2024-02-20,,,,3.33793241351735,
2024-02-21,,,,3.340331933613331,
2024-02-22,,,,3.4107178564287683,
2024-02-23,,,,3.413917216556743,
2024-02-26,,,,3.4017196560688405,
2024-02-27,,,,3.4065186962608025,
2024-02-28,,,,3.4019196160768392,
2024-02-29,,,,3.418516296740707,
2024-03-01,,,,3.447510497900475,
2024-03-04,,,,3.4405118976205307,
2024-03-05,,,,3.4057188562288085,
2024-03-06,,,,3.4231153769246694,
2024-03-07,,,,3.457908418316392,
2024-03-08,,,,3.4341131773645817,
2024-03-11,,,,3.4297140571886167,
2024-03-12,,,,3.467706458708313,
2024-03-13,,,,3.4593081383723803,
2024-03-14,,,,3.4521095780844377,
2024-03-15,,,,3.429514097180619,
2024-03-18,,,,3.449910017996456,
2024-03-19,,,,3.471305738852285,
2024-03-20,,,,3.501699660068043,
2024-03-21,,,,3.5118976204759607,
2024-03-22,,,,3.50949810037998,
2024-03-25,,,,3.497900419916073,
2024-03-26,,,,3.4855028994201716,
2024-03-27,,,,3.5156968606279304,
2024-03-28,,,,3.5196960607878984,
2024-03-29,,,,3.519896020795897,
2024-04-01,,,,3.5114977004599646,
2024-04-02,,,,3.4877024595081543,
2024-04-03,,,,3.49190161967612,
2024-04-08,,,,3.484303139372181,
2024-04-09,,,,3.4907018596281305,
2024-04-10,,,,3.457508498300396,
2024-04-11,,,,3.4837032593481863,
2024-04-12,,,,3.4333133373325886,
2024-04-15,,,,3.3923215356929153,
2024-04-16,,,,3.3873225354929555,
2024-04-17,,,,3.3675264947011136,
2024-04-18,,,,3.3597280543891754,
2024-04-19,,,,3.3311337732454036,
2024-04-22,,,,3.3599280143971737,
2024-04-23,,,,3.401119776044845,
2024-04-24,,,,3.4013197360528435,
2024-04-25,,,,3.3857228554289676,
2024-04-26,,,,3.4203159368126914,
2024-04-29,,,,3.4313137372526037,
2024-04-30,,,,3.377324535093035,
2024-05-06,,,,3.4703059388122925,
2024-05-07,,,,3.475304939012253,
2024-05-08,,,,3.4755048990202506,
2024-05-09,,,,3.494101179764102,
2024-05-10,,,,3.49930013997206,
2024-05-13,,,,3.49930013997206,
2024-05-14,,,,3.517896420715912,
2024-05-15,,,,3.5598880223955764,
2024-05-16,,,,3.5512897420516447,
2024-05-17,,,,3.5568886222755998,
2024-05-20,,,,3.559888022395576,
2024-05-21,,,,3.5700859828034948,
2024-05-22,,,,3.5604879024195712,
2024-05-23,,,,3.535292941411772,
2024-05-24,,,,3.560287942411573,
2024-05-27,,,,3.5594881023795795,
2024-05-28,,,,3.5612877424515648,
2024-05-29,,,,3.535492901419771,
2024-05-30,,,,3.5144971005799386,
2024-05-31,,,,3.541491701659722,
2024-06-03,,,,3.5454909018196896,
2024-06-04,,,,3.550689862027649,
2024-06-05,,,,3.5936812637473055,
2024-06-06,,,,3.593281343731309,
2024-06-07,,,,3.589682063587337,
2024-06-11,,,,3.6106778644271693,
2024-06-12,,,,3.6412717456509247,
2024-06-13,,,,3.6496700659868577,
2024-06-14,,,,3.65066986602685,
2024-06-17,,,,3.6784643071386283,
2024-06-18,,,,3.687462507498557,
2024-06-19,,,,3.6880623875225527,
2024-06-20,,,,3.6798640271946175,
2024-06-21,,,,3.674265146970662,
2024-06-24,,,,3.663667266546747,
2024-06-25,,,,3.6790641871626244,
2024-06-26,,,,3.686062787442568,
2024-06-27,,,,3.690461907618533,
2024-06-28,,,,3.675464907018653,
2024-06-30,,,,3.675464907018653,
2024-07-01,,,,3.6852629474105743,
2024-07-02,,,,3.709458108378381,
2024-07-03,,,,3.729254149170223,
2024-07-04,,,,3.7286542691462277,
2024-07-05,,,,3.748850229954067,
2024-07-08,,,,3.752649470106037,
2024-07-09,,,,3.756848630274003,
2024-07-10,,,,3.797240551889681,
2024-07-11,,,,3.7638472305539477,
2024-07-12,,,,3.7826434713057973,
2024-07-15,,,,3.7934413117377113,
2024-07-16,,,,3.818236352729514,
2024-07-17,,,,3.764247150569945,
2024-07-18,,,,3.7330533893221944,
2024-07-19,,,,3.708258348330393,
2024-07-22,,,,3.7490501899620674,
2024-07-23,,,,3.7418516296741244,
2024-07-24,,,,3.6562687462508077,
2024-07-25,,,,3.634273145370983,
2024-07-26,,,,3.6718656268746828,
2024-07-29,,,,3.6768646270746426,
2024-07-30,,,,3.6604679064187735,
2024-07-31,,,,3.7174565086983185,
2024-08-01,,,,3.6650669866027368,
2024-08-02,,,,3.600279944011254,
2024-08-05,,,,3.4911017796441257,
2024-08-06,,,,3.5258948210358483,
2024-08-07,,,,3.5018996200760397,
2024-08-08,,,,3.586482703459364,
2024-08-09,,,,3.6026794641072346,
2024-08-12,,,,3.6032793441312303,
2024-08-13,,,,3.665066986602737,
2024-08-14,,,,3.675664867026653,
2024-08-15,,,,3.735452909418176,
2024-08-16,,,,3.7466506698660864,
2024-08-19,,,,3.780643871225815,
2024-08-20,,,,3.7684463107379123,
2024-08-21,,,,3.7836432713457913,
2024-08-22,,,,3.745450909818096,
2024-08-23,,,,3.795440911817696,
2024-08-26,,,,3.7716456708658868,
2024-08-27,,,,3.783443311337792,
2024-08-28,,,,3.75864827034599,
2024-08-29,,,,3.7628474305139563,
2024-08-30,,,,3.791641671665727,
2024-09-02,,,,3.7862427514497696,
2024-09-03,,,,3.710657868426373,
2024-09-04,,,,3.706458708258406,
2024-09-05,,,,3.6872625474905596,
2024-09-06,,,,3.620475904819092,
2024-09-09,,,,3.6654669066187324,
2024-09-10,,,,3.689862027594538,
2024-09-11,,,,3.732053589282201,
2024-09-12,,,,3.761647670465965,
2024-09-13,,,,3.772645470905877,
2024-09-18,,,,3.759448110377982,
2024-09-19,,,,3.829634073185422,
2024-09-20,,,,3.8038392321536287,
2024-09-23,,,,3.807638472305598,
2024-09-24,,,,3.8160367926415315,
2024-09-25,,,,3.792241551689721,
2024-09-26,,,,3.8160367926415315,
2024-09-27,,,,3.7974405118976797,
2024-09-30,,,,3.8120375924815635,
2024-10-08,,,,3.838432313537352,
2024-10-09,,,,3.858228354329194,
2024-10-10,,,,3.8604279144171767,
2024-10-11,,,,3.8828234353129973,
2024-10-14,,,,3.9120175964807644,
2024-10-15,,,,3.8880223955209563,
2024-10-16,,,,3.9258148370326547,
2024-10-17,,,,3.9268146370726464,
2024-10-18,,,,3.945410917816498,
2024-10-21,,,,3.922015596880685,
2024-10-22,,,,3.934013197360589,
2024-10-23,,,,3.8986202759448716,
2024-10-24,,,,3.909418116376785,
2024-10-25,,,,3.8974205158968807,
2024-10-28,,,,3.9198160367927017,
2024-10-29,,,,3.925214957008659,
2024-10-30,,,,3.918016396720716,
2024-10-31,,,,3.8372325534893608,
2024-11-01,,,,3.8472305538892813,
2024-11-04,,,,3.840031993601339,
2024-11-05,,,,3.8768246350730453,
2024-11-06,,,,3.973605278944272,
2024-11-07,,,,4.040591881623738,
2024-11-08,,,,4.043391321735715,
2024-11-11,,,,4.066386722655531,
2024-11-12,,,,4.06278744251156,
2024-11-13,,,,4.067586482703521,
2024-11-14,,,,4.04279144171172,
2024-11-15,,,,3.9910017996401335,
2024-11-18,,,,4.002399520096042,
2024-11-19,,,,4.018196360727917,
2024-11-20,,,,4.019596080783907,
2024-11-21,,,,4.041191761647735,
2024-11-22,,,,4.05558888222362,
2024-11-25,,,,4.0669866026795285,
2024-11-26,,,,4.089782043591346,
2024-11-27,,,,4.078184363127439,
2024-11-28,,,,4.073185362927479,
2024-11-29,,,,4.095380923815301,
2024-12-02,,,,4.104579084183229,
2024-12-03,,,,4.113977204559153,
2024-12-04,,,,4.135172965406984,
2024-12-05,,,,4.12457508498307,
2024-12-06,,,,4.133573285342998,
2024-12-09,,,,4.109778044391187,
2024-12-10,,,,4.098780243951275,
2024-12-11,,,,4.1293741251750316,
2024-12-12,,,,4.107778444311203,
2024-12-13,,,,4.108978204359193,
2024-12-16,,,,4.125374925015063,
2024-12-17,,,,4.109778044391187,
2024-12-18,,,,3.9876024795041634,
2024-12-19,,,,3.9856028794241793,
2024-12-20,,,,4.028794241151835,
2024-12-23,,,,4.056388722255614,
2024-12-24,,,,4.101179764047257,
2024-12-25,,,,4.1005798840232615,
2024-12-26,,,,4.10077984403126,
2024-12-27,,,,4.055388922215621,
2024-12-30,,,,4.0115976804639715,
2024-12-31,,,,3.99420115976811,
2025-01-02,,,,3.984803039392185,
2025-01-03,,,,4.035392921415781,
2025-01-06,,,,4.0581883623275985,
2025-01-07,,,,4.013197360527958,
2025-01-08,,,,4.019396120775908,
2025-01-09,,,,4.019196160767909,
2025-01-10,,,,3.9582083583283967,
2025-01-13,,,,3.963207358528356,
2025-01-14,,,,3.967006598680326,
2025-01-15,,,,4.040391921615739,
2025-01-16,,,,4.031393721255811,
2025-01-17,,,,4.071985602879487,
2025-01-20,,,,4.071585682863491,
2025-01-21,,,,4.0959808038392955,
2025-01-22,,,,4.120975804839096,
2025-01-23,,,,4.1433713257349165,
2025-01-24,,,,4.13177364527101,
2025-01-27,,,,4.070585882823498,
2025-02-05,,,,4.103979204159232,
2025-02-06,,,,4.118776244751113,
2025-02-07,,,,4.080583883223418,
2025-02-10,,,,4.108378324335196,
2025-02-11,,,,4.110177964407182,
2025-02-12,,,,4.09918016396727,
2025-02-13,,,,4.142771445710922,
2025-02-14,,,,4.143171365726919,
2025-02-17,,,,4.142571485702923,
2025-02-18,,,,4.152569486102845,
2025-02-19,,,,4.162967406518761,
2025-02-20,,,,4.145370925814902,
2025-02-21,,,,4.0733853229354775,
2025-02-24,,,,4.053789242151632,
2025-02-25,,,,4.034793041391785,
2025-02-26,,,,4.0357928414317765,
2025-02-27,,,,3.9712057588482925,
2025-02-28,,,,4.034393121375787,
2025-03-03,,,,3.963207358528356,
2025-03-04,,,,3.9150169966007407,
2025-03-05,,,,3.9568086382724066,
2025-03-06,,,,3.884823035392982,
2025-03-07,,,,3.9072185562888024,
2025-03-10,,,,3.802839432113636,
2025-03-11,,,,3.7744451109778625,
2025-03-12,,,,3.79104179164173,
2025-03-13,,,,3.739452109578142,
2025-03-14,,,,3.8204359128174947,
2025-03-17,,,,3.842231553689321,
2025-03-18,,,,3.803239352129632,
2025-03-19,,,,3.8422315536893206,
2025-03-20,,,,3.8372325534893603,
2025-03-21,,,,3.841431713657327,
2025-03-24,,,,3.909818036392781,
2025-03-25,,,,3.9162167566487294,
2025-03-26,,,,3.8704259148170954,
2025-03-27,,,,3.8580283943211944,
2025-03-28,,,,3.7812437512498076,
2025-03-31,,,,3.8040391921616257,
2025-04-01,,,,3.818236352729512,
2025-04-02,,,,3.8446310737853016,
2025-04-03,,,,3.6620675864827588,
2025-04-07,,,,3.440911817636525,
2025-04-08,,,,3.387922415516948,
2025-04-09,,,,3.712457508498357,
2025-04-10,,,,3.584683063387377,
2025-04-11,,,,3.6494701059788603,
2025-04-14,,,,3.679464107178621,
2025-04-15,,,,3.6728654269146737,
2025-04-16,,,,3.591681663667322,
2025-04-17,,,,3.5944811037792994,
2025-04-18,,,,3.5936812637473055,
2025-04-21,,,,3.508098380323989,
2025-04-22,,,,3.5994801039792597,
2025-04-23,,,,3.6610677864427674,
2025-04-24,,,,3.734253149370183,
2025-04-25,,,,3.7596480703859805,
2025-04-28,,,,3.760647870425972,
2025-04-29,,,,3.7816436712658037,
2025-04-30,,,,3.7864427114577657,
2025-05-06,,,,3.8118376324735634,
2025-05-07,,,,3.828234353129432,
2025-05-08,,,,3.8540291941612264,
2025-05-09,,,,3.853229354129233,
2025-05-12,,,,3.9778044391122376,
2025-05-13,,,,4.002999400120037,
2025-05-14,,,,4.005398920216017,
2025-05-15,,,,4.0223955208958815,
2025-05-16,,,,4.0495900819836645,
2025-05-19,,,,4.0519896020796455,
2025-05-20,,,,4.036992601479765,
2025-05-21,,,,3.9722055588882825,
2025-05-22,,,,3.968406318736313,
2025-05-23,,,,3.9428114377125176,
2025-05-26,,,,3.937812437512558,
2025-05-27,,,,4.021195760847892,
2025-05-28,,,,3.9998000399920626,
2025-05-29,,,,4.01639672065593,
2025-05-30,,,,4.012397520495963,
2025-06-03,,,,4.053789242151631,
2025-06-04,,,,4.054989002199622,
2025-06-05,,,,4.032393521295802,
2025-06-06,,,,4.073185362927477,
2025-06-09,,,,4.077384523095443,
2025-06-10,,,,4.099380123975268,
2025-06-11,,,,4.08658268346337,
2025-06-12,,,,4.101379724055252,
2025-06-13,,,,4.052589482103642,
2025-06-16,,,,4.092581483703323,
2025-06-17,,,,4.0551889622076205,
2025-06-18,,,,4.055388922215618,
2025-06-19,,,,4.0535892821436335,
2025-06-20,,,,4.042591481703721,
2025-06-23,,,,4.0823835232954035,
2025-06-24,,,,4.125774845031057,
2025-06-25,,,,4.1263747250550535,
2025-06-26,,,,4.156568686262811,
2025-06-27,,,,4.178764247150633,
2025-06-30,,,,4.197760447910483,
2025-07-01,,,,4.190161967606543,
2025-07-02,,,,4.210957808438377,
2025-07-03,,,,4.2451509698061045,
2025-07-04,,,,4.245750849830099,
2025-07-07,,,,4.210157968406383,
2025-07-08,,,,4.208958208358393,
2025-07-09,,,,4.234953009398185,
2025-07-10,,,,4.2451509698061045,
2025-07-11,,,,4.228754249150234,
2025-07-14,,,,4.234953009398185,
2025-07-15,,,,4.218956208758313,
2025-07-16,,,,4.2339532093581935,
2025-07-17,,,,4.252549490102044,
2025-07-18,,,,4.254749050190028,
2025-07-21,,,,4.2621475704859675,
2025-07-22,,,,4.261547690461973,
2025-07-23,,,,4.291141771645735,
2025-07-24,,,,4.292541491701725,
2025-07-25,,,,4.311537692461573,
2025-07-28,,,,4.314937012597546,
2025-07-29,,,,4.304739052189627,
2025-07-30,,,,4.294941011797706,
2025-07-31,,,,4.282343531293806,
2025-08-01,,,,4.213557288542356,
2025-08-04,,,,4.269746050789907,
2025-08-05,,,,4.247150569886088,
2025-08-06,,,,4.28074385122982,
2025-08-07,,,,4.273545290941877,
2025-08-08,,,,4.309738052389589,
2025-08-11,,,,4.300539892021662,
2025-08-12,,,,4.350129974005267,
2025-08-13,,,,4.359928014397188,
2025-08-14,,,,4.360727854429182,
2025-08-15,,,,4.350729854029262,
2025-08-18,,,,4.34713057388529,
2025-08-19,,,,4.324335132973473,
2025-08-20,,,,4.31473705258955,
2025-08-21,,,,4.291941611677731,
2025-08-22,,,,4.359528094381192,
2025-08-25,,,,4.33093381323742,
2025-08-26,,,,4.350329934013265,
2025-08-27,,,,4.355728854229222,
2025-08-28,,,,4.366726654669134,
2025-08-29,,,,4.336932613477372,
2025-09-01,,,,4.339332133573353,
2025-09-02,,,,4.310737852429582,
2025-09-03,,,,4.3341331733653945,
2025-09-04,,,,4.366926614677132,
2025-09-05,,,,4.354329134173233,
2025-09-08,,,,4.361927614477172,
2025-09-09,,,,4.3727254549090855,
2025-09-10,,,,4.38852229554096,
2025-09-11,,,,4.423715256948678,
2025-09-12,,,,4.4209158168367,
2025-09-15,,,,4.444511097780513,
2025-09-16,,,,4.436912617476573,
2025-09-17,,,,4.4313137372526175,
2025-09-18,,,,4.457308538292411,
2025-09-19,,,,4.481703659268216,
2025-09-22,,,,4.5002999400120665,
2025-09-23,,,,4.471905618876295,
2025-09-24,,,,4.460107978404388,
2025-09-25,,,,4.440311937612546,
2025-09-26,,,,4.468306338732322,
2025-09-29,,,,4.475904819036261,
2025-09-30,,,,4.491701659668136,
2025-10-09,,,,4.526494701059859,
2025-10-10,,,,4.400919816036861,
2025-10-13,,,,4.466906618676335,
2025-10-14,,,,4.460507898420386,
2025-10-15,,,,4.477704459108248,
2025-10-16,,,,4.447710457908489,
2025-10-17,,,,4.470105978804311,
2025-10-20,,,,4.518696260747921,
2025-10-21,,,,4.515096980603951,
2025-10-22,,,,4.491901619676136,
2025-10-23,,,,4.515696860627947,
2025-10-24,,,,4.552289542091654,
2025-10-27,,,,4.605278944211231,
2025-10-28,,,,4.614277144571158,
2025-10-29,,,,4.613477304539165,
2025-10-30,,,,4.568686262747523,
2025-10-31,,,,4.58168366326742,
2025-11-03,,,,4.589082183563361,
2025-11-04,,,,4.536292741451783,
2025-11-05,,,,4.55428914217164,
2025-11-06,,,,4.50049990002007,
2025-11-07,,,,4.5046990601880355,
2025-11-10,,,,4.575884823035467,
2025-11-11,,,,4.585882823435387,
2025-11-12,,,,4.586882623475378,
2025-11-13,,,,4.513097380523967,
2025-11-14,,,,4.508498300340005,
2025-11-17,,,,4.466506698660338,
2025-11-18,,,,4.432113577284614,
2025-11-19,,,,4.45010997800447,
2025-11-20,,,,4.3829234153170065,
2025-11-21,,,,4.424915016996671,
2025-11-24,,,,4.491701659668139,
2025-11-25,,,,4.531493701259821,
2025-11-26,,,,4.5608878224355855,
2025-11-27,,,,4.559688062387595,
2025-11-28,,,,4.584483103379397,
2025-12-01,,,,4.559688062387595,
2025-12-02,,,,4.5728854229154905,
2025-12-03,,,,4.5842831433714,
2025-12-04,,,,4.587482503499374,
2025-12-05,,,,4.597680463907293,
2025-12-08,,,,4.582483503299414,
2025-12-09,,,,4.578884223155441,
2025-12-10,,,,4.608278344331208,
2025-12-11,,,,4.613077384523169,
2025-12-12,,,,4.560487902419589,
2025-12-15,,,,4.5544891021796365,
2025-12-16,,,,4.54029194161175,
2025-12-17,,,,4.486102779444184,
2025-12-18,,,,4.522295540891894,
2025-12-19,,,,4.5594881023795955,
2025-12-22,,,,4.589482103579357,
2025-12-23,,,,4.607078584283217,
2025-12-24,,,,4.618476304739126,
2025-12-25,,,,4.613077384523169,
2025-12-26,,,,4.610077984403193,
2025-12-29,,,,4.591881623675339,
2025-12-30,,,,4.58668266346738,
2025-12-31,,,,4.54909018196368,
2026-01-05,,,,4.582083583283416,
2026-01-06,,,,4.606878624275219,
2026-01-07,,,,4.592881423715331,
2026-01-08,,,,4.59308138372333,
2026-01-09,,,,4.617676464707133,
2026-01-12,,,,4.62307538492309,
2026-01-13,,,,4.613477304539167,
2026-01-14,,,,4.589082183563361,
2026-01-15,,,,4.5968806238752995,
2026-01-16,,,,4.594681063787316,
2026-01-19,,,,4.592681463707333,
2026-01-20,,,,4.4951009798041115,
2026-01-21,,,,4.547690461907692,
2026-01-22,,,,4.573085382923489,
2026-01-23,,,,4.5688862227555225,
2026-01-26,,,,4.586482703459382,
2026-01-27,,,,4.605078984203233,
2026-01-28,,,,4.59788042391529,
2026-01-29,,,,4.592281543691336,
2026-01-30,,,,4.566286742651542,
2026-02-02,,,,4.592081583683337,
2026-02-03,,,,4.547090581883696,
2026-02-04,,,,4.5200959808039105,
2026-02-05,,,,4.4665066986603374,
2026-02-06,,,,4.555688862227626,
2026-02-09,,,,4.57288542291549,
2026-02-10,,,,4.553889222155641,
2026-02-11,,,,4.552289542091654,
2026-02-12,,,,4.481103779244222,
2026-02-13,,,,4.4799040191962325,
2026-02-24,,,,4.5168966206759364,
2026-02-25,,,,4.548690261947682,
2026-02-26,,,,4.5176964607079295,
2026-02-27,,,,4.497300539892093,
2026-03-02,,,,4.497900419916088,
2026-03-03,,,,4.446510697860498,
2026-03-04,,,,4.483303339332205,
2026-03-05,,,,4.450909818036464,
2026-03-06,,,,4.392121575684932,
2026-03-09,,,,4.437712457508567,
2026-03-10,,,,4.417716456708727,
2026-03-11,,,,4.40991801639679,
2026-03-12,,,,4.3453309338133055,
2026-03-13,,,,4.322135572885492,
2026-03-16,,,,4.369526094781113,
2026-03-17,,,,4.3749250149970695,
2026-03-18,,,,4.311337732453578,
2026-03-19,,,,4.304139172165635,
2026-03-20,,,,4.234353129374193,
2026-03-23,,,,4.292941411717725,
2026-03-24,,,,4.269546090781913,
2026-03-25,,,,4.290341931613747,
2026-03-26,,,,4.225554889022264,
2026-03-27,,,,4.159568086382791,
2026-03-30,,,,4.1493701259748725,
2026-03-31,,,,4.268146370725924,
2026-04-01,,,,4.2873425314937705,
2026-04-02,,,,4.2825434913018094,
2026-04-03,,,,4.285542891421786,
2026-04-07,,,,4.303139372125645,
2026-04-08,,,,4.399320135972877,
2026-04-09,,,,4.424715056988674,
2026-04-10,,,,4.420115976804712,
2026-04-13,,,,4.465506898620349,
2026-04-14,,,,4.514097180563961,
2026-04-15,,,,4.5502899420116725,
2026-04-16,,,,4.5646870625875575,
2026-04-17,,,,4.62067586482711,
2026-04-20,,,,4.611477704459184,
2026-04-21,,,,4.579684063187437,
2026-04-22,,,,4.631673665267022,
2026-04-23,,,,4.613877224555164,
2026-04-24,,,,4.65326934613085,
2026-04-27,,,,4.652669466106854,
2026-04-28,,,,4.630073985203034,
2026-04-29,,,,4.629674065187038,
2026-04-30,,,,4.678464307138647,
2026-05-06,,,,4.775444911017873,
2026-05-07,,,,4.752249550090058,
2026-05-08,,,,4.794041191761725,
2026-05-11,,,,4.800639872025672,
2026-05-12,,,,4.78984203159376,
2026-05-13,,,,4.818636272745531,
2026-05-14,,,,4.853829234153249,
2026-05-15,,,,4.7956408718257135,
2026-05-18,,,,4.792641471705737,
2026-05-19,,,,4.756648670266025,
2026-05-20,,,,4.8098380323936,
2026-05-21,,,,4.8150369926015575,
2026-05-22,,,,4.834433113377402,
2026-05-25,,,,4.830433913217435,
2026-05-26,,,,4.857828434313216,
2026-05-27,,,,4.859228154369206,
2026-05-28,,,,4.883223355329015,
2026-05-29,,,,4.8894221155769655,
2026-06-01,,,,4.902419516096862,
2026-06-02,,,,4.910417916416798,
2026-06-03,,,,4.874025194961088,
2026-06-04,,,,4.8950209958009205,
2026-06-05,,,,4.7620475904819815,
2026-06-08,,,,4.779044191161847,
2026-06-09,,,,4.7626474705059785,
2026-06-10,,,,4.6846630673866,
2026-06-11,,,,4.767046590681941,
2026-06-12,,,,4.788642271545769,
2026-06-15,,,,4.867626474705138,
2026-06-16,,,,4.840831833633352,
2026-06-17,,,,4.779844031193839,
2026-06-18,,,,4.835432913417396,
2026-06-22,,,,4.819036192761526,
2026-06-23,,,,4.750449910018074,
2026-06-24,,,,4.7476504699060955,
2026-06-25,,,,4.747850429914095,
2026-06-26,,,,4.741851629674143,
2026-06-29,,,,4.798840231953688,
2026-06-30,,,,4.831833633273424,
2026-07-01,,,,4.818236352729533,
2026-07-02,,,,4.818236352729533,
2026-07-03,,,,4.815236952609557,
2026-07-06,,,,4.851829634073265,
2026-07-07,,,,4.829034193161448,
2026-07-08,,,,4.817636472705539,
2026-07-09,,,,4.854429114177246,
2026-07-10,,,,4.871825634873107,
2026-07-13,,,,4.83143371325743,
2026-07-14,,,,4.851429714057271,
2026-07-15,,,,4.864227154569169,
2026-07-16,,,,4.839432113577367,
2026-07-17,,,,4.792041591681745,
2026-07-20,,,,4.783443311337813,
2026-07-21,,,,4.82383523295349,
2026-07-22,,,,4.818036392721536,
2026-07-23,,,,4.755248950210038,
2026-07-24,,,,4.759448110378004,
2026-07-27,,,,4.75744851029802,
2026-07-28,,,,4.76864627074593,
2026-07-29,,,,4.694461107778523,
2026-07-30,,,,4.772445510897901,
2026-07-31,,,,,
